# Prism Circuit / GPL-3.0-or-later
mtllib prism-start-arch.mtl
s 1
o sphere_part_0
usemtl part_0
v -1.5 6.01 0
v -1.5 6.01 0
v -1.5 6.01 0
v -1.5 6.01 0
v -1.5 6.01 0
v -1.5 6.01 0
v -1.5 6.01 0
v -1.5 6.01 0
v -1.5 6.01 0
v -1.5 6.01 0
v -1.5 6.01 0
v -1.5 6.01 0
v -1.5 6.01 0
v -1.5 6.01 0
v -1.5 6.01 0
v -1.5 6.01 0
v -1.5 6.01 0
v -1.5 6.01 0
v -1.5 6.01 0
v -1.5 6.01 0
v -1.5 6.01 0
v -1.5 6.01 0
v -1.5 6.01 0
v -1.5 6.01 0
v -1.5 6.01 0
v -1.5 6.01 0
v -1.5 6.01 0
v -1.5 6.01 0
v -1.5 6.01 0
v -1.47497 6.00803 0
v -1.475598 6.00803 0.005569591
v -1.477449 6.00803 0.0108599
v -1.480431 6.00803 0.01560565
v -1.484394 6.00803 0.01956886
v -1.48914 6.00803 0.02255082
v -1.49443 6.00803 0.02440197
v -1.5 6.00803 0.02502952
v -1.50557 6.00803 0.02440197
v -1.51086 6.00803 0.02255081
v -1.515606 6.00803 0.01956886
v -1.519569 6.00803 0.01560565
v -1.522551 6.00803 0.0108599
v -1.524402 6.00803 0.005569591
v -1.52503 6.00803 -2.18815e-09
v -1.524402 6.00803 -0.00556959
v -1.522551 6.00803 -0.01085991
v -1.519569 6.00803 -0.01560565
v -1.515606 6.00803 -0.01956887
v -1.51086 6.00803 -0.02255081
v -1.50557 6.00803 -0.02440198
v -1.5 6.00803 -0.02502952
v -1.49443 6.00803 -0.02440197
v -1.48914 6.00803 -0.02255081
v -1.484394 6.00803 -0.01956886
v -1.480431 6.00803 -0.01560565
v -1.477449 6.00803 -0.0108599
v -1.475598 6.00803 -0.005569589
v -1.47497 6.00803 4.376299e-09
v -1.450557 6.002169 0
v -1.451797 6.002169 0.01100204
v -1.455454 6.002169 0.02145239
v -1.461344 6.002169 0.03082703
v -1.469173 6.002169 0.03865588
v -1.478548 6.002169 0.04454635
v -1.488998 6.002169 0.04820308
v -1.5 6.002169 0.04944272
v -1.511002 6.002169 0.04820308
v -1.521452 6.002169 0.04454635
v -1.530827 6.002169 0.03865587
v -1.538656 6.002169 0.03082703
v -1.544546 6.002169 0.02145239
v -1.548203 6.002169 0.01100204
v -1.549443 6.002169 -4.32242e-09
v -1.548203 6.002169 -0.01100204
v -1.544546 6.002169 -0.0214524
v -1.538656 6.002169 -0.03082704
v -1.530827 6.002169 -0.03865588
v -1.521452 6.002169 -0.04454635
v -1.511002 6.002169 -0.04820309
v -1.5 6.002169 -0.04944272
v -1.488998 6.002169 -0.04820308
v -1.478548 6.002169 -0.04454635
v -1.469173 6.002169 -0.03865587
v -1.461344 6.002169 -0.03082703
v -1.455454 6.002169 -0.02145239
v -1.451797 6.002169 -0.01100204
v -1.450557 6.002169 8.64484e-09
v -1.427361 5.992561 0
v -1.429183 5.992561 0.01616359
v -1.434555 5.992561 0.03151666
v -1.443209 5.992561 0.04528936
v -1.454711 5.992561 0.05679106
v -1.468483 5.992561 0.06544501
v -1.483836 5.992561 0.07081728
v -1.5 5.992561 0.07263849
v -1.516164 5.992561 0.07081728
v -1.531517 5.992561 0.06544501
v -1.545289 5.992561 0.05679105
v -1.556791 5.992561 0.04528935
v -1.565445 5.992561 0.03151665
v -1.570817 5.992561 0.01616358
v -1.572639 5.992561 -6.350259e-09
v -1.570817 5.992561 -0.01616358
v -1.565445 5.992561 -0.03151668
v -1.556791 5.992561 -0.04528936
v -1.545289 5.992561 -0.05679107
v -1.531517 5.992561 -0.06544501
v -1.516164 5.992561 -0.0708173
v -1.5 5.992561 -0.07263849
v -1.483836 5.992561 -0.07081728
v -1.468483 5.992561 -0.06544501
v -1.454711 5.992561 -0.05679104
v -1.443209 5.992561 -0.04528936
v -1.434555 5.992561 -0.03151666
v -1.429183 5.992561 -0.01616358
v -1.427361 5.992561 1.270052e-08
v -1.405954 5.979443 0
v -1.408312 5.979443 0.02092712
v -1.415268 5.979443 0.04080488
v -1.426472 5.979443 0.0586365
v -1.441364 5.979443 0.07352784
v -1.459195 5.979443 0.0847322
v -1.479073 5.979443 0.09168772
v -1.5 5.979443 0.09404564
v -1.520927 5.979443 0.09168772
v -1.540805 5.979443 0.08473219
v -1.558637 5.979443 0.07352783
v -1.573528 5.979443 0.05863649
v -1.584732 5.979443 0.04080486
v -1.591688 5.979443 0.02092712
v -1.594046 5.979443 -8.221731e-09
v -1.591688 5.979443 -0.02092712
v -1.584732 5.979443 -0.0408049
v -1.573528 5.979443 -0.05863651
v -1.558636 5.979443 -0.07352786
v -1.540805 5.979443 -0.08473219
v -1.520927 5.979443 -0.09168772
v -1.5 5.979443 -0.09404564
v -1.479073 5.979443 -0.09168772
v -1.459195 5.979443 -0.08473219
v -1.441363 5.979443 -0.07352783
v -1.426472 5.979443 -0.0586365
v -1.415268 5.979443 -0.04080488
v -1.408312 5.979443 -0.02092712
v -1.405954 5.979443 1.644346e-08
v -1.386863 5.963137 0
v -1.389699 5.963137 0.02517537
v -1.398067 5.963137 0.04908834
v -1.411546 5.963137 0.07053982
v -1.42946 5.963137 0.08845413
v -1.450912 5.963137 0.101933
v -1.474825 5.963137 0.1103005
v -1.5 5.963137 0.1131371
v -1.525175 5.963137 0.1103005
v -1.549088 5.963137 0.101933
v -1.57054 5.963137 0.08845412
v -1.588454 5.963137 0.07053981
v -1.601933 5.963137 0.04908833
v -1.610301 5.963137 0.02517537
v -1.613137 5.963137 -9.890758e-09
v -1.610301 5.963137 -0.02517536
v -1.601933 5.963137 -0.04908837
v -1.588454 5.963137 -0.07053983
v -1.57054 5.963137 -0.08845415
v -1.549088 5.963137 -0.101933
v -1.525175 5.963137 -0.1103005
v -1.5 5.963137 -0.1131371
v -1.474825 5.963137 -0.1103005
v -1.450912 5.963137 -0.101933
v -1.42946 5.963137 -0.08845411
v -1.411546 5.963137 -0.07053982
v -1.398067 5.963137 -0.04908834
v -1.389699 5.963137 -0.02517536
v -1.386863 5.963137 1.978152e-08
v -1.370557 5.944046 0
v -1.373803 5.944046 0.02880372
v -1.383376 5.944046 0.05616309
v -1.398798 5.944046 0.08070622
v -1.419294 5.944046 0.1012024
v -1.443837 5.944046 0.1166239
v -1.471196 5.944046 0.1261973
v -1.5 5.944046 0.1294427
v -1.528804 5.944046 0.1261973
v -1.556163 5.944046 0.1166239
v -1.580706 5.944046 0.1012024
v -1.601202 5.944046 0.08070622
v -1.616624 5.944046 0.05616308
v -1.626197 5.944046 0.02880372
v -1.629443 5.944046 -1.131624e-08
v -1.626197 5.944046 -0.02880371
v -1.616624 5.944046 -0.05616313
v -1.601202 5.944046 -0.08070623
v -1.580706 5.944046 -0.1012024
v -1.556163 5.944046 -0.1166239
v -1.528804 5.944046 -0.1261973
v -1.5 5.944046 -0.1294427
v -1.471196 5.944046 -0.1261973
v -1.443837 5.944046 -0.1166239
v -1.419294 5.944046 -0.1012024
v -1.398798 5.944046 -0.08070622
v -1.383376 5.944046 -0.05616309
v -1.373803 5.944046 -0.02880371
v -1.370557 5.944046 2.263248e-08
v -1.357439 5.922638 0
v -1.361013 5.922638 0.03172282
v -1.371557 5.922638 0.06185492
v -1.388541 5.922638 0.08888536
v -1.411115 5.922638 0.1114587
v -1.438145 5.922638 0.1284431
v -1.468277 5.922638 0.1389867
v -1.5 5.922638 0.142561
v -1.531723 5.922638 0.1389867
v -1.561855 5.922638 0.1284431
v -1.588885 5.922638 0.1114587
v -1.611459 5.922638 0.08888534
v -1.628443 5.922638 0.0618549
v -1.638987 5.922638 0.03172282
v -1.642561 5.922638 -1.246308e-08
v -1.638987 5.922638 -0.03172281
v -1.628443 5.922638 -0.06185495
v -1.611459 5.922638 -0.08888537
v -1.588885 5.922638 -0.1114587
v -1.561855 5.922638 -0.128443
v -1.531723 5.922638 -0.1389868
v -1.5 5.922638 -0.142561
v -1.468277 5.922638 -0.1389867
v -1.438145 5.922638 -0.128443
v -1.411115 5.922638 -0.1114587
v -1.388541 5.922638 -0.08888536
v -1.371557 5.922638 -0.06185492
v -1.361013 5.922638 -0.03172281
v -1.357439 5.922638 2.492616e-08
v -1.347831 5.899443 0
v -1.351646 5.899443 0.0338608
v -1.3629 5.899443 0.06602368
v -1.381029 5.899443 0.09487586
v -1.405124 5.899443 0.1189706
v -1.433976 5.899443 0.1370996
v -1.466139 5.899443 0.1483538
v -1.5 5.899443 0.152169
v -1.533861 5.899443 0.1483538
v -1.566024 5.899443 0.1370996
v -1.594876 5.899443 0.1189705
v -1.618971 5.899443 0.09487584
v -1.6371 5.899443 0.06602366
v -1.648354 5.899443 0.0338608
v -1.652169 5.899443 -1.330304e-08
v -1.648354 5.899443 -0.03386079
v -1.6371 5.899443 -0.06602371
v -1.618971 5.899443 -0.09487586
v -1.594876 5.899443 -0.1189706
v -1.566024 5.899443 -0.1370996
v -1.533861 5.899443 -0.1483539
v -1.5 5.899443 -0.152169
v -1.466139 5.899443 -0.1483538
v -1.433976 5.899443 -0.1370996
v -1.405124 5.899443 -0.1189705
v -1.381029 5.899443 -0.09487586
v -1.3629 5.899443 -0.06602368
v -1.351646 5.899443 -0.03386078
v -1.347831 5.899443 2.660608e-08
v -1.34197 5.87503 0
v -1.345932 5.87503 0.03516502
v -1.35762 5.87503 0.06856671
v -1.376447 5.87503 0.09853019
v -1.40147 5.87503 0.1235529
v -1.431433 5.87503 0.1423802
v -1.464835 5.87503 0.154068
v -1.5 5.87503 0.1580301
v -1.535165 5.87503 0.154068
v -1.568567 5.87503 0.1423802
v -1.59853 5.87503 0.1235529
v -1.623553 5.87503 0.09853017
v -1.64238 5.87503 0.06856668
v -1.654068 5.87503 0.03516501
v -1.65803 5.87503 -1.381543e-08
v -1.654068 5.87503 -0.035165
v -1.64238 5.87503 -0.06856675
v -1.623553 5.87503 -0.0985302
v -1.59853 5.87503 -0.123553
v -1.568567 5.87503 -0.1423802
v -1.535165 5.87503 -0.154068
v -1.5 5.87503 -0.1580301
v -1.464835 5.87503 -0.154068
v -1.431433 5.87503 -0.1423802
v -1.40147 5.87503 -0.1235529
v -1.376447 5.87503 -0.09853019
v -1.35762 5.87503 -0.06856671
v -1.345932 5.87503 -0.035165
v -1.34197 5.87503 2.763087e-08
v -1.34 5.85 0
v -1.344012 5.85 0.03560335
v -1.355845 5.85 0.0694214
v -1.374907 5.85 0.09975837
v -1.400242 5.85 0.125093
v -1.430579 5.85 0.144155
v -1.464397 5.85 0.1559885
v -1.5 5.85 0.16
v -1.535603 5.85 0.1559885
v -1.569421 5.85 0.144155
v -1.599758 5.85 0.125093
v -1.625093 5.85 0.09975836
v -1.644155 5.85 0.06942137
v -1.655988 5.85 0.03560335
v -1.66 5.85 -1.398764e-08
v -1.655988 5.85 -0.03560334
v -1.644155 5.85 -0.06942144
v -1.625093 5.85 -0.09975839
v -1.599758 5.85 -0.1250931
v -1.569421 5.85 -0.144155
v -1.535603 5.85 -0.1559885
v -1.5 5.85 -0.16
v -1.464397 5.85 -0.1559885
v -1.430579 5.85 -0.144155
v -1.400242 5.85 -0.125093
v -1.374907 5.85 -0.09975837
v -1.355845 5.85 -0.0694214
v -1.344012 5.85 -0.03560334
v -1.34 5.85 2.797529e-08
v -1.34197 5.82497 0
v -1.345932 5.82497 0.03516501
v -1.35762 5.82497 0.0685667
v -1.376447 5.82497 0.09853017
v -1.40147 5.82497 0.1235529
v -1.431433 5.82497 0.1423802
v -1.464835 5.82497 0.154068
v -1.5 5.82497 0.1580301
v -1.535165 5.82497 0.154068
v -1.568567 5.82497 0.1423802
v -1.59853 5.82497 0.1235529
v -1.623553 5.82497 0.09853016
v -1.64238 5.82497 0.06856668
v -1.654068 5.82497 0.03516501
v -1.65803 5.82497 -1.381543e-08
v -1.654068 5.82497 -0.035165
v -1.64238 5.82497 -0.06856674
v -1.623553 5.82497 -0.09853019
v -1.59853 5.82497 -0.1235529
v -1.568567 5.82497 -0.1423802
v -1.535165 5.82497 -0.154068
v -1.5 5.82497 -0.1580301
v -1.464835 5.82497 -0.154068
v -1.431433 5.82497 -0.1423802
v -1.40147 5.82497 -0.1235529
v -1.376447 5.82497 -0.09853017
v -1.35762 5.82497 -0.0685667
v -1.345932 5.82497 -0.035165
v -1.34197 5.82497 2.763086e-08
v -1.347831 5.800557 0
v -1.351646 5.800557 0.0338608
v -1.3629 5.800557 0.06602367
v -1.381029 5.800557 0.09487585
v -1.405124 5.800557 0.1189705
v -1.433976 5.800557 0.1370996
v -1.466139 5.800557 0.1483538
v -1.5 5.800557 0.152169
v -1.533861 5.800557 0.1483538
v -1.566024 5.800557 0.1370996
v -1.594876 5.800557 0.1189705
v -1.618971 5.800557 0.09487583
v -1.6371 5.800557 0.06602365
v -1.648354 5.800557 0.0338608
v -1.652169 5.800557 -1.330304e-08
v -1.648354 5.800557 -0.03386078
v -1.6371 5.800557 -0.06602371
v -1.618971 5.800557 -0.09487586
v -1.594876 5.800557 -0.1189706
v -1.566024 5.800557 -0.1370995
v -1.533861 5.800557 -0.1483539
v -1.5 5.800557 -0.152169
v -1.466139 5.800557 -0.1483538
v -1.433976 5.800557 -0.1370995
v -1.405124 5.800557 -0.1189705
v -1.381029 5.800557 -0.09487585
v -1.3629 5.800557 -0.06602367
v -1.351646 5.800557 -0.03386078
v -1.347831 5.800557 2.660608e-08
v -1.357439 5.777361 0
v -1.361013 5.777361 0.03172282
v -1.371557 5.777361 0.06185493
v -1.388541 5.777361 0.08888537
v -1.411115 5.777361 0.1114587
v -1.438145 5.777361 0.1284431
v -1.468277 5.777361 0.1389868
v -1.5 5.777361 0.142561
v -1.531723 5.777361 0.1389868
v -1.561855 5.777361 0.1284431
v -1.588885 5.777361 0.1114587
v -1.611459 5.777361 0.08888535
v -1.628443 5.777361 0.06185491
v -1.638987 5.777361 0.03172282
v -1.642561 5.777361 -1.246308e-08
v -1.638987 5.777361 -0.03172281
v -1.628443 5.777361 -0.06185496
v -1.611459 5.777361 -0.08888538
v -1.588885 5.777361 -0.1114587
v -1.561855 5.777361 -0.1284431
v -1.531723 5.777361 -0.1389868
v -1.5 5.777361 -0.142561
v -1.468277 5.777361 -0.1389868
v -1.438145 5.777361 -0.1284431
v -1.411115 5.777361 -0.1114587
v -1.388541 5.777361 -0.08888537
v -1.371557 5.777361 -0.06185493
v -1.361013 5.777361 -0.03172281
v -1.357439 5.777361 2.492617e-08
v -1.370557 5.755954 0
v -1.373803 5.755954 0.02880372
v -1.383376 5.755954 0.05616309
v -1.398798 5.755954 0.08070622
v -1.419294 5.755954 0.1012024
v -1.443837 5.755954 0.1166239
v -1.471196 5.755954 0.1261973
v -1.5 5.755954 0.1294427
v -1.528804 5.755954 0.1261973
v -1.556163 5.755954 0.1166239
v -1.580706 5.755954 0.1012024
v -1.601202 5.755954 0.0807062
v -1.616624 5.755954 0.05616307
v -1.626197 5.755954 0.02880372
v -1.629443 5.755954 -1.131624e-08
v -1.626197 5.755954 -0.02880371
v -1.616624 5.755954 -0.05616312
v -1.601202 5.755954 -0.08070623
v -1.580706 5.755954 -0.1012024
v -1.556163 5.755954 -0.1166238
v -1.528804 5.755954 -0.1261973
v -1.5 5.755954 -0.1294427
v -1.471196 5.755954 -0.1261973
v -1.443837 5.755954 -0.1166238
v -1.419294 5.755954 -0.1012024
v -1.398798 5.755954 -0.08070622
v -1.383376 5.755954 -0.05616309
v -1.373803 5.755954 -0.02880371
v -1.370557 5.755954 2.263248e-08
v -1.386863 5.736863 0
v -1.389699 5.736863 0.02517537
v -1.398067 5.736863 0.04908834
v -1.411546 5.736863 0.07053982
v -1.42946 5.736863 0.08845413
v -1.450912 5.736863 0.101933
v -1.474825 5.736863 0.1103005
v -1.5 5.736863 0.1131371
v -1.525175 5.736863 0.1103005
v -1.549088 5.736863 0.101933
v -1.57054 5.736863 0.08845412
v -1.588454 5.736863 0.07053981
v -1.601933 5.736863 0.04908833
v -1.610301 5.736863 0.02517537
v -1.613137 5.736863 -9.890758e-09
v -1.610301 5.736863 -0.02517536
v -1.601933 5.736863 -0.04908837
v -1.588454 5.736863 -0.07053983
v -1.57054 5.736863 -0.08845415
v -1.549088 5.736863 -0.101933
v -1.525175 5.736863 -0.1103005
v -1.5 5.736863 -0.1131371
v -1.474825 5.736863 -0.1103005
v -1.450912 5.736863 -0.101933
v -1.42946 5.736863 -0.08845411
v -1.411546 5.736863 -0.07053982
v -1.398067 5.736863 -0.04908834
v -1.389699 5.736863 -0.02517536
v -1.386863 5.736863 1.978152e-08
v -1.405954 5.720557 0
v -1.408312 5.720557 0.02092712
v -1.415268 5.720557 0.04080487
v -1.426472 5.720557 0.05863649
v -1.441364 5.720557 0.07352784
v -1.459195 5.720557 0.08473219
v -1.479073 5.720557 0.09168771
v -1.5 5.720557 0.09404562
v -1.520927 5.720557 0.09168771
v -1.540805 5.720557 0.08473217
v -1.558637 5.720557 0.07352782
v -1.573528 5.720557 0.05863648
v -1.584732 5.720557 0.04080486
v -1.591688 5.720557 0.02092712
v -1.594046 5.720557 -8.22173e-09
v -1.591688 5.720557 -0.02092711
v -1.584732 5.720557 -0.04080489
v -1.573528 5.720557 -0.0586365
v -1.558636 5.720557 -0.07352784
v -1.540805 5.720557 -0.08473217
v -1.520927 5.720557 -0.09168772
v -1.5 5.720557 -0.09404562
v -1.479073 5.720557 -0.09168771
v -1.459195 5.720557 -0.08473217
v -1.441363 5.720557 -0.07352781
v -1.426472 5.720557 -0.05863649
v -1.415268 5.720557 -0.04080487
v -1.408312 5.720557 -0.02092711
v -1.405954 5.720557 1.644346e-08
v -1.427361 5.707439 0
v -1.429183 5.707439 0.01616358
v -1.434555 5.707439 0.03151665
v -1.443209 5.707439 0.04528935
v -1.454711 5.707439 0.05679103
v -1.468483 5.707439 0.06544499
v -1.483836 5.707439 0.07081726
v -1.5 5.707439 0.07263846
v -1.516164 5.707439 0.07081726
v -1.531517 5.707439 0.06544499
v -1.545289 5.707439 0.05679103
v -1.556791 5.707439 0.04528933
v -1.565445 5.707439 0.03151664
v -1.570817 5.707439 0.01616358
v -1.572639 5.707439 -6.350255e-09
v -1.570817 5.707439 -0.01616357
v -1.565445 5.707439 -0.03151666
v -1.556791 5.707439 -0.04528935
v -1.545289 5.707439 -0.05679104
v -1.531517 5.707439 -0.06544498
v -1.516164 5.707439 -0.07081727
v -1.5 5.707439 -0.07263846
v -1.483836 5.707439 -0.07081726
v -1.468483 5.707439 -0.06544498
v -1.454711 5.707439 -0.05679102
v -1.443209 5.707439 -0.04528935
v -1.434555 5.707439 -0.03151665
v -1.429183 5.707439 -0.01616357
v -1.427361 5.707439 1.270051e-08
v -1.450557 5.697831 0
v -1.451797 5.697831 0.01100204
v -1.455454 5.697831 0.0214524
v -1.461344 5.697831 0.03082704
v -1.469173 5.697831 0.03865588
v -1.478548 5.697831 0.04454635
v -1.488998 5.697831 0.04820309
v -1.5 5.697831 0.04944272
v -1.511002 5.697831 0.04820309
v -1.521452 5.697831 0.04454635
v -1.530827 5.697831 0.03865587
v -1.538656 5.697831 0.03082703
v -1.544546 5.697831 0.02145239
v -1.548203 5.697831 0.01100204
v -1.549443 5.697831 -4.32242e-09
v -1.548203 5.697831 -0.01100204
v -1.544546 5.697831 -0.02145241
v -1.538656 5.697831 -0.03082704
v -1.530827 5.697831 -0.03865588
v -1.521452 5.697831 -0.04454635
v -1.511002 5.697831 -0.0482031
v -1.5 5.697831 -0.04944272
v -1.488998 5.697831 -0.04820309
v -1.478548 5.697831 -0.04454635
v -1.469173 5.697831 -0.03865587
v -1.461344 5.697831 -0.03082704
v -1.455454 5.697831 -0.0214524
v -1.451797 5.697831 -0.01100204
v -1.450557 5.697831 8.64484e-09
v -1.47497 5.69197 0
v -1.475598 5.69197 0.00556959
v -1.477449 5.69197 0.0108599
v -1.480431 5.69197 0.01560565
v -1.484394 5.69197 0.01956886
v -1.48914 5.69197 0.02255081
v -1.49443 5.69197 0.02440197
v -1.5 5.69197 0.02502951
v -1.50557 5.69197 0.02440197
v -1.51086 5.69197 0.02255081
v -1.515606 5.69197 0.01956886
v -1.519569 5.69197 0.01560564
v -1.522551 5.69197 0.01085989
v -1.524402 5.69197 0.00556959
v -1.52503 5.69197 -2.188149e-09
v -1.524402 5.69197 -0.005569588
v -1.522551 5.69197 -0.0108599
v -1.519569 5.69197 -0.01560565
v -1.515606 5.69197 -0.01956886
v -1.51086 5.69197 -0.02255081
v -1.50557 5.69197 -0.02440197
v -1.5 5.69197 -0.02502951
v -1.49443 5.69197 -0.02440197
v -1.48914 5.69197 -0.02255081
v -1.484394 5.69197 -0.01956885
v -1.480431 5.69197 -0.01560565
v -1.477449 5.69197 -0.0108599
v -1.475598 5.69197 -0.005569588
v -1.47497 5.69197 4.376298e-09
v -1.5 5.69 0
v -1.5 5.69 -3.112544e-09
v -1.5 5.69 -6.069012e-09
v -1.5 5.69 -8.721154e-09
v -1.5 5.69 -1.093598e-08
v -1.5 5.69 -1.260243e-08
v -1.5 5.69 -1.363694e-08
v -1.5 5.69 -1.398764e-08
v -1.5 5.69 -1.363694e-08
v -1.5 5.69 -1.260243e-08
v -1.5 5.69 -1.093598e-08
v -1.5 5.69 -8.721153e-09
v -1.5 5.69 -6.06901e-09
v -1.5 5.69 -3.112544e-09
v -1.5 5.69 1.222839e-15
v -1.5 5.69 3.112543e-09
v -1.5 5.69 6.069015e-09
v -1.5 5.69 8.721154e-09
v -1.5 5.69 1.093598e-08
v -1.5 5.69 1.260243e-08
v -1.5 5.69 1.363695e-08
v -1.5 5.69 1.398764e-08
v -1.5 5.69 1.363694e-08
v -1.5 5.69 1.260243e-08
v -1.5 5.69 1.093598e-08
v -1.5 5.69 8.721154e-09
v -1.5 5.69 6.069012e-09
v -1.5 5.69 3.112543e-09
v -1.5 5.69 -2.445677e-15
vt 0 0
vt 0.03571429 0
vt 0.07142857 0
vt 0.1071429 0
vt 0.1428571 0
vt 0.1785714 0
vt 0.2142857 0
vt 0.25 0
vt 0.2857143 0
vt 0.3214286 0
vt 0.3571429 0
vt 0.3928571 0
vt 0.4285714 0
vt 0.4642857 0
vt 0.5 0
vt 0.5357143 0
vt 0.5714286 0
vt 0.6071429 0
vt 0.6428571 0
vt 0.6785714 0
vt 0.7142857 0
vt 0.75 0
vt 0.7857143 0
vt 0.8214286 0
vt 0.8571429 0
vt 0.8928571 0
vt 0.9285714 0
vt 0.9642857 0
vt 1 0
vt 0 0.05
vt 0.03571429 0.05
vt 0.07142857 0.05
vt 0.1071429 0.05
vt 0.1428571 0.05
vt 0.1785714 0.05
vt 0.2142857 0.05
vt 0.25 0.05
vt 0.2857143 0.05
vt 0.3214286 0.05
vt 0.3571429 0.05
vt 0.3928571 0.05
vt 0.4285714 0.05
vt 0.4642857 0.05
vt 0.5 0.05
vt 0.5357143 0.05
vt 0.5714286 0.05
vt 0.6071429 0.05
vt 0.6428571 0.05
vt 0.6785714 0.05
vt 0.7142857 0.05
vt 0.75 0.05
vt 0.7857143 0.05
vt 0.8214286 0.05
vt 0.8571429 0.05
vt 0.8928571 0.05
vt 0.9285714 0.05
vt 0.9642857 0.05
vt 1 0.05
vt 0 0.1
vt 0.03571429 0.1
vt 0.07142857 0.1
vt 0.1071429 0.1
vt 0.1428571 0.1
vt 0.1785714 0.1
vt 0.2142857 0.1
vt 0.25 0.1
vt 0.2857143 0.1
vt 0.3214286 0.1
vt 0.3571429 0.1
vt 0.3928571 0.1
vt 0.4285714 0.1
vt 0.4642857 0.1
vt 0.5 0.1
vt 0.5357143 0.1
vt 0.5714286 0.1
vt 0.6071429 0.1
vt 0.6428571 0.1
vt 0.6785714 0.1
vt 0.7142857 0.1
vt 0.75 0.1
vt 0.7857143 0.1
vt 0.8214286 0.1
vt 0.8571429 0.1
vt 0.8928571 0.1
vt 0.9285714 0.1
vt 0.9642857 0.1
vt 1 0.1
vt 0 0.15
vt 0.03571429 0.15
vt 0.07142857 0.15
vt 0.1071429 0.15
vt 0.1428571 0.15
vt 0.1785714 0.15
vt 0.2142857 0.15
vt 0.25 0.15
vt 0.2857143 0.15
vt 0.3214286 0.15
vt 0.3571429 0.15
vt 0.3928571 0.15
vt 0.4285714 0.15
vt 0.4642857 0.15
vt 0.5 0.15
vt 0.5357143 0.15
vt 0.5714286 0.15
vt 0.6071429 0.15
vt 0.6428571 0.15
vt 0.6785714 0.15
vt 0.7142857 0.15
vt 0.75 0.15
vt 0.7857143 0.15
vt 0.8214286 0.15
vt 0.8571429 0.15
vt 0.8928571 0.15
vt 0.9285714 0.15
vt 0.9642857 0.15
vt 1 0.15
vt 0 0.2
vt 0.03571429 0.2
vt 0.07142857 0.2
vt 0.1071429 0.2
vt 0.1428571 0.2
vt 0.1785714 0.2
vt 0.2142857 0.2
vt 0.25 0.2
vt 0.2857143 0.2
vt 0.3214286 0.2
vt 0.3571429 0.2
vt 0.3928571 0.2
vt 0.4285714 0.2
vt 0.4642857 0.2
vt 0.5 0.2
vt 0.5357143 0.2
vt 0.5714286 0.2
vt 0.6071429 0.2
vt 0.6428571 0.2
vt 0.6785714 0.2
vt 0.7142857 0.2
vt 0.75 0.2
vt 0.7857143 0.2
vt 0.8214286 0.2
vt 0.8571429 0.2
vt 0.8928571 0.2
vt 0.9285714 0.2
vt 0.9642857 0.2
vt 1 0.2
vt 0 0.25
vt 0.03571429 0.25
vt 0.07142857 0.25
vt 0.1071429 0.25
vt 0.1428571 0.25
vt 0.1785714 0.25
vt 0.2142857 0.25
vt 0.25 0.25
vt 0.2857143 0.25
vt 0.3214286 0.25
vt 0.3571429 0.25
vt 0.3928571 0.25
vt 0.4285714 0.25
vt 0.4642857 0.25
vt 0.5 0.25
vt 0.5357143 0.25
vt 0.5714286 0.25
vt 0.6071429 0.25
vt 0.6428571 0.25
vt 0.6785714 0.25
vt 0.7142857 0.25
vt 0.75 0.25
vt 0.7857143 0.25
vt 0.8214286 0.25
vt 0.8571429 0.25
vt 0.8928571 0.25
vt 0.9285714 0.25
vt 0.9642857 0.25
vt 1 0.25
vt 0 0.3
vt 0.03571429 0.3
vt 0.07142857 0.3
vt 0.1071429 0.3
vt 0.1428571 0.3
vt 0.1785714 0.3
vt 0.2142857 0.3
vt 0.25 0.3
vt 0.2857143 0.3
vt 0.3214286 0.3
vt 0.3571429 0.3
vt 0.3928571 0.3
vt 0.4285714 0.3
vt 0.4642857 0.3
vt 0.5 0.3
vt 0.5357143 0.3
vt 0.5714286 0.3
vt 0.6071429 0.3
vt 0.6428571 0.3
vt 0.6785714 0.3
vt 0.7142857 0.3
vt 0.75 0.3
vt 0.7857143 0.3
vt 0.8214286 0.3
vt 0.8571429 0.3
vt 0.8928571 0.3
vt 0.9285714 0.3
vt 0.9642857 0.3
vt 1 0.3
vt 0 0.35
vt 0.03571429 0.35
vt 0.07142857 0.35
vt 0.1071429 0.35
vt 0.1428571 0.35
vt 0.1785714 0.35
vt 0.2142857 0.35
vt 0.25 0.35
vt 0.2857143 0.35
vt 0.3214286 0.35
vt 0.3571429 0.35
vt 0.3928571 0.35
vt 0.4285714 0.35
vt 0.4642857 0.35
vt 0.5 0.35
vt 0.5357143 0.35
vt 0.5714286 0.35
vt 0.6071429 0.35
vt 0.6428571 0.35
vt 0.6785714 0.35
vt 0.7142857 0.35
vt 0.75 0.35
vt 0.7857143 0.35
vt 0.8214286 0.35
vt 0.8571429 0.35
vt 0.8928571 0.35
vt 0.9285714 0.35
vt 0.9642857 0.35
vt 1 0.35
vt 0 0.4
vt 0.03571429 0.4
vt 0.07142857 0.4
vt 0.1071429 0.4
vt 0.1428571 0.4
vt 0.1785714 0.4
vt 0.2142857 0.4
vt 0.25 0.4
vt 0.2857143 0.4
vt 0.3214286 0.4
vt 0.3571429 0.4
vt 0.3928571 0.4
vt 0.4285714 0.4
vt 0.4642857 0.4
vt 0.5 0.4
vt 0.5357143 0.4
vt 0.5714286 0.4
vt 0.6071429 0.4
vt 0.6428571 0.4
vt 0.6785714 0.4
vt 0.7142857 0.4
vt 0.75 0.4
vt 0.7857143 0.4
vt 0.8214286 0.4
vt 0.8571429 0.4
vt 0.8928571 0.4
vt 0.9285714 0.4
vt 0.9642857 0.4
vt 1 0.4
vt 0 0.45
vt 0.03571429 0.45
vt 0.07142857 0.45
vt 0.1071429 0.45
vt 0.1428571 0.45
vt 0.1785714 0.45
vt 0.2142857 0.45
vt 0.25 0.45
vt 0.2857143 0.45
vt 0.3214286 0.45
vt 0.3571429 0.45
vt 0.3928571 0.45
vt 0.4285714 0.45
vt 0.4642857 0.45
vt 0.5 0.45
vt 0.5357143 0.45
vt 0.5714286 0.45
vt 0.6071429 0.45
vt 0.6428571 0.45
vt 0.6785714 0.45
vt 0.7142857 0.45
vt 0.75 0.45
vt 0.7857143 0.45
vt 0.8214286 0.45
vt 0.8571429 0.45
vt 0.8928571 0.45
vt 0.9285714 0.45
vt 0.9642857 0.45
vt 1 0.45
vt 0 0.5
vt 0.03571429 0.5
vt 0.07142857 0.5
vt 0.1071429 0.5
vt 0.1428571 0.5
vt 0.1785714 0.5
vt 0.2142857 0.5
vt 0.25 0.5
vt 0.2857143 0.5
vt 0.3214286 0.5
vt 0.3571429 0.5
vt 0.3928571 0.5
vt 0.4285714 0.5
vt 0.4642857 0.5
vt 0.5 0.5
vt 0.5357143 0.5
vt 0.5714286 0.5
vt 0.6071429 0.5
vt 0.6428571 0.5
vt 0.6785714 0.5
vt 0.7142857 0.5
vt 0.75 0.5
vt 0.7857143 0.5
vt 0.8214286 0.5
vt 0.8571429 0.5
vt 0.8928571 0.5
vt 0.9285714 0.5
vt 0.9642857 0.5
vt 1 0.5
vt 0 0.55
vt 0.03571429 0.55
vt 0.07142857 0.55
vt 0.1071429 0.55
vt 0.1428571 0.55
vt 0.1785714 0.55
vt 0.2142857 0.55
vt 0.25 0.55
vt 0.2857143 0.55
vt 0.3214286 0.55
vt 0.3571429 0.55
vt 0.3928571 0.55
vt 0.4285714 0.55
vt 0.4642857 0.55
vt 0.5 0.55
vt 0.5357143 0.55
vt 0.5714286 0.55
vt 0.6071429 0.55
vt 0.6428571 0.55
vt 0.6785714 0.55
vt 0.7142857 0.55
vt 0.75 0.55
vt 0.7857143 0.55
vt 0.8214286 0.55
vt 0.8571429 0.55
vt 0.8928571 0.55
vt 0.9285714 0.55
vt 0.9642857 0.55
vt 1 0.55
vt 0 0.6
vt 0.03571429 0.6
vt 0.07142857 0.6
vt 0.1071429 0.6
vt 0.1428571 0.6
vt 0.1785714 0.6
vt 0.2142857 0.6
vt 0.25 0.6
vt 0.2857143 0.6
vt 0.3214286 0.6
vt 0.3571429 0.6
vt 0.3928571 0.6
vt 0.4285714 0.6
vt 0.4642857 0.6
vt 0.5 0.6
vt 0.5357143 0.6
vt 0.5714286 0.6
vt 0.6071429 0.6
vt 0.6428571 0.6
vt 0.6785714 0.6
vt 0.7142857 0.6
vt 0.75 0.6
vt 0.7857143 0.6
vt 0.8214286 0.6
vt 0.8571429 0.6
vt 0.8928571 0.6
vt 0.9285714 0.6
vt 0.9642857 0.6
vt 1 0.6
vt 0 0.65
vt 0.03571429 0.65
vt 0.07142857 0.65
vt 0.1071429 0.65
vt 0.1428571 0.65
vt 0.1785714 0.65
vt 0.2142857 0.65
vt 0.25 0.65
vt 0.2857143 0.65
vt 0.3214286 0.65
vt 0.3571429 0.65
vt 0.3928571 0.65
vt 0.4285714 0.65
vt 0.4642857 0.65
vt 0.5 0.65
vt 0.5357143 0.65
vt 0.5714286 0.65
vt 0.6071429 0.65
vt 0.6428571 0.65
vt 0.6785714 0.65
vt 0.7142857 0.65
vt 0.75 0.65
vt 0.7857143 0.65
vt 0.8214286 0.65
vt 0.8571429 0.65
vt 0.8928571 0.65
vt 0.9285714 0.65
vt 0.9642857 0.65
vt 1 0.65
vt 0 0.7
vt 0.03571429 0.7
vt 0.07142857 0.7
vt 0.1071429 0.7
vt 0.1428571 0.7
vt 0.1785714 0.7
vt 0.2142857 0.7
vt 0.25 0.7
vt 0.2857143 0.7
vt 0.3214286 0.7
vt 0.3571429 0.7
vt 0.3928571 0.7
vt 0.4285714 0.7
vt 0.4642857 0.7
vt 0.5 0.7
vt 0.5357143 0.7
vt 0.5714286 0.7
vt 0.6071429 0.7
vt 0.6428571 0.7
vt 0.6785714 0.7
vt 0.7142857 0.7
vt 0.75 0.7
vt 0.7857143 0.7
vt 0.8214286 0.7
vt 0.8571429 0.7
vt 0.8928571 0.7
vt 0.9285714 0.7
vt 0.9642857 0.7
vt 1 0.7
vt 0 0.75
vt 0.03571429 0.75
vt 0.07142857 0.75
vt 0.1071429 0.75
vt 0.1428571 0.75
vt 0.1785714 0.75
vt 0.2142857 0.75
vt 0.25 0.75
vt 0.2857143 0.75
vt 0.3214286 0.75
vt 0.3571429 0.75
vt 0.3928571 0.75
vt 0.4285714 0.75
vt 0.4642857 0.75
vt 0.5 0.75
vt 0.5357143 0.75
vt 0.5714286 0.75
vt 0.6071429 0.75
vt 0.6428571 0.75
vt 0.6785714 0.75
vt 0.7142857 0.75
vt 0.75 0.75
vt 0.7857143 0.75
vt 0.8214286 0.75
vt 0.8571429 0.75
vt 0.8928571 0.75
vt 0.9285714 0.75
vt 0.9642857 0.75
vt 1 0.75
vt 0 0.8
vt 0.03571429 0.8
vt 0.07142857 0.8
vt 0.1071429 0.8
vt 0.1428571 0.8
vt 0.1785714 0.8
vt 0.2142857 0.8
vt 0.25 0.8
vt 0.2857143 0.8
vt 0.3214286 0.8
vt 0.3571429 0.8
vt 0.3928571 0.8
vt 0.4285714 0.8
vt 0.4642857 0.8
vt 0.5 0.8
vt 0.5357143 0.8
vt 0.5714286 0.8
vt 0.6071429 0.8
vt 0.6428571 0.8
vt 0.6785714 0.8
vt 0.7142857 0.8
vt 0.75 0.8
vt 0.7857143 0.8
vt 0.8214286 0.8
vt 0.8571429 0.8
vt 0.8928571 0.8
vt 0.9285714 0.8
vt 0.9642857 0.8
vt 1 0.8
vt 0 0.85
vt 0.03571429 0.85
vt 0.07142857 0.85
vt 0.1071429 0.85
vt 0.1428571 0.85
vt 0.1785714 0.85
vt 0.2142857 0.85
vt 0.25 0.85
vt 0.2857143 0.85
vt 0.3214286 0.85
vt 0.3571429 0.85
vt 0.3928571 0.85
vt 0.4285714 0.85
vt 0.4642857 0.85
vt 0.5 0.85
vt 0.5357143 0.85
vt 0.5714286 0.85
vt 0.6071429 0.85
vt 0.6428571 0.85
vt 0.6785714 0.85
vt 0.7142857 0.85
vt 0.75 0.85
vt 0.7857143 0.85
vt 0.8214286 0.85
vt 0.8571429 0.85
vt 0.8928571 0.85
vt 0.9285714 0.85
vt 0.9642857 0.85
vt 1 0.85
vt 0 0.9
vt 0.03571429 0.9
vt 0.07142857 0.9
vt 0.1071429 0.9
vt 0.1428571 0.9
vt 0.1785714 0.9
vt 0.2142857 0.9
vt 0.25 0.9
vt 0.2857143 0.9
vt 0.3214286 0.9
vt 0.3571429 0.9
vt 0.3928571 0.9
vt 0.4285714 0.9
vt 0.4642857 0.9
vt 0.5 0.9
vt 0.5357143 0.9
vt 0.5714286 0.9
vt 0.6071429 0.9
vt 0.6428571 0.9
vt 0.6785714 0.9
vt 0.7142857 0.9
vt 0.75 0.9
vt 0.7857143 0.9
vt 0.8214286 0.9
vt 0.8571429 0.9
vt 0.8928571 0.9
vt 0.9285714 0.9
vt 0.9642857 0.9
vt 1 0.9
vt 0 0.95
vt 0.03571429 0.95
vt 0.07142857 0.95
vt 0.1071429 0.95
vt 0.1428571 0.95
vt 0.1785714 0.95
vt 0.2142857 0.95
vt 0.25 0.95
vt 0.2857143 0.95
vt 0.3214286 0.95
vt 0.3571429 0.95
vt 0.3928571 0.95
vt 0.4285714 0.95
vt 0.4642857 0.95
vt 0.5 0.95
vt 0.5357143 0.95
vt 0.5714286 0.95
vt 0.6071429 0.95
vt 0.6428571 0.95
vt 0.6785714 0.95
vt 0.7142857 0.95
vt 0.75 0.95
vt 0.7857143 0.95
vt 0.8214286 0.95
vt 0.8571429 0.95
vt 0.8928571 0.95
vt 0.9285714 0.95
vt 0.9642857 0.95
vt 1 0.95
vt 0 1
vt 0.03571429 1
vt 0.07142857 1
vt 0.1071429 1
vt 0.1428571 1
vt 0.1785714 1
vt 0.2142857 1
vt 0.25 1
vt 0.2857143 1
vt 0.3214286 1
vt 0.3571429 1
vt 0.3928571 1
vt 0.4285714 1
vt 0.4642857 1
vt 0.5 1
vt 0.5357143 1
vt 0.5714286 1
vt 0.6071429 1
vt 0.6428571 1
vt 0.6785714 1
vt 0.7142857 1
vt 0.75 1
vt 0.7857143 1
vt 0.8214286 1
vt 0.8571429 1
vt 0.8928571 1
vt 0.9285714 1
vt 0.9642857 1
vt 1 1
vn 0 1 0
vn 0 1 0
vn 0 1 0
vn 0 1 0
vn 0 1 0
vn 0 1 0
vn 0 1 0
vn 0 1 0
vn 0 1 0
vn 0 1 0
vn 0 1 0
vn 0 1 0
vn 0 1 0
vn 0 1 0
vn 0 1 0
vn 0 1 0
vn 0 1 0
vn 0 1 0
vn 0 1 0
vn 0 1 0
vn 0 1 0
vn 0 1 0
vn 0 1 0
vn 0 1 0
vn 0 1 0
vn 0 1 0
vn 0 1 0
vn 0 1 0
vn 0 1 0
vn 0.1564635 0.9876838 0
vn 0.152539 0.9876838 0.03482134
vn 0.1409677 0.9876839 0.06788654
vn 0.1223259 0.9876838 0.09755476
vn 0.09755053 0.9876837 0.1223305
vn 0.067885 0.9876838 0.1409691
vn 0.03481383 0.9876838 0.1525408
vn 0 0.9876838 0.1564635
vn -0.03482134 0.9876838 0.152539
vn -0.06788167 0.9876839 0.1409701
vn -0.09755185 0.9876838 0.1223282
vn -0.1223305 0.9876837 0.09755053
vn -0.140967 0.9876839 0.06788809
vn -0.1525388 0.9876838 0.03482173
vn -0.1564635 0.9876837 0
vn -0.1525391 0.9876839 -0.03482068
vn -0.1409675 0.9876839 -0.06788702
vn -0.1223251 0.9876839 -0.09755576
vn -0.09755335 0.9876838 -0.1223271
vn -0.06789439 0.9876835 -0.1409664
vn -0.03481319 0.9876838 -0.1525409
vn 0 0.9876837 -0.1564635
vn 0.03481273 0.9876839 -0.1525409
vn 0.06788798 0.9876835 -0.1409695
vn 0.09755443 0.9876836 -0.1223284
vn 0.1223298 0.9876838 -0.09754992
vn 0.1409675 0.9876839 -0.06788702
vn 0.1525408 0.9876838 -0.03481383
vn 0.1564635 0.9876838 0
vn 0.3089995 0.9510621 0
vn 0.3012519 0.9510624 0.06875685
vn 0.2783981 0.9510632 0.1340649
vn 0.2415827 0.9510624 0.1926607
vn 0.1926615 0.9510615 0.2415857
vn 0.1340769 0.9510611 0.2783993
vn 0.06875685 0.9510624 0.3012519
vn 0 0.9510622 0.3089996
vn -0.06875685 0.9510624 0.3012519
vn -0.1340671 0.9510638 0.2783948
vn -0.1926592 0.9510626 0.2415829
vn -0.2415857 0.9510615 0.1926615
vn -0.2783976 0.951061 0.1340805
vn -0.3012519 0.9510624 0.06875685
vn -0.3089996 0.9510622 0
vn -0.3012522 0.9510624 -0.06875558
vn -0.2783971 0.9510611 -0.1340814
vn -0.2415782 0.9510635 -0.1926604
vn -0.1926517 0.9510636 -0.2415852
vn -0.1340792 0.9510604 -0.2784005
vn -0.06875558 0.9510624 -0.3012522
vn 0 0.9510621 -0.3089996
vn 0.06877061 0.9510624 -0.3012488
vn 0.1340664 0.9510605 -0.2784066
vn 0.1926548 0.9510615 -0.2415911
vn 0.2415866 0.9510624 -0.1926558
vn 0.2783991 0.9510632 -0.1340627
vn 0.3012519 0.9510624 -0.06875685
vn 0.3089995 0.9510622 0
vn 0.4539679 0.891018 0
vn 0.4425785 0.8910209 0.1010244
vn 0.4090163 0.8910144 0.1969748
vn 0.3549264 0.8910194 0.28304
vn 0.2830303 0.8910194 0.3549341
vn 0.1969774 0.8910143 0.4090151
vn 0.1010244 0.8910209 0.4425785
vn 0 0.891018 0.4539679
vn -0.1010235 0.8910209 0.4425787
vn -0.1969779 0.8910144 0.4090148
vn -0.283049 0.8910184 0.3549218
vn -0.3549341 0.8910195 0.2830303
vn -0.4090163 0.8910144 0.1969748
vn -0.4425785 0.8910209 0.1010244
vn -0.453968 0.891018 0
vn -0.4425772 0.891021 -0.1010304
vn -0.4090053 0.8910202 -0.1969712
vn -0.3549326 0.8910144 -0.2830483
vn -0.2830401 0.8910195 -0.3549263
vn -0.1969712 0.8910202 -0.4090053
vn -0.1010182 0.8910146 -0.4425927
vn 0 0.891018 -0.453968
vn 0.1010296 0.8910209 -0.4425773
vn 0.1969583 0.8910202 -0.4090114
vn 0.2830483 0.8910144 -0.3549326
vn 0.354928 0.8910195 -0.283038
vn 0.4090156 0.8910144 -0.1969762
vn 0.4425785 0.8910209 -0.1010244
vn 0.4539679 0.891018 0
vn 0.587788 0.809015 0
vn 0.5730254 0.8090304 0.1308119
vn 0.5295855 0.8090136 0.2550219
vn 0.4595432 0.8090178 0.3664836
vn 0.3664658 0.809016 0.4595605
vn 0.2550405 0.8090136 0.5295766
vn 0.1307836 0.8090304 0.5730318
vn 0 0.809015 0.587788
vn -0.1308136 0.8090304 0.573025
vn -0.2550343 0.8090135 0.5295796
vn -0.3664758 0.8090246 0.4595374
vn -0.4595605 0.809016 0.3664658
vn -0.5295884 0.8090089 0.2550309
vn -0.573025 0.8090304 0.1308136
vn -0.587788 0.809015 0
vn -0.5730256 0.8090304 -0.1308111
vn -0.5295817 0.8090135 -0.2550299
vn -0.4595477 0.8090178 -0.366478
vn -0.3664853 0.8090093 -0.4595569
vn -0.25503 0.8090136 -0.5295817
vn -0.1307879 0.8090079 -0.5730627
vn 0 0.809015 -0.587788
vn 0.130781 0.8090304 -0.5730324
vn 0.25503 0.8090136 -0.5295817
vn 0.3664795 0.809016 -0.4595496
vn 0.4595586 0.8090178 -0.3664643
vn 0.5295817 0.8090135 -0.2550299
vn 0.5730322 0.8090304 -0.1307818
vn 0.587788 0.809015 0
vn 0.7071068 0.7071068 0
vn 0.6893979 0.7070861 0.1573526
vn 0.6370839 0.7071109 0.3067869
vn 0.5528219 0.7071204 0.4408726
vn 0.4408865 0.7071105 0.5528235
vn 0.3068087 0.7071177 0.6370659
vn 0.1573543 0.7070861 0.6893975
vn 0 0.7071068 0.7071068
vn -0.1573526 0.7070861 0.6893978
vn -0.3067901 0.7071177 0.6370748
vn -0.4408764 0.7070956 0.5528505
vn -0.5528235 0.7071105 0.4408865
vn -0.6370654 0.7071178 0.3068095
vn -0.6893979 0.7070861 0.1573526
vn -0.7071068 0.7071068 0
vn -0.6893923 0.7070861 -0.1573767
vn -0.6371024 0.7070825 -0.3068145
vn -0.5528519 0.7070858 -0.4408905
vn -0.4408712 0.7070858 -0.5528673
vn -0.3067991 0.7071177 -0.6370705
vn -0.1573398 0.7071169 -0.6893691
vn 0 0.7071068 -0.7071068
vn 0.1573449 0.7070861 -0.6893996
vn 0.3067734 0.7071178 -0.6370828
vn 0.4408751 0.7071105 -0.5528326
vn 0.5528374 0.7071204 -0.4408533
vn 0.6370736 0.7071109 -0.3068083
vn 0.6893979 0.7070861 -0.1573526
vn 0.7071068 0.7071068 0
vn 0.8089932 0.5878181 0
vn 0.7887021 0.5878203 0.1800453
vn 0.7288684 0.5878326 0.351004
vn 0.6324962 0.5878145 0.5044034
vn 0.5043693 0.5878468 0.6324933
vn 0.351003 0.5878326 0.7288688
vn 0.1800169 0.5878202 0.7887086
vn 0 0.5878181 0.8089931
vn -0.1800457 0.5878179 0.7887038
vn -0.3509878 0.5878416 0.7288689
vn -0.5044111 0.5877886 0.632514
vn -0.6324932 0.5878468 0.5043693
vn -0.7288654 0.5878326 0.3510101
vn -0.7887033 0.5878179 0.1800474
vn -0.8089931 0.5878181 0
vn -0.7887046 0.5878203 -0.1800342
vn -0.7288854 0.5877953 -0.3510309
vn -0.6325107 0.5877886 -0.5044152
vn -0.5044152 0.5877886 -0.6325107
vn -0.3510192 0.5878326 -0.728861
vn -0.1800346 0.5878179 -0.7887063
vn 0 0.5878181 -0.8089931
vn 0.1800024 0.5878202 -0.7887119
vn 0.3509935 0.5878326 -0.7288733
vn 0.5044035 0.5878145 -0.632496
vn 0.6325116 0.5878145 -0.504384
vn 0.7288763 0.5878326 -0.3509873
vn 0.788709 0.5878203 -0.1800153
vn 0.8089931 0.5878181 0
vn 0.891018 0.4539679 0
vn 0.8686793 0.4539663 0.1982698
vn 0.8027939 0.4539627 0.3865743
vn 0.6966081 0.4539869 0.5555474
vn 0.555528 0.4539869 0.6966236
vn 0.3866015 0.4539518 0.802787
vn 0.1982715 0.4539663 0.8686789
vn 0 0.453968 0.891018
vn -0.198268 0.4539663 0.8686796
vn -0.3865867 0.4539628 0.802788
vn -0.5555534 0.4539557 0.6966238
vn -0.6966236 0.4539869 0.555528
vn -0.8027835 0.4539518 0.3866086
vn -0.8686793 0.4539663 0.1982698
vn -0.891018 0.4539679 0
vn -0.8686761 0.4539663 -0.1982836
vn -0.8027802 0.4539628 -0.3866028
vn -0.6966326 0.4539557 -0.5555422
vn -0.5555382 0.4539557 -0.6966359
vn -0.3866114 0.4539518 -0.8027822
vn -0.1982836 0.4539663 -0.8686761
vn 0 0.4539679 -0.891018
vn 0.1982819 0.4539663 -0.8686765
vn 0.3865858 0.4539518 -0.8027946
vn 0.5555575 0.4539556 -0.6966205
vn 0.6966236 0.4539869 -0.555528
vn 0.8027802 0.4539628 -0.3866028
vn 0.8686796 0.4539663 -0.198268
vn 0.891018 0.453968 0
vn 0.9510622 0.3089996 0
vn 0.9272231 0.3089719 0.2116449
vn 0.8568879 0.3089938 0.4126331
vn 0.7435586 0.3090207 0.5929813
vn 0.5929619 0.3090207 0.743574
vn 0.412632 0.3089937 0.8568883
vn 0.2116466 0.3089719 0.9272227
vn 0 0.3089996 0.9510622
vn -0.2116449 0.3089719 0.9272232
vn -0.4126649 0.3089937 0.8568725
vn -0.5929846 0.3089851 0.7435708
vn -0.743574 0.3090207 0.5929619
vn -0.8568879 0.3089938 0.4126331
vn -0.9272227 0.3089719 0.2116466
vn -0.9510622 0.3089995 0
vn -0.9272208 0.308972 -0.2116553
vn -0.8568771 0.3089937 -0.4126554
vn -0.7435707 0.3090207 -0.5929661
vn -0.5929468 0.3090207 -0.7435861
vn -0.4126554 0.3089937 -0.8568771
vn -0.2116553 0.308972 -0.9272208
vn 0 0.3089995 -0.9510622
vn 0.2116553 0.308972 -0.9272208
vn 0.4126297 0.3089938 -0.8568895
vn 0.5929733 0.308985 -0.7435797
vn 0.7435894 0.3090207 -0.5929426
vn 0.8568771 0.3089937 -0.4126554
vn 0.9272231 0.3089719 -0.2116449
vn 0.9510622 0.3089996 0
vn 0.9876837 0.1564635 0
vn 0.9629162 0.156465 0.2197979
vn 0.8898808 0.1564656 0.4285215
vn 0.7722077 0.1564316 0.6158121
vn 0.6157926 0.1564316 0.7722231
vn 0.4285267 0.1564656 0.8898783
vn 0.2197996 0.156465 0.9629158
vn 0 0.1564635 0.9876837
vn -0.2197979 0.156465 0.9629162
vn -0.4285338 0.1564656 0.8898749
vn -0.6158274 0.1564316 0.7721953
vn -0.7722231 0.1564316 0.6157926
vn -0.8898779 0.1564656 0.4285277
vn -0.9629158 0.156465 0.2197996
vn -0.9876837 0.1564635 0
vn -0.9629142 0.156465 -0.2198065
vn -0.8898671 0.1564656 -0.4285499
vn -0.7722044 0.1564316 -0.6158162
vn -0.6157968 0.1564316 -0.7722198
vn -0.4285499 0.1564656 -0.8898671
vn -0.2198083 0.156465 -0.9629139
vn 0 0.1564635 -0.9876837
vn 0.2198065 0.156465 -0.9629142
vn 0.4285243 0.1564656 -0.8898795
vn 0.6157968 0.1564316 -0.7722198
vn 0.7722231 0.1564316 -0.6157926
vn 0.8898671 0.1564656 -0.4285499
vn 0.9629162 0.156465 -0.2197979
vn 0.9876837 0.1564635 0
vn 1 0 0
vn 0.9749281 0 0.22252
vn 0.9009751 0 0.4338708
vn 0.7818242 0 0.6234989
vn 0.6234795 0 0.7818397
vn 0.433876 0 0.9009725
vn 0.2225217 0 0.9749277
vn 0 0 1
vn -0.22252 0 0.9749281
vn -0.4338832 0 0.9009692
vn -0.623495 0 0.7818274
vn -0.7818397 0 0.6234795
vn -0.9009722 0 0.433877
vn -0.9749277 0 0.2225217
vn -1 -0 -0
vn -0.9749262 -0 -0.2225286
vn -0.9009644 -0 -0.4338931
vn -0.781821 -0 -0.623503
vn -0.6234837 -0 -0.7818363
vn -0.4338931 -0 -0.9009644
vn -0.2225286 -0 -0.9749262
vn 0 0 -1
vn 0.2225269 0 -0.9749265
vn 0.4338674 0 -0.9009767
vn 0.6234837 0 -0.7818363
vn 0.7818397 0 -0.6234795
vn 0.9009644 0 -0.4338931
vn 0.9749281 0 -0.22252
vn 1 0 0
vn 0.9876802 -0.1564861 0
vn 0.9629124 -0.1564894 0.219797
vn 0.8898765 -0.1564955 0.4285194
vn 0.7721741 -0.1564792 0.615842
vn 0.6158227 -0.1564792 0.7721895
vn 0.4285246 -0.1564955 0.889874
vn 0.2197987 -0.1564895 0.962912
vn 0 -0.1564861 0.9876801
vn -0.219797 -0.1564894 0.9629124
vn -0.4285318 -0.1564954 0.8898706
vn -0.6158381 -0.1564792 0.7721772
vn -0.7721895 -0.1564792 0.6158227
vn -0.8898736 -0.1564955 0.4285256
vn -0.962912 -0.1564895 0.2197987
vn -0.9876802 -0.1564861 -0
vn -0.9629104 -0.1564895 -0.2198057
vn -0.8898658 -0.1564955 -0.4285417
vn -0.7721862 -0.1564792 -0.6158269
vn -0.6158269 -0.1564792 -0.7721862
vn -0.4285417 -0.1564955 -0.8898658
vn -0.2198074 -0.1564895 -0.9629101
vn 0 -0.1564861 -0.9876802
vn 0.219804 -0.1564895 -0.9629108
vn 0.4285161 -0.1564955 -0.8898782
vn 0.6158075 -0.1564792 -0.7722016
vn 0.7721895 -0.1564792 -0.6158227
vn 0.8898658 -0.1564955 -0.4285417
vn 0.9629124 -0.1564894 -0.219797
vn 0.9876801 -0.1564861 0
vn 0.9510527 -0.3090289 0
vn 0.9272133 -0.309003 0.2116426
vn 0.856868 -0.3090298 0.4126475
vn 0.7435544 -0.3090375 0.5929779
vn 0.5929585 -0.3090376 0.7435697
vn 0.4126527 -0.3090298 0.8568654
vn 0.2116444 -0.3090031 0.9272129
vn 0 -0.3090289 0.9510527
vn -0.2116429 -0.3089998 0.9272143
vn -0.4126598 -0.3090298 0.8568619
vn -0.5929902 -0.3089572 0.7435779
vn -0.7435698 -0.3090376 0.5929586
vn -0.8568649 -0.3090298 0.4126536
vn -0.9272133 -0.309003 0.2116426
vn -0.9510527 -0.3090289 -0
vn -0.9272109 -0.3090031 -0.211653
vn -0.8568543 -0.3090298 -0.4126759
vn -0.7435624 -0.3089928 -0.5929911
vn -0.5929781 -0.3090375 -0.7435541
vn -0.4126759 -0.3090298 -0.8568542
vn -0.2116547 -0.309003 -0.9272105
vn 0 -0.3090289 -0.9510527
vn 0.2116532 -0.3089998 -0.9272119
vn 0.4126502 -0.3090298 -0.8568665
vn 0.5929717 -0.3089928 -0.7435778
vn 0.7435698 -0.3090376 -0.5929586
vn 0.8568667 -0.3090298 -0.4126503
vn 0.9272133 -0.309003 -0.2116426
vn 0.9510527 -0.3090289 0
vn 0.8909924 -0.4540181 0
vn 0.8686536 -0.454018 0.1982639
vn 0.8027558 -0.4540189 0.3865876
vn 0.6965925 -0.4540263 0.555535
vn 0.5555156 -0.4540262 0.6966079
vn 0.3865891 -0.454008 0.8027613
vn 0.1982656 -0.454018 0.8686532
vn 0 -0.4540181 0.8909924
vn -0.1982639 -0.454018 0.8686536
vn -0.3865767 -0.454008 0.8027672
vn -0.5555156 -0.4540262 0.6966079
vn -0.6966079 -0.4540262 0.5555156
vn -0.8027578 -0.454008 0.3865962
vn -0.8686532 -0.454018 0.1982656
vn -0.8909924 -0.4540181 -0
vn -0.8686504 -0.454018 -0.1982777
vn -0.8027544 -0.4540189 -0.3865904
vn -0.6965923 -0.4540262 -0.5555352
vn -0.5555322 -0.453987 -0.6966202
vn -0.386599 -0.454008 -0.8027565
vn -0.1982777 -0.454018 -0.8686504
vn 0 -0.4540181 -0.8909925
vn 0.198276 -0.454018 -0.8686509
vn 0.3865733 -0.454008 -0.8027688
vn 0.5555158 -0.4540262 -0.6966078
vn 0.6966079 -0.4540262 -0.5555156
vn 0.8027544 -0.4540189 -0.3865904
vn 0.868654 -0.454018 -0.1982622
vn 0.8909924 -0.4540181 0
vn 0.8090203 -0.5877807 0
vn 0.7887269 -0.5877852 0.180051
vn 0.7288865 -0.5878049 0.3510127
vn 0.6324977 -0.5877847 0.5044361
vn 0.5044168 -0.5877847 0.6325131
vn 0.3510117 -0.5878048 0.728887
vn 0.180023 -0.587783 0.788735
vn 0 -0.5877807 0.8090203
vn -0.1800513 -0.5877829 0.7887285
vn -0.3510022 -0.5877959 0.7288988
vn -0.5043975 -0.5877847 0.6325285
vn -0.6325131 -0.5877847 0.5044168
vn -0.7288836 -0.5878049 0.3510189
vn -0.7887282 -0.587783 0.180053
vn -0.8090203 -0.5877807 -0
vn -0.7887295 -0.5877852 -0.1800399
vn -0.7289095 -0.5877585 -0.3510424
vn -0.6325129 -0.5877847 -0.504417
vn -0.5044171 -0.5877846 -0.6325129
vn -0.3510396 -0.5877675 -0.7289035
vn -0.1800402 -0.587783 -0.7887311
vn 0 -0.5877806 -0.8090203
vn 0.1800081 -0.5877852 -0.7887367
vn 0.351014 -0.5877676 -0.7289159
vn 0.5044171 -0.5877846 -0.6325129
vn 0.6325285 -0.5877847 -0.5043975
vn 0.7288792 -0.5878049 -0.3510279
vn 0.7887354 -0.587783 -0.1800213
vn 0.8090203 -0.5877807 0
vn 0.7071068 -0.7071068 0
vn 0.6893968 -0.7070873 0.1573524
vn 0.6370738 -0.7071221 0.306782
vn 0.5528343 -0.7071046 0.4408825
vn 0.4408902 -0.7071045 0.5528281
vn 0.3068191 -0.7070937 0.6370876
vn 0.1573536 -0.707089 0.6893946
vn 0 -0.7071068 0.7071068
vn -0.1573519 -0.707089 0.689395
vn -0.3067882 -0.7071221 0.6370708
vn -0.4408709 -0.7071045 0.5528436
vn -0.5528282 -0.7071046 0.4408902
vn -0.6370872 -0.7070936 0.3068201
vn -0.689395 -0.707089 0.1573519
vn -0.7071068 -0.7071068 -0
vn -0.6893896 -0.707089 -0.157376
vn -0.6370922 -0.7070936 -0.3068096
vn -0.5528296 -0.7071144 -0.4408727
vn -0.4408595 -0.7071046 -0.5528527
vn -0.3068095 -0.7070935 -0.6370922
vn -0.1573395 -0.707118 -0.6893681
vn 0 -0.7071068 -0.7071068
vn 0.1573443 -0.707089 -0.6893967
vn 0.3067839 -0.7070936 -0.6371046
vn 0.4408788 -0.7071045 -0.5528373
vn 0.5528498 -0.7071046 -0.4408632
vn 0.6370636 -0.7071221 -0.3068034
vn 0.689395 -0.707089 -0.1573519
vn 0.7071068 -0.7071068 0
vn 0.5877506 -0.8090422 0
vn 0.5729938 -0.8090591 0.1307731
vn 0.5295448 -0.8090464 0.2550023
vn 0.4595253 -0.8090344 0.3664694
vn 0.3664523 -0.8090429 0.4595239
vn 0.255007 -0.8090267 0.5295727
vn 0.1307744 -0.8090603 0.5729917
vn 0 -0.8090422 0.5877506
vn -0.1307727 -0.8090603 0.5729921
vn -0.2550085 -0.8090464 0.5295419
vn -0.3664692 -0.8090412 0.4595134
vn -0.4595239 -0.8090429 0.3664523
vn -0.5295663 -0.8090267 0.2550203
vn -0.5729917 -0.8090603 0.1307744
vn -0.5877506 -0.8090422 -0
vn -0.5729935 -0.8090591 -0.130774
vn -0.5295469 -0.8090417 -0.2550132
vn -0.4595147 -0.8090413 -0.3664675
vn -0.3664409 -0.8090498 -0.459521
vn -0.2550361 -0.8090464 -0.5295286
vn -0.1308105 -0.8090378 -0.5730152
vn 0 -0.8090422 -0.5877506
vn 0.1307719 -0.8090603 -0.5729923
vn 0.2550104 -0.8090464 -0.529541
vn 0.3664564 -0.809043 -0.4595206
vn 0.4595331 -0.8090344 -0.3664597
vn 0.529541 -0.8090464 -0.2550104
vn 0.5729921 -0.8090603 -0.1307727
vn 0.5877506 -0.8090422 0
vn 0.453966 -0.891019 0
vn 0.4425745 -0.8910232 0.1010226
vn 0.4090124 -0.8910201 0.1969571
vn 0.354913 -0.8910191 0.2830577
vn 0.2830403 -0.8910191 0.3549268
vn 0.1969647 -0.8910142 0.4090215
vn 0.1010234 -0.8910232 0.4425743
vn 0 -0.891019 0.453966
vn -0.1010234 -0.8910232 0.4425743
vn -0.196959 -0.8910215 0.4090084
vn -0.283048 -0.8910192 0.3549207
vn -0.3549268 -0.8910191 0.2830403
vn -0.4090213 -0.8910142 0.1969652
vn -0.4425743 -0.8910232 0.1010234
vn -0.453966 -0.891019 -0
vn -0.442573 -0.8910232 -0.1010295
vn -0.4090056 -0.8910201 -0.1969713
vn -0.354919 -0.8910192 -0.2830501
vn -0.2830404 -0.8910192 -0.3549267
vn -0.1969713 -0.8910201 -0.4090056
vn -0.1010295 -0.8910232 -0.442573
vn 0 -0.891019 -0.453966
vn 0.1010136 -0.8910232 -0.4425765
vn 0.1969585 -0.8910201 -0.4090118
vn 0.2830467 -0.8910141 -0.3549345
vn 0.3549268 -0.8910191 -0.2830403
vn 0.4090056 -0.8910201 -0.1969713
vn 0.4425745 -0.8910232 -0.1010226
vn 0.453966 -0.891019 0
vn 0.3089917 -0.9510648 0
vn 0.3012423 -0.9510656 0.06875466
vn 0.2784007 -0.9510628 0.1340623
vn 0.2415758 -0.9510653 0.1926551
vn 0.1926473 -0.9510643 0.2415858
vn 0.134068 -0.9510655 0.2783886
vn 0.06875478 -0.9510655 0.3012428
vn 0 -0.9510648 0.3089917
vn -0.06875478 -0.9510655 0.3012428
vn -0.1340685 -0.9510628 0.2783977
vn -0.1926598 -0.9510643 0.2415757
vn -0.2415858 -0.9510643 0.1926473
vn -0.2783916 -0.9510655 0.1340618
vn -0.3012428 -0.9510655 0.06875478
vn -0.3089917 -0.9510648 -0
vn -0.3012429 -0.9510655 -0.06875437
vn -0.278385 -0.9510655 -0.1340756
vn -0.2415803 -0.9510643 -0.1926542
vn -0.1926523 -0.9510652 -0.241578
vn -0.1340628 -0.9510655 -0.2783912
vn -0.06875552 -0.9510625 -0.3012519
vn 0 -0.9510648 -0.3089917
vn 0.06876854 -0.9510655 -0.3012397
vn 0.1340628 -0.9510655 -0.2783912
vn 0.1926519 -0.9510655 -0.2415774
vn 0.2415804 -0.9510652 -0.1926493
vn 0.2783988 -0.9510628 -0.1340664
vn 0.3012428 -0.9510655 -0.06875478
vn 0.3089917 -0.9510648 0
vn 0.1564244 -0.98769 0
vn 0.1525022 -0.9876898 0.03481293
vn 0.1409338 -0.9876899 0.06787018
vn 0.1222961 -0.98769 0.09753098
vn 0.09753094 -0.9876898 0.1222971
vn 0.06786818 -0.98769 0.1409342
vn 0.03480585 -0.9876898 0.1525038
vn 0 -0.98769 0.1564244
vn -0.03481293 -0.9876898 0.1525022
vn -0.06786509 -0.98769 0.1409357
vn -0.09752941 -0.9876901 0.1222961
vn -0.1222971 -0.9876898 0.09753094
vn -0.1409333 -0.98769 0.06786996
vn -0.1525021 -0.9876898 0.03481336
vn -0.1564244 -0.98769 -0
vn -0.1525025 -0.9876897 -0.03481233
vn -0.1409336 -0.9876899 -0.06787067
vn -0.1222951 -0.98769 -0.09753186
vn -0.09752704 -0.98769 -0.122298
vn -0.06787708 -0.9876899 -0.1409305
vn -0.0348122 -0.9876902 -0.1524999
vn 0 -0.98769 -0.1564244
vn 0.03480479 -0.9876898 -0.1525041
vn 0.06787067 -0.9876899 -0.1409336
vn 0.09752898 -0.9876901 -0.1222965
vn 0.1223 -0.98769 -0.09752615
vn 0.1409336 -0.9876899 -0.06787067
vn 0.1525039 -0.9876898 -0.03480542
vn 0.1564244 -0.98769 0
vn 0 1 0
vn 0 1 0
vn 0 1 0
vn 0 1 0
vn 0 1 0
vn 0 1 0
vn 0 1 0
vn 0 1 0
vn 0 1 0
vn 0 1 0
vn 0 1 0
vn 0 1 0
vn 0 1 0
vn 0 1 0
vn 0 1 0
vn 0 1 0
vn 0 1 0
vn 0 1 0
vn 0 1 0
vn 0 1 0
vn 0 1 0
vn 0 1 0
vn 0 1 0
vn 0 1 0
vn 0 1 0
vn 0 1 0
vn 0 1 0
vn 0 1 0
vn 0 1 0
f 1/1/1 2/2/2 30/30/30
f 2/2/2 31/31/31 30/30/30
f 2/2/2 3/3/3 31/31/31
f 3/3/3 32/32/32 31/31/31
f 3/3/3 4/4/4 32/32/32
f 4/4/4 33/33/33 32/32/32
f 4/4/4 5/5/5 33/33/33
f 5/5/5 34/34/34 33/33/33
f 5/5/5 6/6/6 34/34/34
f 6/6/6 35/35/35 34/34/34
f 6/6/6 7/7/7 35/35/35
f 7/7/7 36/36/36 35/35/35
f 7/7/7 8/8/8 36/36/36
f 8/8/8 37/37/37 36/36/36
f 8/8/8 9/9/9 37/37/37
f 9/9/9 38/38/38 37/37/37
f 9/9/9 10/10/10 38/38/38
f 10/10/10 39/39/39 38/38/38
f 10/10/10 11/11/11 39/39/39
f 11/11/11 40/40/40 39/39/39
f 11/11/11 12/12/12 40/40/40
f 12/12/12 41/41/41 40/40/40
f 12/12/12 13/13/13 41/41/41
f 13/13/13 42/42/42 41/41/41
f 13/13/13 14/14/14 42/42/42
f 14/14/14 43/43/43 42/42/42
f 14/14/14 15/15/15 43/43/43
f 15/15/15 44/44/44 43/43/43
f 15/15/15 16/16/16 44/44/44
f 16/16/16 45/45/45 44/44/44
f 16/16/16 17/17/17 45/45/45
f 17/17/17 46/46/46 45/45/45
f 17/17/17 18/18/18 46/46/46
f 18/18/18 47/47/47 46/46/46
f 18/18/18 19/19/19 47/47/47
f 19/19/19 48/48/48 47/47/47
f 19/19/19 20/20/20 48/48/48
f 20/20/20 49/49/49 48/48/48
f 20/20/20 21/21/21 49/49/49
f 21/21/21 50/50/50 49/49/49
f 21/21/21 22/22/22 50/50/50
f 22/22/22 51/51/51 50/50/50
f 22/22/22 23/23/23 51/51/51
f 23/23/23 52/52/52 51/51/51
f 23/23/23 24/24/24 52/52/52
f 24/24/24 53/53/53 52/52/52
f 24/24/24 25/25/25 53/53/53
f 25/25/25 54/54/54 53/53/53
f 25/25/25 26/26/26 54/54/54
f 26/26/26 55/55/55 54/54/54
f 26/26/26 27/27/27 55/55/55
f 27/27/27 56/56/56 55/55/55
f 27/27/27 28/28/28 56/56/56
f 28/28/28 57/57/57 56/56/56
f 28/28/28 29/29/29 57/57/57
f 29/29/29 58/58/58 57/57/57
f 30/30/30 31/31/31 59/59/59
f 31/31/31 60/60/60 59/59/59
f 31/31/31 32/32/32 60/60/60
f 32/32/32 61/61/61 60/60/60
f 32/32/32 33/33/33 61/61/61
f 33/33/33 62/62/62 61/61/61
f 33/33/33 34/34/34 62/62/62
f 34/34/34 63/63/63 62/62/62
f 34/34/34 35/35/35 63/63/63
f 35/35/35 64/64/64 63/63/63
f 35/35/35 36/36/36 64/64/64
f 36/36/36 65/65/65 64/64/64
f 36/36/36 37/37/37 65/65/65
f 37/37/37 66/66/66 65/65/65
f 37/37/37 38/38/38 66/66/66
f 38/38/38 67/67/67 66/66/66
f 38/38/38 39/39/39 67/67/67
f 39/39/39 68/68/68 67/67/67
f 39/39/39 40/40/40 68/68/68
f 40/40/40 69/69/69 68/68/68
f 40/40/40 41/41/41 69/69/69
f 41/41/41 70/70/70 69/69/69
f 41/41/41 42/42/42 70/70/70
f 42/42/42 71/71/71 70/70/70
f 42/42/42 43/43/43 71/71/71
f 43/43/43 72/72/72 71/71/71
f 43/43/43 44/44/44 72/72/72
f 44/44/44 73/73/73 72/72/72
f 44/44/44 45/45/45 73/73/73
f 45/45/45 74/74/74 73/73/73
f 45/45/45 46/46/46 74/74/74
f 46/46/46 75/75/75 74/74/74
f 46/46/46 47/47/47 75/75/75
f 47/47/47 76/76/76 75/75/75
f 47/47/47 48/48/48 76/76/76
f 48/48/48 77/77/77 76/76/76
f 48/48/48 49/49/49 77/77/77
f 49/49/49 78/78/78 77/77/77
f 49/49/49 50/50/50 78/78/78
f 50/50/50 79/79/79 78/78/78
f 50/50/50 51/51/51 79/79/79
f 51/51/51 80/80/80 79/79/79
f 51/51/51 52/52/52 80/80/80
f 52/52/52 81/81/81 80/80/80
f 52/52/52 53/53/53 81/81/81
f 53/53/53 82/82/82 81/81/81
f 53/53/53 54/54/54 82/82/82
f 54/54/54 83/83/83 82/82/82
f 54/54/54 55/55/55 83/83/83
f 55/55/55 84/84/84 83/83/83
f 55/55/55 56/56/56 84/84/84
f 56/56/56 85/85/85 84/84/84
f 56/56/56 57/57/57 85/85/85
f 57/57/57 86/86/86 85/85/85
f 57/57/57 58/58/58 86/86/86
f 58/58/58 87/87/87 86/86/86
f 59/59/59 60/60/60 88/88/88
f 60/60/60 89/89/89 88/88/88
f 60/60/60 61/61/61 89/89/89
f 61/61/61 90/90/90 89/89/89
f 61/61/61 62/62/62 90/90/90
f 62/62/62 91/91/91 90/90/90
f 62/62/62 63/63/63 91/91/91
f 63/63/63 92/92/92 91/91/91
f 63/63/63 64/64/64 92/92/92
f 64/64/64 93/93/93 92/92/92
f 64/64/64 65/65/65 93/93/93
f 65/65/65 94/94/94 93/93/93
f 65/65/65 66/66/66 94/94/94
f 66/66/66 95/95/95 94/94/94
f 66/66/66 67/67/67 95/95/95
f 67/67/67 96/96/96 95/95/95
f 67/67/67 68/68/68 96/96/96
f 68/68/68 97/97/97 96/96/96
f 68/68/68 69/69/69 97/97/97
f 69/69/69 98/98/98 97/97/97
f 69/69/69 70/70/70 98/98/98
f 70/70/70 99/99/99 98/98/98
f 70/70/70 71/71/71 99/99/99
f 71/71/71 100/100/100 99/99/99
f 71/71/71 72/72/72 100/100/100
f 72/72/72 101/101/101 100/100/100
f 72/72/72 73/73/73 101/101/101
f 73/73/73 102/102/102 101/101/101
f 73/73/73 74/74/74 102/102/102
f 74/74/74 103/103/103 102/102/102
f 74/74/74 75/75/75 103/103/103
f 75/75/75 104/104/104 103/103/103
f 75/75/75 76/76/76 104/104/104
f 76/76/76 105/105/105 104/104/104
f 76/76/76 77/77/77 105/105/105
f 77/77/77 106/106/106 105/105/105
f 77/77/77 78/78/78 106/106/106
f 78/78/78 107/107/107 106/106/106
f 78/78/78 79/79/79 107/107/107
f 79/79/79 108/108/108 107/107/107
f 79/79/79 80/80/80 108/108/108
f 80/80/80 109/109/109 108/108/108
f 80/80/80 81/81/81 109/109/109
f 81/81/81 110/110/110 109/109/109
f 81/81/81 82/82/82 110/110/110
f 82/82/82 111/111/111 110/110/110
f 82/82/82 83/83/83 111/111/111
f 83/83/83 112/112/112 111/111/111
f 83/83/83 84/84/84 112/112/112
f 84/84/84 113/113/113 112/112/112
f 84/84/84 85/85/85 113/113/113
f 85/85/85 114/114/114 113/113/113
f 85/85/85 86/86/86 114/114/114
f 86/86/86 115/115/115 114/114/114
f 86/86/86 87/87/87 115/115/115
f 87/87/87 116/116/116 115/115/115
f 88/88/88 89/89/89 117/117/117
f 89/89/89 118/118/118 117/117/117
f 89/89/89 90/90/90 118/118/118
f 90/90/90 119/119/119 118/118/118
f 90/90/90 91/91/91 119/119/119
f 91/91/91 120/120/120 119/119/119
f 91/91/91 92/92/92 120/120/120
f 92/92/92 121/121/121 120/120/120
f 92/92/92 93/93/93 121/121/121
f 93/93/93 122/122/122 121/121/121
f 93/93/93 94/94/94 122/122/122
f 94/94/94 123/123/123 122/122/122
f 94/94/94 95/95/95 123/123/123
f 95/95/95 124/124/124 123/123/123
f 95/95/95 96/96/96 124/124/124
f 96/96/96 125/125/125 124/124/124
f 96/96/96 97/97/97 125/125/125
f 97/97/97 126/126/126 125/125/125
f 97/97/97 98/98/98 126/126/126
f 98/98/98 127/127/127 126/126/126
f 98/98/98 99/99/99 127/127/127
f 99/99/99 128/128/128 127/127/127
f 99/99/99 100/100/100 128/128/128
f 100/100/100 129/129/129 128/128/128
f 100/100/100 101/101/101 129/129/129
f 101/101/101 130/130/130 129/129/129
f 101/101/101 102/102/102 130/130/130
f 102/102/102 131/131/131 130/130/130
f 102/102/102 103/103/103 131/131/131
f 103/103/103 132/132/132 131/131/131
f 103/103/103 104/104/104 132/132/132
f 104/104/104 133/133/133 132/132/132
f 104/104/104 105/105/105 133/133/133
f 105/105/105 134/134/134 133/133/133
f 105/105/105 106/106/106 134/134/134
f 106/106/106 135/135/135 134/134/134
f 106/106/106 107/107/107 135/135/135
f 107/107/107 136/136/136 135/135/135
f 107/107/107 108/108/108 136/136/136
f 108/108/108 137/137/137 136/136/136
f 108/108/108 109/109/109 137/137/137
f 109/109/109 138/138/138 137/137/137
f 109/109/109 110/110/110 138/138/138
f 110/110/110 139/139/139 138/138/138
f 110/110/110 111/111/111 139/139/139
f 111/111/111 140/140/140 139/139/139
f 111/111/111 112/112/112 140/140/140
f 112/112/112 141/141/141 140/140/140
f 112/112/112 113/113/113 141/141/141
f 113/113/113 142/142/142 141/141/141
f 113/113/113 114/114/114 142/142/142
f 114/114/114 143/143/143 142/142/142
f 114/114/114 115/115/115 143/143/143
f 115/115/115 144/144/144 143/143/143
f 115/115/115 116/116/116 144/144/144
f 116/116/116 145/145/145 144/144/144
f 117/117/117 118/118/118 146/146/146
f 118/118/118 147/147/147 146/146/146
f 118/118/118 119/119/119 147/147/147
f 119/119/119 148/148/148 147/147/147
f 119/119/119 120/120/120 148/148/148
f 120/120/120 149/149/149 148/148/148
f 120/120/120 121/121/121 149/149/149
f 121/121/121 150/150/150 149/149/149
f 121/121/121 122/122/122 150/150/150
f 122/122/122 151/151/151 150/150/150
f 122/122/122 123/123/123 151/151/151
f 123/123/123 152/152/152 151/151/151
f 123/123/123 124/124/124 152/152/152
f 124/124/124 153/153/153 152/152/152
f 124/124/124 125/125/125 153/153/153
f 125/125/125 154/154/154 153/153/153
f 125/125/125 126/126/126 154/154/154
f 126/126/126 155/155/155 154/154/154
f 126/126/126 127/127/127 155/155/155
f 127/127/127 156/156/156 155/155/155
f 127/127/127 128/128/128 156/156/156
f 128/128/128 157/157/157 156/156/156
f 128/128/128 129/129/129 157/157/157
f 129/129/129 158/158/158 157/157/157
f 129/129/129 130/130/130 158/158/158
f 130/130/130 159/159/159 158/158/158
f 130/130/130 131/131/131 159/159/159
f 131/131/131 160/160/160 159/159/159
f 131/131/131 132/132/132 160/160/160
f 132/132/132 161/161/161 160/160/160
f 132/132/132 133/133/133 161/161/161
f 133/133/133 162/162/162 161/161/161
f 133/133/133 134/134/134 162/162/162
f 134/134/134 163/163/163 162/162/162
f 134/134/134 135/135/135 163/163/163
f 135/135/135 164/164/164 163/163/163
f 135/135/135 136/136/136 164/164/164
f 136/136/136 165/165/165 164/164/164
f 136/136/136 137/137/137 165/165/165
f 137/137/137 166/166/166 165/165/165
f 137/137/137 138/138/138 166/166/166
f 138/138/138 167/167/167 166/166/166
f 138/138/138 139/139/139 167/167/167
f 139/139/139 168/168/168 167/167/167
f 139/139/139 140/140/140 168/168/168
f 140/140/140 169/169/169 168/168/168
f 140/140/140 141/141/141 169/169/169
f 141/141/141 170/170/170 169/169/169
f 141/141/141 142/142/142 170/170/170
f 142/142/142 171/171/171 170/170/170
f 142/142/142 143/143/143 171/171/171
f 143/143/143 172/172/172 171/171/171
f 143/143/143 144/144/144 172/172/172
f 144/144/144 173/173/173 172/172/172
f 144/144/144 145/145/145 173/173/173
f 145/145/145 174/174/174 173/173/173
f 146/146/146 147/147/147 175/175/175
f 147/147/147 176/176/176 175/175/175
f 147/147/147 148/148/148 176/176/176
f 148/148/148 177/177/177 176/176/176
f 148/148/148 149/149/149 177/177/177
f 149/149/149 178/178/178 177/177/177
f 149/149/149 150/150/150 178/178/178
f 150/150/150 179/179/179 178/178/178
f 150/150/150 151/151/151 179/179/179
f 151/151/151 180/180/180 179/179/179
f 151/151/151 152/152/152 180/180/180
f 152/152/152 181/181/181 180/180/180
f 152/152/152 153/153/153 181/181/181
f 153/153/153 182/182/182 181/181/181
f 153/153/153 154/154/154 182/182/182
f 154/154/154 183/183/183 182/182/182
f 154/154/154 155/155/155 183/183/183
f 155/155/155 184/184/184 183/183/183
f 155/155/155 156/156/156 184/184/184
f 156/156/156 185/185/185 184/184/184
f 156/156/156 157/157/157 185/185/185
f 157/157/157 186/186/186 185/185/185
f 157/157/157 158/158/158 186/186/186
f 158/158/158 187/187/187 186/186/186
f 158/158/158 159/159/159 187/187/187
f 159/159/159 188/188/188 187/187/187
f 159/159/159 160/160/160 188/188/188
f 160/160/160 189/189/189 188/188/188
f 160/160/160 161/161/161 189/189/189
f 161/161/161 190/190/190 189/189/189
f 161/161/161 162/162/162 190/190/190
f 162/162/162 191/191/191 190/190/190
f 162/162/162 163/163/163 191/191/191
f 163/163/163 192/192/192 191/191/191
f 163/163/163 164/164/164 192/192/192
f 164/164/164 193/193/193 192/192/192
f 164/164/164 165/165/165 193/193/193
f 165/165/165 194/194/194 193/193/193
f 165/165/165 166/166/166 194/194/194
f 166/166/166 195/195/195 194/194/194
f 166/166/166 167/167/167 195/195/195
f 167/167/167 196/196/196 195/195/195
f 167/167/167 168/168/168 196/196/196
f 168/168/168 197/197/197 196/196/196
f 168/168/168 169/169/169 197/197/197
f 169/169/169 198/198/198 197/197/197
f 169/169/169 170/170/170 198/198/198
f 170/170/170 199/199/199 198/198/198
f 170/170/170 171/171/171 199/199/199
f 171/171/171 200/200/200 199/199/199
f 171/171/171 172/172/172 200/200/200
f 172/172/172 201/201/201 200/200/200
f 172/172/172 173/173/173 201/201/201
f 173/173/173 202/202/202 201/201/201
f 173/173/173 174/174/174 202/202/202
f 174/174/174 203/203/203 202/202/202
f 175/175/175 176/176/176 204/204/204
f 176/176/176 205/205/205 204/204/204
f 176/176/176 177/177/177 205/205/205
f 177/177/177 206/206/206 205/205/205
f 177/177/177 178/178/178 206/206/206
f 178/178/178 207/207/207 206/206/206
f 178/178/178 179/179/179 207/207/207
f 179/179/179 208/208/208 207/207/207
f 179/179/179 180/180/180 208/208/208
f 180/180/180 209/209/209 208/208/208
f 180/180/180 181/181/181 209/209/209
f 181/181/181 210/210/210 209/209/209
f 181/181/181 182/182/182 210/210/210
f 182/182/182 211/211/211 210/210/210
f 182/182/182 183/183/183 211/211/211
f 183/183/183 212/212/212 211/211/211
f 183/183/183 184/184/184 212/212/212
f 184/184/184 213/213/213 212/212/212
f 184/184/184 185/185/185 213/213/213
f 185/185/185 214/214/214 213/213/213
f 185/185/185 186/186/186 214/214/214
f 186/186/186 215/215/215 214/214/214
f 186/186/186 187/187/187 215/215/215
f 187/187/187 216/216/216 215/215/215
f 187/187/187 188/188/188 216/216/216
f 188/188/188 217/217/217 216/216/216
f 188/188/188 189/189/189 217/217/217
f 189/189/189 218/218/218 217/217/217
f 189/189/189 190/190/190 218/218/218
f 190/190/190 219/219/219 218/218/218
f 190/190/190 191/191/191 219/219/219
f 191/191/191 220/220/220 219/219/219
f 191/191/191 192/192/192 220/220/220
f 192/192/192 221/221/221 220/220/220
f 192/192/192 193/193/193 221/221/221
f 193/193/193 222/222/222 221/221/221
f 193/193/193 194/194/194 222/222/222
f 194/194/194 223/223/223 222/222/222
f 194/194/194 195/195/195 223/223/223
f 195/195/195 224/224/224 223/223/223
f 195/195/195 196/196/196 224/224/224
f 196/196/196 225/225/225 224/224/224
f 196/196/196 197/197/197 225/225/225
f 197/197/197 226/226/226 225/225/225
f 197/197/197 198/198/198 226/226/226
f 198/198/198 227/227/227 226/226/226
f 198/198/198 199/199/199 227/227/227
f 199/199/199 228/228/228 227/227/227
f 199/199/199 200/200/200 228/228/228
f 200/200/200 229/229/229 228/228/228
f 200/200/200 201/201/201 229/229/229
f 201/201/201 230/230/230 229/229/229
f 201/201/201 202/202/202 230/230/230
f 202/202/202 231/231/231 230/230/230
f 202/202/202 203/203/203 231/231/231
f 203/203/203 232/232/232 231/231/231
f 204/204/204 205/205/205 233/233/233
f 205/205/205 234/234/234 233/233/233
f 205/205/205 206/206/206 234/234/234
f 206/206/206 235/235/235 234/234/234
f 206/206/206 207/207/207 235/235/235
f 207/207/207 236/236/236 235/235/235
f 207/207/207 208/208/208 236/236/236
f 208/208/208 237/237/237 236/236/236
f 208/208/208 209/209/209 237/237/237
f 209/209/209 238/238/238 237/237/237
f 209/209/209 210/210/210 238/238/238
f 210/210/210 239/239/239 238/238/238
f 210/210/210 211/211/211 239/239/239
f 211/211/211 240/240/240 239/239/239
f 211/211/211 212/212/212 240/240/240
f 212/212/212 241/241/241 240/240/240
f 212/212/212 213/213/213 241/241/241
f 213/213/213 242/242/242 241/241/241
f 213/213/213 214/214/214 242/242/242
f 214/214/214 243/243/243 242/242/242
f 214/214/214 215/215/215 243/243/243
f 215/215/215 244/244/244 243/243/243
f 215/215/215 216/216/216 244/244/244
f 216/216/216 245/245/245 244/244/244
f 216/216/216 217/217/217 245/245/245
f 217/217/217 246/246/246 245/245/245
f 217/217/217 218/218/218 246/246/246
f 218/218/218 247/247/247 246/246/246
f 218/218/218 219/219/219 247/247/247
f 219/219/219 248/248/248 247/247/247
f 219/219/219 220/220/220 248/248/248
f 220/220/220 249/249/249 248/248/248
f 220/220/220 221/221/221 249/249/249
f 221/221/221 250/250/250 249/249/249
f 221/221/221 222/222/222 250/250/250
f 222/222/222 251/251/251 250/250/250
f 222/222/222 223/223/223 251/251/251
f 223/223/223 252/252/252 251/251/251
f 223/223/223 224/224/224 252/252/252
f 224/224/224 253/253/253 252/252/252
f 224/224/224 225/225/225 253/253/253
f 225/225/225 254/254/254 253/253/253
f 225/225/225 226/226/226 254/254/254
f 226/226/226 255/255/255 254/254/254
f 226/226/226 227/227/227 255/255/255
f 227/227/227 256/256/256 255/255/255
f 227/227/227 228/228/228 256/256/256
f 228/228/228 257/257/257 256/256/256
f 228/228/228 229/229/229 257/257/257
f 229/229/229 258/258/258 257/257/257
f 229/229/229 230/230/230 258/258/258
f 230/230/230 259/259/259 258/258/258
f 230/230/230 231/231/231 259/259/259
f 231/231/231 260/260/260 259/259/259
f 231/231/231 232/232/232 260/260/260
f 232/232/232 261/261/261 260/260/260
f 233/233/233 234/234/234 262/262/262
f 234/234/234 263/263/263 262/262/262
f 234/234/234 235/235/235 263/263/263
f 235/235/235 264/264/264 263/263/263
f 235/235/235 236/236/236 264/264/264
f 236/236/236 265/265/265 264/264/264
f 236/236/236 237/237/237 265/265/265
f 237/237/237 266/266/266 265/265/265
f 237/237/237 238/238/238 266/266/266
f 238/238/238 267/267/267 266/266/266
f 238/238/238 239/239/239 267/267/267
f 239/239/239 268/268/268 267/267/267
f 239/239/239 240/240/240 268/268/268
f 240/240/240 269/269/269 268/268/268
f 240/240/240 241/241/241 269/269/269
f 241/241/241 270/270/270 269/269/269
f 241/241/241 242/242/242 270/270/270
f 242/242/242 271/271/271 270/270/270
f 242/242/242 243/243/243 271/271/271
f 243/243/243 272/272/272 271/271/271
f 243/243/243 244/244/244 272/272/272
f 244/244/244 273/273/273 272/272/272
f 244/244/244 245/245/245 273/273/273
f 245/245/245 274/274/274 273/273/273
f 245/245/245 246/246/246 274/274/274
f 246/246/246 275/275/275 274/274/274
f 246/246/246 247/247/247 275/275/275
f 247/247/247 276/276/276 275/275/275
f 247/247/247 248/248/248 276/276/276
f 248/248/248 277/277/277 276/276/276
f 248/248/248 249/249/249 277/277/277
f 249/249/249 278/278/278 277/277/277
f 249/249/249 250/250/250 278/278/278
f 250/250/250 279/279/279 278/278/278
f 250/250/250 251/251/251 279/279/279
f 251/251/251 280/280/280 279/279/279
f 251/251/251 252/252/252 280/280/280
f 252/252/252 281/281/281 280/280/280
f 252/252/252 253/253/253 281/281/281
f 253/253/253 282/282/282 281/281/281
f 253/253/253 254/254/254 282/282/282
f 254/254/254 283/283/283 282/282/282
f 254/254/254 255/255/255 283/283/283
f 255/255/255 284/284/284 283/283/283
f 255/255/255 256/256/256 284/284/284
f 256/256/256 285/285/285 284/284/284
f 256/256/256 257/257/257 285/285/285
f 257/257/257 286/286/286 285/285/285
f 257/257/257 258/258/258 286/286/286
f 258/258/258 287/287/287 286/286/286
f 258/258/258 259/259/259 287/287/287
f 259/259/259 288/288/288 287/287/287
f 259/259/259 260/260/260 288/288/288
f 260/260/260 289/289/289 288/288/288
f 260/260/260 261/261/261 289/289/289
f 261/261/261 290/290/290 289/289/289
f 262/262/262 263/263/263 291/291/291
f 263/263/263 292/292/292 291/291/291
f 263/263/263 264/264/264 292/292/292
f 264/264/264 293/293/293 292/292/292
f 264/264/264 265/265/265 293/293/293
f 265/265/265 294/294/294 293/293/293
f 265/265/265 266/266/266 294/294/294
f 266/266/266 295/295/295 294/294/294
f 266/266/266 267/267/267 295/295/295
f 267/267/267 296/296/296 295/295/295
f 267/267/267 268/268/268 296/296/296
f 268/268/268 297/297/297 296/296/296
f 268/268/268 269/269/269 297/297/297
f 269/269/269 298/298/298 297/297/297
f 269/269/269 270/270/270 298/298/298
f 270/270/270 299/299/299 298/298/298
f 270/270/270 271/271/271 299/299/299
f 271/271/271 300/300/300 299/299/299
f 271/271/271 272/272/272 300/300/300
f 272/272/272 301/301/301 300/300/300
f 272/272/272 273/273/273 301/301/301
f 273/273/273 302/302/302 301/301/301
f 273/273/273 274/274/274 302/302/302
f 274/274/274 303/303/303 302/302/302
f 274/274/274 275/275/275 303/303/303
f 275/275/275 304/304/304 303/303/303
f 275/275/275 276/276/276 304/304/304
f 276/276/276 305/305/305 304/304/304
f 276/276/276 277/277/277 305/305/305
f 277/277/277 306/306/306 305/305/305
f 277/277/277 278/278/278 306/306/306
f 278/278/278 307/307/307 306/306/306
f 278/278/278 279/279/279 307/307/307
f 279/279/279 308/308/308 307/307/307
f 279/279/279 280/280/280 308/308/308
f 280/280/280 309/309/309 308/308/308
f 280/280/280 281/281/281 309/309/309
f 281/281/281 310/310/310 309/309/309
f 281/281/281 282/282/282 310/310/310
f 282/282/282 311/311/311 310/310/310
f 282/282/282 283/283/283 311/311/311
f 283/283/283 312/312/312 311/311/311
f 283/283/283 284/284/284 312/312/312
f 284/284/284 313/313/313 312/312/312
f 284/284/284 285/285/285 313/313/313
f 285/285/285 314/314/314 313/313/313
f 285/285/285 286/286/286 314/314/314
f 286/286/286 315/315/315 314/314/314
f 286/286/286 287/287/287 315/315/315
f 287/287/287 316/316/316 315/315/315
f 287/287/287 288/288/288 316/316/316
f 288/288/288 317/317/317 316/316/316
f 288/288/288 289/289/289 317/317/317
f 289/289/289 318/318/318 317/317/317
f 289/289/289 290/290/290 318/318/318
f 290/290/290 319/319/319 318/318/318
f 291/291/291 292/292/292 320/320/320
f 292/292/292 321/321/321 320/320/320
f 292/292/292 293/293/293 321/321/321
f 293/293/293 322/322/322 321/321/321
f 293/293/293 294/294/294 322/322/322
f 294/294/294 323/323/323 322/322/322
f 294/294/294 295/295/295 323/323/323
f 295/295/295 324/324/324 323/323/323
f 295/295/295 296/296/296 324/324/324
f 296/296/296 325/325/325 324/324/324
f 296/296/296 297/297/297 325/325/325
f 297/297/297 326/326/326 325/325/325
f 297/297/297 298/298/298 326/326/326
f 298/298/298 327/327/327 326/326/326
f 298/298/298 299/299/299 327/327/327
f 299/299/299 328/328/328 327/327/327
f 299/299/299 300/300/300 328/328/328
f 300/300/300 329/329/329 328/328/328
f 300/300/300 301/301/301 329/329/329
f 301/301/301 330/330/330 329/329/329
f 301/301/301 302/302/302 330/330/330
f 302/302/302 331/331/331 330/330/330
f 302/302/302 303/303/303 331/331/331
f 303/303/303 332/332/332 331/331/331
f 303/303/303 304/304/304 332/332/332
f 304/304/304 333/333/333 332/332/332
f 304/304/304 305/305/305 333/333/333
f 305/305/305 334/334/334 333/333/333
f 305/305/305 306/306/306 334/334/334
f 306/306/306 335/335/335 334/334/334
f 306/306/306 307/307/307 335/335/335
f 307/307/307 336/336/336 335/335/335
f 307/307/307 308/308/308 336/336/336
f 308/308/308 337/337/337 336/336/336
f 308/308/308 309/309/309 337/337/337
f 309/309/309 338/338/338 337/337/337
f 309/309/309 310/310/310 338/338/338
f 310/310/310 339/339/339 338/338/338
f 310/310/310 311/311/311 339/339/339
f 311/311/311 340/340/340 339/339/339
f 311/311/311 312/312/312 340/340/340
f 312/312/312 341/341/341 340/340/340
f 312/312/312 313/313/313 341/341/341
f 313/313/313 342/342/342 341/341/341
f 313/313/313 314/314/314 342/342/342
f 314/314/314 343/343/343 342/342/342
f 314/314/314 315/315/315 343/343/343
f 315/315/315 344/344/344 343/343/343
f 315/315/315 316/316/316 344/344/344
f 316/316/316 345/345/345 344/344/344
f 316/316/316 317/317/317 345/345/345
f 317/317/317 346/346/346 345/345/345
f 317/317/317 318/318/318 346/346/346
f 318/318/318 347/347/347 346/346/346
f 318/318/318 319/319/319 347/347/347
f 319/319/319 348/348/348 347/347/347
f 320/320/320 321/321/321 349/349/349
f 321/321/321 350/350/350 349/349/349
f 321/321/321 322/322/322 350/350/350
f 322/322/322 351/351/351 350/350/350
f 322/322/322 323/323/323 351/351/351
f 323/323/323 352/352/352 351/351/351
f 323/323/323 324/324/324 352/352/352
f 324/324/324 353/353/353 352/352/352
f 324/324/324 325/325/325 353/353/353
f 325/325/325 354/354/354 353/353/353
f 325/325/325 326/326/326 354/354/354
f 326/326/326 355/355/355 354/354/354
f 326/326/326 327/327/327 355/355/355
f 327/327/327 356/356/356 355/355/355
f 327/327/327 328/328/328 356/356/356
f 328/328/328 357/357/357 356/356/356
f 328/328/328 329/329/329 357/357/357
f 329/329/329 358/358/358 357/357/357
f 329/329/329 330/330/330 358/358/358
f 330/330/330 359/359/359 358/358/358
f 330/330/330 331/331/331 359/359/359
f 331/331/331 360/360/360 359/359/359
f 331/331/331 332/332/332 360/360/360
f 332/332/332 361/361/361 360/360/360
f 332/332/332 333/333/333 361/361/361
f 333/333/333 362/362/362 361/361/361
f 333/333/333 334/334/334 362/362/362
f 334/334/334 363/363/363 362/362/362
f 334/334/334 335/335/335 363/363/363
f 335/335/335 364/364/364 363/363/363
f 335/335/335 336/336/336 364/364/364
f 336/336/336 365/365/365 364/364/364
f 336/336/336 337/337/337 365/365/365
f 337/337/337 366/366/366 365/365/365
f 337/337/337 338/338/338 366/366/366
f 338/338/338 367/367/367 366/366/366
f 338/338/338 339/339/339 367/367/367
f 339/339/339 368/368/368 367/367/367
f 339/339/339 340/340/340 368/368/368
f 340/340/340 369/369/369 368/368/368
f 340/340/340 341/341/341 369/369/369
f 341/341/341 370/370/370 369/369/369
f 341/341/341 342/342/342 370/370/370
f 342/342/342 371/371/371 370/370/370
f 342/342/342 343/343/343 371/371/371
f 343/343/343 372/372/372 371/371/371
f 343/343/343 344/344/344 372/372/372
f 344/344/344 373/373/373 372/372/372
f 344/344/344 345/345/345 373/373/373
f 345/345/345 374/374/374 373/373/373
f 345/345/345 346/346/346 374/374/374
f 346/346/346 375/375/375 374/374/374
f 346/346/346 347/347/347 375/375/375
f 347/347/347 376/376/376 375/375/375
f 347/347/347 348/348/348 376/376/376
f 348/348/348 377/377/377 376/376/376
f 349/349/349 350/350/350 378/378/378
f 350/350/350 379/379/379 378/378/378
f 350/350/350 351/351/351 379/379/379
f 351/351/351 380/380/380 379/379/379
f 351/351/351 352/352/352 380/380/380
f 352/352/352 381/381/381 380/380/380
f 352/352/352 353/353/353 381/381/381
f 353/353/353 382/382/382 381/381/381
f 353/353/353 354/354/354 382/382/382
f 354/354/354 383/383/383 382/382/382
f 354/354/354 355/355/355 383/383/383
f 355/355/355 384/384/384 383/383/383
f 355/355/355 356/356/356 384/384/384
f 356/356/356 385/385/385 384/384/384
f 356/356/356 357/357/357 385/385/385
f 357/357/357 386/386/386 385/385/385
f 357/357/357 358/358/358 386/386/386
f 358/358/358 387/387/387 386/386/386
f 358/358/358 359/359/359 387/387/387
f 359/359/359 388/388/388 387/387/387
f 359/359/359 360/360/360 388/388/388
f 360/360/360 389/389/389 388/388/388
f 360/360/360 361/361/361 389/389/389
f 361/361/361 390/390/390 389/389/389
f 361/361/361 362/362/362 390/390/390
f 362/362/362 391/391/391 390/390/390
f 362/362/362 363/363/363 391/391/391
f 363/363/363 392/392/392 391/391/391
f 363/363/363 364/364/364 392/392/392
f 364/364/364 393/393/393 392/392/392
f 364/364/364 365/365/365 393/393/393
f 365/365/365 394/394/394 393/393/393
f 365/365/365 366/366/366 394/394/394
f 366/366/366 395/395/395 394/394/394
f 366/366/366 367/367/367 395/395/395
f 367/367/367 396/396/396 395/395/395
f 367/367/367 368/368/368 396/396/396
f 368/368/368 397/397/397 396/396/396
f 368/368/368 369/369/369 397/397/397
f 369/369/369 398/398/398 397/397/397
f 369/369/369 370/370/370 398/398/398
f 370/370/370 399/399/399 398/398/398
f 370/370/370 371/371/371 399/399/399
f 371/371/371 400/400/400 399/399/399
f 371/371/371 372/372/372 400/400/400
f 372/372/372 401/401/401 400/400/400
f 372/372/372 373/373/373 401/401/401
f 373/373/373 402/402/402 401/401/401
f 373/373/373 374/374/374 402/402/402
f 374/374/374 403/403/403 402/402/402
f 374/374/374 375/375/375 403/403/403
f 375/375/375 404/404/404 403/403/403
f 375/375/375 376/376/376 404/404/404
f 376/376/376 405/405/405 404/404/404
f 376/376/376 377/377/377 405/405/405
f 377/377/377 406/406/406 405/405/405
f 378/378/378 379/379/379 407/407/407
f 379/379/379 408/408/408 407/407/407
f 379/379/379 380/380/380 408/408/408
f 380/380/380 409/409/409 408/408/408
f 380/380/380 381/381/381 409/409/409
f 381/381/381 410/410/410 409/409/409
f 381/381/381 382/382/382 410/410/410
f 382/382/382 411/411/411 410/410/410
f 382/382/382 383/383/383 411/411/411
f 383/383/383 412/412/412 411/411/411
f 383/383/383 384/384/384 412/412/412
f 384/384/384 413/413/413 412/412/412
f 384/384/384 385/385/385 413/413/413
f 385/385/385 414/414/414 413/413/413
f 385/385/385 386/386/386 414/414/414
f 386/386/386 415/415/415 414/414/414
f 386/386/386 387/387/387 415/415/415
f 387/387/387 416/416/416 415/415/415
f 387/387/387 388/388/388 416/416/416
f 388/388/388 417/417/417 416/416/416
f 388/388/388 389/389/389 417/417/417
f 389/389/389 418/418/418 417/417/417
f 389/389/389 390/390/390 418/418/418
f 390/390/390 419/419/419 418/418/418
f 390/390/390 391/391/391 419/419/419
f 391/391/391 420/420/420 419/419/419
f 391/391/391 392/392/392 420/420/420
f 392/392/392 421/421/421 420/420/420
f 392/392/392 393/393/393 421/421/421
f 393/393/393 422/422/422 421/421/421
f 393/393/393 394/394/394 422/422/422
f 394/394/394 423/423/423 422/422/422
f 394/394/394 395/395/395 423/423/423
f 395/395/395 424/424/424 423/423/423
f 395/395/395 396/396/396 424/424/424
f 396/396/396 425/425/425 424/424/424
f 396/396/396 397/397/397 425/425/425
f 397/397/397 426/426/426 425/425/425
f 397/397/397 398/398/398 426/426/426
f 398/398/398 427/427/427 426/426/426
f 398/398/398 399/399/399 427/427/427
f 399/399/399 428/428/428 427/427/427
f 399/399/399 400/400/400 428/428/428
f 400/400/400 429/429/429 428/428/428
f 400/400/400 401/401/401 429/429/429
f 401/401/401 430/430/430 429/429/429
f 401/401/401 402/402/402 430/430/430
f 402/402/402 431/431/431 430/430/430
f 402/402/402 403/403/403 431/431/431
f 403/403/403 432/432/432 431/431/431
f 403/403/403 404/404/404 432/432/432
f 404/404/404 433/433/433 432/432/432
f 404/404/404 405/405/405 433/433/433
f 405/405/405 434/434/434 433/433/433
f 405/405/405 406/406/406 434/434/434
f 406/406/406 435/435/435 434/434/434
f 407/407/407 408/408/408 436/436/436
f 408/408/408 437/437/437 436/436/436
f 408/408/408 409/409/409 437/437/437
f 409/409/409 438/438/438 437/437/437
f 409/409/409 410/410/410 438/438/438
f 410/410/410 439/439/439 438/438/438
f 410/410/410 411/411/411 439/439/439
f 411/411/411 440/440/440 439/439/439
f 411/411/411 412/412/412 440/440/440
f 412/412/412 441/441/441 440/440/440
f 412/412/412 413/413/413 441/441/441
f 413/413/413 442/442/442 441/441/441
f 413/413/413 414/414/414 442/442/442
f 414/414/414 443/443/443 442/442/442
f 414/414/414 415/415/415 443/443/443
f 415/415/415 444/444/444 443/443/443
f 415/415/415 416/416/416 444/444/444
f 416/416/416 445/445/445 444/444/444
f 416/416/416 417/417/417 445/445/445
f 417/417/417 446/446/446 445/445/445
f 417/417/417 418/418/418 446/446/446
f 418/418/418 447/447/447 446/446/446
f 418/418/418 419/419/419 447/447/447
f 419/419/419 448/448/448 447/447/447
f 419/419/419 420/420/420 448/448/448
f 420/420/420 449/449/449 448/448/448
f 420/420/420 421/421/421 449/449/449
f 421/421/421 450/450/450 449/449/449
f 421/421/421 422/422/422 450/450/450
f 422/422/422 451/451/451 450/450/450
f 422/422/422 423/423/423 451/451/451
f 423/423/423 452/452/452 451/451/451
f 423/423/423 424/424/424 452/452/452
f 424/424/424 453/453/453 452/452/452
f 424/424/424 425/425/425 453/453/453
f 425/425/425 454/454/454 453/453/453
f 425/425/425 426/426/426 454/454/454
f 426/426/426 455/455/455 454/454/454
f 426/426/426 427/427/427 455/455/455
f 427/427/427 456/456/456 455/455/455
f 427/427/427 428/428/428 456/456/456
f 428/428/428 457/457/457 456/456/456
f 428/428/428 429/429/429 457/457/457
f 429/429/429 458/458/458 457/457/457
f 429/429/429 430/430/430 458/458/458
f 430/430/430 459/459/459 458/458/458
f 430/430/430 431/431/431 459/459/459
f 431/431/431 460/460/460 459/459/459
f 431/431/431 432/432/432 460/460/460
f 432/432/432 461/461/461 460/460/460
f 432/432/432 433/433/433 461/461/461
f 433/433/433 462/462/462 461/461/461
f 433/433/433 434/434/434 462/462/462
f 434/434/434 463/463/463 462/462/462
f 434/434/434 435/435/435 463/463/463
f 435/435/435 464/464/464 463/463/463
f 436/436/436 437/437/437 465/465/465
f 437/437/437 466/466/466 465/465/465
f 437/437/437 438/438/438 466/466/466
f 438/438/438 467/467/467 466/466/466
f 438/438/438 439/439/439 467/467/467
f 439/439/439 468/468/468 467/467/467
f 439/439/439 440/440/440 468/468/468
f 440/440/440 469/469/469 468/468/468
f 440/440/440 441/441/441 469/469/469
f 441/441/441 470/470/470 469/469/469
f 441/441/441 442/442/442 470/470/470
f 442/442/442 471/471/471 470/470/470
f 442/442/442 443/443/443 471/471/471
f 443/443/443 472/472/472 471/471/471
f 443/443/443 444/444/444 472/472/472
f 444/444/444 473/473/473 472/472/472
f 444/444/444 445/445/445 473/473/473
f 445/445/445 474/474/474 473/473/473
f 445/445/445 446/446/446 474/474/474
f 446/446/446 475/475/475 474/474/474
f 446/446/446 447/447/447 475/475/475
f 447/447/447 476/476/476 475/475/475
f 447/447/447 448/448/448 476/476/476
f 448/448/448 477/477/477 476/476/476
f 448/448/448 449/449/449 477/477/477
f 449/449/449 478/478/478 477/477/477
f 449/449/449 450/450/450 478/478/478
f 450/450/450 479/479/479 478/478/478
f 450/450/450 451/451/451 479/479/479
f 451/451/451 480/480/480 479/479/479
f 451/451/451 452/452/452 480/480/480
f 452/452/452 481/481/481 480/480/480
f 452/452/452 453/453/453 481/481/481
f 453/453/453 482/482/482 481/481/481
f 453/453/453 454/454/454 482/482/482
f 454/454/454 483/483/483 482/482/482
f 454/454/454 455/455/455 483/483/483
f 455/455/455 484/484/484 483/483/483
f 455/455/455 456/456/456 484/484/484
f 456/456/456 485/485/485 484/484/484
f 456/456/456 457/457/457 485/485/485
f 457/457/457 486/486/486 485/485/485
f 457/457/457 458/458/458 486/486/486
f 458/458/458 487/487/487 486/486/486
f 458/458/458 459/459/459 487/487/487
f 459/459/459 488/488/488 487/487/487
f 459/459/459 460/460/460 488/488/488
f 460/460/460 489/489/489 488/488/488
f 460/460/460 461/461/461 489/489/489
f 461/461/461 490/490/490 489/489/489
f 461/461/461 462/462/462 490/490/490
f 462/462/462 491/491/491 490/490/490
f 462/462/462 463/463/463 491/491/491
f 463/463/463 492/492/492 491/491/491
f 463/463/463 464/464/464 492/492/492
f 464/464/464 493/493/493 492/492/492
f 465/465/465 466/466/466 494/494/494
f 466/466/466 495/495/495 494/494/494
f 466/466/466 467/467/467 495/495/495
f 467/467/467 496/496/496 495/495/495
f 467/467/467 468/468/468 496/496/496
f 468/468/468 497/497/497 496/496/496
f 468/468/468 469/469/469 497/497/497
f 469/469/469 498/498/498 497/497/497
f 469/469/469 470/470/470 498/498/498
f 470/470/470 499/499/499 498/498/498
f 470/470/470 471/471/471 499/499/499
f 471/471/471 500/500/500 499/499/499
f 471/471/471 472/472/472 500/500/500
f 472/472/472 501/501/501 500/500/500
f 472/472/472 473/473/473 501/501/501
f 473/473/473 502/502/502 501/501/501
f 473/473/473 474/474/474 502/502/502
f 474/474/474 503/503/503 502/502/502
f 474/474/474 475/475/475 503/503/503
f 475/475/475 504/504/504 503/503/503
f 475/475/475 476/476/476 504/504/504
f 476/476/476 505/505/505 504/504/504
f 476/476/476 477/477/477 505/505/505
f 477/477/477 506/506/506 505/505/505
f 477/477/477 478/478/478 506/506/506
f 478/478/478 507/507/507 506/506/506
f 478/478/478 479/479/479 507/507/507
f 479/479/479 508/508/508 507/507/507
f 479/479/479 480/480/480 508/508/508
f 480/480/480 509/509/509 508/508/508
f 480/480/480 481/481/481 509/509/509
f 481/481/481 510/510/510 509/509/509
f 481/481/481 482/482/482 510/510/510
f 482/482/482 511/511/511 510/510/510
f 482/482/482 483/483/483 511/511/511
f 483/483/483 512/512/512 511/511/511
f 483/483/483 484/484/484 512/512/512
f 484/484/484 513/513/513 512/512/512
f 484/484/484 485/485/485 513/513/513
f 485/485/485 514/514/514 513/513/513
f 485/485/485 486/486/486 514/514/514
f 486/486/486 515/515/515 514/514/514
f 486/486/486 487/487/487 515/515/515
f 487/487/487 516/516/516 515/515/515
f 487/487/487 488/488/488 516/516/516
f 488/488/488 517/517/517 516/516/516
f 488/488/488 489/489/489 517/517/517
f 489/489/489 518/518/518 517/517/517
f 489/489/489 490/490/490 518/518/518
f 490/490/490 519/519/519 518/518/518
f 490/490/490 491/491/491 519/519/519
f 491/491/491 520/520/520 519/519/519
f 491/491/491 492/492/492 520/520/520
f 492/492/492 521/521/521 520/520/520
f 492/492/492 493/493/493 521/521/521
f 493/493/493 522/522/522 521/521/521
f 494/494/494 495/495/495 523/523/523
f 495/495/495 524/524/524 523/523/523
f 495/495/495 496/496/496 524/524/524
f 496/496/496 525/525/525 524/524/524
f 496/496/496 497/497/497 525/525/525
f 497/497/497 526/526/526 525/525/525
f 497/497/497 498/498/498 526/526/526
f 498/498/498 527/527/527 526/526/526
f 498/498/498 499/499/499 527/527/527
f 499/499/499 528/528/528 527/527/527
f 499/499/499 500/500/500 528/528/528
f 500/500/500 529/529/529 528/528/528
f 500/500/500 501/501/501 529/529/529
f 501/501/501 530/530/530 529/529/529
f 501/501/501 502/502/502 530/530/530
f 502/502/502 531/531/531 530/530/530
f 502/502/502 503/503/503 531/531/531
f 503/503/503 532/532/532 531/531/531
f 503/503/503 504/504/504 532/532/532
f 504/504/504 533/533/533 532/532/532
f 504/504/504 505/505/505 533/533/533
f 505/505/505 534/534/534 533/533/533
f 505/505/505 506/506/506 534/534/534
f 506/506/506 535/535/535 534/534/534
f 506/506/506 507/507/507 535/535/535
f 507/507/507 536/536/536 535/535/535
f 507/507/507 508/508/508 536/536/536
f 508/508/508 537/537/537 536/536/536
f 508/508/508 509/509/509 537/537/537
f 509/509/509 538/538/538 537/537/537
f 509/509/509 510/510/510 538/538/538
f 510/510/510 539/539/539 538/538/538
f 510/510/510 511/511/511 539/539/539
f 511/511/511 540/540/540 539/539/539
f 511/511/511 512/512/512 540/540/540
f 512/512/512 541/541/541 540/540/540
f 512/512/512 513/513/513 541/541/541
f 513/513/513 542/542/542 541/541/541
f 513/513/513 514/514/514 542/542/542
f 514/514/514 543/543/543 542/542/542
f 514/514/514 515/515/515 543/543/543
f 515/515/515 544/544/544 543/543/543
f 515/515/515 516/516/516 544/544/544
f 516/516/516 545/545/545 544/544/544
f 516/516/516 517/517/517 545/545/545
f 517/517/517 546/546/546 545/545/545
f 517/517/517 518/518/518 546/546/546
f 518/518/518 547/547/547 546/546/546
f 518/518/518 519/519/519 547/547/547
f 519/519/519 548/548/548 547/547/547
f 519/519/519 520/520/520 548/548/548
f 520/520/520 549/549/549 548/548/548
f 520/520/520 521/521/521 549/549/549
f 521/521/521 550/550/550 549/549/549
f 521/521/521 522/522/522 550/550/550
f 522/522/522 551/551/551 550/550/550
f 523/523/523 524/524/524 552/552/552
f 524/524/524 553/553/553 552/552/552
f 524/524/524 525/525/525 553/553/553
f 525/525/525 554/554/554 553/553/553
f 525/525/525 526/526/526 554/554/554
f 526/526/526 555/555/555 554/554/554
f 526/526/526 527/527/527 555/555/555
f 527/527/527 556/556/556 555/555/555
f 527/527/527 528/528/528 556/556/556
f 528/528/528 557/557/557 556/556/556
f 528/528/528 529/529/529 557/557/557
f 529/529/529 558/558/558 557/557/557
f 529/529/529 530/530/530 558/558/558
f 530/530/530 559/559/559 558/558/558
f 530/530/530 531/531/531 559/559/559
f 531/531/531 560/560/560 559/559/559
f 531/531/531 532/532/532 560/560/560
f 532/532/532 561/561/561 560/560/560
f 532/532/532 533/533/533 561/561/561
f 533/533/533 562/562/562 561/561/561
f 533/533/533 534/534/534 562/562/562
f 534/534/534 563/563/563 562/562/562
f 534/534/534 535/535/535 563/563/563
f 535/535/535 564/564/564 563/563/563
f 535/535/535 536/536/536 564/564/564
f 536/536/536 565/565/565 564/564/564
f 536/536/536 537/537/537 565/565/565
f 537/537/537 566/566/566 565/565/565
f 537/537/537 538/538/538 566/566/566
f 538/538/538 567/567/567 566/566/566
f 538/538/538 539/539/539 567/567/567
f 539/539/539 568/568/568 567/567/567
f 539/539/539 540/540/540 568/568/568
f 540/540/540 569/569/569 568/568/568
f 540/540/540 541/541/541 569/569/569
f 541/541/541 570/570/570 569/569/569
f 541/541/541 542/542/542 570/570/570
f 542/542/542 571/571/571 570/570/570
f 542/542/542 543/543/543 571/571/571
f 543/543/543 572/572/572 571/571/571
f 543/543/543 544/544/544 572/572/572
f 544/544/544 573/573/573 572/572/572
f 544/544/544 545/545/545 573/573/573
f 545/545/545 574/574/574 573/573/573
f 545/545/545 546/546/546 574/574/574
f 546/546/546 575/575/575 574/574/574
f 546/546/546 547/547/547 575/575/575
f 547/547/547 576/576/576 575/575/575
f 547/547/547 548/548/548 576/576/576
f 548/548/548 577/577/577 576/576/576
f 548/548/548 549/549/549 577/577/577
f 549/549/549 578/578/578 577/577/577
f 549/549/549 550/550/550 578/578/578
f 550/550/550 579/579/579 578/578/578
f 550/550/550 551/551/551 579/579/579
f 551/551/551 580/580/580 579/579/579
f 552/552/552 553/553/553 581/581/581
f 553/553/553 582/582/582 581/581/581
f 553/553/553 554/554/554 582/582/582
f 554/554/554 583/583/583 582/582/582
f 554/554/554 555/555/555 583/583/583
f 555/555/555 584/584/584 583/583/583
f 555/555/555 556/556/556 584/584/584
f 556/556/556 585/585/585 584/584/584
f 556/556/556 557/557/557 585/585/585
f 557/557/557 586/586/586 585/585/585
f 557/557/557 558/558/558 586/586/586
f 558/558/558 587/587/587 586/586/586
f 558/558/558 559/559/559 587/587/587
f 559/559/559 588/588/588 587/587/587
f 559/559/559 560/560/560 588/588/588
f 560/560/560 589/589/589 588/588/588
f 560/560/560 561/561/561 589/589/589
f 561/561/561 590/590/590 589/589/589
f 561/561/561 562/562/562 590/590/590
f 562/562/562 591/591/591 590/590/590
f 562/562/562 563/563/563 591/591/591
f 563/563/563 592/592/592 591/591/591
f 563/563/563 564/564/564 592/592/592
f 564/564/564 593/593/593 592/592/592
f 564/564/564 565/565/565 593/593/593
f 565/565/565 594/594/594 593/593/593
f 565/565/565 566/566/566 594/594/594
f 566/566/566 595/595/595 594/594/594
f 566/566/566 567/567/567 595/595/595
f 567/567/567 596/596/596 595/595/595
f 567/567/567 568/568/568 596/596/596
f 568/568/568 597/597/597 596/596/596
f 568/568/568 569/569/569 597/597/597
f 569/569/569 598/598/598 597/597/597
f 569/569/569 570/570/570 598/598/598
f 570/570/570 599/599/599 598/598/598
f 570/570/570 571/571/571 599/599/599
f 571/571/571 600/600/600 599/599/599
f 571/571/571 572/572/572 600/600/600
f 572/572/572 601/601/601 600/600/600
f 572/572/572 573/573/573 601/601/601
f 573/573/573 602/602/602 601/601/601
f 573/573/573 574/574/574 602/602/602
f 574/574/574 603/603/603 602/602/602
f 574/574/574 575/575/575 603/603/603
f 575/575/575 604/604/604 603/603/603
f 575/575/575 576/576/576 604/604/604
f 576/576/576 605/605/605 604/604/604
f 576/576/576 577/577/577 605/605/605
f 577/577/577 606/606/606 605/605/605
f 577/577/577 578/578/578 606/606/606
f 578/578/578 607/607/607 606/606/606
f 578/578/578 579/579/579 607/607/607
f 579/579/579 608/608/608 607/607/607
f 579/579/579 580/580/580 608/608/608
f 580/580/580 609/609/609 608/608/608
o sphere_part_1
usemtl part_1
v 0 6.01 0
v 0 6.01 0
v 0 6.01 0
v 0 6.01 0
v 0 6.01 0
v 0 6.01 0
v 0 6.01 0
v 0 6.01 0
v 0 6.01 0
v 0 6.01 0
v 0 6.01 0
v 0 6.01 0
v 0 6.01 0
v 0 6.01 0
v 0 6.01 0
v 0 6.01 0
v 0 6.01 0
v 0 6.01 0
v 0 6.01 0
v 0 6.01 0
v 0 6.01 0
v 0 6.01 0
v 0 6.01 0
v 0 6.01 0
v 0 6.01 0
v 0 6.01 0
v 0 6.01 0
v 0 6.01 0
v 0 6.01 0
v 0.02502952 6.00803 0
v 0.02440197 6.00803 0.005569591
v 0.02255081 6.00803 0.0108599
v 0.01956886 6.00803 0.01560565
v 0.01560565 6.00803 0.01956886
v 0.0108599 6.00803 0.02255082
v 0.005569589 6.00803 0.02440197
v -1.094075e-09 6.00803 0.02502952
v -0.005569594 6.00803 0.02440197
v -0.0108599 6.00803 0.02255081
v -0.01560565 6.00803 0.01956886
v -0.01956886 6.00803 0.01560565
v -0.02255082 6.00803 0.0108599
v -0.02440197 6.00803 0.005569591
v -0.02502952 6.00803 -2.18815e-09
v -0.02440197 6.00803 -0.00556959
v -0.02255081 6.00803 -0.01085991
v -0.01956886 6.00803 -0.01560565
v -0.01560564 6.00803 -0.01956887
v -0.0108599 6.00803 -0.02255081
v -0.005569581 6.00803 -0.02440198
v 2.98474e-10 6.00803 -0.02502952
v 0.005569594 6.00803 -0.02440197
v 0.0108599 6.00803 -0.02255081
v 0.01560565 6.00803 -0.01956886
v 0.01956886 6.00803 -0.01560565
v 0.02255081 6.00803 -0.0108599
v 0.02440197 6.00803 -0.005569589
v 0.02502952 6.00803 4.376299e-09
v 0.04944272 6.002169 0
v 0.04820308 6.002169 0.01100204
v 0.04454635 6.002169 0.02145239
v 0.03865587 6.002169 0.03082703
v 0.03082703 6.002169 0.03865588
v 0.02145239 6.002169 0.04454635
v 0.01100204 6.002169 0.04820308
v -2.16121e-09 6.002169 0.04944272
v -0.01100205 6.002169 0.04820308
v -0.0214524 6.002169 0.04454635
v -0.03082704 6.002169 0.03865587
v -0.03865588 6.002169 0.03082703
v -0.04454635 6.002169 0.02145239
v -0.04820308 6.002169 0.01100204
v -0.04944272 6.002169 -4.32242e-09
v -0.04820308 6.002169 -0.01100204
v -0.04454635 6.002169 -0.0214524
v -0.03865587 6.002169 -0.03082704
v -0.03082702 6.002169 -0.03865588
v -0.0214524 6.002169 -0.04454635
v -0.01100202 6.002169 -0.04820309
v 5.895985e-10 6.002169 -0.04944272
v 0.01100205 6.002169 -0.04820308
v 0.0214524 6.002169 -0.04454635
v 0.03082704 6.002169 -0.03865587
v 0.03865587 6.002169 -0.03082703
v 0.04454635 6.002169 -0.02145239
v 0.04820308 6.002169 -0.01100204
v 0.04944272 6.002169 8.64484e-09
v 0.07263849 5.992561 0
v 0.07081728 5.992561 0.01616359
v 0.06544501 5.992561 0.03151666
v 0.05679105 5.992561 0.04528936
v 0.04528935 5.992561 0.05679106
v 0.03151665 5.992561 0.06544501
v 0.01616358 5.992561 0.07081728
v -3.175129e-09 5.992561 0.07263849
v -0.01616359 5.992561 0.07081728
v -0.03151667 5.992561 0.06544501
v -0.04528937 5.992561 0.05679105
v -0.05679106 5.992561 0.04528935
v -0.06544501 5.992561 0.03151665
v -0.07081728 5.992561 0.01616358
v -0.07263849 5.992561 -6.350259e-09
v -0.07081728 5.992561 -0.01616358
v -0.06544501 5.992561 -0.03151668
v -0.05679105 5.992561 -0.04528936
v -0.04528935 5.992561 -0.05679107
v -0.03151667 5.992561 -0.06544501
v -0.01616356 5.992561 -0.0708173
v 8.662053e-10 5.992561 -0.07263849
v 0.01616359 5.992561 -0.07081728
v 0.03151667 5.992561 -0.06544501
v 0.04528937 5.992561 -0.05679104
v 0.05679105 5.992561 -0.04528936
v 0.06544501 5.992561 -0.03151666
v 0.07081728 5.992561 -0.01616358
v 0.07263849 5.992561 1.270052e-08
v 0.09404564 5.979443 0
v 0.09168772 5.979443 0.02092712
v 0.08473219 5.979443 0.04080488
v 0.07352784 5.979443 0.0586365
v 0.05863649 5.979443 0.07352784
v 0.04080486 5.979443 0.0847322
v 0.02092712 5.979443 0.09168772
v -4.110865e-09 5.979443 0.09404564
v -0.02092713 5.979443 0.09168772
v -0.04080488 5.979443 0.08473219
v -0.05863651 5.979443 0.07352783
v -0.07352784 5.979443 0.05863649
v -0.0847322 5.979443 0.04080486
v -0.09168772 5.979443 0.02092712
v -0.09404564 5.979443 -8.221731e-09
v -0.09168772 5.979443 -0.02092712
v -0.08473217 5.979443 -0.0408049
v -0.07352783 5.979443 -0.05863651
v -0.05863648 5.979443 -0.07352786
v -0.04080489 5.979443 -0.08473219
v -0.02092708 5.979443 -0.09168772
v 1.121483e-09 5.979443 -0.09404564
v 0.02092713 5.979443 -0.09168772
v 0.04080489 5.979443 -0.08473219
v 0.05863652 5.979443 -0.07352783
v 0.07352784 5.979443 -0.0586365
v 0.08473219 5.979443 -0.04080488
v 0.09168772 5.979443 -0.02092712
v 0.09404564 5.979443 1.644346e-08
v 0.1131371 5.963137 0
v 0.1103005 5.963137 0.02517537
v 0.101933 5.963137 0.04908834
v 0.08845413 5.963137 0.07053982
v 0.07053981 5.963137 0.08845413
v 0.04908833 5.963137 0.101933
v 0.02517536 5.963137 0.1103005
v -4.945379e-09 5.963137 0.1131371
v -0.02517539 5.963137 0.1103005
v -0.04908835 5.963137 0.101933
v -0.07053983 5.963137 0.08845412
v -0.08845413 5.963137 0.07053981
v -0.101933 5.963137 0.04908833
v -0.1103005 5.963137 0.02517537
v -0.1131371 5.963137 -9.890758e-09
v -0.1103005 5.963137 -0.02517536
v -0.101933 5.963137 -0.04908837
v -0.08845412 5.963137 -0.07053983
v -0.07053979 5.963137 -0.08845415
v -0.04908836 5.963137 -0.101933
v -0.02517533 5.963137 -0.1103005
v 1.349146e-09 5.963137 -0.1131371
v 0.02517538 5.963137 -0.1103005
v 0.04908836 5.963137 -0.101933
v 0.07053984 5.963137 -0.08845411
v 0.08845413 5.963137 -0.07053982
v 0.101933 5.963137 -0.04908834
v 0.1103005 5.963137 -0.02517536
v 0.1131371 5.963137 1.978152e-08
v 0.1294427 5.944046 0
v 0.1261973 5.944046 0.02880372
v 0.1166239 5.944046 0.05616309
v 0.1012024 5.944046 0.08070622
v 0.08070622 5.944046 0.1012024
v 0.05616308 5.944046 0.1166239
v 0.02880371 5.944046 0.1261973
v -5.658121e-09 5.944046 0.1294427
v -0.02880373 5.944046 0.1261973
v -0.05616311 5.944046 0.1166239
v -0.08070624 5.944046 0.1012024
v -0.1012024 5.944046 0.08070622
v -0.1166239 5.944046 0.05616308
v -0.1261973 5.944046 0.02880372
v -0.1294427 5.944046 -1.131624e-08
v -0.1261973 5.944046 -0.02880371
v -0.1166238 5.944046 -0.05616313
v -0.1012024 5.944046 -0.08070623
v -0.08070619 5.944046 -0.1012024
v -0.05616311 5.944046 -0.1166239
v -0.02880367 5.944046 -0.1261973
v 1.543589e-09 5.944046 -0.1294427
v 0.02880373 5.944046 -0.1261973
v 0.05616311 5.944046 -0.1166239
v 0.08070625 5.944046 -0.1012024
v 0.1012024 5.944046 -0.08070622
v 0.1166239 5.944046 -0.05616309
v 0.1261973 5.944046 -0.02880371
v 0.1294427 5.944046 2.263248e-08
v 0.142561 5.922638 0
v 0.1389867 5.922638 0.03172282
v 0.1284431 5.922638 0.06185492
v 0.1114587 5.922638 0.08888536
v 0.08888534 5.922638 0.1114587
v 0.06185491 5.922638 0.1284431
v 0.03172281 5.922638 0.1389867
v -6.231541e-09 5.922638 0.142561
v -0.03172284 5.922638 0.1389867
v -0.06185493 5.922638 0.1284431
v -0.08888538 5.922638 0.1114587
v -0.1114587 5.922638 0.08888534
v -0.1284431 5.922638 0.0618549
v -0.1389867 5.922638 0.03172282
v -0.142561 5.922638 -1.246308e-08
v -0.1389867 5.922638 -0.03172281
v -0.128443 5.922638 -0.06185495
v -0.1114587 5.922638 -0.08888537
v -0.08888534 5.922638 -0.1114587
v -0.06185494 5.922638 -0.128443
v -0.03172276 5.922638 -0.1389868
v 1.700023e-09 5.922638 -0.142561
v 0.03172283 5.922638 -0.1389867
v 0.06185494 5.922638 -0.128443
v 0.08888539 5.922638 -0.1114587
v 0.1114587 5.922638 -0.08888536
v 0.1284431 5.922638 -0.06185492
v 0.1389867 5.922638 -0.03172281
v 0.142561 5.922638 2.492616e-08
v 0.152169 5.899443 0
v 0.1483538 5.899443 0.0338608
v 0.1370996 5.899443 0.06602368
v 0.1189705 5.899443 0.09487586
v 0.09487584 5.899443 0.1189706
v 0.06602366 5.899443 0.1370996
v 0.03386078 5.899443 0.1483538
v -6.65152e-09 5.899443 0.152169
v -0.03386082 5.899443 0.1483538
v -0.06602369 5.899443 0.1370996
v -0.09487588 5.899443 0.1189705
v -0.1189706 5.899443 0.09487584
v -0.1370996 5.899443 0.06602366
v -0.1483538 5.899443 0.0338608
v -0.152169 5.899443 -1.330304e-08
v -0.1483538 5.899443 -0.03386079
v -0.1370995 5.899443 -0.06602371
v -0.1189705 5.899443 -0.09487586
v -0.09487582 5.899443 -0.1189706
v -0.0660237 5.899443 -0.1370996
v -0.03386074 5.899443 -0.1483539
v 1.814598e-09 5.899443 -0.152169
v 0.03386081 5.899443 -0.1483538
v 0.0660237 5.899443 -0.1370996
v 0.09487589 5.899443 -0.1189705
v 0.1189705 5.899443 -0.09487586
v 0.1370996 5.899443 -0.06602368
v 0.1483538 5.899443 -0.03386078
v 0.152169 5.899443 2.660608e-08
v 0.1580301 5.87503 0
v 0.154068 5.87503 0.03516502
v 0.1423802 5.87503 0.06856671
v 0.1235529 5.87503 0.09853019
v 0.09853017 5.87503 0.1235529
v 0.06856669 5.87503 0.1423802
v 0.035165 5.87503 0.154068
v -6.907717e-09 5.87503 0.1580301
v -0.03516503 5.87503 0.154068
v -0.06856672 5.87503 0.1423802
v -0.0985302 5.87503 0.1235529
v -0.1235529 5.87503 0.09853017
v -0.1423802 5.87503 0.06856668
v -0.154068 5.87503 0.03516501
v -0.1580301 5.87503 -1.381543e-08
v -0.154068 5.87503 -0.035165
v -0.1423802 5.87503 -0.06856675
v -0.1235529 5.87503 -0.0985302
v -0.09853015 5.87503 -0.123553
v -0.06856673 5.87503 -0.1423802
v -0.03516495 5.87503 -0.154068
v 1.884491e-09 5.87503 -0.1580301
v 0.03516503 5.87503 -0.154068
v 0.06856673 5.87503 -0.1423802
v 0.09853021 5.87503 -0.1235529
v 0.1235529 5.87503 -0.09853019
v 0.1423802 5.87503 -0.06856671
v 0.154068 5.87503 -0.035165
v 0.1580301 5.87503 2.763087e-08
v 0.16 5.85 0
v 0.1559885 5.85 0.03560335
v 0.144155 5.85 0.0694214
v 0.125093 5.85 0.09975837
v 0.09975836 5.85 0.125093
v 0.06942138 5.85 0.144155
v 0.03560334 5.85 0.1559885
v -6.993822e-09 5.85 0.16
v -0.03560337 5.85 0.1559885
v -0.06942141 5.85 0.144155
v -0.09975839 5.85 0.125093
v -0.125093 5.85 0.09975836
v -0.144155 5.85 0.06942137
v -0.1559885 5.85 0.03560335
v -0.16 5.85 -1.398764e-08
v -0.1559885 5.85 -0.03560334
v -0.144155 5.85 -0.06942144
v -0.125093 5.85 -0.09975839
v -0.09975833 5.85 -0.1250931
v -0.06942143 5.85 -0.144155
v -0.03560328 5.85 -0.1559885
v 1.907981e-09 5.85 -0.16
v 0.03560337 5.85 -0.1559885
v 0.06942143 5.85 -0.144155
v 0.0997584 5.85 -0.125093
v 0.125093 5.85 -0.09975837
v 0.144155 5.85 -0.0694214
v 0.1559885 5.85 -0.03560334
v 0.16 5.85 2.797529e-08
v 0.1580301 5.82497 0
v 0.154068 5.82497 0.03516501
v 0.1423802 5.82497 0.0685667
v 0.1235529 5.82497 0.09853017
v 0.09853016 5.82497 0.1235529
v 0.06856668 5.82497 0.1423802
v 0.035165 5.82497 0.154068
v -6.907716e-09 5.82497 0.1580301
v -0.03516503 5.82497 0.154068
v -0.06856672 5.82497 0.1423802
v -0.0985302 5.82497 0.1235529
v -0.1235529 5.82497 0.09853016
v -0.1423802 5.82497 0.06856668
v -0.154068 5.82497 0.03516501
v -0.1580301 5.82497 -1.381543e-08
v -0.154068 5.82497 -0.035165
v -0.1423802 5.82497 -0.06856674
v -0.1235529 5.82497 -0.09853019
v -0.09853014 5.82497 -0.1235529
v -0.06856672 5.82497 -0.1423802
v -0.03516495 5.82497 -0.154068
v 1.88449e-09 5.82497 -0.1580301
v 0.03516503 5.82497 -0.154068
v 0.06856672 5.82497 -0.1423802
v 0.0985302 5.82497 -0.1235529
v 0.1235529 5.82497 -0.09853017
v 0.1423802 5.82497 -0.0685667
v 0.154068 5.82497 -0.035165
v 0.1580301 5.82497 2.763086e-08
v 0.152169 5.800557 0
v 0.1483538 5.800557 0.0338608
v 0.1370996 5.800557 0.06602367
v 0.1189705 5.800557 0.09487585
v 0.09487583 5.800557 0.1189705
v 0.06602366 5.800557 0.1370996
v 0.03386078 5.800557 0.1483538
v -6.651519e-09 5.800557 0.152169
v -0.03386082 5.800557 0.1483538
v -0.06602369 5.800557 0.1370996
v -0.09487586 5.800557 0.1189705
v -0.1189705 5.800557 0.09487583
v -0.1370996 5.800557 0.06602365
v -0.1483538 5.800557 0.0338608
v -0.152169 5.800557 -1.330304e-08
v -0.1483538 5.800557 -0.03386078
v -0.1370995 5.800557 -0.06602371
v -0.1189705 5.800557 -0.09487586
v -0.09487581 5.800557 -0.1189706
v -0.0660237 5.800557 -0.1370995
v -0.03386074 5.800557 -0.1483539
v 1.814597e-09 5.800557 -0.152169
v 0.03386081 5.800557 -0.1483538
v 0.0660237 5.800557 -0.1370995
v 0.09487588 5.800557 -0.1189705
v 0.1189705 5.800557 -0.09487585
v 0.1370996 5.800557 -0.06602367
v 0.1483538 5.800557 -0.03386078
v 0.152169 5.800557 2.660608e-08
v 0.142561 5.777361 0
v 0.1389868 5.777361 0.03172282
v 0.1284431 5.777361 0.06185493
v 0.1114587 5.777361 0.08888537
v 0.08888535 5.777361 0.1114587
v 0.06185491 5.777361 0.1284431
v 0.03172281 5.777361 0.1389868
v -6.231542e-09 5.777361 0.142561
v -0.03172284 5.777361 0.1389868
v -0.06185494 5.777361 0.1284431
v -0.08888538 5.777361 0.1114587
v -0.1114587 5.777361 0.08888535
v -0.1284431 5.777361 0.06185491
v -0.1389868 5.777361 0.03172282
v -0.142561 5.777361 -1.246308e-08
v -0.1389868 5.777361 -0.03172281
v -0.128443 5.777361 -0.06185496
v -0.1114587 5.777361 -0.08888538
v -0.08888534 5.777361 -0.1114587
v -0.06185495 5.777361 -0.1284431
v -0.03172276 5.777361 -0.1389868
v 1.700023e-09 5.777361 -0.142561
v 0.03172283 5.777361 -0.1389868
v 0.06185495 5.777361 -0.1284431
v 0.08888539 5.777361 -0.1114587
v 0.1114587 5.777361 -0.08888537
v 0.1284431 5.777361 -0.06185493
v 0.1389868 5.777361 -0.03172281
v 0.142561 5.777361 2.492617e-08
v 0.1294427 5.755954 0
v 0.1261973 5.755954 0.02880372
v 0.1166239 5.755954 0.05616309
v 0.1012024 5.755954 0.08070622
v 0.0807062 5.755954 0.1012024
v 0.05616308 5.755954 0.1166239
v 0.02880371 5.755954 0.1261973
v -5.658121e-09 5.755954 0.1294427
v -0.02880373 5.755954 0.1261973
v -0.05616311 5.755954 0.1166239
v -0.08070623 5.755954 0.1012024
v -0.1012024 5.755954 0.0807062
v -0.1166239 5.755954 0.05616307
v -0.1261973 5.755954 0.02880372
v -0.1294427 5.755954 -1.131624e-08
v -0.1261973 5.755954 -0.02880371
v -0.1166238 5.755954 -0.05616312
v -0.1012024 5.755954 -0.08070623
v -0.08070619 5.755954 -0.1012024
v -0.05616311 5.755954 -0.1166238
v -0.02880367 5.755954 -0.1261973
v 1.543589e-09 5.755954 -0.1294427
v 0.02880373 5.755954 -0.1261973
v 0.05616311 5.755954 -0.1166238
v 0.08070624 5.755954 -0.1012024
v 0.1012024 5.755954 -0.08070622
v 0.1166239 5.755954 -0.05616309
v 0.1261973 5.755954 -0.02880371
v 0.1294427 5.755954 2.263248e-08
v 0.1131371 5.736863 0
v 0.1103005 5.736863 0.02517537
v 0.101933 5.736863 0.04908834
v 0.08845413 5.736863 0.07053982
v 0.07053981 5.736863 0.08845413
v 0.04908833 5.736863 0.101933
v 0.02517536 5.736863 0.1103005
v -4.945379e-09 5.736863 0.1131371
v -0.02517539 5.736863 0.1103005
v -0.04908835 5.736863 0.101933
v -0.07053983 5.736863 0.08845412
v -0.08845413 5.736863 0.07053981
v -0.101933 5.736863 0.04908833
v -0.1103005 5.736863 0.02517537
v -0.1131371 5.736863 -9.890758e-09
v -0.1103005 5.736863 -0.02517536
v -0.101933 5.736863 -0.04908837
v -0.08845412 5.736863 -0.07053983
v -0.07053979 5.736863 -0.08845415
v -0.04908836 5.736863 -0.101933
v -0.02517533 5.736863 -0.1103005
v 1.349146e-09 5.736863 -0.1131371
v 0.02517538 5.736863 -0.1103005
v 0.04908836 5.736863 -0.101933
v 0.07053984 5.736863 -0.08845411
v 0.08845413 5.736863 -0.07053982
v 0.101933 5.736863 -0.04908834
v 0.1103005 5.736863 -0.02517536
v 0.1131371 5.736863 1.978152e-08
v 0.09404562 5.720557 0
v 0.09168771 5.720557 0.02092712
v 0.08473217 5.720557 0.04080487
v 0.07352783 5.720557 0.05863649
v 0.05863648 5.720557 0.07352784
v 0.04080486 5.720557 0.08473219
v 0.02092711 5.720557 0.09168771
v -4.110865e-09 5.720557 0.09404562
v -0.02092713 5.720557 0.09168771
v -0.04080488 5.720557 0.08473217
v -0.05863651 5.720557 0.07352782
v -0.07352784 5.720557 0.05863648
v -0.08473219 5.720557 0.04080486
v -0.09168771 5.720557 0.02092712
v -0.09404562 5.720557 -8.22173e-09
v -0.09168771 5.720557 -0.02092711
v -0.08473217 5.720557 -0.04080489
v -0.07352782 5.720557 -0.0586365
v -0.05863647 5.720557 -0.07352784
v -0.04080489 5.720557 -0.08473217
v -0.02092708 5.720557 -0.09168772
v 1.121483e-09 5.720557 -0.09404562
v 0.02092713 5.720557 -0.09168771
v 0.04080489 5.720557 -0.08473217
v 0.05863651 5.720557 -0.07352781
v 0.07352783 5.720557 -0.05863649
v 0.08473217 5.720557 -0.04080487
v 0.09168771 5.720557 -0.02092711
v 0.09404562 5.720557 1.644346e-08
v 0.07263846 5.707439 0
v 0.07081726 5.707439 0.01616358
v 0.06544499 5.707439 0.03151665
v 0.05679103 5.707439 0.04528935
v 0.04528933 5.707439 0.05679103
v 0.03151664 5.707439 0.06544499
v 0.01616357 5.707439 0.07081726
v -3.175128e-09 5.707439 0.07263846
v -0.01616359 5.707439 0.07081726
v -0.03151665 5.707439 0.06544499
v -0.04528935 5.707439 0.05679103
v -0.05679103 5.707439 0.04528933
v -0.06544499 5.707439 0.03151664
v -0.07081726 5.707439 0.01616358
v -0.07263846 5.707439 -6.350255e-09
v -0.07081726 5.707439 -0.01616357
v -0.06544498 5.707439 -0.03151666
v -0.05679103 5.707439 -0.04528935
v -0.04528933 5.707439 -0.05679104
v -0.03151666 5.707439 -0.06544498
v -0.01616355 5.707439 -0.07081727
v 8.662049e-10 5.707439 -0.07263846
v 0.01616359 5.707439 -0.07081726
v 0.03151666 5.707439 -0.06544498
v 0.04528935 5.707439 -0.05679102
v 0.05679103 5.707439 -0.04528935
v 0.06544499 5.707439 -0.03151665
v 0.07081726 5.707439 -0.01616357
v 0.07263846 5.707439 1.270051e-08
v 0.04944272 5.697831 0
v 0.04820309 5.697831 0.01100204
v 0.04454635 5.697831 0.0214524
v 0.03865588 5.697831 0.03082704
v 0.03082703 5.697831 0.03865588
v 0.02145239 5.697831 0.04454635
v 0.01100204 5.697831 0.04820309
v -2.16121e-09 5.697831 0.04944272
v -0.01100205 5.697831 0.04820309
v -0.0214524 5.697831 0.04454635
v -0.03082704 5.697831 0.03865587
v -0.03865588 5.697831 0.03082703
v -0.04454635 5.697831 0.02145239
v -0.04820309 5.697831 0.01100204
v -0.04944272 5.697831 -4.32242e-09
v -0.04820309 5.697831 -0.01100204
v -0.04454635 5.697831 -0.02145241
v -0.03865587 5.697831 -0.03082704
v -0.03082702 5.697831 -0.03865588
v -0.0214524 5.697831 -0.04454635
v -0.01100202 5.697831 -0.0482031
v 5.895986e-10 5.697831 -0.04944272
v 0.01100205 5.697831 -0.04820309
v 0.0214524 5.697831 -0.04454635
v 0.03082705 5.697831 -0.03865587
v 0.03865588 5.697831 -0.03082704
v 0.04454635 5.697831 -0.0214524
v 0.04820309 5.697831 -0.01100204
v 0.04944272 5.697831 8.64484e-09
v 0.02502951 5.69197 0
v 0.02440197 5.69197 0.00556959
v 0.02255081 5.69197 0.0108599
v 0.01956886 5.69197 0.01560565
v 0.01560564 5.69197 0.01956886
v 0.0108599 5.69197 0.02255081
v 0.005569588 5.69197 0.02440197
v -1.094075e-09 5.69197 0.02502951
v -0.005569593 5.69197 0.02440197
v -0.0108599 5.69197 0.02255081
v -0.01560565 5.69197 0.01956886
v -0.01956886 5.69197 0.01560564
v -0.02255081 5.69197 0.01085989
v -0.02440197 5.69197 0.00556959
v -0.02502951 5.69197 -2.188149e-09
v -0.02440197 5.69197 -0.005569588
v -0.02255081 5.69197 -0.0108599
v -0.01956886 5.69197 -0.01560565
v -0.01560564 5.69197 -0.01956886
v -0.0108599 5.69197 -0.02255081
v -0.00556958 5.69197 -0.02440197
v 2.984739e-10 5.69197 -0.02502951
v 0.005569593 5.69197 -0.02440197
v 0.0108599 5.69197 -0.02255081
v 0.01560565 5.69197 -0.01956885
v 0.01956886 5.69197 -0.01560565
v 0.02255081 5.69197 -0.0108599
v 0.02440197 5.69197 -0.005569588
v 0.02502951 5.69197 4.376298e-09
v -1.398764e-08 5.69 0
v -1.363694e-08 5.69 -3.112544e-09
v -1.260243e-08 5.69 -6.069012e-09
v -1.093598e-08 5.69 -8.721154e-09
v -8.721153e-09 5.69 -1.093598e-08
v -6.06901e-09 5.69 -1.260243e-08
v -3.112543e-09 5.69 -1.363694e-08
v 6.114194e-16 5.69 -1.398764e-08
v 3.112546e-09 5.69 -1.363694e-08
v 6.069012e-09 5.69 -1.260243e-08
v 8.721156e-09 5.69 -1.093598e-08
v 1.093598e-08 5.69 -8.721153e-09
v 1.260243e-08 5.69 -6.06901e-09
v 1.363694e-08 5.69 -3.112544e-09
v 1.398764e-08 5.69 1.222839e-15
v 1.363694e-08 5.69 3.112543e-09
v 1.260243e-08 5.69 6.069015e-09
v 1.093598e-08 5.69 8.721154e-09
v 8.721151e-09 5.69 1.093598e-08
v 6.069014e-09 5.69 1.260243e-08
v 3.112538e-09 5.69 1.363695e-08
v -1.66801e-16 5.69 1.398764e-08
v -3.112545e-09 5.69 1.363694e-08
v -6.069014e-09 5.69 1.260243e-08
v -8.721156e-09 5.69 1.093598e-08
v -1.093598e-08 5.69 8.721154e-09
v -1.260243e-08 5.69 6.069012e-09
v -1.363694e-08 5.69 3.112543e-09
v -1.398764e-08 5.69 -2.445677e-15
vt 0 0
vt 0.03571429 0
vt 0.07142857 0
vt 0.1071429 0
vt 0.1428571 0
vt 0.1785714 0
vt 0.2142857 0
vt 0.25 0
vt 0.2857143 0
vt 0.3214286 0
vt 0.3571429 0
vt 0.3928571 0
vt 0.4285714 0
vt 0.4642857 0
vt 0.5 0
vt 0.5357143 0
vt 0.5714286 0
vt 0.6071429 0
vt 0.6428571 0
vt 0.6785714 0
vt 0.7142857 0
vt 0.75 0
vt 0.7857143 0
vt 0.8214286 0
vt 0.8571429 0
vt 0.8928571 0
vt 0.9285714 0
vt 0.9642857 0
vt 1 0
vt 0 0.05
vt 0.03571429 0.05
vt 0.07142857 0.05
vt 0.1071429 0.05
vt 0.1428571 0.05
vt 0.1785714 0.05
vt 0.2142857 0.05
vt 0.25 0.05
vt 0.2857143 0.05
vt 0.3214286 0.05
vt 0.3571429 0.05
vt 0.3928571 0.05
vt 0.4285714 0.05
vt 0.4642857 0.05
vt 0.5 0.05
vt 0.5357143 0.05
vt 0.5714286 0.05
vt 0.6071429 0.05
vt 0.6428571 0.05
vt 0.6785714 0.05
vt 0.7142857 0.05
vt 0.75 0.05
vt 0.7857143 0.05
vt 0.8214286 0.05
vt 0.8571429 0.05
vt 0.8928571 0.05
vt 0.9285714 0.05
vt 0.9642857 0.05
vt 1 0.05
vt 0 0.1
vt 0.03571429 0.1
vt 0.07142857 0.1
vt 0.1071429 0.1
vt 0.1428571 0.1
vt 0.1785714 0.1
vt 0.2142857 0.1
vt 0.25 0.1
vt 0.2857143 0.1
vt 0.3214286 0.1
vt 0.3571429 0.1
vt 0.3928571 0.1
vt 0.4285714 0.1
vt 0.4642857 0.1
vt 0.5 0.1
vt 0.5357143 0.1
vt 0.5714286 0.1
vt 0.6071429 0.1
vt 0.6428571 0.1
vt 0.6785714 0.1
vt 0.7142857 0.1
vt 0.75 0.1
vt 0.7857143 0.1
vt 0.8214286 0.1
vt 0.8571429 0.1
vt 0.8928571 0.1
vt 0.9285714 0.1
vt 0.9642857 0.1
vt 1 0.1
vt 0 0.15
vt 0.03571429 0.15
vt 0.07142857 0.15
vt 0.1071429 0.15
vt 0.1428571 0.15
vt 0.1785714 0.15
vt 0.2142857 0.15
vt 0.25 0.15
vt 0.2857143 0.15
vt 0.3214286 0.15
vt 0.3571429 0.15
vt 0.3928571 0.15
vt 0.4285714 0.15
vt 0.4642857 0.15
vt 0.5 0.15
vt 0.5357143 0.15
vt 0.5714286 0.15
vt 0.6071429 0.15
vt 0.6428571 0.15
vt 0.6785714 0.15
vt 0.7142857 0.15
vt 0.75 0.15
vt 0.7857143 0.15
vt 0.8214286 0.15
vt 0.8571429 0.15
vt 0.8928571 0.15
vt 0.9285714 0.15
vt 0.9642857 0.15
vt 1 0.15
vt 0 0.2
vt 0.03571429 0.2
vt 0.07142857 0.2
vt 0.1071429 0.2
vt 0.1428571 0.2
vt 0.1785714 0.2
vt 0.2142857 0.2
vt 0.25 0.2
vt 0.2857143 0.2
vt 0.3214286 0.2
vt 0.3571429 0.2
vt 0.3928571 0.2
vt 0.4285714 0.2
vt 0.4642857 0.2
vt 0.5 0.2
vt 0.5357143 0.2
vt 0.5714286 0.2
vt 0.6071429 0.2
vt 0.6428571 0.2
vt 0.6785714 0.2
vt 0.7142857 0.2
vt 0.75 0.2
vt 0.7857143 0.2
vt 0.8214286 0.2
vt 0.8571429 0.2
vt 0.8928571 0.2
vt 0.9285714 0.2
vt 0.9642857 0.2
vt 1 0.2
vt 0 0.25
vt 0.03571429 0.25
vt 0.07142857 0.25
vt 0.1071429 0.25
vt 0.1428571 0.25
vt 0.1785714 0.25
vt 0.2142857 0.25
vt 0.25 0.25
vt 0.2857143 0.25
vt 0.3214286 0.25
vt 0.3571429 0.25
vt 0.3928571 0.25
vt 0.4285714 0.25
vt 0.4642857 0.25
vt 0.5 0.25
vt 0.5357143 0.25
vt 0.5714286 0.25
vt 0.6071429 0.25
vt 0.6428571 0.25
vt 0.6785714 0.25
vt 0.7142857 0.25
vt 0.75 0.25
vt 0.7857143 0.25
vt 0.8214286 0.25
vt 0.8571429 0.25
vt 0.8928571 0.25
vt 0.9285714 0.25
vt 0.9642857 0.25
vt 1 0.25
vt 0 0.3
vt 0.03571429 0.3
vt 0.07142857 0.3
vt 0.1071429 0.3
vt 0.1428571 0.3
vt 0.1785714 0.3
vt 0.2142857 0.3
vt 0.25 0.3
vt 0.2857143 0.3
vt 0.3214286 0.3
vt 0.3571429 0.3
vt 0.3928571 0.3
vt 0.4285714 0.3
vt 0.4642857 0.3
vt 0.5 0.3
vt 0.5357143 0.3
vt 0.5714286 0.3
vt 0.6071429 0.3
vt 0.6428571 0.3
vt 0.6785714 0.3
vt 0.7142857 0.3
vt 0.75 0.3
vt 0.7857143 0.3
vt 0.8214286 0.3
vt 0.8571429 0.3
vt 0.8928571 0.3
vt 0.9285714 0.3
vt 0.9642857 0.3
vt 1 0.3
vt 0 0.35
vt 0.03571429 0.35
vt 0.07142857 0.35
vt 0.1071429 0.35
vt 0.1428571 0.35
vt 0.1785714 0.35
vt 0.2142857 0.35
vt 0.25 0.35
vt 0.2857143 0.35
vt 0.3214286 0.35
vt 0.3571429 0.35
vt 0.3928571 0.35
vt 0.4285714 0.35
vt 0.4642857 0.35
vt 0.5 0.35
vt 0.5357143 0.35
vt 0.5714286 0.35
vt 0.6071429 0.35
vt 0.6428571 0.35
vt 0.6785714 0.35
vt 0.7142857 0.35
vt 0.75 0.35
vt 0.7857143 0.35
vt 0.8214286 0.35
vt 0.8571429 0.35
vt 0.8928571 0.35
vt 0.9285714 0.35
vt 0.9642857 0.35
vt 1 0.35
vt 0 0.4
vt 0.03571429 0.4
vt 0.07142857 0.4
vt 0.1071429 0.4
vt 0.1428571 0.4
vt 0.1785714 0.4
vt 0.2142857 0.4
vt 0.25 0.4
vt 0.2857143 0.4
vt 0.3214286 0.4
vt 0.3571429 0.4
vt 0.3928571 0.4
vt 0.4285714 0.4
vt 0.4642857 0.4
vt 0.5 0.4
vt 0.5357143 0.4
vt 0.5714286 0.4
vt 0.6071429 0.4
vt 0.6428571 0.4
vt 0.6785714 0.4
vt 0.7142857 0.4
vt 0.75 0.4
vt 0.7857143 0.4
vt 0.8214286 0.4
vt 0.8571429 0.4
vt 0.8928571 0.4
vt 0.9285714 0.4
vt 0.9642857 0.4
vt 1 0.4
vt 0 0.45
vt 0.03571429 0.45
vt 0.07142857 0.45
vt 0.1071429 0.45
vt 0.1428571 0.45
vt 0.1785714 0.45
vt 0.2142857 0.45
vt 0.25 0.45
vt 0.2857143 0.45
vt 0.3214286 0.45
vt 0.3571429 0.45
vt 0.3928571 0.45
vt 0.4285714 0.45
vt 0.4642857 0.45
vt 0.5 0.45
vt 0.5357143 0.45
vt 0.5714286 0.45
vt 0.6071429 0.45
vt 0.6428571 0.45
vt 0.6785714 0.45
vt 0.7142857 0.45
vt 0.75 0.45
vt 0.7857143 0.45
vt 0.8214286 0.45
vt 0.8571429 0.45
vt 0.8928571 0.45
vt 0.9285714 0.45
vt 0.9642857 0.45
vt 1 0.45
vt 0 0.5
vt 0.03571429 0.5
vt 0.07142857 0.5
vt 0.1071429 0.5
vt 0.1428571 0.5
vt 0.1785714 0.5
vt 0.2142857 0.5
vt 0.25 0.5
vt 0.2857143 0.5
vt 0.3214286 0.5
vt 0.3571429 0.5
vt 0.3928571 0.5
vt 0.4285714 0.5
vt 0.4642857 0.5
vt 0.5 0.5
vt 0.5357143 0.5
vt 0.5714286 0.5
vt 0.6071429 0.5
vt 0.6428571 0.5
vt 0.6785714 0.5
vt 0.7142857 0.5
vt 0.75 0.5
vt 0.7857143 0.5
vt 0.8214286 0.5
vt 0.8571429 0.5
vt 0.8928571 0.5
vt 0.9285714 0.5
vt 0.9642857 0.5
vt 1 0.5
vt 0 0.55
vt 0.03571429 0.55
vt 0.07142857 0.55
vt 0.1071429 0.55
vt 0.1428571 0.55
vt 0.1785714 0.55
vt 0.2142857 0.55
vt 0.25 0.55
vt 0.2857143 0.55
vt 0.3214286 0.55
vt 0.3571429 0.55
vt 0.3928571 0.55
vt 0.4285714 0.55
vt 0.4642857 0.55
vt 0.5 0.55
vt 0.5357143 0.55
vt 0.5714286 0.55
vt 0.6071429 0.55
vt 0.6428571 0.55
vt 0.6785714 0.55
vt 0.7142857 0.55
vt 0.75 0.55
vt 0.7857143 0.55
vt 0.8214286 0.55
vt 0.8571429 0.55
vt 0.8928571 0.55
vt 0.9285714 0.55
vt 0.9642857 0.55
vt 1 0.55
vt 0 0.6
vt 0.03571429 0.6
vt 0.07142857 0.6
vt 0.1071429 0.6
vt 0.1428571 0.6
vt 0.1785714 0.6
vt 0.2142857 0.6
vt 0.25 0.6
vt 0.2857143 0.6
vt 0.3214286 0.6
vt 0.3571429 0.6
vt 0.3928571 0.6
vt 0.4285714 0.6
vt 0.4642857 0.6
vt 0.5 0.6
vt 0.5357143 0.6
vt 0.5714286 0.6
vt 0.6071429 0.6
vt 0.6428571 0.6
vt 0.6785714 0.6
vt 0.7142857 0.6
vt 0.75 0.6
vt 0.7857143 0.6
vt 0.8214286 0.6
vt 0.8571429 0.6
vt 0.8928571 0.6
vt 0.9285714 0.6
vt 0.9642857 0.6
vt 1 0.6
vt 0 0.65
vt 0.03571429 0.65
vt 0.07142857 0.65
vt 0.1071429 0.65
vt 0.1428571 0.65
vt 0.1785714 0.65
vt 0.2142857 0.65
vt 0.25 0.65
vt 0.2857143 0.65
vt 0.3214286 0.65
vt 0.3571429 0.65
vt 0.3928571 0.65
vt 0.4285714 0.65
vt 0.4642857 0.65
vt 0.5 0.65
vt 0.5357143 0.65
vt 0.5714286 0.65
vt 0.6071429 0.65
vt 0.6428571 0.65
vt 0.6785714 0.65
vt 0.7142857 0.65
vt 0.75 0.65
vt 0.7857143 0.65
vt 0.8214286 0.65
vt 0.8571429 0.65
vt 0.8928571 0.65
vt 0.9285714 0.65
vt 0.9642857 0.65
vt 1 0.65
vt 0 0.7
vt 0.03571429 0.7
vt 0.07142857 0.7
vt 0.1071429 0.7
vt 0.1428571 0.7
vt 0.1785714 0.7
vt 0.2142857 0.7
vt 0.25 0.7
vt 0.2857143 0.7
vt 0.3214286 0.7
vt 0.3571429 0.7
vt 0.3928571 0.7
vt 0.4285714 0.7
vt 0.4642857 0.7
vt 0.5 0.7
vt 0.5357143 0.7
vt 0.5714286 0.7
vt 0.6071429 0.7
vt 0.6428571 0.7
vt 0.6785714 0.7
vt 0.7142857 0.7
vt 0.75 0.7
vt 0.7857143 0.7
vt 0.8214286 0.7
vt 0.8571429 0.7
vt 0.8928571 0.7
vt 0.9285714 0.7
vt 0.9642857 0.7
vt 1 0.7
vt 0 0.75
vt 0.03571429 0.75
vt 0.07142857 0.75
vt 0.1071429 0.75
vt 0.1428571 0.75
vt 0.1785714 0.75
vt 0.2142857 0.75
vt 0.25 0.75
vt 0.2857143 0.75
vt 0.3214286 0.75
vt 0.3571429 0.75
vt 0.3928571 0.75
vt 0.4285714 0.75
vt 0.4642857 0.75
vt 0.5 0.75
vt 0.5357143 0.75
vt 0.5714286 0.75
vt 0.6071429 0.75
vt 0.6428571 0.75
vt 0.6785714 0.75
vt 0.7142857 0.75
vt 0.75 0.75
vt 0.7857143 0.75
vt 0.8214286 0.75
vt 0.8571429 0.75
vt 0.8928571 0.75
vt 0.9285714 0.75
vt 0.9642857 0.75
vt 1 0.75
vt 0 0.8
vt 0.03571429 0.8
vt 0.07142857 0.8
vt 0.1071429 0.8
vt 0.1428571 0.8
vt 0.1785714 0.8
vt 0.2142857 0.8
vt 0.25 0.8
vt 0.2857143 0.8
vt 0.3214286 0.8
vt 0.3571429 0.8
vt 0.3928571 0.8
vt 0.4285714 0.8
vt 0.4642857 0.8
vt 0.5 0.8
vt 0.5357143 0.8
vt 0.5714286 0.8
vt 0.6071429 0.8
vt 0.6428571 0.8
vt 0.6785714 0.8
vt 0.7142857 0.8
vt 0.75 0.8
vt 0.7857143 0.8
vt 0.8214286 0.8
vt 0.8571429 0.8
vt 0.8928571 0.8
vt 0.9285714 0.8
vt 0.9642857 0.8
vt 1 0.8
vt 0 0.85
vt 0.03571429 0.85
vt 0.07142857 0.85
vt 0.1071429 0.85
vt 0.1428571 0.85
vt 0.1785714 0.85
vt 0.2142857 0.85
vt 0.25 0.85
vt 0.2857143 0.85
vt 0.3214286 0.85
vt 0.3571429 0.85
vt 0.3928571 0.85
vt 0.4285714 0.85
vt 0.4642857 0.85
vt 0.5 0.85
vt 0.5357143 0.85
vt 0.5714286 0.85
vt 0.6071429 0.85
vt 0.6428571 0.85
vt 0.6785714 0.85
vt 0.7142857 0.85
vt 0.75 0.85
vt 0.7857143 0.85
vt 0.8214286 0.85
vt 0.8571429 0.85
vt 0.8928571 0.85
vt 0.9285714 0.85
vt 0.9642857 0.85
vt 1 0.85
vt 0 0.9
vt 0.03571429 0.9
vt 0.07142857 0.9
vt 0.1071429 0.9
vt 0.1428571 0.9
vt 0.1785714 0.9
vt 0.2142857 0.9
vt 0.25 0.9
vt 0.2857143 0.9
vt 0.3214286 0.9
vt 0.3571429 0.9
vt 0.3928571 0.9
vt 0.4285714 0.9
vt 0.4642857 0.9
vt 0.5 0.9
vt 0.5357143 0.9
vt 0.5714286 0.9
vt 0.6071429 0.9
vt 0.6428571 0.9
vt 0.6785714 0.9
vt 0.7142857 0.9
vt 0.75 0.9
vt 0.7857143 0.9
vt 0.8214286 0.9
vt 0.8571429 0.9
vt 0.8928571 0.9
vt 0.9285714 0.9
vt 0.9642857 0.9
vt 1 0.9
vt 0 0.95
vt 0.03571429 0.95
vt 0.07142857 0.95
vt 0.1071429 0.95
vt 0.1428571 0.95
vt 0.1785714 0.95
vt 0.2142857 0.95
vt 0.25 0.95
vt 0.2857143 0.95
vt 0.3214286 0.95
vt 0.3571429 0.95
vt 0.3928571 0.95
vt 0.4285714 0.95
vt 0.4642857 0.95
vt 0.5 0.95
vt 0.5357143 0.95
vt 0.5714286 0.95
vt 0.6071429 0.95
vt 0.6428571 0.95
vt 0.6785714 0.95
vt 0.7142857 0.95
vt 0.75 0.95
vt 0.7857143 0.95
vt 0.8214286 0.95
vt 0.8571429 0.95
vt 0.8928571 0.95
vt 0.9285714 0.95
vt 0.9642857 0.95
vt 1 0.95
vt 0 1
vt 0.03571429 1
vt 0.07142857 1
vt 0.1071429 1
vt 0.1428571 1
vt 0.1785714 1
vt 0.2142857 1
vt 0.25 1
vt 0.2857143 1
vt 0.3214286 1
vt 0.3571429 1
vt 0.3928571 1
vt 0.4285714 1
vt 0.4642857 1
vt 0.5 1
vt 0.5357143 1
vt 0.5714286 1
vt 0.6071429 1
vt 0.6428571 1
vt 0.6785714 1
vt 0.7142857 1
vt 0.75 1
vt 0.7857143 1
vt 0.8214286 1
vt 0.8571429 1
vt 0.8928571 1
vt 0.9285714 1
vt 0.9642857 1
vt 1 1
vn 0 1 0
vn 0 1 0
vn 0 1 0
vn 0 1 0
vn 0 1 0
vn 0 1 0
vn 0 1 0
vn 0 1 0
vn 0 1 0
vn 0 1 0
vn 0 1 0
vn 0 1 0
vn 0 1 0
vn 0 1 0
vn 0 1 0
vn 0 1 0
vn 0 1 0
vn 0 1 0
vn 0 1 0
vn 0 1 0
vn 0 1 0
vn 0 1 0
vn 0 1 0
vn 0 1 0
vn 0 1 0
vn 0 1 0
vn 0 1 0
vn 0 1 0
vn 0 1 0
vn 0.1564635 0.9876838 0
vn 0.152539 0.9876838 0.03482134
vn 0.1409677 0.9876839 0.06788654
vn 0.1223259 0.9876838 0.09755476
vn 0.09755053 0.9876837 0.1223305
vn 0.067885 0.9876838 0.1409691
vn 0.03481383 0.9876838 0.1525408
vn 0 0.9876838 0.1564635
vn -0.03482134 0.9876838 0.152539
vn -0.06788167 0.9876839 0.1409701
vn -0.09755185 0.9876838 0.1223282
vn -0.1223305 0.9876837 0.09755053
vn -0.140967 0.9876839 0.06788809
vn -0.1525388 0.9876838 0.03482173
vn -0.1564635 0.9876837 0
vn -0.1525391 0.9876839 -0.03482068
vn -0.1409675 0.9876839 -0.06788702
vn -0.1223251 0.9876839 -0.09755576
vn -0.09755335 0.9876838 -0.1223271
vn -0.06789439 0.9876835 -0.1409664
vn -0.03481319 0.9876838 -0.1525409
vn 0 0.9876837 -0.1564635
vn 0.03481273 0.9876839 -0.1525409
vn 0.06788798 0.9876835 -0.1409695
vn 0.09755443 0.9876836 -0.1223284
vn 0.1223298 0.9876838 -0.09754992
vn 0.1409675 0.9876839 -0.06788702
vn 0.1525408 0.9876838 -0.03481383
vn 0.1564635 0.9876838 0
vn 0.3089995 0.9510621 0
vn 0.3012519 0.9510624 0.06875685
vn 0.2783981 0.9510632 0.1340649
vn 0.2415827 0.9510624 0.1926607
vn 0.1926615 0.9510615 0.2415857
vn 0.1340769 0.9510611 0.2783993
vn 0.06875685 0.9510624 0.3012519
vn 0 0.9510622 0.3089996
vn -0.06875685 0.9510624 0.3012519
vn -0.1340671 0.9510638 0.2783948
vn -0.1926592 0.9510626 0.2415829
vn -0.2415857 0.9510615 0.1926615
vn -0.2783976 0.951061 0.1340805
vn -0.3012519 0.9510624 0.06875685
vn -0.3089996 0.9510622 0
vn -0.3012522 0.9510624 -0.06875558
vn -0.2783971 0.9510611 -0.1340814
vn -0.2415782 0.9510635 -0.1926604
vn -0.1926517 0.9510636 -0.2415852
vn -0.1340792 0.9510604 -0.2784005
vn -0.06875558 0.9510624 -0.3012522
vn 0 0.9510621 -0.3089996
vn 0.06877061 0.9510624 -0.3012488
vn 0.1340664 0.9510605 -0.2784066
vn 0.1926548 0.9510615 -0.2415911
vn 0.2415866 0.9510624 -0.1926558
vn 0.2783991 0.9510632 -0.1340627
vn 0.3012519 0.9510624 -0.06875685
vn 0.3089995 0.9510622 0
vn 0.4539679 0.891018 0
vn 0.4425785 0.8910209 0.1010244
vn 0.4090163 0.8910144 0.1969748
vn 0.3549264 0.8910194 0.28304
vn 0.2830303 0.8910194 0.3549341
vn 0.1969774 0.8910143 0.4090151
vn 0.1010244 0.8910209 0.4425785
vn 0 0.891018 0.4539679
vn -0.1010235 0.8910209 0.4425787
vn -0.1969779 0.8910144 0.4090148
vn -0.283049 0.8910184 0.3549218
vn -0.3549341 0.8910195 0.2830303
vn -0.4090163 0.8910144 0.1969748
vn -0.4425785 0.8910209 0.1010244
vn -0.453968 0.891018 0
vn -0.4425772 0.891021 -0.1010304
vn -0.4090053 0.8910202 -0.1969712
vn -0.3549326 0.8910144 -0.2830483
vn -0.2830401 0.8910195 -0.3549263
vn -0.1969712 0.8910202 -0.4090053
vn -0.1010182 0.8910146 -0.4425927
vn 0 0.891018 -0.453968
vn 0.1010296 0.8910209 -0.4425773
vn 0.1969583 0.8910202 -0.4090114
vn 0.2830483 0.8910144 -0.3549326
vn 0.354928 0.8910195 -0.283038
vn 0.4090156 0.8910144 -0.1969762
vn 0.4425785 0.8910209 -0.1010244
vn 0.4539679 0.891018 0
vn 0.587788 0.809015 0
vn 0.5730254 0.8090304 0.1308119
vn 0.5295855 0.8090136 0.2550219
vn 0.4595432 0.8090178 0.3664836
vn 0.3664658 0.809016 0.4595605
vn 0.2550405 0.8090136 0.5295766
vn 0.1307836 0.8090304 0.5730318
vn 0 0.809015 0.587788
vn -0.1308136 0.8090304 0.573025
vn -0.2550343 0.8090135 0.5295796
vn -0.3664758 0.8090246 0.4595374
vn -0.4595605 0.809016 0.3664658
vn -0.5295884 0.8090089 0.2550309
vn -0.573025 0.8090304 0.1308136
vn -0.587788 0.809015 0
vn -0.5730256 0.8090304 -0.1308111
vn -0.5295817 0.8090135 -0.2550299
vn -0.4595477 0.8090178 -0.366478
vn -0.3664853 0.8090093 -0.4595569
vn -0.25503 0.8090136 -0.5295817
vn -0.1307879 0.8090079 -0.5730627
vn 0 0.809015 -0.587788
vn 0.130781 0.8090304 -0.5730324
vn 0.25503 0.8090136 -0.5295817
vn 0.3664795 0.809016 -0.4595496
vn 0.4595586 0.8090178 -0.3664643
vn 0.5295817 0.8090135 -0.2550299
vn 0.5730322 0.8090304 -0.1307818
vn 0.587788 0.809015 0
vn 0.7071068 0.7071068 0
vn 0.6893979 0.7070861 0.1573526
vn 0.6370839 0.7071109 0.3067869
vn 0.5528219 0.7071204 0.4408726
vn 0.4408865 0.7071105 0.5528235
vn 0.3068087 0.7071177 0.6370659
vn 0.1573543 0.7070861 0.6893975
vn 0 0.7071068 0.7071068
vn -0.1573526 0.7070861 0.6893978
vn -0.3067901 0.7071177 0.6370748
vn -0.4408764 0.7070956 0.5528505
vn -0.5528235 0.7071105 0.4408865
vn -0.6370654 0.7071178 0.3068095
vn -0.6893979 0.7070861 0.1573526
vn -0.7071068 0.7071068 0
vn -0.6893923 0.7070861 -0.1573767
vn -0.6371024 0.7070825 -0.3068145
vn -0.5528519 0.7070858 -0.4408905
vn -0.4408712 0.7070858 -0.5528673
vn -0.3067991 0.7071177 -0.6370705
vn -0.1573398 0.7071169 -0.6893691
vn 0 0.7071068 -0.7071068
vn 0.1573449 0.7070861 -0.6893996
vn 0.3067734 0.7071178 -0.6370828
vn 0.4408751 0.7071105 -0.5528326
vn 0.5528374 0.7071204 -0.4408533
vn 0.6370736 0.7071109 -0.3068083
vn 0.6893979 0.7070861 -0.1573526
vn 0.7071068 0.7071068 0
vn 0.8089932 0.5878181 0
vn 0.7887021 0.5878203 0.1800453
vn 0.7288684 0.5878326 0.351004
vn 0.6324962 0.5878145 0.5044034
vn 0.5043693 0.5878468 0.6324933
vn 0.351003 0.5878326 0.7288688
vn 0.1800169 0.5878202 0.7887086
vn 0 0.5878181 0.8089931
vn -0.1800457 0.5878179 0.7887038
vn -0.3509878 0.5878416 0.7288689
vn -0.5044111 0.5877886 0.632514
vn -0.6324932 0.5878468 0.5043693
vn -0.7288654 0.5878326 0.3510101
vn -0.7887033 0.5878179 0.1800474
vn -0.8089931 0.5878181 0
vn -0.7887046 0.5878203 -0.1800342
vn -0.7288854 0.5877953 -0.3510309
vn -0.6325107 0.5877886 -0.5044152
vn -0.5044152 0.5877886 -0.6325107
vn -0.3510192 0.5878326 -0.728861
vn -0.1800346 0.5878179 -0.7887063
vn 0 0.5878181 -0.8089931
vn 0.1800024 0.5878202 -0.7887119
vn 0.3509935 0.5878326 -0.7288733
vn 0.5044035 0.5878145 -0.632496
vn 0.6325116 0.5878145 -0.504384
vn 0.7288763 0.5878326 -0.3509873
vn 0.788709 0.5878203 -0.1800153
vn 0.8089931 0.5878181 0
vn 0.891018 0.4539679 0
vn 0.8686793 0.4539663 0.1982698
vn 0.8027939 0.4539627 0.3865743
vn 0.6966081 0.4539869 0.5555474
vn 0.555528 0.4539869 0.6966236
vn 0.3866015 0.4539518 0.802787
vn 0.1982715 0.4539663 0.8686789
vn 0 0.453968 0.891018
vn -0.198268 0.4539663 0.8686796
vn -0.3865867 0.4539628 0.802788
vn -0.5555534 0.4539557 0.6966238
vn -0.6966236 0.4539869 0.555528
vn -0.8027835 0.4539518 0.3866086
vn -0.8686793 0.4539663 0.1982698
vn -0.891018 0.4539679 0
vn -0.8686761 0.4539663 -0.1982836
vn -0.8027802 0.4539628 -0.3866028
vn -0.6966326 0.4539557 -0.5555422
vn -0.5555382 0.4539557 -0.6966359
vn -0.3866114 0.4539518 -0.8027822
vn -0.1982836 0.4539663 -0.8686761
vn 0 0.4539679 -0.891018
vn 0.1982819 0.4539663 -0.8686765
vn 0.3865858 0.4539518 -0.8027946
vn 0.5555575 0.4539556 -0.6966205
vn 0.6966236 0.4539869 -0.555528
vn 0.8027802 0.4539628 -0.3866028
vn 0.8686796 0.4539663 -0.198268
vn 0.891018 0.453968 0
vn 0.9510622 0.3089996 0
vn 0.9272231 0.3089719 0.2116449
vn 0.8568879 0.3089938 0.4126331
vn 0.7435586 0.3090207 0.5929813
vn 0.5929619 0.3090207 0.743574
vn 0.412632 0.3089937 0.8568883
vn 0.2116466 0.3089719 0.9272227
vn 0 0.3089996 0.9510622
vn -0.2116449 0.3089719 0.9272232
vn -0.4126649 0.3089937 0.8568725
vn -0.5929846 0.3089851 0.7435708
vn -0.743574 0.3090207 0.5929619
vn -0.8568879 0.3089938 0.4126331
vn -0.9272227 0.3089719 0.2116466
vn -0.9510622 0.3089995 0
vn -0.9272208 0.308972 -0.2116553
vn -0.8568771 0.3089937 -0.4126554
vn -0.7435707 0.3090207 -0.5929661
vn -0.5929468 0.3090207 -0.7435861
vn -0.4126554 0.3089937 -0.8568771
vn -0.2116553 0.308972 -0.9272208
vn 0 0.3089995 -0.9510622
vn 0.2116553 0.308972 -0.9272208
vn 0.4126297 0.3089938 -0.8568895
vn 0.5929733 0.308985 -0.7435797
vn 0.7435894 0.3090207 -0.5929426
vn 0.8568771 0.3089937 -0.4126554
vn 0.9272231 0.3089719 -0.2116449
vn 0.9510622 0.3089996 0
vn 0.9876837 0.1564635 0
vn 0.9629162 0.156465 0.2197979
vn 0.8898808 0.1564656 0.4285215
vn 0.7722077 0.1564316 0.6158121
vn 0.6157926 0.1564316 0.7722231
vn 0.4285267 0.1564656 0.8898783
vn 0.2197996 0.156465 0.9629158
vn 0 0.1564635 0.9876837
vn -0.2197979 0.156465 0.9629162
vn -0.4285338 0.1564656 0.8898749
vn -0.6158274 0.1564316 0.7721953
vn -0.7722231 0.1564316 0.6157926
vn -0.8898779 0.1564656 0.4285277
vn -0.9629158 0.156465 0.2197996
vn -0.9876837 0.1564635 0
vn -0.9629142 0.156465 -0.2198065
vn -0.8898671 0.1564656 -0.4285499
vn -0.7722044 0.1564316 -0.6158162
vn -0.6157968 0.1564316 -0.7722198
vn -0.4285499 0.1564656 -0.8898671
vn -0.2198083 0.156465 -0.9629139
vn 0 0.1564635 -0.9876837
vn 0.2198065 0.156465 -0.9629142
vn 0.4285243 0.1564656 -0.8898795
vn 0.6157968 0.1564316 -0.7722198
vn 0.7722231 0.1564316 -0.6157926
vn 0.8898671 0.1564656 -0.4285499
vn 0.9629162 0.156465 -0.2197979
vn 0.9876837 0.1564635 0
vn 1 0 0
vn 0.9749281 0 0.22252
vn 0.9009751 0 0.4338708
vn 0.7818242 0 0.6234989
vn 0.6234795 0 0.7818397
vn 0.433876 0 0.9009725
vn 0.2225217 0 0.9749277
vn 0 0 1
vn -0.22252 0 0.9749281
vn -0.4338832 0 0.9009692
vn -0.623495 0 0.7818274
vn -0.7818397 0 0.6234795
vn -0.9009722 0 0.433877
vn -0.9749277 0 0.2225217
vn -1 -0 -0
vn -0.9749262 -0 -0.2225286
vn -0.9009644 -0 -0.4338931
vn -0.781821 -0 -0.623503
vn -0.6234837 -0 -0.7818363
vn -0.4338931 -0 -0.9009644
vn -0.2225286 -0 -0.9749262
vn 0 0 -1
vn 0.2225269 0 -0.9749265
vn 0.4338674 0 -0.9009767
vn 0.6234837 0 -0.7818363
vn 0.7818397 0 -0.6234795
vn 0.9009644 0 -0.4338931
vn 0.9749281 0 -0.22252
vn 1 0 0
vn 0.9876802 -0.1564861 0
vn 0.9629124 -0.1564894 0.219797
vn 0.8898765 -0.1564955 0.4285194
vn 0.7721741 -0.1564792 0.615842
vn 0.6158227 -0.1564792 0.7721895
vn 0.4285246 -0.1564955 0.889874
vn 0.2197987 -0.1564895 0.962912
vn 0 -0.1564861 0.9876801
vn -0.219797 -0.1564894 0.9629124
vn -0.4285318 -0.1564954 0.8898706
vn -0.6158381 -0.1564792 0.7721772
vn -0.7721895 -0.1564792 0.6158227
vn -0.8898736 -0.1564955 0.4285256
vn -0.962912 -0.1564895 0.2197987
vn -0.9876802 -0.1564861 -0
vn -0.9629104 -0.1564895 -0.2198057
vn -0.8898658 -0.1564955 -0.4285417
vn -0.7721862 -0.1564792 -0.6158269
vn -0.6158269 -0.1564792 -0.7721862
vn -0.4285417 -0.1564955 -0.8898658
vn -0.2198074 -0.1564895 -0.9629101
vn 0 -0.1564861 -0.9876802
vn 0.219804 -0.1564895 -0.9629108
vn 0.4285161 -0.1564955 -0.8898782
vn 0.6158075 -0.1564792 -0.7722016
vn 0.7721895 -0.1564792 -0.6158227
vn 0.8898658 -0.1564955 -0.4285417
vn 0.9629124 -0.1564894 -0.219797
vn 0.9876801 -0.1564861 0
vn 0.9510527 -0.3090289 0
vn 0.9272133 -0.309003 0.2116426
vn 0.856868 -0.3090298 0.4126475
vn 0.7435544 -0.3090375 0.5929779
vn 0.5929585 -0.3090376 0.7435697
vn 0.4126527 -0.3090298 0.8568654
vn 0.2116444 -0.3090031 0.9272129
vn 0 -0.3090289 0.9510527
vn -0.2116429 -0.3089998 0.9272143
vn -0.4126598 -0.3090298 0.8568619
vn -0.5929902 -0.3089572 0.7435779
vn -0.7435698 -0.3090376 0.5929586
vn -0.8568649 -0.3090298 0.4126536
vn -0.9272133 -0.309003 0.2116426
vn -0.9510527 -0.3090289 -0
vn -0.9272109 -0.3090031 -0.211653
vn -0.8568543 -0.3090298 -0.4126759
vn -0.7435624 -0.3089928 -0.5929911
vn -0.5929781 -0.3090375 -0.7435541
vn -0.4126759 -0.3090298 -0.8568542
vn -0.2116547 -0.309003 -0.9272105
vn 0 -0.3090289 -0.9510527
vn 0.2116532 -0.3089998 -0.9272119
vn 0.4126502 -0.3090298 -0.8568665
vn 0.5929717 -0.3089928 -0.7435778
vn 0.7435698 -0.3090376 -0.5929586
vn 0.8568667 -0.3090298 -0.4126503
vn 0.9272133 -0.309003 -0.2116426
vn 0.9510527 -0.3090289 0
vn 0.8909924 -0.4540181 0
vn 0.8686536 -0.454018 0.1982639
vn 0.8027558 -0.4540189 0.3865876
vn 0.6965925 -0.4540263 0.555535
vn 0.5555156 -0.4540262 0.6966079
vn 0.3865891 -0.454008 0.8027613
vn 0.1982656 -0.454018 0.8686532
vn 0 -0.4540181 0.8909924
vn -0.1982639 -0.454018 0.8686536
vn -0.3865767 -0.454008 0.8027672
vn -0.5555156 -0.4540262 0.6966079
vn -0.6966079 -0.4540262 0.5555156
vn -0.8027578 -0.454008 0.3865962
vn -0.8686532 -0.454018 0.1982656
vn -0.8909924 -0.4540181 -0
vn -0.8686504 -0.454018 -0.1982777
vn -0.8027544 -0.4540189 -0.3865904
vn -0.6965923 -0.4540262 -0.5555352
vn -0.5555322 -0.453987 -0.6966202
vn -0.386599 -0.454008 -0.8027565
vn -0.1982777 -0.454018 -0.8686504
vn 0 -0.4540181 -0.8909925
vn 0.198276 -0.454018 -0.8686509
vn 0.3865733 -0.454008 -0.8027688
vn 0.5555158 -0.4540262 -0.6966078
vn 0.6966079 -0.4540262 -0.5555156
vn 0.8027544 -0.4540189 -0.3865904
vn 0.868654 -0.454018 -0.1982622
vn 0.8909924 -0.4540181 0
vn 0.8090203 -0.5877807 0
vn 0.7887269 -0.5877852 0.180051
vn 0.7288865 -0.5878049 0.3510127
vn 0.6324977 -0.5877847 0.5044361
vn 0.5044168 -0.5877847 0.6325131
vn 0.3510117 -0.5878048 0.728887
vn 0.180023 -0.587783 0.788735
vn 0 -0.5877807 0.8090203
vn -0.1800513 -0.5877829 0.7887285
vn -0.3510022 -0.5877959 0.7288988
vn -0.5043975 -0.5877847 0.6325285
vn -0.6325131 -0.5877847 0.5044168
vn -0.7288836 -0.5878049 0.3510189
vn -0.7887282 -0.587783 0.180053
vn -0.8090203 -0.5877807 -0
vn -0.7887295 -0.5877852 -0.1800399
vn -0.7289095 -0.5877585 -0.3510424
vn -0.6325129 -0.5877847 -0.504417
vn -0.5044171 -0.5877846 -0.6325129
vn -0.3510396 -0.5877675 -0.7289035
vn -0.1800402 -0.587783 -0.7887311
vn 0 -0.5877806 -0.8090203
vn 0.1800081 -0.5877852 -0.7887367
vn 0.351014 -0.5877676 -0.7289159
vn 0.5044171 -0.5877846 -0.6325129
vn 0.6325285 -0.5877847 -0.5043975
vn 0.7288792 -0.5878049 -0.3510279
vn 0.7887354 -0.587783 -0.1800213
vn 0.8090203 -0.5877807 0
vn 0.7071068 -0.7071068 0
vn 0.6893968 -0.7070873 0.1573524
vn 0.6370738 -0.7071221 0.306782
vn 0.5528343 -0.7071046 0.4408825
vn 0.4408902 -0.7071045 0.5528281
vn 0.3068191 -0.7070937 0.6370876
vn 0.1573536 -0.707089 0.6893946
vn 0 -0.7071068 0.7071068
vn -0.1573519 -0.707089 0.689395
vn -0.3067882 -0.7071221 0.6370708
vn -0.4408709 -0.7071045 0.5528436
vn -0.5528282 -0.7071046 0.4408902
vn -0.6370872 -0.7070936 0.3068201
vn -0.689395 -0.707089 0.1573519
vn -0.7071068 -0.7071068 -0
vn -0.6893896 -0.707089 -0.157376
vn -0.6370922 -0.7070936 -0.3068096
vn -0.5528296 -0.7071144 -0.4408727
vn -0.4408595 -0.7071046 -0.5528527
vn -0.3068095 -0.7070935 -0.6370922
vn -0.1573395 -0.707118 -0.6893681
vn 0 -0.7071068 -0.7071068
vn 0.1573443 -0.707089 -0.6893967
vn 0.3067839 -0.7070936 -0.6371046
vn 0.4408788 -0.7071045 -0.5528373
vn 0.5528498 -0.7071046 -0.4408632
vn 0.6370636 -0.7071221 -0.3068034
vn 0.689395 -0.707089 -0.1573519
vn 0.7071068 -0.7071068 0
vn 0.5877506 -0.8090422 0
vn 0.5729938 -0.8090591 0.1307731
vn 0.5295448 -0.8090464 0.2550023
vn 0.4595253 -0.8090344 0.3664694
vn 0.3664523 -0.8090429 0.4595239
vn 0.255007 -0.8090267 0.5295727
vn 0.1307744 -0.8090603 0.5729917
vn 0 -0.8090422 0.5877506
vn -0.1307727 -0.8090603 0.5729921
vn -0.2550085 -0.8090464 0.5295419
vn -0.3664692 -0.8090412 0.4595134
vn -0.4595239 -0.8090429 0.3664523
vn -0.5295663 -0.8090267 0.2550203
vn -0.5729917 -0.8090603 0.1307744
vn -0.5877506 -0.8090422 -0
vn -0.5729935 -0.8090591 -0.130774
vn -0.5295469 -0.8090417 -0.2550132
vn -0.4595147 -0.8090413 -0.3664675
vn -0.3664409 -0.8090498 -0.459521
vn -0.2550361 -0.8090464 -0.5295286
vn -0.1308105 -0.8090378 -0.5730152
vn 0 -0.8090422 -0.5877506
vn 0.1307719 -0.8090603 -0.5729923
vn 0.2550104 -0.8090464 -0.529541
vn 0.3664564 -0.809043 -0.4595206
vn 0.4595331 -0.8090344 -0.3664597
vn 0.529541 -0.8090464 -0.2550104
vn 0.5729921 -0.8090603 -0.1307727
vn 0.5877506 -0.8090422 0
vn 0.453966 -0.891019 0
vn 0.4425745 -0.8910232 0.1010226
vn 0.4090124 -0.8910201 0.1969571
vn 0.354913 -0.8910191 0.2830577
vn 0.2830403 -0.8910191 0.3549268
vn 0.1969647 -0.8910142 0.4090215
vn 0.1010234 -0.8910232 0.4425743
vn 0 -0.891019 0.453966
vn -0.1010234 -0.8910232 0.4425743
vn -0.196959 -0.8910215 0.4090084
vn -0.283048 -0.8910192 0.3549207
vn -0.3549268 -0.8910191 0.2830403
vn -0.4090213 -0.8910142 0.1969652
vn -0.4425743 -0.8910232 0.1010234
vn -0.453966 -0.891019 -0
vn -0.442573 -0.8910232 -0.1010295
vn -0.4090056 -0.8910201 -0.1969713
vn -0.354919 -0.8910192 -0.2830501
vn -0.2830404 -0.8910192 -0.3549267
vn -0.1969713 -0.8910201 -0.4090056
vn -0.1010295 -0.8910232 -0.442573
vn 0 -0.891019 -0.453966
vn 0.1010136 -0.8910232 -0.4425765
vn 0.1969585 -0.8910201 -0.4090118
vn 0.2830467 -0.8910141 -0.3549345
vn 0.3549268 -0.8910191 -0.2830403
vn 0.4090056 -0.8910201 -0.1969713
vn 0.4425745 -0.8910232 -0.1010226
vn 0.453966 -0.891019 0
vn 0.3089917 -0.9510648 0
vn 0.3012423 -0.9510656 0.06875466
vn 0.2784007 -0.9510628 0.1340623
vn 0.2415758 -0.9510653 0.1926551
vn 0.1926473 -0.9510643 0.2415858
vn 0.134068 -0.9510655 0.2783886
vn 0.06875478 -0.9510655 0.3012428
vn 0 -0.9510648 0.3089917
vn -0.06875478 -0.9510655 0.3012428
vn -0.1340685 -0.9510628 0.2783977
vn -0.1926598 -0.9510643 0.2415757
vn -0.2415858 -0.9510643 0.1926473
vn -0.2783916 -0.9510655 0.1340618
vn -0.3012428 -0.9510655 0.06875478
vn -0.3089917 -0.9510648 -0
vn -0.3012429 -0.9510655 -0.06875437
vn -0.278385 -0.9510655 -0.1340756
vn -0.2415803 -0.9510643 -0.1926542
vn -0.1926523 -0.9510652 -0.241578
vn -0.1340628 -0.9510655 -0.2783912
vn -0.06875552 -0.9510625 -0.3012519
vn 0 -0.9510648 -0.3089917
vn 0.06876854 -0.9510655 -0.3012397
vn 0.1340628 -0.9510655 -0.2783912
vn 0.1926519 -0.9510655 -0.2415774
vn 0.2415804 -0.9510652 -0.1926493
vn 0.2783988 -0.9510628 -0.1340664
vn 0.3012428 -0.9510655 -0.06875478
vn 0.3089917 -0.9510648 0
vn 0.1564244 -0.98769 0
vn 0.1525022 -0.9876898 0.03481293
vn 0.1409338 -0.9876899 0.06787018
vn 0.1222961 -0.98769 0.09753098
vn 0.09753094 -0.9876898 0.1222971
vn 0.06786818 -0.98769 0.1409342
vn 0.03480585 -0.9876898 0.1525038
vn 0 -0.98769 0.1564244
vn -0.03481293 -0.9876898 0.1525022
vn -0.06786509 -0.98769 0.1409357
vn -0.09752941 -0.9876901 0.1222961
vn -0.1222971 -0.9876898 0.09753094
vn -0.1409333 -0.98769 0.06786996
vn -0.1525021 -0.9876898 0.03481336
vn -0.1564244 -0.98769 -0
vn -0.1525025 -0.9876897 -0.03481233
vn -0.1409336 -0.9876899 -0.06787067
vn -0.1222951 -0.98769 -0.09753186
vn -0.09752704 -0.98769 -0.122298
vn -0.06787708 -0.9876899 -0.1409305
vn -0.0348122 -0.9876902 -0.1524999
vn 0 -0.98769 -0.1564244
vn 0.03480479 -0.9876898 -0.1525041
vn 0.06787067 -0.9876899 -0.1409336
vn 0.09752898 -0.9876901 -0.1222965
vn 0.1223 -0.98769 -0.09752615
vn 0.1409336 -0.9876899 -0.06787067
vn 0.1525039 -0.9876898 -0.03480542
vn 0.1564244 -0.98769 0
vn 0 1 0
vn 0 1 0
vn 0 1 0
vn 0 1 0
vn 0 1 0
vn 0 1 0
vn 0 1 0
vn 0 1 0
vn 0 1 0
vn 0 1 0
vn 0 1 0
vn 0 1 0
vn 0 1 0
vn 0 1 0
vn 0 1 0
vn 0 1 0
vn 0 1 0
vn 0 1 0
vn 0 1 0
vn 0 1 0
vn 0 1 0
vn 0 1 0
vn 0 1 0
vn 0 1 0
vn 0 1 0
vn 0 1 0
vn 0 1 0
vn 0 1 0
vn 0 1 0
f 610/610/610 611/611/611 639/639/639
f 611/611/611 640/640/640 639/639/639
f 611/611/611 612/612/612 640/640/640
f 612/612/612 641/641/641 640/640/640
f 612/612/612 613/613/613 641/641/641
f 613/613/613 642/642/642 641/641/641
f 613/613/613 614/614/614 642/642/642
f 614/614/614 643/643/643 642/642/642
f 614/614/614 615/615/615 643/643/643
f 615/615/615 644/644/644 643/643/643
f 615/615/615 616/616/616 644/644/644
f 616/616/616 645/645/645 644/644/644
f 616/616/616 617/617/617 645/645/645
f 617/617/617 646/646/646 645/645/645
f 617/617/617 618/618/618 646/646/646
f 618/618/618 647/647/647 646/646/646
f 618/618/618 619/619/619 647/647/647
f 619/619/619 648/648/648 647/647/647
f 619/619/619 620/620/620 648/648/648
f 620/620/620 649/649/649 648/648/648
f 620/620/620 621/621/621 649/649/649
f 621/621/621 650/650/650 649/649/649
f 621/621/621 622/622/622 650/650/650
f 622/622/622 651/651/651 650/650/650
f 622/622/622 623/623/623 651/651/651
f 623/623/623 652/652/652 651/651/651
f 623/623/623 624/624/624 652/652/652
f 624/624/624 653/653/653 652/652/652
f 624/624/624 625/625/625 653/653/653
f 625/625/625 654/654/654 653/653/653
f 625/625/625 626/626/626 654/654/654
f 626/626/626 655/655/655 654/654/654
f 626/626/626 627/627/627 655/655/655
f 627/627/627 656/656/656 655/655/655
f 627/627/627 628/628/628 656/656/656
f 628/628/628 657/657/657 656/656/656
f 628/628/628 629/629/629 657/657/657
f 629/629/629 658/658/658 657/657/657
f 629/629/629 630/630/630 658/658/658
f 630/630/630 659/659/659 658/658/658
f 630/630/630 631/631/631 659/659/659
f 631/631/631 660/660/660 659/659/659
f 631/631/631 632/632/632 660/660/660
f 632/632/632 661/661/661 660/660/660
f 632/632/632 633/633/633 661/661/661
f 633/633/633 662/662/662 661/661/661
f 633/633/633 634/634/634 662/662/662
f 634/634/634 663/663/663 662/662/662
f 634/634/634 635/635/635 663/663/663
f 635/635/635 664/664/664 663/663/663
f 635/635/635 636/636/636 664/664/664
f 636/636/636 665/665/665 664/664/664
f 636/636/636 637/637/637 665/665/665
f 637/637/637 666/666/666 665/665/665
f 637/637/637 638/638/638 666/666/666
f 638/638/638 667/667/667 666/666/666
f 639/639/639 640/640/640 668/668/668
f 640/640/640 669/669/669 668/668/668
f 640/640/640 641/641/641 669/669/669
f 641/641/641 670/670/670 669/669/669
f 641/641/641 642/642/642 670/670/670
f 642/642/642 671/671/671 670/670/670
f 642/642/642 643/643/643 671/671/671
f 643/643/643 672/672/672 671/671/671
f 643/643/643 644/644/644 672/672/672
f 644/644/644 673/673/673 672/672/672
f 644/644/644 645/645/645 673/673/673
f 645/645/645 674/674/674 673/673/673
f 645/645/645 646/646/646 674/674/674
f 646/646/646 675/675/675 674/674/674
f 646/646/646 647/647/647 675/675/675
f 647/647/647 676/676/676 675/675/675
f 647/647/647 648/648/648 676/676/676
f 648/648/648 677/677/677 676/676/676
f 648/648/648 649/649/649 677/677/677
f 649/649/649 678/678/678 677/677/677
f 649/649/649 650/650/650 678/678/678
f 650/650/650 679/679/679 678/678/678
f 650/650/650 651/651/651 679/679/679
f 651/651/651 680/680/680 679/679/679
f 651/651/651 652/652/652 680/680/680
f 652/652/652 681/681/681 680/680/680
f 652/652/652 653/653/653 681/681/681
f 653/653/653 682/682/682 681/681/681
f 653/653/653 654/654/654 682/682/682
f 654/654/654 683/683/683 682/682/682
f 654/654/654 655/655/655 683/683/683
f 655/655/655 684/684/684 683/683/683
f 655/655/655 656/656/656 684/684/684
f 656/656/656 685/685/685 684/684/684
f 656/656/656 657/657/657 685/685/685
f 657/657/657 686/686/686 685/685/685
f 657/657/657 658/658/658 686/686/686
f 658/658/658 687/687/687 686/686/686
f 658/658/658 659/659/659 687/687/687
f 659/659/659 688/688/688 687/687/687
f 659/659/659 660/660/660 688/688/688
f 660/660/660 689/689/689 688/688/688
f 660/660/660 661/661/661 689/689/689
f 661/661/661 690/690/690 689/689/689
f 661/661/661 662/662/662 690/690/690
f 662/662/662 691/691/691 690/690/690
f 662/662/662 663/663/663 691/691/691
f 663/663/663 692/692/692 691/691/691
f 663/663/663 664/664/664 692/692/692
f 664/664/664 693/693/693 692/692/692
f 664/664/664 665/665/665 693/693/693
f 665/665/665 694/694/694 693/693/693
f 665/665/665 666/666/666 694/694/694
f 666/666/666 695/695/695 694/694/694
f 666/666/666 667/667/667 695/695/695
f 667/667/667 696/696/696 695/695/695
f 668/668/668 669/669/669 697/697/697
f 669/669/669 698/698/698 697/697/697
f 669/669/669 670/670/670 698/698/698
f 670/670/670 699/699/699 698/698/698
f 670/670/670 671/671/671 699/699/699
f 671/671/671 700/700/700 699/699/699
f 671/671/671 672/672/672 700/700/700
f 672/672/672 701/701/701 700/700/700
f 672/672/672 673/673/673 701/701/701
f 673/673/673 702/702/702 701/701/701
f 673/673/673 674/674/674 702/702/702
f 674/674/674 703/703/703 702/702/702
f 674/674/674 675/675/675 703/703/703
f 675/675/675 704/704/704 703/703/703
f 675/675/675 676/676/676 704/704/704
f 676/676/676 705/705/705 704/704/704
f 676/676/676 677/677/677 705/705/705
f 677/677/677 706/706/706 705/705/705
f 677/677/677 678/678/678 706/706/706
f 678/678/678 707/707/707 706/706/706
f 678/678/678 679/679/679 707/707/707
f 679/679/679 708/708/708 707/707/707
f 679/679/679 680/680/680 708/708/708
f 680/680/680 709/709/709 708/708/708
f 680/680/680 681/681/681 709/709/709
f 681/681/681 710/710/710 709/709/709
f 681/681/681 682/682/682 710/710/710
f 682/682/682 711/711/711 710/710/710
f 682/682/682 683/683/683 711/711/711
f 683/683/683 712/712/712 711/711/711
f 683/683/683 684/684/684 712/712/712
f 684/684/684 713/713/713 712/712/712
f 684/684/684 685/685/685 713/713/713
f 685/685/685 714/714/714 713/713/713
f 685/685/685 686/686/686 714/714/714
f 686/686/686 715/715/715 714/714/714
f 686/686/686 687/687/687 715/715/715
f 687/687/687 716/716/716 715/715/715
f 687/687/687 688/688/688 716/716/716
f 688/688/688 717/717/717 716/716/716
f 688/688/688 689/689/689 717/717/717
f 689/689/689 718/718/718 717/717/717
f 689/689/689 690/690/690 718/718/718
f 690/690/690 719/719/719 718/718/718
f 690/690/690 691/691/691 719/719/719
f 691/691/691 720/720/720 719/719/719
f 691/691/691 692/692/692 720/720/720
f 692/692/692 721/721/721 720/720/720
f 692/692/692 693/693/693 721/721/721
f 693/693/693 722/722/722 721/721/721
f 693/693/693 694/694/694 722/722/722
f 694/694/694 723/723/723 722/722/722
f 694/694/694 695/695/695 723/723/723
f 695/695/695 724/724/724 723/723/723
f 695/695/695 696/696/696 724/724/724
f 696/696/696 725/725/725 724/724/724
f 697/697/697 698/698/698 726/726/726
f 698/698/698 727/727/727 726/726/726
f 698/698/698 699/699/699 727/727/727
f 699/699/699 728/728/728 727/727/727
f 699/699/699 700/700/700 728/728/728
f 700/700/700 729/729/729 728/728/728
f 700/700/700 701/701/701 729/729/729
f 701/701/701 730/730/730 729/729/729
f 701/701/701 702/702/702 730/730/730
f 702/702/702 731/731/731 730/730/730
f 702/702/702 703/703/703 731/731/731
f 703/703/703 732/732/732 731/731/731
f 703/703/703 704/704/704 732/732/732
f 704/704/704 733/733/733 732/732/732
f 704/704/704 705/705/705 733/733/733
f 705/705/705 734/734/734 733/733/733
f 705/705/705 706/706/706 734/734/734
f 706/706/706 735/735/735 734/734/734
f 706/706/706 707/707/707 735/735/735
f 707/707/707 736/736/736 735/735/735
f 707/707/707 708/708/708 736/736/736
f 708/708/708 737/737/737 736/736/736
f 708/708/708 709/709/709 737/737/737
f 709/709/709 738/738/738 737/737/737
f 709/709/709 710/710/710 738/738/738
f 710/710/710 739/739/739 738/738/738
f 710/710/710 711/711/711 739/739/739
f 711/711/711 740/740/740 739/739/739
f 711/711/711 712/712/712 740/740/740
f 712/712/712 741/741/741 740/740/740
f 712/712/712 713/713/713 741/741/741
f 713/713/713 742/742/742 741/741/741
f 713/713/713 714/714/714 742/742/742
f 714/714/714 743/743/743 742/742/742
f 714/714/714 715/715/715 743/743/743
f 715/715/715 744/744/744 743/743/743
f 715/715/715 716/716/716 744/744/744
f 716/716/716 745/745/745 744/744/744
f 716/716/716 717/717/717 745/745/745
f 717/717/717 746/746/746 745/745/745
f 717/717/717 718/718/718 746/746/746
f 718/718/718 747/747/747 746/746/746
f 718/718/718 719/719/719 747/747/747
f 719/719/719 748/748/748 747/747/747
f 719/719/719 720/720/720 748/748/748
f 720/720/720 749/749/749 748/748/748
f 720/720/720 721/721/721 749/749/749
f 721/721/721 750/750/750 749/749/749
f 721/721/721 722/722/722 750/750/750
f 722/722/722 751/751/751 750/750/750
f 722/722/722 723/723/723 751/751/751
f 723/723/723 752/752/752 751/751/751
f 723/723/723 724/724/724 752/752/752
f 724/724/724 753/753/753 752/752/752
f 724/724/724 725/725/725 753/753/753
f 725/725/725 754/754/754 753/753/753
f 726/726/726 727/727/727 755/755/755
f 727/727/727 756/756/756 755/755/755
f 727/727/727 728/728/728 756/756/756
f 728/728/728 757/757/757 756/756/756
f 728/728/728 729/729/729 757/757/757
f 729/729/729 758/758/758 757/757/757
f 729/729/729 730/730/730 758/758/758
f 730/730/730 759/759/759 758/758/758
f 730/730/730 731/731/731 759/759/759
f 731/731/731 760/760/760 759/759/759
f 731/731/731 732/732/732 760/760/760
f 732/732/732 761/761/761 760/760/760
f 732/732/732 733/733/733 761/761/761
f 733/733/733 762/762/762 761/761/761
f 733/733/733 734/734/734 762/762/762
f 734/734/734 763/763/763 762/762/762
f 734/734/734 735/735/735 763/763/763
f 735/735/735 764/764/764 763/763/763
f 735/735/735 736/736/736 764/764/764
f 736/736/736 765/765/765 764/764/764
f 736/736/736 737/737/737 765/765/765
f 737/737/737 766/766/766 765/765/765
f 737/737/737 738/738/738 766/766/766
f 738/738/738 767/767/767 766/766/766
f 738/738/738 739/739/739 767/767/767
f 739/739/739 768/768/768 767/767/767
f 739/739/739 740/740/740 768/768/768
f 740/740/740 769/769/769 768/768/768
f 740/740/740 741/741/741 769/769/769
f 741/741/741 770/770/770 769/769/769
f 741/741/741 742/742/742 770/770/770
f 742/742/742 771/771/771 770/770/770
f 742/742/742 743/743/743 771/771/771
f 743/743/743 772/772/772 771/771/771
f 743/743/743 744/744/744 772/772/772
f 744/744/744 773/773/773 772/772/772
f 744/744/744 745/745/745 773/773/773
f 745/745/745 774/774/774 773/773/773
f 745/745/745 746/746/746 774/774/774
f 746/746/746 775/775/775 774/774/774
f 746/746/746 747/747/747 775/775/775
f 747/747/747 776/776/776 775/775/775
f 747/747/747 748/748/748 776/776/776
f 748/748/748 777/777/777 776/776/776
f 748/748/748 749/749/749 777/777/777
f 749/749/749 778/778/778 777/777/777
f 749/749/749 750/750/750 778/778/778
f 750/750/750 779/779/779 778/778/778
f 750/750/750 751/751/751 779/779/779
f 751/751/751 780/780/780 779/779/779
f 751/751/751 752/752/752 780/780/780
f 752/752/752 781/781/781 780/780/780
f 752/752/752 753/753/753 781/781/781
f 753/753/753 782/782/782 781/781/781
f 753/753/753 754/754/754 782/782/782
f 754/754/754 783/783/783 782/782/782
f 755/755/755 756/756/756 784/784/784
f 756/756/756 785/785/785 784/784/784
f 756/756/756 757/757/757 785/785/785
f 757/757/757 786/786/786 785/785/785
f 757/757/757 758/758/758 786/786/786
f 758/758/758 787/787/787 786/786/786
f 758/758/758 759/759/759 787/787/787
f 759/759/759 788/788/788 787/787/787
f 759/759/759 760/760/760 788/788/788
f 760/760/760 789/789/789 788/788/788
f 760/760/760 761/761/761 789/789/789
f 761/761/761 790/790/790 789/789/789
f 761/761/761 762/762/762 790/790/790
f 762/762/762 791/791/791 790/790/790
f 762/762/762 763/763/763 791/791/791
f 763/763/763 792/792/792 791/791/791
f 763/763/763 764/764/764 792/792/792
f 764/764/764 793/793/793 792/792/792
f 764/764/764 765/765/765 793/793/793
f 765/765/765 794/794/794 793/793/793
f 765/765/765 766/766/766 794/794/794
f 766/766/766 795/795/795 794/794/794
f 766/766/766 767/767/767 795/795/795
f 767/767/767 796/796/796 795/795/795
f 767/767/767 768/768/768 796/796/796
f 768/768/768 797/797/797 796/796/796
f 768/768/768 769/769/769 797/797/797
f 769/769/769 798/798/798 797/797/797
f 769/769/769 770/770/770 798/798/798
f 770/770/770 799/799/799 798/798/798
f 770/770/770 771/771/771 799/799/799
f 771/771/771 800/800/800 799/799/799
f 771/771/771 772/772/772 800/800/800
f 772/772/772 801/801/801 800/800/800
f 772/772/772 773/773/773 801/801/801
f 773/773/773 802/802/802 801/801/801
f 773/773/773 774/774/774 802/802/802
f 774/774/774 803/803/803 802/802/802
f 774/774/774 775/775/775 803/803/803
f 775/775/775 804/804/804 803/803/803
f 775/775/775 776/776/776 804/804/804
f 776/776/776 805/805/805 804/804/804
f 776/776/776 777/777/777 805/805/805
f 777/777/777 806/806/806 805/805/805
f 777/777/777 778/778/778 806/806/806
f 778/778/778 807/807/807 806/806/806
f 778/778/778 779/779/779 807/807/807
f 779/779/779 808/808/808 807/807/807
f 779/779/779 780/780/780 808/808/808
f 780/780/780 809/809/809 808/808/808
f 780/780/780 781/781/781 809/809/809
f 781/781/781 810/810/810 809/809/809
f 781/781/781 782/782/782 810/810/810
f 782/782/782 811/811/811 810/810/810
f 782/782/782 783/783/783 811/811/811
f 783/783/783 812/812/812 811/811/811
f 784/784/784 785/785/785 813/813/813
f 785/785/785 814/814/814 813/813/813
f 785/785/785 786/786/786 814/814/814
f 786/786/786 815/815/815 814/814/814
f 786/786/786 787/787/787 815/815/815
f 787/787/787 816/816/816 815/815/815
f 787/787/787 788/788/788 816/816/816
f 788/788/788 817/817/817 816/816/816
f 788/788/788 789/789/789 817/817/817
f 789/789/789 818/818/818 817/817/817
f 789/789/789 790/790/790 818/818/818
f 790/790/790 819/819/819 818/818/818
f 790/790/790 791/791/791 819/819/819
f 791/791/791 820/820/820 819/819/819
f 791/791/791 792/792/792 820/820/820
f 792/792/792 821/821/821 820/820/820
f 792/792/792 793/793/793 821/821/821
f 793/793/793 822/822/822 821/821/821
f 793/793/793 794/794/794 822/822/822
f 794/794/794 823/823/823 822/822/822
f 794/794/794 795/795/795 823/823/823
f 795/795/795 824/824/824 823/823/823
f 795/795/795 796/796/796 824/824/824
f 796/796/796 825/825/825 824/824/824
f 796/796/796 797/797/797 825/825/825
f 797/797/797 826/826/826 825/825/825
f 797/797/797 798/798/798 826/826/826
f 798/798/798 827/827/827 826/826/826
f 798/798/798 799/799/799 827/827/827
f 799/799/799 828/828/828 827/827/827
f 799/799/799 800/800/800 828/828/828
f 800/800/800 829/829/829 828/828/828
f 800/800/800 801/801/801 829/829/829
f 801/801/801 830/830/830 829/829/829
f 801/801/801 802/802/802 830/830/830
f 802/802/802 831/831/831 830/830/830
f 802/802/802 803/803/803 831/831/831
f 803/803/803 832/832/832 831/831/831
f 803/803/803 804/804/804 832/832/832
f 804/804/804 833/833/833 832/832/832
f 804/804/804 805/805/805 833/833/833
f 805/805/805 834/834/834 833/833/833
f 805/805/805 806/806/806 834/834/834
f 806/806/806 835/835/835 834/834/834
f 806/806/806 807/807/807 835/835/835
f 807/807/807 836/836/836 835/835/835
f 807/807/807 808/808/808 836/836/836
f 808/808/808 837/837/837 836/836/836
f 808/808/808 809/809/809 837/837/837
f 809/809/809 838/838/838 837/837/837
f 809/809/809 810/810/810 838/838/838
f 810/810/810 839/839/839 838/838/838
f 810/810/810 811/811/811 839/839/839
f 811/811/811 840/840/840 839/839/839
f 811/811/811 812/812/812 840/840/840
f 812/812/812 841/841/841 840/840/840
f 813/813/813 814/814/814 842/842/842
f 814/814/814 843/843/843 842/842/842
f 814/814/814 815/815/815 843/843/843
f 815/815/815 844/844/844 843/843/843
f 815/815/815 816/816/816 844/844/844
f 816/816/816 845/845/845 844/844/844
f 816/816/816 817/817/817 845/845/845
f 817/817/817 846/846/846 845/845/845
f 817/817/817 818/818/818 846/846/846
f 818/818/818 847/847/847 846/846/846
f 818/818/818 819/819/819 847/847/847
f 819/819/819 848/848/848 847/847/847
f 819/819/819 820/820/820 848/848/848
f 820/820/820 849/849/849 848/848/848
f 820/820/820 821/821/821 849/849/849
f 821/821/821 850/850/850 849/849/849
f 821/821/821 822/822/822 850/850/850
f 822/822/822 851/851/851 850/850/850
f 822/822/822 823/823/823 851/851/851
f 823/823/823 852/852/852 851/851/851
f 823/823/823 824/824/824 852/852/852
f 824/824/824 853/853/853 852/852/852
f 824/824/824 825/825/825 853/853/853
f 825/825/825 854/854/854 853/853/853
f 825/825/825 826/826/826 854/854/854
f 826/826/826 855/855/855 854/854/854
f 826/826/826 827/827/827 855/855/855
f 827/827/827 856/856/856 855/855/855
f 827/827/827 828/828/828 856/856/856
f 828/828/828 857/857/857 856/856/856
f 828/828/828 829/829/829 857/857/857
f 829/829/829 858/858/858 857/857/857
f 829/829/829 830/830/830 858/858/858
f 830/830/830 859/859/859 858/858/858
f 830/830/830 831/831/831 859/859/859
f 831/831/831 860/860/860 859/859/859
f 831/831/831 832/832/832 860/860/860
f 832/832/832 861/861/861 860/860/860
f 832/832/832 833/833/833 861/861/861
f 833/833/833 862/862/862 861/861/861
f 833/833/833 834/834/834 862/862/862
f 834/834/834 863/863/863 862/862/862
f 834/834/834 835/835/835 863/863/863
f 835/835/835 864/864/864 863/863/863
f 835/835/835 836/836/836 864/864/864
f 836/836/836 865/865/865 864/864/864
f 836/836/836 837/837/837 865/865/865
f 837/837/837 866/866/866 865/865/865
f 837/837/837 838/838/838 866/866/866
f 838/838/838 867/867/867 866/866/866
f 838/838/838 839/839/839 867/867/867
f 839/839/839 868/868/868 867/867/867
f 839/839/839 840/840/840 868/868/868
f 840/840/840 869/869/869 868/868/868
f 840/840/840 841/841/841 869/869/869
f 841/841/841 870/870/870 869/869/869
f 842/842/842 843/843/843 871/871/871
f 843/843/843 872/872/872 871/871/871
f 843/843/843 844/844/844 872/872/872
f 844/844/844 873/873/873 872/872/872
f 844/844/844 845/845/845 873/873/873
f 845/845/845 874/874/874 873/873/873
f 845/845/845 846/846/846 874/874/874
f 846/846/846 875/875/875 874/874/874
f 846/846/846 847/847/847 875/875/875
f 847/847/847 876/876/876 875/875/875
f 847/847/847 848/848/848 876/876/876
f 848/848/848 877/877/877 876/876/876
f 848/848/848 849/849/849 877/877/877
f 849/849/849 878/878/878 877/877/877
f 849/849/849 850/850/850 878/878/878
f 850/850/850 879/879/879 878/878/878
f 850/850/850 851/851/851 879/879/879
f 851/851/851 880/880/880 879/879/879
f 851/851/851 852/852/852 880/880/880
f 852/852/852 881/881/881 880/880/880
f 852/852/852 853/853/853 881/881/881
f 853/853/853 882/882/882 881/881/881
f 853/853/853 854/854/854 882/882/882
f 854/854/854 883/883/883 882/882/882
f 854/854/854 855/855/855 883/883/883
f 855/855/855 884/884/884 883/883/883
f 855/855/855 856/856/856 884/884/884
f 856/856/856 885/885/885 884/884/884
f 856/856/856 857/857/857 885/885/885
f 857/857/857 886/886/886 885/885/885
f 857/857/857 858/858/858 886/886/886
f 858/858/858 887/887/887 886/886/886
f 858/858/858 859/859/859 887/887/887
f 859/859/859 888/888/888 887/887/887
f 859/859/859 860/860/860 888/888/888
f 860/860/860 889/889/889 888/888/888
f 860/860/860 861/861/861 889/889/889
f 861/861/861 890/890/890 889/889/889
f 861/861/861 862/862/862 890/890/890
f 862/862/862 891/891/891 890/890/890
f 862/862/862 863/863/863 891/891/891
f 863/863/863 892/892/892 891/891/891
f 863/863/863 864/864/864 892/892/892
f 864/864/864 893/893/893 892/892/892
f 864/864/864 865/865/865 893/893/893
f 865/865/865 894/894/894 893/893/893
f 865/865/865 866/866/866 894/894/894
f 866/866/866 895/895/895 894/894/894
f 866/866/866 867/867/867 895/895/895
f 867/867/867 896/896/896 895/895/895
f 867/867/867 868/868/868 896/896/896
f 868/868/868 897/897/897 896/896/896
f 868/868/868 869/869/869 897/897/897
f 869/869/869 898/898/898 897/897/897
f 869/869/869 870/870/870 898/898/898
f 870/870/870 899/899/899 898/898/898
f 871/871/871 872/872/872 900/900/900
f 872/872/872 901/901/901 900/900/900
f 872/872/872 873/873/873 901/901/901
f 873/873/873 902/902/902 901/901/901
f 873/873/873 874/874/874 902/902/902
f 874/874/874 903/903/903 902/902/902
f 874/874/874 875/875/875 903/903/903
f 875/875/875 904/904/904 903/903/903
f 875/875/875 876/876/876 904/904/904
f 876/876/876 905/905/905 904/904/904
f 876/876/876 877/877/877 905/905/905
f 877/877/877 906/906/906 905/905/905
f 877/877/877 878/878/878 906/906/906
f 878/878/878 907/907/907 906/906/906
f 878/878/878 879/879/879 907/907/907
f 879/879/879 908/908/908 907/907/907
f 879/879/879 880/880/880 908/908/908
f 880/880/880 909/909/909 908/908/908
f 880/880/880 881/881/881 909/909/909
f 881/881/881 910/910/910 909/909/909
f 881/881/881 882/882/882 910/910/910
f 882/882/882 911/911/911 910/910/910
f 882/882/882 883/883/883 911/911/911
f 883/883/883 912/912/912 911/911/911
f 883/883/883 884/884/884 912/912/912
f 884/884/884 913/913/913 912/912/912
f 884/884/884 885/885/885 913/913/913
f 885/885/885 914/914/914 913/913/913
f 885/885/885 886/886/886 914/914/914
f 886/886/886 915/915/915 914/914/914
f 886/886/886 887/887/887 915/915/915
f 887/887/887 916/916/916 915/915/915
f 887/887/887 888/888/888 916/916/916
f 888/888/888 917/917/917 916/916/916
f 888/888/888 889/889/889 917/917/917
f 889/889/889 918/918/918 917/917/917
f 889/889/889 890/890/890 918/918/918
f 890/890/890 919/919/919 918/918/918
f 890/890/890 891/891/891 919/919/919
f 891/891/891 920/920/920 919/919/919
f 891/891/891 892/892/892 920/920/920
f 892/892/892 921/921/921 920/920/920
f 892/892/892 893/893/893 921/921/921
f 893/893/893 922/922/922 921/921/921
f 893/893/893 894/894/894 922/922/922
f 894/894/894 923/923/923 922/922/922
f 894/894/894 895/895/895 923/923/923
f 895/895/895 924/924/924 923/923/923
f 895/895/895 896/896/896 924/924/924
f 896/896/896 925/925/925 924/924/924
f 896/896/896 897/897/897 925/925/925
f 897/897/897 926/926/926 925/925/925
f 897/897/897 898/898/898 926/926/926
f 898/898/898 927/927/927 926/926/926
f 898/898/898 899/899/899 927/927/927
f 899/899/899 928/928/928 927/927/927
f 900/900/900 901/901/901 929/929/929
f 901/901/901 930/930/930 929/929/929
f 901/901/901 902/902/902 930/930/930
f 902/902/902 931/931/931 930/930/930
f 902/902/902 903/903/903 931/931/931
f 903/903/903 932/932/932 931/931/931
f 903/903/903 904/904/904 932/932/932
f 904/904/904 933/933/933 932/932/932
f 904/904/904 905/905/905 933/933/933
f 905/905/905 934/934/934 933/933/933
f 905/905/905 906/906/906 934/934/934
f 906/906/906 935/935/935 934/934/934
f 906/906/906 907/907/907 935/935/935
f 907/907/907 936/936/936 935/935/935
f 907/907/907 908/908/908 936/936/936
f 908/908/908 937/937/937 936/936/936
f 908/908/908 909/909/909 937/937/937
f 909/909/909 938/938/938 937/937/937
f 909/909/909 910/910/910 938/938/938
f 910/910/910 939/939/939 938/938/938
f 910/910/910 911/911/911 939/939/939
f 911/911/911 940/940/940 939/939/939
f 911/911/911 912/912/912 940/940/940
f 912/912/912 941/941/941 940/940/940
f 912/912/912 913/913/913 941/941/941
f 913/913/913 942/942/942 941/941/941
f 913/913/913 914/914/914 942/942/942
f 914/914/914 943/943/943 942/942/942
f 914/914/914 915/915/915 943/943/943
f 915/915/915 944/944/944 943/943/943
f 915/915/915 916/916/916 944/944/944
f 916/916/916 945/945/945 944/944/944
f 916/916/916 917/917/917 945/945/945
f 917/917/917 946/946/946 945/945/945
f 917/917/917 918/918/918 946/946/946
f 918/918/918 947/947/947 946/946/946
f 918/918/918 919/919/919 947/947/947
f 919/919/919 948/948/948 947/947/947
f 919/919/919 920/920/920 948/948/948
f 920/920/920 949/949/949 948/948/948
f 920/920/920 921/921/921 949/949/949
f 921/921/921 950/950/950 949/949/949
f 921/921/921 922/922/922 950/950/950
f 922/922/922 951/951/951 950/950/950
f 922/922/922 923/923/923 951/951/951
f 923/923/923 952/952/952 951/951/951
f 923/923/923 924/924/924 952/952/952
f 924/924/924 953/953/953 952/952/952
f 924/924/924 925/925/925 953/953/953
f 925/925/925 954/954/954 953/953/953
f 925/925/925 926/926/926 954/954/954
f 926/926/926 955/955/955 954/954/954
f 926/926/926 927/927/927 955/955/955
f 927/927/927 956/956/956 955/955/955
f 927/927/927 928/928/928 956/956/956
f 928/928/928 957/957/957 956/956/956
f 929/929/929 930/930/930 958/958/958
f 930/930/930 959/959/959 958/958/958
f 930/930/930 931/931/931 959/959/959
f 931/931/931 960/960/960 959/959/959
f 931/931/931 932/932/932 960/960/960
f 932/932/932 961/961/961 960/960/960
f 932/932/932 933/933/933 961/961/961
f 933/933/933 962/962/962 961/961/961
f 933/933/933 934/934/934 962/962/962
f 934/934/934 963/963/963 962/962/962
f 934/934/934 935/935/935 963/963/963
f 935/935/935 964/964/964 963/963/963
f 935/935/935 936/936/936 964/964/964
f 936/936/936 965/965/965 964/964/964
f 936/936/936 937/937/937 965/965/965
f 937/937/937 966/966/966 965/965/965
f 937/937/937 938/938/938 966/966/966
f 938/938/938 967/967/967 966/966/966
f 938/938/938 939/939/939 967/967/967
f 939/939/939 968/968/968 967/967/967
f 939/939/939 940/940/940 968/968/968
f 940/940/940 969/969/969 968/968/968
f 940/940/940 941/941/941 969/969/969
f 941/941/941 970/970/970 969/969/969
f 941/941/941 942/942/942 970/970/970
f 942/942/942 971/971/971 970/970/970
f 942/942/942 943/943/943 971/971/971
f 943/943/943 972/972/972 971/971/971
f 943/943/943 944/944/944 972/972/972
f 944/944/944 973/973/973 972/972/972
f 944/944/944 945/945/945 973/973/973
f 945/945/945 974/974/974 973/973/973
f 945/945/945 946/946/946 974/974/974
f 946/946/946 975/975/975 974/974/974
f 946/946/946 947/947/947 975/975/975
f 947/947/947 976/976/976 975/975/975
f 947/947/947 948/948/948 976/976/976
f 948/948/948 977/977/977 976/976/976
f 948/948/948 949/949/949 977/977/977
f 949/949/949 978/978/978 977/977/977
f 949/949/949 950/950/950 978/978/978
f 950/950/950 979/979/979 978/978/978
f 950/950/950 951/951/951 979/979/979
f 951/951/951 980/980/980 979/979/979
f 951/951/951 952/952/952 980/980/980
f 952/952/952 981/981/981 980/980/980
f 952/952/952 953/953/953 981/981/981
f 953/953/953 982/982/982 981/981/981
f 953/953/953 954/954/954 982/982/982
f 954/954/954 983/983/983 982/982/982
f 954/954/954 955/955/955 983/983/983
f 955/955/955 984/984/984 983/983/983
f 955/955/955 956/956/956 984/984/984
f 956/956/956 985/985/985 984/984/984
f 956/956/956 957/957/957 985/985/985
f 957/957/957 986/986/986 985/985/985
f 958/958/958 959/959/959 987/987/987
f 959/959/959 988/988/988 987/987/987
f 959/959/959 960/960/960 988/988/988
f 960/960/960 989/989/989 988/988/988
f 960/960/960 961/961/961 989/989/989
f 961/961/961 990/990/990 989/989/989
f 961/961/961 962/962/962 990/990/990
f 962/962/962 991/991/991 990/990/990
f 962/962/962 963/963/963 991/991/991
f 963/963/963 992/992/992 991/991/991
f 963/963/963 964/964/964 992/992/992
f 964/964/964 993/993/993 992/992/992
f 964/964/964 965/965/965 993/993/993
f 965/965/965 994/994/994 993/993/993
f 965/965/965 966/966/966 994/994/994
f 966/966/966 995/995/995 994/994/994
f 966/966/966 967/967/967 995/995/995
f 967/967/967 996/996/996 995/995/995
f 967/967/967 968/968/968 996/996/996
f 968/968/968 997/997/997 996/996/996
f 968/968/968 969/969/969 997/997/997
f 969/969/969 998/998/998 997/997/997
f 969/969/969 970/970/970 998/998/998
f 970/970/970 999/999/999 998/998/998
f 970/970/970 971/971/971 999/999/999
f 971/971/971 1000/1000/1000 999/999/999
f 971/971/971 972/972/972 1000/1000/1000
f 972/972/972 1001/1001/1001 1000/1000/1000
f 972/972/972 973/973/973 1001/1001/1001
f 973/973/973 1002/1002/1002 1001/1001/1001
f 973/973/973 974/974/974 1002/1002/1002
f 974/974/974 1003/1003/1003 1002/1002/1002
f 974/974/974 975/975/975 1003/1003/1003
f 975/975/975 1004/1004/1004 1003/1003/1003
f 975/975/975 976/976/976 1004/1004/1004
f 976/976/976 1005/1005/1005 1004/1004/1004
f 976/976/976 977/977/977 1005/1005/1005
f 977/977/977 1006/1006/1006 1005/1005/1005
f 977/977/977 978/978/978 1006/1006/1006
f 978/978/978 1007/1007/1007 1006/1006/1006
f 978/978/978 979/979/979 1007/1007/1007
f 979/979/979 1008/1008/1008 1007/1007/1007
f 979/979/979 980/980/980 1008/1008/1008
f 980/980/980 1009/1009/1009 1008/1008/1008
f 980/980/980 981/981/981 1009/1009/1009
f 981/981/981 1010/1010/1010 1009/1009/1009
f 981/981/981 982/982/982 1010/1010/1010
f 982/982/982 1011/1011/1011 1010/1010/1010
f 982/982/982 983/983/983 1011/1011/1011
f 983/983/983 1012/1012/1012 1011/1011/1011
f 983/983/983 984/984/984 1012/1012/1012
f 984/984/984 1013/1013/1013 1012/1012/1012
f 984/984/984 985/985/985 1013/1013/1013
f 985/985/985 1014/1014/1014 1013/1013/1013
f 985/985/985 986/986/986 1014/1014/1014
f 986/986/986 1015/1015/1015 1014/1014/1014
f 987/987/987 988/988/988 1016/1016/1016
f 988/988/988 1017/1017/1017 1016/1016/1016
f 988/988/988 989/989/989 1017/1017/1017
f 989/989/989 1018/1018/1018 1017/1017/1017
f 989/989/989 990/990/990 1018/1018/1018
f 990/990/990 1019/1019/1019 1018/1018/1018
f 990/990/990 991/991/991 1019/1019/1019
f 991/991/991 1020/1020/1020 1019/1019/1019
f 991/991/991 992/992/992 1020/1020/1020
f 992/992/992 1021/1021/1021 1020/1020/1020
f 992/992/992 993/993/993 1021/1021/1021
f 993/993/993 1022/1022/1022 1021/1021/1021
f 993/993/993 994/994/994 1022/1022/1022
f 994/994/994 1023/1023/1023 1022/1022/1022
f 994/994/994 995/995/995 1023/1023/1023
f 995/995/995 1024/1024/1024 1023/1023/1023
f 995/995/995 996/996/996 1024/1024/1024
f 996/996/996 1025/1025/1025 1024/1024/1024
f 996/996/996 997/997/997 1025/1025/1025
f 997/997/997 1026/1026/1026 1025/1025/1025
f 997/997/997 998/998/998 1026/1026/1026
f 998/998/998 1027/1027/1027 1026/1026/1026
f 998/998/998 999/999/999 1027/1027/1027
f 999/999/999 1028/1028/1028 1027/1027/1027
f 999/999/999 1000/1000/1000 1028/1028/1028
f 1000/1000/1000 1029/1029/1029 1028/1028/1028
f 1000/1000/1000 1001/1001/1001 1029/1029/1029
f 1001/1001/1001 1030/1030/1030 1029/1029/1029
f 1001/1001/1001 1002/1002/1002 1030/1030/1030
f 1002/1002/1002 1031/1031/1031 1030/1030/1030
f 1002/1002/1002 1003/1003/1003 1031/1031/1031
f 1003/1003/1003 1032/1032/1032 1031/1031/1031
f 1003/1003/1003 1004/1004/1004 1032/1032/1032
f 1004/1004/1004 1033/1033/1033 1032/1032/1032
f 1004/1004/1004 1005/1005/1005 1033/1033/1033
f 1005/1005/1005 1034/1034/1034 1033/1033/1033
f 1005/1005/1005 1006/1006/1006 1034/1034/1034
f 1006/1006/1006 1035/1035/1035 1034/1034/1034
f 1006/1006/1006 1007/1007/1007 1035/1035/1035
f 1007/1007/1007 1036/1036/1036 1035/1035/1035
f 1007/1007/1007 1008/1008/1008 1036/1036/1036
f 1008/1008/1008 1037/1037/1037 1036/1036/1036
f 1008/1008/1008 1009/1009/1009 1037/1037/1037
f 1009/1009/1009 1038/1038/1038 1037/1037/1037
f 1009/1009/1009 1010/1010/1010 1038/1038/1038
f 1010/1010/1010 1039/1039/1039 1038/1038/1038
f 1010/1010/1010 1011/1011/1011 1039/1039/1039
f 1011/1011/1011 1040/1040/1040 1039/1039/1039
f 1011/1011/1011 1012/1012/1012 1040/1040/1040
f 1012/1012/1012 1041/1041/1041 1040/1040/1040
f 1012/1012/1012 1013/1013/1013 1041/1041/1041
f 1013/1013/1013 1042/1042/1042 1041/1041/1041
f 1013/1013/1013 1014/1014/1014 1042/1042/1042
f 1014/1014/1014 1043/1043/1043 1042/1042/1042
f 1014/1014/1014 1015/1015/1015 1043/1043/1043
f 1015/1015/1015 1044/1044/1044 1043/1043/1043
f 1016/1016/1016 1017/1017/1017 1045/1045/1045
f 1017/1017/1017 1046/1046/1046 1045/1045/1045
f 1017/1017/1017 1018/1018/1018 1046/1046/1046
f 1018/1018/1018 1047/1047/1047 1046/1046/1046
f 1018/1018/1018 1019/1019/1019 1047/1047/1047
f 1019/1019/1019 1048/1048/1048 1047/1047/1047
f 1019/1019/1019 1020/1020/1020 1048/1048/1048
f 1020/1020/1020 1049/1049/1049 1048/1048/1048
f 1020/1020/1020 1021/1021/1021 1049/1049/1049
f 1021/1021/1021 1050/1050/1050 1049/1049/1049
f 1021/1021/1021 1022/1022/1022 1050/1050/1050
f 1022/1022/1022 1051/1051/1051 1050/1050/1050
f 1022/1022/1022 1023/1023/1023 1051/1051/1051
f 1023/1023/1023 1052/1052/1052 1051/1051/1051
f 1023/1023/1023 1024/1024/1024 1052/1052/1052
f 1024/1024/1024 1053/1053/1053 1052/1052/1052
f 1024/1024/1024 1025/1025/1025 1053/1053/1053
f 1025/1025/1025 1054/1054/1054 1053/1053/1053
f 1025/1025/1025 1026/1026/1026 1054/1054/1054
f 1026/1026/1026 1055/1055/1055 1054/1054/1054
f 1026/1026/1026 1027/1027/1027 1055/1055/1055
f 1027/1027/1027 1056/1056/1056 1055/1055/1055
f 1027/1027/1027 1028/1028/1028 1056/1056/1056
f 1028/1028/1028 1057/1057/1057 1056/1056/1056
f 1028/1028/1028 1029/1029/1029 1057/1057/1057
f 1029/1029/1029 1058/1058/1058 1057/1057/1057
f 1029/1029/1029 1030/1030/1030 1058/1058/1058
f 1030/1030/1030 1059/1059/1059 1058/1058/1058
f 1030/1030/1030 1031/1031/1031 1059/1059/1059
f 1031/1031/1031 1060/1060/1060 1059/1059/1059
f 1031/1031/1031 1032/1032/1032 1060/1060/1060
f 1032/1032/1032 1061/1061/1061 1060/1060/1060
f 1032/1032/1032 1033/1033/1033 1061/1061/1061
f 1033/1033/1033 1062/1062/1062 1061/1061/1061
f 1033/1033/1033 1034/1034/1034 1062/1062/1062
f 1034/1034/1034 1063/1063/1063 1062/1062/1062
f 1034/1034/1034 1035/1035/1035 1063/1063/1063
f 1035/1035/1035 1064/1064/1064 1063/1063/1063
f 1035/1035/1035 1036/1036/1036 1064/1064/1064
f 1036/1036/1036 1065/1065/1065 1064/1064/1064
f 1036/1036/1036 1037/1037/1037 1065/1065/1065
f 1037/1037/1037 1066/1066/1066 1065/1065/1065
f 1037/1037/1037 1038/1038/1038 1066/1066/1066
f 1038/1038/1038 1067/1067/1067 1066/1066/1066
f 1038/1038/1038 1039/1039/1039 1067/1067/1067
f 1039/1039/1039 1068/1068/1068 1067/1067/1067
f 1039/1039/1039 1040/1040/1040 1068/1068/1068
f 1040/1040/1040 1069/1069/1069 1068/1068/1068
f 1040/1040/1040 1041/1041/1041 1069/1069/1069
f 1041/1041/1041 1070/1070/1070 1069/1069/1069
f 1041/1041/1041 1042/1042/1042 1070/1070/1070
f 1042/1042/1042 1071/1071/1071 1070/1070/1070
f 1042/1042/1042 1043/1043/1043 1071/1071/1071
f 1043/1043/1043 1072/1072/1072 1071/1071/1071
f 1043/1043/1043 1044/1044/1044 1072/1072/1072
f 1044/1044/1044 1073/1073/1073 1072/1072/1072
f 1045/1045/1045 1046/1046/1046 1074/1074/1074
f 1046/1046/1046 1075/1075/1075 1074/1074/1074
f 1046/1046/1046 1047/1047/1047 1075/1075/1075
f 1047/1047/1047 1076/1076/1076 1075/1075/1075
f 1047/1047/1047 1048/1048/1048 1076/1076/1076
f 1048/1048/1048 1077/1077/1077 1076/1076/1076
f 1048/1048/1048 1049/1049/1049 1077/1077/1077
f 1049/1049/1049 1078/1078/1078 1077/1077/1077
f 1049/1049/1049 1050/1050/1050 1078/1078/1078
f 1050/1050/1050 1079/1079/1079 1078/1078/1078
f 1050/1050/1050 1051/1051/1051 1079/1079/1079
f 1051/1051/1051 1080/1080/1080 1079/1079/1079
f 1051/1051/1051 1052/1052/1052 1080/1080/1080
f 1052/1052/1052 1081/1081/1081 1080/1080/1080
f 1052/1052/1052 1053/1053/1053 1081/1081/1081
f 1053/1053/1053 1082/1082/1082 1081/1081/1081
f 1053/1053/1053 1054/1054/1054 1082/1082/1082
f 1054/1054/1054 1083/1083/1083 1082/1082/1082
f 1054/1054/1054 1055/1055/1055 1083/1083/1083
f 1055/1055/1055 1084/1084/1084 1083/1083/1083
f 1055/1055/1055 1056/1056/1056 1084/1084/1084
f 1056/1056/1056 1085/1085/1085 1084/1084/1084
f 1056/1056/1056 1057/1057/1057 1085/1085/1085
f 1057/1057/1057 1086/1086/1086 1085/1085/1085
f 1057/1057/1057 1058/1058/1058 1086/1086/1086
f 1058/1058/1058 1087/1087/1087 1086/1086/1086
f 1058/1058/1058 1059/1059/1059 1087/1087/1087
f 1059/1059/1059 1088/1088/1088 1087/1087/1087
f 1059/1059/1059 1060/1060/1060 1088/1088/1088
f 1060/1060/1060 1089/1089/1089 1088/1088/1088
f 1060/1060/1060 1061/1061/1061 1089/1089/1089
f 1061/1061/1061 1090/1090/1090 1089/1089/1089
f 1061/1061/1061 1062/1062/1062 1090/1090/1090
f 1062/1062/1062 1091/1091/1091 1090/1090/1090
f 1062/1062/1062 1063/1063/1063 1091/1091/1091
f 1063/1063/1063 1092/1092/1092 1091/1091/1091
f 1063/1063/1063 1064/1064/1064 1092/1092/1092
f 1064/1064/1064 1093/1093/1093 1092/1092/1092
f 1064/1064/1064 1065/1065/1065 1093/1093/1093
f 1065/1065/1065 1094/1094/1094 1093/1093/1093
f 1065/1065/1065 1066/1066/1066 1094/1094/1094
f 1066/1066/1066 1095/1095/1095 1094/1094/1094
f 1066/1066/1066 1067/1067/1067 1095/1095/1095
f 1067/1067/1067 1096/1096/1096 1095/1095/1095
f 1067/1067/1067 1068/1068/1068 1096/1096/1096
f 1068/1068/1068 1097/1097/1097 1096/1096/1096
f 1068/1068/1068 1069/1069/1069 1097/1097/1097
f 1069/1069/1069 1098/1098/1098 1097/1097/1097
f 1069/1069/1069 1070/1070/1070 1098/1098/1098
f 1070/1070/1070 1099/1099/1099 1098/1098/1098
f 1070/1070/1070 1071/1071/1071 1099/1099/1099
f 1071/1071/1071 1100/1100/1100 1099/1099/1099
f 1071/1071/1071 1072/1072/1072 1100/1100/1100
f 1072/1072/1072 1101/1101/1101 1100/1100/1100
f 1072/1072/1072 1073/1073/1073 1101/1101/1101
f 1073/1073/1073 1102/1102/1102 1101/1101/1101
f 1074/1074/1074 1075/1075/1075 1103/1103/1103
f 1075/1075/1075 1104/1104/1104 1103/1103/1103
f 1075/1075/1075 1076/1076/1076 1104/1104/1104
f 1076/1076/1076 1105/1105/1105 1104/1104/1104
f 1076/1076/1076 1077/1077/1077 1105/1105/1105
f 1077/1077/1077 1106/1106/1106 1105/1105/1105
f 1077/1077/1077 1078/1078/1078 1106/1106/1106
f 1078/1078/1078 1107/1107/1107 1106/1106/1106
f 1078/1078/1078 1079/1079/1079 1107/1107/1107
f 1079/1079/1079 1108/1108/1108 1107/1107/1107
f 1079/1079/1079 1080/1080/1080 1108/1108/1108
f 1080/1080/1080 1109/1109/1109 1108/1108/1108
f 1080/1080/1080 1081/1081/1081 1109/1109/1109
f 1081/1081/1081 1110/1110/1110 1109/1109/1109
f 1081/1081/1081 1082/1082/1082 1110/1110/1110
f 1082/1082/1082 1111/1111/1111 1110/1110/1110
f 1082/1082/1082 1083/1083/1083 1111/1111/1111
f 1083/1083/1083 1112/1112/1112 1111/1111/1111
f 1083/1083/1083 1084/1084/1084 1112/1112/1112
f 1084/1084/1084 1113/1113/1113 1112/1112/1112
f 1084/1084/1084 1085/1085/1085 1113/1113/1113
f 1085/1085/1085 1114/1114/1114 1113/1113/1113
f 1085/1085/1085 1086/1086/1086 1114/1114/1114
f 1086/1086/1086 1115/1115/1115 1114/1114/1114
f 1086/1086/1086 1087/1087/1087 1115/1115/1115
f 1087/1087/1087 1116/1116/1116 1115/1115/1115
f 1087/1087/1087 1088/1088/1088 1116/1116/1116
f 1088/1088/1088 1117/1117/1117 1116/1116/1116
f 1088/1088/1088 1089/1089/1089 1117/1117/1117
f 1089/1089/1089 1118/1118/1118 1117/1117/1117
f 1089/1089/1089 1090/1090/1090 1118/1118/1118
f 1090/1090/1090 1119/1119/1119 1118/1118/1118
f 1090/1090/1090 1091/1091/1091 1119/1119/1119
f 1091/1091/1091 1120/1120/1120 1119/1119/1119
f 1091/1091/1091 1092/1092/1092 1120/1120/1120
f 1092/1092/1092 1121/1121/1121 1120/1120/1120
f 1092/1092/1092 1093/1093/1093 1121/1121/1121
f 1093/1093/1093 1122/1122/1122 1121/1121/1121
f 1093/1093/1093 1094/1094/1094 1122/1122/1122
f 1094/1094/1094 1123/1123/1123 1122/1122/1122
f 1094/1094/1094 1095/1095/1095 1123/1123/1123
f 1095/1095/1095 1124/1124/1124 1123/1123/1123
f 1095/1095/1095 1096/1096/1096 1124/1124/1124
f 1096/1096/1096 1125/1125/1125 1124/1124/1124
f 1096/1096/1096 1097/1097/1097 1125/1125/1125
f 1097/1097/1097 1126/1126/1126 1125/1125/1125
f 1097/1097/1097 1098/1098/1098 1126/1126/1126
f 1098/1098/1098 1127/1127/1127 1126/1126/1126
f 1098/1098/1098 1099/1099/1099 1127/1127/1127
f 1099/1099/1099 1128/1128/1128 1127/1127/1127
f 1099/1099/1099 1100/1100/1100 1128/1128/1128
f 1100/1100/1100 1129/1129/1129 1128/1128/1128
f 1100/1100/1100 1101/1101/1101 1129/1129/1129
f 1101/1101/1101 1130/1130/1130 1129/1129/1129
f 1101/1101/1101 1102/1102/1102 1130/1130/1130
f 1102/1102/1102 1131/1131/1131 1130/1130/1130
f 1103/1103/1103 1104/1104/1104 1132/1132/1132
f 1104/1104/1104 1133/1133/1133 1132/1132/1132
f 1104/1104/1104 1105/1105/1105 1133/1133/1133
f 1105/1105/1105 1134/1134/1134 1133/1133/1133
f 1105/1105/1105 1106/1106/1106 1134/1134/1134
f 1106/1106/1106 1135/1135/1135 1134/1134/1134
f 1106/1106/1106 1107/1107/1107 1135/1135/1135
f 1107/1107/1107 1136/1136/1136 1135/1135/1135
f 1107/1107/1107 1108/1108/1108 1136/1136/1136
f 1108/1108/1108 1137/1137/1137 1136/1136/1136
f 1108/1108/1108 1109/1109/1109 1137/1137/1137
f 1109/1109/1109 1138/1138/1138 1137/1137/1137
f 1109/1109/1109 1110/1110/1110 1138/1138/1138
f 1110/1110/1110 1139/1139/1139 1138/1138/1138
f 1110/1110/1110 1111/1111/1111 1139/1139/1139
f 1111/1111/1111 1140/1140/1140 1139/1139/1139
f 1111/1111/1111 1112/1112/1112 1140/1140/1140
f 1112/1112/1112 1141/1141/1141 1140/1140/1140
f 1112/1112/1112 1113/1113/1113 1141/1141/1141
f 1113/1113/1113 1142/1142/1142 1141/1141/1141
f 1113/1113/1113 1114/1114/1114 1142/1142/1142
f 1114/1114/1114 1143/1143/1143 1142/1142/1142
f 1114/1114/1114 1115/1115/1115 1143/1143/1143
f 1115/1115/1115 1144/1144/1144 1143/1143/1143
f 1115/1115/1115 1116/1116/1116 1144/1144/1144
f 1116/1116/1116 1145/1145/1145 1144/1144/1144
f 1116/1116/1116 1117/1117/1117 1145/1145/1145
f 1117/1117/1117 1146/1146/1146 1145/1145/1145
f 1117/1117/1117 1118/1118/1118 1146/1146/1146
f 1118/1118/1118 1147/1147/1147 1146/1146/1146
f 1118/1118/1118 1119/1119/1119 1147/1147/1147
f 1119/1119/1119 1148/1148/1148 1147/1147/1147
f 1119/1119/1119 1120/1120/1120 1148/1148/1148
f 1120/1120/1120 1149/1149/1149 1148/1148/1148
f 1120/1120/1120 1121/1121/1121 1149/1149/1149
f 1121/1121/1121 1150/1150/1150 1149/1149/1149
f 1121/1121/1121 1122/1122/1122 1150/1150/1150
f 1122/1122/1122 1151/1151/1151 1150/1150/1150
f 1122/1122/1122 1123/1123/1123 1151/1151/1151
f 1123/1123/1123 1152/1152/1152 1151/1151/1151
f 1123/1123/1123 1124/1124/1124 1152/1152/1152
f 1124/1124/1124 1153/1153/1153 1152/1152/1152
f 1124/1124/1124 1125/1125/1125 1153/1153/1153
f 1125/1125/1125 1154/1154/1154 1153/1153/1153
f 1125/1125/1125 1126/1126/1126 1154/1154/1154
f 1126/1126/1126 1155/1155/1155 1154/1154/1154
f 1126/1126/1126 1127/1127/1127 1155/1155/1155
f 1127/1127/1127 1156/1156/1156 1155/1155/1155
f 1127/1127/1127 1128/1128/1128 1156/1156/1156
f 1128/1128/1128 1157/1157/1157 1156/1156/1156
f 1128/1128/1128 1129/1129/1129 1157/1157/1157
f 1129/1129/1129 1158/1158/1158 1157/1157/1157
f 1129/1129/1129 1130/1130/1130 1158/1158/1158
f 1130/1130/1130 1159/1159/1159 1158/1158/1158
f 1130/1130/1130 1131/1131/1131 1159/1159/1159
f 1131/1131/1131 1160/1160/1160 1159/1159/1159
f 1132/1132/1132 1133/1133/1133 1161/1161/1161
f 1133/1133/1133 1162/1162/1162 1161/1161/1161
f 1133/1133/1133 1134/1134/1134 1162/1162/1162
f 1134/1134/1134 1163/1163/1163 1162/1162/1162
f 1134/1134/1134 1135/1135/1135 1163/1163/1163
f 1135/1135/1135 1164/1164/1164 1163/1163/1163
f 1135/1135/1135 1136/1136/1136 1164/1164/1164
f 1136/1136/1136 1165/1165/1165 1164/1164/1164
f 1136/1136/1136 1137/1137/1137 1165/1165/1165
f 1137/1137/1137 1166/1166/1166 1165/1165/1165
f 1137/1137/1137 1138/1138/1138 1166/1166/1166
f 1138/1138/1138 1167/1167/1167 1166/1166/1166
f 1138/1138/1138 1139/1139/1139 1167/1167/1167
f 1139/1139/1139 1168/1168/1168 1167/1167/1167
f 1139/1139/1139 1140/1140/1140 1168/1168/1168
f 1140/1140/1140 1169/1169/1169 1168/1168/1168
f 1140/1140/1140 1141/1141/1141 1169/1169/1169
f 1141/1141/1141 1170/1170/1170 1169/1169/1169
f 1141/1141/1141 1142/1142/1142 1170/1170/1170
f 1142/1142/1142 1171/1171/1171 1170/1170/1170
f 1142/1142/1142 1143/1143/1143 1171/1171/1171
f 1143/1143/1143 1172/1172/1172 1171/1171/1171
f 1143/1143/1143 1144/1144/1144 1172/1172/1172
f 1144/1144/1144 1173/1173/1173 1172/1172/1172
f 1144/1144/1144 1145/1145/1145 1173/1173/1173
f 1145/1145/1145 1174/1174/1174 1173/1173/1173
f 1145/1145/1145 1146/1146/1146 1174/1174/1174
f 1146/1146/1146 1175/1175/1175 1174/1174/1174
f 1146/1146/1146 1147/1147/1147 1175/1175/1175
f 1147/1147/1147 1176/1176/1176 1175/1175/1175
f 1147/1147/1147 1148/1148/1148 1176/1176/1176
f 1148/1148/1148 1177/1177/1177 1176/1176/1176
f 1148/1148/1148 1149/1149/1149 1177/1177/1177
f 1149/1149/1149 1178/1178/1178 1177/1177/1177
f 1149/1149/1149 1150/1150/1150 1178/1178/1178
f 1150/1150/1150 1179/1179/1179 1178/1178/1178
f 1150/1150/1150 1151/1151/1151 1179/1179/1179
f 1151/1151/1151 1180/1180/1180 1179/1179/1179
f 1151/1151/1151 1152/1152/1152 1180/1180/1180
f 1152/1152/1152 1181/1181/1181 1180/1180/1180
f 1152/1152/1152 1153/1153/1153 1181/1181/1181
f 1153/1153/1153 1182/1182/1182 1181/1181/1181
f 1153/1153/1153 1154/1154/1154 1182/1182/1182
f 1154/1154/1154 1183/1183/1183 1182/1182/1182
f 1154/1154/1154 1155/1155/1155 1183/1183/1183
f 1155/1155/1155 1184/1184/1184 1183/1183/1183
f 1155/1155/1155 1156/1156/1156 1184/1184/1184
f 1156/1156/1156 1185/1185/1185 1184/1184/1184
f 1156/1156/1156 1157/1157/1157 1185/1185/1185
f 1157/1157/1157 1186/1186/1186 1185/1185/1185
f 1157/1157/1157 1158/1158/1158 1186/1186/1186
f 1158/1158/1158 1187/1187/1187 1186/1186/1186
f 1158/1158/1158 1159/1159/1159 1187/1187/1187
f 1159/1159/1159 1188/1188/1188 1187/1187/1187
f 1159/1159/1159 1160/1160/1160 1188/1188/1188
f 1160/1160/1160 1189/1189/1189 1188/1188/1188
f 1161/1161/1161 1162/1162/1162 1190/1190/1190
f 1162/1162/1162 1191/1191/1191 1190/1190/1190
f 1162/1162/1162 1163/1163/1163 1191/1191/1191
f 1163/1163/1163 1192/1192/1192 1191/1191/1191
f 1163/1163/1163 1164/1164/1164 1192/1192/1192
f 1164/1164/1164 1193/1193/1193 1192/1192/1192
f 1164/1164/1164 1165/1165/1165 1193/1193/1193
f 1165/1165/1165 1194/1194/1194 1193/1193/1193
f 1165/1165/1165 1166/1166/1166 1194/1194/1194
f 1166/1166/1166 1195/1195/1195 1194/1194/1194
f 1166/1166/1166 1167/1167/1167 1195/1195/1195
f 1167/1167/1167 1196/1196/1196 1195/1195/1195
f 1167/1167/1167 1168/1168/1168 1196/1196/1196
f 1168/1168/1168 1197/1197/1197 1196/1196/1196
f 1168/1168/1168 1169/1169/1169 1197/1197/1197
f 1169/1169/1169 1198/1198/1198 1197/1197/1197
f 1169/1169/1169 1170/1170/1170 1198/1198/1198
f 1170/1170/1170 1199/1199/1199 1198/1198/1198
f 1170/1170/1170 1171/1171/1171 1199/1199/1199
f 1171/1171/1171 1200/1200/1200 1199/1199/1199
f 1171/1171/1171 1172/1172/1172 1200/1200/1200
f 1172/1172/1172 1201/1201/1201 1200/1200/1200
f 1172/1172/1172 1173/1173/1173 1201/1201/1201
f 1173/1173/1173 1202/1202/1202 1201/1201/1201
f 1173/1173/1173 1174/1174/1174 1202/1202/1202
f 1174/1174/1174 1203/1203/1203 1202/1202/1202
f 1174/1174/1174 1175/1175/1175 1203/1203/1203
f 1175/1175/1175 1204/1204/1204 1203/1203/1203
f 1175/1175/1175 1176/1176/1176 1204/1204/1204
f 1176/1176/1176 1205/1205/1205 1204/1204/1204
f 1176/1176/1176 1177/1177/1177 1205/1205/1205
f 1177/1177/1177 1206/1206/1206 1205/1205/1205
f 1177/1177/1177 1178/1178/1178 1206/1206/1206
f 1178/1178/1178 1207/1207/1207 1206/1206/1206
f 1178/1178/1178 1179/1179/1179 1207/1207/1207
f 1179/1179/1179 1208/1208/1208 1207/1207/1207
f 1179/1179/1179 1180/1180/1180 1208/1208/1208
f 1180/1180/1180 1209/1209/1209 1208/1208/1208
f 1180/1180/1180 1181/1181/1181 1209/1209/1209
f 1181/1181/1181 1210/1210/1210 1209/1209/1209
f 1181/1181/1181 1182/1182/1182 1210/1210/1210
f 1182/1182/1182 1211/1211/1211 1210/1210/1210
f 1182/1182/1182 1183/1183/1183 1211/1211/1211
f 1183/1183/1183 1212/1212/1212 1211/1211/1211
f 1183/1183/1183 1184/1184/1184 1212/1212/1212
f 1184/1184/1184 1213/1213/1213 1212/1212/1212
f 1184/1184/1184 1185/1185/1185 1213/1213/1213
f 1185/1185/1185 1214/1214/1214 1213/1213/1213
f 1185/1185/1185 1186/1186/1186 1214/1214/1214
f 1186/1186/1186 1215/1215/1215 1214/1214/1214
f 1186/1186/1186 1187/1187/1187 1215/1215/1215
f 1187/1187/1187 1216/1216/1216 1215/1215/1215
f 1187/1187/1187 1188/1188/1188 1216/1216/1216
f 1188/1188/1188 1217/1217/1217 1216/1216/1216
f 1188/1188/1188 1189/1189/1189 1217/1217/1217
f 1189/1189/1189 1218/1218/1218 1217/1217/1217
o sphere_part_2
usemtl part_2
v 1.5 6.01 0
v 1.5 6.01 0
v 1.5 6.01 0
v 1.5 6.01 0
v 1.5 6.01 0
v 1.5 6.01 0
v 1.5 6.01 0
v 1.5 6.01 0
v 1.5 6.01 0
v 1.5 6.01 0
v 1.5 6.01 0
v 1.5 6.01 0
v 1.5 6.01 0
v 1.5 6.01 0
v 1.5 6.01 0
v 1.5 6.01 0
v 1.5 6.01 0
v 1.5 6.01 0
v 1.5 6.01 0
v 1.5 6.01 0
v 1.5 6.01 0
v 1.5 6.01 0
v 1.5 6.01 0
v 1.5 6.01 0
v 1.5 6.01 0
v 1.5 6.01 0
v 1.5 6.01 0
v 1.5 6.01 0
v 1.5 6.01 0
v 1.52503 6.00803 0
v 1.524402 6.00803 0.005569591
v 1.522551 6.00803 0.0108599
v 1.519569 6.00803 0.01560565
v 1.515606 6.00803 0.01956886
v 1.51086 6.00803 0.02255082
v 1.50557 6.00803 0.02440197
v 1.5 6.00803 0.02502952
v 1.49443 6.00803 0.02440197
v 1.48914 6.00803 0.02255081
v 1.484394 6.00803 0.01956886
v 1.480431 6.00803 0.01560565
v 1.477449 6.00803 0.0108599
v 1.475598 6.00803 0.005569591
v 1.47497 6.00803 -2.18815e-09
v 1.475598 6.00803 -0.00556959
v 1.477449 6.00803 -0.01085991
v 1.480431 6.00803 -0.01560565
v 1.484394 6.00803 -0.01956887
v 1.48914 6.00803 -0.02255081
v 1.49443 6.00803 -0.02440198
v 1.5 6.00803 -0.02502952
v 1.50557 6.00803 -0.02440197
v 1.51086 6.00803 -0.02255081
v 1.515606 6.00803 -0.01956886
v 1.519569 6.00803 -0.01560565
v 1.522551 6.00803 -0.0108599
v 1.524402 6.00803 -0.005569589
v 1.52503 6.00803 4.376299e-09
v 1.549443 6.002169 0
v 1.548203 6.002169 0.01100204
v 1.544546 6.002169 0.02145239
v 1.538656 6.002169 0.03082703
v 1.530827 6.002169 0.03865588
v 1.521452 6.002169 0.04454635
v 1.511002 6.002169 0.04820308
v 1.5 6.002169 0.04944272
v 1.488998 6.002169 0.04820308
v 1.478548 6.002169 0.04454635
v 1.469173 6.002169 0.03865587
v 1.461344 6.002169 0.03082703
v 1.455454 6.002169 0.02145239
v 1.451797 6.002169 0.01100204
v 1.450557 6.002169 -4.32242e-09
v 1.451797 6.002169 -0.01100204
v 1.455454 6.002169 -0.0214524
v 1.461344 6.002169 -0.03082704
v 1.469173 6.002169 -0.03865588
v 1.478548 6.002169 -0.04454635
v 1.488998 6.002169 -0.04820309
v 1.5 6.002169 -0.04944272
v 1.511002 6.002169 -0.04820308
v 1.521452 6.002169 -0.04454635
v 1.530827 6.002169 -0.03865587
v 1.538656 6.002169 -0.03082703
v 1.544546 6.002169 -0.02145239
v 1.548203 6.002169 -0.01100204
v 1.549443 6.002169 8.64484e-09
v 1.572639 5.992561 0
v 1.570817 5.992561 0.01616359
v 1.565445 5.992561 0.03151666
v 1.556791 5.992561 0.04528936
v 1.545289 5.992561 0.05679106
v 1.531517 5.992561 0.06544501
v 1.516164 5.992561 0.07081728
v 1.5 5.992561 0.07263849
v 1.483836 5.992561 0.07081728
v 1.468483 5.992561 0.06544501
v 1.454711 5.992561 0.05679105
v 1.443209 5.992561 0.04528935
v 1.434555 5.992561 0.03151665
v 1.429183 5.992561 0.01616358
v 1.427361 5.992561 -6.350259e-09
v 1.429183 5.992561 -0.01616358
v 1.434555 5.992561 -0.03151668
v 1.443209 5.992561 -0.04528936
v 1.454711 5.992561 -0.05679107
v 1.468483 5.992561 -0.06544501
v 1.483836 5.992561 -0.0708173
v 1.5 5.992561 -0.07263849
v 1.516164 5.992561 -0.07081728
v 1.531517 5.992561 -0.06544501
v 1.545289 5.992561 -0.05679104
v 1.556791 5.992561 -0.04528936
v 1.565445 5.992561 -0.03151666
v 1.570817 5.992561 -0.01616358
v 1.572639 5.992561 1.270052e-08
v 1.594046 5.979443 0
v 1.591688 5.979443 0.02092712
v 1.584732 5.979443 0.04080488
v 1.573528 5.979443 0.0586365
v 1.558636 5.979443 0.07352784
v 1.540805 5.979443 0.0847322
v 1.520927 5.979443 0.09168772
v 1.5 5.979443 0.09404564
v 1.479073 5.979443 0.09168772
v 1.459195 5.979443 0.08473219
v 1.441363 5.979443 0.07352783
v 1.426472 5.979443 0.05863649
v 1.415268 5.979443 0.04080486
v 1.408312 5.979443 0.02092712
v 1.405954 5.979443 -8.221731e-09
v 1.408312 5.979443 -0.02092712
v 1.415268 5.979443 -0.0408049
v 1.426472 5.979443 -0.05863651
v 1.441364 5.979443 -0.07352786
v 1.459195 5.979443 -0.08473219
v 1.479073 5.979443 -0.09168772
v 1.5 5.979443 -0.09404564
v 1.520927 5.979443 -0.09168772
v 1.540805 5.979443 -0.08473219
v 1.558637 5.979443 -0.07352783
v 1.573528 5.979443 -0.0586365
v 1.584732 5.979443 -0.04080488
v 1.591688 5.979443 -0.02092712
v 1.594046 5.979443 1.644346e-08
v 1.613137 5.963137 0
v 1.610301 5.963137 0.02517537
v 1.601933 5.963137 0.04908834
v 1.588454 5.963137 0.07053982
v 1.57054 5.963137 0.08845413
v 1.549088 5.963137 0.101933
v 1.525175 5.963137 0.1103005
v 1.5 5.963137 0.1131371
v 1.474825 5.963137 0.1103005
v 1.450912 5.963137 0.101933
v 1.42946 5.963137 0.08845412
v 1.411546 5.963137 0.07053981
v 1.398067 5.963137 0.04908833
v 1.389699 5.963137 0.02517537
v 1.386863 5.963137 -9.890758e-09
v 1.389699 5.963137 -0.02517536
v 1.398067 5.963137 -0.04908837
v 1.411546 5.963137 -0.07053983
v 1.42946 5.963137 -0.08845415
v 1.450912 5.963137 -0.101933
v 1.474825 5.963137 -0.1103005
v 1.5 5.963137 -0.1131371
v 1.525175 5.963137 -0.1103005
v 1.549088 5.963137 -0.101933
v 1.57054 5.963137 -0.08845411
v 1.588454 5.963137 -0.07053982
v 1.601933 5.963137 -0.04908834
v 1.610301 5.963137 -0.02517536
v 1.613137 5.963137 1.978152e-08
v 1.629443 5.944046 0
v 1.626197 5.944046 0.02880372
v 1.616624 5.944046 0.05616309
v 1.601202 5.944046 0.08070622
v 1.580706 5.944046 0.1012024
v 1.556163 5.944046 0.1166239
v 1.528804 5.944046 0.1261973
v 1.5 5.944046 0.1294427
v 1.471196 5.944046 0.1261973
v 1.443837 5.944046 0.1166239
v 1.419294 5.944046 0.1012024
v 1.398798 5.944046 0.08070622
v 1.383376 5.944046 0.05616308
v 1.373803 5.944046 0.02880372
v 1.370557 5.944046 -1.131624e-08
v 1.373803 5.944046 -0.02880371
v 1.383376 5.944046 -0.05616313
v 1.398798 5.944046 -0.08070623
v 1.419294 5.944046 -0.1012024
v 1.443837 5.944046 -0.1166239
v 1.471196 5.944046 -0.1261973
v 1.5 5.944046 -0.1294427
v 1.528804 5.944046 -0.1261973
v 1.556163 5.944046 -0.1166239
v 1.580706 5.944046 -0.1012024
v 1.601202 5.944046 -0.08070622
v 1.616624 5.944046 -0.05616309
v 1.626197 5.944046 -0.02880371
v 1.629443 5.944046 2.263248e-08
v 1.642561 5.922638 0
v 1.638987 5.922638 0.03172282
v 1.628443 5.922638 0.06185492
v 1.611459 5.922638 0.08888536
v 1.588885 5.922638 0.1114587
v 1.561855 5.922638 0.1284431
v 1.531723 5.922638 0.1389867
v 1.5 5.922638 0.142561
v 1.468277 5.922638 0.1389867
v 1.438145 5.922638 0.1284431
v 1.411115 5.922638 0.1114587
v 1.388541 5.922638 0.08888534
v 1.371557 5.922638 0.0618549
v 1.361013 5.922638 0.03172282
v 1.357439 5.922638 -1.246308e-08
v 1.361013 5.922638 -0.03172281
v 1.371557 5.922638 -0.06185495
v 1.388541 5.922638 -0.08888537
v 1.411115 5.922638 -0.1114587
v 1.438145 5.922638 -0.128443
v 1.468277 5.922638 -0.1389868
v 1.5 5.922638 -0.142561
v 1.531723 5.922638 -0.1389867
v 1.561855 5.922638 -0.128443
v 1.588885 5.922638 -0.1114587
v 1.611459 5.922638 -0.08888536
v 1.628443 5.922638 -0.06185492
v 1.638987 5.922638 -0.03172281
v 1.642561 5.922638 2.492616e-08
v 1.652169 5.899443 0
v 1.648354 5.899443 0.0338608
v 1.6371 5.899443 0.06602368
v 1.618971 5.899443 0.09487586
v 1.594876 5.899443 0.1189706
v 1.566024 5.899443 0.1370996
v 1.533861 5.899443 0.1483538
v 1.5 5.899443 0.152169
v 1.466139 5.899443 0.1483538
v 1.433976 5.899443 0.1370996
v 1.405124 5.899443 0.1189705
v 1.381029 5.899443 0.09487584
v 1.3629 5.899443 0.06602366
v 1.351646 5.899443 0.0338608
v 1.347831 5.899443 -1.330304e-08
v 1.351646 5.899443 -0.03386079
v 1.3629 5.899443 -0.06602371
v 1.381029 5.899443 -0.09487586
v 1.405124 5.899443 -0.1189706
v 1.433976 5.899443 -0.1370996
v 1.466139 5.899443 -0.1483539
v 1.5 5.899443 -0.152169
v 1.533861 5.899443 -0.1483538
v 1.566024 5.899443 -0.1370996
v 1.594876 5.899443 -0.1189705
v 1.618971 5.899443 -0.09487586
v 1.6371 5.899443 -0.06602368
v 1.648354 5.899443 -0.03386078
v 1.652169 5.899443 2.660608e-08
v 1.65803 5.87503 0
v 1.654068 5.87503 0.03516502
v 1.64238 5.87503 0.06856671
v 1.623553 5.87503 0.09853019
v 1.59853 5.87503 0.1235529
v 1.568567 5.87503 0.1423802
v 1.535165 5.87503 0.154068
v 1.5 5.87503 0.1580301
v 1.464835 5.87503 0.154068
v 1.431433 5.87503 0.1423802
v 1.40147 5.87503 0.1235529
v 1.376447 5.87503 0.09853017
v 1.35762 5.87503 0.06856668
v 1.345932 5.87503 0.03516501
v 1.34197 5.87503 -1.381543e-08
v 1.345932 5.87503 -0.035165
v 1.35762 5.87503 -0.06856675
v 1.376447 5.87503 -0.0985302
v 1.40147 5.87503 -0.123553
v 1.431433 5.87503 -0.1423802
v 1.464835 5.87503 -0.154068
v 1.5 5.87503 -0.1580301
v 1.535165 5.87503 -0.154068
v 1.568567 5.87503 -0.1423802
v 1.59853 5.87503 -0.1235529
v 1.623553 5.87503 -0.09853019
v 1.64238 5.87503 -0.06856671
v 1.654068 5.87503 -0.035165
v 1.65803 5.87503 2.763087e-08
v 1.66 5.85 0
v 1.655988 5.85 0.03560335
v 1.644155 5.85 0.0694214
v 1.625093 5.85 0.09975837
v 1.599758 5.85 0.125093
v 1.569421 5.85 0.144155
v 1.535603 5.85 0.1559885
v 1.5 5.85 0.16
v 1.464397 5.85 0.1559885
v 1.430579 5.85 0.144155
v 1.400242 5.85 0.125093
v 1.374907 5.85 0.09975836
v 1.355845 5.85 0.06942137
v 1.344012 5.85 0.03560335
v 1.34 5.85 -1.398764e-08
v 1.344012 5.85 -0.03560334
v 1.355845 5.85 -0.06942144
v 1.374907 5.85 -0.09975839
v 1.400242 5.85 -0.1250931
v 1.430579 5.85 -0.144155
v 1.464397 5.85 -0.1559885
v 1.5 5.85 -0.16
v 1.535603 5.85 -0.1559885
v 1.569421 5.85 -0.144155
v 1.599758 5.85 -0.125093
v 1.625093 5.85 -0.09975837
v 1.644155 5.85 -0.0694214
v 1.655988 5.85 -0.03560334
v 1.66 5.85 2.797529e-08
v 1.65803 5.82497 0
v 1.654068 5.82497 0.03516501
v 1.64238 5.82497 0.0685667
v 1.623553 5.82497 0.09853017
v 1.59853 5.82497 0.1235529
v 1.568567 5.82497 0.1423802
v 1.535165 5.82497 0.154068
v 1.5 5.82497 0.1580301
v 1.464835 5.82497 0.154068
v 1.431433 5.82497 0.1423802
v 1.40147 5.82497 0.1235529
v 1.376447 5.82497 0.09853016
v 1.35762 5.82497 0.06856668
v 1.345932 5.82497 0.03516501
v 1.34197 5.82497 -1.381543e-08
v 1.345932 5.82497 -0.035165
v 1.35762 5.82497 -0.06856674
v 1.376447 5.82497 -0.09853019
v 1.40147 5.82497 -0.1235529
v 1.431433 5.82497 -0.1423802
v 1.464835 5.82497 -0.154068
v 1.5 5.82497 -0.1580301
v 1.535165 5.82497 -0.154068
v 1.568567 5.82497 -0.1423802
v 1.59853 5.82497 -0.1235529
v 1.623553 5.82497 -0.09853017
v 1.64238 5.82497 -0.0685667
v 1.654068 5.82497 -0.035165
v 1.65803 5.82497 2.763086e-08
v 1.652169 5.800557 0
v 1.648354 5.800557 0.0338608
v 1.6371 5.800557 0.06602367
v 1.618971 5.800557 0.09487585
v 1.594876 5.800557 0.1189705
v 1.566024 5.800557 0.1370996
v 1.533861 5.800557 0.1483538
v 1.5 5.800557 0.152169
v 1.466139 5.800557 0.1483538
v 1.433976 5.800557 0.1370996
v 1.405124 5.800557 0.1189705
v 1.381029 5.800557 0.09487583
v 1.3629 5.800557 0.06602365
v 1.351646 5.800557 0.0338608
v 1.347831 5.800557 -1.330304e-08
v 1.351646 5.800557 -0.03386078
v 1.3629 5.800557 -0.06602371
v 1.381029 5.800557 -0.09487586
v 1.405124 5.800557 -0.1189706
v 1.433976 5.800557 -0.1370995
v 1.466139 5.800557 -0.1483539
v 1.5 5.800557 -0.152169
v 1.533861 5.800557 -0.1483538
v 1.566024 5.800557 -0.1370995
v 1.594876 5.800557 -0.1189705
v 1.618971 5.800557 -0.09487585
v 1.6371 5.800557 -0.06602367
v 1.648354 5.800557 -0.03386078
v 1.652169 5.800557 2.660608e-08
v 1.642561 5.777361 0
v 1.638987 5.777361 0.03172282
v 1.628443 5.777361 0.06185493
v 1.611459 5.777361 0.08888537
v 1.588885 5.777361 0.1114587
v 1.561855 5.777361 0.1284431
v 1.531723 5.777361 0.1389868
v 1.5 5.777361 0.142561
v 1.468277 5.777361 0.1389868
v 1.438145 5.777361 0.1284431
v 1.411115 5.777361 0.1114587
v 1.388541 5.777361 0.08888535
v 1.371557 5.777361 0.06185491
v 1.361013 5.777361 0.03172282
v 1.357439 5.777361 -1.246308e-08
v 1.361013 5.777361 -0.03172281
v 1.371557 5.777361 -0.06185496
v 1.388541 5.777361 -0.08888538
v 1.411115 5.777361 -0.1114587
v 1.438145 5.777361 -0.1284431
v 1.468277 5.777361 -0.1389868
v 1.5 5.777361 -0.142561
v 1.531723 5.777361 -0.1389868
v 1.561855 5.777361 -0.1284431
v 1.588885 5.777361 -0.1114587
v 1.611459 5.777361 -0.08888537
v 1.628443 5.777361 -0.06185493
v 1.638987 5.777361 -0.03172281
v 1.642561 5.777361 2.492617e-08
v 1.629443 5.755954 0
v 1.626197 5.755954 0.02880372
v 1.616624 5.755954 0.05616309
v 1.601202 5.755954 0.08070622
v 1.580706 5.755954 0.1012024
v 1.556163 5.755954 0.1166239
v 1.528804 5.755954 0.1261973
v 1.5 5.755954 0.1294427
v 1.471196 5.755954 0.1261973
v 1.443837 5.755954 0.1166239
v 1.419294 5.755954 0.1012024
v 1.398798 5.755954 0.0807062
v 1.383376 5.755954 0.05616307
v 1.373803 5.755954 0.02880372
v 1.370557 5.755954 -1.131624e-08
v 1.373803 5.755954 -0.02880371
v 1.383376 5.755954 -0.05616312
v 1.398798 5.755954 -0.08070623
v 1.419294 5.755954 -0.1012024
v 1.443837 5.755954 -0.1166238
v 1.471196 5.755954 -0.1261973
v 1.5 5.755954 -0.1294427
v 1.528804 5.755954 -0.1261973
v 1.556163 5.755954 -0.1166238
v 1.580706 5.755954 -0.1012024
v 1.601202 5.755954 -0.08070622
v 1.616624 5.755954 -0.05616309
v 1.626197 5.755954 -0.02880371
v 1.629443 5.755954 2.263248e-08
v 1.613137 5.736863 0
v 1.610301 5.736863 0.02517537
v 1.601933 5.736863 0.04908834
v 1.588454 5.736863 0.07053982
v 1.57054 5.736863 0.08845413
v 1.549088 5.736863 0.101933
v 1.525175 5.736863 0.1103005
v 1.5 5.736863 0.1131371
v 1.474825 5.736863 0.1103005
v 1.450912 5.736863 0.101933
v 1.42946 5.736863 0.08845412
v 1.411546 5.736863 0.07053981
v 1.398067 5.736863 0.04908833
v 1.389699 5.736863 0.02517537
v 1.386863 5.736863 -9.890758e-09
v 1.389699 5.736863 -0.02517536
v 1.398067 5.736863 -0.04908837
v 1.411546 5.736863 -0.07053983
v 1.42946 5.736863 -0.08845415
v 1.450912 5.736863 -0.101933
v 1.474825 5.736863 -0.1103005
v 1.5 5.736863 -0.1131371
v 1.525175 5.736863 -0.1103005
v 1.549088 5.736863 -0.101933
v 1.57054 5.736863 -0.08845411
v 1.588454 5.736863 -0.07053982
v 1.601933 5.736863 -0.04908834
v 1.610301 5.736863 -0.02517536
v 1.613137 5.736863 1.978152e-08
v 1.594046 5.720557 0
v 1.591688 5.720557 0.02092712
v 1.584732 5.720557 0.04080487
v 1.573528 5.720557 0.05863649
v 1.558636 5.720557 0.07352784
v 1.540805 5.720557 0.08473219
v 1.520927 5.720557 0.09168771
v 1.5 5.720557 0.09404562
v 1.479073 5.720557 0.09168771
v 1.459195 5.720557 0.08473217
v 1.441363 5.720557 0.07352782
v 1.426472 5.720557 0.05863648
v 1.415268 5.720557 0.04080486
v 1.408312 5.720557 0.02092712
v 1.405954 5.720557 -8.22173e-09
v 1.408312 5.720557 -0.02092711
v 1.415268 5.720557 -0.04080489
v 1.426472 5.720557 -0.0586365
v 1.441364 5.720557 -0.07352784
v 1.459195 5.720557 -0.08473217
v 1.479073 5.720557 -0.09168772
v 1.5 5.720557 -0.09404562
v 1.520927 5.720557 -0.09168771
v 1.540805 5.720557 -0.08473217
v 1.558637 5.720557 -0.07352781
v 1.573528 5.720557 -0.05863649
v 1.584732 5.720557 -0.04080487
v 1.591688 5.720557 -0.02092711
v 1.594046 5.720557 1.644346e-08
v 1.572639 5.707439 0
v 1.570817 5.707439 0.01616358
v 1.565445 5.707439 0.03151665
v 1.556791 5.707439 0.04528935
v 1.545289 5.707439 0.05679103
v 1.531517 5.707439 0.06544499
v 1.516164 5.707439 0.07081726
v 1.5 5.707439 0.07263846
v 1.483836 5.707439 0.07081726
v 1.468483 5.707439 0.06544499
v 1.454711 5.707439 0.05679103
v 1.443209 5.707439 0.04528933
v 1.434555 5.707439 0.03151664
v 1.429183 5.707439 0.01616358
v 1.427361 5.707439 -6.350255e-09
v 1.429183 5.707439 -0.01616357
v 1.434555 5.707439 -0.03151666
v 1.443209 5.707439 -0.04528935
v 1.454711 5.707439 -0.05679104
v 1.468483 5.707439 -0.06544498
v 1.483836 5.707439 -0.07081727
v 1.5 5.707439 -0.07263846
v 1.516164 5.707439 -0.07081726
v 1.531517 5.707439 -0.06544498
v 1.545289 5.707439 -0.05679102
v 1.556791 5.707439 -0.04528935
v 1.565445 5.707439 -0.03151665
v 1.570817 5.707439 -0.01616357
v 1.572639 5.707439 1.270051e-08
v 1.549443 5.697831 0
v 1.548203 5.697831 0.01100204
v 1.544546 5.697831 0.0214524
v 1.538656 5.697831 0.03082704
v 1.530827 5.697831 0.03865588
v 1.521452 5.697831 0.04454635
v 1.511002 5.697831 0.04820309
v 1.5 5.697831 0.04944272
v 1.488998 5.697831 0.04820309
v 1.478548 5.697831 0.04454635
v 1.469173 5.697831 0.03865587
v 1.461344 5.697831 0.03082703
v 1.455454 5.697831 0.02145239
v 1.451797 5.697831 0.01100204
v 1.450557 5.697831 -4.32242e-09
v 1.451797 5.697831 -0.01100204
v 1.455454 5.697831 -0.02145241
v 1.461344 5.697831 -0.03082704
v 1.469173 5.697831 -0.03865588
v 1.478548 5.697831 -0.04454635
v 1.488998 5.697831 -0.0482031
v 1.5 5.697831 -0.04944272
v 1.511002 5.697831 -0.04820309
v 1.521452 5.697831 -0.04454635
v 1.530827 5.697831 -0.03865587
v 1.538656 5.697831 -0.03082704
v 1.544546 5.697831 -0.0214524
v 1.548203 5.697831 -0.01100204
v 1.549443 5.697831 8.64484e-09
v 1.52503 5.69197 0
v 1.524402 5.69197 0.00556959
v 1.522551 5.69197 0.0108599
v 1.519569 5.69197 0.01560565
v 1.515606 5.69197 0.01956886
v 1.51086 5.69197 0.02255081
v 1.50557 5.69197 0.02440197
v 1.5 5.69197 0.02502951
v 1.49443 5.69197 0.02440197
v 1.48914 5.69197 0.02255081
v 1.484394 5.69197 0.01956886
v 1.480431 5.69197 0.01560564
v 1.477449 5.69197 0.01085989
v 1.475598 5.69197 0.00556959
v 1.47497 5.69197 -2.188149e-09
v 1.475598 5.69197 -0.005569588
v 1.477449 5.69197 -0.0108599
v 1.480431 5.69197 -0.01560565
v 1.484394 5.69197 -0.01956886
v 1.48914 5.69197 -0.02255081
v 1.49443 5.69197 -0.02440197
v 1.5 5.69197 -0.02502951
v 1.50557 5.69197 -0.02440197
v 1.51086 5.69197 -0.02255081
v 1.515606 5.69197 -0.01956885
v 1.519569 5.69197 -0.01560565
v 1.522551 5.69197 -0.0108599
v 1.524402 5.69197 -0.005569588
v 1.52503 5.69197 4.376298e-09
v 1.5 5.69 0
v 1.5 5.69 -3.112544e-09
v 1.5 5.69 -6.069012e-09
v 1.5 5.69 -8.721154e-09
v 1.5 5.69 -1.093598e-08
v 1.5 5.69 -1.260243e-08
v 1.5 5.69 -1.363694e-08
v 1.5 5.69 -1.398764e-08
v 1.5 5.69 -1.363694e-08
v 1.5 5.69 -1.260243e-08
v 1.5 5.69 -1.093598e-08
v 1.5 5.69 -8.721153e-09
v 1.5 5.69 -6.06901e-09
v 1.5 5.69 -3.112544e-09
v 1.5 5.69 1.222839e-15
v 1.5 5.69 3.112543e-09
v 1.5 5.69 6.069015e-09
v 1.5 5.69 8.721154e-09
v 1.5 5.69 1.093598e-08
v 1.5 5.69 1.260243e-08
v 1.5 5.69 1.363695e-08
v 1.5 5.69 1.398764e-08
v 1.5 5.69 1.363694e-08
v 1.5 5.69 1.260243e-08
v 1.5 5.69 1.093598e-08
v 1.5 5.69 8.721154e-09
v 1.5 5.69 6.069012e-09
v 1.5 5.69 3.112543e-09
v 1.5 5.69 -2.445677e-15
vt 0 0
vt 0.03571429 0
vt 0.07142857 0
vt 0.1071429 0
vt 0.1428571 0
vt 0.1785714 0
vt 0.2142857 0
vt 0.25 0
vt 0.2857143 0
vt 0.3214286 0
vt 0.3571429 0
vt 0.3928571 0
vt 0.4285714 0
vt 0.4642857 0
vt 0.5 0
vt 0.5357143 0
vt 0.5714286 0
vt 0.6071429 0
vt 0.6428571 0
vt 0.6785714 0
vt 0.7142857 0
vt 0.75 0
vt 0.7857143 0
vt 0.8214286 0
vt 0.8571429 0
vt 0.8928571 0
vt 0.9285714 0
vt 0.9642857 0
vt 1 0
vt 0 0.05
vt 0.03571429 0.05
vt 0.07142857 0.05
vt 0.1071429 0.05
vt 0.1428571 0.05
vt 0.1785714 0.05
vt 0.2142857 0.05
vt 0.25 0.05
vt 0.2857143 0.05
vt 0.3214286 0.05
vt 0.3571429 0.05
vt 0.3928571 0.05
vt 0.4285714 0.05
vt 0.4642857 0.05
vt 0.5 0.05
vt 0.5357143 0.05
vt 0.5714286 0.05
vt 0.6071429 0.05
vt 0.6428571 0.05
vt 0.6785714 0.05
vt 0.7142857 0.05
vt 0.75 0.05
vt 0.7857143 0.05
vt 0.8214286 0.05
vt 0.8571429 0.05
vt 0.8928571 0.05
vt 0.9285714 0.05
vt 0.9642857 0.05
vt 1 0.05
vt 0 0.1
vt 0.03571429 0.1
vt 0.07142857 0.1
vt 0.1071429 0.1
vt 0.1428571 0.1
vt 0.1785714 0.1
vt 0.2142857 0.1
vt 0.25 0.1
vt 0.2857143 0.1
vt 0.3214286 0.1
vt 0.3571429 0.1
vt 0.3928571 0.1
vt 0.4285714 0.1
vt 0.4642857 0.1
vt 0.5 0.1
vt 0.5357143 0.1
vt 0.5714286 0.1
vt 0.6071429 0.1
vt 0.6428571 0.1
vt 0.6785714 0.1
vt 0.7142857 0.1
vt 0.75 0.1
vt 0.7857143 0.1
vt 0.8214286 0.1
vt 0.8571429 0.1
vt 0.8928571 0.1
vt 0.9285714 0.1
vt 0.9642857 0.1
vt 1 0.1
vt 0 0.15
vt 0.03571429 0.15
vt 0.07142857 0.15
vt 0.1071429 0.15
vt 0.1428571 0.15
vt 0.1785714 0.15
vt 0.2142857 0.15
vt 0.25 0.15
vt 0.2857143 0.15
vt 0.3214286 0.15
vt 0.3571429 0.15
vt 0.3928571 0.15
vt 0.4285714 0.15
vt 0.4642857 0.15
vt 0.5 0.15
vt 0.5357143 0.15
vt 0.5714286 0.15
vt 0.6071429 0.15
vt 0.6428571 0.15
vt 0.6785714 0.15
vt 0.7142857 0.15
vt 0.75 0.15
vt 0.7857143 0.15
vt 0.8214286 0.15
vt 0.8571429 0.15
vt 0.8928571 0.15
vt 0.9285714 0.15
vt 0.9642857 0.15
vt 1 0.15
vt 0 0.2
vt 0.03571429 0.2
vt 0.07142857 0.2
vt 0.1071429 0.2
vt 0.1428571 0.2
vt 0.1785714 0.2
vt 0.2142857 0.2
vt 0.25 0.2
vt 0.2857143 0.2
vt 0.3214286 0.2
vt 0.3571429 0.2
vt 0.3928571 0.2
vt 0.4285714 0.2
vt 0.4642857 0.2
vt 0.5 0.2
vt 0.5357143 0.2
vt 0.5714286 0.2
vt 0.6071429 0.2
vt 0.6428571 0.2
vt 0.6785714 0.2
vt 0.7142857 0.2
vt 0.75 0.2
vt 0.7857143 0.2
vt 0.8214286 0.2
vt 0.8571429 0.2
vt 0.8928571 0.2
vt 0.9285714 0.2
vt 0.9642857 0.2
vt 1 0.2
vt 0 0.25
vt 0.03571429 0.25
vt 0.07142857 0.25
vt 0.1071429 0.25
vt 0.1428571 0.25
vt 0.1785714 0.25
vt 0.2142857 0.25
vt 0.25 0.25
vt 0.2857143 0.25
vt 0.3214286 0.25
vt 0.3571429 0.25
vt 0.3928571 0.25
vt 0.4285714 0.25
vt 0.4642857 0.25
vt 0.5 0.25
vt 0.5357143 0.25
vt 0.5714286 0.25
vt 0.6071429 0.25
vt 0.6428571 0.25
vt 0.6785714 0.25
vt 0.7142857 0.25
vt 0.75 0.25
vt 0.7857143 0.25
vt 0.8214286 0.25
vt 0.8571429 0.25
vt 0.8928571 0.25
vt 0.9285714 0.25
vt 0.9642857 0.25
vt 1 0.25
vt 0 0.3
vt 0.03571429 0.3
vt 0.07142857 0.3
vt 0.1071429 0.3
vt 0.1428571 0.3
vt 0.1785714 0.3
vt 0.2142857 0.3
vt 0.25 0.3
vt 0.2857143 0.3
vt 0.3214286 0.3
vt 0.3571429 0.3
vt 0.3928571 0.3
vt 0.4285714 0.3
vt 0.4642857 0.3
vt 0.5 0.3
vt 0.5357143 0.3
vt 0.5714286 0.3
vt 0.6071429 0.3
vt 0.6428571 0.3
vt 0.6785714 0.3
vt 0.7142857 0.3
vt 0.75 0.3
vt 0.7857143 0.3
vt 0.8214286 0.3
vt 0.8571429 0.3
vt 0.8928571 0.3
vt 0.9285714 0.3
vt 0.9642857 0.3
vt 1 0.3
vt 0 0.35
vt 0.03571429 0.35
vt 0.07142857 0.35
vt 0.1071429 0.35
vt 0.1428571 0.35
vt 0.1785714 0.35
vt 0.2142857 0.35
vt 0.25 0.35
vt 0.2857143 0.35
vt 0.3214286 0.35
vt 0.3571429 0.35
vt 0.3928571 0.35
vt 0.4285714 0.35
vt 0.4642857 0.35
vt 0.5 0.35
vt 0.5357143 0.35
vt 0.5714286 0.35
vt 0.6071429 0.35
vt 0.6428571 0.35
vt 0.6785714 0.35
vt 0.7142857 0.35
vt 0.75 0.35
vt 0.7857143 0.35
vt 0.8214286 0.35
vt 0.8571429 0.35
vt 0.8928571 0.35
vt 0.9285714 0.35
vt 0.9642857 0.35
vt 1 0.35
vt 0 0.4
vt 0.03571429 0.4
vt 0.07142857 0.4
vt 0.1071429 0.4
vt 0.1428571 0.4
vt 0.1785714 0.4
vt 0.2142857 0.4
vt 0.25 0.4
vt 0.2857143 0.4
vt 0.3214286 0.4
vt 0.3571429 0.4
vt 0.3928571 0.4
vt 0.4285714 0.4
vt 0.4642857 0.4
vt 0.5 0.4
vt 0.5357143 0.4
vt 0.5714286 0.4
vt 0.6071429 0.4
vt 0.6428571 0.4
vt 0.6785714 0.4
vt 0.7142857 0.4
vt 0.75 0.4
vt 0.7857143 0.4
vt 0.8214286 0.4
vt 0.8571429 0.4
vt 0.8928571 0.4
vt 0.9285714 0.4
vt 0.9642857 0.4
vt 1 0.4
vt 0 0.45
vt 0.03571429 0.45
vt 0.07142857 0.45
vt 0.1071429 0.45
vt 0.1428571 0.45
vt 0.1785714 0.45
vt 0.2142857 0.45
vt 0.25 0.45
vt 0.2857143 0.45
vt 0.3214286 0.45
vt 0.3571429 0.45
vt 0.3928571 0.45
vt 0.4285714 0.45
vt 0.4642857 0.45
vt 0.5 0.45
vt 0.5357143 0.45
vt 0.5714286 0.45
vt 0.6071429 0.45
vt 0.6428571 0.45
vt 0.6785714 0.45
vt 0.7142857 0.45
vt 0.75 0.45
vt 0.7857143 0.45
vt 0.8214286 0.45
vt 0.8571429 0.45
vt 0.8928571 0.45
vt 0.9285714 0.45
vt 0.9642857 0.45
vt 1 0.45
vt 0 0.5
vt 0.03571429 0.5
vt 0.07142857 0.5
vt 0.1071429 0.5
vt 0.1428571 0.5
vt 0.1785714 0.5
vt 0.2142857 0.5
vt 0.25 0.5
vt 0.2857143 0.5
vt 0.3214286 0.5
vt 0.3571429 0.5
vt 0.3928571 0.5
vt 0.4285714 0.5
vt 0.4642857 0.5
vt 0.5 0.5
vt 0.5357143 0.5
vt 0.5714286 0.5
vt 0.6071429 0.5
vt 0.6428571 0.5
vt 0.6785714 0.5
vt 0.7142857 0.5
vt 0.75 0.5
vt 0.7857143 0.5
vt 0.8214286 0.5
vt 0.8571429 0.5
vt 0.8928571 0.5
vt 0.9285714 0.5
vt 0.9642857 0.5
vt 1 0.5
vt 0 0.55
vt 0.03571429 0.55
vt 0.07142857 0.55
vt 0.1071429 0.55
vt 0.1428571 0.55
vt 0.1785714 0.55
vt 0.2142857 0.55
vt 0.25 0.55
vt 0.2857143 0.55
vt 0.3214286 0.55
vt 0.3571429 0.55
vt 0.3928571 0.55
vt 0.4285714 0.55
vt 0.4642857 0.55
vt 0.5 0.55
vt 0.5357143 0.55
vt 0.5714286 0.55
vt 0.6071429 0.55
vt 0.6428571 0.55
vt 0.6785714 0.55
vt 0.7142857 0.55
vt 0.75 0.55
vt 0.7857143 0.55
vt 0.8214286 0.55
vt 0.8571429 0.55
vt 0.8928571 0.55
vt 0.9285714 0.55
vt 0.9642857 0.55
vt 1 0.55
vt 0 0.6
vt 0.03571429 0.6
vt 0.07142857 0.6
vt 0.1071429 0.6
vt 0.1428571 0.6
vt 0.1785714 0.6
vt 0.2142857 0.6
vt 0.25 0.6
vt 0.2857143 0.6
vt 0.3214286 0.6
vt 0.3571429 0.6
vt 0.3928571 0.6
vt 0.4285714 0.6
vt 0.4642857 0.6
vt 0.5 0.6
vt 0.5357143 0.6
vt 0.5714286 0.6
vt 0.6071429 0.6
vt 0.6428571 0.6
vt 0.6785714 0.6
vt 0.7142857 0.6
vt 0.75 0.6
vt 0.7857143 0.6
vt 0.8214286 0.6
vt 0.8571429 0.6
vt 0.8928571 0.6
vt 0.9285714 0.6
vt 0.9642857 0.6
vt 1 0.6
vt 0 0.65
vt 0.03571429 0.65
vt 0.07142857 0.65
vt 0.1071429 0.65
vt 0.1428571 0.65
vt 0.1785714 0.65
vt 0.2142857 0.65
vt 0.25 0.65
vt 0.2857143 0.65
vt 0.3214286 0.65
vt 0.3571429 0.65
vt 0.3928571 0.65
vt 0.4285714 0.65
vt 0.4642857 0.65
vt 0.5 0.65
vt 0.5357143 0.65
vt 0.5714286 0.65
vt 0.6071429 0.65
vt 0.6428571 0.65
vt 0.6785714 0.65
vt 0.7142857 0.65
vt 0.75 0.65
vt 0.7857143 0.65
vt 0.8214286 0.65
vt 0.8571429 0.65
vt 0.8928571 0.65
vt 0.9285714 0.65
vt 0.9642857 0.65
vt 1 0.65
vt 0 0.7
vt 0.03571429 0.7
vt 0.07142857 0.7
vt 0.1071429 0.7
vt 0.1428571 0.7
vt 0.1785714 0.7
vt 0.2142857 0.7
vt 0.25 0.7
vt 0.2857143 0.7
vt 0.3214286 0.7
vt 0.3571429 0.7
vt 0.3928571 0.7
vt 0.4285714 0.7
vt 0.4642857 0.7
vt 0.5 0.7
vt 0.5357143 0.7
vt 0.5714286 0.7
vt 0.6071429 0.7
vt 0.6428571 0.7
vt 0.6785714 0.7
vt 0.7142857 0.7
vt 0.75 0.7
vt 0.7857143 0.7
vt 0.8214286 0.7
vt 0.8571429 0.7
vt 0.8928571 0.7
vt 0.9285714 0.7
vt 0.9642857 0.7
vt 1 0.7
vt 0 0.75
vt 0.03571429 0.75
vt 0.07142857 0.75
vt 0.1071429 0.75
vt 0.1428571 0.75
vt 0.1785714 0.75
vt 0.2142857 0.75
vt 0.25 0.75
vt 0.2857143 0.75
vt 0.3214286 0.75
vt 0.3571429 0.75
vt 0.3928571 0.75
vt 0.4285714 0.75
vt 0.4642857 0.75
vt 0.5 0.75
vt 0.5357143 0.75
vt 0.5714286 0.75
vt 0.6071429 0.75
vt 0.6428571 0.75
vt 0.6785714 0.75
vt 0.7142857 0.75
vt 0.75 0.75
vt 0.7857143 0.75
vt 0.8214286 0.75
vt 0.8571429 0.75
vt 0.8928571 0.75
vt 0.9285714 0.75
vt 0.9642857 0.75
vt 1 0.75
vt 0 0.8
vt 0.03571429 0.8
vt 0.07142857 0.8
vt 0.1071429 0.8
vt 0.1428571 0.8
vt 0.1785714 0.8
vt 0.2142857 0.8
vt 0.25 0.8
vt 0.2857143 0.8
vt 0.3214286 0.8
vt 0.3571429 0.8
vt 0.3928571 0.8
vt 0.4285714 0.8
vt 0.4642857 0.8
vt 0.5 0.8
vt 0.5357143 0.8
vt 0.5714286 0.8
vt 0.6071429 0.8
vt 0.6428571 0.8
vt 0.6785714 0.8
vt 0.7142857 0.8
vt 0.75 0.8
vt 0.7857143 0.8
vt 0.8214286 0.8
vt 0.8571429 0.8
vt 0.8928571 0.8
vt 0.9285714 0.8
vt 0.9642857 0.8
vt 1 0.8
vt 0 0.85
vt 0.03571429 0.85
vt 0.07142857 0.85
vt 0.1071429 0.85
vt 0.1428571 0.85
vt 0.1785714 0.85
vt 0.2142857 0.85
vt 0.25 0.85
vt 0.2857143 0.85
vt 0.3214286 0.85
vt 0.3571429 0.85
vt 0.3928571 0.85
vt 0.4285714 0.85
vt 0.4642857 0.85
vt 0.5 0.85
vt 0.5357143 0.85
vt 0.5714286 0.85
vt 0.6071429 0.85
vt 0.6428571 0.85
vt 0.6785714 0.85
vt 0.7142857 0.85
vt 0.75 0.85
vt 0.7857143 0.85
vt 0.8214286 0.85
vt 0.8571429 0.85
vt 0.8928571 0.85
vt 0.9285714 0.85
vt 0.9642857 0.85
vt 1 0.85
vt 0 0.9
vt 0.03571429 0.9
vt 0.07142857 0.9
vt 0.1071429 0.9
vt 0.1428571 0.9
vt 0.1785714 0.9
vt 0.2142857 0.9
vt 0.25 0.9
vt 0.2857143 0.9
vt 0.3214286 0.9
vt 0.3571429 0.9
vt 0.3928571 0.9
vt 0.4285714 0.9
vt 0.4642857 0.9
vt 0.5 0.9
vt 0.5357143 0.9
vt 0.5714286 0.9
vt 0.6071429 0.9
vt 0.6428571 0.9
vt 0.6785714 0.9
vt 0.7142857 0.9
vt 0.75 0.9
vt 0.7857143 0.9
vt 0.8214286 0.9
vt 0.8571429 0.9
vt 0.8928571 0.9
vt 0.9285714 0.9
vt 0.9642857 0.9
vt 1 0.9
vt 0 0.95
vt 0.03571429 0.95
vt 0.07142857 0.95
vt 0.1071429 0.95
vt 0.1428571 0.95
vt 0.1785714 0.95
vt 0.2142857 0.95
vt 0.25 0.95
vt 0.2857143 0.95
vt 0.3214286 0.95
vt 0.3571429 0.95
vt 0.3928571 0.95
vt 0.4285714 0.95
vt 0.4642857 0.95
vt 0.5 0.95
vt 0.5357143 0.95
vt 0.5714286 0.95
vt 0.6071429 0.95
vt 0.6428571 0.95
vt 0.6785714 0.95
vt 0.7142857 0.95
vt 0.75 0.95
vt 0.7857143 0.95
vt 0.8214286 0.95
vt 0.8571429 0.95
vt 0.8928571 0.95
vt 0.9285714 0.95
vt 0.9642857 0.95
vt 1 0.95
vt 0 1
vt 0.03571429 1
vt 0.07142857 1
vt 0.1071429 1
vt 0.1428571 1
vt 0.1785714 1
vt 0.2142857 1
vt 0.25 1
vt 0.2857143 1
vt 0.3214286 1
vt 0.3571429 1
vt 0.3928571 1
vt 0.4285714 1
vt 0.4642857 1
vt 0.5 1
vt 0.5357143 1
vt 0.5714286 1
vt 0.6071429 1
vt 0.6428571 1
vt 0.6785714 1
vt 0.7142857 1
vt 0.75 1
vt 0.7857143 1
vt 0.8214286 1
vt 0.8571429 1
vt 0.8928571 1
vt 0.9285714 1
vt 0.9642857 1
vt 1 1
vn 0 1 0
vn 0 1 0
vn 0 1 0
vn 0 1 0
vn 0 1 0
vn 0 1 0
vn 0 1 0
vn 0 1 0
vn 0 1 0
vn 0 1 0
vn 0 1 0
vn 0 1 0
vn 0 1 0
vn 0 1 0
vn 0 1 0
vn 0 1 0
vn 0 1 0
vn 0 1 0
vn 0 1 0
vn 0 1 0
vn 0 1 0
vn 0 1 0
vn 0 1 0
vn 0 1 0
vn 0 1 0
vn 0 1 0
vn 0 1 0
vn 0 1 0
vn 0 1 0
vn 0.1564635 0.9876838 0
vn 0.152539 0.9876838 0.03482134
vn 0.1409677 0.9876839 0.06788654
vn 0.1223259 0.9876838 0.09755476
vn 0.09755053 0.9876837 0.1223305
vn 0.067885 0.9876838 0.1409691
vn 0.03481383 0.9876838 0.1525408
vn 0 0.9876838 0.1564635
vn -0.03482134 0.9876838 0.152539
vn -0.06788167 0.9876839 0.1409701
vn -0.09755185 0.9876838 0.1223282
vn -0.1223305 0.9876837 0.09755053
vn -0.140967 0.9876839 0.06788809
vn -0.1525388 0.9876838 0.03482173
vn -0.1564635 0.9876837 0
vn -0.1525391 0.9876839 -0.03482068
vn -0.1409675 0.9876839 -0.06788702
vn -0.1223251 0.9876839 -0.09755576
vn -0.09755335 0.9876838 -0.1223271
vn -0.06789439 0.9876835 -0.1409664
vn -0.03481319 0.9876838 -0.1525409
vn 0 0.9876837 -0.1564635
vn 0.03481273 0.9876839 -0.1525409
vn 0.06788798 0.9876835 -0.1409695
vn 0.09755443 0.9876836 -0.1223284
vn 0.1223298 0.9876838 -0.09754992
vn 0.1409675 0.9876839 -0.06788702
vn 0.1525408 0.9876838 -0.03481383
vn 0.1564635 0.9876838 0
vn 0.3089995 0.9510621 0
vn 0.3012519 0.9510624 0.06875685
vn 0.2783981 0.9510632 0.1340649
vn 0.2415827 0.9510624 0.1926607
vn 0.1926615 0.9510615 0.2415857
vn 0.1340769 0.9510611 0.2783993
vn 0.06875685 0.9510624 0.3012519
vn 0 0.9510622 0.3089996
vn -0.06875685 0.9510624 0.3012519
vn -0.1340671 0.9510638 0.2783948
vn -0.1926592 0.9510626 0.2415829
vn -0.2415857 0.9510615 0.1926615
vn -0.2783976 0.951061 0.1340805
vn -0.3012519 0.9510624 0.06875685
vn -0.3089996 0.9510622 0
vn -0.3012522 0.9510624 -0.06875558
vn -0.2783971 0.9510611 -0.1340814
vn -0.2415782 0.9510635 -0.1926604
vn -0.1926517 0.9510636 -0.2415852
vn -0.1340792 0.9510604 -0.2784005
vn -0.06875558 0.9510624 -0.3012522
vn 0 0.9510621 -0.3089996
vn 0.06877061 0.9510624 -0.3012488
vn 0.1340664 0.9510605 -0.2784066
vn 0.1926548 0.9510615 -0.2415911
vn 0.2415866 0.9510624 -0.1926558
vn 0.2783991 0.9510632 -0.1340627
vn 0.3012519 0.9510624 -0.06875685
vn 0.3089995 0.9510622 0
vn 0.4539679 0.891018 0
vn 0.4425785 0.8910209 0.1010244
vn 0.4090163 0.8910144 0.1969748
vn 0.3549264 0.8910194 0.28304
vn 0.2830303 0.8910194 0.3549341
vn 0.1969774 0.8910143 0.4090151
vn 0.1010244 0.8910209 0.4425785
vn 0 0.891018 0.4539679
vn -0.1010235 0.8910209 0.4425787
vn -0.1969779 0.8910144 0.4090148
vn -0.283049 0.8910184 0.3549218
vn -0.3549341 0.8910195 0.2830303
vn -0.4090163 0.8910144 0.1969748
vn -0.4425785 0.8910209 0.1010244
vn -0.453968 0.891018 0
vn -0.4425772 0.891021 -0.1010304
vn -0.4090053 0.8910202 -0.1969712
vn -0.3549326 0.8910144 -0.2830483
vn -0.2830401 0.8910195 -0.3549263
vn -0.1969712 0.8910202 -0.4090053
vn -0.1010182 0.8910146 -0.4425927
vn 0 0.891018 -0.453968
vn 0.1010296 0.8910209 -0.4425773
vn 0.1969583 0.8910202 -0.4090114
vn 0.2830483 0.8910144 -0.3549326
vn 0.354928 0.8910195 -0.283038
vn 0.4090156 0.8910144 -0.1969762
vn 0.4425785 0.8910209 -0.1010244
vn 0.4539679 0.891018 0
vn 0.587788 0.809015 0
vn 0.5730254 0.8090304 0.1308119
vn 0.5295855 0.8090136 0.2550219
vn 0.4595432 0.8090178 0.3664836
vn 0.3664658 0.809016 0.4595605
vn 0.2550405 0.8090136 0.5295766
vn 0.1307836 0.8090304 0.5730318
vn 0 0.809015 0.587788
vn -0.1308136 0.8090304 0.573025
vn -0.2550343 0.8090135 0.5295796
vn -0.3664758 0.8090246 0.4595374
vn -0.4595605 0.809016 0.3664658
vn -0.5295884 0.8090089 0.2550309
vn -0.573025 0.8090304 0.1308136
vn -0.587788 0.809015 0
vn -0.5730256 0.8090304 -0.1308111
vn -0.5295817 0.8090135 -0.2550299
vn -0.4595477 0.8090178 -0.366478
vn -0.3664853 0.8090093 -0.4595569
vn -0.25503 0.8090136 -0.5295817
vn -0.1307879 0.8090079 -0.5730627
vn 0 0.809015 -0.587788
vn 0.130781 0.8090304 -0.5730324
vn 0.25503 0.8090136 -0.5295817
vn 0.3664795 0.809016 -0.4595496
vn 0.4595586 0.8090178 -0.3664643
vn 0.5295817 0.8090135 -0.2550299
vn 0.5730322 0.8090304 -0.1307818
vn 0.587788 0.809015 0
vn 0.7071068 0.7071068 0
vn 0.6893979 0.7070861 0.1573526
vn 0.6370839 0.7071109 0.3067869
vn 0.5528219 0.7071204 0.4408726
vn 0.4408865 0.7071105 0.5528235
vn 0.3068087 0.7071177 0.6370659
vn 0.1573543 0.7070861 0.6893975
vn 0 0.7071068 0.7071068
vn -0.1573526 0.7070861 0.6893978
vn -0.3067901 0.7071177 0.6370748
vn -0.4408764 0.7070956 0.5528505
vn -0.5528235 0.7071105 0.4408865
vn -0.6370654 0.7071178 0.3068095
vn -0.6893979 0.7070861 0.1573526
vn -0.7071068 0.7071068 0
vn -0.6893923 0.7070861 -0.1573767
vn -0.6371024 0.7070825 -0.3068145
vn -0.5528519 0.7070858 -0.4408905
vn -0.4408712 0.7070858 -0.5528673
vn -0.3067991 0.7071177 -0.6370705
vn -0.1573398 0.7071169 -0.6893691
vn 0 0.7071068 -0.7071068
vn 0.1573449 0.7070861 -0.6893996
vn 0.3067734 0.7071178 -0.6370828
vn 0.4408751 0.7071105 -0.5528326
vn 0.5528374 0.7071204 -0.4408533
vn 0.6370736 0.7071109 -0.3068083
vn 0.6893979 0.7070861 -0.1573526
vn 0.7071068 0.7071068 0
vn 0.8089932 0.5878181 0
vn 0.7887021 0.5878203 0.1800453
vn 0.7288684 0.5878326 0.351004
vn 0.6324962 0.5878145 0.5044034
vn 0.5043693 0.5878468 0.6324933
vn 0.351003 0.5878326 0.7288688
vn 0.1800169 0.5878202 0.7887086
vn 0 0.5878181 0.8089931
vn -0.1800457 0.5878179 0.7887038
vn -0.3509878 0.5878416 0.7288689
vn -0.5044111 0.5877886 0.632514
vn -0.6324932 0.5878468 0.5043693
vn -0.7288654 0.5878326 0.3510101
vn -0.7887033 0.5878179 0.1800474
vn -0.8089931 0.5878181 0
vn -0.7887046 0.5878203 -0.1800342
vn -0.7288854 0.5877953 -0.3510309
vn -0.6325107 0.5877886 -0.5044152
vn -0.5044152 0.5877886 -0.6325107
vn -0.3510192 0.5878326 -0.728861
vn -0.1800346 0.5878179 -0.7887063
vn 0 0.5878181 -0.8089931
vn 0.1800024 0.5878202 -0.7887119
vn 0.3509935 0.5878326 -0.7288733
vn 0.5044035 0.5878145 -0.632496
vn 0.6325116 0.5878145 -0.504384
vn 0.7288763 0.5878326 -0.3509873
vn 0.788709 0.5878203 -0.1800153
vn 0.8089931 0.5878181 0
vn 0.891018 0.4539679 0
vn 0.8686793 0.4539663 0.1982698
vn 0.8027939 0.4539627 0.3865743
vn 0.6966081 0.4539869 0.5555474
vn 0.555528 0.4539869 0.6966236
vn 0.3866015 0.4539518 0.802787
vn 0.1982715 0.4539663 0.8686789
vn 0 0.453968 0.891018
vn -0.198268 0.4539663 0.8686796
vn -0.3865867 0.4539628 0.802788
vn -0.5555534 0.4539557 0.6966238
vn -0.6966236 0.4539869 0.555528
vn -0.8027835 0.4539518 0.3866086
vn -0.8686793 0.4539663 0.1982698
vn -0.891018 0.4539679 0
vn -0.8686761 0.4539663 -0.1982836
vn -0.8027802 0.4539628 -0.3866028
vn -0.6966326 0.4539557 -0.5555422
vn -0.5555382 0.4539557 -0.6966359
vn -0.3866114 0.4539518 -0.8027822
vn -0.1982836 0.4539663 -0.8686761
vn 0 0.4539679 -0.891018
vn 0.1982819 0.4539663 -0.8686765
vn 0.3865858 0.4539518 -0.8027946
vn 0.5555575 0.4539556 -0.6966205
vn 0.6966236 0.4539869 -0.555528
vn 0.8027802 0.4539628 -0.3866028
vn 0.8686796 0.4539663 -0.198268
vn 0.891018 0.453968 0
vn 0.9510622 0.3089996 0
vn 0.9272231 0.3089719 0.2116449
vn 0.8568879 0.3089938 0.4126331
vn 0.7435586 0.3090207 0.5929813
vn 0.5929619 0.3090207 0.743574
vn 0.412632 0.3089937 0.8568883
vn 0.2116466 0.3089719 0.9272227
vn 0 0.3089996 0.9510622
vn -0.2116449 0.3089719 0.9272232
vn -0.4126649 0.3089937 0.8568725
vn -0.5929846 0.3089851 0.7435708
vn -0.743574 0.3090207 0.5929619
vn -0.8568879 0.3089938 0.4126331
vn -0.9272227 0.3089719 0.2116466
vn -0.9510622 0.3089995 0
vn -0.9272208 0.308972 -0.2116553
vn -0.8568771 0.3089937 -0.4126554
vn -0.7435707 0.3090207 -0.5929661
vn -0.5929468 0.3090207 -0.7435861
vn -0.4126554 0.3089937 -0.8568771
vn -0.2116553 0.308972 -0.9272208
vn 0 0.3089995 -0.9510622
vn 0.2116553 0.308972 -0.9272208
vn 0.4126297 0.3089938 -0.8568895
vn 0.5929733 0.308985 -0.7435797
vn 0.7435894 0.3090207 -0.5929426
vn 0.8568771 0.3089937 -0.4126554
vn 0.9272231 0.3089719 -0.2116449
vn 0.9510622 0.3089996 0
vn 0.9876837 0.1564635 0
vn 0.9629162 0.156465 0.2197979
vn 0.8898808 0.1564656 0.4285215
vn 0.7722077 0.1564316 0.6158121
vn 0.6157926 0.1564316 0.7722231
vn 0.4285267 0.1564656 0.8898783
vn 0.2197996 0.156465 0.9629158
vn 0 0.1564635 0.9876837
vn -0.2197979 0.156465 0.9629162
vn -0.4285338 0.1564656 0.8898749
vn -0.6158274 0.1564316 0.7721953
vn -0.7722231 0.1564316 0.6157926
vn -0.8898779 0.1564656 0.4285277
vn -0.9629158 0.156465 0.2197996
vn -0.9876837 0.1564635 0
vn -0.9629142 0.156465 -0.2198065
vn -0.8898671 0.1564656 -0.4285499
vn -0.7722044 0.1564316 -0.6158162
vn -0.6157968 0.1564316 -0.7722198
vn -0.4285499 0.1564656 -0.8898671
vn -0.2198083 0.156465 -0.9629139
vn 0 0.1564635 -0.9876837
vn 0.2198065 0.156465 -0.9629142
vn 0.4285243 0.1564656 -0.8898795
vn 0.6157968 0.1564316 -0.7722198
vn 0.7722231 0.1564316 -0.6157926
vn 0.8898671 0.1564656 -0.4285499
vn 0.9629162 0.156465 -0.2197979
vn 0.9876837 0.1564635 0
vn 1 0 0
vn 0.9749281 0 0.22252
vn 0.9009751 0 0.4338708
vn 0.7818242 0 0.6234989
vn 0.6234795 0 0.7818397
vn 0.433876 0 0.9009725
vn 0.2225217 0 0.9749277
vn 0 0 1
vn -0.22252 0 0.9749281
vn -0.4338832 0 0.9009692
vn -0.623495 0 0.7818274
vn -0.7818397 0 0.6234795
vn -0.9009722 0 0.433877
vn -0.9749277 0 0.2225217
vn -1 -0 -0
vn -0.9749262 -0 -0.2225286
vn -0.9009644 -0 -0.4338931
vn -0.781821 -0 -0.623503
vn -0.6234837 -0 -0.7818363
vn -0.4338931 -0 -0.9009644
vn -0.2225286 -0 -0.9749262
vn 0 0 -1
vn 0.2225269 0 -0.9749265
vn 0.4338674 0 -0.9009767
vn 0.6234837 0 -0.7818363
vn 0.7818397 0 -0.6234795
vn 0.9009644 0 -0.4338931
vn 0.9749281 0 -0.22252
vn 1 0 0
vn 0.9876802 -0.1564861 0
vn 0.9629124 -0.1564894 0.219797
vn 0.8898765 -0.1564955 0.4285194
vn 0.7721741 -0.1564792 0.615842
vn 0.6158227 -0.1564792 0.7721895
vn 0.4285246 -0.1564955 0.889874
vn 0.2197987 -0.1564895 0.962912
vn 0 -0.1564861 0.9876801
vn -0.219797 -0.1564894 0.9629124
vn -0.4285318 -0.1564954 0.8898706
vn -0.6158381 -0.1564792 0.7721772
vn -0.7721895 -0.1564792 0.6158227
vn -0.8898736 -0.1564955 0.4285256
vn -0.962912 -0.1564895 0.2197987
vn -0.9876802 -0.1564861 -0
vn -0.9629104 -0.1564895 -0.2198057
vn -0.8898658 -0.1564955 -0.4285417
vn -0.7721862 -0.1564792 -0.6158269
vn -0.6158269 -0.1564792 -0.7721862
vn -0.4285417 -0.1564955 -0.8898658
vn -0.2198074 -0.1564895 -0.9629101
vn 0 -0.1564861 -0.9876802
vn 0.219804 -0.1564895 -0.9629108
vn 0.4285161 -0.1564955 -0.8898782
vn 0.6158075 -0.1564792 -0.7722016
vn 0.7721895 -0.1564792 -0.6158227
vn 0.8898658 -0.1564955 -0.4285417
vn 0.9629124 -0.1564894 -0.219797
vn 0.9876801 -0.1564861 0
vn 0.9510527 -0.3090289 0
vn 0.9272133 -0.309003 0.2116426
vn 0.856868 -0.3090298 0.4126475
vn 0.7435544 -0.3090375 0.5929779
vn 0.5929585 -0.3090376 0.7435697
vn 0.4126527 -0.3090298 0.8568654
vn 0.2116444 -0.3090031 0.9272129
vn 0 -0.3090289 0.9510527
vn -0.2116429 -0.3089998 0.9272143
vn -0.4126598 -0.3090298 0.8568619
vn -0.5929902 -0.3089572 0.7435779
vn -0.7435698 -0.3090376 0.5929586
vn -0.8568649 -0.3090298 0.4126536
vn -0.9272133 -0.309003 0.2116426
vn -0.9510527 -0.3090289 -0
vn -0.9272109 -0.3090031 -0.211653
vn -0.8568543 -0.3090298 -0.4126759
vn -0.7435624 -0.3089928 -0.5929911
vn -0.5929781 -0.3090375 -0.7435541
vn -0.4126759 -0.3090298 -0.8568542
vn -0.2116547 -0.309003 -0.9272105
vn 0 -0.3090289 -0.9510527
vn 0.2116532 -0.3089998 -0.9272119
vn 0.4126502 -0.3090298 -0.8568665
vn 0.5929717 -0.3089928 -0.7435778
vn 0.7435698 -0.3090376 -0.5929586
vn 0.8568667 -0.3090298 -0.4126503
vn 0.9272133 -0.309003 -0.2116426
vn 0.9510527 -0.3090289 0
vn 0.8909924 -0.4540181 0
vn 0.8686536 -0.454018 0.1982639
vn 0.8027558 -0.4540189 0.3865876
vn 0.6965925 -0.4540263 0.555535
vn 0.5555156 -0.4540262 0.6966079
vn 0.3865891 -0.454008 0.8027613
vn 0.1982656 -0.454018 0.8686532
vn 0 -0.4540181 0.8909924
vn -0.1982639 -0.454018 0.8686536
vn -0.3865767 -0.454008 0.8027672
vn -0.5555156 -0.4540262 0.6966079
vn -0.6966079 -0.4540262 0.5555156
vn -0.8027578 -0.454008 0.3865962
vn -0.8686532 -0.454018 0.1982656
vn -0.8909924 -0.4540181 -0
vn -0.8686504 -0.454018 -0.1982777
vn -0.8027544 -0.4540189 -0.3865904
vn -0.6965923 -0.4540262 -0.5555352
vn -0.5555322 -0.453987 -0.6966202
vn -0.386599 -0.454008 -0.8027565
vn -0.1982777 -0.454018 -0.8686504
vn 0 -0.4540181 -0.8909925
vn 0.198276 -0.454018 -0.8686509
vn 0.3865733 -0.454008 -0.8027688
vn 0.5555158 -0.4540262 -0.6966078
vn 0.6966079 -0.4540262 -0.5555156
vn 0.8027544 -0.4540189 -0.3865904
vn 0.868654 -0.454018 -0.1982622
vn 0.8909924 -0.4540181 0
vn 0.8090203 -0.5877807 0
vn 0.7887269 -0.5877852 0.180051
vn 0.7288865 -0.5878049 0.3510127
vn 0.6324977 -0.5877847 0.5044361
vn 0.5044168 -0.5877847 0.6325131
vn 0.3510117 -0.5878048 0.728887
vn 0.180023 -0.587783 0.788735
vn 0 -0.5877807 0.8090203
vn -0.1800513 -0.5877829 0.7887285
vn -0.3510022 -0.5877959 0.7288988
vn -0.5043975 -0.5877847 0.6325285
vn -0.6325131 -0.5877847 0.5044168
vn -0.7288836 -0.5878049 0.3510189
vn -0.7887282 -0.587783 0.180053
vn -0.8090203 -0.5877807 -0
vn -0.7887295 -0.5877852 -0.1800399
vn -0.7289095 -0.5877585 -0.3510424
vn -0.6325129 -0.5877847 -0.504417
vn -0.5044171 -0.5877846 -0.6325129
vn -0.3510396 -0.5877675 -0.7289035
vn -0.1800402 -0.587783 -0.7887311
vn 0 -0.5877806 -0.8090203
vn 0.1800081 -0.5877852 -0.7887367
vn 0.351014 -0.5877676 -0.7289159
vn 0.5044171 -0.5877846 -0.6325129
vn 0.6325285 -0.5877847 -0.5043975
vn 0.7288792 -0.5878049 -0.3510279
vn 0.7887354 -0.587783 -0.1800213
vn 0.8090203 -0.5877807 0
vn 0.7071068 -0.7071068 0
vn 0.6893968 -0.7070873 0.1573524
vn 0.6370738 -0.7071221 0.306782
vn 0.5528343 -0.7071046 0.4408825
vn 0.4408902 -0.7071045 0.5528281
vn 0.3068191 -0.7070937 0.6370876
vn 0.1573536 -0.707089 0.6893946
vn 0 -0.7071068 0.7071068
vn -0.1573519 -0.707089 0.689395
vn -0.3067882 -0.7071221 0.6370708
vn -0.4408709 -0.7071045 0.5528436
vn -0.5528282 -0.7071046 0.4408902
vn -0.6370872 -0.7070936 0.3068201
vn -0.689395 -0.707089 0.1573519
vn -0.7071068 -0.7071068 -0
vn -0.6893896 -0.707089 -0.157376
vn -0.6370922 -0.7070936 -0.3068096
vn -0.5528296 -0.7071144 -0.4408727
vn -0.4408595 -0.7071046 -0.5528527
vn -0.3068095 -0.7070935 -0.6370922
vn -0.1573395 -0.707118 -0.6893681
vn 0 -0.7071068 -0.7071068
vn 0.1573443 -0.707089 -0.6893967
vn 0.3067839 -0.7070936 -0.6371046
vn 0.4408788 -0.7071045 -0.5528373
vn 0.5528498 -0.7071046 -0.4408632
vn 0.6370636 -0.7071221 -0.3068034
vn 0.689395 -0.707089 -0.1573519
vn 0.7071068 -0.7071068 0
vn 0.5877506 -0.8090422 0
vn 0.5729938 -0.8090591 0.1307731
vn 0.5295448 -0.8090464 0.2550023
vn 0.4595253 -0.8090344 0.3664694
vn 0.3664523 -0.8090429 0.4595239
vn 0.255007 -0.8090267 0.5295727
vn 0.1307744 -0.8090603 0.5729917
vn 0 -0.8090422 0.5877506
vn -0.1307727 -0.8090603 0.5729921
vn -0.2550085 -0.8090464 0.5295419
vn -0.3664692 -0.8090412 0.4595134
vn -0.4595239 -0.8090429 0.3664523
vn -0.5295663 -0.8090267 0.2550203
vn -0.5729917 -0.8090603 0.1307744
vn -0.5877506 -0.8090422 -0
vn -0.5729935 -0.8090591 -0.130774
vn -0.5295469 -0.8090417 -0.2550132
vn -0.4595147 -0.8090413 -0.3664675
vn -0.3664409 -0.8090498 -0.459521
vn -0.2550361 -0.8090464 -0.5295286
vn -0.1308105 -0.8090378 -0.5730152
vn 0 -0.8090422 -0.5877506
vn 0.1307719 -0.8090603 -0.5729923
vn 0.2550104 -0.8090464 -0.529541
vn 0.3664564 -0.809043 -0.4595206
vn 0.4595331 -0.8090344 -0.3664597
vn 0.529541 -0.8090464 -0.2550104
vn 0.5729921 -0.8090603 -0.1307727
vn 0.5877506 -0.8090422 0
vn 0.453966 -0.891019 0
vn 0.4425745 -0.8910232 0.1010226
vn 0.4090124 -0.8910201 0.1969571
vn 0.354913 -0.8910191 0.2830577
vn 0.2830403 -0.8910191 0.3549268
vn 0.1969647 -0.8910142 0.4090215
vn 0.1010234 -0.8910232 0.4425743
vn 0 -0.891019 0.453966
vn -0.1010234 -0.8910232 0.4425743
vn -0.196959 -0.8910215 0.4090084
vn -0.283048 -0.8910192 0.3549207
vn -0.3549268 -0.8910191 0.2830403
vn -0.4090213 -0.8910142 0.1969652
vn -0.4425743 -0.8910232 0.1010234
vn -0.453966 -0.891019 -0
vn -0.442573 -0.8910232 -0.1010295
vn -0.4090056 -0.8910201 -0.1969713
vn -0.354919 -0.8910192 -0.2830501
vn -0.2830404 -0.8910192 -0.3549267
vn -0.1969713 -0.8910201 -0.4090056
vn -0.1010295 -0.8910232 -0.442573
vn 0 -0.891019 -0.453966
vn 0.1010136 -0.8910232 -0.4425765
vn 0.1969585 -0.8910201 -0.4090118
vn 0.2830467 -0.8910141 -0.3549345
vn 0.3549268 -0.8910191 -0.2830403
vn 0.4090056 -0.8910201 -0.1969713
vn 0.4425745 -0.8910232 -0.1010226
vn 0.453966 -0.891019 0
vn 0.3089917 -0.9510648 0
vn 0.3012423 -0.9510656 0.06875466
vn 0.2784007 -0.9510628 0.1340623
vn 0.2415758 -0.9510653 0.1926551
vn 0.1926473 -0.9510643 0.2415858
vn 0.134068 -0.9510655 0.2783886
vn 0.06875478 -0.9510655 0.3012428
vn 0 -0.9510648 0.3089917
vn -0.06875478 -0.9510655 0.3012428
vn -0.1340685 -0.9510628 0.2783977
vn -0.1926598 -0.9510643 0.2415757
vn -0.2415858 -0.9510643 0.1926473
vn -0.2783916 -0.9510655 0.1340618
vn -0.3012428 -0.9510655 0.06875478
vn -0.3089917 -0.9510648 -0
vn -0.3012429 -0.9510655 -0.06875437
vn -0.278385 -0.9510655 -0.1340756
vn -0.2415803 -0.9510643 -0.1926542
vn -0.1926523 -0.9510652 -0.241578
vn -0.1340628 -0.9510655 -0.2783912
vn -0.06875552 -0.9510625 -0.3012519
vn 0 -0.9510648 -0.3089917
vn 0.06876854 -0.9510655 -0.3012397
vn 0.1340628 -0.9510655 -0.2783912
vn 0.1926519 -0.9510655 -0.2415774
vn 0.2415804 -0.9510652 -0.1926493
vn 0.2783988 -0.9510628 -0.1340664
vn 0.3012428 -0.9510655 -0.06875478
vn 0.3089917 -0.9510648 0
vn 0.1564244 -0.98769 0
vn 0.1525022 -0.9876898 0.03481293
vn 0.1409338 -0.9876899 0.06787018
vn 0.1222961 -0.98769 0.09753098
vn 0.09753094 -0.9876898 0.1222971
vn 0.06786818 -0.98769 0.1409342
vn 0.03480585 -0.9876898 0.1525038
vn 0 -0.98769 0.1564244
vn -0.03481293 -0.9876898 0.1525022
vn -0.06786509 -0.98769 0.1409357
vn -0.09752941 -0.9876901 0.1222961
vn -0.1222971 -0.9876898 0.09753094
vn -0.1409333 -0.98769 0.06786996
vn -0.1525021 -0.9876898 0.03481336
vn -0.1564244 -0.98769 -0
vn -0.1525025 -0.9876897 -0.03481233
vn -0.1409336 -0.9876899 -0.06787067
vn -0.1222951 -0.98769 -0.09753186
vn -0.09752704 -0.98769 -0.122298
vn -0.06787708 -0.9876899 -0.1409305
vn -0.0348122 -0.9876902 -0.1524999
vn 0 -0.98769 -0.1564244
vn 0.03480479 -0.9876898 -0.1525041
vn 0.06787067 -0.9876899 -0.1409336
vn 0.09752898 -0.9876901 -0.1222965
vn 0.1223 -0.98769 -0.09752615
vn 0.1409336 -0.9876899 -0.06787067
vn 0.1525039 -0.9876898 -0.03480542
vn 0.1564244 -0.98769 0
vn 0 1 0
vn 0 1 0
vn 0 1 0
vn 0 1 0
vn 0 1 0
vn 0 1 0
vn 0 1 0
vn 0 1 0
vn 0 1 0
vn 0 1 0
vn 0 1 0
vn 0 1 0
vn 0 1 0
vn 0 1 0
vn 0 1 0
vn 0 1 0
vn 0 1 0
vn 0 1 0
vn 0 1 0
vn 0 1 0
vn 0 1 0
vn 0 1 0
vn 0 1 0
vn 0 1 0
vn 0 1 0
vn 0 1 0
vn 0 1 0
vn 0 1 0
vn 0 1 0
f 1219/1219/1219 1220/1220/1220 1248/1248/1248
f 1220/1220/1220 1249/1249/1249 1248/1248/1248
f 1220/1220/1220 1221/1221/1221 1249/1249/1249
f 1221/1221/1221 1250/1250/1250 1249/1249/1249
f 1221/1221/1221 1222/1222/1222 1250/1250/1250
f 1222/1222/1222 1251/1251/1251 1250/1250/1250
f 1222/1222/1222 1223/1223/1223 1251/1251/1251
f 1223/1223/1223 1252/1252/1252 1251/1251/1251
f 1223/1223/1223 1224/1224/1224 1252/1252/1252
f 1224/1224/1224 1253/1253/1253 1252/1252/1252
f 1224/1224/1224 1225/1225/1225 1253/1253/1253
f 1225/1225/1225 1254/1254/1254 1253/1253/1253
f 1225/1225/1225 1226/1226/1226 1254/1254/1254
f 1226/1226/1226 1255/1255/1255 1254/1254/1254
f 1226/1226/1226 1227/1227/1227 1255/1255/1255
f 1227/1227/1227 1256/1256/1256 1255/1255/1255
f 1227/1227/1227 1228/1228/1228 1256/1256/1256
f 1228/1228/1228 1257/1257/1257 1256/1256/1256
f 1228/1228/1228 1229/1229/1229 1257/1257/1257
f 1229/1229/1229 1258/1258/1258 1257/1257/1257
f 1229/1229/1229 1230/1230/1230 1258/1258/1258
f 1230/1230/1230 1259/1259/1259 1258/1258/1258
f 1230/1230/1230 1231/1231/1231 1259/1259/1259
f 1231/1231/1231 1260/1260/1260 1259/1259/1259
f 1231/1231/1231 1232/1232/1232 1260/1260/1260
f 1232/1232/1232 1261/1261/1261 1260/1260/1260
f 1232/1232/1232 1233/1233/1233 1261/1261/1261
f 1233/1233/1233 1262/1262/1262 1261/1261/1261
f 1233/1233/1233 1234/1234/1234 1262/1262/1262
f 1234/1234/1234 1263/1263/1263 1262/1262/1262
f 1234/1234/1234 1235/1235/1235 1263/1263/1263
f 1235/1235/1235 1264/1264/1264 1263/1263/1263
f 1235/1235/1235 1236/1236/1236 1264/1264/1264
f 1236/1236/1236 1265/1265/1265 1264/1264/1264
f 1236/1236/1236 1237/1237/1237 1265/1265/1265
f 1237/1237/1237 1266/1266/1266 1265/1265/1265
f 1237/1237/1237 1238/1238/1238 1266/1266/1266
f 1238/1238/1238 1267/1267/1267 1266/1266/1266
f 1238/1238/1238 1239/1239/1239 1267/1267/1267
f 1239/1239/1239 1268/1268/1268 1267/1267/1267
f 1239/1239/1239 1240/1240/1240 1268/1268/1268
f 1240/1240/1240 1269/1269/1269 1268/1268/1268
f 1240/1240/1240 1241/1241/1241 1269/1269/1269
f 1241/1241/1241 1270/1270/1270 1269/1269/1269
f 1241/1241/1241 1242/1242/1242 1270/1270/1270
f 1242/1242/1242 1271/1271/1271 1270/1270/1270
f 1242/1242/1242 1243/1243/1243 1271/1271/1271
f 1243/1243/1243 1272/1272/1272 1271/1271/1271
f 1243/1243/1243 1244/1244/1244 1272/1272/1272
f 1244/1244/1244 1273/1273/1273 1272/1272/1272
f 1244/1244/1244 1245/1245/1245 1273/1273/1273
f 1245/1245/1245 1274/1274/1274 1273/1273/1273
f 1245/1245/1245 1246/1246/1246 1274/1274/1274
f 1246/1246/1246 1275/1275/1275 1274/1274/1274
f 1246/1246/1246 1247/1247/1247 1275/1275/1275
f 1247/1247/1247 1276/1276/1276 1275/1275/1275
f 1248/1248/1248 1249/1249/1249 1277/1277/1277
f 1249/1249/1249 1278/1278/1278 1277/1277/1277
f 1249/1249/1249 1250/1250/1250 1278/1278/1278
f 1250/1250/1250 1279/1279/1279 1278/1278/1278
f 1250/1250/1250 1251/1251/1251 1279/1279/1279
f 1251/1251/1251 1280/1280/1280 1279/1279/1279
f 1251/1251/1251 1252/1252/1252 1280/1280/1280
f 1252/1252/1252 1281/1281/1281 1280/1280/1280
f 1252/1252/1252 1253/1253/1253 1281/1281/1281
f 1253/1253/1253 1282/1282/1282 1281/1281/1281
f 1253/1253/1253 1254/1254/1254 1282/1282/1282
f 1254/1254/1254 1283/1283/1283 1282/1282/1282
f 1254/1254/1254 1255/1255/1255 1283/1283/1283
f 1255/1255/1255 1284/1284/1284 1283/1283/1283
f 1255/1255/1255 1256/1256/1256 1284/1284/1284
f 1256/1256/1256 1285/1285/1285 1284/1284/1284
f 1256/1256/1256 1257/1257/1257 1285/1285/1285
f 1257/1257/1257 1286/1286/1286 1285/1285/1285
f 1257/1257/1257 1258/1258/1258 1286/1286/1286
f 1258/1258/1258 1287/1287/1287 1286/1286/1286
f 1258/1258/1258 1259/1259/1259 1287/1287/1287
f 1259/1259/1259 1288/1288/1288 1287/1287/1287
f 1259/1259/1259 1260/1260/1260 1288/1288/1288
f 1260/1260/1260 1289/1289/1289 1288/1288/1288
f 1260/1260/1260 1261/1261/1261 1289/1289/1289
f 1261/1261/1261 1290/1290/1290 1289/1289/1289
f 1261/1261/1261 1262/1262/1262 1290/1290/1290
f 1262/1262/1262 1291/1291/1291 1290/1290/1290
f 1262/1262/1262 1263/1263/1263 1291/1291/1291
f 1263/1263/1263 1292/1292/1292 1291/1291/1291
f 1263/1263/1263 1264/1264/1264 1292/1292/1292
f 1264/1264/1264 1293/1293/1293 1292/1292/1292
f 1264/1264/1264 1265/1265/1265 1293/1293/1293
f 1265/1265/1265 1294/1294/1294 1293/1293/1293
f 1265/1265/1265 1266/1266/1266 1294/1294/1294
f 1266/1266/1266 1295/1295/1295 1294/1294/1294
f 1266/1266/1266 1267/1267/1267 1295/1295/1295
f 1267/1267/1267 1296/1296/1296 1295/1295/1295
f 1267/1267/1267 1268/1268/1268 1296/1296/1296
f 1268/1268/1268 1297/1297/1297 1296/1296/1296
f 1268/1268/1268 1269/1269/1269 1297/1297/1297
f 1269/1269/1269 1298/1298/1298 1297/1297/1297
f 1269/1269/1269 1270/1270/1270 1298/1298/1298
f 1270/1270/1270 1299/1299/1299 1298/1298/1298
f 1270/1270/1270 1271/1271/1271 1299/1299/1299
f 1271/1271/1271 1300/1300/1300 1299/1299/1299
f 1271/1271/1271 1272/1272/1272 1300/1300/1300
f 1272/1272/1272 1301/1301/1301 1300/1300/1300
f 1272/1272/1272 1273/1273/1273 1301/1301/1301
f 1273/1273/1273 1302/1302/1302 1301/1301/1301
f 1273/1273/1273 1274/1274/1274 1302/1302/1302
f 1274/1274/1274 1303/1303/1303 1302/1302/1302
f 1274/1274/1274 1275/1275/1275 1303/1303/1303
f 1275/1275/1275 1304/1304/1304 1303/1303/1303
f 1275/1275/1275 1276/1276/1276 1304/1304/1304
f 1276/1276/1276 1305/1305/1305 1304/1304/1304
f 1277/1277/1277 1278/1278/1278 1306/1306/1306
f 1278/1278/1278 1307/1307/1307 1306/1306/1306
f 1278/1278/1278 1279/1279/1279 1307/1307/1307
f 1279/1279/1279 1308/1308/1308 1307/1307/1307
f 1279/1279/1279 1280/1280/1280 1308/1308/1308
f 1280/1280/1280 1309/1309/1309 1308/1308/1308
f 1280/1280/1280 1281/1281/1281 1309/1309/1309
f 1281/1281/1281 1310/1310/1310 1309/1309/1309
f 1281/1281/1281 1282/1282/1282 1310/1310/1310
f 1282/1282/1282 1311/1311/1311 1310/1310/1310
f 1282/1282/1282 1283/1283/1283 1311/1311/1311
f 1283/1283/1283 1312/1312/1312 1311/1311/1311
f 1283/1283/1283 1284/1284/1284 1312/1312/1312
f 1284/1284/1284 1313/1313/1313 1312/1312/1312
f 1284/1284/1284 1285/1285/1285 1313/1313/1313
f 1285/1285/1285 1314/1314/1314 1313/1313/1313
f 1285/1285/1285 1286/1286/1286 1314/1314/1314
f 1286/1286/1286 1315/1315/1315 1314/1314/1314
f 1286/1286/1286 1287/1287/1287 1315/1315/1315
f 1287/1287/1287 1316/1316/1316 1315/1315/1315
f 1287/1287/1287 1288/1288/1288 1316/1316/1316
f 1288/1288/1288 1317/1317/1317 1316/1316/1316
f 1288/1288/1288 1289/1289/1289 1317/1317/1317
f 1289/1289/1289 1318/1318/1318 1317/1317/1317
f 1289/1289/1289 1290/1290/1290 1318/1318/1318
f 1290/1290/1290 1319/1319/1319 1318/1318/1318
f 1290/1290/1290 1291/1291/1291 1319/1319/1319
f 1291/1291/1291 1320/1320/1320 1319/1319/1319
f 1291/1291/1291 1292/1292/1292 1320/1320/1320
f 1292/1292/1292 1321/1321/1321 1320/1320/1320
f 1292/1292/1292 1293/1293/1293 1321/1321/1321
f 1293/1293/1293 1322/1322/1322 1321/1321/1321
f 1293/1293/1293 1294/1294/1294 1322/1322/1322
f 1294/1294/1294 1323/1323/1323 1322/1322/1322
f 1294/1294/1294 1295/1295/1295 1323/1323/1323
f 1295/1295/1295 1324/1324/1324 1323/1323/1323
f 1295/1295/1295 1296/1296/1296 1324/1324/1324
f 1296/1296/1296 1325/1325/1325 1324/1324/1324
f 1296/1296/1296 1297/1297/1297 1325/1325/1325
f 1297/1297/1297 1326/1326/1326 1325/1325/1325
f 1297/1297/1297 1298/1298/1298 1326/1326/1326
f 1298/1298/1298 1327/1327/1327 1326/1326/1326
f 1298/1298/1298 1299/1299/1299 1327/1327/1327
f 1299/1299/1299 1328/1328/1328 1327/1327/1327
f 1299/1299/1299 1300/1300/1300 1328/1328/1328
f 1300/1300/1300 1329/1329/1329 1328/1328/1328
f 1300/1300/1300 1301/1301/1301 1329/1329/1329
f 1301/1301/1301 1330/1330/1330 1329/1329/1329
f 1301/1301/1301 1302/1302/1302 1330/1330/1330
f 1302/1302/1302 1331/1331/1331 1330/1330/1330
f 1302/1302/1302 1303/1303/1303 1331/1331/1331
f 1303/1303/1303 1332/1332/1332 1331/1331/1331
f 1303/1303/1303 1304/1304/1304 1332/1332/1332
f 1304/1304/1304 1333/1333/1333 1332/1332/1332
f 1304/1304/1304 1305/1305/1305 1333/1333/1333
f 1305/1305/1305 1334/1334/1334 1333/1333/1333
f 1306/1306/1306 1307/1307/1307 1335/1335/1335
f 1307/1307/1307 1336/1336/1336 1335/1335/1335
f 1307/1307/1307 1308/1308/1308 1336/1336/1336
f 1308/1308/1308 1337/1337/1337 1336/1336/1336
f 1308/1308/1308 1309/1309/1309 1337/1337/1337
f 1309/1309/1309 1338/1338/1338 1337/1337/1337
f 1309/1309/1309 1310/1310/1310 1338/1338/1338
f 1310/1310/1310 1339/1339/1339 1338/1338/1338
f 1310/1310/1310 1311/1311/1311 1339/1339/1339
f 1311/1311/1311 1340/1340/1340 1339/1339/1339
f 1311/1311/1311 1312/1312/1312 1340/1340/1340
f 1312/1312/1312 1341/1341/1341 1340/1340/1340
f 1312/1312/1312 1313/1313/1313 1341/1341/1341
f 1313/1313/1313 1342/1342/1342 1341/1341/1341
f 1313/1313/1313 1314/1314/1314 1342/1342/1342
f 1314/1314/1314 1343/1343/1343 1342/1342/1342
f 1314/1314/1314 1315/1315/1315 1343/1343/1343
f 1315/1315/1315 1344/1344/1344 1343/1343/1343
f 1315/1315/1315 1316/1316/1316 1344/1344/1344
f 1316/1316/1316 1345/1345/1345 1344/1344/1344
f 1316/1316/1316 1317/1317/1317 1345/1345/1345
f 1317/1317/1317 1346/1346/1346 1345/1345/1345
f 1317/1317/1317 1318/1318/1318 1346/1346/1346
f 1318/1318/1318 1347/1347/1347 1346/1346/1346
f 1318/1318/1318 1319/1319/1319 1347/1347/1347
f 1319/1319/1319 1348/1348/1348 1347/1347/1347
f 1319/1319/1319 1320/1320/1320 1348/1348/1348
f 1320/1320/1320 1349/1349/1349 1348/1348/1348
f 1320/1320/1320 1321/1321/1321 1349/1349/1349
f 1321/1321/1321 1350/1350/1350 1349/1349/1349
f 1321/1321/1321 1322/1322/1322 1350/1350/1350
f 1322/1322/1322 1351/1351/1351 1350/1350/1350
f 1322/1322/1322 1323/1323/1323 1351/1351/1351
f 1323/1323/1323 1352/1352/1352 1351/1351/1351
f 1323/1323/1323 1324/1324/1324 1352/1352/1352
f 1324/1324/1324 1353/1353/1353 1352/1352/1352
f 1324/1324/1324 1325/1325/1325 1353/1353/1353
f 1325/1325/1325 1354/1354/1354 1353/1353/1353
f 1325/1325/1325 1326/1326/1326 1354/1354/1354
f 1326/1326/1326 1355/1355/1355 1354/1354/1354
f 1326/1326/1326 1327/1327/1327 1355/1355/1355
f 1327/1327/1327 1356/1356/1356 1355/1355/1355
f 1327/1327/1327 1328/1328/1328 1356/1356/1356
f 1328/1328/1328 1357/1357/1357 1356/1356/1356
f 1328/1328/1328 1329/1329/1329 1357/1357/1357
f 1329/1329/1329 1358/1358/1358 1357/1357/1357
f 1329/1329/1329 1330/1330/1330 1358/1358/1358
f 1330/1330/1330 1359/1359/1359 1358/1358/1358
f 1330/1330/1330 1331/1331/1331 1359/1359/1359
f 1331/1331/1331 1360/1360/1360 1359/1359/1359
f 1331/1331/1331 1332/1332/1332 1360/1360/1360
f 1332/1332/1332 1361/1361/1361 1360/1360/1360
f 1332/1332/1332 1333/1333/1333 1361/1361/1361
f 1333/1333/1333 1362/1362/1362 1361/1361/1361
f 1333/1333/1333 1334/1334/1334 1362/1362/1362
f 1334/1334/1334 1363/1363/1363 1362/1362/1362
f 1335/1335/1335 1336/1336/1336 1364/1364/1364
f 1336/1336/1336 1365/1365/1365 1364/1364/1364
f 1336/1336/1336 1337/1337/1337 1365/1365/1365
f 1337/1337/1337 1366/1366/1366 1365/1365/1365
f 1337/1337/1337 1338/1338/1338 1366/1366/1366
f 1338/1338/1338 1367/1367/1367 1366/1366/1366
f 1338/1338/1338 1339/1339/1339 1367/1367/1367
f 1339/1339/1339 1368/1368/1368 1367/1367/1367
f 1339/1339/1339 1340/1340/1340 1368/1368/1368
f 1340/1340/1340 1369/1369/1369 1368/1368/1368
f 1340/1340/1340 1341/1341/1341 1369/1369/1369
f 1341/1341/1341 1370/1370/1370 1369/1369/1369
f 1341/1341/1341 1342/1342/1342 1370/1370/1370
f 1342/1342/1342 1371/1371/1371 1370/1370/1370
f 1342/1342/1342 1343/1343/1343 1371/1371/1371
f 1343/1343/1343 1372/1372/1372 1371/1371/1371
f 1343/1343/1343 1344/1344/1344 1372/1372/1372
f 1344/1344/1344 1373/1373/1373 1372/1372/1372
f 1344/1344/1344 1345/1345/1345 1373/1373/1373
f 1345/1345/1345 1374/1374/1374 1373/1373/1373
f 1345/1345/1345 1346/1346/1346 1374/1374/1374
f 1346/1346/1346 1375/1375/1375 1374/1374/1374
f 1346/1346/1346 1347/1347/1347 1375/1375/1375
f 1347/1347/1347 1376/1376/1376 1375/1375/1375
f 1347/1347/1347 1348/1348/1348 1376/1376/1376
f 1348/1348/1348 1377/1377/1377 1376/1376/1376
f 1348/1348/1348 1349/1349/1349 1377/1377/1377
f 1349/1349/1349 1378/1378/1378 1377/1377/1377
f 1349/1349/1349 1350/1350/1350 1378/1378/1378
f 1350/1350/1350 1379/1379/1379 1378/1378/1378
f 1350/1350/1350 1351/1351/1351 1379/1379/1379
f 1351/1351/1351 1380/1380/1380 1379/1379/1379
f 1351/1351/1351 1352/1352/1352 1380/1380/1380
f 1352/1352/1352 1381/1381/1381 1380/1380/1380
f 1352/1352/1352 1353/1353/1353 1381/1381/1381
f 1353/1353/1353 1382/1382/1382 1381/1381/1381
f 1353/1353/1353 1354/1354/1354 1382/1382/1382
f 1354/1354/1354 1383/1383/1383 1382/1382/1382
f 1354/1354/1354 1355/1355/1355 1383/1383/1383
f 1355/1355/1355 1384/1384/1384 1383/1383/1383
f 1355/1355/1355 1356/1356/1356 1384/1384/1384
f 1356/1356/1356 1385/1385/1385 1384/1384/1384
f 1356/1356/1356 1357/1357/1357 1385/1385/1385
f 1357/1357/1357 1386/1386/1386 1385/1385/1385
f 1357/1357/1357 1358/1358/1358 1386/1386/1386
f 1358/1358/1358 1387/1387/1387 1386/1386/1386
f 1358/1358/1358 1359/1359/1359 1387/1387/1387
f 1359/1359/1359 1388/1388/1388 1387/1387/1387
f 1359/1359/1359 1360/1360/1360 1388/1388/1388
f 1360/1360/1360 1389/1389/1389 1388/1388/1388
f 1360/1360/1360 1361/1361/1361 1389/1389/1389
f 1361/1361/1361 1390/1390/1390 1389/1389/1389
f 1361/1361/1361 1362/1362/1362 1390/1390/1390
f 1362/1362/1362 1391/1391/1391 1390/1390/1390
f 1362/1362/1362 1363/1363/1363 1391/1391/1391
f 1363/1363/1363 1392/1392/1392 1391/1391/1391
f 1364/1364/1364 1365/1365/1365 1393/1393/1393
f 1365/1365/1365 1394/1394/1394 1393/1393/1393
f 1365/1365/1365 1366/1366/1366 1394/1394/1394
f 1366/1366/1366 1395/1395/1395 1394/1394/1394
f 1366/1366/1366 1367/1367/1367 1395/1395/1395
f 1367/1367/1367 1396/1396/1396 1395/1395/1395
f 1367/1367/1367 1368/1368/1368 1396/1396/1396
f 1368/1368/1368 1397/1397/1397 1396/1396/1396
f 1368/1368/1368 1369/1369/1369 1397/1397/1397
f 1369/1369/1369 1398/1398/1398 1397/1397/1397
f 1369/1369/1369 1370/1370/1370 1398/1398/1398
f 1370/1370/1370 1399/1399/1399 1398/1398/1398
f 1370/1370/1370 1371/1371/1371 1399/1399/1399
f 1371/1371/1371 1400/1400/1400 1399/1399/1399
f 1371/1371/1371 1372/1372/1372 1400/1400/1400
f 1372/1372/1372 1401/1401/1401 1400/1400/1400
f 1372/1372/1372 1373/1373/1373 1401/1401/1401
f 1373/1373/1373 1402/1402/1402 1401/1401/1401
f 1373/1373/1373 1374/1374/1374 1402/1402/1402
f 1374/1374/1374 1403/1403/1403 1402/1402/1402
f 1374/1374/1374 1375/1375/1375 1403/1403/1403
f 1375/1375/1375 1404/1404/1404 1403/1403/1403
f 1375/1375/1375 1376/1376/1376 1404/1404/1404
f 1376/1376/1376 1405/1405/1405 1404/1404/1404
f 1376/1376/1376 1377/1377/1377 1405/1405/1405
f 1377/1377/1377 1406/1406/1406 1405/1405/1405
f 1377/1377/1377 1378/1378/1378 1406/1406/1406
f 1378/1378/1378 1407/1407/1407 1406/1406/1406
f 1378/1378/1378 1379/1379/1379 1407/1407/1407
f 1379/1379/1379 1408/1408/1408 1407/1407/1407
f 1379/1379/1379 1380/1380/1380 1408/1408/1408
f 1380/1380/1380 1409/1409/1409 1408/1408/1408
f 1380/1380/1380 1381/1381/1381 1409/1409/1409
f 1381/1381/1381 1410/1410/1410 1409/1409/1409
f 1381/1381/1381 1382/1382/1382 1410/1410/1410
f 1382/1382/1382 1411/1411/1411 1410/1410/1410
f 1382/1382/1382 1383/1383/1383 1411/1411/1411
f 1383/1383/1383 1412/1412/1412 1411/1411/1411
f 1383/1383/1383 1384/1384/1384 1412/1412/1412
f 1384/1384/1384 1413/1413/1413 1412/1412/1412
f 1384/1384/1384 1385/1385/1385 1413/1413/1413
f 1385/1385/1385 1414/1414/1414 1413/1413/1413
f 1385/1385/1385 1386/1386/1386 1414/1414/1414
f 1386/1386/1386 1415/1415/1415 1414/1414/1414
f 1386/1386/1386 1387/1387/1387 1415/1415/1415
f 1387/1387/1387 1416/1416/1416 1415/1415/1415
f 1387/1387/1387 1388/1388/1388 1416/1416/1416
f 1388/1388/1388 1417/1417/1417 1416/1416/1416
f 1388/1388/1388 1389/1389/1389 1417/1417/1417
f 1389/1389/1389 1418/1418/1418 1417/1417/1417
f 1389/1389/1389 1390/1390/1390 1418/1418/1418
f 1390/1390/1390 1419/1419/1419 1418/1418/1418
f 1390/1390/1390 1391/1391/1391 1419/1419/1419
f 1391/1391/1391 1420/1420/1420 1419/1419/1419
f 1391/1391/1391 1392/1392/1392 1420/1420/1420
f 1392/1392/1392 1421/1421/1421 1420/1420/1420
f 1393/1393/1393 1394/1394/1394 1422/1422/1422
f 1394/1394/1394 1423/1423/1423 1422/1422/1422
f 1394/1394/1394 1395/1395/1395 1423/1423/1423
f 1395/1395/1395 1424/1424/1424 1423/1423/1423
f 1395/1395/1395 1396/1396/1396 1424/1424/1424
f 1396/1396/1396 1425/1425/1425 1424/1424/1424
f 1396/1396/1396 1397/1397/1397 1425/1425/1425
f 1397/1397/1397 1426/1426/1426 1425/1425/1425
f 1397/1397/1397 1398/1398/1398 1426/1426/1426
f 1398/1398/1398 1427/1427/1427 1426/1426/1426
f 1398/1398/1398 1399/1399/1399 1427/1427/1427
f 1399/1399/1399 1428/1428/1428 1427/1427/1427
f 1399/1399/1399 1400/1400/1400 1428/1428/1428
f 1400/1400/1400 1429/1429/1429 1428/1428/1428
f 1400/1400/1400 1401/1401/1401 1429/1429/1429
f 1401/1401/1401 1430/1430/1430 1429/1429/1429
f 1401/1401/1401 1402/1402/1402 1430/1430/1430
f 1402/1402/1402 1431/1431/1431 1430/1430/1430
f 1402/1402/1402 1403/1403/1403 1431/1431/1431
f 1403/1403/1403 1432/1432/1432 1431/1431/1431
f 1403/1403/1403 1404/1404/1404 1432/1432/1432
f 1404/1404/1404 1433/1433/1433 1432/1432/1432
f 1404/1404/1404 1405/1405/1405 1433/1433/1433
f 1405/1405/1405 1434/1434/1434 1433/1433/1433
f 1405/1405/1405 1406/1406/1406 1434/1434/1434
f 1406/1406/1406 1435/1435/1435 1434/1434/1434
f 1406/1406/1406 1407/1407/1407 1435/1435/1435
f 1407/1407/1407 1436/1436/1436 1435/1435/1435
f 1407/1407/1407 1408/1408/1408 1436/1436/1436
f 1408/1408/1408 1437/1437/1437 1436/1436/1436
f 1408/1408/1408 1409/1409/1409 1437/1437/1437
f 1409/1409/1409 1438/1438/1438 1437/1437/1437
f 1409/1409/1409 1410/1410/1410 1438/1438/1438
f 1410/1410/1410 1439/1439/1439 1438/1438/1438
f 1410/1410/1410 1411/1411/1411 1439/1439/1439
f 1411/1411/1411 1440/1440/1440 1439/1439/1439
f 1411/1411/1411 1412/1412/1412 1440/1440/1440
f 1412/1412/1412 1441/1441/1441 1440/1440/1440
f 1412/1412/1412 1413/1413/1413 1441/1441/1441
f 1413/1413/1413 1442/1442/1442 1441/1441/1441
f 1413/1413/1413 1414/1414/1414 1442/1442/1442
f 1414/1414/1414 1443/1443/1443 1442/1442/1442
f 1414/1414/1414 1415/1415/1415 1443/1443/1443
f 1415/1415/1415 1444/1444/1444 1443/1443/1443
f 1415/1415/1415 1416/1416/1416 1444/1444/1444
f 1416/1416/1416 1445/1445/1445 1444/1444/1444
f 1416/1416/1416 1417/1417/1417 1445/1445/1445
f 1417/1417/1417 1446/1446/1446 1445/1445/1445
f 1417/1417/1417 1418/1418/1418 1446/1446/1446
f 1418/1418/1418 1447/1447/1447 1446/1446/1446
f 1418/1418/1418 1419/1419/1419 1447/1447/1447
f 1419/1419/1419 1448/1448/1448 1447/1447/1447
f 1419/1419/1419 1420/1420/1420 1448/1448/1448
f 1420/1420/1420 1449/1449/1449 1448/1448/1448
f 1420/1420/1420 1421/1421/1421 1449/1449/1449
f 1421/1421/1421 1450/1450/1450 1449/1449/1449
f 1422/1422/1422 1423/1423/1423 1451/1451/1451
f 1423/1423/1423 1452/1452/1452 1451/1451/1451
f 1423/1423/1423 1424/1424/1424 1452/1452/1452
f 1424/1424/1424 1453/1453/1453 1452/1452/1452
f 1424/1424/1424 1425/1425/1425 1453/1453/1453
f 1425/1425/1425 1454/1454/1454 1453/1453/1453
f 1425/1425/1425 1426/1426/1426 1454/1454/1454
f 1426/1426/1426 1455/1455/1455 1454/1454/1454
f 1426/1426/1426 1427/1427/1427 1455/1455/1455
f 1427/1427/1427 1456/1456/1456 1455/1455/1455
f 1427/1427/1427 1428/1428/1428 1456/1456/1456
f 1428/1428/1428 1457/1457/1457 1456/1456/1456
f 1428/1428/1428 1429/1429/1429 1457/1457/1457
f 1429/1429/1429 1458/1458/1458 1457/1457/1457
f 1429/1429/1429 1430/1430/1430 1458/1458/1458
f 1430/1430/1430 1459/1459/1459 1458/1458/1458
f 1430/1430/1430 1431/1431/1431 1459/1459/1459
f 1431/1431/1431 1460/1460/1460 1459/1459/1459
f 1431/1431/1431 1432/1432/1432 1460/1460/1460
f 1432/1432/1432 1461/1461/1461 1460/1460/1460
f 1432/1432/1432 1433/1433/1433 1461/1461/1461
f 1433/1433/1433 1462/1462/1462 1461/1461/1461
f 1433/1433/1433 1434/1434/1434 1462/1462/1462
f 1434/1434/1434 1463/1463/1463 1462/1462/1462
f 1434/1434/1434 1435/1435/1435 1463/1463/1463
f 1435/1435/1435 1464/1464/1464 1463/1463/1463
f 1435/1435/1435 1436/1436/1436 1464/1464/1464
f 1436/1436/1436 1465/1465/1465 1464/1464/1464
f 1436/1436/1436 1437/1437/1437 1465/1465/1465
f 1437/1437/1437 1466/1466/1466 1465/1465/1465
f 1437/1437/1437 1438/1438/1438 1466/1466/1466
f 1438/1438/1438 1467/1467/1467 1466/1466/1466
f 1438/1438/1438 1439/1439/1439 1467/1467/1467
f 1439/1439/1439 1468/1468/1468 1467/1467/1467
f 1439/1439/1439 1440/1440/1440 1468/1468/1468
f 1440/1440/1440 1469/1469/1469 1468/1468/1468
f 1440/1440/1440 1441/1441/1441 1469/1469/1469
f 1441/1441/1441 1470/1470/1470 1469/1469/1469
f 1441/1441/1441 1442/1442/1442 1470/1470/1470
f 1442/1442/1442 1471/1471/1471 1470/1470/1470
f 1442/1442/1442 1443/1443/1443 1471/1471/1471
f 1443/1443/1443 1472/1472/1472 1471/1471/1471
f 1443/1443/1443 1444/1444/1444 1472/1472/1472
f 1444/1444/1444 1473/1473/1473 1472/1472/1472
f 1444/1444/1444 1445/1445/1445 1473/1473/1473
f 1445/1445/1445 1474/1474/1474 1473/1473/1473
f 1445/1445/1445 1446/1446/1446 1474/1474/1474
f 1446/1446/1446 1475/1475/1475 1474/1474/1474
f 1446/1446/1446 1447/1447/1447 1475/1475/1475
f 1447/1447/1447 1476/1476/1476 1475/1475/1475
f 1447/1447/1447 1448/1448/1448 1476/1476/1476
f 1448/1448/1448 1477/1477/1477 1476/1476/1476
f 1448/1448/1448 1449/1449/1449 1477/1477/1477
f 1449/1449/1449 1478/1478/1478 1477/1477/1477
f 1449/1449/1449 1450/1450/1450 1478/1478/1478
f 1450/1450/1450 1479/1479/1479 1478/1478/1478
f 1451/1451/1451 1452/1452/1452 1480/1480/1480
f 1452/1452/1452 1481/1481/1481 1480/1480/1480
f 1452/1452/1452 1453/1453/1453 1481/1481/1481
f 1453/1453/1453 1482/1482/1482 1481/1481/1481
f 1453/1453/1453 1454/1454/1454 1482/1482/1482
f 1454/1454/1454 1483/1483/1483 1482/1482/1482
f 1454/1454/1454 1455/1455/1455 1483/1483/1483
f 1455/1455/1455 1484/1484/1484 1483/1483/1483
f 1455/1455/1455 1456/1456/1456 1484/1484/1484
f 1456/1456/1456 1485/1485/1485 1484/1484/1484
f 1456/1456/1456 1457/1457/1457 1485/1485/1485
f 1457/1457/1457 1486/1486/1486 1485/1485/1485
f 1457/1457/1457 1458/1458/1458 1486/1486/1486
f 1458/1458/1458 1487/1487/1487 1486/1486/1486
f 1458/1458/1458 1459/1459/1459 1487/1487/1487
f 1459/1459/1459 1488/1488/1488 1487/1487/1487
f 1459/1459/1459 1460/1460/1460 1488/1488/1488
f 1460/1460/1460 1489/1489/1489 1488/1488/1488
f 1460/1460/1460 1461/1461/1461 1489/1489/1489
f 1461/1461/1461 1490/1490/1490 1489/1489/1489
f 1461/1461/1461 1462/1462/1462 1490/1490/1490
f 1462/1462/1462 1491/1491/1491 1490/1490/1490
f 1462/1462/1462 1463/1463/1463 1491/1491/1491
f 1463/1463/1463 1492/1492/1492 1491/1491/1491
f 1463/1463/1463 1464/1464/1464 1492/1492/1492
f 1464/1464/1464 1493/1493/1493 1492/1492/1492
f 1464/1464/1464 1465/1465/1465 1493/1493/1493
f 1465/1465/1465 1494/1494/1494 1493/1493/1493
f 1465/1465/1465 1466/1466/1466 1494/1494/1494
f 1466/1466/1466 1495/1495/1495 1494/1494/1494
f 1466/1466/1466 1467/1467/1467 1495/1495/1495
f 1467/1467/1467 1496/1496/1496 1495/1495/1495
f 1467/1467/1467 1468/1468/1468 1496/1496/1496
f 1468/1468/1468 1497/1497/1497 1496/1496/1496
f 1468/1468/1468 1469/1469/1469 1497/1497/1497
f 1469/1469/1469 1498/1498/1498 1497/1497/1497
f 1469/1469/1469 1470/1470/1470 1498/1498/1498
f 1470/1470/1470 1499/1499/1499 1498/1498/1498
f 1470/1470/1470 1471/1471/1471 1499/1499/1499
f 1471/1471/1471 1500/1500/1500 1499/1499/1499
f 1471/1471/1471 1472/1472/1472 1500/1500/1500
f 1472/1472/1472 1501/1501/1501 1500/1500/1500
f 1472/1472/1472 1473/1473/1473 1501/1501/1501
f 1473/1473/1473 1502/1502/1502 1501/1501/1501
f 1473/1473/1473 1474/1474/1474 1502/1502/1502
f 1474/1474/1474 1503/1503/1503 1502/1502/1502
f 1474/1474/1474 1475/1475/1475 1503/1503/1503
f 1475/1475/1475 1504/1504/1504 1503/1503/1503
f 1475/1475/1475 1476/1476/1476 1504/1504/1504
f 1476/1476/1476 1505/1505/1505 1504/1504/1504
f 1476/1476/1476 1477/1477/1477 1505/1505/1505
f 1477/1477/1477 1506/1506/1506 1505/1505/1505
f 1477/1477/1477 1478/1478/1478 1506/1506/1506
f 1478/1478/1478 1507/1507/1507 1506/1506/1506
f 1478/1478/1478 1479/1479/1479 1507/1507/1507
f 1479/1479/1479 1508/1508/1508 1507/1507/1507
f 1480/1480/1480 1481/1481/1481 1509/1509/1509
f 1481/1481/1481 1510/1510/1510 1509/1509/1509
f 1481/1481/1481 1482/1482/1482 1510/1510/1510
f 1482/1482/1482 1511/1511/1511 1510/1510/1510
f 1482/1482/1482 1483/1483/1483 1511/1511/1511
f 1483/1483/1483 1512/1512/1512 1511/1511/1511
f 1483/1483/1483 1484/1484/1484 1512/1512/1512
f 1484/1484/1484 1513/1513/1513 1512/1512/1512
f 1484/1484/1484 1485/1485/1485 1513/1513/1513
f 1485/1485/1485 1514/1514/1514 1513/1513/1513
f 1485/1485/1485 1486/1486/1486 1514/1514/1514
f 1486/1486/1486 1515/1515/1515 1514/1514/1514
f 1486/1486/1486 1487/1487/1487 1515/1515/1515
f 1487/1487/1487 1516/1516/1516 1515/1515/1515
f 1487/1487/1487 1488/1488/1488 1516/1516/1516
f 1488/1488/1488 1517/1517/1517 1516/1516/1516
f 1488/1488/1488 1489/1489/1489 1517/1517/1517
f 1489/1489/1489 1518/1518/1518 1517/1517/1517
f 1489/1489/1489 1490/1490/1490 1518/1518/1518
f 1490/1490/1490 1519/1519/1519 1518/1518/1518
f 1490/1490/1490 1491/1491/1491 1519/1519/1519
f 1491/1491/1491 1520/1520/1520 1519/1519/1519
f 1491/1491/1491 1492/1492/1492 1520/1520/1520
f 1492/1492/1492 1521/1521/1521 1520/1520/1520
f 1492/1492/1492 1493/1493/1493 1521/1521/1521
f 1493/1493/1493 1522/1522/1522 1521/1521/1521
f 1493/1493/1493 1494/1494/1494 1522/1522/1522
f 1494/1494/1494 1523/1523/1523 1522/1522/1522
f 1494/1494/1494 1495/1495/1495 1523/1523/1523
f 1495/1495/1495 1524/1524/1524 1523/1523/1523
f 1495/1495/1495 1496/1496/1496 1524/1524/1524
f 1496/1496/1496 1525/1525/1525 1524/1524/1524
f 1496/1496/1496 1497/1497/1497 1525/1525/1525
f 1497/1497/1497 1526/1526/1526 1525/1525/1525
f 1497/1497/1497 1498/1498/1498 1526/1526/1526
f 1498/1498/1498 1527/1527/1527 1526/1526/1526
f 1498/1498/1498 1499/1499/1499 1527/1527/1527
f 1499/1499/1499 1528/1528/1528 1527/1527/1527
f 1499/1499/1499 1500/1500/1500 1528/1528/1528
f 1500/1500/1500 1529/1529/1529 1528/1528/1528
f 1500/1500/1500 1501/1501/1501 1529/1529/1529
f 1501/1501/1501 1530/1530/1530 1529/1529/1529
f 1501/1501/1501 1502/1502/1502 1530/1530/1530
f 1502/1502/1502 1531/1531/1531 1530/1530/1530
f 1502/1502/1502 1503/1503/1503 1531/1531/1531
f 1503/1503/1503 1532/1532/1532 1531/1531/1531
f 1503/1503/1503 1504/1504/1504 1532/1532/1532
f 1504/1504/1504 1533/1533/1533 1532/1532/1532
f 1504/1504/1504 1505/1505/1505 1533/1533/1533
f 1505/1505/1505 1534/1534/1534 1533/1533/1533
f 1505/1505/1505 1506/1506/1506 1534/1534/1534
f 1506/1506/1506 1535/1535/1535 1534/1534/1534
f 1506/1506/1506 1507/1507/1507 1535/1535/1535
f 1507/1507/1507 1536/1536/1536 1535/1535/1535
f 1507/1507/1507 1508/1508/1508 1536/1536/1536
f 1508/1508/1508 1537/1537/1537 1536/1536/1536
f 1509/1509/1509 1510/1510/1510 1538/1538/1538
f 1510/1510/1510 1539/1539/1539 1538/1538/1538
f 1510/1510/1510 1511/1511/1511 1539/1539/1539
f 1511/1511/1511 1540/1540/1540 1539/1539/1539
f 1511/1511/1511 1512/1512/1512 1540/1540/1540
f 1512/1512/1512 1541/1541/1541 1540/1540/1540
f 1512/1512/1512 1513/1513/1513 1541/1541/1541
f 1513/1513/1513 1542/1542/1542 1541/1541/1541
f 1513/1513/1513 1514/1514/1514 1542/1542/1542
f 1514/1514/1514 1543/1543/1543 1542/1542/1542
f 1514/1514/1514 1515/1515/1515 1543/1543/1543
f 1515/1515/1515 1544/1544/1544 1543/1543/1543
f 1515/1515/1515 1516/1516/1516 1544/1544/1544
f 1516/1516/1516 1545/1545/1545 1544/1544/1544
f 1516/1516/1516 1517/1517/1517 1545/1545/1545
f 1517/1517/1517 1546/1546/1546 1545/1545/1545
f 1517/1517/1517 1518/1518/1518 1546/1546/1546
f 1518/1518/1518 1547/1547/1547 1546/1546/1546
f 1518/1518/1518 1519/1519/1519 1547/1547/1547
f 1519/1519/1519 1548/1548/1548 1547/1547/1547
f 1519/1519/1519 1520/1520/1520 1548/1548/1548
f 1520/1520/1520 1549/1549/1549 1548/1548/1548
f 1520/1520/1520 1521/1521/1521 1549/1549/1549
f 1521/1521/1521 1550/1550/1550 1549/1549/1549
f 1521/1521/1521 1522/1522/1522 1550/1550/1550
f 1522/1522/1522 1551/1551/1551 1550/1550/1550
f 1522/1522/1522 1523/1523/1523 1551/1551/1551
f 1523/1523/1523 1552/1552/1552 1551/1551/1551
f 1523/1523/1523 1524/1524/1524 1552/1552/1552
f 1524/1524/1524 1553/1553/1553 1552/1552/1552
f 1524/1524/1524 1525/1525/1525 1553/1553/1553
f 1525/1525/1525 1554/1554/1554 1553/1553/1553
f 1525/1525/1525 1526/1526/1526 1554/1554/1554
f 1526/1526/1526 1555/1555/1555 1554/1554/1554
f 1526/1526/1526 1527/1527/1527 1555/1555/1555
f 1527/1527/1527 1556/1556/1556 1555/1555/1555
f 1527/1527/1527 1528/1528/1528 1556/1556/1556
f 1528/1528/1528 1557/1557/1557 1556/1556/1556
f 1528/1528/1528 1529/1529/1529 1557/1557/1557
f 1529/1529/1529 1558/1558/1558 1557/1557/1557
f 1529/1529/1529 1530/1530/1530 1558/1558/1558
f 1530/1530/1530 1559/1559/1559 1558/1558/1558
f 1530/1530/1530 1531/1531/1531 1559/1559/1559
f 1531/1531/1531 1560/1560/1560 1559/1559/1559
f 1531/1531/1531 1532/1532/1532 1560/1560/1560
f 1532/1532/1532 1561/1561/1561 1560/1560/1560
f 1532/1532/1532 1533/1533/1533 1561/1561/1561
f 1533/1533/1533 1562/1562/1562 1561/1561/1561
f 1533/1533/1533 1534/1534/1534 1562/1562/1562
f 1534/1534/1534 1563/1563/1563 1562/1562/1562
f 1534/1534/1534 1535/1535/1535 1563/1563/1563
f 1535/1535/1535 1564/1564/1564 1563/1563/1563
f 1535/1535/1535 1536/1536/1536 1564/1564/1564
f 1536/1536/1536 1565/1565/1565 1564/1564/1564
f 1536/1536/1536 1537/1537/1537 1565/1565/1565
f 1537/1537/1537 1566/1566/1566 1565/1565/1565
f 1538/1538/1538 1539/1539/1539 1567/1567/1567
f 1539/1539/1539 1568/1568/1568 1567/1567/1567
f 1539/1539/1539 1540/1540/1540 1568/1568/1568
f 1540/1540/1540 1569/1569/1569 1568/1568/1568
f 1540/1540/1540 1541/1541/1541 1569/1569/1569
f 1541/1541/1541 1570/1570/1570 1569/1569/1569
f 1541/1541/1541 1542/1542/1542 1570/1570/1570
f 1542/1542/1542 1571/1571/1571 1570/1570/1570
f 1542/1542/1542 1543/1543/1543 1571/1571/1571
f 1543/1543/1543 1572/1572/1572 1571/1571/1571
f 1543/1543/1543 1544/1544/1544 1572/1572/1572
f 1544/1544/1544 1573/1573/1573 1572/1572/1572
f 1544/1544/1544 1545/1545/1545 1573/1573/1573
f 1545/1545/1545 1574/1574/1574 1573/1573/1573
f 1545/1545/1545 1546/1546/1546 1574/1574/1574
f 1546/1546/1546 1575/1575/1575 1574/1574/1574
f 1546/1546/1546 1547/1547/1547 1575/1575/1575
f 1547/1547/1547 1576/1576/1576 1575/1575/1575
f 1547/1547/1547 1548/1548/1548 1576/1576/1576
f 1548/1548/1548 1577/1577/1577 1576/1576/1576
f 1548/1548/1548 1549/1549/1549 1577/1577/1577
f 1549/1549/1549 1578/1578/1578 1577/1577/1577
f 1549/1549/1549 1550/1550/1550 1578/1578/1578
f 1550/1550/1550 1579/1579/1579 1578/1578/1578
f 1550/1550/1550 1551/1551/1551 1579/1579/1579
f 1551/1551/1551 1580/1580/1580 1579/1579/1579
f 1551/1551/1551 1552/1552/1552 1580/1580/1580
f 1552/1552/1552 1581/1581/1581 1580/1580/1580
f 1552/1552/1552 1553/1553/1553 1581/1581/1581
f 1553/1553/1553 1582/1582/1582 1581/1581/1581
f 1553/1553/1553 1554/1554/1554 1582/1582/1582
f 1554/1554/1554 1583/1583/1583 1582/1582/1582
f 1554/1554/1554 1555/1555/1555 1583/1583/1583
f 1555/1555/1555 1584/1584/1584 1583/1583/1583
f 1555/1555/1555 1556/1556/1556 1584/1584/1584
f 1556/1556/1556 1585/1585/1585 1584/1584/1584
f 1556/1556/1556 1557/1557/1557 1585/1585/1585
f 1557/1557/1557 1586/1586/1586 1585/1585/1585
f 1557/1557/1557 1558/1558/1558 1586/1586/1586
f 1558/1558/1558 1587/1587/1587 1586/1586/1586
f 1558/1558/1558 1559/1559/1559 1587/1587/1587
f 1559/1559/1559 1588/1588/1588 1587/1587/1587
f 1559/1559/1559 1560/1560/1560 1588/1588/1588
f 1560/1560/1560 1589/1589/1589 1588/1588/1588
f 1560/1560/1560 1561/1561/1561 1589/1589/1589
f 1561/1561/1561 1590/1590/1590 1589/1589/1589
f 1561/1561/1561 1562/1562/1562 1590/1590/1590
f 1562/1562/1562 1591/1591/1591 1590/1590/1590
f 1562/1562/1562 1563/1563/1563 1591/1591/1591
f 1563/1563/1563 1592/1592/1592 1591/1591/1591
f 1563/1563/1563 1564/1564/1564 1592/1592/1592
f 1564/1564/1564 1593/1593/1593 1592/1592/1592
f 1564/1564/1564 1565/1565/1565 1593/1593/1593
f 1565/1565/1565 1594/1594/1594 1593/1593/1593
f 1565/1565/1565 1566/1566/1566 1594/1594/1594
f 1566/1566/1566 1595/1595/1595 1594/1594/1594
f 1567/1567/1567 1568/1568/1568 1596/1596/1596
f 1568/1568/1568 1597/1597/1597 1596/1596/1596
f 1568/1568/1568 1569/1569/1569 1597/1597/1597
f 1569/1569/1569 1598/1598/1598 1597/1597/1597
f 1569/1569/1569 1570/1570/1570 1598/1598/1598
f 1570/1570/1570 1599/1599/1599 1598/1598/1598
f 1570/1570/1570 1571/1571/1571 1599/1599/1599
f 1571/1571/1571 1600/1600/1600 1599/1599/1599
f 1571/1571/1571 1572/1572/1572 1600/1600/1600
f 1572/1572/1572 1601/1601/1601 1600/1600/1600
f 1572/1572/1572 1573/1573/1573 1601/1601/1601
f 1573/1573/1573 1602/1602/1602 1601/1601/1601
f 1573/1573/1573 1574/1574/1574 1602/1602/1602
f 1574/1574/1574 1603/1603/1603 1602/1602/1602
f 1574/1574/1574 1575/1575/1575 1603/1603/1603
f 1575/1575/1575 1604/1604/1604 1603/1603/1603
f 1575/1575/1575 1576/1576/1576 1604/1604/1604
f 1576/1576/1576 1605/1605/1605 1604/1604/1604
f 1576/1576/1576 1577/1577/1577 1605/1605/1605
f 1577/1577/1577 1606/1606/1606 1605/1605/1605
f 1577/1577/1577 1578/1578/1578 1606/1606/1606
f 1578/1578/1578 1607/1607/1607 1606/1606/1606
f 1578/1578/1578 1579/1579/1579 1607/1607/1607
f 1579/1579/1579 1608/1608/1608 1607/1607/1607
f 1579/1579/1579 1580/1580/1580 1608/1608/1608
f 1580/1580/1580 1609/1609/1609 1608/1608/1608
f 1580/1580/1580 1581/1581/1581 1609/1609/1609
f 1581/1581/1581 1610/1610/1610 1609/1609/1609
f 1581/1581/1581 1582/1582/1582 1610/1610/1610
f 1582/1582/1582 1611/1611/1611 1610/1610/1610
f 1582/1582/1582 1583/1583/1583 1611/1611/1611
f 1583/1583/1583 1612/1612/1612 1611/1611/1611
f 1583/1583/1583 1584/1584/1584 1612/1612/1612
f 1584/1584/1584 1613/1613/1613 1612/1612/1612
f 1584/1584/1584 1585/1585/1585 1613/1613/1613
f 1585/1585/1585 1614/1614/1614 1613/1613/1613
f 1585/1585/1585 1586/1586/1586 1614/1614/1614
f 1586/1586/1586 1615/1615/1615 1614/1614/1614
f 1586/1586/1586 1587/1587/1587 1615/1615/1615
f 1587/1587/1587 1616/1616/1616 1615/1615/1615
f 1587/1587/1587 1588/1588/1588 1616/1616/1616
f 1588/1588/1588 1617/1617/1617 1616/1616/1616
f 1588/1588/1588 1589/1589/1589 1617/1617/1617
f 1589/1589/1589 1618/1618/1618 1617/1617/1617
f 1589/1589/1589 1590/1590/1590 1618/1618/1618
f 1590/1590/1590 1619/1619/1619 1618/1618/1618
f 1590/1590/1590 1591/1591/1591 1619/1619/1619
f 1591/1591/1591 1620/1620/1620 1619/1619/1619
f 1591/1591/1591 1592/1592/1592 1620/1620/1620
f 1592/1592/1592 1621/1621/1621 1620/1620/1620
f 1592/1592/1592 1593/1593/1593 1621/1621/1621
f 1593/1593/1593 1622/1622/1622 1621/1621/1621
f 1593/1593/1593 1594/1594/1594 1622/1622/1622
f 1594/1594/1594 1623/1623/1623 1622/1622/1622
f 1594/1594/1594 1595/1595/1595 1623/1623/1623
f 1595/1595/1595 1624/1624/1624 1623/1623/1623
f 1596/1596/1596 1597/1597/1597 1625/1625/1625
f 1597/1597/1597 1626/1626/1626 1625/1625/1625
f 1597/1597/1597 1598/1598/1598 1626/1626/1626
f 1598/1598/1598 1627/1627/1627 1626/1626/1626
f 1598/1598/1598 1599/1599/1599 1627/1627/1627
f 1599/1599/1599 1628/1628/1628 1627/1627/1627
f 1599/1599/1599 1600/1600/1600 1628/1628/1628
f 1600/1600/1600 1629/1629/1629 1628/1628/1628
f 1600/1600/1600 1601/1601/1601 1629/1629/1629
f 1601/1601/1601 1630/1630/1630 1629/1629/1629
f 1601/1601/1601 1602/1602/1602 1630/1630/1630
f 1602/1602/1602 1631/1631/1631 1630/1630/1630
f 1602/1602/1602 1603/1603/1603 1631/1631/1631
f 1603/1603/1603 1632/1632/1632 1631/1631/1631
f 1603/1603/1603 1604/1604/1604 1632/1632/1632
f 1604/1604/1604 1633/1633/1633 1632/1632/1632
f 1604/1604/1604 1605/1605/1605 1633/1633/1633
f 1605/1605/1605 1634/1634/1634 1633/1633/1633
f 1605/1605/1605 1606/1606/1606 1634/1634/1634
f 1606/1606/1606 1635/1635/1635 1634/1634/1634
f 1606/1606/1606 1607/1607/1607 1635/1635/1635
f 1607/1607/1607 1636/1636/1636 1635/1635/1635
f 1607/1607/1607 1608/1608/1608 1636/1636/1636
f 1608/1608/1608 1637/1637/1637 1636/1636/1636
f 1608/1608/1608 1609/1609/1609 1637/1637/1637
f 1609/1609/1609 1638/1638/1638 1637/1637/1637
f 1609/1609/1609 1610/1610/1610 1638/1638/1638
f 1610/1610/1610 1639/1639/1639 1638/1638/1638
f 1610/1610/1610 1611/1611/1611 1639/1639/1639
f 1611/1611/1611 1640/1640/1640 1639/1639/1639
f 1611/1611/1611 1612/1612/1612 1640/1640/1640
f 1612/1612/1612 1641/1641/1641 1640/1640/1640
f 1612/1612/1612 1613/1613/1613 1641/1641/1641
f 1613/1613/1613 1642/1642/1642 1641/1641/1641
f 1613/1613/1613 1614/1614/1614 1642/1642/1642
f 1614/1614/1614 1643/1643/1643 1642/1642/1642
f 1614/1614/1614 1615/1615/1615 1643/1643/1643
f 1615/1615/1615 1644/1644/1644 1643/1643/1643
f 1615/1615/1615 1616/1616/1616 1644/1644/1644
f 1616/1616/1616 1645/1645/1645 1644/1644/1644
f 1616/1616/1616 1617/1617/1617 1645/1645/1645
f 1617/1617/1617 1646/1646/1646 1645/1645/1645
f 1617/1617/1617 1618/1618/1618 1646/1646/1646
f 1618/1618/1618 1647/1647/1647 1646/1646/1646
f 1618/1618/1618 1619/1619/1619 1647/1647/1647
f 1619/1619/1619 1648/1648/1648 1647/1647/1647
f 1619/1619/1619 1620/1620/1620 1648/1648/1648
f 1620/1620/1620 1649/1649/1649 1648/1648/1648
f 1620/1620/1620 1621/1621/1621 1649/1649/1649
f 1621/1621/1621 1650/1650/1650 1649/1649/1649
f 1621/1621/1621 1622/1622/1622 1650/1650/1650
f 1622/1622/1622 1651/1651/1651 1650/1650/1650
f 1622/1622/1622 1623/1623/1623 1651/1651/1651
f 1623/1623/1623 1652/1652/1652 1651/1651/1651
f 1623/1623/1623 1624/1624/1624 1652/1652/1652
f 1624/1624/1624 1653/1653/1653 1652/1652/1652
f 1625/1625/1625 1626/1626/1626 1654/1654/1654
f 1626/1626/1626 1655/1655/1655 1654/1654/1654
f 1626/1626/1626 1627/1627/1627 1655/1655/1655
f 1627/1627/1627 1656/1656/1656 1655/1655/1655
f 1627/1627/1627 1628/1628/1628 1656/1656/1656
f 1628/1628/1628 1657/1657/1657 1656/1656/1656
f 1628/1628/1628 1629/1629/1629 1657/1657/1657
f 1629/1629/1629 1658/1658/1658 1657/1657/1657
f 1629/1629/1629 1630/1630/1630 1658/1658/1658
f 1630/1630/1630 1659/1659/1659 1658/1658/1658
f 1630/1630/1630 1631/1631/1631 1659/1659/1659
f 1631/1631/1631 1660/1660/1660 1659/1659/1659
f 1631/1631/1631 1632/1632/1632 1660/1660/1660
f 1632/1632/1632 1661/1661/1661 1660/1660/1660
f 1632/1632/1632 1633/1633/1633 1661/1661/1661
f 1633/1633/1633 1662/1662/1662 1661/1661/1661
f 1633/1633/1633 1634/1634/1634 1662/1662/1662
f 1634/1634/1634 1663/1663/1663 1662/1662/1662
f 1634/1634/1634 1635/1635/1635 1663/1663/1663
f 1635/1635/1635 1664/1664/1664 1663/1663/1663
f 1635/1635/1635 1636/1636/1636 1664/1664/1664
f 1636/1636/1636 1665/1665/1665 1664/1664/1664
f 1636/1636/1636 1637/1637/1637 1665/1665/1665
f 1637/1637/1637 1666/1666/1666 1665/1665/1665
f 1637/1637/1637 1638/1638/1638 1666/1666/1666
f 1638/1638/1638 1667/1667/1667 1666/1666/1666
f 1638/1638/1638 1639/1639/1639 1667/1667/1667
f 1639/1639/1639 1668/1668/1668 1667/1667/1667
f 1639/1639/1639 1640/1640/1640 1668/1668/1668
f 1640/1640/1640 1669/1669/1669 1668/1668/1668
f 1640/1640/1640 1641/1641/1641 1669/1669/1669
f 1641/1641/1641 1670/1670/1670 1669/1669/1669
f 1641/1641/1641 1642/1642/1642 1670/1670/1670
f 1642/1642/1642 1671/1671/1671 1670/1670/1670
f 1642/1642/1642 1643/1643/1643 1671/1671/1671
f 1643/1643/1643 1672/1672/1672 1671/1671/1671
f 1643/1643/1643 1644/1644/1644 1672/1672/1672
f 1644/1644/1644 1673/1673/1673 1672/1672/1672
f 1644/1644/1644 1645/1645/1645 1673/1673/1673
f 1645/1645/1645 1674/1674/1674 1673/1673/1673
f 1645/1645/1645 1646/1646/1646 1674/1674/1674
f 1646/1646/1646 1675/1675/1675 1674/1674/1674
f 1646/1646/1646 1647/1647/1647 1675/1675/1675
f 1647/1647/1647 1676/1676/1676 1675/1675/1675
f 1647/1647/1647 1648/1648/1648 1676/1676/1676
f 1648/1648/1648 1677/1677/1677 1676/1676/1676
f 1648/1648/1648 1649/1649/1649 1677/1677/1677
f 1649/1649/1649 1678/1678/1678 1677/1677/1677
f 1649/1649/1649 1650/1650/1650 1678/1678/1678
f 1650/1650/1650 1679/1679/1679 1678/1678/1678
f 1650/1650/1650 1651/1651/1651 1679/1679/1679
f 1651/1651/1651 1680/1680/1680 1679/1679/1679
f 1651/1651/1651 1652/1652/1652 1680/1680/1680
f 1652/1652/1652 1681/1681/1681 1680/1680/1680
f 1652/1652/1652 1653/1653/1653 1681/1681/1681
f 1653/1653/1653 1682/1682/1682 1681/1681/1681
f 1654/1654/1654 1655/1655/1655 1683/1683/1683
f 1655/1655/1655 1684/1684/1684 1683/1683/1683
f 1655/1655/1655 1656/1656/1656 1684/1684/1684
f 1656/1656/1656 1685/1685/1685 1684/1684/1684
f 1656/1656/1656 1657/1657/1657 1685/1685/1685
f 1657/1657/1657 1686/1686/1686 1685/1685/1685
f 1657/1657/1657 1658/1658/1658 1686/1686/1686
f 1658/1658/1658 1687/1687/1687 1686/1686/1686
f 1658/1658/1658 1659/1659/1659 1687/1687/1687
f 1659/1659/1659 1688/1688/1688 1687/1687/1687
f 1659/1659/1659 1660/1660/1660 1688/1688/1688
f 1660/1660/1660 1689/1689/1689 1688/1688/1688
f 1660/1660/1660 1661/1661/1661 1689/1689/1689
f 1661/1661/1661 1690/1690/1690 1689/1689/1689
f 1661/1661/1661 1662/1662/1662 1690/1690/1690
f 1662/1662/1662 1691/1691/1691 1690/1690/1690
f 1662/1662/1662 1663/1663/1663 1691/1691/1691
f 1663/1663/1663 1692/1692/1692 1691/1691/1691
f 1663/1663/1663 1664/1664/1664 1692/1692/1692
f 1664/1664/1664 1693/1693/1693 1692/1692/1692
f 1664/1664/1664 1665/1665/1665 1693/1693/1693
f 1665/1665/1665 1694/1694/1694 1693/1693/1693
f 1665/1665/1665 1666/1666/1666 1694/1694/1694
f 1666/1666/1666 1695/1695/1695 1694/1694/1694
f 1666/1666/1666 1667/1667/1667 1695/1695/1695
f 1667/1667/1667 1696/1696/1696 1695/1695/1695
f 1667/1667/1667 1668/1668/1668 1696/1696/1696
f 1668/1668/1668 1697/1697/1697 1696/1696/1696
f 1668/1668/1668 1669/1669/1669 1697/1697/1697
f 1669/1669/1669 1698/1698/1698 1697/1697/1697
f 1669/1669/1669 1670/1670/1670 1698/1698/1698
f 1670/1670/1670 1699/1699/1699 1698/1698/1698
f 1670/1670/1670 1671/1671/1671 1699/1699/1699
f 1671/1671/1671 1700/1700/1700 1699/1699/1699
f 1671/1671/1671 1672/1672/1672 1700/1700/1700
f 1672/1672/1672 1701/1701/1701 1700/1700/1700
f 1672/1672/1672 1673/1673/1673 1701/1701/1701
f 1673/1673/1673 1702/1702/1702 1701/1701/1701
f 1673/1673/1673 1674/1674/1674 1702/1702/1702
f 1674/1674/1674 1703/1703/1703 1702/1702/1702
f 1674/1674/1674 1675/1675/1675 1703/1703/1703
f 1675/1675/1675 1704/1704/1704 1703/1703/1703
f 1675/1675/1675 1676/1676/1676 1704/1704/1704
f 1676/1676/1676 1705/1705/1705 1704/1704/1704
f 1676/1676/1676 1677/1677/1677 1705/1705/1705
f 1677/1677/1677 1706/1706/1706 1705/1705/1705
f 1677/1677/1677 1678/1678/1678 1706/1706/1706
f 1678/1678/1678 1707/1707/1707 1706/1706/1706
f 1678/1678/1678 1679/1679/1679 1707/1707/1707
f 1679/1679/1679 1708/1708/1708 1707/1707/1707
f 1679/1679/1679 1680/1680/1680 1708/1708/1708
f 1680/1680/1680 1709/1709/1709 1708/1708/1708
f 1680/1680/1680 1681/1681/1681 1709/1709/1709
f 1681/1681/1681 1710/1710/1710 1709/1709/1709
f 1681/1681/1681 1682/1682/1682 1710/1710/1710
f 1682/1682/1682 1711/1711/1711 1710/1710/1710
f 1683/1683/1683 1684/1684/1684 1712/1712/1712
f 1684/1684/1684 1713/1713/1713 1712/1712/1712
f 1684/1684/1684 1685/1685/1685 1713/1713/1713
f 1685/1685/1685 1714/1714/1714 1713/1713/1713
f 1685/1685/1685 1686/1686/1686 1714/1714/1714
f 1686/1686/1686 1715/1715/1715 1714/1714/1714
f 1686/1686/1686 1687/1687/1687 1715/1715/1715
f 1687/1687/1687 1716/1716/1716 1715/1715/1715
f 1687/1687/1687 1688/1688/1688 1716/1716/1716
f 1688/1688/1688 1717/1717/1717 1716/1716/1716
f 1688/1688/1688 1689/1689/1689 1717/1717/1717
f 1689/1689/1689 1718/1718/1718 1717/1717/1717
f 1689/1689/1689 1690/1690/1690 1718/1718/1718
f 1690/1690/1690 1719/1719/1719 1718/1718/1718
f 1690/1690/1690 1691/1691/1691 1719/1719/1719
f 1691/1691/1691 1720/1720/1720 1719/1719/1719
f 1691/1691/1691 1692/1692/1692 1720/1720/1720
f 1692/1692/1692 1721/1721/1721 1720/1720/1720
f 1692/1692/1692 1693/1693/1693 1721/1721/1721
f 1693/1693/1693 1722/1722/1722 1721/1721/1721
f 1693/1693/1693 1694/1694/1694 1722/1722/1722
f 1694/1694/1694 1723/1723/1723 1722/1722/1722
f 1694/1694/1694 1695/1695/1695 1723/1723/1723
f 1695/1695/1695 1724/1724/1724 1723/1723/1723
f 1695/1695/1695 1696/1696/1696 1724/1724/1724
f 1696/1696/1696 1725/1725/1725 1724/1724/1724
f 1696/1696/1696 1697/1697/1697 1725/1725/1725
f 1697/1697/1697 1726/1726/1726 1725/1725/1725
f 1697/1697/1697 1698/1698/1698 1726/1726/1726
f 1698/1698/1698 1727/1727/1727 1726/1726/1726
f 1698/1698/1698 1699/1699/1699 1727/1727/1727
f 1699/1699/1699 1728/1728/1728 1727/1727/1727
f 1699/1699/1699 1700/1700/1700 1728/1728/1728
f 1700/1700/1700 1729/1729/1729 1728/1728/1728
f 1700/1700/1700 1701/1701/1701 1729/1729/1729
f 1701/1701/1701 1730/1730/1730 1729/1729/1729
f 1701/1701/1701 1702/1702/1702 1730/1730/1730
f 1702/1702/1702 1731/1731/1731 1730/1730/1730
f 1702/1702/1702 1703/1703/1703 1731/1731/1731
f 1703/1703/1703 1732/1732/1732 1731/1731/1731
f 1703/1703/1703 1704/1704/1704 1732/1732/1732
f 1704/1704/1704 1733/1733/1733 1732/1732/1732
f 1704/1704/1704 1705/1705/1705 1733/1733/1733
f 1705/1705/1705 1734/1734/1734 1733/1733/1733
f 1705/1705/1705 1706/1706/1706 1734/1734/1734
f 1706/1706/1706 1735/1735/1735 1734/1734/1734
f 1706/1706/1706 1707/1707/1707 1735/1735/1735
f 1707/1707/1707 1736/1736/1736 1735/1735/1735
f 1707/1707/1707 1708/1708/1708 1736/1736/1736
f 1708/1708/1708 1737/1737/1737 1736/1736/1736
f 1708/1708/1708 1709/1709/1709 1737/1737/1737
f 1709/1709/1709 1738/1738/1738 1737/1737/1737
f 1709/1709/1709 1710/1710/1710 1738/1738/1738
f 1710/1710/1710 1739/1739/1739 1738/1738/1738
f 1710/1710/1710 1711/1711/1711 1739/1739/1739
f 1711/1711/1711 1740/1740/1740 1739/1739/1739
f 1712/1712/1712 1713/1713/1713 1741/1741/1741
f 1713/1713/1713 1742/1742/1742 1741/1741/1741
f 1713/1713/1713 1714/1714/1714 1742/1742/1742
f 1714/1714/1714 1743/1743/1743 1742/1742/1742
f 1714/1714/1714 1715/1715/1715 1743/1743/1743
f 1715/1715/1715 1744/1744/1744 1743/1743/1743
f 1715/1715/1715 1716/1716/1716 1744/1744/1744
f 1716/1716/1716 1745/1745/1745 1744/1744/1744
f 1716/1716/1716 1717/1717/1717 1745/1745/1745
f 1717/1717/1717 1746/1746/1746 1745/1745/1745
f 1717/1717/1717 1718/1718/1718 1746/1746/1746
f 1718/1718/1718 1747/1747/1747 1746/1746/1746
f 1718/1718/1718 1719/1719/1719 1747/1747/1747
f 1719/1719/1719 1748/1748/1748 1747/1747/1747
f 1719/1719/1719 1720/1720/1720 1748/1748/1748
f 1720/1720/1720 1749/1749/1749 1748/1748/1748
f 1720/1720/1720 1721/1721/1721 1749/1749/1749
f 1721/1721/1721 1750/1750/1750 1749/1749/1749
f 1721/1721/1721 1722/1722/1722 1750/1750/1750
f 1722/1722/1722 1751/1751/1751 1750/1750/1750
f 1722/1722/1722 1723/1723/1723 1751/1751/1751
f 1723/1723/1723 1752/1752/1752 1751/1751/1751
f 1723/1723/1723 1724/1724/1724 1752/1752/1752
f 1724/1724/1724 1753/1753/1753 1752/1752/1752
f 1724/1724/1724 1725/1725/1725 1753/1753/1753
f 1725/1725/1725 1754/1754/1754 1753/1753/1753
f 1725/1725/1725 1726/1726/1726 1754/1754/1754
f 1726/1726/1726 1755/1755/1755 1754/1754/1754
f 1726/1726/1726 1727/1727/1727 1755/1755/1755
f 1727/1727/1727 1756/1756/1756 1755/1755/1755
f 1727/1727/1727 1728/1728/1728 1756/1756/1756
f 1728/1728/1728 1757/1757/1757 1756/1756/1756
f 1728/1728/1728 1729/1729/1729 1757/1757/1757
f 1729/1729/1729 1758/1758/1758 1757/1757/1757
f 1729/1729/1729 1730/1730/1730 1758/1758/1758
f 1730/1730/1730 1759/1759/1759 1758/1758/1758
f 1730/1730/1730 1731/1731/1731 1759/1759/1759
f 1731/1731/1731 1760/1760/1760 1759/1759/1759
f 1731/1731/1731 1732/1732/1732 1760/1760/1760
f 1732/1732/1732 1761/1761/1761 1760/1760/1760
f 1732/1732/1732 1733/1733/1733 1761/1761/1761
f 1733/1733/1733 1762/1762/1762 1761/1761/1761
f 1733/1733/1733 1734/1734/1734 1762/1762/1762
f 1734/1734/1734 1763/1763/1763 1762/1762/1762
f 1734/1734/1734 1735/1735/1735 1763/1763/1763
f 1735/1735/1735 1764/1764/1764 1763/1763/1763
f 1735/1735/1735 1736/1736/1736 1764/1764/1764
f 1736/1736/1736 1765/1765/1765 1764/1764/1764
f 1736/1736/1736 1737/1737/1737 1765/1765/1765
f 1737/1737/1737 1766/1766/1766 1765/1765/1765
f 1737/1737/1737 1738/1738/1738 1766/1766/1766
f 1738/1738/1738 1767/1767/1767 1766/1766/1766
f 1738/1738/1738 1739/1739/1739 1767/1767/1767
f 1739/1739/1739 1768/1768/1768 1767/1767/1767
f 1739/1739/1739 1740/1740/1740 1768/1768/1768
f 1740/1740/1740 1769/1769/1769 1768/1768/1768
f 1741/1741/1741 1742/1742/1742 1770/1770/1770
f 1742/1742/1742 1771/1771/1771 1770/1770/1770
f 1742/1742/1742 1743/1743/1743 1771/1771/1771
f 1743/1743/1743 1772/1772/1772 1771/1771/1771
f 1743/1743/1743 1744/1744/1744 1772/1772/1772
f 1744/1744/1744 1773/1773/1773 1772/1772/1772
f 1744/1744/1744 1745/1745/1745 1773/1773/1773
f 1745/1745/1745 1774/1774/1774 1773/1773/1773
f 1745/1745/1745 1746/1746/1746 1774/1774/1774
f 1746/1746/1746 1775/1775/1775 1774/1774/1774
f 1746/1746/1746 1747/1747/1747 1775/1775/1775
f 1747/1747/1747 1776/1776/1776 1775/1775/1775
f 1747/1747/1747 1748/1748/1748 1776/1776/1776
f 1748/1748/1748 1777/1777/1777 1776/1776/1776
f 1748/1748/1748 1749/1749/1749 1777/1777/1777
f 1749/1749/1749 1778/1778/1778 1777/1777/1777
f 1749/1749/1749 1750/1750/1750 1778/1778/1778
f 1750/1750/1750 1779/1779/1779 1778/1778/1778
f 1750/1750/1750 1751/1751/1751 1779/1779/1779
f 1751/1751/1751 1780/1780/1780 1779/1779/1779
f 1751/1751/1751 1752/1752/1752 1780/1780/1780
f 1752/1752/1752 1781/1781/1781 1780/1780/1780
f 1752/1752/1752 1753/1753/1753 1781/1781/1781
f 1753/1753/1753 1782/1782/1782 1781/1781/1781
f 1753/1753/1753 1754/1754/1754 1782/1782/1782
f 1754/1754/1754 1783/1783/1783 1782/1782/1782
f 1754/1754/1754 1755/1755/1755 1783/1783/1783
f 1755/1755/1755 1784/1784/1784 1783/1783/1783
f 1755/1755/1755 1756/1756/1756 1784/1784/1784
f 1756/1756/1756 1785/1785/1785 1784/1784/1784
f 1756/1756/1756 1757/1757/1757 1785/1785/1785
f 1757/1757/1757 1786/1786/1786 1785/1785/1785
f 1757/1757/1757 1758/1758/1758 1786/1786/1786
f 1758/1758/1758 1787/1787/1787 1786/1786/1786
f 1758/1758/1758 1759/1759/1759 1787/1787/1787
f 1759/1759/1759 1788/1788/1788 1787/1787/1787
f 1759/1759/1759 1760/1760/1760 1788/1788/1788
f 1760/1760/1760 1789/1789/1789 1788/1788/1788
f 1760/1760/1760 1761/1761/1761 1789/1789/1789
f 1761/1761/1761 1790/1790/1790 1789/1789/1789
f 1761/1761/1761 1762/1762/1762 1790/1790/1790
f 1762/1762/1762 1791/1791/1791 1790/1790/1790
f 1762/1762/1762 1763/1763/1763 1791/1791/1791
f 1763/1763/1763 1792/1792/1792 1791/1791/1791
f 1763/1763/1763 1764/1764/1764 1792/1792/1792
f 1764/1764/1764 1793/1793/1793 1792/1792/1792
f 1764/1764/1764 1765/1765/1765 1793/1793/1793
f 1765/1765/1765 1794/1794/1794 1793/1793/1793
f 1765/1765/1765 1766/1766/1766 1794/1794/1794
f 1766/1766/1766 1795/1795/1795 1794/1794/1794
f 1766/1766/1766 1767/1767/1767 1795/1795/1795
f 1767/1767/1767 1796/1796/1796 1795/1795/1795
f 1767/1767/1767 1768/1768/1768 1796/1796/1796
f 1768/1768/1768 1797/1797/1797 1796/1796/1796
f 1768/1768/1768 1769/1769/1769 1797/1797/1797
f 1769/1769/1769 1798/1798/1798 1797/1797/1797
f 1770/1770/1770 1771/1771/1771 1799/1799/1799
f 1771/1771/1771 1800/1800/1800 1799/1799/1799
f 1771/1771/1771 1772/1772/1772 1800/1800/1800
f 1772/1772/1772 1801/1801/1801 1800/1800/1800
f 1772/1772/1772 1773/1773/1773 1801/1801/1801
f 1773/1773/1773 1802/1802/1802 1801/1801/1801
f 1773/1773/1773 1774/1774/1774 1802/1802/1802
f 1774/1774/1774 1803/1803/1803 1802/1802/1802
f 1774/1774/1774 1775/1775/1775 1803/1803/1803
f 1775/1775/1775 1804/1804/1804 1803/1803/1803
f 1775/1775/1775 1776/1776/1776 1804/1804/1804
f 1776/1776/1776 1805/1805/1805 1804/1804/1804
f 1776/1776/1776 1777/1777/1777 1805/1805/1805
f 1777/1777/1777 1806/1806/1806 1805/1805/1805
f 1777/1777/1777 1778/1778/1778 1806/1806/1806
f 1778/1778/1778 1807/1807/1807 1806/1806/1806
f 1778/1778/1778 1779/1779/1779 1807/1807/1807
f 1779/1779/1779 1808/1808/1808 1807/1807/1807
f 1779/1779/1779 1780/1780/1780 1808/1808/1808
f 1780/1780/1780 1809/1809/1809 1808/1808/1808
f 1780/1780/1780 1781/1781/1781 1809/1809/1809
f 1781/1781/1781 1810/1810/1810 1809/1809/1809
f 1781/1781/1781 1782/1782/1782 1810/1810/1810
f 1782/1782/1782 1811/1811/1811 1810/1810/1810
f 1782/1782/1782 1783/1783/1783 1811/1811/1811
f 1783/1783/1783 1812/1812/1812 1811/1811/1811
f 1783/1783/1783 1784/1784/1784 1812/1812/1812
f 1784/1784/1784 1813/1813/1813 1812/1812/1812
f 1784/1784/1784 1785/1785/1785 1813/1813/1813
f 1785/1785/1785 1814/1814/1814 1813/1813/1813
f 1785/1785/1785 1786/1786/1786 1814/1814/1814
f 1786/1786/1786 1815/1815/1815 1814/1814/1814
f 1786/1786/1786 1787/1787/1787 1815/1815/1815
f 1787/1787/1787 1816/1816/1816 1815/1815/1815
f 1787/1787/1787 1788/1788/1788 1816/1816/1816
f 1788/1788/1788 1817/1817/1817 1816/1816/1816
f 1788/1788/1788 1789/1789/1789 1817/1817/1817
f 1789/1789/1789 1818/1818/1818 1817/1817/1817
f 1789/1789/1789 1790/1790/1790 1818/1818/1818
f 1790/1790/1790 1819/1819/1819 1818/1818/1818
f 1790/1790/1790 1791/1791/1791 1819/1819/1819
f 1791/1791/1791 1820/1820/1820 1819/1819/1819
f 1791/1791/1791 1792/1792/1792 1820/1820/1820
f 1792/1792/1792 1821/1821/1821 1820/1820/1820
f 1792/1792/1792 1793/1793/1793 1821/1821/1821
f 1793/1793/1793 1822/1822/1822 1821/1821/1821
f 1793/1793/1793 1794/1794/1794 1822/1822/1822
f 1794/1794/1794 1823/1823/1823 1822/1822/1822
f 1794/1794/1794 1795/1795/1795 1823/1823/1823
f 1795/1795/1795 1824/1824/1824 1823/1823/1823
f 1795/1795/1795 1796/1796/1796 1824/1824/1824
f 1796/1796/1796 1825/1825/1825 1824/1824/1824
f 1796/1796/1796 1797/1797/1797 1825/1825/1825
f 1797/1797/1797 1826/1826/1826 1825/1825/1825
f 1797/1797/1797 1798/1798/1798 1826/1826/1826
f 1798/1798/1798 1827/1827/1827 1826/1826/1826
o beveled-plate_part_3
usemtl part_3
v -7.893517 -0.09784627 -0.4402032
v -7.898577 0.95 -0.449351
v -7.898577 2.15 -0.449351
v -7.898577 3.35 -0.449351
v -7.893517 4.397846 -0.4402032
v -7.898577 -0.1445584 -0.235
v -7.91 0.95 -0.235
v -7.91 2.15 -0.235
v -7.91 3.35 -0.235
v -7.898577 4.444559 -0.235
v -7.898577 -0.1445584 0
v -7.91 0.95 0
v -7.91 2.15 0
v -7.91 3.35 0
v -7.898577 4.444559 0
v -7.898577 -0.1445584 0.235
v -7.91 0.95 0.235
v -7.91 2.15 0.235
v -7.91 3.35 0.235
v -7.898577 4.444559 0.235
v -7.893517 -0.09784627 0.4402032
v -7.898577 0.95 0.449351
v -7.898577 2.15 0.449351
v -7.898577 3.35 0.449351
v -7.893517 4.397846 0.4402032
v -7.406484 -0.09784627 -0.4402032
v -7.401423 0.95 -0.449351
v -7.401423 2.15 -0.449351
v -7.401423 3.35 -0.449351
v -7.406484 4.397846 -0.4402032
v -7.401423 -0.1445584 -0.235
v -7.39 0.95 -0.235
v -7.39 2.15 -0.235
v -7.39 3.35 -0.235
v -7.401423 4.444559 -0.235
v -7.401423 -0.1445584 0
v -7.39 0.95 0
v -7.39 2.15 0
v -7.39 3.35 0
v -7.401423 4.444559 0
v -7.401423 -0.1445584 0.235
v -7.39 0.95 0.235
v -7.39 2.15 0.235
v -7.39 3.35 0.235
v -7.401423 4.444559 0.235
v -7.406484 -0.09784627 0.4402032
v -7.401423 0.95 0.449351
v -7.401423 2.15 0.449351
v -7.401423 3.35 0.449351
v -7.406484 4.397846 0.4402032
v -7.893517 -0.09784627 -0.4402032
v -7.898577 -0.1445584 -0.235
v -7.898577 -0.1445584 0
v -7.898577 -0.1445584 0.235
v -7.893517 -0.09784627 0.4402032
v -7.78 -0.1445584 -0.449351
v -7.78 -0.25 -0.235
v -7.78 -0.25 0
v -7.78 -0.25 0.235
v -7.78 -0.1445584 0.449351
v -7.65 -0.1445584 -0.449351
v -7.65 -0.25 -0.235
v -7.65 -0.25 0
v -7.65 -0.25 0.235
v -7.65 -0.1445584 0.449351
v -7.52 -0.1445584 -0.449351
v -7.52 -0.25 -0.235
v -7.52 -0.25 0
v -7.52 -0.25 0.235
v -7.52 -0.1445584 0.449351
v -7.406484 -0.09784627 -0.4402032
v -7.401423 -0.1445584 -0.235
v -7.401423 -0.1445584 0
v -7.401423 -0.1445584 0.235
v -7.406484 -0.09784627 0.4402032
v -7.893517 4.397846 -0.4402032
v -7.898577 4.444559 -0.235
v -7.898577 4.444559 0
v -7.898577 4.444559 0.235
v -7.893517 4.397846 0.4402032
v -7.78 4.444559 -0.449351
v -7.78 4.55 -0.235
v -7.78 4.55 0
v -7.78 4.55 0.235
v -7.78 4.444559 0.449351
v -7.65 4.444559 -0.449351
v -7.65 4.55 -0.235
v -7.65 4.55 0
v -7.65 4.55 0.235
v -7.65 4.444559 0.449351
v -7.52 4.444559 -0.449351
v -7.52 4.55 -0.235
v -7.52 4.55 0
v -7.52 4.55 0.235
v -7.52 4.444559 0.449351
v -7.406484 4.397846 -0.4402032
v -7.401423 4.444559 -0.235
v -7.401423 4.444559 0
v -7.401423 4.444559 0.235
v -7.406484 4.397846 0.4402032
v -7.893517 -0.09784627 -0.4402032
v -7.78 -0.1445584 -0.449351
v -7.65 -0.1445584 -0.449351
v -7.52 -0.1445584 -0.449351
v -7.406484 -0.09784627 -0.4402032
v -7.898577 0.95 -0.449351
v -7.78 0.95 -0.47
v -7.65 0.95 -0.47
v -7.52 0.95 -0.47
v -7.401423 0.95 -0.449351
v -7.898577 2.15 -0.449351
v -7.78 2.15 -0.47
v -7.65 2.15 -0.47
v -7.52 2.15 -0.47
v -7.401423 2.15 -0.449351
v -7.898577 3.35 -0.449351
v -7.78 3.35 -0.47
v -7.65 3.35 -0.47
v -7.52 3.35 -0.47
v -7.401423 3.35 -0.449351
v -7.893517 4.397846 -0.4402032
v -7.78 4.444559 -0.449351
v -7.65 4.444559 -0.449351
v -7.52 4.444559 -0.449351
v -7.406484 4.397846 -0.4402032
v -7.893517 -0.09784627 0.4402032
v -7.78 -0.1445584 0.449351
v -7.65 -0.1445584 0.449351
v -7.52 -0.1445584 0.449351
v -7.406484 -0.09784627 0.4402032
v -7.898577 0.95 0.449351
v -7.78 0.95 0.47
v -7.65 0.95 0.47
v -7.52 0.95 0.47
v -7.401423 0.95 0.449351
v -7.898577 2.15 0.449351
v -7.78 2.15 0.47
v -7.65 2.15 0.47
v -7.52 2.15 0.47
v -7.401423 2.15 0.449351
v -7.898577 3.35 0.449351
v -7.78 3.35 0.47
v -7.65 3.35 0.47
v -7.52 3.35 0.47
v -7.401423 3.35 0.449351
v -7.893517 4.397846 0.4402032
v -7.78 4.444559 0.449351
v -7.65 4.444559 0.449351
v -7.52 4.444559 0.449351
v -7.406484 4.397846 0.4402032
vt 0 0
vt 0.25 0
vt 0.5 0
vt 0.75 0
vt 1 0
vt 0 0.25
vt 0.25 0.25
vt 0.5 0.25
vt 0.75 0.25
vt 1 0.25
vt 0 0.5
vt 0.25 0.5
vt 0.5 0.5
vt 0.75 0.5
vt 1 0.5
vt 0 0.75
vt 0.25 0.75
vt 0.5 0.75
vt 0.75 0.75
vt 1 0.75
vt 0 1
vt 0.25 1
vt 0.5 1
vt 0.75 1
vt 1 1
vt 0 0
vt 0.25 0
vt 0.5 0
vt 0.75 0
vt 1 0
vt 0 0.25
vt 0.25 0.25
vt 0.5 0.25
vt 0.75 0.25
vt 1 0.25
vt 0 0.5
vt 0.25 0.5
vt 0.5 0.5
vt 0.75 0.5
vt 1 0.5
vt 0 0.75
vt 0.25 0.75
vt 0.5 0.75
vt 0.75 0.75
vt 1 0.75
vt 0 1
vt 0.25 1
vt 0.5 1
vt 0.75 1
vt 1 1
vt 0 0
vt 0.25 0
vt 0.5 0
vt 0.75 0
vt 1 0
vt 0 0.25
vt 0.25 0.25
vt 0.5 0.25
vt 0.75 0.25
vt 1 0.25
vt 0 0.5
vt 0.25 0.5
vt 0.5 0.5
vt 0.75 0.5
vt 1 0.5
vt 0 0.75
vt 0.25 0.75
vt 0.5 0.75
vt 0.75 0.75
vt 1 0.75
vt 0 1
vt 0.25 1
vt 0.5 1
vt 0.75 1
vt 1 1
vt 0 0
vt 0.25 0
vt 0.5 0
vt 0.75 0
vt 1 0
vt 0 0.25
vt 0.25 0.25
vt 0.5 0.25
vt 0.75 0.25
vt 1 0.25
vt 0 0.5
vt 0.25 0.5
vt 0.5 0.5
vt 0.75 0.5
vt 1 0.5
vt 0 0.75
vt 0.25 0.75
vt 0.5 0.75
vt 0.75 0.75
vt 1 0.75
vt 0 1
vt 0.25 1
vt 0.5 1
vt 0.75 1
vt 1 1
vt 0 0
vt 0.25 0
vt 0.5 0
vt 0.75 0
vt 1 0
vt 0 0.25
vt 0.25 0.25
vt 0.5 0.25
vt 0.75 0.25
vt 1 0.25
vt 0 0.5
vt 0.25 0.5
vt 0.5 0.5
vt 0.75 0.5
vt 1 0.5
vt 0 0.75
vt 0.25 0.75
vt 0.5 0.75
vt 0.75 0.75
vt 1 0.75
vt 0 1
vt 0.25 1
vt 0.5 1
vt 0.75 1
vt 1 1
vt 0 0
vt 0.25 0
vt 0.5 0
vt 0.75 0
vt 1 0
vt 0 0.25
vt 0.25 0.25
vt 0.5 0.25
vt 0.75 0.25
vt 1 0.25
vt 0 0.5
vt 0.25 0.5
vt 0.5 0.5
vt 0.75 0.5
vt 1 0.5
vt 0 0.75
vt 0.25 0.75
vt 0.5 0.75
vt 0.75 0.75
vt 1 0.75
vt 0 1
vt 0.25 1
vt 0.5 1
vt 0.75 1
vt 1 1
vn -0.8712372 -0.09433531 -0.4817123
vn -0.8750916 0 -0.4839573
vn -0.8750917 0 -0.4839573
vn -0.8750917 0 -0.4839573
vn -0.8711997 0.09436373 -0.4817744
vn -0.9941863 -0.1076733 0
vn -1 -0 -0
vn -1 -0 -0
vn -1 -0 -0
vn -0.9941831 0.1077032 0
vn -0.9941863 -0.1076733 0
vn -1 -0 -0
vn -1 -0 -0
vn -1 -0 -0
vn -0.9941831 0.1077032 0
vn -0.9941863 -0.1076733 0
vn -1 -0 -0
vn -1 -0 -0
vn -1 -0 -0
vn -0.9941831 0.1077032 0
vn -0.8711662 -0.09434386 0.4818388
vn -0.875034 0 0.4840614
vn -0.875034 0 0.4840614
vn -0.8750341 0 0.4840614
vn -0.8711287 0.09437228 0.481901
vn 0.8712372 -0.09433531 -0.4817123
vn 0.8750916 0 -0.4839573
vn 0.8750917 0 -0.4839573
vn 0.8750917 0 -0.4839573
vn 0.8711997 0.09436373 -0.4817744
vn 0.9941863 -0.1076733 0
vn 1 0 0
vn 1 0 0
vn 1 0 0
vn 0.9941831 0.1077032 0
vn 0.9941863 -0.1076733 0
vn 1 0 0
vn 1 0 0
vn 1 0 0
vn 0.9941831 0.1077032 0
vn 0.9941863 -0.1076733 0
vn 1 0 0
vn 1 0 0
vn 1 0 0
vn 0.9941831 0.1077032 0
vn 0.8711662 -0.09434386 0.4818388
vn 0.875034 0 0.4840614
vn 0.875034 0 0.4840614
vn 0.8750341 0 0.4840614
vn 0.8711287 0.09437228 0.481901
vn -0.8711247 -0.09442057 -0.4818988
vn -0.9941798 -0.1077331 0
vn -0.9941798 -0.1077331 0
vn -0.9941798 -0.1077331 0
vn -0.8710912 -0.0944007 0.4819632
vn 0 -0.1922348 -0.981349
vn -0 -1 -0
vn -0 -1 -0
vn -0 -1 -0
vn 0 -0.1921828 0.9813592
vn 0 -0.1922348 -0.9813489
vn -0 -1 -0
vn -0 -1 -0
vn -0 -1 -0
vn 0 -0.1921828 0.9813592
vn 0 -0.1922348 -0.9813489
vn -0 -1 -0
vn -0 -1 -0
vn -0 -1 -0
vn 0 -0.1921828 0.9813592
vn 0.8711623 -0.09439216 -0.4818366
vn 0.9941831 -0.1077032 0
vn 0.9941831 -0.1077032 0
vn 0.9941831 -0.1077032 0
vn 0.8711287 -0.09437228 0.481901
vn -0.8711247 0.09442057 -0.4818988
vn -0.9941798 0.1077331 0
vn -0.9941798 0.1077331 0
vn -0.9941798 0.1077331 0
vn -0.8710912 0.0944007 0.4819632
vn 0 0.1922348 -0.981349
vn 0 1 0
vn 0 1 0
vn 0 1 0
vn 0 0.1921828 0.9813592
vn 0 0.1922348 -0.9813489
vn 0 1 0
vn 0 1 0
vn 0 1 0
vn 0 0.1921828 0.9813592
vn 0 0.1922348 -0.9813489
vn 0 1 0
vn 0 1 0
vn 0 1 0
vn 0 0.1921828 0.9813592
vn 0.8711623 0.09439216 -0.4818366
vn 0.9941831 0.1077032 0
vn 0.9941831 0.1077032 0
vn 0.9941831 0.1077032 0
vn 0.8711287 0.09437228 0.481901
vn -0.8710243 -0.09436096 -0.482092
vn 0 -0.1921309 -0.9813693
vn 0 -0.1921308 -0.9813693
vn 0 -0.1921308 -0.9813693
vn 0.8710952 -0.09435241 -0.4819655
vn -0.8749764 0 -0.4841655
vn -0 -0 -1
vn -0 -0 -1
vn -0 -0 -1
vn 0.875034 0 -0.4840614
vn -0.8749764 0 -0.4841655
vn -0 -0 -1
vn -0 -0 -1
vn -0 -0 -1
vn 0.875034 0 -0.4840614
vn -0.8749764 0 -0.4841655
vn -0 -0 -1
vn -0 -0 -1
vn -0 -0 -1
vn 0.8750341 0 -0.4840614
vn -0.8710577 0.09438083 -0.4820276
vn 0 0.1921828 -0.9813592
vn 0 0.1921828 -0.9813592
vn 0 0.1921828 -0.9813592
vn 0.8711287 0.09437228 -0.481901
vn -0.8710243 -0.09436096 0.482092
vn 0 -0.1921309 0.9813693
vn 0 -0.1921308 0.9813693
vn 0 -0.1921308 0.9813693
vn 0.8710952 -0.09435241 0.4819655
vn -0.8749764 0 0.4841655
vn 0 0 1
vn 0 0 1
vn 0 0 1
vn 0.875034 0 0.4840614
vn -0.8749764 0 0.4841655
vn 0 0 1
vn 0 0 1
vn 0 0 1
vn 0.875034 0 0.4840614
vn -0.8749764 0 0.4841655
vn 0 0 1
vn 0 0 1
vn 0 0 1
vn 0.8750341 0 0.4840614
vn -0.8710577 0.09438083 0.4820276
vn 0 0.1921828 0.9813592
vn 0 0.1921828 0.9813592
vn 0 0.1921828 0.9813592
vn 0.8711287 0.09437228 0.481901
f 1828/1828/1828 1833/1833/1833 1829/1829/1829
f 1829/1829/1829 1833/1833/1833 1834/1834/1834
f 1829/1829/1829 1834/1834/1834 1830/1830/1830
f 1830/1830/1830 1834/1834/1834 1835/1835/1835
f 1830/1830/1830 1835/1835/1835 1831/1831/1831
f 1831/1831/1831 1835/1835/1835 1836/1836/1836
f 1831/1831/1831 1836/1836/1836 1832/1832/1832
f 1832/1832/1832 1836/1836/1836 1837/1837/1837
f 1833/1833/1833 1838/1838/1838 1834/1834/1834
f 1834/1834/1834 1838/1838/1838 1839/1839/1839
f 1834/1834/1834 1839/1839/1839 1835/1835/1835
f 1835/1835/1835 1839/1839/1839 1840/1840/1840
f 1835/1835/1835 1840/1840/1840 1836/1836/1836
f 1836/1836/1836 1840/1840/1840 1841/1841/1841
f 1836/1836/1836 1841/1841/1841 1837/1837/1837
f 1837/1837/1837 1841/1841/1841 1842/1842/1842
f 1838/1838/1838 1843/1843/1843 1839/1839/1839
f 1839/1839/1839 1843/1843/1843 1844/1844/1844
f 1839/1839/1839 1844/1844/1844 1840/1840/1840
f 1840/1840/1840 1844/1844/1844 1845/1845/1845
f 1840/1840/1840 1845/1845/1845 1841/1841/1841
f 1841/1841/1841 1845/1845/1845 1846/1846/1846
f 1841/1841/1841 1846/1846/1846 1842/1842/1842
f 1842/1842/1842 1846/1846/1846 1847/1847/1847
f 1843/1843/1843 1848/1848/1848 1844/1844/1844
f 1844/1844/1844 1848/1848/1848 1849/1849/1849
f 1844/1844/1844 1849/1849/1849 1845/1845/1845
f 1845/1845/1845 1849/1849/1849 1850/1850/1850
f 1845/1845/1845 1850/1850/1850 1846/1846/1846
f 1846/1846/1846 1850/1850/1850 1851/1851/1851
f 1846/1846/1846 1851/1851/1851 1847/1847/1847
f 1847/1847/1847 1851/1851/1851 1852/1852/1852
f 1853/1853/1853 1854/1854/1854 1858/1858/1858
f 1854/1854/1854 1859/1859/1859 1858/1858/1858
f 1854/1854/1854 1855/1855/1855 1859/1859/1859
f 1855/1855/1855 1860/1860/1860 1859/1859/1859
f 1855/1855/1855 1856/1856/1856 1860/1860/1860
f 1856/1856/1856 1861/1861/1861 1860/1860/1860
f 1856/1856/1856 1857/1857/1857 1861/1861/1861
f 1857/1857/1857 1862/1862/1862 1861/1861/1861
f 1858/1858/1858 1859/1859/1859 1863/1863/1863
f 1859/1859/1859 1864/1864/1864 1863/1863/1863
f 1859/1859/1859 1860/1860/1860 1864/1864/1864
f 1860/1860/1860 1865/1865/1865 1864/1864/1864
f 1860/1860/1860 1861/1861/1861 1865/1865/1865
f 1861/1861/1861 1866/1866/1866 1865/1865/1865
f 1861/1861/1861 1862/1862/1862 1866/1866/1866
f 1862/1862/1862 1867/1867/1867 1866/1866/1866
f 1863/1863/1863 1864/1864/1864 1868/1868/1868
f 1864/1864/1864 1869/1869/1869 1868/1868/1868
f 1864/1864/1864 1865/1865/1865 1869/1869/1869
f 1865/1865/1865 1870/1870/1870 1869/1869/1869
f 1865/1865/1865 1866/1866/1866 1870/1870/1870
f 1866/1866/1866 1871/1871/1871 1870/1870/1870
f 1866/1866/1866 1867/1867/1867 1871/1871/1871
f 1867/1867/1867 1872/1872/1872 1871/1871/1871
f 1868/1868/1868 1869/1869/1869 1873/1873/1873
f 1869/1869/1869 1874/1874/1874 1873/1873/1873
f 1869/1869/1869 1870/1870/1870 1874/1874/1874
f 1870/1870/1870 1875/1875/1875 1874/1874/1874
f 1870/1870/1870 1871/1871/1871 1875/1875/1875
f 1871/1871/1871 1876/1876/1876 1875/1875/1875
f 1871/1871/1871 1872/1872/1872 1876/1876/1876
f 1872/1872/1872 1877/1877/1877 1876/1876/1876
f 1878/1878/1878 1883/1883/1883 1879/1879/1879
f 1879/1879/1879 1883/1883/1883 1884/1884/1884
f 1879/1879/1879 1884/1884/1884 1880/1880/1880
f 1880/1880/1880 1884/1884/1884 1885/1885/1885
f 1880/1880/1880 1885/1885/1885 1881/1881/1881
f 1881/1881/1881 1885/1885/1885 1886/1886/1886
f 1881/1881/1881 1886/1886/1886 1882/1882/1882
f 1882/1882/1882 1886/1886/1886 1887/1887/1887
f 1883/1883/1883 1888/1888/1888 1884/1884/1884
f 1884/1884/1884 1888/1888/1888 1889/1889/1889
f 1884/1884/1884 1889/1889/1889 1885/1885/1885
f 1885/1885/1885 1889/1889/1889 1890/1890/1890
f 1885/1885/1885 1890/1890/1890 1886/1886/1886
f 1886/1886/1886 1890/1890/1890 1891/1891/1891
f 1886/1886/1886 1891/1891/1891 1887/1887/1887
f 1887/1887/1887 1891/1891/1891 1892/1892/1892
f 1888/1888/1888 1893/1893/1893 1889/1889/1889
f 1889/1889/1889 1893/1893/1893 1894/1894/1894
f 1889/1889/1889 1894/1894/1894 1890/1890/1890
f 1890/1890/1890 1894/1894/1894 1895/1895/1895
f 1890/1890/1890 1895/1895/1895 1891/1891/1891
f 1891/1891/1891 1895/1895/1895 1896/1896/1896
f 1891/1891/1891 1896/1896/1896 1892/1892/1892
f 1892/1892/1892 1896/1896/1896 1897/1897/1897
f 1893/1893/1893 1898/1898/1898 1894/1894/1894
f 1894/1894/1894 1898/1898/1898 1899/1899/1899
f 1894/1894/1894 1899/1899/1899 1895/1895/1895
f 1895/1895/1895 1899/1899/1899 1900/1900/1900
f 1895/1895/1895 1900/1900/1900 1896/1896/1896
f 1896/1896/1896 1900/1900/1900 1901/1901/1901
f 1896/1896/1896 1901/1901/1901 1897/1897/1897
f 1897/1897/1897 1901/1901/1901 1902/1902/1902
f 1903/1903/1903 1904/1904/1904 1908/1908/1908
f 1904/1904/1904 1909/1909/1909 1908/1908/1908
f 1904/1904/1904 1905/1905/1905 1909/1909/1909
f 1905/1905/1905 1910/1910/1910 1909/1909/1909
f 1905/1905/1905 1906/1906/1906 1910/1910/1910
f 1906/1906/1906 1911/1911/1911 1910/1910/1910
f 1906/1906/1906 1907/1907/1907 1911/1911/1911
f 1907/1907/1907 1912/1912/1912 1911/1911/1911
f 1908/1908/1908 1909/1909/1909 1913/1913/1913
f 1909/1909/1909 1914/1914/1914 1913/1913/1913
f 1909/1909/1909 1910/1910/1910 1914/1914/1914
f 1910/1910/1910 1915/1915/1915 1914/1914/1914
f 1910/1910/1910 1911/1911/1911 1915/1915/1915
f 1911/1911/1911 1916/1916/1916 1915/1915/1915
f 1911/1911/1911 1912/1912/1912 1916/1916/1916
f 1912/1912/1912 1917/1917/1917 1916/1916/1916
f 1913/1913/1913 1914/1914/1914 1918/1918/1918
f 1914/1914/1914 1919/1919/1919 1918/1918/1918
f 1914/1914/1914 1915/1915/1915 1919/1919/1919
f 1915/1915/1915 1920/1920/1920 1919/1919/1919
f 1915/1915/1915 1916/1916/1916 1920/1920/1920
f 1916/1916/1916 1921/1921/1921 1920/1920/1920
f 1916/1916/1916 1917/1917/1917 1921/1921/1921
f 1917/1917/1917 1922/1922/1922 1921/1921/1921
f 1918/1918/1918 1919/1919/1919 1923/1923/1923
f 1919/1919/1919 1924/1924/1924 1923/1923/1923
f 1919/1919/1919 1920/1920/1920 1924/1924/1924
f 1920/1920/1920 1925/1925/1925 1924/1924/1924
f 1920/1920/1920 1921/1921/1921 1925/1925/1925
f 1921/1921/1921 1926/1926/1926 1925/1925/1925
f 1921/1921/1921 1922/1922/1922 1926/1926/1926
f 1922/1922/1922 1927/1927/1927 1926/1926/1926
f 1928/1928/1928 1933/1933/1933 1929/1929/1929
f 1929/1929/1929 1933/1933/1933 1934/1934/1934
f 1929/1929/1929 1934/1934/1934 1930/1930/1930
f 1930/1930/1930 1934/1934/1934 1935/1935/1935
f 1930/1930/1930 1935/1935/1935 1931/1931/1931
f 1931/1931/1931 1935/1935/1935 1936/1936/1936
f 1931/1931/1931 1936/1936/1936 1932/1932/1932
f 1932/1932/1932 1936/1936/1936 1937/1937/1937
f 1933/1933/1933 1938/1938/1938 1934/1934/1934
f 1934/1934/1934 1938/1938/1938 1939/1939/1939
f 1934/1934/1934 1939/1939/1939 1935/1935/1935
f 1935/1935/1935 1939/1939/1939 1940/1940/1940
f 1935/1935/1935 1940/1940/1940 1936/1936/1936
f 1936/1936/1936 1940/1940/1940 1941/1941/1941
f 1936/1936/1936 1941/1941/1941 1937/1937/1937
f 1937/1937/1937 1941/1941/1941 1942/1942/1942
f 1938/1938/1938 1943/1943/1943 1939/1939/1939
f 1939/1939/1939 1943/1943/1943 1944/1944/1944
f 1939/1939/1939 1944/1944/1944 1940/1940/1940
f 1940/1940/1940 1944/1944/1944 1945/1945/1945
f 1940/1940/1940 1945/1945/1945 1941/1941/1941
f 1941/1941/1941 1945/1945/1945 1946/1946/1946
f 1941/1941/1941 1946/1946/1946 1942/1942/1942
f 1942/1942/1942 1946/1946/1946 1947/1947/1947
f 1943/1943/1943 1948/1948/1948 1944/1944/1944
f 1944/1944/1944 1948/1948/1948 1949/1949/1949
f 1944/1944/1944 1949/1949/1949 1945/1945/1945
f 1945/1945/1945 1949/1949/1949 1950/1950/1950
f 1945/1945/1945 1950/1950/1950 1946/1946/1946
f 1946/1946/1946 1950/1950/1950 1951/1951/1951
f 1946/1946/1946 1951/1951/1951 1947/1947/1947
f 1947/1947/1947 1951/1951/1951 1952/1952/1952
f 1953/1953/1953 1954/1954/1954 1958/1958/1958
f 1954/1954/1954 1959/1959/1959 1958/1958/1958
f 1954/1954/1954 1955/1955/1955 1959/1959/1959
f 1955/1955/1955 1960/1960/1960 1959/1959/1959
f 1955/1955/1955 1956/1956/1956 1960/1960/1960
f 1956/1956/1956 1961/1961/1961 1960/1960/1960
f 1956/1956/1956 1957/1957/1957 1961/1961/1961
f 1957/1957/1957 1962/1962/1962 1961/1961/1961
f 1958/1958/1958 1959/1959/1959 1963/1963/1963
f 1959/1959/1959 1964/1964/1964 1963/1963/1963
f 1959/1959/1959 1960/1960/1960 1964/1964/1964
f 1960/1960/1960 1965/1965/1965 1964/1964/1964
f 1960/1960/1960 1961/1961/1961 1965/1965/1965
f 1961/1961/1961 1966/1966/1966 1965/1965/1965
f 1961/1961/1961 1962/1962/1962 1966/1966/1966
f 1962/1962/1962 1967/1967/1967 1966/1966/1966
f 1963/1963/1963 1964/1964/1964 1968/1968/1968
f 1964/1964/1964 1969/1969/1969 1968/1968/1968
f 1964/1964/1964 1965/1965/1965 1969/1969/1969
f 1965/1965/1965 1970/1970/1970 1969/1969/1969
f 1965/1965/1965 1966/1966/1966 1970/1970/1970
f 1966/1966/1966 1971/1971/1971 1970/1970/1970
f 1966/1966/1966 1967/1967/1967 1971/1971/1971
f 1967/1967/1967 1972/1972/1972 1971/1971/1971
f 1968/1968/1968 1969/1969/1969 1973/1973/1973
f 1969/1969/1969 1974/1974/1974 1973/1973/1973
f 1969/1969/1969 1970/1970/1970 1974/1974/1974
f 1970/1970/1970 1975/1975/1975 1974/1974/1974
f 1970/1970/1970 1971/1971/1971 1975/1975/1975
f 1971/1971/1971 1976/1976/1976 1975/1975/1975
f 1971/1971/1971 1972/1972/1972 1976/1976/1976
f 1972/1972/1972 1977/1977/1977 1976/1976/1976
o beveled-plate_part_4
usemtl part_4
v -8.022753 0.5688756 -0.3697128
v -8.024056 0.63 -0.3759411
v -8.024056 0.7 -0.3759411
v -8.024056 0.77 -0.3759411
v -8.022753 0.8311244 -0.3697128
v -8.024056 0.5661507 -0.23
v -8.027 0.63 -0.23
v -8.027 0.7 -0.23
v -8.027 0.77 -0.23
v -8.024056 0.8338493 -0.23
v -8.024056 0.5661507 -0.07
v -8.027 0.63 -0.07
v -8.027 0.7 -0.07
v -8.027 0.77 -0.07
v -8.024056 0.8338493 -0.07
v -8.024056 0.5661507 0.09
v -8.027 0.63 0.09
v -8.027 0.7 0.09
v -8.027 0.77 0.09
v -8.024056 0.8338493 0.09
v -8.022753 0.5688756 0.2297128
v -8.024056 0.63 0.2359411
v -8.024056 0.7 0.2359411
v -8.024056 0.77 0.2359411
v -8.022753 0.8311244 0.2297128
v -7.897248 0.5688756 -0.3697128
v -7.895944 0.63 -0.3759411
v -7.895944 0.7 -0.3759411
v -7.895944 0.77 -0.3759411
v -7.897248 0.8311244 -0.3697128
v -7.895944 0.5661507 -0.23
v -7.893 0.63 -0.23
v -7.893 0.7 -0.23
v -7.893 0.77 -0.23
v -7.895944 0.8338493 -0.23
v -7.895944 0.5661507 -0.07
v -7.893 0.63 -0.07
v -7.893 0.7 -0.07
v -7.893 0.77 -0.07
v -7.895944 0.8338493 -0.07
v -7.895944 0.5661507 0.09
v -7.893 0.63 0.09
v -7.893 0.7 0.09
v -7.893 0.77 0.09
v -7.895944 0.8338493 0.09
v -7.897248 0.5688756 0.2297128
v -7.895944 0.63 0.2359411
v -7.895944 0.7 0.2359411
v -7.895944 0.77 0.2359411
v -7.897248 0.8311244 0.2297128
v -8.022753 0.5688756 -0.3697128
v -8.024056 0.5661507 -0.23
v -8.024056 0.5661507 -0.07
v -8.024056 0.5661507 0.09
v -8.022753 0.5688756 0.2297128
v -7.9935 0.5661507 -0.3759411
v -7.9935 0.56 -0.23
v -7.9935 0.56 -0.07
v -7.9935 0.56 0.09
v -7.9935 0.5661507 0.2359411
v -7.96 0.5661507 -0.3759411
v -7.96 0.56 -0.23
v -7.96 0.56 -0.07
v -7.96 0.56 0.09
v -7.96 0.5661507 0.2359411
v -7.9265 0.5661507 -0.3759411
v -7.9265 0.56 -0.23
v -7.9265 0.56 -0.07
v -7.9265 0.56 0.09
v -7.9265 0.5661507 0.2359411
v -7.897248 0.5688756 -0.3697128
v -7.895944 0.5661507 -0.23
v -7.895944 0.5661507 -0.07
v -7.895944 0.5661507 0.09
v -7.897248 0.5688756 0.2297128
v -8.022753 0.8311244 -0.3697128
v -8.024056 0.8338493 -0.23
v -8.024056 0.8338493 -0.07
v -8.024056 0.8338493 0.09
v -8.022753 0.8311244 0.2297128
v -7.9935 0.8338493 -0.3759411
v -7.9935 0.84 -0.23
v -7.9935 0.84 -0.07
v -7.9935 0.84 0.09
v -7.9935 0.8338493 0.2359411
v -7.96 0.8338493 -0.3759411
v -7.96 0.84 -0.23
v -7.96 0.84 -0.07
v -7.96 0.84 0.09
v -7.96 0.8338493 0.2359411
v -7.9265 0.8338493 -0.3759411
v -7.9265 0.84 -0.23
v -7.9265 0.84 -0.07
v -7.9265 0.84 0.09
v -7.9265 0.8338493 0.2359411
v -7.897248 0.8311244 -0.3697128
v -7.895944 0.8338493 -0.23
v -7.895944 0.8338493 -0.07
v -7.895944 0.8338493 0.09
v -7.897248 0.8311244 0.2297128
v -8.022753 0.5688756 -0.3697128
v -7.9935 0.5661507 -0.3759411
v -7.96 0.5661507 -0.3759411
v -7.9265 0.5661507 -0.3759411
v -7.897248 0.5688756 -0.3697128
v -8.024056 0.63 -0.3759411
v -7.9935 0.63 -0.39
v -7.96 0.63 -0.39
v -7.9265 0.63 -0.39
v -7.895944 0.63 -0.3759411
v -8.024056 0.7 -0.3759411
v -7.9935 0.7 -0.39
v -7.96 0.7 -0.39
v -7.9265 0.7 -0.39
v -7.895944 0.7 -0.3759411
v -8.024056 0.77 -0.3759411
v -7.9935 0.77 -0.39
v -7.96 0.77 -0.39
v -7.9265 0.77 -0.39
v -7.895944 0.77 -0.3759411
v -8.022753 0.8311244 -0.3697128
v -7.9935 0.8338493 -0.3759411
v -7.96 0.8338493 -0.3759411
v -7.9265 0.8338493 -0.3759411
v -7.897248 0.8311244 -0.3697128
v -8.022753 0.5688756 0.2297128
v -7.9935 0.5661507 0.2359411
v -7.96 0.5661507 0.2359411
v -7.9265 0.5661507 0.2359411
v -7.897248 0.5688756 0.2297128
v -8.024056 0.63 0.2359411
v -7.9935 0.63 0.25
v -7.96 0.63 0.25
v -7.9265 0.63 0.25
v -7.895944 0.63 0.2359411
v -8.024056 0.7 0.2359411
v -7.9935 0.7 0.25
v -7.96 0.7 0.25
v -7.9265 0.7 0.25
v -7.895944 0.7 0.2359411
v -8.024056 0.77 0.2359411
v -7.9935 0.77 0.25
v -7.96 0.77 0.25
v -7.9265 0.77 0.25
v -7.895944 0.77 0.2359411
v -8.022753 0.8311244 0.2297128
v -7.9935 0.8338493 0.2359411
v -7.96 0.8338493 0.2359411
v -7.9265 0.8338493 0.2359411
v -7.897248 0.8311244 0.2297128
vt 0 0
vt 0.25 0
vt 0.5 0
vt 0.75 0
vt 1 0
vt 0 0.25
vt 0.25 0.25
vt 0.5 0.25
vt 0.75 0.25
vt 1 0.25
vt 0 0.5
vt 0.25 0.5
vt 0.5 0.5
vt 0.75 0.5
vt 1 0.5
vt 0 0.75
vt 0.25 0.75
vt 0.5 0.75
vt 0.75 0.75
vt 1 0.75
vt 0 1
vt 0.25 1
vt 0.5 1
vt 0.75 1
vt 1 1
vt 0 0
vt 0.25 0
vt 0.5 0
vt 0.75 0
vt 1 0
vt 0 0.25
vt 0.25 0.25
vt 0.5 0.25
vt 0.75 0.25
vt 1 0.25
vt 0 0.5
vt 0.25 0.5
vt 0.5 0.5
vt 0.75 0.5
vt 1 0.5
vt 0 0.75
vt 0.25 0.75
vt 0.5 0.75
vt 0.75 0.75
vt 1 0.75
vt 0 1
vt 0.25 1
vt 0.5 1
vt 0.75 1
vt 1 1
vt 0 0
vt 0.25 0
vt 0.5 0
vt 0.75 0
vt 1 0
vt 0 0.25
vt 0.25 0.25
vt 0.5 0.25
vt 0.75 0.25
vt 1 0.25
vt 0 0.5
vt 0.25 0.5
vt 0.5 0.5
vt 0.75 0.5
vt 1 0.5
vt 0 0.75
vt 0.25 0.75
vt 0.5 0.75
vt 0.75 0.75
vt 1 0.75
vt 0 1
vt 0.25 1
vt 0.5 1
vt 0.75 1
vt 1 1
vt 0 0
vt 0.25 0
vt 0.5 0
vt 0.75 0
vt 1 0
vt 0 0.25
vt 0.25 0.25
vt 0.5 0.25
vt 0.75 0.25
vt 1 0.25
vt 0 0.5
vt 0.25 0.5
vt 0.5 0.5
vt 0.75 0.5
vt 1 0.5
vt 0 0.75
vt 0.25 0.75
vt 0.5 0.75
vt 0.75 0.75
vt 1 0.75
vt 0 1
vt 0.25 1
vt 0.5 1
vt 0.75 1
vt 1 1
vt 0 0
vt 0.25 0
vt 0.5 0
vt 0.75 0
vt 1 0
vt 0 0.25
vt 0.25 0.25
vt 0.5 0.25
vt 0.75 0.25
vt 1 0.25
vt 0 0.5
vt 0.25 0.5
vt 0.5 0.5
vt 0.75 0.5
vt 1 0.5
vt 0 0.75
vt 0.25 0.75
vt 0.5 0.75
vt 0.75 0.75
vt 1 0.75
vt 0 1
vt 0.25 1
vt 0.5 1
vt 0.75 1
vt 1 1
vt 0 0
vt 0.25 0
vt 0.5 0
vt 0.75 0
vt 1 0
vt 0 0.25
vt 0.25 0.25
vt 0.5 0.25
vt 0.75 0.25
vt 1 0.25
vt 0 0.5
vt 0.25 0.5
vt 0.5 0.5
vt 0.75 0.5
vt 1 0.5
vt 0 0.75
vt 0.25 0.75
vt 0.5 0.75
vt 0.75 0.75
vt 1 0.75
vt 0 1
vt 0.25 1
vt 0.5 1
vt 0.75 1
vt 1 1
vn -0.8864541 -0.4240127 -0.1855056
vn -0.978788 0 -0.2048762
vn -0.978788 0 -0.2048762
vn -0.978788 0 -0.2048762
vn -0.886394 0.4241298 -0.1855249
vn -0.9020724 -0.4315848 0
vn -1 -0 -0
vn -1 -0 -0
vn -1 -0 -0
vn -0.9020251 0.4316835 0
vn -0.9020724 -0.4315848 0
vn -1 -0 -0
vn -1 -0 -0
vn -1 -0 -0
vn -0.9020251 0.4316835 0
vn -0.9020724 -0.4315848 0
vn -1 -0 -0
vn -1 -0 -0
vn -1 -0 -0
vn -0.9020252 0.4316835 0
vn -0.8864162 -0.4240675 0.1855615
vn -0.9787763 0 0.2049313
vn -0.9787763 0 0.2049313
vn -0.9787763 0 0.2049313
vn -0.8863561 0.4241847 0.1855808
vn 0.8864541 -0.4240127 -0.1855056
vn 0.978788 0 -0.2048762
vn 0.978788 0 -0.2048762
vn 0.978788 0 -0.2048762
vn 0.886394 0.4241298 -0.1855249
vn 0.9020724 -0.4315848 0
vn 1 0 0
vn 1 0 0
vn 1 0 0
vn 0.9020251 0.4316835 0
vn 0.9020724 -0.4315848 0
vn 1 0 0
vn 1 0 0
vn 1 0 0
vn 0.9020251 0.4316835 0
vn 0.9020724 -0.4315848 0
vn 1 0 0
vn 1 0 0
vn 1 0 0
vn 0.9020252 0.4316835 0
vn 0.8864162 -0.4240675 0.1855615
vn 0.9787763 0 0.2049313
vn 0.9787763 0 0.2049313
vn 0.9787763 0 0.2049313
vn 0.8863561 0.4241847 0.1855808
vn -0.8862737 -0.4243643 -0.1855636
vn -0.9019779 -0.4317821 0
vn -0.9019779 -0.4317821 0
vn -0.9019779 -0.4317821 0
vn -0.8862959 -0.4243019 0.1856002
vn 0 -0.9161987 -0.4007244
vn -0 -1 -0
vn -0 -1 -0
vn -0 -1 -0
vn 0 -0.9161573 0.4008189
vn 0 -0.9161987 -0.4007244
vn -0 -1 -0
vn -0 -1 -0
vn -0 -1 -0
vn 0 -0.9161573 0.4008189
vn 0 -0.9161987 -0.4007244
vn -0 -1 -0
vn -0 -1 -0
vn -0 -1 -0
vn 0 -0.9161574 0.4008189
vn 0.8863339 -0.4242471 -0.1855442
vn 0.9020251 -0.4316835 0
vn 0.9020251 -0.4316835 0
vn 0.9020252 -0.4316835 0
vn 0.8863561 -0.4241847 0.1855808
vn -0.8862737 0.4243643 -0.1855636
vn -0.9019779 0.4317821 0
vn -0.9019779 0.4317821 0
vn -0.9019779 0.4317821 0
vn -0.8862959 0.4243019 0.1856002
vn 0 0.9161987 -0.4007244
vn 0 1 0
vn 0 1 0
vn 0 1 0
vn 0 0.9161573 0.4008189
vn 0 0.9161987 -0.4007244
vn 0 1 0
vn 0 1 0
vn 0 1 0
vn 0 0.9161573 0.4008189
vn 0 0.9161987 -0.4007244
vn 0 1 0
vn 0 1 0
vn 0 1 0
vn 0 0.9161574 0.4008189
vn 0.8863339 0.4242471 -0.1855442
vn 0.9020251 0.4316835 0
vn 0.9020251 0.4316835 0
vn 0.9020252 0.4316835 0
vn 0.8863561 0.4241847 0.1855808
vn -0.8863403 -0.4241772 -0.1856733
vn 0 -0.916116 -0.4009134
vn 0 -0.9161159 -0.4009134
vn 0 -0.9161159 -0.4009134
vn 0.8863783 -0.4241223 -0.1856174
vn -0.9787648 0 -0.2049865
vn -0 -0 -1
vn -0 -0 -1
vn -0 -0 -1
vn 0.9787763 0 -0.2049313
vn -0.9787648 0 -0.2049865
vn -0 -0 -1
vn -0 -0 -1
vn -0 -0 -1
vn 0.9787763 0 -0.2049313
vn -0.9787648 0 -0.2049865
vn -0 -0 -1
vn -0 -0 -1
vn -0 -0 -1
vn 0.9787763 0 -0.2049313
vn -0.8863181 0.4242395 -0.1856368
vn 0 0.9161573 -0.4008189
vn 0 0.9161573 -0.4008189
vn 0 0.9161574 -0.4008189
vn 0.8863561 0.4241847 -0.1855808
vn -0.8863403 -0.4241772 0.1856733
vn 0 -0.916116 0.4009134
vn 0 -0.9161159 0.4009134
vn 0 -0.9161159 0.4009134
vn 0.8863783 -0.4241223 0.1856174
vn -0.9787648 0 0.2049865
vn 0 0 1
vn 0 0 1
vn 0 0 1
vn 0.9787763 0 0.2049313
vn -0.9787648 0 0.2049865
vn 0 0 1
vn 0 0 1
vn 0 0 1
vn 0.9787763 0 0.2049313
vn -0.9787648 0 0.2049865
vn 0 0 1
vn 0 0 1
vn 0 0 1
vn 0.9787763 0 0.2049313
vn -0.8863181 0.4242395 0.1856368
vn 0 0.9161573 0.4008189
vn 0 0.9161573 0.4008189
vn 0 0.9161574 0.4008189
vn 0.8863561 0.4241847 0.1855808
f 1978/1978/1978 1983/1983/1983 1979/1979/1979
f 1979/1979/1979 1983/1983/1983 1984/1984/1984
f 1979/1979/1979 1984/1984/1984 1980/1980/1980
f 1980/1980/1980 1984/1984/1984 1985/1985/1985
f 1980/1980/1980 1985/1985/1985 1981/1981/1981
f 1981/1981/1981 1985/1985/1985 1986/1986/1986
f 1981/1981/1981 1986/1986/1986 1982/1982/1982
f 1982/1982/1982 1986/1986/1986 1987/1987/1987
f 1983/1983/1983 1988/1988/1988 1984/1984/1984
f 1984/1984/1984 1988/1988/1988 1989/1989/1989
f 1984/1984/1984 1989/1989/1989 1985/1985/1985
f 1985/1985/1985 1989/1989/1989 1990/1990/1990
f 1985/1985/1985 1990/1990/1990 1986/1986/1986
f 1986/1986/1986 1990/1990/1990 1991/1991/1991
f 1986/1986/1986 1991/1991/1991 1987/1987/1987
f 1987/1987/1987 1991/1991/1991 1992/1992/1992
f 1988/1988/1988 1993/1993/1993 1989/1989/1989
f 1989/1989/1989 1993/1993/1993 1994/1994/1994
f 1989/1989/1989 1994/1994/1994 1990/1990/1990
f 1990/1990/1990 1994/1994/1994 1995/1995/1995
f 1990/1990/1990 1995/1995/1995 1991/1991/1991
f 1991/1991/1991 1995/1995/1995 1996/1996/1996
f 1991/1991/1991 1996/1996/1996 1992/1992/1992
f 1992/1992/1992 1996/1996/1996 1997/1997/1997
f 1993/1993/1993 1998/1998/1998 1994/1994/1994
f 1994/1994/1994 1998/1998/1998 1999/1999/1999
f 1994/1994/1994 1999/1999/1999 1995/1995/1995
f 1995/1995/1995 1999/1999/1999 2000/2000/2000
f 1995/1995/1995 2000/2000/2000 1996/1996/1996
f 1996/1996/1996 2000/2000/2000 2001/2001/2001
f 1996/1996/1996 2001/2001/2001 1997/1997/1997
f 1997/1997/1997 2001/2001/2001 2002/2002/2002
f 2003/2003/2003 2004/2004/2004 2008/2008/2008
f 2004/2004/2004 2009/2009/2009 2008/2008/2008
f 2004/2004/2004 2005/2005/2005 2009/2009/2009
f 2005/2005/2005 2010/2010/2010 2009/2009/2009
f 2005/2005/2005 2006/2006/2006 2010/2010/2010
f 2006/2006/2006 2011/2011/2011 2010/2010/2010
f 2006/2006/2006 2007/2007/2007 2011/2011/2011
f 2007/2007/2007 2012/2012/2012 2011/2011/2011
f 2008/2008/2008 2009/2009/2009 2013/2013/2013
f 2009/2009/2009 2014/2014/2014 2013/2013/2013
f 2009/2009/2009 2010/2010/2010 2014/2014/2014
f 2010/2010/2010 2015/2015/2015 2014/2014/2014
f 2010/2010/2010 2011/2011/2011 2015/2015/2015
f 2011/2011/2011 2016/2016/2016 2015/2015/2015
f 2011/2011/2011 2012/2012/2012 2016/2016/2016
f 2012/2012/2012 2017/2017/2017 2016/2016/2016
f 2013/2013/2013 2014/2014/2014 2018/2018/2018
f 2014/2014/2014 2019/2019/2019 2018/2018/2018
f 2014/2014/2014 2015/2015/2015 2019/2019/2019
f 2015/2015/2015 2020/2020/2020 2019/2019/2019
f 2015/2015/2015 2016/2016/2016 2020/2020/2020
f 2016/2016/2016 2021/2021/2021 2020/2020/2020
f 2016/2016/2016 2017/2017/2017 2021/2021/2021
f 2017/2017/2017 2022/2022/2022 2021/2021/2021
f 2018/2018/2018 2019/2019/2019 2023/2023/2023
f 2019/2019/2019 2024/2024/2024 2023/2023/2023
f 2019/2019/2019 2020/2020/2020 2024/2024/2024
f 2020/2020/2020 2025/2025/2025 2024/2024/2024
f 2020/2020/2020 2021/2021/2021 2025/2025/2025
f 2021/2021/2021 2026/2026/2026 2025/2025/2025
f 2021/2021/2021 2022/2022/2022 2026/2026/2026
f 2022/2022/2022 2027/2027/2027 2026/2026/2026
f 2028/2028/2028 2033/2033/2033 2029/2029/2029
f 2029/2029/2029 2033/2033/2033 2034/2034/2034
f 2029/2029/2029 2034/2034/2034 2030/2030/2030
f 2030/2030/2030 2034/2034/2034 2035/2035/2035
f 2030/2030/2030 2035/2035/2035 2031/2031/2031
f 2031/2031/2031 2035/2035/2035 2036/2036/2036
f 2031/2031/2031 2036/2036/2036 2032/2032/2032
f 2032/2032/2032 2036/2036/2036 2037/2037/2037
f 2033/2033/2033 2038/2038/2038 2034/2034/2034
f 2034/2034/2034 2038/2038/2038 2039/2039/2039
f 2034/2034/2034 2039/2039/2039 2035/2035/2035
f 2035/2035/2035 2039/2039/2039 2040/2040/2040
f 2035/2035/2035 2040/2040/2040 2036/2036/2036
f 2036/2036/2036 2040/2040/2040 2041/2041/2041
f 2036/2036/2036 2041/2041/2041 2037/2037/2037
f 2037/2037/2037 2041/2041/2041 2042/2042/2042
f 2038/2038/2038 2043/2043/2043 2039/2039/2039
f 2039/2039/2039 2043/2043/2043 2044/2044/2044
f 2039/2039/2039 2044/2044/2044 2040/2040/2040
f 2040/2040/2040 2044/2044/2044 2045/2045/2045
f 2040/2040/2040 2045/2045/2045 2041/2041/2041
f 2041/2041/2041 2045/2045/2045 2046/2046/2046
f 2041/2041/2041 2046/2046/2046 2042/2042/2042
f 2042/2042/2042 2046/2046/2046 2047/2047/2047
f 2043/2043/2043 2048/2048/2048 2044/2044/2044
f 2044/2044/2044 2048/2048/2048 2049/2049/2049
f 2044/2044/2044 2049/2049/2049 2045/2045/2045
f 2045/2045/2045 2049/2049/2049 2050/2050/2050
f 2045/2045/2045 2050/2050/2050 2046/2046/2046
f 2046/2046/2046 2050/2050/2050 2051/2051/2051
f 2046/2046/2046 2051/2051/2051 2047/2047/2047
f 2047/2047/2047 2051/2051/2051 2052/2052/2052
f 2053/2053/2053 2054/2054/2054 2058/2058/2058
f 2054/2054/2054 2059/2059/2059 2058/2058/2058
f 2054/2054/2054 2055/2055/2055 2059/2059/2059
f 2055/2055/2055 2060/2060/2060 2059/2059/2059
f 2055/2055/2055 2056/2056/2056 2060/2060/2060
f 2056/2056/2056 2061/2061/2061 2060/2060/2060
f 2056/2056/2056 2057/2057/2057 2061/2061/2061
f 2057/2057/2057 2062/2062/2062 2061/2061/2061
f 2058/2058/2058 2059/2059/2059 2063/2063/2063
f 2059/2059/2059 2064/2064/2064 2063/2063/2063
f 2059/2059/2059 2060/2060/2060 2064/2064/2064
f 2060/2060/2060 2065/2065/2065 2064/2064/2064
f 2060/2060/2060 2061/2061/2061 2065/2065/2065
f 2061/2061/2061 2066/2066/2066 2065/2065/2065
f 2061/2061/2061 2062/2062/2062 2066/2066/2066
f 2062/2062/2062 2067/2067/2067 2066/2066/2066
f 2063/2063/2063 2064/2064/2064 2068/2068/2068
f 2064/2064/2064 2069/2069/2069 2068/2068/2068
f 2064/2064/2064 2065/2065/2065 2069/2069/2069
f 2065/2065/2065 2070/2070/2070 2069/2069/2069
f 2065/2065/2065 2066/2066/2066 2070/2070/2070
f 2066/2066/2066 2071/2071/2071 2070/2070/2070
f 2066/2066/2066 2067/2067/2067 2071/2071/2071
f 2067/2067/2067 2072/2072/2072 2071/2071/2071
f 2068/2068/2068 2069/2069/2069 2073/2073/2073
f 2069/2069/2069 2074/2074/2074 2073/2073/2073
f 2069/2069/2069 2070/2070/2070 2074/2074/2074
f 2070/2070/2070 2075/2075/2075 2074/2074/2074
f 2070/2070/2070 2071/2071/2071 2075/2075/2075
f 2071/2071/2071 2076/2076/2076 2075/2075/2075
f 2071/2071/2071 2072/2072/2072 2076/2076/2076
f 2072/2072/2072 2077/2077/2077 2076/2076/2076
f 2078/2078/2078 2083/2083/2083 2079/2079/2079
f 2079/2079/2079 2083/2083/2083 2084/2084/2084
f 2079/2079/2079 2084/2084/2084 2080/2080/2080
f 2080/2080/2080 2084/2084/2084 2085/2085/2085
f 2080/2080/2080 2085/2085/2085 2081/2081/2081
f 2081/2081/2081 2085/2085/2085 2086/2086/2086
f 2081/2081/2081 2086/2086/2086 2082/2082/2082
f 2082/2082/2082 2086/2086/2086 2087/2087/2087
f 2083/2083/2083 2088/2088/2088 2084/2084/2084
f 2084/2084/2084 2088/2088/2088 2089/2089/2089
f 2084/2084/2084 2089/2089/2089 2085/2085/2085
f 2085/2085/2085 2089/2089/2089 2090/2090/2090
f 2085/2085/2085 2090/2090/2090 2086/2086/2086
f 2086/2086/2086 2090/2090/2090 2091/2091/2091
f 2086/2086/2086 2091/2091/2091 2087/2087/2087
f 2087/2087/2087 2091/2091/2091 2092/2092/2092
f 2088/2088/2088 2093/2093/2093 2089/2089/2089
f 2089/2089/2089 2093/2093/2093 2094/2094/2094
f 2089/2089/2089 2094/2094/2094 2090/2090/2090
f 2090/2090/2090 2094/2094/2094 2095/2095/2095
f 2090/2090/2090 2095/2095/2095 2091/2091/2091
f 2091/2091/2091 2095/2095/2095 2096/2096/2096
f 2091/2091/2091 2096/2096/2096 2092/2092/2092
f 2092/2092/2092 2096/2096/2096 2097/2097/2097
f 2093/2093/2093 2098/2098/2098 2094/2094/2094
f 2094/2094/2094 2098/2098/2098 2099/2099/2099
f 2094/2094/2094 2099/2099/2099 2095/2095/2095
f 2095/2095/2095 2099/2099/2099 2100/2100/2100
f 2095/2095/2095 2100/2100/2100 2096/2096/2096
f 2096/2096/2096 2100/2100/2100 2101/2101/2101
f 2096/2096/2096 2101/2101/2101 2097/2097/2097
f 2097/2097/2097 2101/2101/2101 2102/2102/2102
f 2103/2103/2103 2104/2104/2104 2108/2108/2108
f 2104/2104/2104 2109/2109/2109 2108/2108/2108
f 2104/2104/2104 2105/2105/2105 2109/2109/2109
f 2105/2105/2105 2110/2110/2110 2109/2109/2109
f 2105/2105/2105 2106/2106/2106 2110/2110/2110
f 2106/2106/2106 2111/2111/2111 2110/2110/2110
f 2106/2106/2106 2107/2107/2107 2111/2111/2111
f 2107/2107/2107 2112/2112/2112 2111/2111/2111
f 2108/2108/2108 2109/2109/2109 2113/2113/2113
f 2109/2109/2109 2114/2114/2114 2113/2113/2113
f 2109/2109/2109 2110/2110/2110 2114/2114/2114
f 2110/2110/2110 2115/2115/2115 2114/2114/2114
f 2110/2110/2110 2111/2111/2111 2115/2115/2115
f 2111/2111/2111 2116/2116/2116 2115/2115/2115
f 2111/2111/2111 2112/2112/2112 2116/2116/2116
f 2112/2112/2112 2117/2117/2117 2116/2116/2116
f 2113/2113/2113 2114/2114/2114 2118/2118/2118
f 2114/2114/2114 2119/2119/2119 2118/2118/2118
f 2114/2114/2114 2115/2115/2115 2119/2119/2119
f 2115/2115/2115 2120/2120/2120 2119/2119/2119
f 2115/2115/2115 2116/2116/2116 2120/2120/2120
f 2116/2116/2116 2121/2121/2121 2120/2120/2120
f 2116/2116/2116 2117/2117/2117 2121/2121/2121
f 2117/2117/2117 2122/2122/2122 2121/2121/2121
f 2118/2118/2118 2119/2119/2119 2123/2123/2123
f 2119/2119/2119 2124/2124/2124 2123/2123/2123
f 2119/2119/2119 2120/2120/2120 2124/2124/2124
f 2120/2120/2120 2125/2125/2125 2124/2124/2124
f 2120/2120/2120 2121/2121/2121 2125/2125/2125
f 2121/2121/2121 2126/2126/2126 2125/2125/2125
f 2121/2121/2121 2122/2122/2122 2126/2126/2126
f 2122/2122/2122 2127/2127/2127 2126/2126/2126
o beveled-plate_part_5
usemtl part_5
v -8.022753 1.138876 -0.3697128
v -8.024056 1.2 -0.3759411
v -8.024056 1.27 -0.3759411
v -8.024056 1.34 -0.3759411
v -8.022753 1.401124 -0.3697128
v -8.024056 1.136151 -0.23
v -8.027 1.2 -0.23
v -8.027 1.27 -0.23
v -8.027 1.34 -0.23
v -8.024056 1.403849 -0.23
v -8.024056 1.136151 -0.07
v -8.027 1.2 -0.07
v -8.027 1.27 -0.07
v -8.027 1.34 -0.07
v -8.024056 1.403849 -0.07
v -8.024056 1.136151 0.09
v -8.027 1.2 0.09
v -8.027 1.27 0.09
v -8.027 1.34 0.09
v -8.024056 1.403849 0.09
v -8.022753 1.138876 0.2297128
v -8.024056 1.2 0.2359411
v -8.024056 1.27 0.2359411
v -8.024056 1.34 0.2359411
v -8.022753 1.401124 0.2297128
v -7.897248 1.138876 -0.3697128
v -7.895944 1.2 -0.3759411
v -7.895944 1.27 -0.3759411
v -7.895944 1.34 -0.3759411
v -7.897248 1.401124 -0.3697128
v -7.895944 1.136151 -0.23
v -7.893 1.2 -0.23
v -7.893 1.27 -0.23
v -7.893 1.34 -0.23
v -7.895944 1.403849 -0.23
v -7.895944 1.136151 -0.07
v -7.893 1.2 -0.07
v -7.893 1.27 -0.07
v -7.893 1.34 -0.07
v -7.895944 1.403849 -0.07
v -7.895944 1.136151 0.09
v -7.893 1.2 0.09
v -7.893 1.27 0.09
v -7.893 1.34 0.09
v -7.895944 1.403849 0.09
v -7.897248 1.138876 0.2297128
v -7.895944 1.2 0.2359411
v -7.895944 1.27 0.2359411
v -7.895944 1.34 0.2359411
v -7.897248 1.401124 0.2297128
v -8.022753 1.138876 -0.3697128
v -8.024056 1.136151 -0.23
v -8.024056 1.136151 -0.07
v -8.024056 1.136151 0.09
v -8.022753 1.138876 0.2297128
v -7.9935 1.136151 -0.3759411
v -7.9935 1.13 -0.23
v -7.9935 1.13 -0.07
v -7.9935 1.13 0.09
v -7.9935 1.136151 0.2359411
v -7.96 1.136151 -0.3759411
v -7.96 1.13 -0.23
v -7.96 1.13 -0.07
v -7.96 1.13 0.09
v -7.96 1.136151 0.2359411
v -7.9265 1.136151 -0.3759411
v -7.9265 1.13 -0.23
v -7.9265 1.13 -0.07
v -7.9265 1.13 0.09
v -7.9265 1.136151 0.2359411
v -7.897248 1.138876 -0.3697128
v -7.895944 1.136151 -0.23
v -7.895944 1.136151 -0.07
v -7.895944 1.136151 0.09
v -7.897248 1.138876 0.2297128
v -8.022753 1.401124 -0.3697128
v -8.024056 1.403849 -0.23
v -8.024056 1.403849 -0.07
v -8.024056 1.403849 0.09
v -8.022753 1.401124 0.2297128
v -7.9935 1.403849 -0.3759411
v -7.9935 1.41 -0.23
v -7.9935 1.41 -0.07
v -7.9935 1.41 0.09
v -7.9935 1.403849 0.2359411
v -7.96 1.403849 -0.3759411
v -7.96 1.41 -0.23
v -7.96 1.41 -0.07
v -7.96 1.41 0.09
v -7.96 1.403849 0.2359411
v -7.9265 1.403849 -0.3759411
v -7.9265 1.41 -0.23
v -7.9265 1.41 -0.07
v -7.9265 1.41 0.09
v -7.9265 1.403849 0.2359411
v -7.897248 1.401124 -0.3697128
v -7.895944 1.403849 -0.23
v -7.895944 1.403849 -0.07
v -7.895944 1.403849 0.09
v -7.897248 1.401124 0.2297128
v -8.022753 1.138876 -0.3697128
v -7.9935 1.136151 -0.3759411
v -7.96 1.136151 -0.3759411
v -7.9265 1.136151 -0.3759411
v -7.897248 1.138876 -0.3697128
v -8.024056 1.2 -0.3759411
v -7.9935 1.2 -0.39
v -7.96 1.2 -0.39
v -7.9265 1.2 -0.39
v -7.895944 1.2 -0.3759411
v -8.024056 1.27 -0.3759411
v -7.9935 1.27 -0.39
v -7.96 1.27 -0.39
v -7.9265 1.27 -0.39
v -7.895944 1.27 -0.3759411
v -8.024056 1.34 -0.3759411
v -7.9935 1.34 -0.39
v -7.96 1.34 -0.39
v -7.9265 1.34 -0.39
v -7.895944 1.34 -0.3759411
v -8.022753 1.401124 -0.3697128
v -7.9935 1.403849 -0.3759411
v -7.96 1.403849 -0.3759411
v -7.9265 1.403849 -0.3759411
v -7.897248 1.401124 -0.3697128
v -8.022753 1.138876 0.2297128
v -7.9935 1.136151 0.2359411
v -7.96 1.136151 0.2359411
v -7.9265 1.136151 0.2359411
v -7.897248 1.138876 0.2297128
v -8.024056 1.2 0.2359411
v -7.9935 1.2 0.25
v -7.96 1.2 0.25
v -7.9265 1.2 0.25
v -7.895944 1.2 0.2359411
v -8.024056 1.27 0.2359411
v -7.9935 1.27 0.25
v -7.96 1.27 0.25
v -7.9265 1.27 0.25
v -7.895944 1.27 0.2359411
v -8.024056 1.34 0.2359411
v -7.9935 1.34 0.25
v -7.96 1.34 0.25
v -7.9265 1.34 0.25
v -7.895944 1.34 0.2359411
v -8.022753 1.401124 0.2297128
v -7.9935 1.403849 0.2359411
v -7.96 1.403849 0.2359411
v -7.9265 1.403849 0.2359411
v -7.897248 1.401124 0.2297128
vt 0 0
vt 0.25 0
vt 0.5 0
vt 0.75 0
vt 1 0
vt 0 0.25
vt 0.25 0.25
vt 0.5 0.25
vt 0.75 0.25
vt 1 0.25
vt 0 0.5
vt 0.25 0.5
vt 0.5 0.5
vt 0.75 0.5
vt 1 0.5
vt 0 0.75
vt 0.25 0.75
vt 0.5 0.75
vt 0.75 0.75
vt 1 0.75
vt 0 1
vt 0.25 1
vt 0.5 1
vt 0.75 1
vt 1 1
vt 0 0
vt 0.25 0
vt 0.5 0
vt 0.75 0
vt 1 0
vt 0 0.25
vt 0.25 0.25
vt 0.5 0.25
vt 0.75 0.25
vt 1 0.25
vt 0 0.5
vt 0.25 0.5
vt 0.5 0.5
vt 0.75 0.5
vt 1 0.5
vt 0 0.75
vt 0.25 0.75
vt 0.5 0.75
vt 0.75 0.75
vt 1 0.75
vt 0 1
vt 0.25 1
vt 0.5 1
vt 0.75 1
vt 1 1
vt 0 0
vt 0.25 0
vt 0.5 0
vt 0.75 0
vt 1 0
vt 0 0.25
vt 0.25 0.25
vt 0.5 0.25
vt 0.75 0.25
vt 1 0.25
vt 0 0.5
vt 0.25 0.5
vt 0.5 0.5
vt 0.75 0.5
vt 1 0.5
vt 0 0.75
vt 0.25 0.75
vt 0.5 0.75
vt 0.75 0.75
vt 1 0.75
vt 0 1
vt 0.25 1
vt 0.5 1
vt 0.75 1
vt 1 1
vt 0 0
vt 0.25 0
vt 0.5 0
vt 0.75 0
vt 1 0
vt 0 0.25
vt 0.25 0.25
vt 0.5 0.25
vt 0.75 0.25
vt 1 0.25
vt 0 0.5
vt 0.25 0.5
vt 0.5 0.5
vt 0.75 0.5
vt 1 0.5
vt 0 0.75
vt 0.25 0.75
vt 0.5 0.75
vt 0.75 0.75
vt 1 0.75
vt 0 1
vt 0.25 1
vt 0.5 1
vt 0.75 1
vt 1 1
vt 0 0
vt 0.25 0
vt 0.5 0
vt 0.75 0
vt 1 0
vt 0 0.25
vt 0.25 0.25
vt 0.5 0.25
vt 0.75 0.25
vt 1 0.25
vt 0 0.5
vt 0.25 0.5
vt 0.5 0.5
vt 0.75 0.5
vt 1 0.5
vt 0 0.75
vt 0.25 0.75
vt 0.5 0.75
vt 0.75 0.75
vt 1 0.75
vt 0 1
vt 0.25 1
vt 0.5 1
vt 0.75 1
vt 1 1
vt 0 0
vt 0.25 0
vt 0.5 0
vt 0.75 0
vt 1 0
vt 0 0.25
vt 0.25 0.25
vt 0.5 0.25
vt 0.75 0.25
vt 1 0.25
vt 0 0.5
vt 0.25 0.5
vt 0.5 0.5
vt 0.75 0.5
vt 1 0.5
vt 0 0.75
vt 0.25 0.75
vt 0.5 0.75
vt 0.75 0.75
vt 1 0.75
vt 0 1
vt 0.25 1
vt 0.5 1
vt 0.75 1
vt 1 1
vn -0.8864541 -0.4240127 -0.1855056
vn -0.978788 0 -0.2048762
vn -0.978788 0 -0.2048762
vn -0.978788 0 -0.2048762
vn -0.886394 0.4241298 -0.1855249
vn -0.9020724 -0.4315848 0
vn -1 -0 -0
vn -1 -0 -0
vn -1 -0 -0
vn -0.9020251 0.4316835 0
vn -0.9020724 -0.4315848 0
vn -1 -0 -0
vn -1 -0 -0
vn -1 -0 -0
vn -0.9020251 0.4316835 0
vn -0.9020724 -0.4315848 0
vn -1 -0 -0
vn -1 -0 -0
vn -1 -0 -0
vn -0.9020252 0.4316835 0
vn -0.8864162 -0.4240675 0.1855615
vn -0.9787763 0 0.2049313
vn -0.9787763 0 0.2049313
vn -0.9787763 0 0.2049313
vn -0.8863561 0.4241847 0.1855808
vn 0.8864541 -0.4240127 -0.1855056
vn 0.978788 0 -0.2048762
vn 0.978788 0 -0.2048762
vn 0.978788 0 -0.2048762
vn 0.886394 0.4241298 -0.1855249
vn 0.9020724 -0.4315848 0
vn 1 0 0
vn 1 0 0
vn 1 0 0
vn 0.9020251 0.4316835 0
vn 0.9020724 -0.4315848 0
vn 1 0 0
vn 1 0 0
vn 1 0 0
vn 0.9020251 0.4316835 0
vn 0.9020724 -0.4315848 0
vn 1 0 0
vn 1 0 0
vn 1 0 0
vn 0.9020252 0.4316835 0
vn 0.8864162 -0.4240675 0.1855615
vn 0.9787763 0 0.2049313
vn 0.9787763 0 0.2049313
vn 0.9787763 0 0.2049313
vn 0.8863561 0.4241847 0.1855808
vn -0.8862737 -0.4243643 -0.1855636
vn -0.9019779 -0.4317821 0
vn -0.9019779 -0.4317821 0
vn -0.9019779 -0.4317821 0
vn -0.8862959 -0.4243019 0.1856002
vn 0 -0.9161987 -0.4007244
vn -0 -1 -0
vn -0 -1 -0
vn -0 -1 -0
vn 0 -0.9161573 0.4008189
vn 0 -0.9161987 -0.4007244
vn -0 -1 -0
vn -0 -1 -0
vn -0 -1 -0
vn 0 -0.9161573 0.4008189
vn 0 -0.9161987 -0.4007244
vn -0 -1 -0
vn -0 -1 -0
vn -0 -1 -0
vn 0 -0.9161574 0.4008189
vn 0.8863339 -0.4242471 -0.1855442
vn 0.9020251 -0.4316835 0
vn 0.9020251 -0.4316835 0
vn 0.9020252 -0.4316835 0
vn 0.8863561 -0.4241847 0.1855808
vn -0.8862737 0.4243643 -0.1855636
vn -0.9019779 0.4317821 0
vn -0.9019779 0.4317821 0
vn -0.9019779 0.4317821 0
vn -0.8862959 0.4243019 0.1856002
vn 0 0.9161987 -0.4007244
vn 0 1 0
vn 0 1 0
vn 0 1 0
vn 0 0.9161573 0.4008189
vn 0 0.9161987 -0.4007244
vn 0 1 0
vn 0 1 0
vn 0 1 0
vn 0 0.9161573 0.4008189
vn 0 0.9161987 -0.4007244
vn 0 1 0
vn 0 1 0
vn 0 1 0
vn 0 0.9161574 0.4008189
vn 0.8863339 0.4242471 -0.1855442
vn 0.9020251 0.4316835 0
vn 0.9020251 0.4316835 0
vn 0.9020252 0.4316835 0
vn 0.8863561 0.4241847 0.1855808
vn -0.8863403 -0.4241772 -0.1856733
vn 0 -0.916116 -0.4009134
vn 0 -0.9161159 -0.4009134
vn 0 -0.9161159 -0.4009134
vn 0.8863783 -0.4241223 -0.1856174
vn -0.9787648 0 -0.2049865
vn -0 -0 -1
vn -0 -0 -1
vn -0 -0 -1
vn 0.9787763 0 -0.2049313
vn -0.9787648 0 -0.2049865
vn -0 -0 -1
vn -0 -0 -1
vn -0 -0 -1
vn 0.9787763 0 -0.2049313
vn -0.9787648 0 -0.2049865
vn -0 -0 -1
vn -0 -0 -1
vn -0 -0 -1
vn 0.9787763 0 -0.2049313
vn -0.8863181 0.4242395 -0.1856368
vn 0 0.9161573 -0.4008189
vn 0 0.9161573 -0.4008189
vn 0 0.9161574 -0.4008189
vn 0.8863561 0.4241847 -0.1855808
vn -0.8863403 -0.4241772 0.1856733
vn 0 -0.916116 0.4009134
vn 0 -0.9161159 0.4009134
vn 0 -0.9161159 0.4009134
vn 0.8863783 -0.4241223 0.1856174
vn -0.9787648 0 0.2049865
vn 0 0 1
vn 0 0 1
vn 0 0 1
vn 0.9787763 0 0.2049313
vn -0.9787648 0 0.2049865
vn 0 0 1
vn 0 0 1
vn 0 0 1
vn 0.9787763 0 0.2049313
vn -0.9787648 0 0.2049865
vn 0 0 1
vn 0 0 1
vn 0 0 1
vn 0.9787763 0 0.2049313
vn -0.8863181 0.4242395 0.1856368
vn 0 0.9161573 0.4008189
vn 0 0.9161573 0.4008189
vn 0 0.9161574 0.4008189
vn 0.8863561 0.4241847 0.1855808
f 2128/2128/2128 2133/2133/2133 2129/2129/2129
f 2129/2129/2129 2133/2133/2133 2134/2134/2134
f 2129/2129/2129 2134/2134/2134 2130/2130/2130
f 2130/2130/2130 2134/2134/2134 2135/2135/2135
f 2130/2130/2130 2135/2135/2135 2131/2131/2131
f 2131/2131/2131 2135/2135/2135 2136/2136/2136
f 2131/2131/2131 2136/2136/2136 2132/2132/2132
f 2132/2132/2132 2136/2136/2136 2137/2137/2137
f 2133/2133/2133 2138/2138/2138 2134/2134/2134
f 2134/2134/2134 2138/2138/2138 2139/2139/2139
f 2134/2134/2134 2139/2139/2139 2135/2135/2135
f 2135/2135/2135 2139/2139/2139 2140/2140/2140
f 2135/2135/2135 2140/2140/2140 2136/2136/2136
f 2136/2136/2136 2140/2140/2140 2141/2141/2141
f 2136/2136/2136 2141/2141/2141 2137/2137/2137
f 2137/2137/2137 2141/2141/2141 2142/2142/2142
f 2138/2138/2138 2143/2143/2143 2139/2139/2139
f 2139/2139/2139 2143/2143/2143 2144/2144/2144
f 2139/2139/2139 2144/2144/2144 2140/2140/2140
f 2140/2140/2140 2144/2144/2144 2145/2145/2145
f 2140/2140/2140 2145/2145/2145 2141/2141/2141
f 2141/2141/2141 2145/2145/2145 2146/2146/2146
f 2141/2141/2141 2146/2146/2146 2142/2142/2142
f 2142/2142/2142 2146/2146/2146 2147/2147/2147
f 2143/2143/2143 2148/2148/2148 2144/2144/2144
f 2144/2144/2144 2148/2148/2148 2149/2149/2149
f 2144/2144/2144 2149/2149/2149 2145/2145/2145
f 2145/2145/2145 2149/2149/2149 2150/2150/2150
f 2145/2145/2145 2150/2150/2150 2146/2146/2146
f 2146/2146/2146 2150/2150/2150 2151/2151/2151
f 2146/2146/2146 2151/2151/2151 2147/2147/2147
f 2147/2147/2147 2151/2151/2151 2152/2152/2152
f 2153/2153/2153 2154/2154/2154 2158/2158/2158
f 2154/2154/2154 2159/2159/2159 2158/2158/2158
f 2154/2154/2154 2155/2155/2155 2159/2159/2159
f 2155/2155/2155 2160/2160/2160 2159/2159/2159
f 2155/2155/2155 2156/2156/2156 2160/2160/2160
f 2156/2156/2156 2161/2161/2161 2160/2160/2160
f 2156/2156/2156 2157/2157/2157 2161/2161/2161
f 2157/2157/2157 2162/2162/2162 2161/2161/2161
f 2158/2158/2158 2159/2159/2159 2163/2163/2163
f 2159/2159/2159 2164/2164/2164 2163/2163/2163
f 2159/2159/2159 2160/2160/2160 2164/2164/2164
f 2160/2160/2160 2165/2165/2165 2164/2164/2164
f 2160/2160/2160 2161/2161/2161 2165/2165/2165
f 2161/2161/2161 2166/2166/2166 2165/2165/2165
f 2161/2161/2161 2162/2162/2162 2166/2166/2166
f 2162/2162/2162 2167/2167/2167 2166/2166/2166
f 2163/2163/2163 2164/2164/2164 2168/2168/2168
f 2164/2164/2164 2169/2169/2169 2168/2168/2168
f 2164/2164/2164 2165/2165/2165 2169/2169/2169
f 2165/2165/2165 2170/2170/2170 2169/2169/2169
f 2165/2165/2165 2166/2166/2166 2170/2170/2170
f 2166/2166/2166 2171/2171/2171 2170/2170/2170
f 2166/2166/2166 2167/2167/2167 2171/2171/2171
f 2167/2167/2167 2172/2172/2172 2171/2171/2171
f 2168/2168/2168 2169/2169/2169 2173/2173/2173
f 2169/2169/2169 2174/2174/2174 2173/2173/2173
f 2169/2169/2169 2170/2170/2170 2174/2174/2174
f 2170/2170/2170 2175/2175/2175 2174/2174/2174
f 2170/2170/2170 2171/2171/2171 2175/2175/2175
f 2171/2171/2171 2176/2176/2176 2175/2175/2175
f 2171/2171/2171 2172/2172/2172 2176/2176/2176
f 2172/2172/2172 2177/2177/2177 2176/2176/2176
f 2178/2178/2178 2183/2183/2183 2179/2179/2179
f 2179/2179/2179 2183/2183/2183 2184/2184/2184
f 2179/2179/2179 2184/2184/2184 2180/2180/2180
f 2180/2180/2180 2184/2184/2184 2185/2185/2185
f 2180/2180/2180 2185/2185/2185 2181/2181/2181
f 2181/2181/2181 2185/2185/2185 2186/2186/2186
f 2181/2181/2181 2186/2186/2186 2182/2182/2182
f 2182/2182/2182 2186/2186/2186 2187/2187/2187
f 2183/2183/2183 2188/2188/2188 2184/2184/2184
f 2184/2184/2184 2188/2188/2188 2189/2189/2189
f 2184/2184/2184 2189/2189/2189 2185/2185/2185
f 2185/2185/2185 2189/2189/2189 2190/2190/2190
f 2185/2185/2185 2190/2190/2190 2186/2186/2186
f 2186/2186/2186 2190/2190/2190 2191/2191/2191
f 2186/2186/2186 2191/2191/2191 2187/2187/2187
f 2187/2187/2187 2191/2191/2191 2192/2192/2192
f 2188/2188/2188 2193/2193/2193 2189/2189/2189
f 2189/2189/2189 2193/2193/2193 2194/2194/2194
f 2189/2189/2189 2194/2194/2194 2190/2190/2190
f 2190/2190/2190 2194/2194/2194 2195/2195/2195
f 2190/2190/2190 2195/2195/2195 2191/2191/2191
f 2191/2191/2191 2195/2195/2195 2196/2196/2196
f 2191/2191/2191 2196/2196/2196 2192/2192/2192
f 2192/2192/2192 2196/2196/2196 2197/2197/2197
f 2193/2193/2193 2198/2198/2198 2194/2194/2194
f 2194/2194/2194 2198/2198/2198 2199/2199/2199
f 2194/2194/2194 2199/2199/2199 2195/2195/2195
f 2195/2195/2195 2199/2199/2199 2200/2200/2200
f 2195/2195/2195 2200/2200/2200 2196/2196/2196
f 2196/2196/2196 2200/2200/2200 2201/2201/2201
f 2196/2196/2196 2201/2201/2201 2197/2197/2197
f 2197/2197/2197 2201/2201/2201 2202/2202/2202
f 2203/2203/2203 2204/2204/2204 2208/2208/2208
f 2204/2204/2204 2209/2209/2209 2208/2208/2208
f 2204/2204/2204 2205/2205/2205 2209/2209/2209
f 2205/2205/2205 2210/2210/2210 2209/2209/2209
f 2205/2205/2205 2206/2206/2206 2210/2210/2210
f 2206/2206/2206 2211/2211/2211 2210/2210/2210
f 2206/2206/2206 2207/2207/2207 2211/2211/2211
f 2207/2207/2207 2212/2212/2212 2211/2211/2211
f 2208/2208/2208 2209/2209/2209 2213/2213/2213
f 2209/2209/2209 2214/2214/2214 2213/2213/2213
f 2209/2209/2209 2210/2210/2210 2214/2214/2214
f 2210/2210/2210 2215/2215/2215 2214/2214/2214
f 2210/2210/2210 2211/2211/2211 2215/2215/2215
f 2211/2211/2211 2216/2216/2216 2215/2215/2215
f 2211/2211/2211 2212/2212/2212 2216/2216/2216
f 2212/2212/2212 2217/2217/2217 2216/2216/2216
f 2213/2213/2213 2214/2214/2214 2218/2218/2218
f 2214/2214/2214 2219/2219/2219 2218/2218/2218
f 2214/2214/2214 2215/2215/2215 2219/2219/2219
f 2215/2215/2215 2220/2220/2220 2219/2219/2219
f 2215/2215/2215 2216/2216/2216 2220/2220/2220
f 2216/2216/2216 2221/2221/2221 2220/2220/2220
f 2216/2216/2216 2217/2217/2217 2221/2221/2221
f 2217/2217/2217 2222/2222/2222 2221/2221/2221
f 2218/2218/2218 2219/2219/2219 2223/2223/2223
f 2219/2219/2219 2224/2224/2224 2223/2223/2223
f 2219/2219/2219 2220/2220/2220 2224/2224/2224
f 2220/2220/2220 2225/2225/2225 2224/2224/2224
f 2220/2220/2220 2221/2221/2221 2225/2225/2225
f 2221/2221/2221 2226/2226/2226 2225/2225/2225
f 2221/2221/2221 2222/2222/2222 2226/2226/2226
f 2222/2222/2222 2227/2227/2227 2226/2226/2226
f 2228/2228/2228 2233/2233/2233 2229/2229/2229
f 2229/2229/2229 2233/2233/2233 2234/2234/2234
f 2229/2229/2229 2234/2234/2234 2230/2230/2230
f 2230/2230/2230 2234/2234/2234 2235/2235/2235
f 2230/2230/2230 2235/2235/2235 2231/2231/2231
f 2231/2231/2231 2235/2235/2235 2236/2236/2236
f 2231/2231/2231 2236/2236/2236 2232/2232/2232
f 2232/2232/2232 2236/2236/2236 2237/2237/2237
f 2233/2233/2233 2238/2238/2238 2234/2234/2234
f 2234/2234/2234 2238/2238/2238 2239/2239/2239
f 2234/2234/2234 2239/2239/2239 2235/2235/2235
f 2235/2235/2235 2239/2239/2239 2240/2240/2240
f 2235/2235/2235 2240/2240/2240 2236/2236/2236
f 2236/2236/2236 2240/2240/2240 2241/2241/2241
f 2236/2236/2236 2241/2241/2241 2237/2237/2237
f 2237/2237/2237 2241/2241/2241 2242/2242/2242
f 2238/2238/2238 2243/2243/2243 2239/2239/2239
f 2239/2239/2239 2243/2243/2243 2244/2244/2244
f 2239/2239/2239 2244/2244/2244 2240/2240/2240
f 2240/2240/2240 2244/2244/2244 2245/2245/2245
f 2240/2240/2240 2245/2245/2245 2241/2241/2241
f 2241/2241/2241 2245/2245/2245 2246/2246/2246
f 2241/2241/2241 2246/2246/2246 2242/2242/2242
f 2242/2242/2242 2246/2246/2246 2247/2247/2247
f 2243/2243/2243 2248/2248/2248 2244/2244/2244
f 2244/2244/2244 2248/2248/2248 2249/2249/2249
f 2244/2244/2244 2249/2249/2249 2245/2245/2245
f 2245/2245/2245 2249/2249/2249 2250/2250/2250
f 2245/2245/2245 2250/2250/2250 2246/2246/2246
f 2246/2246/2246 2250/2250/2250 2251/2251/2251
f 2246/2246/2246 2251/2251/2251 2247/2247/2247
f 2247/2247/2247 2251/2251/2251 2252/2252/2252
f 2253/2253/2253 2254/2254/2254 2258/2258/2258
f 2254/2254/2254 2259/2259/2259 2258/2258/2258
f 2254/2254/2254 2255/2255/2255 2259/2259/2259
f 2255/2255/2255 2260/2260/2260 2259/2259/2259
f 2255/2255/2255 2256/2256/2256 2260/2260/2260
f 2256/2256/2256 2261/2261/2261 2260/2260/2260
f 2256/2256/2256 2257/2257/2257 2261/2261/2261
f 2257/2257/2257 2262/2262/2262 2261/2261/2261
f 2258/2258/2258 2259/2259/2259 2263/2263/2263
f 2259/2259/2259 2264/2264/2264 2263/2263/2263
f 2259/2259/2259 2260/2260/2260 2264/2264/2264
f 2260/2260/2260 2265/2265/2265 2264/2264/2264
f 2260/2260/2260 2261/2261/2261 2265/2265/2265
f 2261/2261/2261 2266/2266/2266 2265/2265/2265
f 2261/2261/2261 2262/2262/2262 2266/2266/2266
f 2262/2262/2262 2267/2267/2267 2266/2266/2266
f 2263/2263/2263 2264/2264/2264 2268/2268/2268
f 2264/2264/2264 2269/2269/2269 2268/2268/2268
f 2264/2264/2264 2265/2265/2265 2269/2269/2269
f 2265/2265/2265 2270/2270/2270 2269/2269/2269
f 2265/2265/2265 2266/2266/2266 2270/2270/2270
f 2266/2266/2266 2271/2271/2271 2270/2270/2270
f 2266/2266/2266 2267/2267/2267 2271/2271/2271
f 2267/2267/2267 2272/2272/2272 2271/2271/2271
f 2268/2268/2268 2269/2269/2269 2273/2273/2273
f 2269/2269/2269 2274/2274/2274 2273/2273/2273
f 2269/2269/2269 2270/2270/2270 2274/2274/2274
f 2270/2270/2270 2275/2275/2275 2274/2274/2274
f 2270/2270/2270 2271/2271/2271 2275/2275/2275
f 2271/2271/2271 2276/2276/2276 2275/2275/2275
f 2271/2271/2271 2272/2272/2272 2276/2276/2276
f 2272/2272/2272 2277/2277/2277 2276/2276/2276
o beveled-plate_part_6
usemtl part_6
v -8.022753 1.708876 -0.3697128
v -8.024056 1.77 -0.3759411
v -8.024056 1.84 -0.3759411
v -8.024056 1.91 -0.3759411
v -8.022753 1.971124 -0.3697128
v -8.024056 1.706151 -0.23
v -8.027 1.77 -0.23
v -8.027 1.84 -0.23
v -8.027 1.91 -0.23
v -8.024056 1.973849 -0.23
v -8.024056 1.706151 -0.07
v -8.027 1.77 -0.07
v -8.027 1.84 -0.07
v -8.027 1.91 -0.07
v -8.024056 1.973849 -0.07
v -8.024056 1.706151 0.09
v -8.027 1.77 0.09
v -8.027 1.84 0.09
v -8.027 1.91 0.09
v -8.024056 1.973849 0.09
v -8.022753 1.708876 0.2297128
v -8.024056 1.77 0.2359411
v -8.024056 1.84 0.2359411
v -8.024056 1.91 0.2359411
v -8.022753 1.971124 0.2297128
v -7.897248 1.708876 -0.3697128
v -7.895944 1.77 -0.3759411
v -7.895944 1.84 -0.3759411
v -7.895944 1.91 -0.3759411
v -7.897248 1.971124 -0.3697128
v -7.895944 1.706151 -0.23
v -7.893 1.77 -0.23
v -7.893 1.84 -0.23
v -7.893 1.91 -0.23
v -7.895944 1.973849 -0.23
v -7.895944 1.706151 -0.07
v -7.893 1.77 -0.07
v -7.893 1.84 -0.07
v -7.893 1.91 -0.07
v -7.895944 1.973849 -0.07
v -7.895944 1.706151 0.09
v -7.893 1.77 0.09
v -7.893 1.84 0.09
v -7.893 1.91 0.09
v -7.895944 1.973849 0.09
v -7.897248 1.708876 0.2297128
v -7.895944 1.77 0.2359411
v -7.895944 1.84 0.2359411
v -7.895944 1.91 0.2359411
v -7.897248 1.971124 0.2297128
v -8.022753 1.708876 -0.3697128
v -8.024056 1.706151 -0.23
v -8.024056 1.706151 -0.07
v -8.024056 1.706151 0.09
v -8.022753 1.708876 0.2297128
v -7.9935 1.706151 -0.3759411
v -7.9935 1.7 -0.23
v -7.9935 1.7 -0.07
v -7.9935 1.7 0.09
v -7.9935 1.706151 0.2359411
v -7.96 1.706151 -0.3759411
v -7.96 1.7 -0.23
v -7.96 1.7 -0.07
v -7.96 1.7 0.09
v -7.96 1.706151 0.2359411
v -7.9265 1.706151 -0.3759411
v -7.9265 1.7 -0.23
v -7.9265 1.7 -0.07
v -7.9265 1.7 0.09
v -7.9265 1.706151 0.2359411
v -7.897248 1.708876 -0.3697128
v -7.895944 1.706151 -0.23
v -7.895944 1.706151 -0.07
v -7.895944 1.706151 0.09
v -7.897248 1.708876 0.2297128
v -8.022753 1.971124 -0.3697128
v -8.024056 1.973849 -0.23
v -8.024056 1.973849 -0.07
v -8.024056 1.973849 0.09
v -8.022753 1.971124 0.2297128
v -7.9935 1.973849 -0.3759411
v -7.9935 1.98 -0.23
v -7.9935 1.98 -0.07
v -7.9935 1.98 0.09
v -7.9935 1.973849 0.2359411
v -7.96 1.973849 -0.3759411
v -7.96 1.98 -0.23
v -7.96 1.98 -0.07
v -7.96 1.98 0.09
v -7.96 1.973849 0.2359411
v -7.9265 1.973849 -0.3759411
v -7.9265 1.98 -0.23
v -7.9265 1.98 -0.07
v -7.9265 1.98 0.09
v -7.9265 1.973849 0.2359411
v -7.897248 1.971124 -0.3697128
v -7.895944 1.973849 -0.23
v -7.895944 1.973849 -0.07
v -7.895944 1.973849 0.09
v -7.897248 1.971124 0.2297128
v -8.022753 1.708876 -0.3697128
v -7.9935 1.706151 -0.3759411
v -7.96 1.706151 -0.3759411
v -7.9265 1.706151 -0.3759411
v -7.897248 1.708876 -0.3697128
v -8.024056 1.77 -0.3759411
v -7.9935 1.77 -0.39
v -7.96 1.77 -0.39
v -7.9265 1.77 -0.39
v -7.895944 1.77 -0.3759411
v -8.024056 1.84 -0.3759411
v -7.9935 1.84 -0.39
v -7.96 1.84 -0.39
v -7.9265 1.84 -0.39
v -7.895944 1.84 -0.3759411
v -8.024056 1.91 -0.3759411
v -7.9935 1.91 -0.39
v -7.96 1.91 -0.39
v -7.9265 1.91 -0.39
v -7.895944 1.91 -0.3759411
v -8.022753 1.971124 -0.3697128
v -7.9935 1.973849 -0.3759411
v -7.96 1.973849 -0.3759411
v -7.9265 1.973849 -0.3759411
v -7.897248 1.971124 -0.3697128
v -8.022753 1.708876 0.2297128
v -7.9935 1.706151 0.2359411
v -7.96 1.706151 0.2359411
v -7.9265 1.706151 0.2359411
v -7.897248 1.708876 0.2297128
v -8.024056 1.77 0.2359411
v -7.9935 1.77 0.25
v -7.96 1.77 0.25
v -7.9265 1.77 0.25
v -7.895944 1.77 0.2359411
v -8.024056 1.84 0.2359411
v -7.9935 1.84 0.25
v -7.96 1.84 0.25
v -7.9265 1.84 0.25
v -7.895944 1.84 0.2359411
v -8.024056 1.91 0.2359411
v -7.9935 1.91 0.25
v -7.96 1.91 0.25
v -7.9265 1.91 0.25
v -7.895944 1.91 0.2359411
v -8.022753 1.971124 0.2297128
v -7.9935 1.973849 0.2359411
v -7.96 1.973849 0.2359411
v -7.9265 1.973849 0.2359411
v -7.897248 1.971124 0.2297128
vt 0 0
vt 0.25 0
vt 0.5 0
vt 0.75 0
vt 1 0
vt 0 0.25
vt 0.25 0.25
vt 0.5 0.25
vt 0.75 0.25
vt 1 0.25
vt 0 0.5
vt 0.25 0.5
vt 0.5 0.5
vt 0.75 0.5
vt 1 0.5
vt 0 0.75
vt 0.25 0.75
vt 0.5 0.75
vt 0.75 0.75
vt 1 0.75
vt 0 1
vt 0.25 1
vt 0.5 1
vt 0.75 1
vt 1 1
vt 0 0
vt 0.25 0
vt 0.5 0
vt 0.75 0
vt 1 0
vt 0 0.25
vt 0.25 0.25
vt 0.5 0.25
vt 0.75 0.25
vt 1 0.25
vt 0 0.5
vt 0.25 0.5
vt 0.5 0.5
vt 0.75 0.5
vt 1 0.5
vt 0 0.75
vt 0.25 0.75
vt 0.5 0.75
vt 0.75 0.75
vt 1 0.75
vt 0 1
vt 0.25 1
vt 0.5 1
vt 0.75 1
vt 1 1
vt 0 0
vt 0.25 0
vt 0.5 0
vt 0.75 0
vt 1 0
vt 0 0.25
vt 0.25 0.25
vt 0.5 0.25
vt 0.75 0.25
vt 1 0.25
vt 0 0.5
vt 0.25 0.5
vt 0.5 0.5
vt 0.75 0.5
vt 1 0.5
vt 0 0.75
vt 0.25 0.75
vt 0.5 0.75
vt 0.75 0.75
vt 1 0.75
vt 0 1
vt 0.25 1
vt 0.5 1
vt 0.75 1
vt 1 1
vt 0 0
vt 0.25 0
vt 0.5 0
vt 0.75 0
vt 1 0
vt 0 0.25
vt 0.25 0.25
vt 0.5 0.25
vt 0.75 0.25
vt 1 0.25
vt 0 0.5
vt 0.25 0.5
vt 0.5 0.5
vt 0.75 0.5
vt 1 0.5
vt 0 0.75
vt 0.25 0.75
vt 0.5 0.75
vt 0.75 0.75
vt 1 0.75
vt 0 1
vt 0.25 1
vt 0.5 1
vt 0.75 1
vt 1 1
vt 0 0
vt 0.25 0
vt 0.5 0
vt 0.75 0
vt 1 0
vt 0 0.25
vt 0.25 0.25
vt 0.5 0.25
vt 0.75 0.25
vt 1 0.25
vt 0 0.5
vt 0.25 0.5
vt 0.5 0.5
vt 0.75 0.5
vt 1 0.5
vt 0 0.75
vt 0.25 0.75
vt 0.5 0.75
vt 0.75 0.75
vt 1 0.75
vt 0 1
vt 0.25 1
vt 0.5 1
vt 0.75 1
vt 1 1
vt 0 0
vt 0.25 0
vt 0.5 0
vt 0.75 0
vt 1 0
vt 0 0.25
vt 0.25 0.25
vt 0.5 0.25
vt 0.75 0.25
vt 1 0.25
vt 0 0.5
vt 0.25 0.5
vt 0.5 0.5
vt 0.75 0.5
vt 1 0.5
vt 0 0.75
vt 0.25 0.75
vt 0.5 0.75
vt 0.75 0.75
vt 1 0.75
vt 0 1
vt 0.25 1
vt 0.5 1
vt 0.75 1
vt 1 1
vn -0.8864541 -0.4240127 -0.1855056
vn -0.978788 0 -0.2048762
vn -0.978788 0 -0.2048762
vn -0.978788 0 -0.2048762
vn -0.886394 0.4241298 -0.1855249
vn -0.9020724 -0.4315848 0
vn -1 -0 -0
vn -1 -0 -0
vn -1 -0 -0
vn -0.9020251 0.4316835 0
vn -0.9020724 -0.4315848 0
vn -1 -0 -0
vn -1 -0 -0
vn -1 -0 -0
vn -0.9020251 0.4316835 0
vn -0.9020724 -0.4315848 0
vn -1 -0 -0
vn -1 -0 -0
vn -1 -0 -0
vn -0.9020252 0.4316835 0
vn -0.8864162 -0.4240675 0.1855615
vn -0.9787763 0 0.2049313
vn -0.9787763 0 0.2049313
vn -0.9787763 0 0.2049313
vn -0.8863561 0.4241847 0.1855808
vn 0.8864541 -0.4240127 -0.1855056
vn 0.978788 0 -0.2048762
vn 0.978788 0 -0.2048762
vn 0.978788 0 -0.2048762
vn 0.886394 0.4241298 -0.1855249
vn 0.9020724 -0.4315848 0
vn 1 0 0
vn 1 0 0
vn 1 0 0
vn 0.9020251 0.4316835 0
vn 0.9020724 -0.4315848 0
vn 1 0 0
vn 1 0 0
vn 1 0 0
vn 0.9020251 0.4316835 0
vn 0.9020724 -0.4315848 0
vn 1 0 0
vn 1 0 0
vn 1 0 0
vn 0.9020252 0.4316835 0
vn 0.8864162 -0.4240675 0.1855615
vn 0.9787763 0 0.2049313
vn 0.9787763 0 0.2049313
vn 0.9787763 0 0.2049313
vn 0.8863561 0.4241847 0.1855808
vn -0.8862737 -0.4243643 -0.1855636
vn -0.9019779 -0.4317821 0
vn -0.9019779 -0.4317821 0
vn -0.9019779 -0.4317821 0
vn -0.8862959 -0.4243019 0.1856002
vn 0 -0.9161987 -0.4007244
vn -0 -1 -0
vn -0 -1 -0
vn -0 -1 -0
vn 0 -0.9161573 0.4008189
vn 0 -0.9161987 -0.4007244
vn -0 -1 -0
vn -0 -1 -0
vn -0 -1 -0
vn 0 -0.9161573 0.4008189
vn 0 -0.9161987 -0.4007244
vn -0 -1 -0
vn -0 -1 -0
vn -0 -1 -0
vn 0 -0.9161574 0.4008189
vn 0.8863339 -0.4242471 -0.1855442
vn 0.9020251 -0.4316835 0
vn 0.9020251 -0.4316835 0
vn 0.9020252 -0.4316835 0
vn 0.8863561 -0.4241847 0.1855808
vn -0.8862737 0.4243643 -0.1855636
vn -0.9019779 0.4317821 0
vn -0.9019779 0.4317821 0
vn -0.9019779 0.4317821 0
vn -0.8862959 0.4243019 0.1856002
vn 0 0.9161987 -0.4007244
vn 0 1 0
vn 0 1 0
vn 0 1 0
vn 0 0.9161573 0.4008189
vn 0 0.9161987 -0.4007244
vn 0 1 0
vn 0 1 0
vn 0 1 0
vn 0 0.9161573 0.4008189
vn 0 0.9161987 -0.4007244
vn 0 1 0
vn 0 1 0
vn 0 1 0
vn 0 0.9161574 0.4008189
vn 0.8863339 0.4242471 -0.1855442
vn 0.9020251 0.4316835 0
vn 0.9020251 0.4316835 0
vn 0.9020252 0.4316835 0
vn 0.8863561 0.4241847 0.1855808
vn -0.8863403 -0.4241772 -0.1856733
vn 0 -0.916116 -0.4009134
vn 0 -0.9161159 -0.4009134
vn 0 -0.9161159 -0.4009134
vn 0.8863783 -0.4241223 -0.1856174
vn -0.9787648 0 -0.2049865
vn -0 -0 -1
vn -0 -0 -1
vn -0 -0 -1
vn 0.9787763 0 -0.2049313
vn -0.9787648 0 -0.2049865
vn -0 -0 -1
vn -0 -0 -1
vn -0 -0 -1
vn 0.9787763 0 -0.2049313
vn -0.9787648 0 -0.2049865
vn -0 -0 -1
vn -0 -0 -1
vn -0 -0 -1
vn 0.9787763 0 -0.2049313
vn -0.8863181 0.4242395 -0.1856368
vn 0 0.9161573 -0.4008189
vn 0 0.9161573 -0.4008189
vn 0 0.9161574 -0.4008189
vn 0.8863561 0.4241847 -0.1855808
vn -0.8863403 -0.4241772 0.1856733
vn 0 -0.916116 0.4009134
vn 0 -0.9161159 0.4009134
vn 0 -0.9161159 0.4009134
vn 0.8863783 -0.4241223 0.1856174
vn -0.9787648 0 0.2049865
vn 0 0 1
vn 0 0 1
vn 0 0 1
vn 0.9787763 0 0.2049313
vn -0.9787648 0 0.2049865
vn 0 0 1
vn 0 0 1
vn 0 0 1
vn 0.9787763 0 0.2049313
vn -0.9787648 0 0.2049865
vn 0 0 1
vn 0 0 1
vn 0 0 1
vn 0.9787763 0 0.2049313
vn -0.8863181 0.4242395 0.1856368
vn 0 0.9161573 0.4008189
vn 0 0.9161573 0.4008189
vn 0 0.9161574 0.4008189
vn 0.8863561 0.4241847 0.1855808
f 2278/2278/2278 2283/2283/2283 2279/2279/2279
f 2279/2279/2279 2283/2283/2283 2284/2284/2284
f 2279/2279/2279 2284/2284/2284 2280/2280/2280
f 2280/2280/2280 2284/2284/2284 2285/2285/2285
f 2280/2280/2280 2285/2285/2285 2281/2281/2281
f 2281/2281/2281 2285/2285/2285 2286/2286/2286
f 2281/2281/2281 2286/2286/2286 2282/2282/2282
f 2282/2282/2282 2286/2286/2286 2287/2287/2287
f 2283/2283/2283 2288/2288/2288 2284/2284/2284
f 2284/2284/2284 2288/2288/2288 2289/2289/2289
f 2284/2284/2284 2289/2289/2289 2285/2285/2285
f 2285/2285/2285 2289/2289/2289 2290/2290/2290
f 2285/2285/2285 2290/2290/2290 2286/2286/2286
f 2286/2286/2286 2290/2290/2290 2291/2291/2291
f 2286/2286/2286 2291/2291/2291 2287/2287/2287
f 2287/2287/2287 2291/2291/2291 2292/2292/2292
f 2288/2288/2288 2293/2293/2293 2289/2289/2289
f 2289/2289/2289 2293/2293/2293 2294/2294/2294
f 2289/2289/2289 2294/2294/2294 2290/2290/2290
f 2290/2290/2290 2294/2294/2294 2295/2295/2295
f 2290/2290/2290 2295/2295/2295 2291/2291/2291
f 2291/2291/2291 2295/2295/2295 2296/2296/2296
f 2291/2291/2291 2296/2296/2296 2292/2292/2292
f 2292/2292/2292 2296/2296/2296 2297/2297/2297
f 2293/2293/2293 2298/2298/2298 2294/2294/2294
f 2294/2294/2294 2298/2298/2298 2299/2299/2299
f 2294/2294/2294 2299/2299/2299 2295/2295/2295
f 2295/2295/2295 2299/2299/2299 2300/2300/2300
f 2295/2295/2295 2300/2300/2300 2296/2296/2296
f 2296/2296/2296 2300/2300/2300 2301/2301/2301
f 2296/2296/2296 2301/2301/2301 2297/2297/2297
f 2297/2297/2297 2301/2301/2301 2302/2302/2302
f 2303/2303/2303 2304/2304/2304 2308/2308/2308
f 2304/2304/2304 2309/2309/2309 2308/2308/2308
f 2304/2304/2304 2305/2305/2305 2309/2309/2309
f 2305/2305/2305 2310/2310/2310 2309/2309/2309
f 2305/2305/2305 2306/2306/2306 2310/2310/2310
f 2306/2306/2306 2311/2311/2311 2310/2310/2310
f 2306/2306/2306 2307/2307/2307 2311/2311/2311
f 2307/2307/2307 2312/2312/2312 2311/2311/2311
f 2308/2308/2308 2309/2309/2309 2313/2313/2313
f 2309/2309/2309 2314/2314/2314 2313/2313/2313
f 2309/2309/2309 2310/2310/2310 2314/2314/2314
f 2310/2310/2310 2315/2315/2315 2314/2314/2314
f 2310/2310/2310 2311/2311/2311 2315/2315/2315
f 2311/2311/2311 2316/2316/2316 2315/2315/2315
f 2311/2311/2311 2312/2312/2312 2316/2316/2316
f 2312/2312/2312 2317/2317/2317 2316/2316/2316
f 2313/2313/2313 2314/2314/2314 2318/2318/2318
f 2314/2314/2314 2319/2319/2319 2318/2318/2318
f 2314/2314/2314 2315/2315/2315 2319/2319/2319
f 2315/2315/2315 2320/2320/2320 2319/2319/2319
f 2315/2315/2315 2316/2316/2316 2320/2320/2320
f 2316/2316/2316 2321/2321/2321 2320/2320/2320
f 2316/2316/2316 2317/2317/2317 2321/2321/2321
f 2317/2317/2317 2322/2322/2322 2321/2321/2321
f 2318/2318/2318 2319/2319/2319 2323/2323/2323
f 2319/2319/2319 2324/2324/2324 2323/2323/2323
f 2319/2319/2319 2320/2320/2320 2324/2324/2324
f 2320/2320/2320 2325/2325/2325 2324/2324/2324
f 2320/2320/2320 2321/2321/2321 2325/2325/2325
f 2321/2321/2321 2326/2326/2326 2325/2325/2325
f 2321/2321/2321 2322/2322/2322 2326/2326/2326
f 2322/2322/2322 2327/2327/2327 2326/2326/2326
f 2328/2328/2328 2333/2333/2333 2329/2329/2329
f 2329/2329/2329 2333/2333/2333 2334/2334/2334
f 2329/2329/2329 2334/2334/2334 2330/2330/2330
f 2330/2330/2330 2334/2334/2334 2335/2335/2335
f 2330/2330/2330 2335/2335/2335 2331/2331/2331
f 2331/2331/2331 2335/2335/2335 2336/2336/2336
f 2331/2331/2331 2336/2336/2336 2332/2332/2332
f 2332/2332/2332 2336/2336/2336 2337/2337/2337
f 2333/2333/2333 2338/2338/2338 2334/2334/2334
f 2334/2334/2334 2338/2338/2338 2339/2339/2339
f 2334/2334/2334 2339/2339/2339 2335/2335/2335
f 2335/2335/2335 2339/2339/2339 2340/2340/2340
f 2335/2335/2335 2340/2340/2340 2336/2336/2336
f 2336/2336/2336 2340/2340/2340 2341/2341/2341
f 2336/2336/2336 2341/2341/2341 2337/2337/2337
f 2337/2337/2337 2341/2341/2341 2342/2342/2342
f 2338/2338/2338 2343/2343/2343 2339/2339/2339
f 2339/2339/2339 2343/2343/2343 2344/2344/2344
f 2339/2339/2339 2344/2344/2344 2340/2340/2340
f 2340/2340/2340 2344/2344/2344 2345/2345/2345
f 2340/2340/2340 2345/2345/2345 2341/2341/2341
f 2341/2341/2341 2345/2345/2345 2346/2346/2346
f 2341/2341/2341 2346/2346/2346 2342/2342/2342
f 2342/2342/2342 2346/2346/2346 2347/2347/2347
f 2343/2343/2343 2348/2348/2348 2344/2344/2344
f 2344/2344/2344 2348/2348/2348 2349/2349/2349
f 2344/2344/2344 2349/2349/2349 2345/2345/2345
f 2345/2345/2345 2349/2349/2349 2350/2350/2350
f 2345/2345/2345 2350/2350/2350 2346/2346/2346
f 2346/2346/2346 2350/2350/2350 2351/2351/2351
f 2346/2346/2346 2351/2351/2351 2347/2347/2347
f 2347/2347/2347 2351/2351/2351 2352/2352/2352
f 2353/2353/2353 2354/2354/2354 2358/2358/2358
f 2354/2354/2354 2359/2359/2359 2358/2358/2358
f 2354/2354/2354 2355/2355/2355 2359/2359/2359
f 2355/2355/2355 2360/2360/2360 2359/2359/2359
f 2355/2355/2355 2356/2356/2356 2360/2360/2360
f 2356/2356/2356 2361/2361/2361 2360/2360/2360
f 2356/2356/2356 2357/2357/2357 2361/2361/2361
f 2357/2357/2357 2362/2362/2362 2361/2361/2361
f 2358/2358/2358 2359/2359/2359 2363/2363/2363
f 2359/2359/2359 2364/2364/2364 2363/2363/2363
f 2359/2359/2359 2360/2360/2360 2364/2364/2364
f 2360/2360/2360 2365/2365/2365 2364/2364/2364
f 2360/2360/2360 2361/2361/2361 2365/2365/2365
f 2361/2361/2361 2366/2366/2366 2365/2365/2365
f 2361/2361/2361 2362/2362/2362 2366/2366/2366
f 2362/2362/2362 2367/2367/2367 2366/2366/2366
f 2363/2363/2363 2364/2364/2364 2368/2368/2368
f 2364/2364/2364 2369/2369/2369 2368/2368/2368
f 2364/2364/2364 2365/2365/2365 2369/2369/2369
f 2365/2365/2365 2370/2370/2370 2369/2369/2369
f 2365/2365/2365 2366/2366/2366 2370/2370/2370
f 2366/2366/2366 2371/2371/2371 2370/2370/2370
f 2366/2366/2366 2367/2367/2367 2371/2371/2371
f 2367/2367/2367 2372/2372/2372 2371/2371/2371
f 2368/2368/2368 2369/2369/2369 2373/2373/2373
f 2369/2369/2369 2374/2374/2374 2373/2373/2373
f 2369/2369/2369 2370/2370/2370 2374/2374/2374
f 2370/2370/2370 2375/2375/2375 2374/2374/2374
f 2370/2370/2370 2371/2371/2371 2375/2375/2375
f 2371/2371/2371 2376/2376/2376 2375/2375/2375
f 2371/2371/2371 2372/2372/2372 2376/2376/2376
f 2372/2372/2372 2377/2377/2377 2376/2376/2376
f 2378/2378/2378 2383/2383/2383 2379/2379/2379
f 2379/2379/2379 2383/2383/2383 2384/2384/2384
f 2379/2379/2379 2384/2384/2384 2380/2380/2380
f 2380/2380/2380 2384/2384/2384 2385/2385/2385
f 2380/2380/2380 2385/2385/2385 2381/2381/2381
f 2381/2381/2381 2385/2385/2385 2386/2386/2386
f 2381/2381/2381 2386/2386/2386 2382/2382/2382
f 2382/2382/2382 2386/2386/2386 2387/2387/2387
f 2383/2383/2383 2388/2388/2388 2384/2384/2384
f 2384/2384/2384 2388/2388/2388 2389/2389/2389
f 2384/2384/2384 2389/2389/2389 2385/2385/2385
f 2385/2385/2385 2389/2389/2389 2390/2390/2390
f 2385/2385/2385 2390/2390/2390 2386/2386/2386
f 2386/2386/2386 2390/2390/2390 2391/2391/2391
f 2386/2386/2386 2391/2391/2391 2387/2387/2387
f 2387/2387/2387 2391/2391/2391 2392/2392/2392
f 2388/2388/2388 2393/2393/2393 2389/2389/2389
f 2389/2389/2389 2393/2393/2393 2394/2394/2394
f 2389/2389/2389 2394/2394/2394 2390/2390/2390
f 2390/2390/2390 2394/2394/2394 2395/2395/2395
f 2390/2390/2390 2395/2395/2395 2391/2391/2391
f 2391/2391/2391 2395/2395/2395 2396/2396/2396
f 2391/2391/2391 2396/2396/2396 2392/2392/2392
f 2392/2392/2392 2396/2396/2396 2397/2397/2397
f 2393/2393/2393 2398/2398/2398 2394/2394/2394
f 2394/2394/2394 2398/2398/2398 2399/2399/2399
f 2394/2394/2394 2399/2399/2399 2395/2395/2395
f 2395/2395/2395 2399/2399/2399 2400/2400/2400
f 2395/2395/2395 2400/2400/2400 2396/2396/2396
f 2396/2396/2396 2400/2400/2400 2401/2401/2401
f 2396/2396/2396 2401/2401/2401 2397/2397/2397
f 2397/2397/2397 2401/2401/2401 2402/2402/2402
f 2403/2403/2403 2404/2404/2404 2408/2408/2408
f 2404/2404/2404 2409/2409/2409 2408/2408/2408
f 2404/2404/2404 2405/2405/2405 2409/2409/2409
f 2405/2405/2405 2410/2410/2410 2409/2409/2409
f 2405/2405/2405 2406/2406/2406 2410/2410/2410
f 2406/2406/2406 2411/2411/2411 2410/2410/2410
f 2406/2406/2406 2407/2407/2407 2411/2411/2411
f 2407/2407/2407 2412/2412/2412 2411/2411/2411
f 2408/2408/2408 2409/2409/2409 2413/2413/2413
f 2409/2409/2409 2414/2414/2414 2413/2413/2413
f 2409/2409/2409 2410/2410/2410 2414/2414/2414
f 2410/2410/2410 2415/2415/2415 2414/2414/2414
f 2410/2410/2410 2411/2411/2411 2415/2415/2415
f 2411/2411/2411 2416/2416/2416 2415/2415/2415
f 2411/2411/2411 2412/2412/2412 2416/2416/2416
f 2412/2412/2412 2417/2417/2417 2416/2416/2416
f 2413/2413/2413 2414/2414/2414 2418/2418/2418
f 2414/2414/2414 2419/2419/2419 2418/2418/2418
f 2414/2414/2414 2415/2415/2415 2419/2419/2419
f 2415/2415/2415 2420/2420/2420 2419/2419/2419
f 2415/2415/2415 2416/2416/2416 2420/2420/2420
f 2416/2416/2416 2421/2421/2421 2420/2420/2420
f 2416/2416/2416 2417/2417/2417 2421/2421/2421
f 2417/2417/2417 2422/2422/2422 2421/2421/2421
f 2418/2418/2418 2419/2419/2419 2423/2423/2423
f 2419/2419/2419 2424/2424/2424 2423/2423/2423
f 2419/2419/2419 2420/2420/2420 2424/2424/2424
f 2420/2420/2420 2425/2425/2425 2424/2424/2424
f 2420/2420/2420 2421/2421/2421 2425/2425/2425
f 2421/2421/2421 2426/2426/2426 2425/2425/2425
f 2421/2421/2421 2422/2422/2422 2426/2426/2426
f 2422/2422/2422 2427/2427/2427 2426/2426/2426
o beveled-plate_part_7
usemtl part_7
v -8.022753 2.278876 -0.3697128
v -8.024056 2.34 -0.3759411
v -8.024056 2.41 -0.3759411
v -8.024056 2.48 -0.3759411
v -8.022753 2.541124 -0.3697128
v -8.024056 2.276151 -0.23
v -8.027 2.34 -0.23
v -8.027 2.41 -0.23
v -8.027 2.48 -0.23
v -8.024056 2.543849 -0.23
v -8.024056 2.276151 -0.07
v -8.027 2.34 -0.07
v -8.027 2.41 -0.07
v -8.027 2.48 -0.07
v -8.024056 2.543849 -0.07
v -8.024056 2.276151 0.09
v -8.027 2.34 0.09
v -8.027 2.41 0.09
v -8.027 2.48 0.09
v -8.024056 2.543849 0.09
v -8.022753 2.278876 0.2297128
v -8.024056 2.34 0.2359411
v -8.024056 2.41 0.2359411
v -8.024056 2.48 0.2359411
v -8.022753 2.541124 0.2297128
v -7.897248 2.278876 -0.3697128
v -7.895944 2.34 -0.3759411
v -7.895944 2.41 -0.3759411
v -7.895944 2.48 -0.3759411
v -7.897248 2.541124 -0.3697128
v -7.895944 2.276151 -0.23
v -7.893 2.34 -0.23
v -7.893 2.41 -0.23
v -7.893 2.48 -0.23
v -7.895944 2.543849 -0.23
v -7.895944 2.276151 -0.07
v -7.893 2.34 -0.07
v -7.893 2.41 -0.07
v -7.893 2.48 -0.07
v -7.895944 2.543849 -0.07
v -7.895944 2.276151 0.09
v -7.893 2.34 0.09
v -7.893 2.41 0.09
v -7.893 2.48 0.09
v -7.895944 2.543849 0.09
v -7.897248 2.278876 0.2297128
v -7.895944 2.34 0.2359411
v -7.895944 2.41 0.2359411
v -7.895944 2.48 0.2359411
v -7.897248 2.541124 0.2297128
v -8.022753 2.278876 -0.3697128
v -8.024056 2.276151 -0.23
v -8.024056 2.276151 -0.07
v -8.024056 2.276151 0.09
v -8.022753 2.278876 0.2297128
v -7.9935 2.276151 -0.3759411
v -7.9935 2.27 -0.23
v -7.9935 2.27 -0.07
v -7.9935 2.27 0.09
v -7.9935 2.276151 0.2359411
v -7.96 2.276151 -0.3759411
v -7.96 2.27 -0.23
v -7.96 2.27 -0.07
v -7.96 2.27 0.09
v -7.96 2.276151 0.2359411
v -7.9265 2.276151 -0.3759411
v -7.9265 2.27 -0.23
v -7.9265 2.27 -0.07
v -7.9265 2.27 0.09
v -7.9265 2.276151 0.2359411
v -7.897248 2.278876 -0.3697128
v -7.895944 2.276151 -0.23
v -7.895944 2.276151 -0.07
v -7.895944 2.276151 0.09
v -7.897248 2.278876 0.2297128
v -8.022753 2.541124 -0.3697128
v -8.024056 2.543849 -0.23
v -8.024056 2.543849 -0.07
v -8.024056 2.543849 0.09
v -8.022753 2.541124 0.2297128
v -7.9935 2.543849 -0.3759411
v -7.9935 2.55 -0.23
v -7.9935 2.55 -0.07
v -7.9935 2.55 0.09
v -7.9935 2.543849 0.2359411
v -7.96 2.543849 -0.3759411
v -7.96 2.55 -0.23
v -7.96 2.55 -0.07
v -7.96 2.55 0.09
v -7.96 2.543849 0.2359411
v -7.9265 2.543849 -0.3759411
v -7.9265 2.55 -0.23
v -7.9265 2.55 -0.07
v -7.9265 2.55 0.09
v -7.9265 2.543849 0.2359411
v -7.897248 2.541124 -0.3697128
v -7.895944 2.543849 -0.23
v -7.895944 2.543849 -0.07
v -7.895944 2.543849 0.09
v -7.897248 2.541124 0.2297128
v -8.022753 2.278876 -0.3697128
v -7.9935 2.276151 -0.3759411
v -7.96 2.276151 -0.3759411
v -7.9265 2.276151 -0.3759411
v -7.897248 2.278876 -0.3697128
v -8.024056 2.34 -0.3759411
v -7.9935 2.34 -0.39
v -7.96 2.34 -0.39
v -7.9265 2.34 -0.39
v -7.895944 2.34 -0.3759411
v -8.024056 2.41 -0.3759411
v -7.9935 2.41 -0.39
v -7.96 2.41 -0.39
v -7.9265 2.41 -0.39
v -7.895944 2.41 -0.3759411
v -8.024056 2.48 -0.3759411
v -7.9935 2.48 -0.39
v -7.96 2.48 -0.39
v -7.9265 2.48 -0.39
v -7.895944 2.48 -0.3759411
v -8.022753 2.541124 -0.3697128
v -7.9935 2.543849 -0.3759411
v -7.96 2.543849 -0.3759411
v -7.9265 2.543849 -0.3759411
v -7.897248 2.541124 -0.3697128
v -8.022753 2.278876 0.2297128
v -7.9935 2.276151 0.2359411
v -7.96 2.276151 0.2359411
v -7.9265 2.276151 0.2359411
v -7.897248 2.278876 0.2297128
v -8.024056 2.34 0.2359411
v -7.9935 2.34 0.25
v -7.96 2.34 0.25
v -7.9265 2.34 0.25
v -7.895944 2.34 0.2359411
v -8.024056 2.41 0.2359411
v -7.9935 2.41 0.25
v -7.96 2.41 0.25
v -7.9265 2.41 0.25
v -7.895944 2.41 0.2359411
v -8.024056 2.48 0.2359411
v -7.9935 2.48 0.25
v -7.96 2.48 0.25
v -7.9265 2.48 0.25
v -7.895944 2.48 0.2359411
v -8.022753 2.541124 0.2297128
v -7.9935 2.543849 0.2359411
v -7.96 2.543849 0.2359411
v -7.9265 2.543849 0.2359411
v -7.897248 2.541124 0.2297128
vt 0 0
vt 0.25 0
vt 0.5 0
vt 0.75 0
vt 1 0
vt 0 0.25
vt 0.25 0.25
vt 0.5 0.25
vt 0.75 0.25
vt 1 0.25
vt 0 0.5
vt 0.25 0.5
vt 0.5 0.5
vt 0.75 0.5
vt 1 0.5
vt 0 0.75
vt 0.25 0.75
vt 0.5 0.75
vt 0.75 0.75
vt 1 0.75
vt 0 1
vt 0.25 1
vt 0.5 1
vt 0.75 1
vt 1 1
vt 0 0
vt 0.25 0
vt 0.5 0
vt 0.75 0
vt 1 0
vt 0 0.25
vt 0.25 0.25
vt 0.5 0.25
vt 0.75 0.25
vt 1 0.25
vt 0 0.5
vt 0.25 0.5
vt 0.5 0.5
vt 0.75 0.5
vt 1 0.5
vt 0 0.75
vt 0.25 0.75
vt 0.5 0.75
vt 0.75 0.75
vt 1 0.75
vt 0 1
vt 0.25 1
vt 0.5 1
vt 0.75 1
vt 1 1
vt 0 0
vt 0.25 0
vt 0.5 0
vt 0.75 0
vt 1 0
vt 0 0.25
vt 0.25 0.25
vt 0.5 0.25
vt 0.75 0.25
vt 1 0.25
vt 0 0.5
vt 0.25 0.5
vt 0.5 0.5
vt 0.75 0.5
vt 1 0.5
vt 0 0.75
vt 0.25 0.75
vt 0.5 0.75
vt 0.75 0.75
vt 1 0.75
vt 0 1
vt 0.25 1
vt 0.5 1
vt 0.75 1
vt 1 1
vt 0 0
vt 0.25 0
vt 0.5 0
vt 0.75 0
vt 1 0
vt 0 0.25
vt 0.25 0.25
vt 0.5 0.25
vt 0.75 0.25
vt 1 0.25
vt 0 0.5
vt 0.25 0.5
vt 0.5 0.5
vt 0.75 0.5
vt 1 0.5
vt 0 0.75
vt 0.25 0.75
vt 0.5 0.75
vt 0.75 0.75
vt 1 0.75
vt 0 1
vt 0.25 1
vt 0.5 1
vt 0.75 1
vt 1 1
vt 0 0
vt 0.25 0
vt 0.5 0
vt 0.75 0
vt 1 0
vt 0 0.25
vt 0.25 0.25
vt 0.5 0.25
vt 0.75 0.25
vt 1 0.25
vt 0 0.5
vt 0.25 0.5
vt 0.5 0.5
vt 0.75 0.5
vt 1 0.5
vt 0 0.75
vt 0.25 0.75
vt 0.5 0.75
vt 0.75 0.75
vt 1 0.75
vt 0 1
vt 0.25 1
vt 0.5 1
vt 0.75 1
vt 1 1
vt 0 0
vt 0.25 0
vt 0.5 0
vt 0.75 0
vt 1 0
vt 0 0.25
vt 0.25 0.25
vt 0.5 0.25
vt 0.75 0.25
vt 1 0.25
vt 0 0.5
vt 0.25 0.5
vt 0.5 0.5
vt 0.75 0.5
vt 1 0.5
vt 0 0.75
vt 0.25 0.75
vt 0.5 0.75
vt 0.75 0.75
vt 1 0.75
vt 0 1
vt 0.25 1
vt 0.5 1
vt 0.75 1
vt 1 1
vn -0.8864541 -0.4240127 -0.1855056
vn -0.978788 0 -0.2048762
vn -0.978788 0 -0.2048762
vn -0.978788 0 -0.2048762
vn -0.886394 0.4241298 -0.1855249
vn -0.9020724 -0.4315848 0
vn -1 -0 -0
vn -1 -0 -0
vn -1 -0 -0
vn -0.9020251 0.4316835 0
vn -0.9020724 -0.4315848 0
vn -1 -0 -0
vn -1 -0 -0
vn -1 -0 -0
vn -0.9020251 0.4316835 0
vn -0.9020724 -0.4315848 0
vn -1 -0 -0
vn -1 -0 -0
vn -1 -0 -0
vn -0.9020252 0.4316835 0
vn -0.8864162 -0.4240675 0.1855615
vn -0.9787763 0 0.2049313
vn -0.9787763 0 0.2049313
vn -0.9787763 0 0.2049313
vn -0.8863561 0.4241847 0.1855808
vn 0.8864541 -0.4240127 -0.1855056
vn 0.978788 0 -0.2048762
vn 0.978788 0 -0.2048762
vn 0.978788 0 -0.2048762
vn 0.886394 0.4241298 -0.1855249
vn 0.9020724 -0.4315848 0
vn 1 0 0
vn 1 0 0
vn 1 0 0
vn 0.9020251 0.4316835 0
vn 0.9020724 -0.4315848 0
vn 1 0 0
vn 1 0 0
vn 1 0 0
vn 0.9020251 0.4316835 0
vn 0.9020724 -0.4315848 0
vn 1 0 0
vn 1 0 0
vn 1 0 0
vn 0.9020252 0.4316835 0
vn 0.8864162 -0.4240675 0.1855615
vn 0.9787763 0 0.2049313
vn 0.9787763 0 0.2049313
vn 0.9787763 0 0.2049313
vn 0.8863561 0.4241847 0.1855808
vn -0.8862737 -0.4243643 -0.1855636
vn -0.9019779 -0.4317821 0
vn -0.9019779 -0.4317821 0
vn -0.9019779 -0.4317821 0
vn -0.8862959 -0.4243019 0.1856002
vn 0 -0.9161987 -0.4007244
vn -0 -1 -0
vn -0 -1 -0
vn -0 -1 -0
vn 0 -0.9161573 0.4008189
vn 0 -0.9161987 -0.4007244
vn -0 -1 -0
vn -0 -1 -0
vn -0 -1 -0
vn 0 -0.9161573 0.4008189
vn 0 -0.9161987 -0.4007244
vn -0 -1 -0
vn -0 -1 -0
vn -0 -1 -0
vn 0 -0.9161574 0.4008189
vn 0.8863339 -0.4242471 -0.1855442
vn 0.9020251 -0.4316835 0
vn 0.9020251 -0.4316835 0
vn 0.9020252 -0.4316835 0
vn 0.8863561 -0.4241847 0.1855808
vn -0.8862737 0.4243643 -0.1855636
vn -0.9019779 0.4317821 0
vn -0.9019779 0.4317821 0
vn -0.9019779 0.4317821 0
vn -0.8862959 0.4243019 0.1856002
vn 0 0.9161987 -0.4007244
vn 0 1 0
vn 0 1 0
vn 0 1 0
vn 0 0.9161573 0.4008189
vn 0 0.9161987 -0.4007244
vn 0 1 0
vn 0 1 0
vn 0 1 0
vn 0 0.9161573 0.4008189
vn 0 0.9161987 -0.4007244
vn 0 1 0
vn 0 1 0
vn 0 1 0
vn 0 0.9161574 0.4008189
vn 0.8863339 0.4242471 -0.1855442
vn 0.9020251 0.4316835 0
vn 0.9020251 0.4316835 0
vn 0.9020252 0.4316835 0
vn 0.8863561 0.4241847 0.1855808
vn -0.8863403 -0.4241772 -0.1856733
vn 0 -0.916116 -0.4009134
vn 0 -0.9161159 -0.4009134
vn 0 -0.9161159 -0.4009134
vn 0.8863783 -0.4241223 -0.1856174
vn -0.9787648 0 -0.2049865
vn -0 -0 -1
vn -0 -0 -1
vn -0 -0 -1
vn 0.9787763 0 -0.2049313
vn -0.9787648 0 -0.2049865
vn -0 -0 -1
vn -0 -0 -1
vn -0 -0 -1
vn 0.9787763 0 -0.2049313
vn -0.9787648 0 -0.2049865
vn -0 -0 -1
vn -0 -0 -1
vn -0 -0 -1
vn 0.9787763 0 -0.2049313
vn -0.8863181 0.4242395 -0.1856368
vn 0 0.9161573 -0.4008189
vn 0 0.9161573 -0.4008189
vn 0 0.9161574 -0.4008189
vn 0.8863561 0.4241847 -0.1855808
vn -0.8863403 -0.4241772 0.1856733
vn 0 -0.916116 0.4009134
vn 0 -0.9161159 0.4009134
vn 0 -0.9161159 0.4009134
vn 0.8863783 -0.4241223 0.1856174
vn -0.9787648 0 0.2049865
vn 0 0 1
vn 0 0 1
vn 0 0 1
vn 0.9787763 0 0.2049313
vn -0.9787648 0 0.2049865
vn 0 0 1
vn 0 0 1
vn 0 0 1
vn 0.9787763 0 0.2049313
vn -0.9787648 0 0.2049865
vn 0 0 1
vn 0 0 1
vn 0 0 1
vn 0.9787763 0 0.2049313
vn -0.8863181 0.4242395 0.1856368
vn 0 0.9161573 0.4008189
vn 0 0.9161573 0.4008189
vn 0 0.9161574 0.4008189
vn 0.8863561 0.4241847 0.1855808
f 2428/2428/2428 2433/2433/2433 2429/2429/2429
f 2429/2429/2429 2433/2433/2433 2434/2434/2434
f 2429/2429/2429 2434/2434/2434 2430/2430/2430
f 2430/2430/2430 2434/2434/2434 2435/2435/2435
f 2430/2430/2430 2435/2435/2435 2431/2431/2431
f 2431/2431/2431 2435/2435/2435 2436/2436/2436
f 2431/2431/2431 2436/2436/2436 2432/2432/2432
f 2432/2432/2432 2436/2436/2436 2437/2437/2437
f 2433/2433/2433 2438/2438/2438 2434/2434/2434
f 2434/2434/2434 2438/2438/2438 2439/2439/2439
f 2434/2434/2434 2439/2439/2439 2435/2435/2435
f 2435/2435/2435 2439/2439/2439 2440/2440/2440
f 2435/2435/2435 2440/2440/2440 2436/2436/2436
f 2436/2436/2436 2440/2440/2440 2441/2441/2441
f 2436/2436/2436 2441/2441/2441 2437/2437/2437
f 2437/2437/2437 2441/2441/2441 2442/2442/2442
f 2438/2438/2438 2443/2443/2443 2439/2439/2439
f 2439/2439/2439 2443/2443/2443 2444/2444/2444
f 2439/2439/2439 2444/2444/2444 2440/2440/2440
f 2440/2440/2440 2444/2444/2444 2445/2445/2445
f 2440/2440/2440 2445/2445/2445 2441/2441/2441
f 2441/2441/2441 2445/2445/2445 2446/2446/2446
f 2441/2441/2441 2446/2446/2446 2442/2442/2442
f 2442/2442/2442 2446/2446/2446 2447/2447/2447
f 2443/2443/2443 2448/2448/2448 2444/2444/2444
f 2444/2444/2444 2448/2448/2448 2449/2449/2449
f 2444/2444/2444 2449/2449/2449 2445/2445/2445
f 2445/2445/2445 2449/2449/2449 2450/2450/2450
f 2445/2445/2445 2450/2450/2450 2446/2446/2446
f 2446/2446/2446 2450/2450/2450 2451/2451/2451
f 2446/2446/2446 2451/2451/2451 2447/2447/2447
f 2447/2447/2447 2451/2451/2451 2452/2452/2452
f 2453/2453/2453 2454/2454/2454 2458/2458/2458
f 2454/2454/2454 2459/2459/2459 2458/2458/2458
f 2454/2454/2454 2455/2455/2455 2459/2459/2459
f 2455/2455/2455 2460/2460/2460 2459/2459/2459
f 2455/2455/2455 2456/2456/2456 2460/2460/2460
f 2456/2456/2456 2461/2461/2461 2460/2460/2460
f 2456/2456/2456 2457/2457/2457 2461/2461/2461
f 2457/2457/2457 2462/2462/2462 2461/2461/2461
f 2458/2458/2458 2459/2459/2459 2463/2463/2463
f 2459/2459/2459 2464/2464/2464 2463/2463/2463
f 2459/2459/2459 2460/2460/2460 2464/2464/2464
f 2460/2460/2460 2465/2465/2465 2464/2464/2464
f 2460/2460/2460 2461/2461/2461 2465/2465/2465
f 2461/2461/2461 2466/2466/2466 2465/2465/2465
f 2461/2461/2461 2462/2462/2462 2466/2466/2466
f 2462/2462/2462 2467/2467/2467 2466/2466/2466
f 2463/2463/2463 2464/2464/2464 2468/2468/2468
f 2464/2464/2464 2469/2469/2469 2468/2468/2468
f 2464/2464/2464 2465/2465/2465 2469/2469/2469
f 2465/2465/2465 2470/2470/2470 2469/2469/2469
f 2465/2465/2465 2466/2466/2466 2470/2470/2470
f 2466/2466/2466 2471/2471/2471 2470/2470/2470
f 2466/2466/2466 2467/2467/2467 2471/2471/2471
f 2467/2467/2467 2472/2472/2472 2471/2471/2471
f 2468/2468/2468 2469/2469/2469 2473/2473/2473
f 2469/2469/2469 2474/2474/2474 2473/2473/2473
f 2469/2469/2469 2470/2470/2470 2474/2474/2474
f 2470/2470/2470 2475/2475/2475 2474/2474/2474
f 2470/2470/2470 2471/2471/2471 2475/2475/2475
f 2471/2471/2471 2476/2476/2476 2475/2475/2475
f 2471/2471/2471 2472/2472/2472 2476/2476/2476
f 2472/2472/2472 2477/2477/2477 2476/2476/2476
f 2478/2478/2478 2483/2483/2483 2479/2479/2479
f 2479/2479/2479 2483/2483/2483 2484/2484/2484
f 2479/2479/2479 2484/2484/2484 2480/2480/2480
f 2480/2480/2480 2484/2484/2484 2485/2485/2485
f 2480/2480/2480 2485/2485/2485 2481/2481/2481
f 2481/2481/2481 2485/2485/2485 2486/2486/2486
f 2481/2481/2481 2486/2486/2486 2482/2482/2482
f 2482/2482/2482 2486/2486/2486 2487/2487/2487
f 2483/2483/2483 2488/2488/2488 2484/2484/2484
f 2484/2484/2484 2488/2488/2488 2489/2489/2489
f 2484/2484/2484 2489/2489/2489 2485/2485/2485
f 2485/2485/2485 2489/2489/2489 2490/2490/2490
f 2485/2485/2485 2490/2490/2490 2486/2486/2486
f 2486/2486/2486 2490/2490/2490 2491/2491/2491
f 2486/2486/2486 2491/2491/2491 2487/2487/2487
f 2487/2487/2487 2491/2491/2491 2492/2492/2492
f 2488/2488/2488 2493/2493/2493 2489/2489/2489
f 2489/2489/2489 2493/2493/2493 2494/2494/2494
f 2489/2489/2489 2494/2494/2494 2490/2490/2490
f 2490/2490/2490 2494/2494/2494 2495/2495/2495
f 2490/2490/2490 2495/2495/2495 2491/2491/2491
f 2491/2491/2491 2495/2495/2495 2496/2496/2496
f 2491/2491/2491 2496/2496/2496 2492/2492/2492
f 2492/2492/2492 2496/2496/2496 2497/2497/2497
f 2493/2493/2493 2498/2498/2498 2494/2494/2494
f 2494/2494/2494 2498/2498/2498 2499/2499/2499
f 2494/2494/2494 2499/2499/2499 2495/2495/2495
f 2495/2495/2495 2499/2499/2499 2500/2500/2500
f 2495/2495/2495 2500/2500/2500 2496/2496/2496
f 2496/2496/2496 2500/2500/2500 2501/2501/2501
f 2496/2496/2496 2501/2501/2501 2497/2497/2497
f 2497/2497/2497 2501/2501/2501 2502/2502/2502
f 2503/2503/2503 2504/2504/2504 2508/2508/2508
f 2504/2504/2504 2509/2509/2509 2508/2508/2508
f 2504/2504/2504 2505/2505/2505 2509/2509/2509
f 2505/2505/2505 2510/2510/2510 2509/2509/2509
f 2505/2505/2505 2506/2506/2506 2510/2510/2510
f 2506/2506/2506 2511/2511/2511 2510/2510/2510
f 2506/2506/2506 2507/2507/2507 2511/2511/2511
f 2507/2507/2507 2512/2512/2512 2511/2511/2511
f 2508/2508/2508 2509/2509/2509 2513/2513/2513
f 2509/2509/2509 2514/2514/2514 2513/2513/2513
f 2509/2509/2509 2510/2510/2510 2514/2514/2514
f 2510/2510/2510 2515/2515/2515 2514/2514/2514
f 2510/2510/2510 2511/2511/2511 2515/2515/2515
f 2511/2511/2511 2516/2516/2516 2515/2515/2515
f 2511/2511/2511 2512/2512/2512 2516/2516/2516
f 2512/2512/2512 2517/2517/2517 2516/2516/2516
f 2513/2513/2513 2514/2514/2514 2518/2518/2518
f 2514/2514/2514 2519/2519/2519 2518/2518/2518
f 2514/2514/2514 2515/2515/2515 2519/2519/2519
f 2515/2515/2515 2520/2520/2520 2519/2519/2519
f 2515/2515/2515 2516/2516/2516 2520/2520/2520
f 2516/2516/2516 2521/2521/2521 2520/2520/2520
f 2516/2516/2516 2517/2517/2517 2521/2521/2521
f 2517/2517/2517 2522/2522/2522 2521/2521/2521
f 2518/2518/2518 2519/2519/2519 2523/2523/2523
f 2519/2519/2519 2524/2524/2524 2523/2523/2523
f 2519/2519/2519 2520/2520/2520 2524/2524/2524
f 2520/2520/2520 2525/2525/2525 2524/2524/2524
f 2520/2520/2520 2521/2521/2521 2525/2525/2525
f 2521/2521/2521 2526/2526/2526 2525/2525/2525
f 2521/2521/2521 2522/2522/2522 2526/2526/2526
f 2522/2522/2522 2527/2527/2527 2526/2526/2526
f 2528/2528/2528 2533/2533/2533 2529/2529/2529
f 2529/2529/2529 2533/2533/2533 2534/2534/2534
f 2529/2529/2529 2534/2534/2534 2530/2530/2530
f 2530/2530/2530 2534/2534/2534 2535/2535/2535
f 2530/2530/2530 2535/2535/2535 2531/2531/2531
f 2531/2531/2531 2535/2535/2535 2536/2536/2536
f 2531/2531/2531 2536/2536/2536 2532/2532/2532
f 2532/2532/2532 2536/2536/2536 2537/2537/2537
f 2533/2533/2533 2538/2538/2538 2534/2534/2534
f 2534/2534/2534 2538/2538/2538 2539/2539/2539
f 2534/2534/2534 2539/2539/2539 2535/2535/2535
f 2535/2535/2535 2539/2539/2539 2540/2540/2540
f 2535/2535/2535 2540/2540/2540 2536/2536/2536
f 2536/2536/2536 2540/2540/2540 2541/2541/2541
f 2536/2536/2536 2541/2541/2541 2537/2537/2537
f 2537/2537/2537 2541/2541/2541 2542/2542/2542
f 2538/2538/2538 2543/2543/2543 2539/2539/2539
f 2539/2539/2539 2543/2543/2543 2544/2544/2544
f 2539/2539/2539 2544/2544/2544 2540/2540/2540
f 2540/2540/2540 2544/2544/2544 2545/2545/2545
f 2540/2540/2540 2545/2545/2545 2541/2541/2541
f 2541/2541/2541 2545/2545/2545 2546/2546/2546
f 2541/2541/2541 2546/2546/2546 2542/2542/2542
f 2542/2542/2542 2546/2546/2546 2547/2547/2547
f 2543/2543/2543 2548/2548/2548 2544/2544/2544
f 2544/2544/2544 2548/2548/2548 2549/2549/2549
f 2544/2544/2544 2549/2549/2549 2545/2545/2545
f 2545/2545/2545 2549/2549/2549 2550/2550/2550
f 2545/2545/2545 2550/2550/2550 2546/2546/2546
f 2546/2546/2546 2550/2550/2550 2551/2551/2551
f 2546/2546/2546 2551/2551/2551 2547/2547/2547
f 2547/2547/2547 2551/2551/2551 2552/2552/2552
f 2553/2553/2553 2554/2554/2554 2558/2558/2558
f 2554/2554/2554 2559/2559/2559 2558/2558/2558
f 2554/2554/2554 2555/2555/2555 2559/2559/2559
f 2555/2555/2555 2560/2560/2560 2559/2559/2559
f 2555/2555/2555 2556/2556/2556 2560/2560/2560
f 2556/2556/2556 2561/2561/2561 2560/2560/2560
f 2556/2556/2556 2557/2557/2557 2561/2561/2561
f 2557/2557/2557 2562/2562/2562 2561/2561/2561
f 2558/2558/2558 2559/2559/2559 2563/2563/2563
f 2559/2559/2559 2564/2564/2564 2563/2563/2563
f 2559/2559/2559 2560/2560/2560 2564/2564/2564
f 2560/2560/2560 2565/2565/2565 2564/2564/2564
f 2560/2560/2560 2561/2561/2561 2565/2565/2565
f 2561/2561/2561 2566/2566/2566 2565/2565/2565
f 2561/2561/2561 2562/2562/2562 2566/2566/2566
f 2562/2562/2562 2567/2567/2567 2566/2566/2566
f 2563/2563/2563 2564/2564/2564 2568/2568/2568
f 2564/2564/2564 2569/2569/2569 2568/2568/2568
f 2564/2564/2564 2565/2565/2565 2569/2569/2569
f 2565/2565/2565 2570/2570/2570 2569/2569/2569
f 2565/2565/2565 2566/2566/2566 2570/2570/2570
f 2566/2566/2566 2571/2571/2571 2570/2570/2570
f 2566/2566/2566 2567/2567/2567 2571/2571/2571
f 2567/2567/2567 2572/2572/2572 2571/2571/2571
f 2568/2568/2568 2569/2569/2569 2573/2573/2573
f 2569/2569/2569 2574/2574/2574 2573/2573/2573
f 2569/2569/2569 2570/2570/2570 2574/2574/2574
f 2570/2570/2570 2575/2575/2575 2574/2574/2574
f 2570/2570/2570 2571/2571/2571 2575/2575/2575
f 2571/2571/2571 2576/2576/2576 2575/2575/2575
f 2571/2571/2571 2572/2572/2572 2576/2576/2576
f 2572/2572/2572 2577/2577/2577 2576/2576/2576
o beveled-plate_part_8
usemtl part_8
v -8.022753 2.848876 -0.3697128
v -8.024056 2.91 -0.3759411
v -8.024056 2.98 -0.3759411
v -8.024056 3.05 -0.3759411
v -8.022753 3.111124 -0.3697128
v -8.024056 2.846151 -0.23
v -8.027 2.91 -0.23
v -8.027 2.98 -0.23
v -8.027 3.05 -0.23
v -8.024056 3.113849 -0.23
v -8.024056 2.846151 -0.07
v -8.027 2.91 -0.07
v -8.027 2.98 -0.07
v -8.027 3.05 -0.07
v -8.024056 3.113849 -0.07
v -8.024056 2.846151 0.09
v -8.027 2.91 0.09
v -8.027 2.98 0.09
v -8.027 3.05 0.09
v -8.024056 3.113849 0.09
v -8.022753 2.848876 0.2297128
v -8.024056 2.91 0.2359411
v -8.024056 2.98 0.2359411
v -8.024056 3.05 0.2359411
v -8.022753 3.111124 0.2297128
v -7.897248 2.848876 -0.3697128
v -7.895944 2.91 -0.3759411
v -7.895944 2.98 -0.3759411
v -7.895944 3.05 -0.3759411
v -7.897248 3.111124 -0.3697128
v -7.895944 2.846151 -0.23
v -7.893 2.91 -0.23
v -7.893 2.98 -0.23
v -7.893 3.05 -0.23
v -7.895944 3.113849 -0.23
v -7.895944 2.846151 -0.07
v -7.893 2.91 -0.07
v -7.893 2.98 -0.07
v -7.893 3.05 -0.07
v -7.895944 3.113849 -0.07
v -7.895944 2.846151 0.09
v -7.893 2.91 0.09
v -7.893 2.98 0.09
v -7.893 3.05 0.09
v -7.895944 3.113849 0.09
v -7.897248 2.848876 0.2297128
v -7.895944 2.91 0.2359411
v -7.895944 2.98 0.2359411
v -7.895944 3.05 0.2359411
v -7.897248 3.111124 0.2297128
v -8.022753 2.848876 -0.3697128
v -8.024056 2.846151 -0.23
v -8.024056 2.846151 -0.07
v -8.024056 2.846151 0.09
v -8.022753 2.848876 0.2297128
v -7.9935 2.846151 -0.3759411
v -7.9935 2.84 -0.23
v -7.9935 2.84 -0.07
v -7.9935 2.84 0.09
v -7.9935 2.846151 0.2359411
v -7.96 2.846151 -0.3759411
v -7.96 2.84 -0.23
v -7.96 2.84 -0.07
v -7.96 2.84 0.09
v -7.96 2.846151 0.2359411
v -7.9265 2.846151 -0.3759411
v -7.9265 2.84 -0.23
v -7.9265 2.84 -0.07
v -7.9265 2.84 0.09
v -7.9265 2.846151 0.2359411
v -7.897248 2.848876 -0.3697128
v -7.895944 2.846151 -0.23
v -7.895944 2.846151 -0.07
v -7.895944 2.846151 0.09
v -7.897248 2.848876 0.2297128
v -8.022753 3.111124 -0.3697128
v -8.024056 3.113849 -0.23
v -8.024056 3.113849 -0.07
v -8.024056 3.113849 0.09
v -8.022753 3.111124 0.2297128
v -7.9935 3.113849 -0.3759411
v -7.9935 3.12 -0.23
v -7.9935 3.12 -0.07
v -7.9935 3.12 0.09
v -7.9935 3.113849 0.2359411
v -7.96 3.113849 -0.3759411
v -7.96 3.12 -0.23
v -7.96 3.12 -0.07
v -7.96 3.12 0.09
v -7.96 3.113849 0.2359411
v -7.9265 3.113849 -0.3759411
v -7.9265 3.12 -0.23
v -7.9265 3.12 -0.07
v -7.9265 3.12 0.09
v -7.9265 3.113849 0.2359411
v -7.897248 3.111124 -0.3697128
v -7.895944 3.113849 -0.23
v -7.895944 3.113849 -0.07
v -7.895944 3.113849 0.09
v -7.897248 3.111124 0.2297128
v -8.022753 2.848876 -0.3697128
v -7.9935 2.846151 -0.3759411
v -7.96 2.846151 -0.3759411
v -7.9265 2.846151 -0.3759411
v -7.897248 2.848876 -0.3697128
v -8.024056 2.91 -0.3759411
v -7.9935 2.91 -0.39
v -7.96 2.91 -0.39
v -7.9265 2.91 -0.39
v -7.895944 2.91 -0.3759411
v -8.024056 2.98 -0.3759411
v -7.9935 2.98 -0.39
v -7.96 2.98 -0.39
v -7.9265 2.98 -0.39
v -7.895944 2.98 -0.3759411
v -8.024056 3.05 -0.3759411
v -7.9935 3.05 -0.39
v -7.96 3.05 -0.39
v -7.9265 3.05 -0.39
v -7.895944 3.05 -0.3759411
v -8.022753 3.111124 -0.3697128
v -7.9935 3.113849 -0.3759411
v -7.96 3.113849 -0.3759411
v -7.9265 3.113849 -0.3759411
v -7.897248 3.111124 -0.3697128
v -8.022753 2.848876 0.2297128
v -7.9935 2.846151 0.2359411
v -7.96 2.846151 0.2359411
v -7.9265 2.846151 0.2359411
v -7.897248 2.848876 0.2297128
v -8.024056 2.91 0.2359411
v -7.9935 2.91 0.25
v -7.96 2.91 0.25
v -7.9265 2.91 0.25
v -7.895944 2.91 0.2359411
v -8.024056 2.98 0.2359411
v -7.9935 2.98 0.25
v -7.96 2.98 0.25
v -7.9265 2.98 0.25
v -7.895944 2.98 0.2359411
v -8.024056 3.05 0.2359411
v -7.9935 3.05 0.25
v -7.96 3.05 0.25
v -7.9265 3.05 0.25
v -7.895944 3.05 0.2359411
v -8.022753 3.111124 0.2297128
v -7.9935 3.113849 0.2359411
v -7.96 3.113849 0.2359411
v -7.9265 3.113849 0.2359411
v -7.897248 3.111124 0.2297128
vt 0 0
vt 0.25 0
vt 0.5 0
vt 0.75 0
vt 1 0
vt 0 0.25
vt 0.25 0.25
vt 0.5 0.25
vt 0.75 0.25
vt 1 0.25
vt 0 0.5
vt 0.25 0.5
vt 0.5 0.5
vt 0.75 0.5
vt 1 0.5
vt 0 0.75
vt 0.25 0.75
vt 0.5 0.75
vt 0.75 0.75
vt 1 0.75
vt 0 1
vt 0.25 1
vt 0.5 1
vt 0.75 1
vt 1 1
vt 0 0
vt 0.25 0
vt 0.5 0
vt 0.75 0
vt 1 0
vt 0 0.25
vt 0.25 0.25
vt 0.5 0.25
vt 0.75 0.25
vt 1 0.25
vt 0 0.5
vt 0.25 0.5
vt 0.5 0.5
vt 0.75 0.5
vt 1 0.5
vt 0 0.75
vt 0.25 0.75
vt 0.5 0.75
vt 0.75 0.75
vt 1 0.75
vt 0 1
vt 0.25 1
vt 0.5 1
vt 0.75 1
vt 1 1
vt 0 0
vt 0.25 0
vt 0.5 0
vt 0.75 0
vt 1 0
vt 0 0.25
vt 0.25 0.25
vt 0.5 0.25
vt 0.75 0.25
vt 1 0.25
vt 0 0.5
vt 0.25 0.5
vt 0.5 0.5
vt 0.75 0.5
vt 1 0.5
vt 0 0.75
vt 0.25 0.75
vt 0.5 0.75
vt 0.75 0.75
vt 1 0.75
vt 0 1
vt 0.25 1
vt 0.5 1
vt 0.75 1
vt 1 1
vt 0 0
vt 0.25 0
vt 0.5 0
vt 0.75 0
vt 1 0
vt 0 0.25
vt 0.25 0.25
vt 0.5 0.25
vt 0.75 0.25
vt 1 0.25
vt 0 0.5
vt 0.25 0.5
vt 0.5 0.5
vt 0.75 0.5
vt 1 0.5
vt 0 0.75
vt 0.25 0.75
vt 0.5 0.75
vt 0.75 0.75
vt 1 0.75
vt 0 1
vt 0.25 1
vt 0.5 1
vt 0.75 1
vt 1 1
vt 0 0
vt 0.25 0
vt 0.5 0
vt 0.75 0
vt 1 0
vt 0 0.25
vt 0.25 0.25
vt 0.5 0.25
vt 0.75 0.25
vt 1 0.25
vt 0 0.5
vt 0.25 0.5
vt 0.5 0.5
vt 0.75 0.5
vt 1 0.5
vt 0 0.75
vt 0.25 0.75
vt 0.5 0.75
vt 0.75 0.75
vt 1 0.75
vt 0 1
vt 0.25 1
vt 0.5 1
vt 0.75 1
vt 1 1
vt 0 0
vt 0.25 0
vt 0.5 0
vt 0.75 0
vt 1 0
vt 0 0.25
vt 0.25 0.25
vt 0.5 0.25
vt 0.75 0.25
vt 1 0.25
vt 0 0.5
vt 0.25 0.5
vt 0.5 0.5
vt 0.75 0.5
vt 1 0.5
vt 0 0.75
vt 0.25 0.75
vt 0.5 0.75
vt 0.75 0.75
vt 1 0.75
vt 0 1
vt 0.25 1
vt 0.5 1
vt 0.75 1
vt 1 1
vn -0.8864541 -0.4240127 -0.1855056
vn -0.978788 0 -0.2048762
vn -0.978788 0 -0.2048762
vn -0.978788 0 -0.2048762
vn -0.886394 0.4241298 -0.1855249
vn -0.9020724 -0.4315848 0
vn -1 -0 -0
vn -1 -0 -0
vn -1 -0 -0
vn -0.9020251 0.4316835 0
vn -0.9020724 -0.4315848 0
vn -1 -0 -0
vn -1 -0 -0
vn -1 -0 -0
vn -0.9020251 0.4316835 0
vn -0.9020724 -0.4315848 0
vn -1 -0 -0
vn -1 -0 -0
vn -1 -0 -0
vn -0.9020252 0.4316835 0
vn -0.8864162 -0.4240675 0.1855615
vn -0.9787763 0 0.2049313
vn -0.9787763 0 0.2049313
vn -0.9787763 0 0.2049313
vn -0.8863561 0.4241847 0.1855808
vn 0.8864541 -0.4240127 -0.1855056
vn 0.978788 0 -0.2048762
vn 0.978788 0 -0.2048762
vn 0.978788 0 -0.2048762
vn 0.886394 0.4241298 -0.1855249
vn 0.9020724 -0.4315848 0
vn 1 0 0
vn 1 0 0
vn 1 0 0
vn 0.9020251 0.4316835 0
vn 0.9020724 -0.4315848 0
vn 1 0 0
vn 1 0 0
vn 1 0 0
vn 0.9020251 0.4316835 0
vn 0.9020724 -0.4315848 0
vn 1 0 0
vn 1 0 0
vn 1 0 0
vn 0.9020252 0.4316835 0
vn 0.8864162 -0.4240675 0.1855615
vn 0.9787763 0 0.2049313
vn 0.9787763 0 0.2049313
vn 0.9787763 0 0.2049313
vn 0.8863561 0.4241847 0.1855808
vn -0.8862737 -0.4243643 -0.1855636
vn -0.9019779 -0.4317821 0
vn -0.9019779 -0.4317821 0
vn -0.9019779 -0.4317821 0
vn -0.8862959 -0.4243019 0.1856002
vn 0 -0.9161987 -0.4007244
vn -0 -1 -0
vn -0 -1 -0
vn -0 -1 -0
vn 0 -0.9161573 0.4008189
vn 0 -0.9161987 -0.4007244
vn -0 -1 -0
vn -0 -1 -0
vn -0 -1 -0
vn 0 -0.9161573 0.4008189
vn 0 -0.9161987 -0.4007244
vn -0 -1 -0
vn -0 -1 -0
vn -0 -1 -0
vn 0 -0.9161574 0.4008189
vn 0.8863339 -0.4242471 -0.1855442
vn 0.9020251 -0.4316835 0
vn 0.9020251 -0.4316835 0
vn 0.9020252 -0.4316835 0
vn 0.8863561 -0.4241847 0.1855808
vn -0.8862737 0.4243643 -0.1855636
vn -0.9019779 0.4317821 0
vn -0.9019779 0.4317821 0
vn -0.9019779 0.4317821 0
vn -0.8862959 0.4243019 0.1856002
vn 0 0.9161987 -0.4007244
vn 0 1 0
vn 0 1 0
vn 0 1 0
vn 0 0.9161573 0.4008189
vn 0 0.9161987 -0.4007244
vn 0 1 0
vn 0 1 0
vn 0 1 0
vn 0 0.9161573 0.4008189
vn 0 0.9161987 -0.4007244
vn 0 1 0
vn 0 1 0
vn 0 1 0
vn 0 0.9161574 0.4008189
vn 0.8863339 0.4242471 -0.1855442
vn 0.9020251 0.4316835 0
vn 0.9020251 0.4316835 0
vn 0.9020252 0.4316835 0
vn 0.8863561 0.4241847 0.1855808
vn -0.8863403 -0.4241772 -0.1856733
vn 0 -0.916116 -0.4009134
vn 0 -0.9161159 -0.4009134
vn 0 -0.9161159 -0.4009134
vn 0.8863783 -0.4241223 -0.1856174
vn -0.9787648 0 -0.2049865
vn -0 -0 -1
vn -0 -0 -1
vn -0 -0 -1
vn 0.9787763 0 -0.2049313
vn -0.9787648 0 -0.2049865
vn -0 -0 -1
vn -0 -0 -1
vn -0 -0 -1
vn 0.9787763 0 -0.2049313
vn -0.9787648 0 -0.2049865
vn -0 -0 -1
vn -0 -0 -1
vn -0 -0 -1
vn 0.9787763 0 -0.2049313
vn -0.8863181 0.4242395 -0.1856368
vn 0 0.9161573 -0.4008189
vn 0 0.9161573 -0.4008189
vn 0 0.9161574 -0.4008189
vn 0.8863561 0.4241847 -0.1855808
vn -0.8863403 -0.4241772 0.1856733
vn 0 -0.916116 0.4009134
vn 0 -0.9161159 0.4009134
vn 0 -0.9161159 0.4009134
vn 0.8863783 -0.4241223 0.1856174
vn -0.9787648 0 0.2049865
vn 0 0 1
vn 0 0 1
vn 0 0 1
vn 0.9787763 0 0.2049313
vn -0.9787648 0 0.2049865
vn 0 0 1
vn 0 0 1
vn 0 0 1
vn 0.9787763 0 0.2049313
vn -0.9787648 0 0.2049865
vn 0 0 1
vn 0 0 1
vn 0 0 1
vn 0.9787763 0 0.2049313
vn -0.8863181 0.4242395 0.1856368
vn 0 0.9161573 0.4008189
vn 0 0.9161573 0.4008189
vn 0 0.9161574 0.4008189
vn 0.8863561 0.4241847 0.1855808
f 2578/2578/2578 2583/2583/2583 2579/2579/2579
f 2579/2579/2579 2583/2583/2583 2584/2584/2584
f 2579/2579/2579 2584/2584/2584 2580/2580/2580
f 2580/2580/2580 2584/2584/2584 2585/2585/2585
f 2580/2580/2580 2585/2585/2585 2581/2581/2581
f 2581/2581/2581 2585/2585/2585 2586/2586/2586
f 2581/2581/2581 2586/2586/2586 2582/2582/2582
f 2582/2582/2582 2586/2586/2586 2587/2587/2587
f 2583/2583/2583 2588/2588/2588 2584/2584/2584
f 2584/2584/2584 2588/2588/2588 2589/2589/2589
f 2584/2584/2584 2589/2589/2589 2585/2585/2585
f 2585/2585/2585 2589/2589/2589 2590/2590/2590
f 2585/2585/2585 2590/2590/2590 2586/2586/2586
f 2586/2586/2586 2590/2590/2590 2591/2591/2591
f 2586/2586/2586 2591/2591/2591 2587/2587/2587
f 2587/2587/2587 2591/2591/2591 2592/2592/2592
f 2588/2588/2588 2593/2593/2593 2589/2589/2589
f 2589/2589/2589 2593/2593/2593 2594/2594/2594
f 2589/2589/2589 2594/2594/2594 2590/2590/2590
f 2590/2590/2590 2594/2594/2594 2595/2595/2595
f 2590/2590/2590 2595/2595/2595 2591/2591/2591
f 2591/2591/2591 2595/2595/2595 2596/2596/2596
f 2591/2591/2591 2596/2596/2596 2592/2592/2592
f 2592/2592/2592 2596/2596/2596 2597/2597/2597
f 2593/2593/2593 2598/2598/2598 2594/2594/2594
f 2594/2594/2594 2598/2598/2598 2599/2599/2599
f 2594/2594/2594 2599/2599/2599 2595/2595/2595
f 2595/2595/2595 2599/2599/2599 2600/2600/2600
f 2595/2595/2595 2600/2600/2600 2596/2596/2596
f 2596/2596/2596 2600/2600/2600 2601/2601/2601
f 2596/2596/2596 2601/2601/2601 2597/2597/2597
f 2597/2597/2597 2601/2601/2601 2602/2602/2602
f 2603/2603/2603 2604/2604/2604 2608/2608/2608
f 2604/2604/2604 2609/2609/2609 2608/2608/2608
f 2604/2604/2604 2605/2605/2605 2609/2609/2609
f 2605/2605/2605 2610/2610/2610 2609/2609/2609
f 2605/2605/2605 2606/2606/2606 2610/2610/2610
f 2606/2606/2606 2611/2611/2611 2610/2610/2610
f 2606/2606/2606 2607/2607/2607 2611/2611/2611
f 2607/2607/2607 2612/2612/2612 2611/2611/2611
f 2608/2608/2608 2609/2609/2609 2613/2613/2613
f 2609/2609/2609 2614/2614/2614 2613/2613/2613
f 2609/2609/2609 2610/2610/2610 2614/2614/2614
f 2610/2610/2610 2615/2615/2615 2614/2614/2614
f 2610/2610/2610 2611/2611/2611 2615/2615/2615
f 2611/2611/2611 2616/2616/2616 2615/2615/2615
f 2611/2611/2611 2612/2612/2612 2616/2616/2616
f 2612/2612/2612 2617/2617/2617 2616/2616/2616
f 2613/2613/2613 2614/2614/2614 2618/2618/2618
f 2614/2614/2614 2619/2619/2619 2618/2618/2618
f 2614/2614/2614 2615/2615/2615 2619/2619/2619
f 2615/2615/2615 2620/2620/2620 2619/2619/2619
f 2615/2615/2615 2616/2616/2616 2620/2620/2620
f 2616/2616/2616 2621/2621/2621 2620/2620/2620
f 2616/2616/2616 2617/2617/2617 2621/2621/2621
f 2617/2617/2617 2622/2622/2622 2621/2621/2621
f 2618/2618/2618 2619/2619/2619 2623/2623/2623
f 2619/2619/2619 2624/2624/2624 2623/2623/2623
f 2619/2619/2619 2620/2620/2620 2624/2624/2624
f 2620/2620/2620 2625/2625/2625 2624/2624/2624
f 2620/2620/2620 2621/2621/2621 2625/2625/2625
f 2621/2621/2621 2626/2626/2626 2625/2625/2625
f 2621/2621/2621 2622/2622/2622 2626/2626/2626
f 2622/2622/2622 2627/2627/2627 2626/2626/2626
f 2628/2628/2628 2633/2633/2633 2629/2629/2629
f 2629/2629/2629 2633/2633/2633 2634/2634/2634
f 2629/2629/2629 2634/2634/2634 2630/2630/2630
f 2630/2630/2630 2634/2634/2634 2635/2635/2635
f 2630/2630/2630 2635/2635/2635 2631/2631/2631
f 2631/2631/2631 2635/2635/2635 2636/2636/2636
f 2631/2631/2631 2636/2636/2636 2632/2632/2632
f 2632/2632/2632 2636/2636/2636 2637/2637/2637
f 2633/2633/2633 2638/2638/2638 2634/2634/2634
f 2634/2634/2634 2638/2638/2638 2639/2639/2639
f 2634/2634/2634 2639/2639/2639 2635/2635/2635
f 2635/2635/2635 2639/2639/2639 2640/2640/2640
f 2635/2635/2635 2640/2640/2640 2636/2636/2636
f 2636/2636/2636 2640/2640/2640 2641/2641/2641
f 2636/2636/2636 2641/2641/2641 2637/2637/2637
f 2637/2637/2637 2641/2641/2641 2642/2642/2642
f 2638/2638/2638 2643/2643/2643 2639/2639/2639
f 2639/2639/2639 2643/2643/2643 2644/2644/2644
f 2639/2639/2639 2644/2644/2644 2640/2640/2640
f 2640/2640/2640 2644/2644/2644 2645/2645/2645
f 2640/2640/2640 2645/2645/2645 2641/2641/2641
f 2641/2641/2641 2645/2645/2645 2646/2646/2646
f 2641/2641/2641 2646/2646/2646 2642/2642/2642
f 2642/2642/2642 2646/2646/2646 2647/2647/2647
f 2643/2643/2643 2648/2648/2648 2644/2644/2644
f 2644/2644/2644 2648/2648/2648 2649/2649/2649
f 2644/2644/2644 2649/2649/2649 2645/2645/2645
f 2645/2645/2645 2649/2649/2649 2650/2650/2650
f 2645/2645/2645 2650/2650/2650 2646/2646/2646
f 2646/2646/2646 2650/2650/2650 2651/2651/2651
f 2646/2646/2646 2651/2651/2651 2647/2647/2647
f 2647/2647/2647 2651/2651/2651 2652/2652/2652
f 2653/2653/2653 2654/2654/2654 2658/2658/2658
f 2654/2654/2654 2659/2659/2659 2658/2658/2658
f 2654/2654/2654 2655/2655/2655 2659/2659/2659
f 2655/2655/2655 2660/2660/2660 2659/2659/2659
f 2655/2655/2655 2656/2656/2656 2660/2660/2660
f 2656/2656/2656 2661/2661/2661 2660/2660/2660
f 2656/2656/2656 2657/2657/2657 2661/2661/2661
f 2657/2657/2657 2662/2662/2662 2661/2661/2661
f 2658/2658/2658 2659/2659/2659 2663/2663/2663
f 2659/2659/2659 2664/2664/2664 2663/2663/2663
f 2659/2659/2659 2660/2660/2660 2664/2664/2664
f 2660/2660/2660 2665/2665/2665 2664/2664/2664
f 2660/2660/2660 2661/2661/2661 2665/2665/2665
f 2661/2661/2661 2666/2666/2666 2665/2665/2665
f 2661/2661/2661 2662/2662/2662 2666/2666/2666
f 2662/2662/2662 2667/2667/2667 2666/2666/2666
f 2663/2663/2663 2664/2664/2664 2668/2668/2668
f 2664/2664/2664 2669/2669/2669 2668/2668/2668
f 2664/2664/2664 2665/2665/2665 2669/2669/2669
f 2665/2665/2665 2670/2670/2670 2669/2669/2669
f 2665/2665/2665 2666/2666/2666 2670/2670/2670
f 2666/2666/2666 2671/2671/2671 2670/2670/2670
f 2666/2666/2666 2667/2667/2667 2671/2671/2671
f 2667/2667/2667 2672/2672/2672 2671/2671/2671
f 2668/2668/2668 2669/2669/2669 2673/2673/2673
f 2669/2669/2669 2674/2674/2674 2673/2673/2673
f 2669/2669/2669 2670/2670/2670 2674/2674/2674
f 2670/2670/2670 2675/2675/2675 2674/2674/2674
f 2670/2670/2670 2671/2671/2671 2675/2675/2675
f 2671/2671/2671 2676/2676/2676 2675/2675/2675
f 2671/2671/2671 2672/2672/2672 2676/2676/2676
f 2672/2672/2672 2677/2677/2677 2676/2676/2676
f 2678/2678/2678 2683/2683/2683 2679/2679/2679
f 2679/2679/2679 2683/2683/2683 2684/2684/2684
f 2679/2679/2679 2684/2684/2684 2680/2680/2680
f 2680/2680/2680 2684/2684/2684 2685/2685/2685
f 2680/2680/2680 2685/2685/2685 2681/2681/2681
f 2681/2681/2681 2685/2685/2685 2686/2686/2686
f 2681/2681/2681 2686/2686/2686 2682/2682/2682
f 2682/2682/2682 2686/2686/2686 2687/2687/2687
f 2683/2683/2683 2688/2688/2688 2684/2684/2684
f 2684/2684/2684 2688/2688/2688 2689/2689/2689
f 2684/2684/2684 2689/2689/2689 2685/2685/2685
f 2685/2685/2685 2689/2689/2689 2690/2690/2690
f 2685/2685/2685 2690/2690/2690 2686/2686/2686
f 2686/2686/2686 2690/2690/2690 2691/2691/2691
f 2686/2686/2686 2691/2691/2691 2687/2687/2687
f 2687/2687/2687 2691/2691/2691 2692/2692/2692
f 2688/2688/2688 2693/2693/2693 2689/2689/2689
f 2689/2689/2689 2693/2693/2693 2694/2694/2694
f 2689/2689/2689 2694/2694/2694 2690/2690/2690
f 2690/2690/2690 2694/2694/2694 2695/2695/2695
f 2690/2690/2690 2695/2695/2695 2691/2691/2691
f 2691/2691/2691 2695/2695/2695 2696/2696/2696
f 2691/2691/2691 2696/2696/2696 2692/2692/2692
f 2692/2692/2692 2696/2696/2696 2697/2697/2697
f 2693/2693/2693 2698/2698/2698 2694/2694/2694
f 2694/2694/2694 2698/2698/2698 2699/2699/2699
f 2694/2694/2694 2699/2699/2699 2695/2695/2695
f 2695/2695/2695 2699/2699/2699 2700/2700/2700
f 2695/2695/2695 2700/2700/2700 2696/2696/2696
f 2696/2696/2696 2700/2700/2700 2701/2701/2701
f 2696/2696/2696 2701/2701/2701 2697/2697/2697
f 2697/2697/2697 2701/2701/2701 2702/2702/2702
f 2703/2703/2703 2704/2704/2704 2708/2708/2708
f 2704/2704/2704 2709/2709/2709 2708/2708/2708
f 2704/2704/2704 2705/2705/2705 2709/2709/2709
f 2705/2705/2705 2710/2710/2710 2709/2709/2709
f 2705/2705/2705 2706/2706/2706 2710/2710/2710
f 2706/2706/2706 2711/2711/2711 2710/2710/2710
f 2706/2706/2706 2707/2707/2707 2711/2711/2711
f 2707/2707/2707 2712/2712/2712 2711/2711/2711
f 2708/2708/2708 2709/2709/2709 2713/2713/2713
f 2709/2709/2709 2714/2714/2714 2713/2713/2713
f 2709/2709/2709 2710/2710/2710 2714/2714/2714
f 2710/2710/2710 2715/2715/2715 2714/2714/2714
f 2710/2710/2710 2711/2711/2711 2715/2715/2715
f 2711/2711/2711 2716/2716/2716 2715/2715/2715
f 2711/2711/2711 2712/2712/2712 2716/2716/2716
f 2712/2712/2712 2717/2717/2717 2716/2716/2716
f 2713/2713/2713 2714/2714/2714 2718/2718/2718
f 2714/2714/2714 2719/2719/2719 2718/2718/2718
f 2714/2714/2714 2715/2715/2715 2719/2719/2719
f 2715/2715/2715 2720/2720/2720 2719/2719/2719
f 2715/2715/2715 2716/2716/2716 2720/2720/2720
f 2716/2716/2716 2721/2721/2721 2720/2720/2720
f 2716/2716/2716 2717/2717/2717 2721/2721/2721
f 2717/2717/2717 2722/2722/2722 2721/2721/2721
f 2718/2718/2718 2719/2719/2719 2723/2723/2723
f 2719/2719/2719 2724/2724/2724 2723/2723/2723
f 2719/2719/2719 2720/2720/2720 2724/2724/2724
f 2720/2720/2720 2725/2725/2725 2724/2724/2724
f 2720/2720/2720 2721/2721/2721 2725/2725/2725
f 2721/2721/2721 2726/2726/2726 2725/2725/2725
f 2721/2721/2721 2722/2722/2722 2726/2726/2726
f 2722/2722/2722 2727/2727/2727 2726/2726/2726
o beveled-plate_part_9
usemtl part_9
v -8.022753 3.418876 -0.3697128
v -8.024056 3.48 -0.3759411
v -8.024056 3.55 -0.3759411
v -8.024056 3.62 -0.3759411
v -8.022753 3.681124 -0.3697128
v -8.024056 3.416151 -0.23
v -8.027 3.48 -0.23
v -8.027 3.55 -0.23
v -8.027 3.62 -0.23
v -8.024056 3.683849 -0.23
v -8.024056 3.416151 -0.07
v -8.027 3.48 -0.07
v -8.027 3.55 -0.07
v -8.027 3.62 -0.07
v -8.024056 3.683849 -0.07
v -8.024056 3.416151 0.09
v -8.027 3.48 0.09
v -8.027 3.55 0.09
v -8.027 3.62 0.09
v -8.024056 3.683849 0.09
v -8.022753 3.418876 0.2297128
v -8.024056 3.48 0.2359411
v -8.024056 3.55 0.2359411
v -8.024056 3.62 0.2359411
v -8.022753 3.681124 0.2297128
v -7.897248 3.418876 -0.3697128
v -7.895944 3.48 -0.3759411
v -7.895944 3.55 -0.3759411
v -7.895944 3.62 -0.3759411
v -7.897248 3.681124 -0.3697128
v -7.895944 3.416151 -0.23
v -7.893 3.48 -0.23
v -7.893 3.55 -0.23
v -7.893 3.62 -0.23
v -7.895944 3.683849 -0.23
v -7.895944 3.416151 -0.07
v -7.893 3.48 -0.07
v -7.893 3.55 -0.07
v -7.893 3.62 -0.07
v -7.895944 3.683849 -0.07
v -7.895944 3.416151 0.09
v -7.893 3.48 0.09
v -7.893 3.55 0.09
v -7.893 3.62 0.09
v -7.895944 3.683849 0.09
v -7.897248 3.418876 0.2297128
v -7.895944 3.48 0.2359411
v -7.895944 3.55 0.2359411
v -7.895944 3.62 0.2359411
v -7.897248 3.681124 0.2297128
v -8.022753 3.418876 -0.3697128
v -8.024056 3.416151 -0.23
v -8.024056 3.416151 -0.07
v -8.024056 3.416151 0.09
v -8.022753 3.418876 0.2297128
v -7.9935 3.416151 -0.3759411
v -7.9935 3.41 -0.23
v -7.9935 3.41 -0.07
v -7.9935 3.41 0.09
v -7.9935 3.416151 0.2359411
v -7.96 3.416151 -0.3759411
v -7.96 3.41 -0.23
v -7.96 3.41 -0.07
v -7.96 3.41 0.09
v -7.96 3.416151 0.2359411
v -7.9265 3.416151 -0.3759411
v -7.9265 3.41 -0.23
v -7.9265 3.41 -0.07
v -7.9265 3.41 0.09
v -7.9265 3.416151 0.2359411
v -7.897248 3.418876 -0.3697128
v -7.895944 3.416151 -0.23
v -7.895944 3.416151 -0.07
v -7.895944 3.416151 0.09
v -7.897248 3.418876 0.2297128
v -8.022753 3.681124 -0.3697128
v -8.024056 3.683849 -0.23
v -8.024056 3.683849 -0.07
v -8.024056 3.683849 0.09
v -8.022753 3.681124 0.2297128
v -7.9935 3.683849 -0.3759411
v -7.9935 3.69 -0.23
v -7.9935 3.69 -0.07
v -7.9935 3.69 0.09
v -7.9935 3.683849 0.2359411
v -7.96 3.683849 -0.3759411
v -7.96 3.69 -0.23
v -7.96 3.69 -0.07
v -7.96 3.69 0.09
v -7.96 3.683849 0.2359411
v -7.9265 3.683849 -0.3759411
v -7.9265 3.69 -0.23
v -7.9265 3.69 -0.07
v -7.9265 3.69 0.09
v -7.9265 3.683849 0.2359411
v -7.897248 3.681124 -0.3697128
v -7.895944 3.683849 -0.23
v -7.895944 3.683849 -0.07
v -7.895944 3.683849 0.09
v -7.897248 3.681124 0.2297128
v -8.022753 3.418876 -0.3697128
v -7.9935 3.416151 -0.3759411
v -7.96 3.416151 -0.3759411
v -7.9265 3.416151 -0.3759411
v -7.897248 3.418876 -0.3697128
v -8.024056 3.48 -0.3759411
v -7.9935 3.48 -0.39
v -7.96 3.48 -0.39
v -7.9265 3.48 -0.39
v -7.895944 3.48 -0.3759411
v -8.024056 3.55 -0.3759411
v -7.9935 3.55 -0.39
v -7.96 3.55 -0.39
v -7.9265 3.55 -0.39
v -7.895944 3.55 -0.3759411
v -8.024056 3.62 -0.3759411
v -7.9935 3.62 -0.39
v -7.96 3.62 -0.39
v -7.9265 3.62 -0.39
v -7.895944 3.62 -0.3759411
v -8.022753 3.681124 -0.3697128
v -7.9935 3.683849 -0.3759411
v -7.96 3.683849 -0.3759411
v -7.9265 3.683849 -0.3759411
v -7.897248 3.681124 -0.3697128
v -8.022753 3.418876 0.2297128
v -7.9935 3.416151 0.2359411
v -7.96 3.416151 0.2359411
v -7.9265 3.416151 0.2359411
v -7.897248 3.418876 0.2297128
v -8.024056 3.48 0.2359411
v -7.9935 3.48 0.25
v -7.96 3.48 0.25
v -7.9265 3.48 0.25
v -7.895944 3.48 0.2359411
v -8.024056 3.55 0.2359411
v -7.9935 3.55 0.25
v -7.96 3.55 0.25
v -7.9265 3.55 0.25
v -7.895944 3.55 0.2359411
v -8.024056 3.62 0.2359411
v -7.9935 3.62 0.25
v -7.96 3.62 0.25
v -7.9265 3.62 0.25
v -7.895944 3.62 0.2359411
v -8.022753 3.681124 0.2297128
v -7.9935 3.683849 0.2359411
v -7.96 3.683849 0.2359411
v -7.9265 3.683849 0.2359411
v -7.897248 3.681124 0.2297128
vt 0 0
vt 0.25 0
vt 0.5 0
vt 0.75 0
vt 1 0
vt 0 0.25
vt 0.25 0.25
vt 0.5 0.25
vt 0.75 0.25
vt 1 0.25
vt 0 0.5
vt 0.25 0.5
vt 0.5 0.5
vt 0.75 0.5
vt 1 0.5
vt 0 0.75
vt 0.25 0.75
vt 0.5 0.75
vt 0.75 0.75
vt 1 0.75
vt 0 1
vt 0.25 1
vt 0.5 1
vt 0.75 1
vt 1 1
vt 0 0
vt 0.25 0
vt 0.5 0
vt 0.75 0
vt 1 0
vt 0 0.25
vt 0.25 0.25
vt 0.5 0.25
vt 0.75 0.25
vt 1 0.25
vt 0 0.5
vt 0.25 0.5
vt 0.5 0.5
vt 0.75 0.5
vt 1 0.5
vt 0 0.75
vt 0.25 0.75
vt 0.5 0.75
vt 0.75 0.75
vt 1 0.75
vt 0 1
vt 0.25 1
vt 0.5 1
vt 0.75 1
vt 1 1
vt 0 0
vt 0.25 0
vt 0.5 0
vt 0.75 0
vt 1 0
vt 0 0.25
vt 0.25 0.25
vt 0.5 0.25
vt 0.75 0.25
vt 1 0.25
vt 0 0.5
vt 0.25 0.5
vt 0.5 0.5
vt 0.75 0.5
vt 1 0.5
vt 0 0.75
vt 0.25 0.75
vt 0.5 0.75
vt 0.75 0.75
vt 1 0.75
vt 0 1
vt 0.25 1
vt 0.5 1
vt 0.75 1
vt 1 1
vt 0 0
vt 0.25 0
vt 0.5 0
vt 0.75 0
vt 1 0
vt 0 0.25
vt 0.25 0.25
vt 0.5 0.25
vt 0.75 0.25
vt 1 0.25
vt 0 0.5
vt 0.25 0.5
vt 0.5 0.5
vt 0.75 0.5
vt 1 0.5
vt 0 0.75
vt 0.25 0.75
vt 0.5 0.75
vt 0.75 0.75
vt 1 0.75
vt 0 1
vt 0.25 1
vt 0.5 1
vt 0.75 1
vt 1 1
vt 0 0
vt 0.25 0
vt 0.5 0
vt 0.75 0
vt 1 0
vt 0 0.25
vt 0.25 0.25
vt 0.5 0.25
vt 0.75 0.25
vt 1 0.25
vt 0 0.5
vt 0.25 0.5
vt 0.5 0.5
vt 0.75 0.5
vt 1 0.5
vt 0 0.75
vt 0.25 0.75
vt 0.5 0.75
vt 0.75 0.75
vt 1 0.75
vt 0 1
vt 0.25 1
vt 0.5 1
vt 0.75 1
vt 1 1
vt 0 0
vt 0.25 0
vt 0.5 0
vt 0.75 0
vt 1 0
vt 0 0.25
vt 0.25 0.25
vt 0.5 0.25
vt 0.75 0.25
vt 1 0.25
vt 0 0.5
vt 0.25 0.5
vt 0.5 0.5
vt 0.75 0.5
vt 1 0.5
vt 0 0.75
vt 0.25 0.75
vt 0.5 0.75
vt 0.75 0.75
vt 1 0.75
vt 0 1
vt 0.25 1
vt 0.5 1
vt 0.75 1
vt 1 1
vn -0.8864541 -0.4240127 -0.1855056
vn -0.978788 0 -0.2048762
vn -0.978788 0 -0.2048762
vn -0.978788 0 -0.2048762
vn -0.886394 0.4241298 -0.1855249
vn -0.9020724 -0.4315848 0
vn -1 -0 -0
vn -1 -0 -0
vn -1 -0 -0
vn -0.9020251 0.4316835 0
vn -0.9020724 -0.4315848 0
vn -1 -0 -0
vn -1 -0 -0
vn -1 -0 -0
vn -0.9020251 0.4316835 0
vn -0.9020724 -0.4315848 0
vn -1 -0 -0
vn -1 -0 -0
vn -1 -0 -0
vn -0.9020252 0.4316835 0
vn -0.8864162 -0.4240675 0.1855615
vn -0.9787763 0 0.2049313
vn -0.9787763 0 0.2049313
vn -0.9787763 0 0.2049313
vn -0.8863561 0.4241847 0.1855808
vn 0.8864541 -0.4240127 -0.1855056
vn 0.978788 0 -0.2048762
vn 0.978788 0 -0.2048762
vn 0.978788 0 -0.2048762
vn 0.886394 0.4241298 -0.1855249
vn 0.9020724 -0.4315848 0
vn 1 0 0
vn 1 0 0
vn 1 0 0
vn 0.9020251 0.4316835 0
vn 0.9020724 -0.4315848 0
vn 1 0 0
vn 1 0 0
vn 1 0 0
vn 0.9020251 0.4316835 0
vn 0.9020724 -0.4315848 0
vn 1 0 0
vn 1 0 0
vn 1 0 0
vn 0.9020252 0.4316835 0
vn 0.8864162 -0.4240675 0.1855615
vn 0.9787763 0 0.2049313
vn 0.9787763 0 0.2049313
vn 0.9787763 0 0.2049313
vn 0.8863561 0.4241847 0.1855808
vn -0.8862737 -0.4243643 -0.1855636
vn -0.9019779 -0.4317821 0
vn -0.9019779 -0.4317821 0
vn -0.9019779 -0.4317821 0
vn -0.8862959 -0.4243019 0.1856002
vn 0 -0.9161987 -0.4007244
vn -0 -1 -0
vn -0 -1 -0
vn -0 -1 -0
vn 0 -0.9161573 0.4008189
vn 0 -0.9161987 -0.4007244
vn -0 -1 -0
vn -0 -1 -0
vn -0 -1 -0
vn 0 -0.9161573 0.4008189
vn 0 -0.9161987 -0.4007244
vn -0 -1 -0
vn -0 -1 -0
vn -0 -1 -0
vn 0 -0.9161574 0.4008189
vn 0.8863339 -0.4242471 -0.1855442
vn 0.9020251 -0.4316835 0
vn 0.9020251 -0.4316835 0
vn 0.9020252 -0.4316835 0
vn 0.8863561 -0.4241847 0.1855808
vn -0.8862737 0.4243643 -0.1855636
vn -0.9019779 0.4317821 0
vn -0.9019779 0.4317821 0
vn -0.9019779 0.4317821 0
vn -0.8862959 0.4243019 0.1856002
vn 0 0.9161987 -0.4007244
vn 0 1 0
vn 0 1 0
vn 0 1 0
vn 0 0.9161573 0.4008189
vn 0 0.9161987 -0.4007244
vn 0 1 0
vn 0 1 0
vn 0 1 0
vn 0 0.9161573 0.4008189
vn 0 0.9161987 -0.4007244
vn 0 1 0
vn 0 1 0
vn 0 1 0
vn 0 0.9161574 0.4008189
vn 0.8863339 0.4242471 -0.1855442
vn 0.9020251 0.4316835 0
vn 0.9020251 0.4316835 0
vn 0.9020252 0.4316835 0
vn 0.8863561 0.4241847 0.1855808
vn -0.8863403 -0.4241772 -0.1856733
vn 0 -0.916116 -0.4009134
vn 0 -0.9161159 -0.4009134
vn 0 -0.9161159 -0.4009134
vn 0.8863783 -0.4241223 -0.1856174
vn -0.9787648 0 -0.2049865
vn -0 -0 -1
vn -0 -0 -1
vn -0 -0 -1
vn 0.9787763 0 -0.2049313
vn -0.9787648 0 -0.2049865
vn -0 -0 -1
vn -0 -0 -1
vn -0 -0 -1
vn 0.9787763 0 -0.2049313
vn -0.9787648 0 -0.2049865
vn -0 -0 -1
vn -0 -0 -1
vn -0 -0 -1
vn 0.9787763 0 -0.2049313
vn -0.8863181 0.4242395 -0.1856368
vn 0 0.9161573 -0.4008189
vn 0 0.9161573 -0.4008189
vn 0 0.9161574 -0.4008189
vn 0.8863561 0.4241847 -0.1855808
vn -0.8863403 -0.4241772 0.1856733
vn 0 -0.916116 0.4009134
vn 0 -0.9161159 0.4009134
vn 0 -0.9161159 0.4009134
vn 0.8863783 -0.4241223 0.1856174
vn -0.9787648 0 0.2049865
vn 0 0 1
vn 0 0 1
vn 0 0 1
vn 0.9787763 0 0.2049313
vn -0.9787648 0 0.2049865
vn 0 0 1
vn 0 0 1
vn 0 0 1
vn 0.9787763 0 0.2049313
vn -0.9787648 0 0.2049865
vn 0 0 1
vn 0 0 1
vn 0 0 1
vn 0.9787763 0 0.2049313
vn -0.8863181 0.4242395 0.1856368
vn 0 0.9161573 0.4008189
vn 0 0.9161573 0.4008189
vn 0 0.9161574 0.4008189
vn 0.8863561 0.4241847 0.1855808
f 2728/2728/2728 2733/2733/2733 2729/2729/2729
f 2729/2729/2729 2733/2733/2733 2734/2734/2734
f 2729/2729/2729 2734/2734/2734 2730/2730/2730
f 2730/2730/2730 2734/2734/2734 2735/2735/2735
f 2730/2730/2730 2735/2735/2735 2731/2731/2731
f 2731/2731/2731 2735/2735/2735 2736/2736/2736
f 2731/2731/2731 2736/2736/2736 2732/2732/2732
f 2732/2732/2732 2736/2736/2736 2737/2737/2737
f 2733/2733/2733 2738/2738/2738 2734/2734/2734
f 2734/2734/2734 2738/2738/2738 2739/2739/2739
f 2734/2734/2734 2739/2739/2739 2735/2735/2735
f 2735/2735/2735 2739/2739/2739 2740/2740/2740
f 2735/2735/2735 2740/2740/2740 2736/2736/2736
f 2736/2736/2736 2740/2740/2740 2741/2741/2741
f 2736/2736/2736 2741/2741/2741 2737/2737/2737
f 2737/2737/2737 2741/2741/2741 2742/2742/2742
f 2738/2738/2738 2743/2743/2743 2739/2739/2739
f 2739/2739/2739 2743/2743/2743 2744/2744/2744
f 2739/2739/2739 2744/2744/2744 2740/2740/2740
f 2740/2740/2740 2744/2744/2744 2745/2745/2745
f 2740/2740/2740 2745/2745/2745 2741/2741/2741
f 2741/2741/2741 2745/2745/2745 2746/2746/2746
f 2741/2741/2741 2746/2746/2746 2742/2742/2742
f 2742/2742/2742 2746/2746/2746 2747/2747/2747
f 2743/2743/2743 2748/2748/2748 2744/2744/2744
f 2744/2744/2744 2748/2748/2748 2749/2749/2749
f 2744/2744/2744 2749/2749/2749 2745/2745/2745
f 2745/2745/2745 2749/2749/2749 2750/2750/2750
f 2745/2745/2745 2750/2750/2750 2746/2746/2746
f 2746/2746/2746 2750/2750/2750 2751/2751/2751
f 2746/2746/2746 2751/2751/2751 2747/2747/2747
f 2747/2747/2747 2751/2751/2751 2752/2752/2752
f 2753/2753/2753 2754/2754/2754 2758/2758/2758
f 2754/2754/2754 2759/2759/2759 2758/2758/2758
f 2754/2754/2754 2755/2755/2755 2759/2759/2759
f 2755/2755/2755 2760/2760/2760 2759/2759/2759
f 2755/2755/2755 2756/2756/2756 2760/2760/2760
f 2756/2756/2756 2761/2761/2761 2760/2760/2760
f 2756/2756/2756 2757/2757/2757 2761/2761/2761
f 2757/2757/2757 2762/2762/2762 2761/2761/2761
f 2758/2758/2758 2759/2759/2759 2763/2763/2763
f 2759/2759/2759 2764/2764/2764 2763/2763/2763
f 2759/2759/2759 2760/2760/2760 2764/2764/2764
f 2760/2760/2760 2765/2765/2765 2764/2764/2764
f 2760/2760/2760 2761/2761/2761 2765/2765/2765
f 2761/2761/2761 2766/2766/2766 2765/2765/2765
f 2761/2761/2761 2762/2762/2762 2766/2766/2766
f 2762/2762/2762 2767/2767/2767 2766/2766/2766
f 2763/2763/2763 2764/2764/2764 2768/2768/2768
f 2764/2764/2764 2769/2769/2769 2768/2768/2768
f 2764/2764/2764 2765/2765/2765 2769/2769/2769
f 2765/2765/2765 2770/2770/2770 2769/2769/2769
f 2765/2765/2765 2766/2766/2766 2770/2770/2770
f 2766/2766/2766 2771/2771/2771 2770/2770/2770
f 2766/2766/2766 2767/2767/2767 2771/2771/2771
f 2767/2767/2767 2772/2772/2772 2771/2771/2771
f 2768/2768/2768 2769/2769/2769 2773/2773/2773
f 2769/2769/2769 2774/2774/2774 2773/2773/2773
f 2769/2769/2769 2770/2770/2770 2774/2774/2774
f 2770/2770/2770 2775/2775/2775 2774/2774/2774
f 2770/2770/2770 2771/2771/2771 2775/2775/2775
f 2771/2771/2771 2776/2776/2776 2775/2775/2775
f 2771/2771/2771 2772/2772/2772 2776/2776/2776
f 2772/2772/2772 2777/2777/2777 2776/2776/2776
f 2778/2778/2778 2783/2783/2783 2779/2779/2779
f 2779/2779/2779 2783/2783/2783 2784/2784/2784
f 2779/2779/2779 2784/2784/2784 2780/2780/2780
f 2780/2780/2780 2784/2784/2784 2785/2785/2785
f 2780/2780/2780 2785/2785/2785 2781/2781/2781
f 2781/2781/2781 2785/2785/2785 2786/2786/2786
f 2781/2781/2781 2786/2786/2786 2782/2782/2782
f 2782/2782/2782 2786/2786/2786 2787/2787/2787
f 2783/2783/2783 2788/2788/2788 2784/2784/2784
f 2784/2784/2784 2788/2788/2788 2789/2789/2789
f 2784/2784/2784 2789/2789/2789 2785/2785/2785
f 2785/2785/2785 2789/2789/2789 2790/2790/2790
f 2785/2785/2785 2790/2790/2790 2786/2786/2786
f 2786/2786/2786 2790/2790/2790 2791/2791/2791
f 2786/2786/2786 2791/2791/2791 2787/2787/2787
f 2787/2787/2787 2791/2791/2791 2792/2792/2792
f 2788/2788/2788 2793/2793/2793 2789/2789/2789
f 2789/2789/2789 2793/2793/2793 2794/2794/2794
f 2789/2789/2789 2794/2794/2794 2790/2790/2790
f 2790/2790/2790 2794/2794/2794 2795/2795/2795
f 2790/2790/2790 2795/2795/2795 2791/2791/2791
f 2791/2791/2791 2795/2795/2795 2796/2796/2796
f 2791/2791/2791 2796/2796/2796 2792/2792/2792
f 2792/2792/2792 2796/2796/2796 2797/2797/2797
f 2793/2793/2793 2798/2798/2798 2794/2794/2794
f 2794/2794/2794 2798/2798/2798 2799/2799/2799
f 2794/2794/2794 2799/2799/2799 2795/2795/2795
f 2795/2795/2795 2799/2799/2799 2800/2800/2800
f 2795/2795/2795 2800/2800/2800 2796/2796/2796
f 2796/2796/2796 2800/2800/2800 2801/2801/2801
f 2796/2796/2796 2801/2801/2801 2797/2797/2797
f 2797/2797/2797 2801/2801/2801 2802/2802/2802
f 2803/2803/2803 2804/2804/2804 2808/2808/2808
f 2804/2804/2804 2809/2809/2809 2808/2808/2808
f 2804/2804/2804 2805/2805/2805 2809/2809/2809
f 2805/2805/2805 2810/2810/2810 2809/2809/2809
f 2805/2805/2805 2806/2806/2806 2810/2810/2810
f 2806/2806/2806 2811/2811/2811 2810/2810/2810
f 2806/2806/2806 2807/2807/2807 2811/2811/2811
f 2807/2807/2807 2812/2812/2812 2811/2811/2811
f 2808/2808/2808 2809/2809/2809 2813/2813/2813
f 2809/2809/2809 2814/2814/2814 2813/2813/2813
f 2809/2809/2809 2810/2810/2810 2814/2814/2814
f 2810/2810/2810 2815/2815/2815 2814/2814/2814
f 2810/2810/2810 2811/2811/2811 2815/2815/2815
f 2811/2811/2811 2816/2816/2816 2815/2815/2815
f 2811/2811/2811 2812/2812/2812 2816/2816/2816
f 2812/2812/2812 2817/2817/2817 2816/2816/2816
f 2813/2813/2813 2814/2814/2814 2818/2818/2818
f 2814/2814/2814 2819/2819/2819 2818/2818/2818
f 2814/2814/2814 2815/2815/2815 2819/2819/2819
f 2815/2815/2815 2820/2820/2820 2819/2819/2819
f 2815/2815/2815 2816/2816/2816 2820/2820/2820
f 2816/2816/2816 2821/2821/2821 2820/2820/2820
f 2816/2816/2816 2817/2817/2817 2821/2821/2821
f 2817/2817/2817 2822/2822/2822 2821/2821/2821
f 2818/2818/2818 2819/2819/2819 2823/2823/2823
f 2819/2819/2819 2824/2824/2824 2823/2823/2823
f 2819/2819/2819 2820/2820/2820 2824/2824/2824
f 2820/2820/2820 2825/2825/2825 2824/2824/2824
f 2820/2820/2820 2821/2821/2821 2825/2825/2825
f 2821/2821/2821 2826/2826/2826 2825/2825/2825
f 2821/2821/2821 2822/2822/2822 2826/2826/2826
f 2822/2822/2822 2827/2827/2827 2826/2826/2826
f 2828/2828/2828 2833/2833/2833 2829/2829/2829
f 2829/2829/2829 2833/2833/2833 2834/2834/2834
f 2829/2829/2829 2834/2834/2834 2830/2830/2830
f 2830/2830/2830 2834/2834/2834 2835/2835/2835
f 2830/2830/2830 2835/2835/2835 2831/2831/2831
f 2831/2831/2831 2835/2835/2835 2836/2836/2836
f 2831/2831/2831 2836/2836/2836 2832/2832/2832
f 2832/2832/2832 2836/2836/2836 2837/2837/2837
f 2833/2833/2833 2838/2838/2838 2834/2834/2834
f 2834/2834/2834 2838/2838/2838 2839/2839/2839
f 2834/2834/2834 2839/2839/2839 2835/2835/2835
f 2835/2835/2835 2839/2839/2839 2840/2840/2840
f 2835/2835/2835 2840/2840/2840 2836/2836/2836
f 2836/2836/2836 2840/2840/2840 2841/2841/2841
f 2836/2836/2836 2841/2841/2841 2837/2837/2837
f 2837/2837/2837 2841/2841/2841 2842/2842/2842
f 2838/2838/2838 2843/2843/2843 2839/2839/2839
f 2839/2839/2839 2843/2843/2843 2844/2844/2844
f 2839/2839/2839 2844/2844/2844 2840/2840/2840
f 2840/2840/2840 2844/2844/2844 2845/2845/2845
f 2840/2840/2840 2845/2845/2845 2841/2841/2841
f 2841/2841/2841 2845/2845/2845 2846/2846/2846
f 2841/2841/2841 2846/2846/2846 2842/2842/2842
f 2842/2842/2842 2846/2846/2846 2847/2847/2847
f 2843/2843/2843 2848/2848/2848 2844/2844/2844
f 2844/2844/2844 2848/2848/2848 2849/2849/2849
f 2844/2844/2844 2849/2849/2849 2845/2845/2845
f 2845/2845/2845 2849/2849/2849 2850/2850/2850
f 2845/2845/2845 2850/2850/2850 2846/2846/2846
f 2846/2846/2846 2850/2850/2850 2851/2851/2851
f 2846/2846/2846 2851/2851/2851 2847/2847/2847
f 2847/2847/2847 2851/2851/2851 2852/2852/2852
f 2853/2853/2853 2854/2854/2854 2858/2858/2858
f 2854/2854/2854 2859/2859/2859 2858/2858/2858
f 2854/2854/2854 2855/2855/2855 2859/2859/2859
f 2855/2855/2855 2860/2860/2860 2859/2859/2859
f 2855/2855/2855 2856/2856/2856 2860/2860/2860
f 2856/2856/2856 2861/2861/2861 2860/2860/2860
f 2856/2856/2856 2857/2857/2857 2861/2861/2861
f 2857/2857/2857 2862/2862/2862 2861/2861/2861
f 2858/2858/2858 2859/2859/2859 2863/2863/2863
f 2859/2859/2859 2864/2864/2864 2863/2863/2863
f 2859/2859/2859 2860/2860/2860 2864/2864/2864
f 2860/2860/2860 2865/2865/2865 2864/2864/2864
f 2860/2860/2860 2861/2861/2861 2865/2865/2865
f 2861/2861/2861 2866/2866/2866 2865/2865/2865
f 2861/2861/2861 2862/2862/2862 2866/2866/2866
f 2862/2862/2862 2867/2867/2867 2866/2866/2866
f 2863/2863/2863 2864/2864/2864 2868/2868/2868
f 2864/2864/2864 2869/2869/2869 2868/2868/2868
f 2864/2864/2864 2865/2865/2865 2869/2869/2869
f 2865/2865/2865 2870/2870/2870 2869/2869/2869
f 2865/2865/2865 2866/2866/2866 2870/2870/2870
f 2866/2866/2866 2871/2871/2871 2870/2870/2870
f 2866/2866/2866 2867/2867/2867 2871/2871/2871
f 2867/2867/2867 2872/2872/2872 2871/2871/2871
f 2868/2868/2868 2869/2869/2869 2873/2873/2873
f 2869/2869/2869 2874/2874/2874 2873/2873/2873
f 2869/2869/2869 2870/2870/2870 2874/2874/2874
f 2870/2870/2870 2875/2875/2875 2874/2874/2874
f 2870/2870/2870 2871/2871/2871 2875/2875/2875
f 2871/2871/2871 2876/2876/2876 2875/2875/2875
f 2871/2871/2871 2872/2872/2872 2876/2876/2876
f 2872/2872/2872 2877/2877/2877 2876/2876/2876
o beveled-plate_part_10
usemtl part_10
v 7.406484 -0.09784627 -0.4402032
v 7.401423 0.95 -0.449351
v 7.401423 2.15 -0.449351
v 7.401423 3.35 -0.449351
v 7.406484 4.397846 -0.4402032
v 7.401423 -0.1445584 -0.235
v 7.39 0.95 -0.235
v 7.39 2.15 -0.235
v 7.39 3.35 -0.235
v 7.401423 4.444559 -0.235
v 7.401423 -0.1445584 0
v 7.39 0.95 0
v 7.39 2.15 0
v 7.39 3.35 0
v 7.401423 4.444559 0
v 7.401423 -0.1445584 0.235
v 7.39 0.95 0.235
v 7.39 2.15 0.235
v 7.39 3.35 0.235
v 7.401423 4.444559 0.235
v 7.406484 -0.09784627 0.4402032
v 7.401423 0.95 0.449351
v 7.401423 2.15 0.449351
v 7.401423 3.35 0.449351
v 7.406484 4.397846 0.4402032
v 7.893517 -0.09784627 -0.4402032
v 7.898577 0.95 -0.449351
v 7.898577 2.15 -0.449351
v 7.898577 3.35 -0.449351
v 7.893517 4.397846 -0.4402032
v 7.898577 -0.1445584 -0.235
v 7.91 0.95 -0.235
v 7.91 2.15 -0.235
v 7.91 3.35 -0.235
v 7.898577 4.444559 -0.235
v 7.898577 -0.1445584 0
v 7.91 0.95 0
v 7.91 2.15 0
v 7.91 3.35 0
v 7.898577 4.444559 0
v 7.898577 -0.1445584 0.235
v 7.91 0.95 0.235
v 7.91 2.15 0.235
v 7.91 3.35 0.235
v 7.898577 4.444559 0.235
v 7.893517 -0.09784627 0.4402032
v 7.898577 0.95 0.449351
v 7.898577 2.15 0.449351
v 7.898577 3.35 0.449351
v 7.893517 4.397846 0.4402032
v 7.406484 -0.09784627 -0.4402032
v 7.401423 -0.1445584 -0.235
v 7.401423 -0.1445584 0
v 7.401423 -0.1445584 0.235
v 7.406484 -0.09784627 0.4402032
v 7.52 -0.1445584 -0.449351
v 7.52 -0.25 -0.235
v 7.52 -0.25 0
v 7.52 -0.25 0.235
v 7.52 -0.1445584 0.449351
v 7.65 -0.1445584 -0.449351
v 7.65 -0.25 -0.235
v 7.65 -0.25 0
v 7.65 -0.25 0.235
v 7.65 -0.1445584 0.449351
v 7.78 -0.1445584 -0.449351
v 7.78 -0.25 -0.235
v 7.78 -0.25 0
v 7.78 -0.25 0.235
v 7.78 -0.1445584 0.449351
v 7.893517 -0.09784627 -0.4402032
v 7.898577 -0.1445584 -0.235
v 7.898577 -0.1445584 0
v 7.898577 -0.1445584 0.235
v 7.893517 -0.09784627 0.4402032
v 7.406484 4.397846 -0.4402032
v 7.401423 4.444559 -0.235
v 7.401423 4.444559 0
v 7.401423 4.444559 0.235
v 7.406484 4.397846 0.4402032
v 7.52 4.444559 -0.449351
v 7.52 4.55 -0.235
v 7.52 4.55 0
v 7.52 4.55 0.235
v 7.52 4.444559 0.449351
v 7.65 4.444559 -0.449351
v 7.65 4.55 -0.235
v 7.65 4.55 0
v 7.65 4.55 0.235
v 7.65 4.444559 0.449351
v 7.78 4.444559 -0.449351
v 7.78 4.55 -0.235
v 7.78 4.55 0
v 7.78 4.55 0.235
v 7.78 4.444559 0.449351
v 7.893517 4.397846 -0.4402032
v 7.898577 4.444559 -0.235
v 7.898577 4.444559 0
v 7.898577 4.444559 0.235
v 7.893517 4.397846 0.4402032
v 7.406484 -0.09784627 -0.4402032
v 7.52 -0.1445584 -0.449351
v 7.65 -0.1445584 -0.449351
v 7.78 -0.1445584 -0.449351
v 7.893517 -0.09784627 -0.4402032
v 7.401423 0.95 -0.449351
v 7.52 0.95 -0.47
v 7.65 0.95 -0.47
v 7.78 0.95 -0.47
v 7.898577 0.95 -0.449351
v 7.401423 2.15 -0.449351
v 7.52 2.15 -0.47
v 7.65 2.15 -0.47
v 7.78 2.15 -0.47
v 7.898577 2.15 -0.449351
v 7.401423 3.35 -0.449351
v 7.52 3.35 -0.47
v 7.65 3.35 -0.47
v 7.78 3.35 -0.47
v 7.898577 3.35 -0.449351
v 7.406484 4.397846 -0.4402032
v 7.52 4.444559 -0.449351
v 7.65 4.444559 -0.449351
v 7.78 4.444559 -0.449351
v 7.893517 4.397846 -0.4402032
v 7.406484 -0.09784627 0.4402032
v 7.52 -0.1445584 0.449351
v 7.65 -0.1445584 0.449351
v 7.78 -0.1445584 0.449351
v 7.893517 -0.09784627 0.4402032
v 7.401423 0.95 0.449351
v 7.52 0.95 0.47
v 7.65 0.95 0.47
v 7.78 0.95 0.47
v 7.898577 0.95 0.449351
v 7.401423 2.15 0.449351
v 7.52 2.15 0.47
v 7.65 2.15 0.47
v 7.78 2.15 0.47
v 7.898577 2.15 0.449351
v 7.401423 3.35 0.449351
v 7.52 3.35 0.47
v 7.65 3.35 0.47
v 7.78 3.35 0.47
v 7.898577 3.35 0.449351
v 7.406484 4.397846 0.4402032
v 7.52 4.444559 0.449351
v 7.65 4.444559 0.449351
v 7.78 4.444559 0.449351
v 7.893517 4.397846 0.4402032
vt 0 0
vt 0.25 0
vt 0.5 0
vt 0.75 0
vt 1 0
vt 0 0.25
vt 0.25 0.25
vt 0.5 0.25
vt 0.75 0.25
vt 1 0.25
vt 0 0.5
vt 0.25 0.5
vt 0.5 0.5
vt 0.75 0.5
vt 1 0.5
vt 0 0.75
vt 0.25 0.75
vt 0.5 0.75
vt 0.75 0.75
vt 1 0.75
vt 0 1
vt 0.25 1
vt 0.5 1
vt 0.75 1
vt 1 1
vt 0 0
vt 0.25 0
vt 0.5 0
vt 0.75 0
vt 1 0
vt 0 0.25
vt 0.25 0.25
vt 0.5 0.25
vt 0.75 0.25
vt 1 0.25
vt 0 0.5
vt 0.25 0.5
vt 0.5 0.5
vt 0.75 0.5
vt 1 0.5
vt 0 0.75
vt 0.25 0.75
vt 0.5 0.75
vt 0.75 0.75
vt 1 0.75
vt 0 1
vt 0.25 1
vt 0.5 1
vt 0.75 1
vt 1 1
vt 0 0
vt 0.25 0
vt 0.5 0
vt 0.75 0
vt 1 0
vt 0 0.25
vt 0.25 0.25
vt 0.5 0.25
vt 0.75 0.25
vt 1 0.25
vt 0 0.5
vt 0.25 0.5
vt 0.5 0.5
vt 0.75 0.5
vt 1 0.5
vt 0 0.75
vt 0.25 0.75
vt 0.5 0.75
vt 0.75 0.75
vt 1 0.75
vt 0 1
vt 0.25 1
vt 0.5 1
vt 0.75 1
vt 1 1
vt 0 0
vt 0.25 0
vt 0.5 0
vt 0.75 0
vt 1 0
vt 0 0.25
vt 0.25 0.25
vt 0.5 0.25
vt 0.75 0.25
vt 1 0.25
vt 0 0.5
vt 0.25 0.5
vt 0.5 0.5
vt 0.75 0.5
vt 1 0.5
vt 0 0.75
vt 0.25 0.75
vt 0.5 0.75
vt 0.75 0.75
vt 1 0.75
vt 0 1
vt 0.25 1
vt 0.5 1
vt 0.75 1
vt 1 1
vt 0 0
vt 0.25 0
vt 0.5 0
vt 0.75 0
vt 1 0
vt 0 0.25
vt 0.25 0.25
vt 0.5 0.25
vt 0.75 0.25
vt 1 0.25
vt 0 0.5
vt 0.25 0.5
vt 0.5 0.5
vt 0.75 0.5
vt 1 0.5
vt 0 0.75
vt 0.25 0.75
vt 0.5 0.75
vt 0.75 0.75
vt 1 0.75
vt 0 1
vt 0.25 1
vt 0.5 1
vt 0.75 1
vt 1 1
vt 0 0
vt 0.25 0
vt 0.5 0
vt 0.75 0
vt 1 0
vt 0 0.25
vt 0.25 0.25
vt 0.5 0.25
vt 0.75 0.25
vt 1 0.25
vt 0 0.5
vt 0.25 0.5
vt 0.5 0.5
vt 0.75 0.5
vt 1 0.5
vt 0 0.75
vt 0.25 0.75
vt 0.5 0.75
vt 0.75 0.75
vt 1 0.75
vt 0 1
vt 0.25 1
vt 0.5 1
vt 0.75 1
vt 1 1
vn -0.8712372 -0.09433531 -0.4817123
vn -0.8750916 0 -0.4839573
vn -0.8750917 0 -0.4839573
vn -0.8750917 0 -0.4839573
vn -0.8711997 0.09436373 -0.4817744
vn -0.9941863 -0.1076733 0
vn -1 -0 -0
vn -1 -0 -0
vn -1 -0 -0
vn -0.9941831 0.1077032 0
vn -0.9941863 -0.1076733 0
vn -1 -0 -0
vn -1 -0 -0
vn -1 -0 -0
vn -0.9941831 0.1077032 0
vn -0.9941863 -0.1076733 0
vn -1 -0 -0
vn -1 -0 -0
vn -1 -0 -0
vn -0.9941831 0.1077032 0
vn -0.8711662 -0.09434386 0.4818388
vn -0.875034 0 0.4840614
vn -0.875034 0 0.4840614
vn -0.8750341 0 0.4840614
vn -0.8711287 0.09437228 0.481901
vn 0.8712372 -0.09433531 -0.4817123
vn 0.8750916 0 -0.4839573
vn 0.8750917 0 -0.4839573
vn 0.8750917 0 -0.4839573
vn 0.8711997 0.09436373 -0.4817744
vn 0.9941863 -0.1076733 0
vn 1 0 0
vn 1 0 0
vn 1 0 0
vn 0.9941831 0.1077032 0
vn 0.9941863 -0.1076733 0
vn 1 0 0
vn 1 0 0
vn 1 0 0
vn 0.9941831 0.1077032 0
vn 0.9941863 -0.1076733 0
vn 1 0 0
vn 1 0 0
vn 1 0 0
vn 0.9941831 0.1077032 0
vn 0.8711662 -0.09434386 0.4818388
vn 0.875034 0 0.4840614
vn 0.875034 0 0.4840614
vn 0.8750341 0 0.4840614
vn 0.8711287 0.09437228 0.481901
vn -0.8711247 -0.09442057 -0.4818988
vn -0.9941798 -0.1077331 0
vn -0.9941798 -0.1077331 0
vn -0.9941798 -0.1077331 0
vn -0.8710912 -0.0944007 0.4819632
vn 0 -0.1922348 -0.981349
vn -0 -1 -0
vn -0 -1 -0
vn -0 -1 -0
vn 0 -0.1921828 0.9813592
vn 0 -0.1922348 -0.9813489
vn -0 -1 -0
vn -0 -1 -0
vn -0 -1 -0
vn 0 -0.1921828 0.9813592
vn 0 -0.1922348 -0.9813489
vn -0 -1 -0
vn -0 -1 -0
vn -0 -1 -0
vn 0 -0.1921828 0.9813592
vn 0.8711623 -0.09439216 -0.4818366
vn 0.9941831 -0.1077032 0
vn 0.9941831 -0.1077032 0
vn 0.9941831 -0.1077032 0
vn 0.8711287 -0.09437228 0.481901
vn -0.8711247 0.09442057 -0.4818988
vn -0.9941798 0.1077331 0
vn -0.9941798 0.1077331 0
vn -0.9941798 0.1077331 0
vn -0.8710912 0.0944007 0.4819632
vn 0 0.1922348 -0.981349
vn 0 1 0
vn 0 1 0
vn 0 1 0
vn 0 0.1921828 0.9813592
vn 0 0.1922348 -0.9813489
vn 0 1 0
vn 0 1 0
vn 0 1 0
vn 0 0.1921828 0.9813592
vn 0 0.1922348 -0.9813489
vn 0 1 0
vn 0 1 0
vn 0 1 0
vn 0 0.1921828 0.9813592
vn 0.8711623 0.09439216 -0.4818366
vn 0.9941831 0.1077032 0
vn 0.9941831 0.1077032 0
vn 0.9941831 0.1077032 0
vn 0.8711287 0.09437228 0.481901
vn -0.8710243 -0.09436096 -0.482092
vn 0 -0.1921309 -0.9813693
vn 0 -0.1921308 -0.9813693
vn 0 -0.1921308 -0.9813693
vn 0.8710952 -0.09435241 -0.4819655
vn -0.8749764 0 -0.4841655
vn -0 -0 -1
vn -0 -0 -1
vn -0 -0 -1
vn 0.875034 0 -0.4840614
vn -0.8749764 0 -0.4841655
vn -0 -0 -1
vn -0 -0 -1
vn -0 -0 -1
vn 0.875034 0 -0.4840614
vn -0.8749764 0 -0.4841655
vn -0 -0 -1
vn -0 -0 -1
vn -0 -0 -1
vn 0.8750341 0 -0.4840614
vn -0.8710577 0.09438083 -0.4820276
vn 0 0.1921828 -0.9813592
vn 0 0.1921828 -0.9813592
vn 0 0.1921828 -0.9813592
vn 0.8711287 0.09437228 -0.481901
vn -0.8710243 -0.09436096 0.482092
vn 0 -0.1921309 0.9813693
vn 0 -0.1921308 0.9813693
vn 0 -0.1921308 0.9813693
vn 0.8710952 -0.09435241 0.4819655
vn -0.8749764 0 0.4841655
vn 0 0 1
vn 0 0 1
vn 0 0 1
vn 0.875034 0 0.4840614
vn -0.8749764 0 0.4841655
vn 0 0 1
vn 0 0 1
vn 0 0 1
vn 0.875034 0 0.4840614
vn -0.8749764 0 0.4841655
vn 0 0 1
vn 0 0 1
vn 0 0 1
vn 0.8750341 0 0.4840614
vn -0.8710577 0.09438083 0.4820276
vn 0 0.1921828 0.9813592
vn 0 0.1921828 0.9813592
vn 0 0.1921828 0.9813592
vn 0.8711287 0.09437228 0.481901
f 2878/2878/2878 2883/2883/2883 2879/2879/2879
f 2879/2879/2879 2883/2883/2883 2884/2884/2884
f 2879/2879/2879 2884/2884/2884 2880/2880/2880
f 2880/2880/2880 2884/2884/2884 2885/2885/2885
f 2880/2880/2880 2885/2885/2885 2881/2881/2881
f 2881/2881/2881 2885/2885/2885 2886/2886/2886
f 2881/2881/2881 2886/2886/2886 2882/2882/2882
f 2882/2882/2882 2886/2886/2886 2887/2887/2887
f 2883/2883/2883 2888/2888/2888 2884/2884/2884
f 2884/2884/2884 2888/2888/2888 2889/2889/2889
f 2884/2884/2884 2889/2889/2889 2885/2885/2885
f 2885/2885/2885 2889/2889/2889 2890/2890/2890
f 2885/2885/2885 2890/2890/2890 2886/2886/2886
f 2886/2886/2886 2890/2890/2890 2891/2891/2891
f 2886/2886/2886 2891/2891/2891 2887/2887/2887
f 2887/2887/2887 2891/2891/2891 2892/2892/2892
f 2888/2888/2888 2893/2893/2893 2889/2889/2889
f 2889/2889/2889 2893/2893/2893 2894/2894/2894
f 2889/2889/2889 2894/2894/2894 2890/2890/2890
f 2890/2890/2890 2894/2894/2894 2895/2895/2895
f 2890/2890/2890 2895/2895/2895 2891/2891/2891
f 2891/2891/2891 2895/2895/2895 2896/2896/2896
f 2891/2891/2891 2896/2896/2896 2892/2892/2892
f 2892/2892/2892 2896/2896/2896 2897/2897/2897
f 2893/2893/2893 2898/2898/2898 2894/2894/2894
f 2894/2894/2894 2898/2898/2898 2899/2899/2899
f 2894/2894/2894 2899/2899/2899 2895/2895/2895
f 2895/2895/2895 2899/2899/2899 2900/2900/2900
f 2895/2895/2895 2900/2900/2900 2896/2896/2896
f 2896/2896/2896 2900/2900/2900 2901/2901/2901
f 2896/2896/2896 2901/2901/2901 2897/2897/2897
f 2897/2897/2897 2901/2901/2901 2902/2902/2902
f 2903/2903/2903 2904/2904/2904 2908/2908/2908
f 2904/2904/2904 2909/2909/2909 2908/2908/2908
f 2904/2904/2904 2905/2905/2905 2909/2909/2909
f 2905/2905/2905 2910/2910/2910 2909/2909/2909
f 2905/2905/2905 2906/2906/2906 2910/2910/2910
f 2906/2906/2906 2911/2911/2911 2910/2910/2910
f 2906/2906/2906 2907/2907/2907 2911/2911/2911
f 2907/2907/2907 2912/2912/2912 2911/2911/2911
f 2908/2908/2908 2909/2909/2909 2913/2913/2913
f 2909/2909/2909 2914/2914/2914 2913/2913/2913
f 2909/2909/2909 2910/2910/2910 2914/2914/2914
f 2910/2910/2910 2915/2915/2915 2914/2914/2914
f 2910/2910/2910 2911/2911/2911 2915/2915/2915
f 2911/2911/2911 2916/2916/2916 2915/2915/2915
f 2911/2911/2911 2912/2912/2912 2916/2916/2916
f 2912/2912/2912 2917/2917/2917 2916/2916/2916
f 2913/2913/2913 2914/2914/2914 2918/2918/2918
f 2914/2914/2914 2919/2919/2919 2918/2918/2918
f 2914/2914/2914 2915/2915/2915 2919/2919/2919
f 2915/2915/2915 2920/2920/2920 2919/2919/2919
f 2915/2915/2915 2916/2916/2916 2920/2920/2920
f 2916/2916/2916 2921/2921/2921 2920/2920/2920
f 2916/2916/2916 2917/2917/2917 2921/2921/2921
f 2917/2917/2917 2922/2922/2922 2921/2921/2921
f 2918/2918/2918 2919/2919/2919 2923/2923/2923
f 2919/2919/2919 2924/2924/2924 2923/2923/2923
f 2919/2919/2919 2920/2920/2920 2924/2924/2924
f 2920/2920/2920 2925/2925/2925 2924/2924/2924
f 2920/2920/2920 2921/2921/2921 2925/2925/2925
f 2921/2921/2921 2926/2926/2926 2925/2925/2925
f 2921/2921/2921 2922/2922/2922 2926/2926/2926
f 2922/2922/2922 2927/2927/2927 2926/2926/2926
f 2928/2928/2928 2933/2933/2933 2929/2929/2929
f 2929/2929/2929 2933/2933/2933 2934/2934/2934
f 2929/2929/2929 2934/2934/2934 2930/2930/2930
f 2930/2930/2930 2934/2934/2934 2935/2935/2935
f 2930/2930/2930 2935/2935/2935 2931/2931/2931
f 2931/2931/2931 2935/2935/2935 2936/2936/2936
f 2931/2931/2931 2936/2936/2936 2932/2932/2932
f 2932/2932/2932 2936/2936/2936 2937/2937/2937
f 2933/2933/2933 2938/2938/2938 2934/2934/2934
f 2934/2934/2934 2938/2938/2938 2939/2939/2939
f 2934/2934/2934 2939/2939/2939 2935/2935/2935
f 2935/2935/2935 2939/2939/2939 2940/2940/2940
f 2935/2935/2935 2940/2940/2940 2936/2936/2936
f 2936/2936/2936 2940/2940/2940 2941/2941/2941
f 2936/2936/2936 2941/2941/2941 2937/2937/2937
f 2937/2937/2937 2941/2941/2941 2942/2942/2942
f 2938/2938/2938 2943/2943/2943 2939/2939/2939
f 2939/2939/2939 2943/2943/2943 2944/2944/2944
f 2939/2939/2939 2944/2944/2944 2940/2940/2940
f 2940/2940/2940 2944/2944/2944 2945/2945/2945
f 2940/2940/2940 2945/2945/2945 2941/2941/2941
f 2941/2941/2941 2945/2945/2945 2946/2946/2946
f 2941/2941/2941 2946/2946/2946 2942/2942/2942
f 2942/2942/2942 2946/2946/2946 2947/2947/2947
f 2943/2943/2943 2948/2948/2948 2944/2944/2944
f 2944/2944/2944 2948/2948/2948 2949/2949/2949
f 2944/2944/2944 2949/2949/2949 2945/2945/2945
f 2945/2945/2945 2949/2949/2949 2950/2950/2950
f 2945/2945/2945 2950/2950/2950 2946/2946/2946
f 2946/2946/2946 2950/2950/2950 2951/2951/2951
f 2946/2946/2946 2951/2951/2951 2947/2947/2947
f 2947/2947/2947 2951/2951/2951 2952/2952/2952
f 2953/2953/2953 2954/2954/2954 2958/2958/2958
f 2954/2954/2954 2959/2959/2959 2958/2958/2958
f 2954/2954/2954 2955/2955/2955 2959/2959/2959
f 2955/2955/2955 2960/2960/2960 2959/2959/2959
f 2955/2955/2955 2956/2956/2956 2960/2960/2960
f 2956/2956/2956 2961/2961/2961 2960/2960/2960
f 2956/2956/2956 2957/2957/2957 2961/2961/2961
f 2957/2957/2957 2962/2962/2962 2961/2961/2961
f 2958/2958/2958 2959/2959/2959 2963/2963/2963
f 2959/2959/2959 2964/2964/2964 2963/2963/2963
f 2959/2959/2959 2960/2960/2960 2964/2964/2964
f 2960/2960/2960 2965/2965/2965 2964/2964/2964
f 2960/2960/2960 2961/2961/2961 2965/2965/2965
f 2961/2961/2961 2966/2966/2966 2965/2965/2965
f 2961/2961/2961 2962/2962/2962 2966/2966/2966
f 2962/2962/2962 2967/2967/2967 2966/2966/2966
f 2963/2963/2963 2964/2964/2964 2968/2968/2968
f 2964/2964/2964 2969/2969/2969 2968/2968/2968
f 2964/2964/2964 2965/2965/2965 2969/2969/2969
f 2965/2965/2965 2970/2970/2970 2969/2969/2969
f 2965/2965/2965 2966/2966/2966 2970/2970/2970
f 2966/2966/2966 2971/2971/2971 2970/2970/2970
f 2966/2966/2966 2967/2967/2967 2971/2971/2971
f 2967/2967/2967 2972/2972/2972 2971/2971/2971
f 2968/2968/2968 2969/2969/2969 2973/2973/2973
f 2969/2969/2969 2974/2974/2974 2973/2973/2973
f 2969/2969/2969 2970/2970/2970 2974/2974/2974
f 2970/2970/2970 2975/2975/2975 2974/2974/2974
f 2970/2970/2970 2971/2971/2971 2975/2975/2975
f 2971/2971/2971 2976/2976/2976 2975/2975/2975
f 2971/2971/2971 2972/2972/2972 2976/2976/2976
f 2972/2972/2972 2977/2977/2977 2976/2976/2976
f 2978/2978/2978 2983/2983/2983 2979/2979/2979
f 2979/2979/2979 2983/2983/2983 2984/2984/2984
f 2979/2979/2979 2984/2984/2984 2980/2980/2980
f 2980/2980/2980 2984/2984/2984 2985/2985/2985
f 2980/2980/2980 2985/2985/2985 2981/2981/2981
f 2981/2981/2981 2985/2985/2985 2986/2986/2986
f 2981/2981/2981 2986/2986/2986 2982/2982/2982
f 2982/2982/2982 2986/2986/2986 2987/2987/2987
f 2983/2983/2983 2988/2988/2988 2984/2984/2984
f 2984/2984/2984 2988/2988/2988 2989/2989/2989
f 2984/2984/2984 2989/2989/2989 2985/2985/2985
f 2985/2985/2985 2989/2989/2989 2990/2990/2990
f 2985/2985/2985 2990/2990/2990 2986/2986/2986
f 2986/2986/2986 2990/2990/2990 2991/2991/2991
f 2986/2986/2986 2991/2991/2991 2987/2987/2987
f 2987/2987/2987 2991/2991/2991 2992/2992/2992
f 2988/2988/2988 2993/2993/2993 2989/2989/2989
f 2989/2989/2989 2993/2993/2993 2994/2994/2994
f 2989/2989/2989 2994/2994/2994 2990/2990/2990
f 2990/2990/2990 2994/2994/2994 2995/2995/2995
f 2990/2990/2990 2995/2995/2995 2991/2991/2991
f 2991/2991/2991 2995/2995/2995 2996/2996/2996
f 2991/2991/2991 2996/2996/2996 2992/2992/2992
f 2992/2992/2992 2996/2996/2996 2997/2997/2997
f 2993/2993/2993 2998/2998/2998 2994/2994/2994
f 2994/2994/2994 2998/2998/2998 2999/2999/2999
f 2994/2994/2994 2999/2999/2999 2995/2995/2995
f 2995/2995/2995 2999/2999/2999 3000/3000/3000
f 2995/2995/2995 3000/3000/3000 2996/2996/2996
f 2996/2996/2996 3000/3000/3000 3001/3001/3001
f 2996/2996/2996 3001/3001/3001 2997/2997/2997
f 2997/2997/2997 3001/3001/3001 3002/3002/3002
f 3003/3003/3003 3004/3004/3004 3008/3008/3008
f 3004/3004/3004 3009/3009/3009 3008/3008/3008
f 3004/3004/3004 3005/3005/3005 3009/3009/3009
f 3005/3005/3005 3010/3010/3010 3009/3009/3009
f 3005/3005/3005 3006/3006/3006 3010/3010/3010
f 3006/3006/3006 3011/3011/3011 3010/3010/3010
f 3006/3006/3006 3007/3007/3007 3011/3011/3011
f 3007/3007/3007 3012/3012/3012 3011/3011/3011
f 3008/3008/3008 3009/3009/3009 3013/3013/3013
f 3009/3009/3009 3014/3014/3014 3013/3013/3013
f 3009/3009/3009 3010/3010/3010 3014/3014/3014
f 3010/3010/3010 3015/3015/3015 3014/3014/3014
f 3010/3010/3010 3011/3011/3011 3015/3015/3015
f 3011/3011/3011 3016/3016/3016 3015/3015/3015
f 3011/3011/3011 3012/3012/3012 3016/3016/3016
f 3012/3012/3012 3017/3017/3017 3016/3016/3016
f 3013/3013/3013 3014/3014/3014 3018/3018/3018
f 3014/3014/3014 3019/3019/3019 3018/3018/3018
f 3014/3014/3014 3015/3015/3015 3019/3019/3019
f 3015/3015/3015 3020/3020/3020 3019/3019/3019
f 3015/3015/3015 3016/3016/3016 3020/3020/3020
f 3016/3016/3016 3021/3021/3021 3020/3020/3020
f 3016/3016/3016 3017/3017/3017 3021/3021/3021
f 3017/3017/3017 3022/3022/3022 3021/3021/3021
f 3018/3018/3018 3019/3019/3019 3023/3023/3023
f 3019/3019/3019 3024/3024/3024 3023/3023/3023
f 3019/3019/3019 3020/3020/3020 3024/3024/3024
f 3020/3020/3020 3025/3025/3025 3024/3024/3024
f 3020/3020/3020 3021/3021/3021 3025/3025/3025
f 3021/3021/3021 3026/3026/3026 3025/3025/3025
f 3021/3021/3021 3022/3022/3022 3026/3026/3026
f 3022/3022/3022 3027/3027/3027 3026/3026/3026
o beveled-plate_part_11
usemtl part_11
v 7.897248 0.5688756 -0.3697128
v 7.895944 0.63 -0.3759411
v 7.895944 0.7 -0.3759411
v 7.895944 0.77 -0.3759411
v 7.897248 0.8311244 -0.3697128
v 7.895944 0.5661507 -0.23
v 7.893 0.63 -0.23
v 7.893 0.7 -0.23
v 7.893 0.77 -0.23
v 7.895944 0.8338493 -0.23
v 7.895944 0.5661507 -0.07
v 7.893 0.63 -0.07
v 7.893 0.7 -0.07
v 7.893 0.77 -0.07
v 7.895944 0.8338493 -0.07
v 7.895944 0.5661507 0.09
v 7.893 0.63 0.09
v 7.893 0.7 0.09
v 7.893 0.77 0.09
v 7.895944 0.8338493 0.09
v 7.897248 0.5688756 0.2297128
v 7.895944 0.63 0.2359411
v 7.895944 0.7 0.2359411
v 7.895944 0.77 0.2359411
v 7.897248 0.8311244 0.2297128
v 8.022753 0.5688756 -0.3697128
v 8.024056 0.63 -0.3759411
v 8.024056 0.7 -0.3759411
v 8.024056 0.77 -0.3759411
v 8.022753 0.8311244 -0.3697128
v 8.024056 0.5661507 -0.23
v 8.027 0.63 -0.23
v 8.027 0.7 -0.23
v 8.027 0.77 -0.23
v 8.024056 0.8338493 -0.23
v 8.024056 0.5661507 -0.07
v 8.027 0.63 -0.07
v 8.027 0.7 -0.07
v 8.027 0.77 -0.07
v 8.024056 0.8338493 -0.07
v 8.024056 0.5661507 0.09
v 8.027 0.63 0.09
v 8.027 0.7 0.09
v 8.027 0.77 0.09
v 8.024056 0.8338493 0.09
v 8.022753 0.5688756 0.2297128
v 8.024056 0.63 0.2359411
v 8.024056 0.7 0.2359411
v 8.024056 0.77 0.2359411
v 8.022753 0.8311244 0.2297128
v 7.897248 0.5688756 -0.3697128
v 7.895944 0.5661507 -0.23
v 7.895944 0.5661507 -0.07
v 7.895944 0.5661507 0.09
v 7.897248 0.5688756 0.2297128
v 7.9265 0.5661507 -0.3759411
v 7.9265 0.56 -0.23
v 7.9265 0.56 -0.07
v 7.9265 0.56 0.09
v 7.9265 0.5661507 0.2359411
v 7.96 0.5661507 -0.3759411
v 7.96 0.56 -0.23
v 7.96 0.56 -0.07
v 7.96 0.56 0.09
v 7.96 0.5661507 0.2359411
v 7.9935 0.5661507 -0.3759411
v 7.9935 0.56 -0.23
v 7.9935 0.56 -0.07
v 7.9935 0.56 0.09
v 7.9935 0.5661507 0.2359411
v 8.022753 0.5688756 -0.3697128
v 8.024056 0.5661507 -0.23
v 8.024056 0.5661507 -0.07
v 8.024056 0.5661507 0.09
v 8.022753 0.5688756 0.2297128
v 7.897248 0.8311244 -0.3697128
v 7.895944 0.8338493 -0.23
v 7.895944 0.8338493 -0.07
v 7.895944 0.8338493 0.09
v 7.897248 0.8311244 0.2297128
v 7.9265 0.8338493 -0.3759411
v 7.9265 0.84 -0.23
v 7.9265 0.84 -0.07
v 7.9265 0.84 0.09
v 7.9265 0.8338493 0.2359411
v 7.96 0.8338493 -0.3759411
v 7.96 0.84 -0.23
v 7.96 0.84 -0.07
v 7.96 0.84 0.09
v 7.96 0.8338493 0.2359411
v 7.9935 0.8338493 -0.3759411
v 7.9935 0.84 -0.23
v 7.9935 0.84 -0.07
v 7.9935 0.84 0.09
v 7.9935 0.8338493 0.2359411
v 8.022753 0.8311244 -0.3697128
v 8.024056 0.8338493 -0.23
v 8.024056 0.8338493 -0.07
v 8.024056 0.8338493 0.09
v 8.022753 0.8311244 0.2297128
v 7.897248 0.5688756 -0.3697128
v 7.9265 0.5661507 -0.3759411
v 7.96 0.5661507 -0.3759411
v 7.9935 0.5661507 -0.3759411
v 8.022753 0.5688756 -0.3697128
v 7.895944 0.63 -0.3759411
v 7.9265 0.63 -0.39
v 7.96 0.63 -0.39
v 7.9935 0.63 -0.39
v 8.024056 0.63 -0.3759411
v 7.895944 0.7 -0.3759411
v 7.9265 0.7 -0.39
v 7.96 0.7 -0.39
v 7.9935 0.7 -0.39
v 8.024056 0.7 -0.3759411
v 7.895944 0.77 -0.3759411
v 7.9265 0.77 -0.39
v 7.96 0.77 -0.39
v 7.9935 0.77 -0.39
v 8.024056 0.77 -0.3759411
v 7.897248 0.8311244 -0.3697128
v 7.9265 0.8338493 -0.3759411
v 7.96 0.8338493 -0.3759411
v 7.9935 0.8338493 -0.3759411
v 8.022753 0.8311244 -0.3697128
v 7.897248 0.5688756 0.2297128
v 7.9265 0.5661507 0.2359411
v 7.96 0.5661507 0.2359411
v 7.9935 0.5661507 0.2359411
v 8.022753 0.5688756 0.2297128
v 7.895944 0.63 0.2359411
v 7.9265 0.63 0.25
v 7.96 0.63 0.25
v 7.9935 0.63 0.25
v 8.024056 0.63 0.2359411
v 7.895944 0.7 0.2359411
v 7.9265 0.7 0.25
v 7.96 0.7 0.25
v 7.9935 0.7 0.25
v 8.024056 0.7 0.2359411
v 7.895944 0.77 0.2359411
v 7.9265 0.77 0.25
v 7.96 0.77 0.25
v 7.9935 0.77 0.25
v 8.024056 0.77 0.2359411
v 7.897248 0.8311244 0.2297128
v 7.9265 0.8338493 0.2359411
v 7.96 0.8338493 0.2359411
v 7.9935 0.8338493 0.2359411
v 8.022753 0.8311244 0.2297128
vt 0 0
vt 0.25 0
vt 0.5 0
vt 0.75 0
vt 1 0
vt 0 0.25
vt 0.25 0.25
vt 0.5 0.25
vt 0.75 0.25
vt 1 0.25
vt 0 0.5
vt 0.25 0.5
vt 0.5 0.5
vt 0.75 0.5
vt 1 0.5
vt 0 0.75
vt 0.25 0.75
vt 0.5 0.75
vt 0.75 0.75
vt 1 0.75
vt 0 1
vt 0.25 1
vt 0.5 1
vt 0.75 1
vt 1 1
vt 0 0
vt 0.25 0
vt 0.5 0
vt 0.75 0
vt 1 0
vt 0 0.25
vt 0.25 0.25
vt 0.5 0.25
vt 0.75 0.25
vt 1 0.25
vt 0 0.5
vt 0.25 0.5
vt 0.5 0.5
vt 0.75 0.5
vt 1 0.5
vt 0 0.75
vt 0.25 0.75
vt 0.5 0.75
vt 0.75 0.75
vt 1 0.75
vt 0 1
vt 0.25 1
vt 0.5 1
vt 0.75 1
vt 1 1
vt 0 0
vt 0.25 0
vt 0.5 0
vt 0.75 0
vt 1 0
vt 0 0.25
vt 0.25 0.25
vt 0.5 0.25
vt 0.75 0.25
vt 1 0.25
vt 0 0.5
vt 0.25 0.5
vt 0.5 0.5
vt 0.75 0.5
vt 1 0.5
vt 0 0.75
vt 0.25 0.75
vt 0.5 0.75
vt 0.75 0.75
vt 1 0.75
vt 0 1
vt 0.25 1
vt 0.5 1
vt 0.75 1
vt 1 1
vt 0 0
vt 0.25 0
vt 0.5 0
vt 0.75 0
vt 1 0
vt 0 0.25
vt 0.25 0.25
vt 0.5 0.25
vt 0.75 0.25
vt 1 0.25
vt 0 0.5
vt 0.25 0.5
vt 0.5 0.5
vt 0.75 0.5
vt 1 0.5
vt 0 0.75
vt 0.25 0.75
vt 0.5 0.75
vt 0.75 0.75
vt 1 0.75
vt 0 1
vt 0.25 1
vt 0.5 1
vt 0.75 1
vt 1 1
vt 0 0
vt 0.25 0
vt 0.5 0
vt 0.75 0
vt 1 0
vt 0 0.25
vt 0.25 0.25
vt 0.5 0.25
vt 0.75 0.25
vt 1 0.25
vt 0 0.5
vt 0.25 0.5
vt 0.5 0.5
vt 0.75 0.5
vt 1 0.5
vt 0 0.75
vt 0.25 0.75
vt 0.5 0.75
vt 0.75 0.75
vt 1 0.75
vt 0 1
vt 0.25 1
vt 0.5 1
vt 0.75 1
vt 1 1
vt 0 0
vt 0.25 0
vt 0.5 0
vt 0.75 0
vt 1 0
vt 0 0.25
vt 0.25 0.25
vt 0.5 0.25
vt 0.75 0.25
vt 1 0.25
vt 0 0.5
vt 0.25 0.5
vt 0.5 0.5
vt 0.75 0.5
vt 1 0.5
vt 0 0.75
vt 0.25 0.75
vt 0.5 0.75
vt 0.75 0.75
vt 1 0.75
vt 0 1
vt 0.25 1
vt 0.5 1
vt 0.75 1
vt 1 1
vn -0.8864541 -0.4240127 -0.1855056
vn -0.978788 0 -0.2048762
vn -0.978788 0 -0.2048762
vn -0.978788 0 -0.2048762
vn -0.886394 0.4241298 -0.1855249
vn -0.9020724 -0.4315848 0
vn -1 -0 -0
vn -1 -0 -0
vn -1 -0 -0
vn -0.9020251 0.4316835 0
vn -0.9020724 -0.4315848 0
vn -1 -0 -0
vn -1 -0 -0
vn -1 -0 -0
vn -0.9020251 0.4316835 0
vn -0.9020724 -0.4315848 0
vn -1 -0 -0
vn -1 -0 -0
vn -1 -0 -0
vn -0.9020252 0.4316835 0
vn -0.8864162 -0.4240675 0.1855615
vn -0.9787763 0 0.2049313
vn -0.9787763 0 0.2049313
vn -0.9787763 0 0.2049313
vn -0.8863561 0.4241847 0.1855808
vn 0.8864541 -0.4240127 -0.1855056
vn 0.978788 0 -0.2048762
vn 0.978788 0 -0.2048762
vn 0.978788 0 -0.2048762
vn 0.886394 0.4241298 -0.1855249
vn 0.9020724 -0.4315848 0
vn 1 0 0
vn 1 0 0
vn 1 0 0
vn 0.9020251 0.4316835 0
vn 0.9020724 -0.4315848 0
vn 1 0 0
vn 1 0 0
vn 1 0 0
vn 0.9020251 0.4316835 0
vn 0.9020724 -0.4315848 0
vn 1 0 0
vn 1 0 0
vn 1 0 0
vn 0.9020252 0.4316835 0
vn 0.8864162 -0.4240675 0.1855615
vn 0.9787763 0 0.2049313
vn 0.9787763 0 0.2049313
vn 0.9787763 0 0.2049313
vn 0.8863561 0.4241847 0.1855808
vn -0.8862737 -0.4243643 -0.1855636
vn -0.9019779 -0.4317821 0
vn -0.9019779 -0.4317821 0
vn -0.9019779 -0.4317821 0
vn -0.8862959 -0.4243019 0.1856002
vn 0 -0.9161987 -0.4007244
vn -0 -1 -0
vn -0 -1 -0
vn -0 -1 -0
vn 0 -0.9161573 0.4008189
vn 0 -0.9161987 -0.4007244
vn -0 -1 -0
vn -0 -1 -0
vn -0 -1 -0
vn 0 -0.9161573 0.4008189
vn 0 -0.9161987 -0.4007244
vn -0 -1 -0
vn -0 -1 -0
vn -0 -1 -0
vn 0 -0.9161574 0.4008189
vn 0.8863339 -0.4242471 -0.1855442
vn 0.9020251 -0.4316835 0
vn 0.9020251 -0.4316835 0
vn 0.9020252 -0.4316835 0
vn 0.8863561 -0.4241847 0.1855808
vn -0.8862737 0.4243643 -0.1855636
vn -0.9019779 0.4317821 0
vn -0.9019779 0.4317821 0
vn -0.9019779 0.4317821 0
vn -0.8862959 0.4243019 0.1856002
vn 0 0.9161987 -0.4007244
vn 0 1 0
vn 0 1 0
vn 0 1 0
vn 0 0.9161573 0.4008189
vn 0 0.9161987 -0.4007244
vn 0 1 0
vn 0 1 0
vn 0 1 0
vn 0 0.9161573 0.4008189
vn 0 0.9161987 -0.4007244
vn 0 1 0
vn 0 1 0
vn 0 1 0
vn 0 0.9161574 0.4008189
vn 0.8863339 0.4242471 -0.1855442
vn 0.9020251 0.4316835 0
vn 0.9020251 0.4316835 0
vn 0.9020252 0.4316835 0
vn 0.8863561 0.4241847 0.1855808
vn -0.8863403 -0.4241772 -0.1856733
vn 0 -0.916116 -0.4009134
vn 0 -0.9161159 -0.4009134
vn 0 -0.9161159 -0.4009134
vn 0.8863783 -0.4241223 -0.1856174
vn -0.9787648 0 -0.2049865
vn -0 -0 -1
vn -0 -0 -1
vn -0 -0 -1
vn 0.9787763 0 -0.2049313
vn -0.9787648 0 -0.2049865
vn -0 -0 -1
vn -0 -0 -1
vn -0 -0 -1
vn 0.9787763 0 -0.2049313
vn -0.9787648 0 -0.2049865
vn -0 -0 -1
vn -0 -0 -1
vn -0 -0 -1
vn 0.9787763 0 -0.2049313
vn -0.8863181 0.4242395 -0.1856368
vn 0 0.9161573 -0.4008189
vn 0 0.9161573 -0.4008189
vn 0 0.9161574 -0.4008189
vn 0.8863561 0.4241847 -0.1855808
vn -0.8863403 -0.4241772 0.1856733
vn 0 -0.916116 0.4009134
vn 0 -0.9161159 0.4009134
vn 0 -0.9161159 0.4009134
vn 0.8863783 -0.4241223 0.1856174
vn -0.9787648 0 0.2049865
vn 0 0 1
vn 0 0 1
vn 0 0 1
vn 0.9787763 0 0.2049313
vn -0.9787648 0 0.2049865
vn 0 0 1
vn 0 0 1
vn 0 0 1
vn 0.9787763 0 0.2049313
vn -0.9787648 0 0.2049865
vn 0 0 1
vn 0 0 1
vn 0 0 1
vn 0.9787763 0 0.2049313
vn -0.8863181 0.4242395 0.1856368
vn 0 0.9161573 0.4008189
vn 0 0.9161573 0.4008189
vn 0 0.9161574 0.4008189
vn 0.8863561 0.4241847 0.1855808
f 3028/3028/3028 3033/3033/3033 3029/3029/3029
f 3029/3029/3029 3033/3033/3033 3034/3034/3034
f 3029/3029/3029 3034/3034/3034 3030/3030/3030
f 3030/3030/3030 3034/3034/3034 3035/3035/3035
f 3030/3030/3030 3035/3035/3035 3031/3031/3031
f 3031/3031/3031 3035/3035/3035 3036/3036/3036
f 3031/3031/3031 3036/3036/3036 3032/3032/3032
f 3032/3032/3032 3036/3036/3036 3037/3037/3037
f 3033/3033/3033 3038/3038/3038 3034/3034/3034
f 3034/3034/3034 3038/3038/3038 3039/3039/3039
f 3034/3034/3034 3039/3039/3039 3035/3035/3035
f 3035/3035/3035 3039/3039/3039 3040/3040/3040
f 3035/3035/3035 3040/3040/3040 3036/3036/3036
f 3036/3036/3036 3040/3040/3040 3041/3041/3041
f 3036/3036/3036 3041/3041/3041 3037/3037/3037
f 3037/3037/3037 3041/3041/3041 3042/3042/3042
f 3038/3038/3038 3043/3043/3043 3039/3039/3039
f 3039/3039/3039 3043/3043/3043 3044/3044/3044
f 3039/3039/3039 3044/3044/3044 3040/3040/3040
f 3040/3040/3040 3044/3044/3044 3045/3045/3045
f 3040/3040/3040 3045/3045/3045 3041/3041/3041
f 3041/3041/3041 3045/3045/3045 3046/3046/3046
f 3041/3041/3041 3046/3046/3046 3042/3042/3042
f 3042/3042/3042 3046/3046/3046 3047/3047/3047
f 3043/3043/3043 3048/3048/3048 3044/3044/3044
f 3044/3044/3044 3048/3048/3048 3049/3049/3049
f 3044/3044/3044 3049/3049/3049 3045/3045/3045
f 3045/3045/3045 3049/3049/3049 3050/3050/3050
f 3045/3045/3045 3050/3050/3050 3046/3046/3046
f 3046/3046/3046 3050/3050/3050 3051/3051/3051
f 3046/3046/3046 3051/3051/3051 3047/3047/3047
f 3047/3047/3047 3051/3051/3051 3052/3052/3052
f 3053/3053/3053 3054/3054/3054 3058/3058/3058
f 3054/3054/3054 3059/3059/3059 3058/3058/3058
f 3054/3054/3054 3055/3055/3055 3059/3059/3059
f 3055/3055/3055 3060/3060/3060 3059/3059/3059
f 3055/3055/3055 3056/3056/3056 3060/3060/3060
f 3056/3056/3056 3061/3061/3061 3060/3060/3060
f 3056/3056/3056 3057/3057/3057 3061/3061/3061
f 3057/3057/3057 3062/3062/3062 3061/3061/3061
f 3058/3058/3058 3059/3059/3059 3063/3063/3063
f 3059/3059/3059 3064/3064/3064 3063/3063/3063
f 3059/3059/3059 3060/3060/3060 3064/3064/3064
f 3060/3060/3060 3065/3065/3065 3064/3064/3064
f 3060/3060/3060 3061/3061/3061 3065/3065/3065
f 3061/3061/3061 3066/3066/3066 3065/3065/3065
f 3061/3061/3061 3062/3062/3062 3066/3066/3066
f 3062/3062/3062 3067/3067/3067 3066/3066/3066
f 3063/3063/3063 3064/3064/3064 3068/3068/3068
f 3064/3064/3064 3069/3069/3069 3068/3068/3068
f 3064/3064/3064 3065/3065/3065 3069/3069/3069
f 3065/3065/3065 3070/3070/3070 3069/3069/3069
f 3065/3065/3065 3066/3066/3066 3070/3070/3070
f 3066/3066/3066 3071/3071/3071 3070/3070/3070
f 3066/3066/3066 3067/3067/3067 3071/3071/3071
f 3067/3067/3067 3072/3072/3072 3071/3071/3071
f 3068/3068/3068 3069/3069/3069 3073/3073/3073
f 3069/3069/3069 3074/3074/3074 3073/3073/3073
f 3069/3069/3069 3070/3070/3070 3074/3074/3074
f 3070/3070/3070 3075/3075/3075 3074/3074/3074
f 3070/3070/3070 3071/3071/3071 3075/3075/3075
f 3071/3071/3071 3076/3076/3076 3075/3075/3075
f 3071/3071/3071 3072/3072/3072 3076/3076/3076
f 3072/3072/3072 3077/3077/3077 3076/3076/3076
f 3078/3078/3078 3083/3083/3083 3079/3079/3079
f 3079/3079/3079 3083/3083/3083 3084/3084/3084
f 3079/3079/3079 3084/3084/3084 3080/3080/3080
f 3080/3080/3080 3084/3084/3084 3085/3085/3085
f 3080/3080/3080 3085/3085/3085 3081/3081/3081
f 3081/3081/3081 3085/3085/3085 3086/3086/3086
f 3081/3081/3081 3086/3086/3086 3082/3082/3082
f 3082/3082/3082 3086/3086/3086 3087/3087/3087
f 3083/3083/3083 3088/3088/3088 3084/3084/3084
f 3084/3084/3084 3088/3088/3088 3089/3089/3089
f 3084/3084/3084 3089/3089/3089 3085/3085/3085
f 3085/3085/3085 3089/3089/3089 3090/3090/3090
f 3085/3085/3085 3090/3090/3090 3086/3086/3086
f 3086/3086/3086 3090/3090/3090 3091/3091/3091
f 3086/3086/3086 3091/3091/3091 3087/3087/3087
f 3087/3087/3087 3091/3091/3091 3092/3092/3092
f 3088/3088/3088 3093/3093/3093 3089/3089/3089
f 3089/3089/3089 3093/3093/3093 3094/3094/3094
f 3089/3089/3089 3094/3094/3094 3090/3090/3090
f 3090/3090/3090 3094/3094/3094 3095/3095/3095
f 3090/3090/3090 3095/3095/3095 3091/3091/3091
f 3091/3091/3091 3095/3095/3095 3096/3096/3096
f 3091/3091/3091 3096/3096/3096 3092/3092/3092
f 3092/3092/3092 3096/3096/3096 3097/3097/3097
f 3093/3093/3093 3098/3098/3098 3094/3094/3094
f 3094/3094/3094 3098/3098/3098 3099/3099/3099
f 3094/3094/3094 3099/3099/3099 3095/3095/3095
f 3095/3095/3095 3099/3099/3099 3100/3100/3100
f 3095/3095/3095 3100/3100/3100 3096/3096/3096
f 3096/3096/3096 3100/3100/3100 3101/3101/3101
f 3096/3096/3096 3101/3101/3101 3097/3097/3097
f 3097/3097/3097 3101/3101/3101 3102/3102/3102
f 3103/3103/3103 3104/3104/3104 3108/3108/3108
f 3104/3104/3104 3109/3109/3109 3108/3108/3108
f 3104/3104/3104 3105/3105/3105 3109/3109/3109
f 3105/3105/3105 3110/3110/3110 3109/3109/3109
f 3105/3105/3105 3106/3106/3106 3110/3110/3110
f 3106/3106/3106 3111/3111/3111 3110/3110/3110
f 3106/3106/3106 3107/3107/3107 3111/3111/3111
f 3107/3107/3107 3112/3112/3112 3111/3111/3111
f 3108/3108/3108 3109/3109/3109 3113/3113/3113
f 3109/3109/3109 3114/3114/3114 3113/3113/3113
f 3109/3109/3109 3110/3110/3110 3114/3114/3114
f 3110/3110/3110 3115/3115/3115 3114/3114/3114
f 3110/3110/3110 3111/3111/3111 3115/3115/3115
f 3111/3111/3111 3116/3116/3116 3115/3115/3115
f 3111/3111/3111 3112/3112/3112 3116/3116/3116
f 3112/3112/3112 3117/3117/3117 3116/3116/3116
f 3113/3113/3113 3114/3114/3114 3118/3118/3118
f 3114/3114/3114 3119/3119/3119 3118/3118/3118
f 3114/3114/3114 3115/3115/3115 3119/3119/3119
f 3115/3115/3115 3120/3120/3120 3119/3119/3119
f 3115/3115/3115 3116/3116/3116 3120/3120/3120
f 3116/3116/3116 3121/3121/3121 3120/3120/3120
f 3116/3116/3116 3117/3117/3117 3121/3121/3121
f 3117/3117/3117 3122/3122/3122 3121/3121/3121
f 3118/3118/3118 3119/3119/3119 3123/3123/3123
f 3119/3119/3119 3124/3124/3124 3123/3123/3123
f 3119/3119/3119 3120/3120/3120 3124/3124/3124
f 3120/3120/3120 3125/3125/3125 3124/3124/3124
f 3120/3120/3120 3121/3121/3121 3125/3125/3125
f 3121/3121/3121 3126/3126/3126 3125/3125/3125
f 3121/3121/3121 3122/3122/3122 3126/3126/3126
f 3122/3122/3122 3127/3127/3127 3126/3126/3126
f 3128/3128/3128 3133/3133/3133 3129/3129/3129
f 3129/3129/3129 3133/3133/3133 3134/3134/3134
f 3129/3129/3129 3134/3134/3134 3130/3130/3130
f 3130/3130/3130 3134/3134/3134 3135/3135/3135
f 3130/3130/3130 3135/3135/3135 3131/3131/3131
f 3131/3131/3131 3135/3135/3135 3136/3136/3136
f 3131/3131/3131 3136/3136/3136 3132/3132/3132
f 3132/3132/3132 3136/3136/3136 3137/3137/3137
f 3133/3133/3133 3138/3138/3138 3134/3134/3134
f 3134/3134/3134 3138/3138/3138 3139/3139/3139
f 3134/3134/3134 3139/3139/3139 3135/3135/3135
f 3135/3135/3135 3139/3139/3139 3140/3140/3140
f 3135/3135/3135 3140/3140/3140 3136/3136/3136
f 3136/3136/3136 3140/3140/3140 3141/3141/3141
f 3136/3136/3136 3141/3141/3141 3137/3137/3137
f 3137/3137/3137 3141/3141/3141 3142/3142/3142
f 3138/3138/3138 3143/3143/3143 3139/3139/3139
f 3139/3139/3139 3143/3143/3143 3144/3144/3144
f 3139/3139/3139 3144/3144/3144 3140/3140/3140
f 3140/3140/3140 3144/3144/3144 3145/3145/3145
f 3140/3140/3140 3145/3145/3145 3141/3141/3141
f 3141/3141/3141 3145/3145/3145 3146/3146/3146
f 3141/3141/3141 3146/3146/3146 3142/3142/3142
f 3142/3142/3142 3146/3146/3146 3147/3147/3147
f 3143/3143/3143 3148/3148/3148 3144/3144/3144
f 3144/3144/3144 3148/3148/3148 3149/3149/3149
f 3144/3144/3144 3149/3149/3149 3145/3145/3145
f 3145/3145/3145 3149/3149/3149 3150/3150/3150
f 3145/3145/3145 3150/3150/3150 3146/3146/3146
f 3146/3146/3146 3150/3150/3150 3151/3151/3151
f 3146/3146/3146 3151/3151/3151 3147/3147/3147
f 3147/3147/3147 3151/3151/3151 3152/3152/3152
f 3153/3153/3153 3154/3154/3154 3158/3158/3158
f 3154/3154/3154 3159/3159/3159 3158/3158/3158
f 3154/3154/3154 3155/3155/3155 3159/3159/3159
f 3155/3155/3155 3160/3160/3160 3159/3159/3159
f 3155/3155/3155 3156/3156/3156 3160/3160/3160
f 3156/3156/3156 3161/3161/3161 3160/3160/3160
f 3156/3156/3156 3157/3157/3157 3161/3161/3161
f 3157/3157/3157 3162/3162/3162 3161/3161/3161
f 3158/3158/3158 3159/3159/3159 3163/3163/3163
f 3159/3159/3159 3164/3164/3164 3163/3163/3163
f 3159/3159/3159 3160/3160/3160 3164/3164/3164
f 3160/3160/3160 3165/3165/3165 3164/3164/3164
f 3160/3160/3160 3161/3161/3161 3165/3165/3165
f 3161/3161/3161 3166/3166/3166 3165/3165/3165
f 3161/3161/3161 3162/3162/3162 3166/3166/3166
f 3162/3162/3162 3167/3167/3167 3166/3166/3166
f 3163/3163/3163 3164/3164/3164 3168/3168/3168
f 3164/3164/3164 3169/3169/3169 3168/3168/3168
f 3164/3164/3164 3165/3165/3165 3169/3169/3169
f 3165/3165/3165 3170/3170/3170 3169/3169/3169
f 3165/3165/3165 3166/3166/3166 3170/3170/3170
f 3166/3166/3166 3171/3171/3171 3170/3170/3170
f 3166/3166/3166 3167/3167/3167 3171/3171/3171
f 3167/3167/3167 3172/3172/3172 3171/3171/3171
f 3168/3168/3168 3169/3169/3169 3173/3173/3173
f 3169/3169/3169 3174/3174/3174 3173/3173/3173
f 3169/3169/3169 3170/3170/3170 3174/3174/3174
f 3170/3170/3170 3175/3175/3175 3174/3174/3174
f 3170/3170/3170 3171/3171/3171 3175/3175/3175
f 3171/3171/3171 3176/3176/3176 3175/3175/3175
f 3171/3171/3171 3172/3172/3172 3176/3176/3176
f 3172/3172/3172 3177/3177/3177 3176/3176/3176
o beveled-plate_part_12
usemtl part_12
v 7.897248 1.138876 -0.3697128
v 7.895944 1.2 -0.3759411
v 7.895944 1.27 -0.3759411
v 7.895944 1.34 -0.3759411
v 7.897248 1.401124 -0.3697128
v 7.895944 1.136151 -0.23
v 7.893 1.2 -0.23
v 7.893 1.27 -0.23
v 7.893 1.34 -0.23
v 7.895944 1.403849 -0.23
v 7.895944 1.136151 -0.07
v 7.893 1.2 -0.07
v 7.893 1.27 -0.07
v 7.893 1.34 -0.07
v 7.895944 1.403849 -0.07
v 7.895944 1.136151 0.09
v 7.893 1.2 0.09
v 7.893 1.27 0.09
v 7.893 1.34 0.09
v 7.895944 1.403849 0.09
v 7.897248 1.138876 0.2297128
v 7.895944 1.2 0.2359411
v 7.895944 1.27 0.2359411
v 7.895944 1.34 0.2359411
v 7.897248 1.401124 0.2297128
v 8.022753 1.138876 -0.3697128
v 8.024056 1.2 -0.3759411
v 8.024056 1.27 -0.3759411
v 8.024056 1.34 -0.3759411
v 8.022753 1.401124 -0.3697128
v 8.024056 1.136151 -0.23
v 8.027 1.2 -0.23
v 8.027 1.27 -0.23
v 8.027 1.34 -0.23
v 8.024056 1.403849 -0.23
v 8.024056 1.136151 -0.07
v 8.027 1.2 -0.07
v 8.027 1.27 -0.07
v 8.027 1.34 -0.07
v 8.024056 1.403849 -0.07
v 8.024056 1.136151 0.09
v 8.027 1.2 0.09
v 8.027 1.27 0.09
v 8.027 1.34 0.09
v 8.024056 1.403849 0.09
v 8.022753 1.138876 0.2297128
v 8.024056 1.2 0.2359411
v 8.024056 1.27 0.2359411
v 8.024056 1.34 0.2359411
v 8.022753 1.401124 0.2297128
v 7.897248 1.138876 -0.3697128
v 7.895944 1.136151 -0.23
v 7.895944 1.136151 -0.07
v 7.895944 1.136151 0.09
v 7.897248 1.138876 0.2297128
v 7.9265 1.136151 -0.3759411
v 7.9265 1.13 -0.23
v 7.9265 1.13 -0.07
v 7.9265 1.13 0.09
v 7.9265 1.136151 0.2359411
v 7.96 1.136151 -0.3759411
v 7.96 1.13 -0.23
v 7.96 1.13 -0.07
v 7.96 1.13 0.09
v 7.96 1.136151 0.2359411
v 7.9935 1.136151 -0.3759411
v 7.9935 1.13 -0.23
v 7.9935 1.13 -0.07
v 7.9935 1.13 0.09
v 7.9935 1.136151 0.2359411
v 8.022753 1.138876 -0.3697128
v 8.024056 1.136151 -0.23
v 8.024056 1.136151 -0.07
v 8.024056 1.136151 0.09
v 8.022753 1.138876 0.2297128
v 7.897248 1.401124 -0.3697128
v 7.895944 1.403849 -0.23
v 7.895944 1.403849 -0.07
v 7.895944 1.403849 0.09
v 7.897248 1.401124 0.2297128
v 7.9265 1.403849 -0.3759411
v 7.9265 1.41 -0.23
v 7.9265 1.41 -0.07
v 7.9265 1.41 0.09
v 7.9265 1.403849 0.2359411
v 7.96 1.403849 -0.3759411
v 7.96 1.41 -0.23
v 7.96 1.41 -0.07
v 7.96 1.41 0.09
v 7.96 1.403849 0.2359411
v 7.9935 1.403849 -0.3759411
v 7.9935 1.41 -0.23
v 7.9935 1.41 -0.07
v 7.9935 1.41 0.09
v 7.9935 1.403849 0.2359411
v 8.022753 1.401124 -0.3697128
v 8.024056 1.403849 -0.23
v 8.024056 1.403849 -0.07
v 8.024056 1.403849 0.09
v 8.022753 1.401124 0.2297128
v 7.897248 1.138876 -0.3697128
v 7.9265 1.136151 -0.3759411
v 7.96 1.136151 -0.3759411
v 7.9935 1.136151 -0.3759411
v 8.022753 1.138876 -0.3697128
v 7.895944 1.2 -0.3759411
v 7.9265 1.2 -0.39
v 7.96 1.2 -0.39
v 7.9935 1.2 -0.39
v 8.024056 1.2 -0.3759411
v 7.895944 1.27 -0.3759411
v 7.9265 1.27 -0.39
v 7.96 1.27 -0.39
v 7.9935 1.27 -0.39
v 8.024056 1.27 -0.3759411
v 7.895944 1.34 -0.3759411
v 7.9265 1.34 -0.39
v 7.96 1.34 -0.39
v 7.9935 1.34 -0.39
v 8.024056 1.34 -0.3759411
v 7.897248 1.401124 -0.3697128
v 7.9265 1.403849 -0.3759411
v 7.96 1.403849 -0.3759411
v 7.9935 1.403849 -0.3759411
v 8.022753 1.401124 -0.3697128
v 7.897248 1.138876 0.2297128
v 7.9265 1.136151 0.2359411
v 7.96 1.136151 0.2359411
v 7.9935 1.136151 0.2359411
v 8.022753 1.138876 0.2297128
v 7.895944 1.2 0.2359411
v 7.9265 1.2 0.25
v 7.96 1.2 0.25
v 7.9935 1.2 0.25
v 8.024056 1.2 0.2359411
v 7.895944 1.27 0.2359411
v 7.9265 1.27 0.25
v 7.96 1.27 0.25
v 7.9935 1.27 0.25
v 8.024056 1.27 0.2359411
v 7.895944 1.34 0.2359411
v 7.9265 1.34 0.25
v 7.96 1.34 0.25
v 7.9935 1.34 0.25
v 8.024056 1.34 0.2359411
v 7.897248 1.401124 0.2297128
v 7.9265 1.403849 0.2359411
v 7.96 1.403849 0.2359411
v 7.9935 1.403849 0.2359411
v 8.022753 1.401124 0.2297128
vt 0 0
vt 0.25 0
vt 0.5 0
vt 0.75 0
vt 1 0
vt 0 0.25
vt 0.25 0.25
vt 0.5 0.25
vt 0.75 0.25
vt 1 0.25
vt 0 0.5
vt 0.25 0.5
vt 0.5 0.5
vt 0.75 0.5
vt 1 0.5
vt 0 0.75
vt 0.25 0.75
vt 0.5 0.75
vt 0.75 0.75
vt 1 0.75
vt 0 1
vt 0.25 1
vt 0.5 1
vt 0.75 1
vt 1 1
vt 0 0
vt 0.25 0
vt 0.5 0
vt 0.75 0
vt 1 0
vt 0 0.25
vt 0.25 0.25
vt 0.5 0.25
vt 0.75 0.25
vt 1 0.25
vt 0 0.5
vt 0.25 0.5
vt 0.5 0.5
vt 0.75 0.5
vt 1 0.5
vt 0 0.75
vt 0.25 0.75
vt 0.5 0.75
vt 0.75 0.75
vt 1 0.75
vt 0 1
vt 0.25 1
vt 0.5 1
vt 0.75 1
vt 1 1
vt 0 0
vt 0.25 0
vt 0.5 0
vt 0.75 0
vt 1 0
vt 0 0.25
vt 0.25 0.25
vt 0.5 0.25
vt 0.75 0.25
vt 1 0.25
vt 0 0.5
vt 0.25 0.5
vt 0.5 0.5
vt 0.75 0.5
vt 1 0.5
vt 0 0.75
vt 0.25 0.75
vt 0.5 0.75
vt 0.75 0.75
vt 1 0.75
vt 0 1
vt 0.25 1
vt 0.5 1
vt 0.75 1
vt 1 1
vt 0 0
vt 0.25 0
vt 0.5 0
vt 0.75 0
vt 1 0
vt 0 0.25
vt 0.25 0.25
vt 0.5 0.25
vt 0.75 0.25
vt 1 0.25
vt 0 0.5
vt 0.25 0.5
vt 0.5 0.5
vt 0.75 0.5
vt 1 0.5
vt 0 0.75
vt 0.25 0.75
vt 0.5 0.75
vt 0.75 0.75
vt 1 0.75
vt 0 1
vt 0.25 1
vt 0.5 1
vt 0.75 1
vt 1 1
vt 0 0
vt 0.25 0
vt 0.5 0
vt 0.75 0
vt 1 0
vt 0 0.25
vt 0.25 0.25
vt 0.5 0.25
vt 0.75 0.25
vt 1 0.25
vt 0 0.5
vt 0.25 0.5
vt 0.5 0.5
vt 0.75 0.5
vt 1 0.5
vt 0 0.75
vt 0.25 0.75
vt 0.5 0.75
vt 0.75 0.75
vt 1 0.75
vt 0 1
vt 0.25 1
vt 0.5 1
vt 0.75 1
vt 1 1
vt 0 0
vt 0.25 0
vt 0.5 0
vt 0.75 0
vt 1 0
vt 0 0.25
vt 0.25 0.25
vt 0.5 0.25
vt 0.75 0.25
vt 1 0.25
vt 0 0.5
vt 0.25 0.5
vt 0.5 0.5
vt 0.75 0.5
vt 1 0.5
vt 0 0.75
vt 0.25 0.75
vt 0.5 0.75
vt 0.75 0.75
vt 1 0.75
vt 0 1
vt 0.25 1
vt 0.5 1
vt 0.75 1
vt 1 1
vn -0.8864541 -0.4240127 -0.1855056
vn -0.978788 0 -0.2048762
vn -0.978788 0 -0.2048762
vn -0.978788 0 -0.2048762
vn -0.886394 0.4241298 -0.1855249
vn -0.9020724 -0.4315848 0
vn -1 -0 -0
vn -1 -0 -0
vn -1 -0 -0
vn -0.9020251 0.4316835 0
vn -0.9020724 -0.4315848 0
vn -1 -0 -0
vn -1 -0 -0
vn -1 -0 -0
vn -0.9020251 0.4316835 0
vn -0.9020724 -0.4315848 0
vn -1 -0 -0
vn -1 -0 -0
vn -1 -0 -0
vn -0.9020252 0.4316835 0
vn -0.8864162 -0.4240675 0.1855615
vn -0.9787763 0 0.2049313
vn -0.9787763 0 0.2049313
vn -0.9787763 0 0.2049313
vn -0.8863561 0.4241847 0.1855808
vn 0.8864541 -0.4240127 -0.1855056
vn 0.978788 0 -0.2048762
vn 0.978788 0 -0.2048762
vn 0.978788 0 -0.2048762
vn 0.886394 0.4241298 -0.1855249
vn 0.9020724 -0.4315848 0
vn 1 0 0
vn 1 0 0
vn 1 0 0
vn 0.9020251 0.4316835 0
vn 0.9020724 -0.4315848 0
vn 1 0 0
vn 1 0 0
vn 1 0 0
vn 0.9020251 0.4316835 0
vn 0.9020724 -0.4315848 0
vn 1 0 0
vn 1 0 0
vn 1 0 0
vn 0.9020252 0.4316835 0
vn 0.8864162 -0.4240675 0.1855615
vn 0.9787763 0 0.2049313
vn 0.9787763 0 0.2049313
vn 0.9787763 0 0.2049313
vn 0.8863561 0.4241847 0.1855808
vn -0.8862737 -0.4243643 -0.1855636
vn -0.9019779 -0.4317821 0
vn -0.9019779 -0.4317821 0
vn -0.9019779 -0.4317821 0
vn -0.8862959 -0.4243019 0.1856002
vn 0 -0.9161987 -0.4007244
vn -0 -1 -0
vn -0 -1 -0
vn -0 -1 -0
vn 0 -0.9161573 0.4008189
vn 0 -0.9161987 -0.4007244
vn -0 -1 -0
vn -0 -1 -0
vn -0 -1 -0
vn 0 -0.9161573 0.4008189
vn 0 -0.9161987 -0.4007244
vn -0 -1 -0
vn -0 -1 -0
vn -0 -1 -0
vn 0 -0.9161574 0.4008189
vn 0.8863339 -0.4242471 -0.1855442
vn 0.9020251 -0.4316835 0
vn 0.9020251 -0.4316835 0
vn 0.9020252 -0.4316835 0
vn 0.8863561 -0.4241847 0.1855808
vn -0.8862737 0.4243643 -0.1855636
vn -0.9019779 0.4317821 0
vn -0.9019779 0.4317821 0
vn -0.9019779 0.4317821 0
vn -0.8862959 0.4243019 0.1856002
vn 0 0.9161987 -0.4007244
vn 0 1 0
vn 0 1 0
vn 0 1 0
vn 0 0.9161573 0.4008189
vn 0 0.9161987 -0.4007244
vn 0 1 0
vn 0 1 0
vn 0 1 0
vn 0 0.9161573 0.4008189
vn 0 0.9161987 -0.4007244
vn 0 1 0
vn 0 1 0
vn 0 1 0
vn 0 0.9161574 0.4008189
vn 0.8863339 0.4242471 -0.1855442
vn 0.9020251 0.4316835 0
vn 0.9020251 0.4316835 0
vn 0.9020252 0.4316835 0
vn 0.8863561 0.4241847 0.1855808
vn -0.8863403 -0.4241772 -0.1856733
vn 0 -0.916116 -0.4009134
vn 0 -0.9161159 -0.4009134
vn 0 -0.9161159 -0.4009134
vn 0.8863783 -0.4241223 -0.1856174
vn -0.9787648 0 -0.2049865
vn -0 -0 -1
vn -0 -0 -1
vn -0 -0 -1
vn 0.9787763 0 -0.2049313
vn -0.9787648 0 -0.2049865
vn -0 -0 -1
vn -0 -0 -1
vn -0 -0 -1
vn 0.9787763 0 -0.2049313
vn -0.9787648 0 -0.2049865
vn -0 -0 -1
vn -0 -0 -1
vn -0 -0 -1
vn 0.9787763 0 -0.2049313
vn -0.8863181 0.4242395 -0.1856368
vn 0 0.9161573 -0.4008189
vn 0 0.9161573 -0.4008189
vn 0 0.9161574 -0.4008189
vn 0.8863561 0.4241847 -0.1855808
vn -0.8863403 -0.4241772 0.1856733
vn 0 -0.916116 0.4009134
vn 0 -0.9161159 0.4009134
vn 0 -0.9161159 0.4009134
vn 0.8863783 -0.4241223 0.1856174
vn -0.9787648 0 0.2049865
vn 0 0 1
vn 0 0 1
vn 0 0 1
vn 0.9787763 0 0.2049313
vn -0.9787648 0 0.2049865
vn 0 0 1
vn 0 0 1
vn 0 0 1
vn 0.9787763 0 0.2049313
vn -0.9787648 0 0.2049865
vn 0 0 1
vn 0 0 1
vn 0 0 1
vn 0.9787763 0 0.2049313
vn -0.8863181 0.4242395 0.1856368
vn 0 0.9161573 0.4008189
vn 0 0.9161573 0.4008189
vn 0 0.9161574 0.4008189
vn 0.8863561 0.4241847 0.1855808
f 3178/3178/3178 3183/3183/3183 3179/3179/3179
f 3179/3179/3179 3183/3183/3183 3184/3184/3184
f 3179/3179/3179 3184/3184/3184 3180/3180/3180
f 3180/3180/3180 3184/3184/3184 3185/3185/3185
f 3180/3180/3180 3185/3185/3185 3181/3181/3181
f 3181/3181/3181 3185/3185/3185 3186/3186/3186
f 3181/3181/3181 3186/3186/3186 3182/3182/3182
f 3182/3182/3182 3186/3186/3186 3187/3187/3187
f 3183/3183/3183 3188/3188/3188 3184/3184/3184
f 3184/3184/3184 3188/3188/3188 3189/3189/3189
f 3184/3184/3184 3189/3189/3189 3185/3185/3185
f 3185/3185/3185 3189/3189/3189 3190/3190/3190
f 3185/3185/3185 3190/3190/3190 3186/3186/3186
f 3186/3186/3186 3190/3190/3190 3191/3191/3191
f 3186/3186/3186 3191/3191/3191 3187/3187/3187
f 3187/3187/3187 3191/3191/3191 3192/3192/3192
f 3188/3188/3188 3193/3193/3193 3189/3189/3189
f 3189/3189/3189 3193/3193/3193 3194/3194/3194
f 3189/3189/3189 3194/3194/3194 3190/3190/3190
f 3190/3190/3190 3194/3194/3194 3195/3195/3195
f 3190/3190/3190 3195/3195/3195 3191/3191/3191
f 3191/3191/3191 3195/3195/3195 3196/3196/3196
f 3191/3191/3191 3196/3196/3196 3192/3192/3192
f 3192/3192/3192 3196/3196/3196 3197/3197/3197
f 3193/3193/3193 3198/3198/3198 3194/3194/3194
f 3194/3194/3194 3198/3198/3198 3199/3199/3199
f 3194/3194/3194 3199/3199/3199 3195/3195/3195
f 3195/3195/3195 3199/3199/3199 3200/3200/3200
f 3195/3195/3195 3200/3200/3200 3196/3196/3196
f 3196/3196/3196 3200/3200/3200 3201/3201/3201
f 3196/3196/3196 3201/3201/3201 3197/3197/3197
f 3197/3197/3197 3201/3201/3201 3202/3202/3202
f 3203/3203/3203 3204/3204/3204 3208/3208/3208
f 3204/3204/3204 3209/3209/3209 3208/3208/3208
f 3204/3204/3204 3205/3205/3205 3209/3209/3209
f 3205/3205/3205 3210/3210/3210 3209/3209/3209
f 3205/3205/3205 3206/3206/3206 3210/3210/3210
f 3206/3206/3206 3211/3211/3211 3210/3210/3210
f 3206/3206/3206 3207/3207/3207 3211/3211/3211
f 3207/3207/3207 3212/3212/3212 3211/3211/3211
f 3208/3208/3208 3209/3209/3209 3213/3213/3213
f 3209/3209/3209 3214/3214/3214 3213/3213/3213
f 3209/3209/3209 3210/3210/3210 3214/3214/3214
f 3210/3210/3210 3215/3215/3215 3214/3214/3214
f 3210/3210/3210 3211/3211/3211 3215/3215/3215
f 3211/3211/3211 3216/3216/3216 3215/3215/3215
f 3211/3211/3211 3212/3212/3212 3216/3216/3216
f 3212/3212/3212 3217/3217/3217 3216/3216/3216
f 3213/3213/3213 3214/3214/3214 3218/3218/3218
f 3214/3214/3214 3219/3219/3219 3218/3218/3218
f 3214/3214/3214 3215/3215/3215 3219/3219/3219
f 3215/3215/3215 3220/3220/3220 3219/3219/3219
f 3215/3215/3215 3216/3216/3216 3220/3220/3220
f 3216/3216/3216 3221/3221/3221 3220/3220/3220
f 3216/3216/3216 3217/3217/3217 3221/3221/3221
f 3217/3217/3217 3222/3222/3222 3221/3221/3221
f 3218/3218/3218 3219/3219/3219 3223/3223/3223
f 3219/3219/3219 3224/3224/3224 3223/3223/3223
f 3219/3219/3219 3220/3220/3220 3224/3224/3224
f 3220/3220/3220 3225/3225/3225 3224/3224/3224
f 3220/3220/3220 3221/3221/3221 3225/3225/3225
f 3221/3221/3221 3226/3226/3226 3225/3225/3225
f 3221/3221/3221 3222/3222/3222 3226/3226/3226
f 3222/3222/3222 3227/3227/3227 3226/3226/3226
f 3228/3228/3228 3233/3233/3233 3229/3229/3229
f 3229/3229/3229 3233/3233/3233 3234/3234/3234
f 3229/3229/3229 3234/3234/3234 3230/3230/3230
f 3230/3230/3230 3234/3234/3234 3235/3235/3235
f 3230/3230/3230 3235/3235/3235 3231/3231/3231
f 3231/3231/3231 3235/3235/3235 3236/3236/3236
f 3231/3231/3231 3236/3236/3236 3232/3232/3232
f 3232/3232/3232 3236/3236/3236 3237/3237/3237
f 3233/3233/3233 3238/3238/3238 3234/3234/3234
f 3234/3234/3234 3238/3238/3238 3239/3239/3239
f 3234/3234/3234 3239/3239/3239 3235/3235/3235
f 3235/3235/3235 3239/3239/3239 3240/3240/3240
f 3235/3235/3235 3240/3240/3240 3236/3236/3236
f 3236/3236/3236 3240/3240/3240 3241/3241/3241
f 3236/3236/3236 3241/3241/3241 3237/3237/3237
f 3237/3237/3237 3241/3241/3241 3242/3242/3242
f 3238/3238/3238 3243/3243/3243 3239/3239/3239
f 3239/3239/3239 3243/3243/3243 3244/3244/3244
f 3239/3239/3239 3244/3244/3244 3240/3240/3240
f 3240/3240/3240 3244/3244/3244 3245/3245/3245
f 3240/3240/3240 3245/3245/3245 3241/3241/3241
f 3241/3241/3241 3245/3245/3245 3246/3246/3246
f 3241/3241/3241 3246/3246/3246 3242/3242/3242
f 3242/3242/3242 3246/3246/3246 3247/3247/3247
f 3243/3243/3243 3248/3248/3248 3244/3244/3244
f 3244/3244/3244 3248/3248/3248 3249/3249/3249
f 3244/3244/3244 3249/3249/3249 3245/3245/3245
f 3245/3245/3245 3249/3249/3249 3250/3250/3250
f 3245/3245/3245 3250/3250/3250 3246/3246/3246
f 3246/3246/3246 3250/3250/3250 3251/3251/3251
f 3246/3246/3246 3251/3251/3251 3247/3247/3247
f 3247/3247/3247 3251/3251/3251 3252/3252/3252
f 3253/3253/3253 3254/3254/3254 3258/3258/3258
f 3254/3254/3254 3259/3259/3259 3258/3258/3258
f 3254/3254/3254 3255/3255/3255 3259/3259/3259
f 3255/3255/3255 3260/3260/3260 3259/3259/3259
f 3255/3255/3255 3256/3256/3256 3260/3260/3260
f 3256/3256/3256 3261/3261/3261 3260/3260/3260
f 3256/3256/3256 3257/3257/3257 3261/3261/3261
f 3257/3257/3257 3262/3262/3262 3261/3261/3261
f 3258/3258/3258 3259/3259/3259 3263/3263/3263
f 3259/3259/3259 3264/3264/3264 3263/3263/3263
f 3259/3259/3259 3260/3260/3260 3264/3264/3264
f 3260/3260/3260 3265/3265/3265 3264/3264/3264
f 3260/3260/3260 3261/3261/3261 3265/3265/3265
f 3261/3261/3261 3266/3266/3266 3265/3265/3265
f 3261/3261/3261 3262/3262/3262 3266/3266/3266
f 3262/3262/3262 3267/3267/3267 3266/3266/3266
f 3263/3263/3263 3264/3264/3264 3268/3268/3268
f 3264/3264/3264 3269/3269/3269 3268/3268/3268
f 3264/3264/3264 3265/3265/3265 3269/3269/3269
f 3265/3265/3265 3270/3270/3270 3269/3269/3269
f 3265/3265/3265 3266/3266/3266 3270/3270/3270
f 3266/3266/3266 3271/3271/3271 3270/3270/3270
f 3266/3266/3266 3267/3267/3267 3271/3271/3271
f 3267/3267/3267 3272/3272/3272 3271/3271/3271
f 3268/3268/3268 3269/3269/3269 3273/3273/3273
f 3269/3269/3269 3274/3274/3274 3273/3273/3273
f 3269/3269/3269 3270/3270/3270 3274/3274/3274
f 3270/3270/3270 3275/3275/3275 3274/3274/3274
f 3270/3270/3270 3271/3271/3271 3275/3275/3275
f 3271/3271/3271 3276/3276/3276 3275/3275/3275
f 3271/3271/3271 3272/3272/3272 3276/3276/3276
f 3272/3272/3272 3277/3277/3277 3276/3276/3276
f 3278/3278/3278 3283/3283/3283 3279/3279/3279
f 3279/3279/3279 3283/3283/3283 3284/3284/3284
f 3279/3279/3279 3284/3284/3284 3280/3280/3280
f 3280/3280/3280 3284/3284/3284 3285/3285/3285
f 3280/3280/3280 3285/3285/3285 3281/3281/3281
f 3281/3281/3281 3285/3285/3285 3286/3286/3286
f 3281/3281/3281 3286/3286/3286 3282/3282/3282
f 3282/3282/3282 3286/3286/3286 3287/3287/3287
f 3283/3283/3283 3288/3288/3288 3284/3284/3284
f 3284/3284/3284 3288/3288/3288 3289/3289/3289
f 3284/3284/3284 3289/3289/3289 3285/3285/3285
f 3285/3285/3285 3289/3289/3289 3290/3290/3290
f 3285/3285/3285 3290/3290/3290 3286/3286/3286
f 3286/3286/3286 3290/3290/3290 3291/3291/3291
f 3286/3286/3286 3291/3291/3291 3287/3287/3287
f 3287/3287/3287 3291/3291/3291 3292/3292/3292
f 3288/3288/3288 3293/3293/3293 3289/3289/3289
f 3289/3289/3289 3293/3293/3293 3294/3294/3294
f 3289/3289/3289 3294/3294/3294 3290/3290/3290
f 3290/3290/3290 3294/3294/3294 3295/3295/3295
f 3290/3290/3290 3295/3295/3295 3291/3291/3291
f 3291/3291/3291 3295/3295/3295 3296/3296/3296
f 3291/3291/3291 3296/3296/3296 3292/3292/3292
f 3292/3292/3292 3296/3296/3296 3297/3297/3297
f 3293/3293/3293 3298/3298/3298 3294/3294/3294
f 3294/3294/3294 3298/3298/3298 3299/3299/3299
f 3294/3294/3294 3299/3299/3299 3295/3295/3295
f 3295/3295/3295 3299/3299/3299 3300/3300/3300
f 3295/3295/3295 3300/3300/3300 3296/3296/3296
f 3296/3296/3296 3300/3300/3300 3301/3301/3301
f 3296/3296/3296 3301/3301/3301 3297/3297/3297
f 3297/3297/3297 3301/3301/3301 3302/3302/3302
f 3303/3303/3303 3304/3304/3304 3308/3308/3308
f 3304/3304/3304 3309/3309/3309 3308/3308/3308
f 3304/3304/3304 3305/3305/3305 3309/3309/3309
f 3305/3305/3305 3310/3310/3310 3309/3309/3309
f 3305/3305/3305 3306/3306/3306 3310/3310/3310
f 3306/3306/3306 3311/3311/3311 3310/3310/3310
f 3306/3306/3306 3307/3307/3307 3311/3311/3311
f 3307/3307/3307 3312/3312/3312 3311/3311/3311
f 3308/3308/3308 3309/3309/3309 3313/3313/3313
f 3309/3309/3309 3314/3314/3314 3313/3313/3313
f 3309/3309/3309 3310/3310/3310 3314/3314/3314
f 3310/3310/3310 3315/3315/3315 3314/3314/3314
f 3310/3310/3310 3311/3311/3311 3315/3315/3315
f 3311/3311/3311 3316/3316/3316 3315/3315/3315
f 3311/3311/3311 3312/3312/3312 3316/3316/3316
f 3312/3312/3312 3317/3317/3317 3316/3316/3316
f 3313/3313/3313 3314/3314/3314 3318/3318/3318
f 3314/3314/3314 3319/3319/3319 3318/3318/3318
f 3314/3314/3314 3315/3315/3315 3319/3319/3319
f 3315/3315/3315 3320/3320/3320 3319/3319/3319
f 3315/3315/3315 3316/3316/3316 3320/3320/3320
f 3316/3316/3316 3321/3321/3321 3320/3320/3320
f 3316/3316/3316 3317/3317/3317 3321/3321/3321
f 3317/3317/3317 3322/3322/3322 3321/3321/3321
f 3318/3318/3318 3319/3319/3319 3323/3323/3323
f 3319/3319/3319 3324/3324/3324 3323/3323/3323
f 3319/3319/3319 3320/3320/3320 3324/3324/3324
f 3320/3320/3320 3325/3325/3325 3324/3324/3324
f 3320/3320/3320 3321/3321/3321 3325/3325/3325
f 3321/3321/3321 3326/3326/3326 3325/3325/3325
f 3321/3321/3321 3322/3322/3322 3326/3326/3326
f 3322/3322/3322 3327/3327/3327 3326/3326/3326
o beveled-plate_part_13
usemtl part_13
v 7.897248 1.708876 -0.3697128
v 7.895944 1.77 -0.3759411
v 7.895944 1.84 -0.3759411
v 7.895944 1.91 -0.3759411
v 7.897248 1.971124 -0.3697128
v 7.895944 1.706151 -0.23
v 7.893 1.77 -0.23
v 7.893 1.84 -0.23
v 7.893 1.91 -0.23
v 7.895944 1.973849 -0.23
v 7.895944 1.706151 -0.07
v 7.893 1.77 -0.07
v 7.893 1.84 -0.07
v 7.893 1.91 -0.07
v 7.895944 1.973849 -0.07
v 7.895944 1.706151 0.09
v 7.893 1.77 0.09
v 7.893 1.84 0.09
v 7.893 1.91 0.09
v 7.895944 1.973849 0.09
v 7.897248 1.708876 0.2297128
v 7.895944 1.77 0.2359411
v 7.895944 1.84 0.2359411
v 7.895944 1.91 0.2359411
v 7.897248 1.971124 0.2297128
v 8.022753 1.708876 -0.3697128
v 8.024056 1.77 -0.3759411
v 8.024056 1.84 -0.3759411
v 8.024056 1.91 -0.3759411
v 8.022753 1.971124 -0.3697128
v 8.024056 1.706151 -0.23
v 8.027 1.77 -0.23
v 8.027 1.84 -0.23
v 8.027 1.91 -0.23
v 8.024056 1.973849 -0.23
v 8.024056 1.706151 -0.07
v 8.027 1.77 -0.07
v 8.027 1.84 -0.07
v 8.027 1.91 -0.07
v 8.024056 1.973849 -0.07
v 8.024056 1.706151 0.09
v 8.027 1.77 0.09
v 8.027 1.84 0.09
v 8.027 1.91 0.09
v 8.024056 1.973849 0.09
v 8.022753 1.708876 0.2297128
v 8.024056 1.77 0.2359411
v 8.024056 1.84 0.2359411
v 8.024056 1.91 0.2359411
v 8.022753 1.971124 0.2297128
v 7.897248 1.708876 -0.3697128
v 7.895944 1.706151 -0.23
v 7.895944 1.706151 -0.07
v 7.895944 1.706151 0.09
v 7.897248 1.708876 0.2297128
v 7.9265 1.706151 -0.3759411
v 7.9265 1.7 -0.23
v 7.9265 1.7 -0.07
v 7.9265 1.7 0.09
v 7.9265 1.706151 0.2359411
v 7.96 1.706151 -0.3759411
v 7.96 1.7 -0.23
v 7.96 1.7 -0.07
v 7.96 1.7 0.09
v 7.96 1.706151 0.2359411
v 7.9935 1.706151 -0.3759411
v 7.9935 1.7 -0.23
v 7.9935 1.7 -0.07
v 7.9935 1.7 0.09
v 7.9935 1.706151 0.2359411
v 8.022753 1.708876 -0.3697128
v 8.024056 1.706151 -0.23
v 8.024056 1.706151 -0.07
v 8.024056 1.706151 0.09
v 8.022753 1.708876 0.2297128
v 7.897248 1.971124 -0.3697128
v 7.895944 1.973849 -0.23
v 7.895944 1.973849 -0.07
v 7.895944 1.973849 0.09
v 7.897248 1.971124 0.2297128
v 7.9265 1.973849 -0.3759411
v 7.9265 1.98 -0.23
v 7.9265 1.98 -0.07
v 7.9265 1.98 0.09
v 7.9265 1.973849 0.2359411
v 7.96 1.973849 -0.3759411
v 7.96 1.98 -0.23
v 7.96 1.98 -0.07
v 7.96 1.98 0.09
v 7.96 1.973849 0.2359411
v 7.9935 1.973849 -0.3759411
v 7.9935 1.98 -0.23
v 7.9935 1.98 -0.07
v 7.9935 1.98 0.09
v 7.9935 1.973849 0.2359411
v 8.022753 1.971124 -0.3697128
v 8.024056 1.973849 -0.23
v 8.024056 1.973849 -0.07
v 8.024056 1.973849 0.09
v 8.022753 1.971124 0.2297128
v 7.897248 1.708876 -0.3697128
v 7.9265 1.706151 -0.3759411
v 7.96 1.706151 -0.3759411
v 7.9935 1.706151 -0.3759411
v 8.022753 1.708876 -0.3697128
v 7.895944 1.77 -0.3759411
v 7.9265 1.77 -0.39
v 7.96 1.77 -0.39
v 7.9935 1.77 -0.39
v 8.024056 1.77 -0.3759411
v 7.895944 1.84 -0.3759411
v 7.9265 1.84 -0.39
v 7.96 1.84 -0.39
v 7.9935 1.84 -0.39
v 8.024056 1.84 -0.3759411
v 7.895944 1.91 -0.3759411
v 7.9265 1.91 -0.39
v 7.96 1.91 -0.39
v 7.9935 1.91 -0.39
v 8.024056 1.91 -0.3759411
v 7.897248 1.971124 -0.3697128
v 7.9265 1.973849 -0.3759411
v 7.96 1.973849 -0.3759411
v 7.9935 1.973849 -0.3759411
v 8.022753 1.971124 -0.3697128
v 7.897248 1.708876 0.2297128
v 7.9265 1.706151 0.2359411
v 7.96 1.706151 0.2359411
v 7.9935 1.706151 0.2359411
v 8.022753 1.708876 0.2297128
v 7.895944 1.77 0.2359411
v 7.9265 1.77 0.25
v 7.96 1.77 0.25
v 7.9935 1.77 0.25
v 8.024056 1.77 0.2359411
v 7.895944 1.84 0.2359411
v 7.9265 1.84 0.25
v 7.96 1.84 0.25
v 7.9935 1.84 0.25
v 8.024056 1.84 0.2359411
v 7.895944 1.91 0.2359411
v 7.9265 1.91 0.25
v 7.96 1.91 0.25
v 7.9935 1.91 0.25
v 8.024056 1.91 0.2359411
v 7.897248 1.971124 0.2297128
v 7.9265 1.973849 0.2359411
v 7.96 1.973849 0.2359411
v 7.9935 1.973849 0.2359411
v 8.022753 1.971124 0.2297128
vt 0 0
vt 0.25 0
vt 0.5 0
vt 0.75 0
vt 1 0
vt 0 0.25
vt 0.25 0.25
vt 0.5 0.25
vt 0.75 0.25
vt 1 0.25
vt 0 0.5
vt 0.25 0.5
vt 0.5 0.5
vt 0.75 0.5
vt 1 0.5
vt 0 0.75
vt 0.25 0.75
vt 0.5 0.75
vt 0.75 0.75
vt 1 0.75
vt 0 1
vt 0.25 1
vt 0.5 1
vt 0.75 1
vt 1 1
vt 0 0
vt 0.25 0
vt 0.5 0
vt 0.75 0
vt 1 0
vt 0 0.25
vt 0.25 0.25
vt 0.5 0.25
vt 0.75 0.25
vt 1 0.25
vt 0 0.5
vt 0.25 0.5
vt 0.5 0.5
vt 0.75 0.5
vt 1 0.5
vt 0 0.75
vt 0.25 0.75
vt 0.5 0.75
vt 0.75 0.75
vt 1 0.75
vt 0 1
vt 0.25 1
vt 0.5 1
vt 0.75 1
vt 1 1
vt 0 0
vt 0.25 0
vt 0.5 0
vt 0.75 0
vt 1 0
vt 0 0.25
vt 0.25 0.25
vt 0.5 0.25
vt 0.75 0.25
vt 1 0.25
vt 0 0.5
vt 0.25 0.5
vt 0.5 0.5
vt 0.75 0.5
vt 1 0.5
vt 0 0.75
vt 0.25 0.75
vt 0.5 0.75
vt 0.75 0.75
vt 1 0.75
vt 0 1
vt 0.25 1
vt 0.5 1
vt 0.75 1
vt 1 1
vt 0 0
vt 0.25 0
vt 0.5 0
vt 0.75 0
vt 1 0
vt 0 0.25
vt 0.25 0.25
vt 0.5 0.25
vt 0.75 0.25
vt 1 0.25
vt 0 0.5
vt 0.25 0.5
vt 0.5 0.5
vt 0.75 0.5
vt 1 0.5
vt 0 0.75
vt 0.25 0.75
vt 0.5 0.75
vt 0.75 0.75
vt 1 0.75
vt 0 1
vt 0.25 1
vt 0.5 1
vt 0.75 1
vt 1 1
vt 0 0
vt 0.25 0
vt 0.5 0
vt 0.75 0
vt 1 0
vt 0 0.25
vt 0.25 0.25
vt 0.5 0.25
vt 0.75 0.25
vt 1 0.25
vt 0 0.5
vt 0.25 0.5
vt 0.5 0.5
vt 0.75 0.5
vt 1 0.5
vt 0 0.75
vt 0.25 0.75
vt 0.5 0.75
vt 0.75 0.75
vt 1 0.75
vt 0 1
vt 0.25 1
vt 0.5 1
vt 0.75 1
vt 1 1
vt 0 0
vt 0.25 0
vt 0.5 0
vt 0.75 0
vt 1 0
vt 0 0.25
vt 0.25 0.25
vt 0.5 0.25
vt 0.75 0.25
vt 1 0.25
vt 0 0.5
vt 0.25 0.5
vt 0.5 0.5
vt 0.75 0.5
vt 1 0.5
vt 0 0.75
vt 0.25 0.75
vt 0.5 0.75
vt 0.75 0.75
vt 1 0.75
vt 0 1
vt 0.25 1
vt 0.5 1
vt 0.75 1
vt 1 1
vn -0.8864541 -0.4240127 -0.1855056
vn -0.978788 0 -0.2048762
vn -0.978788 0 -0.2048762
vn -0.978788 0 -0.2048762
vn -0.886394 0.4241298 -0.1855249
vn -0.9020724 -0.4315848 0
vn -1 -0 -0
vn -1 -0 -0
vn -1 -0 -0
vn -0.9020251 0.4316835 0
vn -0.9020724 -0.4315848 0
vn -1 -0 -0
vn -1 -0 -0
vn -1 -0 -0
vn -0.9020251 0.4316835 0
vn -0.9020724 -0.4315848 0
vn -1 -0 -0
vn -1 -0 -0
vn -1 -0 -0
vn -0.9020252 0.4316835 0
vn -0.8864162 -0.4240675 0.1855615
vn -0.9787763 0 0.2049313
vn -0.9787763 0 0.2049313
vn -0.9787763 0 0.2049313
vn -0.8863561 0.4241847 0.1855808
vn 0.8864541 -0.4240127 -0.1855056
vn 0.978788 0 -0.2048762
vn 0.978788 0 -0.2048762
vn 0.978788 0 -0.2048762
vn 0.886394 0.4241298 -0.1855249
vn 0.9020724 -0.4315848 0
vn 1 0 0
vn 1 0 0
vn 1 0 0
vn 0.9020251 0.4316835 0
vn 0.9020724 -0.4315848 0
vn 1 0 0
vn 1 0 0
vn 1 0 0
vn 0.9020251 0.4316835 0
vn 0.9020724 -0.4315848 0
vn 1 0 0
vn 1 0 0
vn 1 0 0
vn 0.9020252 0.4316835 0
vn 0.8864162 -0.4240675 0.1855615
vn 0.9787763 0 0.2049313
vn 0.9787763 0 0.2049313
vn 0.9787763 0 0.2049313
vn 0.8863561 0.4241847 0.1855808
vn -0.8862737 -0.4243643 -0.1855636
vn -0.9019779 -0.4317821 0
vn -0.9019779 -0.4317821 0
vn -0.9019779 -0.4317821 0
vn -0.8862959 -0.4243019 0.1856002
vn 0 -0.9161987 -0.4007244
vn -0 -1 -0
vn -0 -1 -0
vn -0 -1 -0
vn 0 -0.9161573 0.4008189
vn 0 -0.9161987 -0.4007244
vn -0 -1 -0
vn -0 -1 -0
vn -0 -1 -0
vn 0 -0.9161573 0.4008189
vn 0 -0.9161987 -0.4007244
vn -0 -1 -0
vn -0 -1 -0
vn -0 -1 -0
vn 0 -0.9161574 0.4008189
vn 0.8863339 -0.4242471 -0.1855442
vn 0.9020251 -0.4316835 0
vn 0.9020251 -0.4316835 0
vn 0.9020252 -0.4316835 0
vn 0.8863561 -0.4241847 0.1855808
vn -0.8862737 0.4243643 -0.1855636
vn -0.9019779 0.4317821 0
vn -0.9019779 0.4317821 0
vn -0.9019779 0.4317821 0
vn -0.8862959 0.4243019 0.1856002
vn 0 0.9161987 -0.4007244
vn 0 1 0
vn 0 1 0
vn 0 1 0
vn 0 0.9161573 0.4008189
vn 0 0.9161987 -0.4007244
vn 0 1 0
vn 0 1 0
vn 0 1 0
vn 0 0.9161573 0.4008189
vn 0 0.9161987 -0.4007244
vn 0 1 0
vn 0 1 0
vn 0 1 0
vn 0 0.9161574 0.4008189
vn 0.8863339 0.4242471 -0.1855442
vn 0.9020251 0.4316835 0
vn 0.9020251 0.4316835 0
vn 0.9020252 0.4316835 0
vn 0.8863561 0.4241847 0.1855808
vn -0.8863403 -0.4241772 -0.1856733
vn 0 -0.916116 -0.4009134
vn 0 -0.9161159 -0.4009134
vn 0 -0.9161159 -0.4009134
vn 0.8863783 -0.4241223 -0.1856174
vn -0.9787648 0 -0.2049865
vn -0 -0 -1
vn -0 -0 -1
vn -0 -0 -1
vn 0.9787763 0 -0.2049313
vn -0.9787648 0 -0.2049865
vn -0 -0 -1
vn -0 -0 -1
vn -0 -0 -1
vn 0.9787763 0 -0.2049313
vn -0.9787648 0 -0.2049865
vn -0 -0 -1
vn -0 -0 -1
vn -0 -0 -1
vn 0.9787763 0 -0.2049313
vn -0.8863181 0.4242395 -0.1856368
vn 0 0.9161573 -0.4008189
vn 0 0.9161573 -0.4008189
vn 0 0.9161574 -0.4008189
vn 0.8863561 0.4241847 -0.1855808
vn -0.8863403 -0.4241772 0.1856733
vn 0 -0.916116 0.4009134
vn 0 -0.9161159 0.4009134
vn 0 -0.9161159 0.4009134
vn 0.8863783 -0.4241223 0.1856174
vn -0.9787648 0 0.2049865
vn 0 0 1
vn 0 0 1
vn 0 0 1
vn 0.9787763 0 0.2049313
vn -0.9787648 0 0.2049865
vn 0 0 1
vn 0 0 1
vn 0 0 1
vn 0.9787763 0 0.2049313
vn -0.9787648 0 0.2049865
vn 0 0 1
vn 0 0 1
vn 0 0 1
vn 0.9787763 0 0.2049313
vn -0.8863181 0.4242395 0.1856368
vn 0 0.9161573 0.4008189
vn 0 0.9161573 0.4008189
vn 0 0.9161574 0.4008189
vn 0.8863561 0.4241847 0.1855808
f 3328/3328/3328 3333/3333/3333 3329/3329/3329
f 3329/3329/3329 3333/3333/3333 3334/3334/3334
f 3329/3329/3329 3334/3334/3334 3330/3330/3330
f 3330/3330/3330 3334/3334/3334 3335/3335/3335
f 3330/3330/3330 3335/3335/3335 3331/3331/3331
f 3331/3331/3331 3335/3335/3335 3336/3336/3336
f 3331/3331/3331 3336/3336/3336 3332/3332/3332
f 3332/3332/3332 3336/3336/3336 3337/3337/3337
f 3333/3333/3333 3338/3338/3338 3334/3334/3334
f 3334/3334/3334 3338/3338/3338 3339/3339/3339
f 3334/3334/3334 3339/3339/3339 3335/3335/3335
f 3335/3335/3335 3339/3339/3339 3340/3340/3340
f 3335/3335/3335 3340/3340/3340 3336/3336/3336
f 3336/3336/3336 3340/3340/3340 3341/3341/3341
f 3336/3336/3336 3341/3341/3341 3337/3337/3337
f 3337/3337/3337 3341/3341/3341 3342/3342/3342
f 3338/3338/3338 3343/3343/3343 3339/3339/3339
f 3339/3339/3339 3343/3343/3343 3344/3344/3344
f 3339/3339/3339 3344/3344/3344 3340/3340/3340
f 3340/3340/3340 3344/3344/3344 3345/3345/3345
f 3340/3340/3340 3345/3345/3345 3341/3341/3341
f 3341/3341/3341 3345/3345/3345 3346/3346/3346
f 3341/3341/3341 3346/3346/3346 3342/3342/3342
f 3342/3342/3342 3346/3346/3346 3347/3347/3347
f 3343/3343/3343 3348/3348/3348 3344/3344/3344
f 3344/3344/3344 3348/3348/3348 3349/3349/3349
f 3344/3344/3344 3349/3349/3349 3345/3345/3345
f 3345/3345/3345 3349/3349/3349 3350/3350/3350
f 3345/3345/3345 3350/3350/3350 3346/3346/3346
f 3346/3346/3346 3350/3350/3350 3351/3351/3351
f 3346/3346/3346 3351/3351/3351 3347/3347/3347
f 3347/3347/3347 3351/3351/3351 3352/3352/3352
f 3353/3353/3353 3354/3354/3354 3358/3358/3358
f 3354/3354/3354 3359/3359/3359 3358/3358/3358
f 3354/3354/3354 3355/3355/3355 3359/3359/3359
f 3355/3355/3355 3360/3360/3360 3359/3359/3359
f 3355/3355/3355 3356/3356/3356 3360/3360/3360
f 3356/3356/3356 3361/3361/3361 3360/3360/3360
f 3356/3356/3356 3357/3357/3357 3361/3361/3361
f 3357/3357/3357 3362/3362/3362 3361/3361/3361
f 3358/3358/3358 3359/3359/3359 3363/3363/3363
f 3359/3359/3359 3364/3364/3364 3363/3363/3363
f 3359/3359/3359 3360/3360/3360 3364/3364/3364
f 3360/3360/3360 3365/3365/3365 3364/3364/3364
f 3360/3360/3360 3361/3361/3361 3365/3365/3365
f 3361/3361/3361 3366/3366/3366 3365/3365/3365
f 3361/3361/3361 3362/3362/3362 3366/3366/3366
f 3362/3362/3362 3367/3367/3367 3366/3366/3366
f 3363/3363/3363 3364/3364/3364 3368/3368/3368
f 3364/3364/3364 3369/3369/3369 3368/3368/3368
f 3364/3364/3364 3365/3365/3365 3369/3369/3369
f 3365/3365/3365 3370/3370/3370 3369/3369/3369
f 3365/3365/3365 3366/3366/3366 3370/3370/3370
f 3366/3366/3366 3371/3371/3371 3370/3370/3370
f 3366/3366/3366 3367/3367/3367 3371/3371/3371
f 3367/3367/3367 3372/3372/3372 3371/3371/3371
f 3368/3368/3368 3369/3369/3369 3373/3373/3373
f 3369/3369/3369 3374/3374/3374 3373/3373/3373
f 3369/3369/3369 3370/3370/3370 3374/3374/3374
f 3370/3370/3370 3375/3375/3375 3374/3374/3374
f 3370/3370/3370 3371/3371/3371 3375/3375/3375
f 3371/3371/3371 3376/3376/3376 3375/3375/3375
f 3371/3371/3371 3372/3372/3372 3376/3376/3376
f 3372/3372/3372 3377/3377/3377 3376/3376/3376
f 3378/3378/3378 3383/3383/3383 3379/3379/3379
f 3379/3379/3379 3383/3383/3383 3384/3384/3384
f 3379/3379/3379 3384/3384/3384 3380/3380/3380
f 3380/3380/3380 3384/3384/3384 3385/3385/3385
f 3380/3380/3380 3385/3385/3385 3381/3381/3381
f 3381/3381/3381 3385/3385/3385 3386/3386/3386
f 3381/3381/3381 3386/3386/3386 3382/3382/3382
f 3382/3382/3382 3386/3386/3386 3387/3387/3387
f 3383/3383/3383 3388/3388/3388 3384/3384/3384
f 3384/3384/3384 3388/3388/3388 3389/3389/3389
f 3384/3384/3384 3389/3389/3389 3385/3385/3385
f 3385/3385/3385 3389/3389/3389 3390/3390/3390
f 3385/3385/3385 3390/3390/3390 3386/3386/3386
f 3386/3386/3386 3390/3390/3390 3391/3391/3391
f 3386/3386/3386 3391/3391/3391 3387/3387/3387
f 3387/3387/3387 3391/3391/3391 3392/3392/3392
f 3388/3388/3388 3393/3393/3393 3389/3389/3389
f 3389/3389/3389 3393/3393/3393 3394/3394/3394
f 3389/3389/3389 3394/3394/3394 3390/3390/3390
f 3390/3390/3390 3394/3394/3394 3395/3395/3395
f 3390/3390/3390 3395/3395/3395 3391/3391/3391
f 3391/3391/3391 3395/3395/3395 3396/3396/3396
f 3391/3391/3391 3396/3396/3396 3392/3392/3392
f 3392/3392/3392 3396/3396/3396 3397/3397/3397
f 3393/3393/3393 3398/3398/3398 3394/3394/3394
f 3394/3394/3394 3398/3398/3398 3399/3399/3399
f 3394/3394/3394 3399/3399/3399 3395/3395/3395
f 3395/3395/3395 3399/3399/3399 3400/3400/3400
f 3395/3395/3395 3400/3400/3400 3396/3396/3396
f 3396/3396/3396 3400/3400/3400 3401/3401/3401
f 3396/3396/3396 3401/3401/3401 3397/3397/3397
f 3397/3397/3397 3401/3401/3401 3402/3402/3402
f 3403/3403/3403 3404/3404/3404 3408/3408/3408
f 3404/3404/3404 3409/3409/3409 3408/3408/3408
f 3404/3404/3404 3405/3405/3405 3409/3409/3409
f 3405/3405/3405 3410/3410/3410 3409/3409/3409
f 3405/3405/3405 3406/3406/3406 3410/3410/3410
f 3406/3406/3406 3411/3411/3411 3410/3410/3410
f 3406/3406/3406 3407/3407/3407 3411/3411/3411
f 3407/3407/3407 3412/3412/3412 3411/3411/3411
f 3408/3408/3408 3409/3409/3409 3413/3413/3413
f 3409/3409/3409 3414/3414/3414 3413/3413/3413
f 3409/3409/3409 3410/3410/3410 3414/3414/3414
f 3410/3410/3410 3415/3415/3415 3414/3414/3414
f 3410/3410/3410 3411/3411/3411 3415/3415/3415
f 3411/3411/3411 3416/3416/3416 3415/3415/3415
f 3411/3411/3411 3412/3412/3412 3416/3416/3416
f 3412/3412/3412 3417/3417/3417 3416/3416/3416
f 3413/3413/3413 3414/3414/3414 3418/3418/3418
f 3414/3414/3414 3419/3419/3419 3418/3418/3418
f 3414/3414/3414 3415/3415/3415 3419/3419/3419
f 3415/3415/3415 3420/3420/3420 3419/3419/3419
f 3415/3415/3415 3416/3416/3416 3420/3420/3420
f 3416/3416/3416 3421/3421/3421 3420/3420/3420
f 3416/3416/3416 3417/3417/3417 3421/3421/3421
f 3417/3417/3417 3422/3422/3422 3421/3421/3421
f 3418/3418/3418 3419/3419/3419 3423/3423/3423
f 3419/3419/3419 3424/3424/3424 3423/3423/3423
f 3419/3419/3419 3420/3420/3420 3424/3424/3424
f 3420/3420/3420 3425/3425/3425 3424/3424/3424
f 3420/3420/3420 3421/3421/3421 3425/3425/3425
f 3421/3421/3421 3426/3426/3426 3425/3425/3425
f 3421/3421/3421 3422/3422/3422 3426/3426/3426
f 3422/3422/3422 3427/3427/3427 3426/3426/3426
f 3428/3428/3428 3433/3433/3433 3429/3429/3429
f 3429/3429/3429 3433/3433/3433 3434/3434/3434
f 3429/3429/3429 3434/3434/3434 3430/3430/3430
f 3430/3430/3430 3434/3434/3434 3435/3435/3435
f 3430/3430/3430 3435/3435/3435 3431/3431/3431
f 3431/3431/3431 3435/3435/3435 3436/3436/3436
f 3431/3431/3431 3436/3436/3436 3432/3432/3432
f 3432/3432/3432 3436/3436/3436 3437/3437/3437
f 3433/3433/3433 3438/3438/3438 3434/3434/3434
f 3434/3434/3434 3438/3438/3438 3439/3439/3439
f 3434/3434/3434 3439/3439/3439 3435/3435/3435
f 3435/3435/3435 3439/3439/3439 3440/3440/3440
f 3435/3435/3435 3440/3440/3440 3436/3436/3436
f 3436/3436/3436 3440/3440/3440 3441/3441/3441
f 3436/3436/3436 3441/3441/3441 3437/3437/3437
f 3437/3437/3437 3441/3441/3441 3442/3442/3442
f 3438/3438/3438 3443/3443/3443 3439/3439/3439
f 3439/3439/3439 3443/3443/3443 3444/3444/3444
f 3439/3439/3439 3444/3444/3444 3440/3440/3440
f 3440/3440/3440 3444/3444/3444 3445/3445/3445
f 3440/3440/3440 3445/3445/3445 3441/3441/3441
f 3441/3441/3441 3445/3445/3445 3446/3446/3446
f 3441/3441/3441 3446/3446/3446 3442/3442/3442
f 3442/3442/3442 3446/3446/3446 3447/3447/3447
f 3443/3443/3443 3448/3448/3448 3444/3444/3444
f 3444/3444/3444 3448/3448/3448 3449/3449/3449
f 3444/3444/3444 3449/3449/3449 3445/3445/3445
f 3445/3445/3445 3449/3449/3449 3450/3450/3450
f 3445/3445/3445 3450/3450/3450 3446/3446/3446
f 3446/3446/3446 3450/3450/3450 3451/3451/3451
f 3446/3446/3446 3451/3451/3451 3447/3447/3447
f 3447/3447/3447 3451/3451/3451 3452/3452/3452
f 3453/3453/3453 3454/3454/3454 3458/3458/3458
f 3454/3454/3454 3459/3459/3459 3458/3458/3458
f 3454/3454/3454 3455/3455/3455 3459/3459/3459
f 3455/3455/3455 3460/3460/3460 3459/3459/3459
f 3455/3455/3455 3456/3456/3456 3460/3460/3460
f 3456/3456/3456 3461/3461/3461 3460/3460/3460
f 3456/3456/3456 3457/3457/3457 3461/3461/3461
f 3457/3457/3457 3462/3462/3462 3461/3461/3461
f 3458/3458/3458 3459/3459/3459 3463/3463/3463
f 3459/3459/3459 3464/3464/3464 3463/3463/3463
f 3459/3459/3459 3460/3460/3460 3464/3464/3464
f 3460/3460/3460 3465/3465/3465 3464/3464/3464
f 3460/3460/3460 3461/3461/3461 3465/3465/3465
f 3461/3461/3461 3466/3466/3466 3465/3465/3465
f 3461/3461/3461 3462/3462/3462 3466/3466/3466
f 3462/3462/3462 3467/3467/3467 3466/3466/3466
f 3463/3463/3463 3464/3464/3464 3468/3468/3468
f 3464/3464/3464 3469/3469/3469 3468/3468/3468
f 3464/3464/3464 3465/3465/3465 3469/3469/3469
f 3465/3465/3465 3470/3470/3470 3469/3469/3469
f 3465/3465/3465 3466/3466/3466 3470/3470/3470
f 3466/3466/3466 3471/3471/3471 3470/3470/3470
f 3466/3466/3466 3467/3467/3467 3471/3471/3471
f 3467/3467/3467 3472/3472/3472 3471/3471/3471
f 3468/3468/3468 3469/3469/3469 3473/3473/3473
f 3469/3469/3469 3474/3474/3474 3473/3473/3473
f 3469/3469/3469 3470/3470/3470 3474/3474/3474
f 3470/3470/3470 3475/3475/3475 3474/3474/3474
f 3470/3470/3470 3471/3471/3471 3475/3475/3475
f 3471/3471/3471 3476/3476/3476 3475/3475/3475
f 3471/3471/3471 3472/3472/3472 3476/3476/3476
f 3472/3472/3472 3477/3477/3477 3476/3476/3476
o beveled-plate_part_14
usemtl part_14
v 7.897248 2.278876 -0.3697128
v 7.895944 2.34 -0.3759411
v 7.895944 2.41 -0.3759411
v 7.895944 2.48 -0.3759411
v 7.897248 2.541124 -0.3697128
v 7.895944 2.276151 -0.23
v 7.893 2.34 -0.23
v 7.893 2.41 -0.23
v 7.893 2.48 -0.23
v 7.895944 2.543849 -0.23
v 7.895944 2.276151 -0.07
v 7.893 2.34 -0.07
v 7.893 2.41 -0.07
v 7.893 2.48 -0.07
v 7.895944 2.543849 -0.07
v 7.895944 2.276151 0.09
v 7.893 2.34 0.09
v 7.893 2.41 0.09
v 7.893 2.48 0.09
v 7.895944 2.543849 0.09
v 7.897248 2.278876 0.2297128
v 7.895944 2.34 0.2359411
v 7.895944 2.41 0.2359411
v 7.895944 2.48 0.2359411
v 7.897248 2.541124 0.2297128
v 8.022753 2.278876 -0.3697128
v 8.024056 2.34 -0.3759411
v 8.024056 2.41 -0.3759411
v 8.024056 2.48 -0.3759411
v 8.022753 2.541124 -0.3697128
v 8.024056 2.276151 -0.23
v 8.027 2.34 -0.23
v 8.027 2.41 -0.23
v 8.027 2.48 -0.23
v 8.024056 2.543849 -0.23
v 8.024056 2.276151 -0.07
v 8.027 2.34 -0.07
v 8.027 2.41 -0.07
v 8.027 2.48 -0.07
v 8.024056 2.543849 -0.07
v 8.024056 2.276151 0.09
v 8.027 2.34 0.09
v 8.027 2.41 0.09
v 8.027 2.48 0.09
v 8.024056 2.543849 0.09
v 8.022753 2.278876 0.2297128
v 8.024056 2.34 0.2359411
v 8.024056 2.41 0.2359411
v 8.024056 2.48 0.2359411
v 8.022753 2.541124 0.2297128
v 7.897248 2.278876 -0.3697128
v 7.895944 2.276151 -0.23
v 7.895944 2.276151 -0.07
v 7.895944 2.276151 0.09
v 7.897248 2.278876 0.2297128
v 7.9265 2.276151 -0.3759411
v 7.9265 2.27 -0.23
v 7.9265 2.27 -0.07
v 7.9265 2.27 0.09
v 7.9265 2.276151 0.2359411
v 7.96 2.276151 -0.3759411
v 7.96 2.27 -0.23
v 7.96 2.27 -0.07
v 7.96 2.27 0.09
v 7.96 2.276151 0.2359411
v 7.9935 2.276151 -0.3759411
v 7.9935 2.27 -0.23
v 7.9935 2.27 -0.07
v 7.9935 2.27 0.09
v 7.9935 2.276151 0.2359411
v 8.022753 2.278876 -0.3697128
v 8.024056 2.276151 -0.23
v 8.024056 2.276151 -0.07
v 8.024056 2.276151 0.09
v 8.022753 2.278876 0.2297128
v 7.897248 2.541124 -0.3697128
v 7.895944 2.543849 -0.23
v 7.895944 2.543849 -0.07
v 7.895944 2.543849 0.09
v 7.897248 2.541124 0.2297128
v 7.9265 2.543849 -0.3759411
v 7.9265 2.55 -0.23
v 7.9265 2.55 -0.07
v 7.9265 2.55 0.09
v 7.9265 2.543849 0.2359411
v 7.96 2.543849 -0.3759411
v 7.96 2.55 -0.23
v 7.96 2.55 -0.07
v 7.96 2.55 0.09
v 7.96 2.543849 0.2359411
v 7.9935 2.543849 -0.3759411
v 7.9935 2.55 -0.23
v 7.9935 2.55 -0.07
v 7.9935 2.55 0.09
v 7.9935 2.543849 0.2359411
v 8.022753 2.541124 -0.3697128
v 8.024056 2.543849 -0.23
v 8.024056 2.543849 -0.07
v 8.024056 2.543849 0.09
v 8.022753 2.541124 0.2297128
v 7.897248 2.278876 -0.3697128
v 7.9265 2.276151 -0.3759411
v 7.96 2.276151 -0.3759411
v 7.9935 2.276151 -0.3759411
v 8.022753 2.278876 -0.3697128
v 7.895944 2.34 -0.3759411
v 7.9265 2.34 -0.39
v 7.96 2.34 -0.39
v 7.9935 2.34 -0.39
v 8.024056 2.34 -0.3759411
v 7.895944 2.41 -0.3759411
v 7.9265 2.41 -0.39
v 7.96 2.41 -0.39
v 7.9935 2.41 -0.39
v 8.024056 2.41 -0.3759411
v 7.895944 2.48 -0.3759411
v 7.9265 2.48 -0.39
v 7.96 2.48 -0.39
v 7.9935 2.48 -0.39
v 8.024056 2.48 -0.3759411
v 7.897248 2.541124 -0.3697128
v 7.9265 2.543849 -0.3759411
v 7.96 2.543849 -0.3759411
v 7.9935 2.543849 -0.3759411
v 8.022753 2.541124 -0.3697128
v 7.897248 2.278876 0.2297128
v 7.9265 2.276151 0.2359411
v 7.96 2.276151 0.2359411
v 7.9935 2.276151 0.2359411
v 8.022753 2.278876 0.2297128
v 7.895944 2.34 0.2359411
v 7.9265 2.34 0.25
v 7.96 2.34 0.25
v 7.9935 2.34 0.25
v 8.024056 2.34 0.2359411
v 7.895944 2.41 0.2359411
v 7.9265 2.41 0.25
v 7.96 2.41 0.25
v 7.9935 2.41 0.25
v 8.024056 2.41 0.2359411
v 7.895944 2.48 0.2359411
v 7.9265 2.48 0.25
v 7.96 2.48 0.25
v 7.9935 2.48 0.25
v 8.024056 2.48 0.2359411
v 7.897248 2.541124 0.2297128
v 7.9265 2.543849 0.2359411
v 7.96 2.543849 0.2359411
v 7.9935 2.543849 0.2359411
v 8.022753 2.541124 0.2297128
vt 0 0
vt 0.25 0
vt 0.5 0
vt 0.75 0
vt 1 0
vt 0 0.25
vt 0.25 0.25
vt 0.5 0.25
vt 0.75 0.25
vt 1 0.25
vt 0 0.5
vt 0.25 0.5
vt 0.5 0.5
vt 0.75 0.5
vt 1 0.5
vt 0 0.75
vt 0.25 0.75
vt 0.5 0.75
vt 0.75 0.75
vt 1 0.75
vt 0 1
vt 0.25 1
vt 0.5 1
vt 0.75 1
vt 1 1
vt 0 0
vt 0.25 0
vt 0.5 0
vt 0.75 0
vt 1 0
vt 0 0.25
vt 0.25 0.25
vt 0.5 0.25
vt 0.75 0.25
vt 1 0.25
vt 0 0.5
vt 0.25 0.5
vt 0.5 0.5
vt 0.75 0.5
vt 1 0.5
vt 0 0.75
vt 0.25 0.75
vt 0.5 0.75
vt 0.75 0.75
vt 1 0.75
vt 0 1
vt 0.25 1
vt 0.5 1
vt 0.75 1
vt 1 1
vt 0 0
vt 0.25 0
vt 0.5 0
vt 0.75 0
vt 1 0
vt 0 0.25
vt 0.25 0.25
vt 0.5 0.25
vt 0.75 0.25
vt 1 0.25
vt 0 0.5
vt 0.25 0.5
vt 0.5 0.5
vt 0.75 0.5
vt 1 0.5
vt 0 0.75
vt 0.25 0.75
vt 0.5 0.75
vt 0.75 0.75
vt 1 0.75
vt 0 1
vt 0.25 1
vt 0.5 1
vt 0.75 1
vt 1 1
vt 0 0
vt 0.25 0
vt 0.5 0
vt 0.75 0
vt 1 0
vt 0 0.25
vt 0.25 0.25
vt 0.5 0.25
vt 0.75 0.25
vt 1 0.25
vt 0 0.5
vt 0.25 0.5
vt 0.5 0.5
vt 0.75 0.5
vt 1 0.5
vt 0 0.75
vt 0.25 0.75
vt 0.5 0.75
vt 0.75 0.75
vt 1 0.75
vt 0 1
vt 0.25 1
vt 0.5 1
vt 0.75 1
vt 1 1
vt 0 0
vt 0.25 0
vt 0.5 0
vt 0.75 0
vt 1 0
vt 0 0.25
vt 0.25 0.25
vt 0.5 0.25
vt 0.75 0.25
vt 1 0.25
vt 0 0.5
vt 0.25 0.5
vt 0.5 0.5
vt 0.75 0.5
vt 1 0.5
vt 0 0.75
vt 0.25 0.75
vt 0.5 0.75
vt 0.75 0.75
vt 1 0.75
vt 0 1
vt 0.25 1
vt 0.5 1
vt 0.75 1
vt 1 1
vt 0 0
vt 0.25 0
vt 0.5 0
vt 0.75 0
vt 1 0
vt 0 0.25
vt 0.25 0.25
vt 0.5 0.25
vt 0.75 0.25
vt 1 0.25
vt 0 0.5
vt 0.25 0.5
vt 0.5 0.5
vt 0.75 0.5
vt 1 0.5
vt 0 0.75
vt 0.25 0.75
vt 0.5 0.75
vt 0.75 0.75
vt 1 0.75
vt 0 1
vt 0.25 1
vt 0.5 1
vt 0.75 1
vt 1 1
vn -0.8864541 -0.4240127 -0.1855056
vn -0.978788 0 -0.2048762
vn -0.978788 0 -0.2048762
vn -0.978788 0 -0.2048762
vn -0.886394 0.4241298 -0.1855249
vn -0.9020724 -0.4315848 0
vn -1 -0 -0
vn -1 -0 -0
vn -1 -0 -0
vn -0.9020251 0.4316835 0
vn -0.9020724 -0.4315848 0
vn -1 -0 -0
vn -1 -0 -0
vn -1 -0 -0
vn -0.9020251 0.4316835 0
vn -0.9020724 -0.4315848 0
vn -1 -0 -0
vn -1 -0 -0
vn -1 -0 -0
vn -0.9020252 0.4316835 0
vn -0.8864162 -0.4240675 0.1855615
vn -0.9787763 0 0.2049313
vn -0.9787763 0 0.2049313
vn -0.9787763 0 0.2049313
vn -0.8863561 0.4241847 0.1855808
vn 0.8864541 -0.4240127 -0.1855056
vn 0.978788 0 -0.2048762
vn 0.978788 0 -0.2048762
vn 0.978788 0 -0.2048762
vn 0.886394 0.4241298 -0.1855249
vn 0.9020724 -0.4315848 0
vn 1 0 0
vn 1 0 0
vn 1 0 0
vn 0.9020251 0.4316835 0
vn 0.9020724 -0.4315848 0
vn 1 0 0
vn 1 0 0
vn 1 0 0
vn 0.9020251 0.4316835 0
vn 0.9020724 -0.4315848 0
vn 1 0 0
vn 1 0 0
vn 1 0 0
vn 0.9020252 0.4316835 0
vn 0.8864162 -0.4240675 0.1855615
vn 0.9787763 0 0.2049313
vn 0.9787763 0 0.2049313
vn 0.9787763 0 0.2049313
vn 0.8863561 0.4241847 0.1855808
vn -0.8862737 -0.4243643 -0.1855636
vn -0.9019779 -0.4317821 0
vn -0.9019779 -0.4317821 0
vn -0.9019779 -0.4317821 0
vn -0.8862959 -0.4243019 0.1856002
vn 0 -0.9161987 -0.4007244
vn -0 -1 -0
vn -0 -1 -0
vn -0 -1 -0
vn 0 -0.9161573 0.4008189
vn 0 -0.9161987 -0.4007244
vn -0 -1 -0
vn -0 -1 -0
vn -0 -1 -0
vn 0 -0.9161573 0.4008189
vn 0 -0.9161987 -0.4007244
vn -0 -1 -0
vn -0 -1 -0
vn -0 -1 -0
vn 0 -0.9161574 0.4008189
vn 0.8863339 -0.4242471 -0.1855442
vn 0.9020251 -0.4316835 0
vn 0.9020251 -0.4316835 0
vn 0.9020252 -0.4316835 0
vn 0.8863561 -0.4241847 0.1855808
vn -0.8862737 0.4243643 -0.1855636
vn -0.9019779 0.4317821 0
vn -0.9019779 0.4317821 0
vn -0.9019779 0.4317821 0
vn -0.8862959 0.4243019 0.1856002
vn 0 0.9161987 -0.4007244
vn 0 1 0
vn 0 1 0
vn 0 1 0
vn 0 0.9161573 0.4008189
vn 0 0.9161987 -0.4007244
vn 0 1 0
vn 0 1 0
vn 0 1 0
vn 0 0.9161573 0.4008189
vn 0 0.9161987 -0.4007244
vn 0 1 0
vn 0 1 0
vn 0 1 0
vn 0 0.9161574 0.4008189
vn 0.8863339 0.4242471 -0.1855442
vn 0.9020251 0.4316835 0
vn 0.9020251 0.4316835 0
vn 0.9020252 0.4316835 0
vn 0.8863561 0.4241847 0.1855808
vn -0.8863403 -0.4241772 -0.1856733
vn 0 -0.916116 -0.4009134
vn 0 -0.9161159 -0.4009134
vn 0 -0.9161159 -0.4009134
vn 0.8863783 -0.4241223 -0.1856174
vn -0.9787648 0 -0.2049865
vn -0 -0 -1
vn -0 -0 -1
vn -0 -0 -1
vn 0.9787763 0 -0.2049313
vn -0.9787648 0 -0.2049865
vn -0 -0 -1
vn -0 -0 -1
vn -0 -0 -1
vn 0.9787763 0 -0.2049313
vn -0.9787648 0 -0.2049865
vn -0 -0 -1
vn -0 -0 -1
vn -0 -0 -1
vn 0.9787763 0 -0.2049313
vn -0.8863181 0.4242395 -0.1856368
vn 0 0.9161573 -0.4008189
vn 0 0.9161573 -0.4008189
vn 0 0.9161574 -0.4008189
vn 0.8863561 0.4241847 -0.1855808
vn -0.8863403 -0.4241772 0.1856733
vn 0 -0.916116 0.4009134
vn 0 -0.9161159 0.4009134
vn 0 -0.9161159 0.4009134
vn 0.8863783 -0.4241223 0.1856174
vn -0.9787648 0 0.2049865
vn 0 0 1
vn 0 0 1
vn 0 0 1
vn 0.9787763 0 0.2049313
vn -0.9787648 0 0.2049865
vn 0 0 1
vn 0 0 1
vn 0 0 1
vn 0.9787763 0 0.2049313
vn -0.9787648 0 0.2049865
vn 0 0 1
vn 0 0 1
vn 0 0 1
vn 0.9787763 0 0.2049313
vn -0.8863181 0.4242395 0.1856368
vn 0 0.9161573 0.4008189
vn 0 0.9161573 0.4008189
vn 0 0.9161574 0.4008189
vn 0.8863561 0.4241847 0.1855808
f 3478/3478/3478 3483/3483/3483 3479/3479/3479
f 3479/3479/3479 3483/3483/3483 3484/3484/3484
f 3479/3479/3479 3484/3484/3484 3480/3480/3480
f 3480/3480/3480 3484/3484/3484 3485/3485/3485
f 3480/3480/3480 3485/3485/3485 3481/3481/3481
f 3481/3481/3481 3485/3485/3485 3486/3486/3486
f 3481/3481/3481 3486/3486/3486 3482/3482/3482
f 3482/3482/3482 3486/3486/3486 3487/3487/3487
f 3483/3483/3483 3488/3488/3488 3484/3484/3484
f 3484/3484/3484 3488/3488/3488 3489/3489/3489
f 3484/3484/3484 3489/3489/3489 3485/3485/3485
f 3485/3485/3485 3489/3489/3489 3490/3490/3490
f 3485/3485/3485 3490/3490/3490 3486/3486/3486
f 3486/3486/3486 3490/3490/3490 3491/3491/3491
f 3486/3486/3486 3491/3491/3491 3487/3487/3487
f 3487/3487/3487 3491/3491/3491 3492/3492/3492
f 3488/3488/3488 3493/3493/3493 3489/3489/3489
f 3489/3489/3489 3493/3493/3493 3494/3494/3494
f 3489/3489/3489 3494/3494/3494 3490/3490/3490
f 3490/3490/3490 3494/3494/3494 3495/3495/3495
f 3490/3490/3490 3495/3495/3495 3491/3491/3491
f 3491/3491/3491 3495/3495/3495 3496/3496/3496
f 3491/3491/3491 3496/3496/3496 3492/3492/3492
f 3492/3492/3492 3496/3496/3496 3497/3497/3497
f 3493/3493/3493 3498/3498/3498 3494/3494/3494
f 3494/3494/3494 3498/3498/3498 3499/3499/3499
f 3494/3494/3494 3499/3499/3499 3495/3495/3495
f 3495/3495/3495 3499/3499/3499 3500/3500/3500
f 3495/3495/3495 3500/3500/3500 3496/3496/3496
f 3496/3496/3496 3500/3500/3500 3501/3501/3501
f 3496/3496/3496 3501/3501/3501 3497/3497/3497
f 3497/3497/3497 3501/3501/3501 3502/3502/3502
f 3503/3503/3503 3504/3504/3504 3508/3508/3508
f 3504/3504/3504 3509/3509/3509 3508/3508/3508
f 3504/3504/3504 3505/3505/3505 3509/3509/3509
f 3505/3505/3505 3510/3510/3510 3509/3509/3509
f 3505/3505/3505 3506/3506/3506 3510/3510/3510
f 3506/3506/3506 3511/3511/3511 3510/3510/3510
f 3506/3506/3506 3507/3507/3507 3511/3511/3511
f 3507/3507/3507 3512/3512/3512 3511/3511/3511
f 3508/3508/3508 3509/3509/3509 3513/3513/3513
f 3509/3509/3509 3514/3514/3514 3513/3513/3513
f 3509/3509/3509 3510/3510/3510 3514/3514/3514
f 3510/3510/3510 3515/3515/3515 3514/3514/3514
f 3510/3510/3510 3511/3511/3511 3515/3515/3515
f 3511/3511/3511 3516/3516/3516 3515/3515/3515
f 3511/3511/3511 3512/3512/3512 3516/3516/3516
f 3512/3512/3512 3517/3517/3517 3516/3516/3516
f 3513/3513/3513 3514/3514/3514 3518/3518/3518
f 3514/3514/3514 3519/3519/3519 3518/3518/3518
f 3514/3514/3514 3515/3515/3515 3519/3519/3519
f 3515/3515/3515 3520/3520/3520 3519/3519/3519
f 3515/3515/3515 3516/3516/3516 3520/3520/3520
f 3516/3516/3516 3521/3521/3521 3520/3520/3520
f 3516/3516/3516 3517/3517/3517 3521/3521/3521
f 3517/3517/3517 3522/3522/3522 3521/3521/3521
f 3518/3518/3518 3519/3519/3519 3523/3523/3523
f 3519/3519/3519 3524/3524/3524 3523/3523/3523
f 3519/3519/3519 3520/3520/3520 3524/3524/3524
f 3520/3520/3520 3525/3525/3525 3524/3524/3524
f 3520/3520/3520 3521/3521/3521 3525/3525/3525
f 3521/3521/3521 3526/3526/3526 3525/3525/3525
f 3521/3521/3521 3522/3522/3522 3526/3526/3526
f 3522/3522/3522 3527/3527/3527 3526/3526/3526
f 3528/3528/3528 3533/3533/3533 3529/3529/3529
f 3529/3529/3529 3533/3533/3533 3534/3534/3534
f 3529/3529/3529 3534/3534/3534 3530/3530/3530
f 3530/3530/3530 3534/3534/3534 3535/3535/3535
f 3530/3530/3530 3535/3535/3535 3531/3531/3531
f 3531/3531/3531 3535/3535/3535 3536/3536/3536
f 3531/3531/3531 3536/3536/3536 3532/3532/3532
f 3532/3532/3532 3536/3536/3536 3537/3537/3537
f 3533/3533/3533 3538/3538/3538 3534/3534/3534
f 3534/3534/3534 3538/3538/3538 3539/3539/3539
f 3534/3534/3534 3539/3539/3539 3535/3535/3535
f 3535/3535/3535 3539/3539/3539 3540/3540/3540
f 3535/3535/3535 3540/3540/3540 3536/3536/3536
f 3536/3536/3536 3540/3540/3540 3541/3541/3541
f 3536/3536/3536 3541/3541/3541 3537/3537/3537
f 3537/3537/3537 3541/3541/3541 3542/3542/3542
f 3538/3538/3538 3543/3543/3543 3539/3539/3539
f 3539/3539/3539 3543/3543/3543 3544/3544/3544
f 3539/3539/3539 3544/3544/3544 3540/3540/3540
f 3540/3540/3540 3544/3544/3544 3545/3545/3545
f 3540/3540/3540 3545/3545/3545 3541/3541/3541
f 3541/3541/3541 3545/3545/3545 3546/3546/3546
f 3541/3541/3541 3546/3546/3546 3542/3542/3542
f 3542/3542/3542 3546/3546/3546 3547/3547/3547
f 3543/3543/3543 3548/3548/3548 3544/3544/3544
f 3544/3544/3544 3548/3548/3548 3549/3549/3549
f 3544/3544/3544 3549/3549/3549 3545/3545/3545
f 3545/3545/3545 3549/3549/3549 3550/3550/3550
f 3545/3545/3545 3550/3550/3550 3546/3546/3546
f 3546/3546/3546 3550/3550/3550 3551/3551/3551
f 3546/3546/3546 3551/3551/3551 3547/3547/3547
f 3547/3547/3547 3551/3551/3551 3552/3552/3552
f 3553/3553/3553 3554/3554/3554 3558/3558/3558
f 3554/3554/3554 3559/3559/3559 3558/3558/3558
f 3554/3554/3554 3555/3555/3555 3559/3559/3559
f 3555/3555/3555 3560/3560/3560 3559/3559/3559
f 3555/3555/3555 3556/3556/3556 3560/3560/3560
f 3556/3556/3556 3561/3561/3561 3560/3560/3560
f 3556/3556/3556 3557/3557/3557 3561/3561/3561
f 3557/3557/3557 3562/3562/3562 3561/3561/3561
f 3558/3558/3558 3559/3559/3559 3563/3563/3563
f 3559/3559/3559 3564/3564/3564 3563/3563/3563
f 3559/3559/3559 3560/3560/3560 3564/3564/3564
f 3560/3560/3560 3565/3565/3565 3564/3564/3564
f 3560/3560/3560 3561/3561/3561 3565/3565/3565
f 3561/3561/3561 3566/3566/3566 3565/3565/3565
f 3561/3561/3561 3562/3562/3562 3566/3566/3566
f 3562/3562/3562 3567/3567/3567 3566/3566/3566
f 3563/3563/3563 3564/3564/3564 3568/3568/3568
f 3564/3564/3564 3569/3569/3569 3568/3568/3568
f 3564/3564/3564 3565/3565/3565 3569/3569/3569
f 3565/3565/3565 3570/3570/3570 3569/3569/3569
f 3565/3565/3565 3566/3566/3566 3570/3570/3570
f 3566/3566/3566 3571/3571/3571 3570/3570/3570
f 3566/3566/3566 3567/3567/3567 3571/3571/3571
f 3567/3567/3567 3572/3572/3572 3571/3571/3571
f 3568/3568/3568 3569/3569/3569 3573/3573/3573
f 3569/3569/3569 3574/3574/3574 3573/3573/3573
f 3569/3569/3569 3570/3570/3570 3574/3574/3574
f 3570/3570/3570 3575/3575/3575 3574/3574/3574
f 3570/3570/3570 3571/3571/3571 3575/3575/3575
f 3571/3571/3571 3576/3576/3576 3575/3575/3575
f 3571/3571/3571 3572/3572/3572 3576/3576/3576
f 3572/3572/3572 3577/3577/3577 3576/3576/3576
f 3578/3578/3578 3583/3583/3583 3579/3579/3579
f 3579/3579/3579 3583/3583/3583 3584/3584/3584
f 3579/3579/3579 3584/3584/3584 3580/3580/3580
f 3580/3580/3580 3584/3584/3584 3585/3585/3585
f 3580/3580/3580 3585/3585/3585 3581/3581/3581
f 3581/3581/3581 3585/3585/3585 3586/3586/3586
f 3581/3581/3581 3586/3586/3586 3582/3582/3582
f 3582/3582/3582 3586/3586/3586 3587/3587/3587
f 3583/3583/3583 3588/3588/3588 3584/3584/3584
f 3584/3584/3584 3588/3588/3588 3589/3589/3589
f 3584/3584/3584 3589/3589/3589 3585/3585/3585
f 3585/3585/3585 3589/3589/3589 3590/3590/3590
f 3585/3585/3585 3590/3590/3590 3586/3586/3586
f 3586/3586/3586 3590/3590/3590 3591/3591/3591
f 3586/3586/3586 3591/3591/3591 3587/3587/3587
f 3587/3587/3587 3591/3591/3591 3592/3592/3592
f 3588/3588/3588 3593/3593/3593 3589/3589/3589
f 3589/3589/3589 3593/3593/3593 3594/3594/3594
f 3589/3589/3589 3594/3594/3594 3590/3590/3590
f 3590/3590/3590 3594/3594/3594 3595/3595/3595
f 3590/3590/3590 3595/3595/3595 3591/3591/3591
f 3591/3591/3591 3595/3595/3595 3596/3596/3596
f 3591/3591/3591 3596/3596/3596 3592/3592/3592
f 3592/3592/3592 3596/3596/3596 3597/3597/3597
f 3593/3593/3593 3598/3598/3598 3594/3594/3594
f 3594/3594/3594 3598/3598/3598 3599/3599/3599
f 3594/3594/3594 3599/3599/3599 3595/3595/3595
f 3595/3595/3595 3599/3599/3599 3600/3600/3600
f 3595/3595/3595 3600/3600/3600 3596/3596/3596
f 3596/3596/3596 3600/3600/3600 3601/3601/3601
f 3596/3596/3596 3601/3601/3601 3597/3597/3597
f 3597/3597/3597 3601/3601/3601 3602/3602/3602
f 3603/3603/3603 3604/3604/3604 3608/3608/3608
f 3604/3604/3604 3609/3609/3609 3608/3608/3608
f 3604/3604/3604 3605/3605/3605 3609/3609/3609
f 3605/3605/3605 3610/3610/3610 3609/3609/3609
f 3605/3605/3605 3606/3606/3606 3610/3610/3610
f 3606/3606/3606 3611/3611/3611 3610/3610/3610
f 3606/3606/3606 3607/3607/3607 3611/3611/3611
f 3607/3607/3607 3612/3612/3612 3611/3611/3611
f 3608/3608/3608 3609/3609/3609 3613/3613/3613
f 3609/3609/3609 3614/3614/3614 3613/3613/3613
f 3609/3609/3609 3610/3610/3610 3614/3614/3614
f 3610/3610/3610 3615/3615/3615 3614/3614/3614
f 3610/3610/3610 3611/3611/3611 3615/3615/3615
f 3611/3611/3611 3616/3616/3616 3615/3615/3615
f 3611/3611/3611 3612/3612/3612 3616/3616/3616
f 3612/3612/3612 3617/3617/3617 3616/3616/3616
f 3613/3613/3613 3614/3614/3614 3618/3618/3618
f 3614/3614/3614 3619/3619/3619 3618/3618/3618
f 3614/3614/3614 3615/3615/3615 3619/3619/3619
f 3615/3615/3615 3620/3620/3620 3619/3619/3619
f 3615/3615/3615 3616/3616/3616 3620/3620/3620
f 3616/3616/3616 3621/3621/3621 3620/3620/3620
f 3616/3616/3616 3617/3617/3617 3621/3621/3621
f 3617/3617/3617 3622/3622/3622 3621/3621/3621
f 3618/3618/3618 3619/3619/3619 3623/3623/3623
f 3619/3619/3619 3624/3624/3624 3623/3623/3623
f 3619/3619/3619 3620/3620/3620 3624/3624/3624
f 3620/3620/3620 3625/3625/3625 3624/3624/3624
f 3620/3620/3620 3621/3621/3621 3625/3625/3625
f 3621/3621/3621 3626/3626/3626 3625/3625/3625
f 3621/3621/3621 3622/3622/3622 3626/3626/3626
f 3622/3622/3622 3627/3627/3627 3626/3626/3626
o beveled-plate_part_15
usemtl part_15
v 7.897248 2.848876 -0.3697128
v 7.895944 2.91 -0.3759411
v 7.895944 2.98 -0.3759411
v 7.895944 3.05 -0.3759411
v 7.897248 3.111124 -0.3697128
v 7.895944 2.846151 -0.23
v 7.893 2.91 -0.23
v 7.893 2.98 -0.23
v 7.893 3.05 -0.23
v 7.895944 3.113849 -0.23
v 7.895944 2.846151 -0.07
v 7.893 2.91 -0.07
v 7.893 2.98 -0.07
v 7.893 3.05 -0.07
v 7.895944 3.113849 -0.07
v 7.895944 2.846151 0.09
v 7.893 2.91 0.09
v 7.893 2.98 0.09
v 7.893 3.05 0.09
v 7.895944 3.113849 0.09
v 7.897248 2.848876 0.2297128
v 7.895944 2.91 0.2359411
v 7.895944 2.98 0.2359411
v 7.895944 3.05 0.2359411
v 7.897248 3.111124 0.2297128
v 8.022753 2.848876 -0.3697128
v 8.024056 2.91 -0.3759411
v 8.024056 2.98 -0.3759411
v 8.024056 3.05 -0.3759411
v 8.022753 3.111124 -0.3697128
v 8.024056 2.846151 -0.23
v 8.027 2.91 -0.23
v 8.027 2.98 -0.23
v 8.027 3.05 -0.23
v 8.024056 3.113849 -0.23
v 8.024056 2.846151 -0.07
v 8.027 2.91 -0.07
v 8.027 2.98 -0.07
v 8.027 3.05 -0.07
v 8.024056 3.113849 -0.07
v 8.024056 2.846151 0.09
v 8.027 2.91 0.09
v 8.027 2.98 0.09
v 8.027 3.05 0.09
v 8.024056 3.113849 0.09
v 8.022753 2.848876 0.2297128
v 8.024056 2.91 0.2359411
v 8.024056 2.98 0.2359411
v 8.024056 3.05 0.2359411
v 8.022753 3.111124 0.2297128
v 7.897248 2.848876 -0.3697128
v 7.895944 2.846151 -0.23
v 7.895944 2.846151 -0.07
v 7.895944 2.846151 0.09
v 7.897248 2.848876 0.2297128
v 7.9265 2.846151 -0.3759411
v 7.9265 2.84 -0.23
v 7.9265 2.84 -0.07
v 7.9265 2.84 0.09
v 7.9265 2.846151 0.2359411
v 7.96 2.846151 -0.3759411
v 7.96 2.84 -0.23
v 7.96 2.84 -0.07
v 7.96 2.84 0.09
v 7.96 2.846151 0.2359411
v 7.9935 2.846151 -0.3759411
v 7.9935 2.84 -0.23
v 7.9935 2.84 -0.07
v 7.9935 2.84 0.09
v 7.9935 2.846151 0.2359411
v 8.022753 2.848876 -0.3697128
v 8.024056 2.846151 -0.23
v 8.024056 2.846151 -0.07
v 8.024056 2.846151 0.09
v 8.022753 2.848876 0.2297128
v 7.897248 3.111124 -0.3697128
v 7.895944 3.113849 -0.23
v 7.895944 3.113849 -0.07
v 7.895944 3.113849 0.09
v 7.897248 3.111124 0.2297128
v 7.9265 3.113849 -0.3759411
v 7.9265 3.12 -0.23
v 7.9265 3.12 -0.07
v 7.9265 3.12 0.09
v 7.9265 3.113849 0.2359411
v 7.96 3.113849 -0.3759411
v 7.96 3.12 -0.23
v 7.96 3.12 -0.07
v 7.96 3.12 0.09
v 7.96 3.113849 0.2359411
v 7.9935 3.113849 -0.3759411
v 7.9935 3.12 -0.23
v 7.9935 3.12 -0.07
v 7.9935 3.12 0.09
v 7.9935 3.113849 0.2359411
v 8.022753 3.111124 -0.3697128
v 8.024056 3.113849 -0.23
v 8.024056 3.113849 -0.07
v 8.024056 3.113849 0.09
v 8.022753 3.111124 0.2297128
v 7.897248 2.848876 -0.3697128
v 7.9265 2.846151 -0.3759411
v 7.96 2.846151 -0.3759411
v 7.9935 2.846151 -0.3759411
v 8.022753 2.848876 -0.3697128
v 7.895944 2.91 -0.3759411
v 7.9265 2.91 -0.39
v 7.96 2.91 -0.39
v 7.9935 2.91 -0.39
v 8.024056 2.91 -0.3759411
v 7.895944 2.98 -0.3759411
v 7.9265 2.98 -0.39
v 7.96 2.98 -0.39
v 7.9935 2.98 -0.39
v 8.024056 2.98 -0.3759411
v 7.895944 3.05 -0.3759411
v 7.9265 3.05 -0.39
v 7.96 3.05 -0.39
v 7.9935 3.05 -0.39
v 8.024056 3.05 -0.3759411
v 7.897248 3.111124 -0.3697128
v 7.9265 3.113849 -0.3759411
v 7.96 3.113849 -0.3759411
v 7.9935 3.113849 -0.3759411
v 8.022753 3.111124 -0.3697128
v 7.897248 2.848876 0.2297128
v 7.9265 2.846151 0.2359411
v 7.96 2.846151 0.2359411
v 7.9935 2.846151 0.2359411
v 8.022753 2.848876 0.2297128
v 7.895944 2.91 0.2359411
v 7.9265 2.91 0.25
v 7.96 2.91 0.25
v 7.9935 2.91 0.25
v 8.024056 2.91 0.2359411
v 7.895944 2.98 0.2359411
v 7.9265 2.98 0.25
v 7.96 2.98 0.25
v 7.9935 2.98 0.25
v 8.024056 2.98 0.2359411
v 7.895944 3.05 0.2359411
v 7.9265 3.05 0.25
v 7.96 3.05 0.25
v 7.9935 3.05 0.25
v 8.024056 3.05 0.2359411
v 7.897248 3.111124 0.2297128
v 7.9265 3.113849 0.2359411
v 7.96 3.113849 0.2359411
v 7.9935 3.113849 0.2359411
v 8.022753 3.111124 0.2297128
vt 0 0
vt 0.25 0
vt 0.5 0
vt 0.75 0
vt 1 0
vt 0 0.25
vt 0.25 0.25
vt 0.5 0.25
vt 0.75 0.25
vt 1 0.25
vt 0 0.5
vt 0.25 0.5
vt 0.5 0.5
vt 0.75 0.5
vt 1 0.5
vt 0 0.75
vt 0.25 0.75
vt 0.5 0.75
vt 0.75 0.75
vt 1 0.75
vt 0 1
vt 0.25 1
vt 0.5 1
vt 0.75 1
vt 1 1
vt 0 0
vt 0.25 0
vt 0.5 0
vt 0.75 0
vt 1 0
vt 0 0.25
vt 0.25 0.25
vt 0.5 0.25
vt 0.75 0.25
vt 1 0.25
vt 0 0.5
vt 0.25 0.5
vt 0.5 0.5
vt 0.75 0.5
vt 1 0.5
vt 0 0.75
vt 0.25 0.75
vt 0.5 0.75
vt 0.75 0.75
vt 1 0.75
vt 0 1
vt 0.25 1
vt 0.5 1
vt 0.75 1
vt 1 1
vt 0 0
vt 0.25 0
vt 0.5 0
vt 0.75 0
vt 1 0
vt 0 0.25
vt 0.25 0.25
vt 0.5 0.25
vt 0.75 0.25
vt 1 0.25
vt 0 0.5
vt 0.25 0.5
vt 0.5 0.5
vt 0.75 0.5
vt 1 0.5
vt 0 0.75
vt 0.25 0.75
vt 0.5 0.75
vt 0.75 0.75
vt 1 0.75
vt 0 1
vt 0.25 1
vt 0.5 1
vt 0.75 1
vt 1 1
vt 0 0
vt 0.25 0
vt 0.5 0
vt 0.75 0
vt 1 0
vt 0 0.25
vt 0.25 0.25
vt 0.5 0.25
vt 0.75 0.25
vt 1 0.25
vt 0 0.5
vt 0.25 0.5
vt 0.5 0.5
vt 0.75 0.5
vt 1 0.5
vt 0 0.75
vt 0.25 0.75
vt 0.5 0.75
vt 0.75 0.75
vt 1 0.75
vt 0 1
vt 0.25 1
vt 0.5 1
vt 0.75 1
vt 1 1
vt 0 0
vt 0.25 0
vt 0.5 0
vt 0.75 0
vt 1 0
vt 0 0.25
vt 0.25 0.25
vt 0.5 0.25
vt 0.75 0.25
vt 1 0.25
vt 0 0.5
vt 0.25 0.5
vt 0.5 0.5
vt 0.75 0.5
vt 1 0.5
vt 0 0.75
vt 0.25 0.75
vt 0.5 0.75
vt 0.75 0.75
vt 1 0.75
vt 0 1
vt 0.25 1
vt 0.5 1
vt 0.75 1
vt 1 1
vt 0 0
vt 0.25 0
vt 0.5 0
vt 0.75 0
vt 1 0
vt 0 0.25
vt 0.25 0.25
vt 0.5 0.25
vt 0.75 0.25
vt 1 0.25
vt 0 0.5
vt 0.25 0.5
vt 0.5 0.5
vt 0.75 0.5
vt 1 0.5
vt 0 0.75
vt 0.25 0.75
vt 0.5 0.75
vt 0.75 0.75
vt 1 0.75
vt 0 1
vt 0.25 1
vt 0.5 1
vt 0.75 1
vt 1 1
vn -0.8864541 -0.4240127 -0.1855056
vn -0.978788 0 -0.2048762
vn -0.978788 0 -0.2048762
vn -0.978788 0 -0.2048762
vn -0.886394 0.4241298 -0.1855249
vn -0.9020724 -0.4315848 0
vn -1 -0 -0
vn -1 -0 -0
vn -1 -0 -0
vn -0.9020251 0.4316835 0
vn -0.9020724 -0.4315848 0
vn -1 -0 -0
vn -1 -0 -0
vn -1 -0 -0
vn -0.9020251 0.4316835 0
vn -0.9020724 -0.4315848 0
vn -1 -0 -0
vn -1 -0 -0
vn -1 -0 -0
vn -0.9020252 0.4316835 0
vn -0.8864162 -0.4240675 0.1855615
vn -0.9787763 0 0.2049313
vn -0.9787763 0 0.2049313
vn -0.9787763 0 0.2049313
vn -0.8863561 0.4241847 0.1855808
vn 0.8864541 -0.4240127 -0.1855056
vn 0.978788 0 -0.2048762
vn 0.978788 0 -0.2048762
vn 0.978788 0 -0.2048762
vn 0.886394 0.4241298 -0.1855249
vn 0.9020724 -0.4315848 0
vn 1 0 0
vn 1 0 0
vn 1 0 0
vn 0.9020251 0.4316835 0
vn 0.9020724 -0.4315848 0
vn 1 0 0
vn 1 0 0
vn 1 0 0
vn 0.9020251 0.4316835 0
vn 0.9020724 -0.4315848 0
vn 1 0 0
vn 1 0 0
vn 1 0 0
vn 0.9020252 0.4316835 0
vn 0.8864162 -0.4240675 0.1855615
vn 0.9787763 0 0.2049313
vn 0.9787763 0 0.2049313
vn 0.9787763 0 0.2049313
vn 0.8863561 0.4241847 0.1855808
vn -0.8862737 -0.4243643 -0.1855636
vn -0.9019779 -0.4317821 0
vn -0.9019779 -0.4317821 0
vn -0.9019779 -0.4317821 0
vn -0.8862959 -0.4243019 0.1856002
vn 0 -0.9161987 -0.4007244
vn -0 -1 -0
vn -0 -1 -0
vn -0 -1 -0
vn 0 -0.9161573 0.4008189
vn 0 -0.9161987 -0.4007244
vn -0 -1 -0
vn -0 -1 -0
vn -0 -1 -0
vn 0 -0.9161573 0.4008189
vn 0 -0.9161987 -0.4007244
vn -0 -1 -0
vn -0 -1 -0
vn -0 -1 -0
vn 0 -0.9161574 0.4008189
vn 0.8863339 -0.4242471 -0.1855442
vn 0.9020251 -0.4316835 0
vn 0.9020251 -0.4316835 0
vn 0.9020252 -0.4316835 0
vn 0.8863561 -0.4241847 0.1855808
vn -0.8862737 0.4243643 -0.1855636
vn -0.9019779 0.4317821 0
vn -0.9019779 0.4317821 0
vn -0.9019779 0.4317821 0
vn -0.8862959 0.4243019 0.1856002
vn 0 0.9161987 -0.4007244
vn 0 1 0
vn 0 1 0
vn 0 1 0
vn 0 0.9161573 0.4008189
vn 0 0.9161987 -0.4007244
vn 0 1 0
vn 0 1 0
vn 0 1 0
vn 0 0.9161573 0.4008189
vn 0 0.9161987 -0.4007244
vn 0 1 0
vn 0 1 0
vn 0 1 0
vn 0 0.9161574 0.4008189
vn 0.8863339 0.4242471 -0.1855442
vn 0.9020251 0.4316835 0
vn 0.9020251 0.4316835 0
vn 0.9020252 0.4316835 0
vn 0.8863561 0.4241847 0.1855808
vn -0.8863403 -0.4241772 -0.1856733
vn 0 -0.916116 -0.4009134
vn 0 -0.9161159 -0.4009134
vn 0 -0.9161159 -0.4009134
vn 0.8863783 -0.4241223 -0.1856174
vn -0.9787648 0 -0.2049865
vn -0 -0 -1
vn -0 -0 -1
vn -0 -0 -1
vn 0.9787763 0 -0.2049313
vn -0.9787648 0 -0.2049865
vn -0 -0 -1
vn -0 -0 -1
vn -0 -0 -1
vn 0.9787763 0 -0.2049313
vn -0.9787648 0 -0.2049865
vn -0 -0 -1
vn -0 -0 -1
vn -0 -0 -1
vn 0.9787763 0 -0.2049313
vn -0.8863181 0.4242395 -0.1856368
vn 0 0.9161573 -0.4008189
vn 0 0.9161573 -0.4008189
vn 0 0.9161574 -0.4008189
vn 0.8863561 0.4241847 -0.1855808
vn -0.8863403 -0.4241772 0.1856733
vn 0 -0.916116 0.4009134
vn 0 -0.9161159 0.4009134
vn 0 -0.9161159 0.4009134
vn 0.8863783 -0.4241223 0.1856174
vn -0.9787648 0 0.2049865
vn 0 0 1
vn 0 0 1
vn 0 0 1
vn 0.9787763 0 0.2049313
vn -0.9787648 0 0.2049865
vn 0 0 1
vn 0 0 1
vn 0 0 1
vn 0.9787763 0 0.2049313
vn -0.9787648 0 0.2049865
vn 0 0 1
vn 0 0 1
vn 0 0 1
vn 0.9787763 0 0.2049313
vn -0.8863181 0.4242395 0.1856368
vn 0 0.9161573 0.4008189
vn 0 0.9161573 0.4008189
vn 0 0.9161574 0.4008189
vn 0.8863561 0.4241847 0.1855808
f 3628/3628/3628 3633/3633/3633 3629/3629/3629
f 3629/3629/3629 3633/3633/3633 3634/3634/3634
f 3629/3629/3629 3634/3634/3634 3630/3630/3630
f 3630/3630/3630 3634/3634/3634 3635/3635/3635
f 3630/3630/3630 3635/3635/3635 3631/3631/3631
f 3631/3631/3631 3635/3635/3635 3636/3636/3636
f 3631/3631/3631 3636/3636/3636 3632/3632/3632
f 3632/3632/3632 3636/3636/3636 3637/3637/3637
f 3633/3633/3633 3638/3638/3638 3634/3634/3634
f 3634/3634/3634 3638/3638/3638 3639/3639/3639
f 3634/3634/3634 3639/3639/3639 3635/3635/3635
f 3635/3635/3635 3639/3639/3639 3640/3640/3640
f 3635/3635/3635 3640/3640/3640 3636/3636/3636
f 3636/3636/3636 3640/3640/3640 3641/3641/3641
f 3636/3636/3636 3641/3641/3641 3637/3637/3637
f 3637/3637/3637 3641/3641/3641 3642/3642/3642
f 3638/3638/3638 3643/3643/3643 3639/3639/3639
f 3639/3639/3639 3643/3643/3643 3644/3644/3644
f 3639/3639/3639 3644/3644/3644 3640/3640/3640
f 3640/3640/3640 3644/3644/3644 3645/3645/3645
f 3640/3640/3640 3645/3645/3645 3641/3641/3641
f 3641/3641/3641 3645/3645/3645 3646/3646/3646
f 3641/3641/3641 3646/3646/3646 3642/3642/3642
f 3642/3642/3642 3646/3646/3646 3647/3647/3647
f 3643/3643/3643 3648/3648/3648 3644/3644/3644
f 3644/3644/3644 3648/3648/3648 3649/3649/3649
f 3644/3644/3644 3649/3649/3649 3645/3645/3645
f 3645/3645/3645 3649/3649/3649 3650/3650/3650
f 3645/3645/3645 3650/3650/3650 3646/3646/3646
f 3646/3646/3646 3650/3650/3650 3651/3651/3651
f 3646/3646/3646 3651/3651/3651 3647/3647/3647
f 3647/3647/3647 3651/3651/3651 3652/3652/3652
f 3653/3653/3653 3654/3654/3654 3658/3658/3658
f 3654/3654/3654 3659/3659/3659 3658/3658/3658
f 3654/3654/3654 3655/3655/3655 3659/3659/3659
f 3655/3655/3655 3660/3660/3660 3659/3659/3659
f 3655/3655/3655 3656/3656/3656 3660/3660/3660
f 3656/3656/3656 3661/3661/3661 3660/3660/3660
f 3656/3656/3656 3657/3657/3657 3661/3661/3661
f 3657/3657/3657 3662/3662/3662 3661/3661/3661
f 3658/3658/3658 3659/3659/3659 3663/3663/3663
f 3659/3659/3659 3664/3664/3664 3663/3663/3663
f 3659/3659/3659 3660/3660/3660 3664/3664/3664
f 3660/3660/3660 3665/3665/3665 3664/3664/3664
f 3660/3660/3660 3661/3661/3661 3665/3665/3665
f 3661/3661/3661 3666/3666/3666 3665/3665/3665
f 3661/3661/3661 3662/3662/3662 3666/3666/3666
f 3662/3662/3662 3667/3667/3667 3666/3666/3666
f 3663/3663/3663 3664/3664/3664 3668/3668/3668
f 3664/3664/3664 3669/3669/3669 3668/3668/3668
f 3664/3664/3664 3665/3665/3665 3669/3669/3669
f 3665/3665/3665 3670/3670/3670 3669/3669/3669
f 3665/3665/3665 3666/3666/3666 3670/3670/3670
f 3666/3666/3666 3671/3671/3671 3670/3670/3670
f 3666/3666/3666 3667/3667/3667 3671/3671/3671
f 3667/3667/3667 3672/3672/3672 3671/3671/3671
f 3668/3668/3668 3669/3669/3669 3673/3673/3673
f 3669/3669/3669 3674/3674/3674 3673/3673/3673
f 3669/3669/3669 3670/3670/3670 3674/3674/3674
f 3670/3670/3670 3675/3675/3675 3674/3674/3674
f 3670/3670/3670 3671/3671/3671 3675/3675/3675
f 3671/3671/3671 3676/3676/3676 3675/3675/3675
f 3671/3671/3671 3672/3672/3672 3676/3676/3676
f 3672/3672/3672 3677/3677/3677 3676/3676/3676
f 3678/3678/3678 3683/3683/3683 3679/3679/3679
f 3679/3679/3679 3683/3683/3683 3684/3684/3684
f 3679/3679/3679 3684/3684/3684 3680/3680/3680
f 3680/3680/3680 3684/3684/3684 3685/3685/3685
f 3680/3680/3680 3685/3685/3685 3681/3681/3681
f 3681/3681/3681 3685/3685/3685 3686/3686/3686
f 3681/3681/3681 3686/3686/3686 3682/3682/3682
f 3682/3682/3682 3686/3686/3686 3687/3687/3687
f 3683/3683/3683 3688/3688/3688 3684/3684/3684
f 3684/3684/3684 3688/3688/3688 3689/3689/3689
f 3684/3684/3684 3689/3689/3689 3685/3685/3685
f 3685/3685/3685 3689/3689/3689 3690/3690/3690
f 3685/3685/3685 3690/3690/3690 3686/3686/3686
f 3686/3686/3686 3690/3690/3690 3691/3691/3691
f 3686/3686/3686 3691/3691/3691 3687/3687/3687
f 3687/3687/3687 3691/3691/3691 3692/3692/3692
f 3688/3688/3688 3693/3693/3693 3689/3689/3689
f 3689/3689/3689 3693/3693/3693 3694/3694/3694
f 3689/3689/3689 3694/3694/3694 3690/3690/3690
f 3690/3690/3690 3694/3694/3694 3695/3695/3695
f 3690/3690/3690 3695/3695/3695 3691/3691/3691
f 3691/3691/3691 3695/3695/3695 3696/3696/3696
f 3691/3691/3691 3696/3696/3696 3692/3692/3692
f 3692/3692/3692 3696/3696/3696 3697/3697/3697
f 3693/3693/3693 3698/3698/3698 3694/3694/3694
f 3694/3694/3694 3698/3698/3698 3699/3699/3699
f 3694/3694/3694 3699/3699/3699 3695/3695/3695
f 3695/3695/3695 3699/3699/3699 3700/3700/3700
f 3695/3695/3695 3700/3700/3700 3696/3696/3696
f 3696/3696/3696 3700/3700/3700 3701/3701/3701
f 3696/3696/3696 3701/3701/3701 3697/3697/3697
f 3697/3697/3697 3701/3701/3701 3702/3702/3702
f 3703/3703/3703 3704/3704/3704 3708/3708/3708
f 3704/3704/3704 3709/3709/3709 3708/3708/3708
f 3704/3704/3704 3705/3705/3705 3709/3709/3709
f 3705/3705/3705 3710/3710/3710 3709/3709/3709
f 3705/3705/3705 3706/3706/3706 3710/3710/3710
f 3706/3706/3706 3711/3711/3711 3710/3710/3710
f 3706/3706/3706 3707/3707/3707 3711/3711/3711
f 3707/3707/3707 3712/3712/3712 3711/3711/3711
f 3708/3708/3708 3709/3709/3709 3713/3713/3713
f 3709/3709/3709 3714/3714/3714 3713/3713/3713
f 3709/3709/3709 3710/3710/3710 3714/3714/3714
f 3710/3710/3710 3715/3715/3715 3714/3714/3714
f 3710/3710/3710 3711/3711/3711 3715/3715/3715
f 3711/3711/3711 3716/3716/3716 3715/3715/3715
f 3711/3711/3711 3712/3712/3712 3716/3716/3716
f 3712/3712/3712 3717/3717/3717 3716/3716/3716
f 3713/3713/3713 3714/3714/3714 3718/3718/3718
f 3714/3714/3714 3719/3719/3719 3718/3718/3718
f 3714/3714/3714 3715/3715/3715 3719/3719/3719
f 3715/3715/3715 3720/3720/3720 3719/3719/3719
f 3715/3715/3715 3716/3716/3716 3720/3720/3720
f 3716/3716/3716 3721/3721/3721 3720/3720/3720
f 3716/3716/3716 3717/3717/3717 3721/3721/3721
f 3717/3717/3717 3722/3722/3722 3721/3721/3721
f 3718/3718/3718 3719/3719/3719 3723/3723/3723
f 3719/3719/3719 3724/3724/3724 3723/3723/3723
f 3719/3719/3719 3720/3720/3720 3724/3724/3724
f 3720/3720/3720 3725/3725/3725 3724/3724/3724
f 3720/3720/3720 3721/3721/3721 3725/3725/3725
f 3721/3721/3721 3726/3726/3726 3725/3725/3725
f 3721/3721/3721 3722/3722/3722 3726/3726/3726
f 3722/3722/3722 3727/3727/3727 3726/3726/3726
f 3728/3728/3728 3733/3733/3733 3729/3729/3729
f 3729/3729/3729 3733/3733/3733 3734/3734/3734
f 3729/3729/3729 3734/3734/3734 3730/3730/3730
f 3730/3730/3730 3734/3734/3734 3735/3735/3735
f 3730/3730/3730 3735/3735/3735 3731/3731/3731
f 3731/3731/3731 3735/3735/3735 3736/3736/3736
f 3731/3731/3731 3736/3736/3736 3732/3732/3732
f 3732/3732/3732 3736/3736/3736 3737/3737/3737
f 3733/3733/3733 3738/3738/3738 3734/3734/3734
f 3734/3734/3734 3738/3738/3738 3739/3739/3739
f 3734/3734/3734 3739/3739/3739 3735/3735/3735
f 3735/3735/3735 3739/3739/3739 3740/3740/3740
f 3735/3735/3735 3740/3740/3740 3736/3736/3736
f 3736/3736/3736 3740/3740/3740 3741/3741/3741
f 3736/3736/3736 3741/3741/3741 3737/3737/3737
f 3737/3737/3737 3741/3741/3741 3742/3742/3742
f 3738/3738/3738 3743/3743/3743 3739/3739/3739
f 3739/3739/3739 3743/3743/3743 3744/3744/3744
f 3739/3739/3739 3744/3744/3744 3740/3740/3740
f 3740/3740/3740 3744/3744/3744 3745/3745/3745
f 3740/3740/3740 3745/3745/3745 3741/3741/3741
f 3741/3741/3741 3745/3745/3745 3746/3746/3746
f 3741/3741/3741 3746/3746/3746 3742/3742/3742
f 3742/3742/3742 3746/3746/3746 3747/3747/3747
f 3743/3743/3743 3748/3748/3748 3744/3744/3744
f 3744/3744/3744 3748/3748/3748 3749/3749/3749
f 3744/3744/3744 3749/3749/3749 3745/3745/3745
f 3745/3745/3745 3749/3749/3749 3750/3750/3750
f 3745/3745/3745 3750/3750/3750 3746/3746/3746
f 3746/3746/3746 3750/3750/3750 3751/3751/3751
f 3746/3746/3746 3751/3751/3751 3747/3747/3747
f 3747/3747/3747 3751/3751/3751 3752/3752/3752
f 3753/3753/3753 3754/3754/3754 3758/3758/3758
f 3754/3754/3754 3759/3759/3759 3758/3758/3758
f 3754/3754/3754 3755/3755/3755 3759/3759/3759
f 3755/3755/3755 3760/3760/3760 3759/3759/3759
f 3755/3755/3755 3756/3756/3756 3760/3760/3760
f 3756/3756/3756 3761/3761/3761 3760/3760/3760
f 3756/3756/3756 3757/3757/3757 3761/3761/3761
f 3757/3757/3757 3762/3762/3762 3761/3761/3761
f 3758/3758/3758 3759/3759/3759 3763/3763/3763
f 3759/3759/3759 3764/3764/3764 3763/3763/3763
f 3759/3759/3759 3760/3760/3760 3764/3764/3764
f 3760/3760/3760 3765/3765/3765 3764/3764/3764
f 3760/3760/3760 3761/3761/3761 3765/3765/3765
f 3761/3761/3761 3766/3766/3766 3765/3765/3765
f 3761/3761/3761 3762/3762/3762 3766/3766/3766
f 3762/3762/3762 3767/3767/3767 3766/3766/3766
f 3763/3763/3763 3764/3764/3764 3768/3768/3768
f 3764/3764/3764 3769/3769/3769 3768/3768/3768
f 3764/3764/3764 3765/3765/3765 3769/3769/3769
f 3765/3765/3765 3770/3770/3770 3769/3769/3769
f 3765/3765/3765 3766/3766/3766 3770/3770/3770
f 3766/3766/3766 3771/3771/3771 3770/3770/3770
f 3766/3766/3766 3767/3767/3767 3771/3771/3771
f 3767/3767/3767 3772/3772/3772 3771/3771/3771
f 3768/3768/3768 3769/3769/3769 3773/3773/3773
f 3769/3769/3769 3774/3774/3774 3773/3773/3773
f 3769/3769/3769 3770/3770/3770 3774/3774/3774
f 3770/3770/3770 3775/3775/3775 3774/3774/3774
f 3770/3770/3770 3771/3771/3771 3775/3775/3775
f 3771/3771/3771 3776/3776/3776 3775/3775/3775
f 3771/3771/3771 3772/3772/3772 3776/3776/3776
f 3772/3772/3772 3777/3777/3777 3776/3776/3776
o beveled-plate_part_16
usemtl part_16
v 7.897248 3.418876 -0.3697128
v 7.895944 3.48 -0.3759411
v 7.895944 3.55 -0.3759411
v 7.895944 3.62 -0.3759411
v 7.897248 3.681124 -0.3697128
v 7.895944 3.416151 -0.23
v 7.893 3.48 -0.23
v 7.893 3.55 -0.23
v 7.893 3.62 -0.23
v 7.895944 3.683849 -0.23
v 7.895944 3.416151 -0.07
v 7.893 3.48 -0.07
v 7.893 3.55 -0.07
v 7.893 3.62 -0.07
v 7.895944 3.683849 -0.07
v 7.895944 3.416151 0.09
v 7.893 3.48 0.09
v 7.893 3.55 0.09
v 7.893 3.62 0.09
v 7.895944 3.683849 0.09
v 7.897248 3.418876 0.2297128
v 7.895944 3.48 0.2359411
v 7.895944 3.55 0.2359411
v 7.895944 3.62 0.2359411
v 7.897248 3.681124 0.2297128
v 8.022753 3.418876 -0.3697128
v 8.024056 3.48 -0.3759411
v 8.024056 3.55 -0.3759411
v 8.024056 3.62 -0.3759411
v 8.022753 3.681124 -0.3697128
v 8.024056 3.416151 -0.23
v 8.027 3.48 -0.23
v 8.027 3.55 -0.23
v 8.027 3.62 -0.23
v 8.024056 3.683849 -0.23
v 8.024056 3.416151 -0.07
v 8.027 3.48 -0.07
v 8.027 3.55 -0.07
v 8.027 3.62 -0.07
v 8.024056 3.683849 -0.07
v 8.024056 3.416151 0.09
v 8.027 3.48 0.09
v 8.027 3.55 0.09
v 8.027 3.62 0.09
v 8.024056 3.683849 0.09
v 8.022753 3.418876 0.2297128
v 8.024056 3.48 0.2359411
v 8.024056 3.55 0.2359411
v 8.024056 3.62 0.2359411
v 8.022753 3.681124 0.2297128
v 7.897248 3.418876 -0.3697128
v 7.895944 3.416151 -0.23
v 7.895944 3.416151 -0.07
v 7.895944 3.416151 0.09
v 7.897248 3.418876 0.2297128
v 7.9265 3.416151 -0.3759411
v 7.9265 3.41 -0.23
v 7.9265 3.41 -0.07
v 7.9265 3.41 0.09
v 7.9265 3.416151 0.2359411
v 7.96 3.416151 -0.3759411
v 7.96 3.41 -0.23
v 7.96 3.41 -0.07
v 7.96 3.41 0.09
v 7.96 3.416151 0.2359411
v 7.9935 3.416151 -0.3759411
v 7.9935 3.41 -0.23
v 7.9935 3.41 -0.07
v 7.9935 3.41 0.09
v 7.9935 3.416151 0.2359411
v 8.022753 3.418876 -0.3697128
v 8.024056 3.416151 -0.23
v 8.024056 3.416151 -0.07
v 8.024056 3.416151 0.09
v 8.022753 3.418876 0.2297128
v 7.897248 3.681124 -0.3697128
v 7.895944 3.683849 -0.23
v 7.895944 3.683849 -0.07
v 7.895944 3.683849 0.09
v 7.897248 3.681124 0.2297128
v 7.9265 3.683849 -0.3759411
v 7.9265 3.69 -0.23
v 7.9265 3.69 -0.07
v 7.9265 3.69 0.09
v 7.9265 3.683849 0.2359411
v 7.96 3.683849 -0.3759411
v 7.96 3.69 -0.23
v 7.96 3.69 -0.07
v 7.96 3.69 0.09
v 7.96 3.683849 0.2359411
v 7.9935 3.683849 -0.3759411
v 7.9935 3.69 -0.23
v 7.9935 3.69 -0.07
v 7.9935 3.69 0.09
v 7.9935 3.683849 0.2359411
v 8.022753 3.681124 -0.3697128
v 8.024056 3.683849 -0.23
v 8.024056 3.683849 -0.07
v 8.024056 3.683849 0.09
v 8.022753 3.681124 0.2297128
v 7.897248 3.418876 -0.3697128
v 7.9265 3.416151 -0.3759411
v 7.96 3.416151 -0.3759411
v 7.9935 3.416151 -0.3759411
v 8.022753 3.418876 -0.3697128
v 7.895944 3.48 -0.3759411
v 7.9265 3.48 -0.39
v 7.96 3.48 -0.39
v 7.9935 3.48 -0.39
v 8.024056 3.48 -0.3759411
v 7.895944 3.55 -0.3759411
v 7.9265 3.55 -0.39
v 7.96 3.55 -0.39
v 7.9935 3.55 -0.39
v 8.024056 3.55 -0.3759411
v 7.895944 3.62 -0.3759411
v 7.9265 3.62 -0.39
v 7.96 3.62 -0.39
v 7.9935 3.62 -0.39
v 8.024056 3.62 -0.3759411
v 7.897248 3.681124 -0.3697128
v 7.9265 3.683849 -0.3759411
v 7.96 3.683849 -0.3759411
v 7.9935 3.683849 -0.3759411
v 8.022753 3.681124 -0.3697128
v 7.897248 3.418876 0.2297128
v 7.9265 3.416151 0.2359411
v 7.96 3.416151 0.2359411
v 7.9935 3.416151 0.2359411
v 8.022753 3.418876 0.2297128
v 7.895944 3.48 0.2359411
v 7.9265 3.48 0.25
v 7.96 3.48 0.25
v 7.9935 3.48 0.25
v 8.024056 3.48 0.2359411
v 7.895944 3.55 0.2359411
v 7.9265 3.55 0.25
v 7.96 3.55 0.25
v 7.9935 3.55 0.25
v 8.024056 3.55 0.2359411
v 7.895944 3.62 0.2359411
v 7.9265 3.62 0.25
v 7.96 3.62 0.25
v 7.9935 3.62 0.25
v 8.024056 3.62 0.2359411
v 7.897248 3.681124 0.2297128
v 7.9265 3.683849 0.2359411
v 7.96 3.683849 0.2359411
v 7.9935 3.683849 0.2359411
v 8.022753 3.681124 0.2297128
vt 0 0
vt 0.25 0
vt 0.5 0
vt 0.75 0
vt 1 0
vt 0 0.25
vt 0.25 0.25
vt 0.5 0.25
vt 0.75 0.25
vt 1 0.25
vt 0 0.5
vt 0.25 0.5
vt 0.5 0.5
vt 0.75 0.5
vt 1 0.5
vt 0 0.75
vt 0.25 0.75
vt 0.5 0.75
vt 0.75 0.75
vt 1 0.75
vt 0 1
vt 0.25 1
vt 0.5 1
vt 0.75 1
vt 1 1
vt 0 0
vt 0.25 0
vt 0.5 0
vt 0.75 0
vt 1 0
vt 0 0.25
vt 0.25 0.25
vt 0.5 0.25
vt 0.75 0.25
vt 1 0.25
vt 0 0.5
vt 0.25 0.5
vt 0.5 0.5
vt 0.75 0.5
vt 1 0.5
vt 0 0.75
vt 0.25 0.75
vt 0.5 0.75
vt 0.75 0.75
vt 1 0.75
vt 0 1
vt 0.25 1
vt 0.5 1
vt 0.75 1
vt 1 1
vt 0 0
vt 0.25 0
vt 0.5 0
vt 0.75 0
vt 1 0
vt 0 0.25
vt 0.25 0.25
vt 0.5 0.25
vt 0.75 0.25
vt 1 0.25
vt 0 0.5
vt 0.25 0.5
vt 0.5 0.5
vt 0.75 0.5
vt 1 0.5
vt 0 0.75
vt 0.25 0.75
vt 0.5 0.75
vt 0.75 0.75
vt 1 0.75
vt 0 1
vt 0.25 1
vt 0.5 1
vt 0.75 1
vt 1 1
vt 0 0
vt 0.25 0
vt 0.5 0
vt 0.75 0
vt 1 0
vt 0 0.25
vt 0.25 0.25
vt 0.5 0.25
vt 0.75 0.25
vt 1 0.25
vt 0 0.5
vt 0.25 0.5
vt 0.5 0.5
vt 0.75 0.5
vt 1 0.5
vt 0 0.75
vt 0.25 0.75
vt 0.5 0.75
vt 0.75 0.75
vt 1 0.75
vt 0 1
vt 0.25 1
vt 0.5 1
vt 0.75 1
vt 1 1
vt 0 0
vt 0.25 0
vt 0.5 0
vt 0.75 0
vt 1 0
vt 0 0.25
vt 0.25 0.25
vt 0.5 0.25
vt 0.75 0.25
vt 1 0.25
vt 0 0.5
vt 0.25 0.5
vt 0.5 0.5
vt 0.75 0.5
vt 1 0.5
vt 0 0.75
vt 0.25 0.75
vt 0.5 0.75
vt 0.75 0.75
vt 1 0.75
vt 0 1
vt 0.25 1
vt 0.5 1
vt 0.75 1
vt 1 1
vt 0 0
vt 0.25 0
vt 0.5 0
vt 0.75 0
vt 1 0
vt 0 0.25
vt 0.25 0.25
vt 0.5 0.25
vt 0.75 0.25
vt 1 0.25
vt 0 0.5
vt 0.25 0.5
vt 0.5 0.5
vt 0.75 0.5
vt 1 0.5
vt 0 0.75
vt 0.25 0.75
vt 0.5 0.75
vt 0.75 0.75
vt 1 0.75
vt 0 1
vt 0.25 1
vt 0.5 1
vt 0.75 1
vt 1 1
vn -0.8864541 -0.4240127 -0.1855056
vn -0.978788 0 -0.2048762
vn -0.978788 0 -0.2048762
vn -0.978788 0 -0.2048762
vn -0.886394 0.4241298 -0.1855249
vn -0.9020724 -0.4315848 0
vn -1 -0 -0
vn -1 -0 -0
vn -1 -0 -0
vn -0.9020251 0.4316835 0
vn -0.9020724 -0.4315848 0
vn -1 -0 -0
vn -1 -0 -0
vn -1 -0 -0
vn -0.9020251 0.4316835 0
vn -0.9020724 -0.4315848 0
vn -1 -0 -0
vn -1 -0 -0
vn -1 -0 -0
vn -0.9020252 0.4316835 0
vn -0.8864162 -0.4240675 0.1855615
vn -0.9787763 0 0.2049313
vn -0.9787763 0 0.2049313
vn -0.9787763 0 0.2049313
vn -0.8863561 0.4241847 0.1855808
vn 0.8864541 -0.4240127 -0.1855056
vn 0.978788 0 -0.2048762
vn 0.978788 0 -0.2048762
vn 0.978788 0 -0.2048762
vn 0.886394 0.4241298 -0.1855249
vn 0.9020724 -0.4315848 0
vn 1 0 0
vn 1 0 0
vn 1 0 0
vn 0.9020251 0.4316835 0
vn 0.9020724 -0.4315848 0
vn 1 0 0
vn 1 0 0
vn 1 0 0
vn 0.9020251 0.4316835 0
vn 0.9020724 -0.4315848 0
vn 1 0 0
vn 1 0 0
vn 1 0 0
vn 0.9020252 0.4316835 0
vn 0.8864162 -0.4240675 0.1855615
vn 0.9787763 0 0.2049313
vn 0.9787763 0 0.2049313
vn 0.9787763 0 0.2049313
vn 0.8863561 0.4241847 0.1855808
vn -0.8862737 -0.4243643 -0.1855636
vn -0.9019779 -0.4317821 0
vn -0.9019779 -0.4317821 0
vn -0.9019779 -0.4317821 0
vn -0.8862959 -0.4243019 0.1856002
vn 0 -0.9161987 -0.4007244
vn -0 -1 -0
vn -0 -1 -0
vn -0 -1 -0
vn 0 -0.9161573 0.4008189
vn 0 -0.9161987 -0.4007244
vn -0 -1 -0
vn -0 -1 -0
vn -0 -1 -0
vn 0 -0.9161573 0.4008189
vn 0 -0.9161987 -0.4007244
vn -0 -1 -0
vn -0 -1 -0
vn -0 -1 -0
vn 0 -0.9161574 0.4008189
vn 0.8863339 -0.4242471 -0.1855442
vn 0.9020251 -0.4316835 0
vn 0.9020251 -0.4316835 0
vn 0.9020252 -0.4316835 0
vn 0.8863561 -0.4241847 0.1855808
vn -0.8862737 0.4243643 -0.1855636
vn -0.9019779 0.4317821 0
vn -0.9019779 0.4317821 0
vn -0.9019779 0.4317821 0
vn -0.8862959 0.4243019 0.1856002
vn 0 0.9161987 -0.4007244
vn 0 1 0
vn 0 1 0
vn 0 1 0
vn 0 0.9161573 0.4008189
vn 0 0.9161987 -0.4007244
vn 0 1 0
vn 0 1 0
vn 0 1 0
vn 0 0.9161573 0.4008189
vn 0 0.9161987 -0.4007244
vn 0 1 0
vn 0 1 0
vn 0 1 0
vn 0 0.9161574 0.4008189
vn 0.8863339 0.4242471 -0.1855442
vn 0.9020251 0.4316835 0
vn 0.9020251 0.4316835 0
vn 0.9020252 0.4316835 0
vn 0.8863561 0.4241847 0.1855808
vn -0.8863403 -0.4241772 -0.1856733
vn 0 -0.916116 -0.4009134
vn 0 -0.9161159 -0.4009134
vn 0 -0.9161159 -0.4009134
vn 0.8863783 -0.4241223 -0.1856174
vn -0.9787648 0 -0.2049865
vn -0 -0 -1
vn -0 -0 -1
vn -0 -0 -1
vn 0.9787763 0 -0.2049313
vn -0.9787648 0 -0.2049865
vn -0 -0 -1
vn -0 -0 -1
vn -0 -0 -1
vn 0.9787763 0 -0.2049313
vn -0.9787648 0 -0.2049865
vn -0 -0 -1
vn -0 -0 -1
vn -0 -0 -1
vn 0.9787763 0 -0.2049313
vn -0.8863181 0.4242395 -0.1856368
vn 0 0.9161573 -0.4008189
vn 0 0.9161573 -0.4008189
vn 0 0.9161574 -0.4008189
vn 0.8863561 0.4241847 -0.1855808
vn -0.8863403 -0.4241772 0.1856733
vn 0 -0.916116 0.4009134
vn 0 -0.9161159 0.4009134
vn 0 -0.9161159 0.4009134
vn 0.8863783 -0.4241223 0.1856174
vn -0.9787648 0 0.2049865
vn 0 0 1
vn 0 0 1
vn 0 0 1
vn 0.9787763 0 0.2049313
vn -0.9787648 0 0.2049865
vn 0 0 1
vn 0 0 1
vn 0 0 1
vn 0.9787763 0 0.2049313
vn -0.9787648 0 0.2049865
vn 0 0 1
vn 0 0 1
vn 0 0 1
vn 0.9787763 0 0.2049313
vn -0.8863181 0.4242395 0.1856368
vn 0 0.9161573 0.4008189
vn 0 0.9161573 0.4008189
vn 0 0.9161574 0.4008189
vn 0.8863561 0.4241847 0.1855808
f 3778/3778/3778 3783/3783/3783 3779/3779/3779
f 3779/3779/3779 3783/3783/3783 3784/3784/3784
f 3779/3779/3779 3784/3784/3784 3780/3780/3780
f 3780/3780/3780 3784/3784/3784 3785/3785/3785
f 3780/3780/3780 3785/3785/3785 3781/3781/3781
f 3781/3781/3781 3785/3785/3785 3786/3786/3786
f 3781/3781/3781 3786/3786/3786 3782/3782/3782
f 3782/3782/3782 3786/3786/3786 3787/3787/3787
f 3783/3783/3783 3788/3788/3788 3784/3784/3784
f 3784/3784/3784 3788/3788/3788 3789/3789/3789
f 3784/3784/3784 3789/3789/3789 3785/3785/3785
f 3785/3785/3785 3789/3789/3789 3790/3790/3790
f 3785/3785/3785 3790/3790/3790 3786/3786/3786
f 3786/3786/3786 3790/3790/3790 3791/3791/3791
f 3786/3786/3786 3791/3791/3791 3787/3787/3787
f 3787/3787/3787 3791/3791/3791 3792/3792/3792
f 3788/3788/3788 3793/3793/3793 3789/3789/3789
f 3789/3789/3789 3793/3793/3793 3794/3794/3794
f 3789/3789/3789 3794/3794/3794 3790/3790/3790
f 3790/3790/3790 3794/3794/3794 3795/3795/3795
f 3790/3790/3790 3795/3795/3795 3791/3791/3791
f 3791/3791/3791 3795/3795/3795 3796/3796/3796
f 3791/3791/3791 3796/3796/3796 3792/3792/3792
f 3792/3792/3792 3796/3796/3796 3797/3797/3797
f 3793/3793/3793 3798/3798/3798 3794/3794/3794
f 3794/3794/3794 3798/3798/3798 3799/3799/3799
f 3794/3794/3794 3799/3799/3799 3795/3795/3795
f 3795/3795/3795 3799/3799/3799 3800/3800/3800
f 3795/3795/3795 3800/3800/3800 3796/3796/3796
f 3796/3796/3796 3800/3800/3800 3801/3801/3801
f 3796/3796/3796 3801/3801/3801 3797/3797/3797
f 3797/3797/3797 3801/3801/3801 3802/3802/3802
f 3803/3803/3803 3804/3804/3804 3808/3808/3808
f 3804/3804/3804 3809/3809/3809 3808/3808/3808
f 3804/3804/3804 3805/3805/3805 3809/3809/3809
f 3805/3805/3805 3810/3810/3810 3809/3809/3809
f 3805/3805/3805 3806/3806/3806 3810/3810/3810
f 3806/3806/3806 3811/3811/3811 3810/3810/3810
f 3806/3806/3806 3807/3807/3807 3811/3811/3811
f 3807/3807/3807 3812/3812/3812 3811/3811/3811
f 3808/3808/3808 3809/3809/3809 3813/3813/3813
f 3809/3809/3809 3814/3814/3814 3813/3813/3813
f 3809/3809/3809 3810/3810/3810 3814/3814/3814
f 3810/3810/3810 3815/3815/3815 3814/3814/3814
f 3810/3810/3810 3811/3811/3811 3815/3815/3815
f 3811/3811/3811 3816/3816/3816 3815/3815/3815
f 3811/3811/3811 3812/3812/3812 3816/3816/3816
f 3812/3812/3812 3817/3817/3817 3816/3816/3816
f 3813/3813/3813 3814/3814/3814 3818/3818/3818
f 3814/3814/3814 3819/3819/3819 3818/3818/3818
f 3814/3814/3814 3815/3815/3815 3819/3819/3819
f 3815/3815/3815 3820/3820/3820 3819/3819/3819
f 3815/3815/3815 3816/3816/3816 3820/3820/3820
f 3816/3816/3816 3821/3821/3821 3820/3820/3820
f 3816/3816/3816 3817/3817/3817 3821/3821/3821
f 3817/3817/3817 3822/3822/3822 3821/3821/3821
f 3818/3818/3818 3819/3819/3819 3823/3823/3823
f 3819/3819/3819 3824/3824/3824 3823/3823/3823
f 3819/3819/3819 3820/3820/3820 3824/3824/3824
f 3820/3820/3820 3825/3825/3825 3824/3824/3824
f 3820/3820/3820 3821/3821/3821 3825/3825/3825
f 3821/3821/3821 3826/3826/3826 3825/3825/3825
f 3821/3821/3821 3822/3822/3822 3826/3826/3826
f 3822/3822/3822 3827/3827/3827 3826/3826/3826
f 3828/3828/3828 3833/3833/3833 3829/3829/3829
f 3829/3829/3829 3833/3833/3833 3834/3834/3834
f 3829/3829/3829 3834/3834/3834 3830/3830/3830
f 3830/3830/3830 3834/3834/3834 3835/3835/3835
f 3830/3830/3830 3835/3835/3835 3831/3831/3831
f 3831/3831/3831 3835/3835/3835 3836/3836/3836
f 3831/3831/3831 3836/3836/3836 3832/3832/3832
f 3832/3832/3832 3836/3836/3836 3837/3837/3837
f 3833/3833/3833 3838/3838/3838 3834/3834/3834
f 3834/3834/3834 3838/3838/3838 3839/3839/3839
f 3834/3834/3834 3839/3839/3839 3835/3835/3835
f 3835/3835/3835 3839/3839/3839 3840/3840/3840
f 3835/3835/3835 3840/3840/3840 3836/3836/3836
f 3836/3836/3836 3840/3840/3840 3841/3841/3841
f 3836/3836/3836 3841/3841/3841 3837/3837/3837
f 3837/3837/3837 3841/3841/3841 3842/3842/3842
f 3838/3838/3838 3843/3843/3843 3839/3839/3839
f 3839/3839/3839 3843/3843/3843 3844/3844/3844
f 3839/3839/3839 3844/3844/3844 3840/3840/3840
f 3840/3840/3840 3844/3844/3844 3845/3845/3845
f 3840/3840/3840 3845/3845/3845 3841/3841/3841
f 3841/3841/3841 3845/3845/3845 3846/3846/3846
f 3841/3841/3841 3846/3846/3846 3842/3842/3842
f 3842/3842/3842 3846/3846/3846 3847/3847/3847
f 3843/3843/3843 3848/3848/3848 3844/3844/3844
f 3844/3844/3844 3848/3848/3848 3849/3849/3849
f 3844/3844/3844 3849/3849/3849 3845/3845/3845
f 3845/3845/3845 3849/3849/3849 3850/3850/3850
f 3845/3845/3845 3850/3850/3850 3846/3846/3846
f 3846/3846/3846 3850/3850/3850 3851/3851/3851
f 3846/3846/3846 3851/3851/3851 3847/3847/3847
f 3847/3847/3847 3851/3851/3851 3852/3852/3852
f 3853/3853/3853 3854/3854/3854 3858/3858/3858
f 3854/3854/3854 3859/3859/3859 3858/3858/3858
f 3854/3854/3854 3855/3855/3855 3859/3859/3859
f 3855/3855/3855 3860/3860/3860 3859/3859/3859
f 3855/3855/3855 3856/3856/3856 3860/3860/3860
f 3856/3856/3856 3861/3861/3861 3860/3860/3860
f 3856/3856/3856 3857/3857/3857 3861/3861/3861
f 3857/3857/3857 3862/3862/3862 3861/3861/3861
f 3858/3858/3858 3859/3859/3859 3863/3863/3863
f 3859/3859/3859 3864/3864/3864 3863/3863/3863
f 3859/3859/3859 3860/3860/3860 3864/3864/3864
f 3860/3860/3860 3865/3865/3865 3864/3864/3864
f 3860/3860/3860 3861/3861/3861 3865/3865/3865
f 3861/3861/3861 3866/3866/3866 3865/3865/3865
f 3861/3861/3861 3862/3862/3862 3866/3866/3866
f 3862/3862/3862 3867/3867/3867 3866/3866/3866
f 3863/3863/3863 3864/3864/3864 3868/3868/3868
f 3864/3864/3864 3869/3869/3869 3868/3868/3868
f 3864/3864/3864 3865/3865/3865 3869/3869/3869
f 3865/3865/3865 3870/3870/3870 3869/3869/3869
f 3865/3865/3865 3866/3866/3866 3870/3870/3870
f 3866/3866/3866 3871/3871/3871 3870/3870/3870
f 3866/3866/3866 3867/3867/3867 3871/3871/3871
f 3867/3867/3867 3872/3872/3872 3871/3871/3871
f 3868/3868/3868 3869/3869/3869 3873/3873/3873
f 3869/3869/3869 3874/3874/3874 3873/3873/3873
f 3869/3869/3869 3870/3870/3870 3874/3874/3874
f 3870/3870/3870 3875/3875/3875 3874/3874/3874
f 3870/3870/3870 3871/3871/3871 3875/3875/3875
f 3871/3871/3871 3876/3876/3876 3875/3875/3875
f 3871/3871/3871 3872/3872/3872 3876/3876/3876
f 3872/3872/3872 3877/3877/3877 3876/3876/3876
f 3878/3878/3878 3883/3883/3883 3879/3879/3879
f 3879/3879/3879 3883/3883/3883 3884/3884/3884
f 3879/3879/3879 3884/3884/3884 3880/3880/3880
f 3880/3880/3880 3884/3884/3884 3885/3885/3885
f 3880/3880/3880 3885/3885/3885 3881/3881/3881
f 3881/3881/3881 3885/3885/3885 3886/3886/3886
f 3881/3881/3881 3886/3886/3886 3882/3882/3882
f 3882/3882/3882 3886/3886/3886 3887/3887/3887
f 3883/3883/3883 3888/3888/3888 3884/3884/3884
f 3884/3884/3884 3888/3888/3888 3889/3889/3889
f 3884/3884/3884 3889/3889/3889 3885/3885/3885
f 3885/3885/3885 3889/3889/3889 3890/3890/3890
f 3885/3885/3885 3890/3890/3890 3886/3886/3886
f 3886/3886/3886 3890/3890/3890 3891/3891/3891
f 3886/3886/3886 3891/3891/3891 3887/3887/3887
f 3887/3887/3887 3891/3891/3891 3892/3892/3892
f 3888/3888/3888 3893/3893/3893 3889/3889/3889
f 3889/3889/3889 3893/3893/3893 3894/3894/3894
f 3889/3889/3889 3894/3894/3894 3890/3890/3890
f 3890/3890/3890 3894/3894/3894 3895/3895/3895
f 3890/3890/3890 3895/3895/3895 3891/3891/3891
f 3891/3891/3891 3895/3895/3895 3896/3896/3896
f 3891/3891/3891 3896/3896/3896 3892/3892/3892
f 3892/3892/3892 3896/3896/3896 3897/3897/3897
f 3893/3893/3893 3898/3898/3898 3894/3894/3894
f 3894/3894/3894 3898/3898/3898 3899/3899/3899
f 3894/3894/3894 3899/3899/3899 3895/3895/3895
f 3895/3895/3895 3899/3899/3899 3900/3900/3900
f 3895/3895/3895 3900/3900/3900 3896/3896/3896
f 3896/3896/3896 3900/3900/3900 3901/3901/3901
f 3896/3896/3896 3901/3901/3901 3897/3897/3897
f 3897/3897/3897 3901/3901/3901 3902/3902/3902
f 3903/3903/3903 3904/3904/3904 3908/3908/3908
f 3904/3904/3904 3909/3909/3909 3908/3908/3908
f 3904/3904/3904 3905/3905/3905 3909/3909/3909
f 3905/3905/3905 3910/3910/3910 3909/3909/3909
f 3905/3905/3905 3906/3906/3906 3910/3910/3910
f 3906/3906/3906 3911/3911/3911 3910/3910/3910
f 3906/3906/3906 3907/3907/3907 3911/3911/3911
f 3907/3907/3907 3912/3912/3912 3911/3911/3911
f 3908/3908/3908 3909/3909/3909 3913/3913/3913
f 3909/3909/3909 3914/3914/3914 3913/3913/3913
f 3909/3909/3909 3910/3910/3910 3914/3914/3914
f 3910/3910/3910 3915/3915/3915 3914/3914/3914
f 3910/3910/3910 3911/3911/3911 3915/3915/3915
f 3911/3911/3911 3916/3916/3916 3915/3915/3915
f 3911/3911/3911 3912/3912/3912 3916/3916/3916
f 3912/3912/3912 3917/3917/3917 3916/3916/3916
f 3913/3913/3913 3914/3914/3914 3918/3918/3918
f 3914/3914/3914 3919/3919/3919 3918/3918/3918
f 3914/3914/3914 3915/3915/3915 3919/3919/3919
f 3915/3915/3915 3920/3920/3920 3919/3919/3919
f 3915/3915/3915 3916/3916/3916 3920/3920/3920
f 3916/3916/3916 3921/3921/3921 3920/3920/3920
f 3916/3916/3916 3917/3917/3917 3921/3921/3921
f 3917/3917/3917 3922/3922/3922 3921/3921/3921
f 3918/3918/3918 3919/3919/3919 3923/3923/3923
f 3919/3919/3919 3924/3924/3924 3923/3923/3923
f 3919/3919/3919 3920/3920/3920 3924/3924/3924
f 3920/3920/3920 3925/3925/3925 3924/3924/3924
f 3920/3920/3920 3921/3921/3921 3925/3925/3925
f 3921/3921/3921 3926/3926/3926 3925/3925/3925
f 3921/3921/3921 3922/3922/3922 3926/3926/3926
f 3922/3922/3922 3927/3927/3927 3926/3926/3926
o beveled-plate_part_17
usemtl part_17
v -5.338634 6.275215 -0.4214711
v -5.449576 6.38 -0.4302297
v -5.449576 6.5 -0.4302297
v -5.449576 6.62 -0.4302297
v -5.338634 6.724785 -0.4214711
v -5.449576 6.270544 -0.225
v -5.7 6.38 -0.225
v -5.7 6.5 -0.225
v -5.7 6.62 -0.225
v -5.449576 6.729456 -0.225
v -5.449576 6.270544 0
v -5.7 6.38 0
v -5.7 6.5 0
v -5.7 6.62 0
v -5.449576 6.729456 0
v -5.449576 6.270544 0.225
v -5.7 6.38 0.225
v -5.7 6.5 0.225
v -5.7 6.62 0.225
v -5.449576 6.729456 0.225
v -5.338634 6.275215 0.4214711
v -5.449576 6.38 0.4302297
v -5.449576 6.5 0.4302297
v -5.449576 6.62 0.4302297
v -5.338634 6.724785 0.4214711
v 5.338634 6.275215 -0.4214711
v 5.449576 6.38 -0.4302297
v 5.449576 6.5 -0.4302297
v 5.449576 6.62 -0.4302297
v 5.338634 6.724785 -0.4214711
v 5.449576 6.270544 -0.225
v 5.7 6.38 -0.225
v 5.7 6.5 -0.225
v 5.7 6.62 -0.225
v 5.449576 6.729456 -0.225
v 5.449576 6.270544 0
v 5.7 6.38 0
v 5.7 6.5 0
v 5.7 6.62 0
v 5.449576 6.729456 0
v 5.449576 6.270544 0.225
v 5.7 6.38 0.225
v 5.7 6.5 0.225
v 5.7 6.62 0.225
v 5.449576 6.729456 0.225
v 5.338634 6.275215 0.4214711
v 5.449576 6.38 0.4302297
v 5.449576 6.5 0.4302297
v 5.449576 6.62 0.4302297
v 5.338634 6.724785 0.4214711
v -5.338634 6.275215 -0.4214711
v -5.449576 6.270544 -0.225
v -5.449576 6.270544 0
v -5.449576 6.270544 0.225
v -5.338634 6.275215 0.4214711
v -2.85 6.270544 -0.4302297
v -2.85 6.26 -0.225
v -2.85 6.26 0
v -2.85 6.26 0.225
v -2.85 6.270544 0.4302297
v 0 6.270544 -0.4302297
v 0 6.26 -0.225
v 0 6.26 0
v 0 6.26 0.225
v 0 6.270544 0.4302297
v 2.85 6.270544 -0.4302297
v 2.85 6.26 -0.225
v 2.85 6.26 0
v 2.85 6.26 0.225
v 2.85 6.270544 0.4302297
v 5.338634 6.275215 -0.4214711
v 5.449576 6.270544 -0.225
v 5.449576 6.270544 0
v 5.449576 6.270544 0.225
v 5.338634 6.275215 0.4214711
v -5.338634 6.724785 -0.4214711
v -5.449576 6.729456 -0.225
v -5.449576 6.729456 0
v -5.449576 6.729456 0.225
v -5.338634 6.724785 0.4214711
v -2.85 6.729456 -0.4302297
v -2.85 6.74 -0.225
v -2.85 6.74 0
v -2.85 6.74 0.225
v -2.85 6.729456 0.4302297
v 0 6.729456 -0.4302297
v 0 6.74 -0.225
v 0 6.74 0
v 0 6.74 0.225
v 0 6.729456 0.4302297
v 2.85 6.729456 -0.4302297
v 2.85 6.74 -0.225
v 2.85 6.74 0
v 2.85 6.74 0.225
v 2.85 6.729456 0.4302297
v 5.338634 6.724785 -0.4214711
v 5.449576 6.729456 -0.225
v 5.449576 6.729456 0
v 5.449576 6.729456 0.225
v 5.338634 6.724785 0.4214711
v -5.338634 6.275215 -0.4214711
v -2.85 6.270544 -0.4302297
v 0 6.270544 -0.4302297
v 2.85 6.270544 -0.4302297
v 5.338634 6.275215 -0.4214711
v -5.449576 6.38 -0.4302297
v -2.85 6.38 -0.45
v 0 6.38 -0.45
v 2.85 6.38 -0.45
v 5.449576 6.38 -0.4302297
v -5.449576 6.5 -0.4302297
v -2.85 6.5 -0.45
v 0 6.5 -0.45
v 2.85 6.5 -0.45
v 5.449576 6.5 -0.4302297
v -5.449576 6.62 -0.4302297
v -2.85 6.62 -0.45
v 0 6.62 -0.45
v 2.85 6.62 -0.45
v 5.449576 6.62 -0.4302297
v -5.338634 6.724785 -0.4214711
v -2.85 6.729456 -0.4302297
v 0 6.729456 -0.4302297
v 2.85 6.729456 -0.4302297
v 5.338634 6.724785 -0.4214711
v -5.338634 6.275215 0.4214711
v -2.85 6.270544 0.4302297
v 0 6.270544 0.4302297
v 2.85 6.270544 0.4302297
v 5.338634 6.275215 0.4214711
v -5.449576 6.38 0.4302297
v -2.85 6.38 0.45
v 0 6.38 0.45
v 2.85 6.38 0.45
v 5.449576 6.38 0.4302297
v -5.449576 6.5 0.4302297
v -2.85 6.5 0.45
v 0 6.5 0.45
v 2.85 6.5 0.45
v 5.449576 6.5 0.4302297
v -5.449576 6.62 0.4302297
v -2.85 6.62 0.45
v 0 6.62 0.45
v 2.85 6.62 0.45
v 5.449576 6.62 0.4302297
v -5.338634 6.724785 0.4214711
v -2.85 6.729456 0.4302297
v 0 6.729456 0.4302297
v 2.85 6.729456 0.4302297
v 5.338634 6.724785 0.4214711
vt 0 0
vt 0.25 0
vt 0.5 0
vt 0.75 0
vt 1 0
vt 0 0.25
vt 0.25 0.25
vt 0.5 0.25
vt 0.75 0.25
vt 1 0.25
vt 0 0.5
vt 0.25 0.5
vt 0.5 0.5
vt 0.75 0.5
vt 1 0.5
vt 0 0.75
vt 0.25 0.75
vt 0.5 0.75
vt 0.75 0.75
vt 1 0.75
vt 0 1
vt 0.25 1
vt 0.5 1
vt 0.75 1
vt 1 1
vt 0 0
vt 0.25 0
vt 0.5 0
vt 0.75 0
vt 1 0
vt 0 0.25
vt 0.25 0.25
vt 0.5 0.25
vt 0.75 0.25
vt 1 0.25
vt 0 0.5
vt 0.25 0.5
vt 0.5 0.5
vt 0.75 0.5
vt 1 0.5
vt 0 0.75
vt 0.25 0.75
vt 0.5 0.75
vt 0.75 0.75
vt 1 0.75
vt 0 1
vt 0.25 1
vt 0.5 1
vt 0.75 1
vt 1 1
vt 0 0
vt 0.25 0
vt 0.5 0
vt 0.75 0
vt 1 0
vt 0 0.25
vt 0.25 0.25
vt 0.5 0.25
vt 0.75 0.25
vt 1 0.25
vt 0 0.5
vt 0.25 0.5
vt 0.5 0.5
vt 0.75 0.5
vt 1 0.5
vt 0 0.75
vt 0.25 0.75
vt 0.5 0.75
vt 0.75 0.75
vt 1 0.75
vt 0 1
vt 0.25 1
vt 0.5 1
vt 0.75 1
vt 1 1
vt 0 0
vt 0.25 0
vt 0.5 0
vt 0.75 0
vt 1 0
vt 0 0.25
vt 0.25 0.25
vt 0.5 0.25
vt 0.75 0.25
vt 1 0.25
vt 0 0.5
vt 0.25 0.5
vt 0.5 0.5
vt 0.75 0.5
vt 1 0.5
vt 0 0.75
vt 0.25 0.75
vt 0.5 0.75
vt 0.75 0.75
vt 1 0.75
vt 0 1
vt 0.25 1
vt 0.5 1
vt 0.75 1
vt 1 1
vt 0 0
vt 0.25 0
vt 0.5 0
vt 0.75 0
vt 1 0
vt 0 0.25
vt 0.25 0.25
vt 0.5 0.25
vt 0.75 0.25
vt 1 0.25
vt 0 0.5
vt 0.25 0.5
vt 0.5 0.5
vt 0.75 0.5
vt 1 0.5
vt 0 0.75
vt 0.25 0.75
vt 0.5 0.75
vt 0.75 0.75
vt 1 0.75
vt 0 1
vt 0.25 1
vt 0.5 1
vt 0.75 1
vt 1 1
vt 0 0
vt 0.25 0
vt 0.5 0
vt 0.75 0
vt 1 0
vt 0 0.25
vt 0.25 0.25
vt 0.5 0.25
vt 0.75 0.25
vt 1 0.25
vt 0 0.5
vt 0.25 0.5
vt 0.5 0.5
vt 0.75 0.5
vt 1 0.5
vt 0 0.75
vt 0.25 0.75
vt 0.5 0.75
vt 0.75 0.75
vt 1 0.75
vt 0 1
vt 0.25 1
vt 0.5 1
vt 0.75 1
vt 1 1
vn -0.03714523 -0.881744 -0.4702635
vn -0.07872446 0 -0.9968964
vn -0.07872446 0 -0.9968964
vn -0.07872446 0 -0.9968964
vn -0.03713388 0.8817779 -0.4702007
vn -0.04207978 -0.9991142 0
vn -1 -0 -0
vn -1 -0 -0
vn -1 -0 -0
vn -0.04206799 0.9991148 0
vn -0.04207979 -0.9991143 0
vn -1 -0 -0
vn -1 -0 -0
vn -1 -0 -0
vn -0.04206799 0.9991148 0
vn -0.04207979 -0.9991143 0
vn -1 -0 -0
vn -1 -0 -0
vn -1 -0 -0
vn -0.04206799 0.9991148 0
vn -0.03713744 -0.8817107 0.4703267
vn -0.07870249 0 0.9968981
vn -0.07870249 0 0.9968981
vn -0.07870249 0 0.9968981
vn -0.03712609 0.8817446 0.4702638
vn 0.03714523 -0.881744 -0.4702635
vn 0.07872446 0 -0.9968964
vn 0.07872446 0 -0.9968964
vn 0.07872446 0 -0.9968964
vn 0.03713388 0.8817779 -0.4702007
vn 0.04207978 -0.9991142 0
vn 1 0 0
vn 1 0 0
vn 1 0 0
vn 0.04206799 0.9991148 0
vn 0.04207979 -0.9991143 0
vn 1 0 0
vn 1 0 0
vn 1 0 0
vn 0.04206799 0.9991148 0
vn 0.04207979 -0.9991143 0
vn 1 0 0
vn 1 0 0
vn 1 0 0
vn 0.04206799 0.9991148 0
vn 0.03713744 -0.8817107 0.4703267
vn 0.07870249 0 0.9968981
vn 0.07870249 0 0.9968981
vn 0.07870249 0 0.9968981
vn 0.03712609 0.8817446 0.4702638
vn -0.0371112 -0.8818459 -0.4700751
vn -0.0420562 -0.9991152 0
vn -0.0420562 -0.9991152 0
vn -0.0420562 -0.9991152 0
vn -0.03711474 -0.8817785 0.470201
vn 0 -0.8824078 -0.4704854
vn -0 -1 -0
vn -0 -1 -0
vn -0 -1 -0
vn 0 -0.8823529 0.4705883
vn 0 -0.8824078 -0.4704853
vn -0 -1 -0
vn -0 -1 -0
vn -0 -1 -0
vn 0 -0.8823529 0.4705883
vn 0 -0.8824078 -0.4704853
vn -0 -1 -0
vn -0 -1 -0
vn -0 -1 -0
vn 0 -0.8823529 0.4705882
vn 0.03712254 -0.881812 -0.4701379
vn 0.04206799 -0.9991148 0
vn 0.04206799 -0.9991148 0
vn 0.04206799 -0.9991148 0
vn 0.03712609 -0.8817446 0.4702638
vn -0.0371112 0.8818459 -0.4700751
vn -0.0420562 0.9991152 0
vn -0.0420562 0.9991152 0
vn -0.0420562 0.9991152 0
vn -0.03711474 0.8817785 0.470201
vn 0 0.8824078 -0.4704854
vn 0 1 0
vn 0 1 0
vn 0 1 0
vn 0 0.8823529 0.4705883
vn 0 0.8824078 -0.4704853
vn 0 1 0
vn 0 1 0
vn 0 1 0
vn 0 0.8823529 0.4705883
vn 0 0.8824078 -0.4704853
vn 0 1 0
vn 0 1 0
vn 0 1 0
vn 0 0.8823529 0.4705882
vn 0.03712254 0.881812 -0.4701379
vn 0.04206799 0.9991148 0
vn 0.04206799 0.9991148 0
vn 0.04206799 0.9991148 0
vn 0.03712609 0.8817446 0.4702638
vn -0.03712185 -0.881644 -0.4704529
vn 0 -0.882298 -0.4706911
vn 0 -0.8822981 -0.4706912
vn 0 -0.8822981 -0.4706912
vn 0.03712965 -0.8816773 -0.4703898
vn -0.07868052 0 -0.9968999
vn -0 -0 -1
vn -0 -0 -1
vn -0 -0 -1
vn 0.07870249 0 -0.9968981
vn -0.07868052 0 -0.9968999
vn -0 -0 -1
vn -0 -0 -1
vn -0 -0 -1
vn 0.07870249 0 -0.9968981
vn -0.07868052 0 -0.9968999
vn -0 -0 -1
vn -0 -0 -1
vn -0 -0 -1
vn 0.07870249 0 -0.9968981
vn -0.0371183 0.8817112 -0.4703269
vn 0 0.8823529 -0.4705883
vn 0 0.8823529 -0.4705883
vn 0 0.8823529 -0.4705882
vn 0.03712609 0.8817446 -0.4702638
vn -0.03712185 -0.881644 0.4704529
vn 0 -0.882298 0.4706911
vn 0 -0.8822981 0.4706912
vn 0 -0.8822981 0.4706912
vn 0.03712965 -0.8816773 0.4703898
vn -0.07868052 0 0.9968999
vn 0 0 1
vn 0 0 1
vn 0 0 1
vn 0.07870249 0 0.9968981
vn -0.07868052 0 0.9968999
vn 0 0 1
vn 0 0 1
vn 0 0 1
vn 0.07870249 0 0.9968981
vn -0.07868052 0 0.9968999
vn 0 0 1
vn 0 0 1
vn 0 0 1
vn 0.07870249 0 0.9968981
vn -0.0371183 0.8817112 0.4703269
vn 0 0.8823529 0.4705883
vn 0 0.8823529 0.4705883
vn 0 0.8823529 0.4705882
vn 0.03712609 0.8817446 0.4702638
f 3928/3928/3928 3933/3933/3933 3929/3929/3929
f 3929/3929/3929 3933/3933/3933 3934/3934/3934
f 3929/3929/3929 3934/3934/3934 3930/3930/3930
f 3930/3930/3930 3934/3934/3934 3935/3935/3935
f 3930/3930/3930 3935/3935/3935 3931/3931/3931
f 3931/3931/3931 3935/3935/3935 3936/3936/3936
f 3931/3931/3931 3936/3936/3936 3932/3932/3932
f 3932/3932/3932 3936/3936/3936 3937/3937/3937
f 3933/3933/3933 3938/3938/3938 3934/3934/3934
f 3934/3934/3934 3938/3938/3938 3939/3939/3939
f 3934/3934/3934 3939/3939/3939 3935/3935/3935
f 3935/3935/3935 3939/3939/3939 3940/3940/3940
f 3935/3935/3935 3940/3940/3940 3936/3936/3936
f 3936/3936/3936 3940/3940/3940 3941/3941/3941
f 3936/3936/3936 3941/3941/3941 3937/3937/3937
f 3937/3937/3937 3941/3941/3941 3942/3942/3942
f 3938/3938/3938 3943/3943/3943 3939/3939/3939
f 3939/3939/3939 3943/3943/3943 3944/3944/3944
f 3939/3939/3939 3944/3944/3944 3940/3940/3940
f 3940/3940/3940 3944/3944/3944 3945/3945/3945
f 3940/3940/3940 3945/3945/3945 3941/3941/3941
f 3941/3941/3941 3945/3945/3945 3946/3946/3946
f 3941/3941/3941 3946/3946/3946 3942/3942/3942
f 3942/3942/3942 3946/3946/3946 3947/3947/3947
f 3943/3943/3943 3948/3948/3948 3944/3944/3944
f 3944/3944/3944 3948/3948/3948 3949/3949/3949
f 3944/3944/3944 3949/3949/3949 3945/3945/3945
f 3945/3945/3945 3949/3949/3949 3950/3950/3950
f 3945/3945/3945 3950/3950/3950 3946/3946/3946
f 3946/3946/3946 3950/3950/3950 3951/3951/3951
f 3946/3946/3946 3951/3951/3951 3947/3947/3947
f 3947/3947/3947 3951/3951/3951 3952/3952/3952
f 3953/3953/3953 3954/3954/3954 3958/3958/3958
f 3954/3954/3954 3959/3959/3959 3958/3958/3958
f 3954/3954/3954 3955/3955/3955 3959/3959/3959
f 3955/3955/3955 3960/3960/3960 3959/3959/3959
f 3955/3955/3955 3956/3956/3956 3960/3960/3960
f 3956/3956/3956 3961/3961/3961 3960/3960/3960
f 3956/3956/3956 3957/3957/3957 3961/3961/3961
f 3957/3957/3957 3962/3962/3962 3961/3961/3961
f 3958/3958/3958 3959/3959/3959 3963/3963/3963
f 3959/3959/3959 3964/3964/3964 3963/3963/3963
f 3959/3959/3959 3960/3960/3960 3964/3964/3964
f 3960/3960/3960 3965/3965/3965 3964/3964/3964
f 3960/3960/3960 3961/3961/3961 3965/3965/3965
f 3961/3961/3961 3966/3966/3966 3965/3965/3965
f 3961/3961/3961 3962/3962/3962 3966/3966/3966
f 3962/3962/3962 3967/3967/3967 3966/3966/3966
f 3963/3963/3963 3964/3964/3964 3968/3968/3968
f 3964/3964/3964 3969/3969/3969 3968/3968/3968
f 3964/3964/3964 3965/3965/3965 3969/3969/3969
f 3965/3965/3965 3970/3970/3970 3969/3969/3969
f 3965/3965/3965 3966/3966/3966 3970/3970/3970
f 3966/3966/3966 3971/3971/3971 3970/3970/3970
f 3966/3966/3966 3967/3967/3967 3971/3971/3971
f 3967/3967/3967 3972/3972/3972 3971/3971/3971
f 3968/3968/3968 3969/3969/3969 3973/3973/3973
f 3969/3969/3969 3974/3974/3974 3973/3973/3973
f 3969/3969/3969 3970/3970/3970 3974/3974/3974
f 3970/3970/3970 3975/3975/3975 3974/3974/3974
f 3970/3970/3970 3971/3971/3971 3975/3975/3975
f 3971/3971/3971 3976/3976/3976 3975/3975/3975
f 3971/3971/3971 3972/3972/3972 3976/3976/3976
f 3972/3972/3972 3977/3977/3977 3976/3976/3976
f 3978/3978/3978 3983/3983/3983 3979/3979/3979
f 3979/3979/3979 3983/3983/3983 3984/3984/3984
f 3979/3979/3979 3984/3984/3984 3980/3980/3980
f 3980/3980/3980 3984/3984/3984 3985/3985/3985
f 3980/3980/3980 3985/3985/3985 3981/3981/3981
f 3981/3981/3981 3985/3985/3985 3986/3986/3986
f 3981/3981/3981 3986/3986/3986 3982/3982/3982
f 3982/3982/3982 3986/3986/3986 3987/3987/3987
f 3983/3983/3983 3988/3988/3988 3984/3984/3984
f 3984/3984/3984 3988/3988/3988 3989/3989/3989
f 3984/3984/3984 3989/3989/3989 3985/3985/3985
f 3985/3985/3985 3989/3989/3989 3990/3990/3990
f 3985/3985/3985 3990/3990/3990 3986/3986/3986
f 3986/3986/3986 3990/3990/3990 3991/3991/3991
f 3986/3986/3986 3991/3991/3991 3987/3987/3987
f 3987/3987/3987 3991/3991/3991 3992/3992/3992
f 3988/3988/3988 3993/3993/3993 3989/3989/3989
f 3989/3989/3989 3993/3993/3993 3994/3994/3994
f 3989/3989/3989 3994/3994/3994 3990/3990/3990
f 3990/3990/3990 3994/3994/3994 3995/3995/3995
f 3990/3990/3990 3995/3995/3995 3991/3991/3991
f 3991/3991/3991 3995/3995/3995 3996/3996/3996
f 3991/3991/3991 3996/3996/3996 3992/3992/3992
f 3992/3992/3992 3996/3996/3996 3997/3997/3997
f 3993/3993/3993 3998/3998/3998 3994/3994/3994
f 3994/3994/3994 3998/3998/3998 3999/3999/3999
f 3994/3994/3994 3999/3999/3999 3995/3995/3995
f 3995/3995/3995 3999/3999/3999 4000/4000/4000
f 3995/3995/3995 4000/4000/4000 3996/3996/3996
f 3996/3996/3996 4000/4000/4000 4001/4001/4001
f 3996/3996/3996 4001/4001/4001 3997/3997/3997
f 3997/3997/3997 4001/4001/4001 4002/4002/4002
f 4003/4003/4003 4004/4004/4004 4008/4008/4008
f 4004/4004/4004 4009/4009/4009 4008/4008/4008
f 4004/4004/4004 4005/4005/4005 4009/4009/4009
f 4005/4005/4005 4010/4010/4010 4009/4009/4009
f 4005/4005/4005 4006/4006/4006 4010/4010/4010
f 4006/4006/4006 4011/4011/4011 4010/4010/4010
f 4006/4006/4006 4007/4007/4007 4011/4011/4011
f 4007/4007/4007 4012/4012/4012 4011/4011/4011
f 4008/4008/4008 4009/4009/4009 4013/4013/4013
f 4009/4009/4009 4014/4014/4014 4013/4013/4013
f 4009/4009/4009 4010/4010/4010 4014/4014/4014
f 4010/4010/4010 4015/4015/4015 4014/4014/4014
f 4010/4010/4010 4011/4011/4011 4015/4015/4015
f 4011/4011/4011 4016/4016/4016 4015/4015/4015
f 4011/4011/4011 4012/4012/4012 4016/4016/4016
f 4012/4012/4012 4017/4017/4017 4016/4016/4016
f 4013/4013/4013 4014/4014/4014 4018/4018/4018
f 4014/4014/4014 4019/4019/4019 4018/4018/4018
f 4014/4014/4014 4015/4015/4015 4019/4019/4019
f 4015/4015/4015 4020/4020/4020 4019/4019/4019
f 4015/4015/4015 4016/4016/4016 4020/4020/4020
f 4016/4016/4016 4021/4021/4021 4020/4020/4020
f 4016/4016/4016 4017/4017/4017 4021/4021/4021
f 4017/4017/4017 4022/4022/4022 4021/4021/4021
f 4018/4018/4018 4019/4019/4019 4023/4023/4023
f 4019/4019/4019 4024/4024/4024 4023/4023/4023
f 4019/4019/4019 4020/4020/4020 4024/4024/4024
f 4020/4020/4020 4025/4025/4025 4024/4024/4024
f 4020/4020/4020 4021/4021/4021 4025/4025/4025
f 4021/4021/4021 4026/4026/4026 4025/4025/4025
f 4021/4021/4021 4022/4022/4022 4026/4026/4026
f 4022/4022/4022 4027/4027/4027 4026/4026/4026
f 4028/4028/4028 4033/4033/4033 4029/4029/4029
f 4029/4029/4029 4033/4033/4033 4034/4034/4034
f 4029/4029/4029 4034/4034/4034 4030/4030/4030
f 4030/4030/4030 4034/4034/4034 4035/4035/4035
f 4030/4030/4030 4035/4035/4035 4031/4031/4031
f 4031/4031/4031 4035/4035/4035 4036/4036/4036
f 4031/4031/4031 4036/4036/4036 4032/4032/4032
f 4032/4032/4032 4036/4036/4036 4037/4037/4037
f 4033/4033/4033 4038/4038/4038 4034/4034/4034
f 4034/4034/4034 4038/4038/4038 4039/4039/4039
f 4034/4034/4034 4039/4039/4039 4035/4035/4035
f 4035/4035/4035 4039/4039/4039 4040/4040/4040
f 4035/4035/4035 4040/4040/4040 4036/4036/4036
f 4036/4036/4036 4040/4040/4040 4041/4041/4041
f 4036/4036/4036 4041/4041/4041 4037/4037/4037
f 4037/4037/4037 4041/4041/4041 4042/4042/4042
f 4038/4038/4038 4043/4043/4043 4039/4039/4039
f 4039/4039/4039 4043/4043/4043 4044/4044/4044
f 4039/4039/4039 4044/4044/4044 4040/4040/4040
f 4040/4040/4040 4044/4044/4044 4045/4045/4045
f 4040/4040/4040 4045/4045/4045 4041/4041/4041
f 4041/4041/4041 4045/4045/4045 4046/4046/4046
f 4041/4041/4041 4046/4046/4046 4042/4042/4042
f 4042/4042/4042 4046/4046/4046 4047/4047/4047
f 4043/4043/4043 4048/4048/4048 4044/4044/4044
f 4044/4044/4044 4048/4048/4048 4049/4049/4049
f 4044/4044/4044 4049/4049/4049 4045/4045/4045
f 4045/4045/4045 4049/4049/4049 4050/4050/4050
f 4045/4045/4045 4050/4050/4050 4046/4046/4046
f 4046/4046/4046 4050/4050/4050 4051/4051/4051
f 4046/4046/4046 4051/4051/4051 4047/4047/4047
f 4047/4047/4047 4051/4051/4051 4052/4052/4052
f 4053/4053/4053 4054/4054/4054 4058/4058/4058
f 4054/4054/4054 4059/4059/4059 4058/4058/4058
f 4054/4054/4054 4055/4055/4055 4059/4059/4059
f 4055/4055/4055 4060/4060/4060 4059/4059/4059
f 4055/4055/4055 4056/4056/4056 4060/4060/4060
f 4056/4056/4056 4061/4061/4061 4060/4060/4060
f 4056/4056/4056 4057/4057/4057 4061/4061/4061
f 4057/4057/4057 4062/4062/4062 4061/4061/4061
f 4058/4058/4058 4059/4059/4059 4063/4063/4063
f 4059/4059/4059 4064/4064/4064 4063/4063/4063
f 4059/4059/4059 4060/4060/4060 4064/4064/4064
f 4060/4060/4060 4065/4065/4065 4064/4064/4064
f 4060/4060/4060 4061/4061/4061 4065/4065/4065
f 4061/4061/4061 4066/4066/4066 4065/4065/4065
f 4061/4061/4061 4062/4062/4062 4066/4066/4066
f 4062/4062/4062 4067/4067/4067 4066/4066/4066
f 4063/4063/4063 4064/4064/4064 4068/4068/4068
f 4064/4064/4064 4069/4069/4069 4068/4068/4068
f 4064/4064/4064 4065/4065/4065 4069/4069/4069
f 4065/4065/4065 4070/4070/4070 4069/4069/4069
f 4065/4065/4065 4066/4066/4066 4070/4070/4070
f 4066/4066/4066 4071/4071/4071 4070/4070/4070
f 4066/4066/4066 4067/4067/4067 4071/4071/4071
f 4067/4067/4067 4072/4072/4072 4071/4071/4071
f 4068/4068/4068 4069/4069/4069 4073/4073/4073
f 4069/4069/4069 4074/4074/4074 4073/4073/4073
f 4069/4069/4069 4070/4070/4070 4074/4074/4074
f 4070/4070/4070 4075/4075/4075 4074/4074/4074
f 4070/4070/4070 4071/4071/4071 4075/4075/4075
f 4071/4071/4071 4076/4076/4076 4075/4075/4075
f 4071/4071/4071 4072/4072/4072 4076/4076/4076
f 4072/4072/4072 4077/4077/4077 4076/4076/4076
o machined-collar_part_18
usemtl part_18
v 0.36925 6.46 0.49
v 0.366091 6.411803 0.49
v 0.3566681 6.364431 0.49
v 0.3411425 6.318694 0.49
v 0.3197798 6.275375 0.49
v 0.2929457 6.235215 0.49
v 0.2610992 6.198901 0.49
v 0.2247851 6.167054 0.49
v 0.184625 6.14022 0.49
v 0.1413058 6.118857 0.49
v 0.09556894 6.103332 0.49
v 0.04819677 6.093909 0.49
v -1.614043e-08 6.09075 0.49
v -0.04819685 6.093909 0.49
v -0.09556892 6.103332 0.49
v -0.1413059 6.118857 0.49
v -0.184625 6.14022 0.49
v -0.2247851 6.167054 0.49
v -0.2610992 6.198901 0.49
v -0.2929458 6.235215 0.49
v -0.3197798 6.275375 0.49
v -0.3411425 6.318694 0.49
v -0.3566681 6.364431 0.49
v -0.366091 6.411803 0.49
v -0.36925 6.46 0.49
v -0.366091 6.508197 0.49
v -0.3566681 6.555569 0.49
v -0.3411425 6.601306 0.49
v -0.3197798 6.644625 0.49
v -0.2929457 6.684785 0.49
v -0.2610991 6.721099 0.49
v -0.2247852 6.752946 0.49
v -0.1846249 6.77978 0.49
v -0.1413057 6.801143 0.49
v -0.0955689 6.816668 0.49
v -0.04819669 6.826091 0.49
v 4.403262e-09 6.82925 0.49
v 0.04819687 6.826091 0.49
v 0.09556907 6.816668 0.49
v 0.1413059 6.801143 0.49
v 0.1846249 6.77978 0.49
v 0.2247852 6.752946 0.49
v 0.2610992 6.721099 0.49
v 0.2929457 6.684785 0.49
v 0.3197799 6.644625 0.49
v 0.3411425 6.601306 0.49
v 0.3566681 6.555569 0.49
v 0.366091 6.508197 0.49
v 0.36925 6.46 0.49
v 0.3655736 6.46 0.5013149
v 0.362446 6.412283 0.5013149
v 0.353117 6.365383 0.5013149
v 0.3377459 6.320101 0.5013149
v 0.316596 6.277213 0.5013149
v 0.290029 6.237453 0.5013149
v 0.2584996 6.2015 0.5013149
v 0.2225471 6.169971 0.5013149
v 0.1827868 6.143404 0.5013149
v 0.1398989 6.122254 0.5013149
v 0.09461741 6.106883 0.5013149
v 0.0477169 6.097554 0.5013149
v -1.597973e-08 6.094427 0.5013149
v -0.04771698 6.097554 0.5013149
v -0.0946174 6.106883 0.5013149
v -0.139899 6.122254 0.5013149
v -0.1827868 6.143404 0.5013149
v -0.2225471 6.169971 0.5013149
v -0.2584996 6.2015 0.5013149
v -0.2900291 6.237453 0.5013149
v -0.316596 6.277213 0.5013149
v -0.337746 6.320101 0.5013149
v -0.353117 6.365383 0.5013149
v -0.362446 6.412283 0.5013149
v -0.3655736 6.46 0.5013149
v -0.362446 6.507717 0.5013149
v -0.3531169 6.554617 0.5013149
v -0.3377459 6.599899 0.5013149
v -0.316596 6.642787 0.5013149
v -0.290029 6.682547 0.5013149
v -0.2584995 6.7185 0.5013149
v -0.2225471 6.750029 0.5013149
v -0.1827867 6.776596 0.5013149
v -0.1398988 6.797746 0.5013149
v -0.09461738 6.813117 0.5013149
v -0.04771683 6.822446 0.5013149
v 4.359421e-09 6.825573 0.5013149
v 0.04771701 6.822446 0.5013149
v 0.09461756 6.813117 0.5013149
v 0.139899 6.797746 0.5013149
v 0.1827867 6.776596 0.5013149
v 0.2225471 6.750029 0.5013149
v 0.2584996 6.7185 0.5013149
v 0.290029 6.682547 0.5013149
v 0.3165961 6.642787 0.5013149
v 0.337746 6.599899 0.5013149
v 0.353117 6.554617 0.5013149
v 0.3624461 6.507717 0.5013149
v 0.3655736 6.46 0.5013149
v 0.3559486 6.46 0.5083079
v 0.3529034 6.413539 0.5083079
v 0.3438199 6.367874 0.5083078
v 0.3288536 6.323784 0.5083078
v 0.3082605 6.282026 0.5083078
v 0.282393 6.243312 0.5083078
v 0.2516936 6.208306 0.5083078
v 0.2166878 6.177607 0.5083078
v 0.1779743 6.15174 0.5083078
v 0.1362156 6.131146 0.5083078
v 0.09212627 6.11618 0.5083078
v 0.04646059 6.107097 0.5083078
v -1.555901e-08 6.104052 0.5083078
v -0.04646066 6.107097 0.5083078
v -0.09212627 6.11618 0.5083078
v -0.1362156 6.131146 0.5083078
v -0.1779743 6.15174 0.5083078
v -0.2166878 6.177607 0.5083078
v -0.2516936 6.208306 0.5083078
v -0.282393 6.243312 0.5083078
v -0.3082605 6.282026 0.5083078
v -0.3288536 6.323784 0.5083078
v -0.3438199 6.367874 0.5083078
v -0.3529034 6.413539 0.5083079
v -0.3559486 6.46 0.5083079
v -0.3529033 6.506461 0.5083079
v -0.3438199 6.552126 0.5083079
v -0.3288536 6.596216 0.5083079
v -0.3082605 6.637974 0.5083079
v -0.2823929 6.676688 0.5083079
v -0.2516936 6.711694 0.5083079
v -0.2166878 6.742393 0.5083079
v -0.1779742 6.76826 0.5083079
v -0.1362155 6.788854 0.5083079
v -0.09212624 6.80382 0.5083079
v -0.04646051 6.812903 0.5083079
v 4.244644e-09 6.815948 0.5083079
v 0.04646068 6.812903 0.5083079
v 0.09212642 6.80382 0.5083079
v 0.1362157 6.788854 0.5083079
v 0.1779742 6.76826 0.5083079
v 0.2166878 6.742393 0.5083079
v 0.2516937 6.711694 0.5083079
v 0.282393 6.676688 0.5083079
v 0.3082606 6.637974 0.5083079
v 0.3288536 6.596216 0.5083079
v 0.3438199 6.552126 0.5083079
v 0.3529034 6.506461 0.5083079
v 0.3559486 6.46 0.5083079
v 0.3440514 6.46 0.5083079
v 0.341108 6.415092 0.5083078
v 0.3323281 6.370953 0.5083078
v 0.317862 6.328337 0.5083078
v 0.2979572 6.287974 0.5083078
v 0.2729543 6.250555 0.5083078
v 0.2432811 6.216719 0.5083078
v 0.2094452 6.187046 0.5083078
v 0.1720257 6.162043 0.5083078
v 0.1316628 6.142138 0.5083078
v 0.08904707 6.127672 0.5083078
v 0.0449077 6.118892 0.5083078
v -1.503896e-08 6.115949 0.5083078
v -0.04490777 6.118892 0.5083078
v -0.08904705 6.127672 0.5083078
v -0.1316628 6.142138 0.5083078
v -0.1720257 6.162043 0.5083078
v -0.2094452 6.187046 0.5083078
v -0.2432811 6.216719 0.5083078
v -0.2729544 6.250555 0.5083078
v -0.2979572 6.287974 0.5083078
v -0.3178621 6.328337 0.5083078
v -0.3323281 6.370953 0.5083078
v -0.341108 6.415092 0.5083078
v -0.3440514 6.46 0.5083079
v -0.341108 6.504908 0.5083079
v -0.3323281 6.549047 0.5083079
v -0.317862 6.591663 0.5083079
v -0.2979572 6.632026 0.5083079
v -0.2729543 6.669446 0.5083079
v -0.243281 6.703281 0.5083079
v -0.2094453 6.732955 0.5083079
v -0.1720257 6.757957 0.5083079
v -0.1316627 6.777862 0.5083079
v -0.08904704 6.792328 0.5083079
v -0.04490763 6.801108 0.5083079
v 4.102772e-09 6.804051 0.5083079
v 0.04490779 6.801108 0.5083079
v 0.0890472 6.792328 0.5083079
v 0.1316628 6.777862 0.5083079
v 0.1720257 6.757957 0.5083079
v 0.2094453 6.732955 0.5083079
v 0.2432812 6.703281 0.5083079
v 0.2729543 6.669445 0.5083079
v 0.2979573 6.632026 0.5083079
v 0.3178621 6.591663 0.5083079
v 0.3323281 6.549047 0.5083079
v 0.341108 6.504908 0.5083079
v 0.3440514 6.46 0.5083079
v 0.3344264 6.46 0.5013149
v 0.3315654 6.416348 0.5013149
v 0.3230311 6.373444 0.5013149
v 0.3089697 6.332021 0.5013149
v 0.2896218 6.292787 0.5013149
v 0.2653183 6.256414 0.5013149
v 0.2364752 6.223525 0.5013149
v 0.2035859 6.194682 0.5013149
v 0.1672132 6.170378 0.5013149
v 0.1279794 6.151031 0.5013149
v 0.08655594 6.136969 0.5013149
v 0.04365138 6.128435 0.5013149
v -1.461824e-08 6.125574 0.5013149
v -0.04365145 6.128435 0.5013149
v -0.08655593 6.136969 0.5013149
v -0.1279795 6.151031 0.5013149
v -0.1672132 6.170378 0.5013149
v -0.2035859 6.194682 0.5013149
v -0.2364752 6.223525 0.5013149
v -0.2653184 6.256414 0.5013149
v -0.2896218 6.292787 0.5013149
v -0.3089697 6.332021 0.5013149
v -0.3230311 6.373444 0.5013149
v -0.3315654 6.416348 0.5013149
v -0.3344264 6.46 0.5013149
v -0.3315654 6.503652 0.5013149
v -0.3230311 6.546556 0.5013149
v -0.3089697 6.587979 0.5013149
v -0.2896218 6.627213 0.5013149
v -0.2653183 6.663586 0.5013149
v -0.2364751 6.696475 0.5013149
v -0.2035859 6.725318 0.5013149
v -0.1672132 6.749622 0.5013149
v -0.1279793 6.76897 0.5013149
v -0.08655591 6.783031 0.5013149
v -0.04365131 6.791565 0.5013149
v 3.987995e-09 6.794426 0.5013149
v 0.04365148 6.791565 0.5013149
v 0.08655606 6.783031 0.5013149
v 0.1279795 6.76897 0.5013149
v 0.1672132 6.749622 0.5013149
v 0.203586 6.725318 0.5013149
v 0.2364753 6.696475 0.5013149
v 0.2653183 6.663586 0.5013149
v 0.2896218 6.627213 0.5013149
v 0.3089697 6.587979 0.5013149
v 0.3230311 6.546556 0.5013149
v 0.3315654 6.503651 0.5013149
v 0.3344264 6.46 0.5013149
v 0.33075 6.46 0.49
v 0.3279204 6.416829 0.49
v 0.31948 6.374396 0.49
v 0.3055731 6.333427 0.49
v 0.2864379 6.294625 0.49
v 0.2624016 6.258652 0.49
v 0.2338756 6.226124 0.49
v 0.2013478 6.197598 0.49
v 0.165375 6.173562 0.49
v 0.1265725 6.154427 0.49
v 0.08560441 6.14052 0.49
v 0.04317151 6.13208 0.49
v -1.445754e-08 6.12925 0.49
v -0.04317158 6.13208 0.49
v -0.0856044 6.14052 0.49
v -0.1265726 6.154427 0.49
v -0.165375 6.173562 0.49
v -0.2013478 6.197598 0.49
v -0.2338756 6.226124 0.49
v -0.2624016 6.258652 0.49
v -0.2864379 6.294625 0.49
v -0.3055732 6.333427 0.49
v -0.31948 6.374396 0.49
v -0.3279204 6.416829 0.49
v -0.33075 6.46 0.49
v -0.3279204 6.503171 0.49
v -0.3194799 6.545605 0.49
v -0.3055731 6.586573 0.49
v -0.2864379 6.625375 0.49
v -0.2624016 6.661348 0.49
v -0.2338755 6.693876 0.49
v -0.2013479 6.722402 0.49
v -0.165375 6.746438 0.49
v -0.1265724 6.765573 0.49
v -0.08560438 6.77948 0.49
v -0.04317145 6.78792 0.49
v 3.944154e-09 6.79075 0.49
v 0.04317161 6.78792 0.49
v 0.08560453 6.77948 0.49
v 0.1265726 6.765573 0.49
v 0.165375 6.746438 0.49
v 0.2013479 6.722402 0.49
v 0.2338756 6.693875 0.49
v 0.2624016 6.661348 0.49
v 0.286438 6.625375 0.49
v 0.3055732 6.586573 0.49
v 0.31948 6.545604 0.49
v 0.3279204 6.503171 0.49
v 0.33075 6.46 0.49
v 0.3344264 6.46 0.4786851
v 0.3315654 6.416348 0.4786851
v 0.3230311 6.373444 0.4786851
v 0.3089697 6.332021 0.4786851
v 0.2896218 6.292787 0.4786851
v 0.2653183 6.256414 0.4786851
v 0.2364752 6.223525 0.4786851
v 0.2035859 6.194682 0.4786851
v 0.1672132 6.170378 0.4786851
v 0.1279794 6.151031 0.4786851
v 0.08655594 6.136969 0.4786851
v 0.04365138 6.128435 0.4786851
v -1.461824e-08 6.125574 0.4786851
v -0.04365145 6.128435 0.4786851
v -0.08655593 6.136969 0.4786851
v -0.1279795 6.151031 0.4786851
v -0.1672132 6.170378 0.4786851
v -0.2035859 6.194682 0.4786851
v -0.2364752 6.223525 0.4786851
v -0.2653184 6.256414 0.4786851
v -0.2896218 6.292787 0.4786851
v -0.3089697 6.332021 0.4786851
v -0.3230311 6.373444 0.4786851
v -0.3315654 6.416348 0.4786851
v -0.3344264 6.46 0.4786851
v -0.3315654 6.503652 0.4786851
v -0.3230311 6.546556 0.4786851
v -0.3089697 6.587979 0.4786851
v -0.2896218 6.627213 0.4786851
v -0.2653183 6.663586 0.4786851
v -0.2364751 6.696475 0.4786851
v -0.2035859 6.725318 0.4786851
v -0.1672132 6.749622 0.4786851
v -0.1279793 6.76897 0.4786851
v -0.08655591 6.783031 0.4786851
v -0.04365131 6.791565 0.4786851
v 3.987995e-09 6.794426 0.4786851
v 0.04365148 6.791565 0.4786851
v 0.08655606 6.783031 0.4786851
v 0.1279795 6.76897 0.4786851
v 0.1672132 6.749622 0.4786851
v 0.203586 6.725318 0.4786851
v 0.2364753 6.696475 0.4786851
v 0.2653183 6.663586 0.4786851
v 0.2896218 6.627213 0.4786851
v 0.3089697 6.587979 0.4786851
v 0.3230311 6.546556 0.4786851
v 0.3315654 6.503651 0.4786851
v 0.3344264 6.46 0.4786851
v 0.3440514 6.46 0.4716922
v 0.341108 6.415092 0.4716922
v 0.3323281 6.370953 0.4716922
v 0.317862 6.328337 0.4716922
v 0.2979572 6.287974 0.4716922
v 0.2729543 6.250555 0.4716922
v 0.2432811 6.216719 0.4716922
v 0.2094452 6.187046 0.4716922
v 0.1720257 6.162043 0.4716921
v 0.1316628 6.142138 0.4716921
v 0.08904707 6.127672 0.4716921
v 0.0449077 6.118892 0.4716921
v -1.503896e-08 6.115949 0.4716921
v -0.04490777 6.118892 0.4716921
v -0.08904705 6.127672 0.4716921
v -0.1316628 6.142138 0.4716921
v -0.1720257 6.162043 0.4716921
v -0.2094452 6.187046 0.4716922
v -0.2432811 6.216719 0.4716922
v -0.2729544 6.250555 0.4716922
v -0.2979572 6.287974 0.4716922
v -0.3178621 6.328337 0.4716922
v -0.3323281 6.370953 0.4716922
v -0.341108 6.415092 0.4716922
v -0.3440514 6.46 0.4716922
v -0.341108 6.504908 0.4716922
v -0.3323281 6.549047 0.4716922
v -0.317862 6.591663 0.4716922
v -0.2979572 6.632026 0.4716922
v -0.2729543 6.669446 0.4716922
v -0.243281 6.703281 0.4716922
v -0.2094453 6.732955 0.4716922
v -0.1720257 6.757957 0.4716922
v -0.1316627 6.777862 0.4716922
v -0.08904704 6.792328 0.4716922
v -0.04490763 6.801108 0.4716922
v 4.102772e-09 6.804051 0.4716922
v 0.04490779 6.801108 0.4716922
v 0.0890472 6.792328 0.4716922
v 0.1316628 6.777862 0.4716922
v 0.1720257 6.757957 0.4716922
v 0.2094453 6.732955 0.4716922
v 0.2432812 6.703281 0.4716922
v 0.2729543 6.669445 0.4716922
v 0.2979573 6.632026 0.4716922
v 0.3178621 6.591663 0.4716922
v 0.3323281 6.549047 0.4716922
v 0.341108 6.504908 0.4716922
v 0.3440514 6.46 0.4716922
v 0.3559486 6.46 0.4716922
v 0.3529034 6.413539 0.4716922
v 0.3438199 6.367874 0.4716922
v 0.3288536 6.323784 0.4716922
v 0.3082605 6.282026 0.4716922
v 0.282393 6.243312 0.4716922
v 0.2516936 6.208306 0.4716922
v 0.2166878 6.177607 0.4716921
v 0.1779743 6.15174 0.4716921
v 0.1362156 6.131146 0.4716921
v 0.09212627 6.11618 0.4716921
v 0.04646059 6.107097 0.4716921
v -1.555901e-08 6.104052 0.4716921
v -0.04646066 6.107097 0.4716921
v -0.09212627 6.11618 0.4716921
v -0.1362156 6.131146 0.4716921
v -0.1779743 6.15174 0.4716921
v -0.2166878 6.177607 0.4716921
v -0.2516936 6.208306 0.4716922
v -0.282393 6.243312 0.4716922
v -0.3082605 6.282026 0.4716922
v -0.3288536 6.323784 0.4716922
v -0.3438199 6.367874 0.4716922
v -0.3529034 6.413539 0.4716922
v -0.3559486 6.46 0.4716922
v -0.3529033 6.506461 0.4716922
v -0.3438199 6.552126 0.4716922
v -0.3288536 6.596216 0.4716922
v -0.3082605 6.637974 0.4716922
v -0.2823929 6.676688 0.4716922
v -0.2516936 6.711694 0.4716922
v -0.2166878 6.742393 0.4716922
v -0.1779742 6.76826 0.4716922
v -0.1362155 6.788854 0.4716922
v -0.09212624 6.80382 0.4716922
v -0.04646051 6.812903 0.4716922
v 4.244644e-09 6.815948 0.4716922
v 0.04646068 6.812903 0.4716922
v 0.09212642 6.80382 0.4716922
v 0.1362157 6.788854 0.4716922
v 0.1779742 6.76826 0.4716922
v 0.2166878 6.742393 0.4716922
v 0.2516937 6.711694 0.4716922
v 0.282393 6.676688 0.4716922
v 0.3082606 6.637974 0.4716922
v 0.3288536 6.596216 0.4716922
v 0.3438199 6.552126 0.4716922
v 0.3529034 6.506461 0.4716922
v 0.3559486 6.46 0.4716922
v 0.3655736 6.46 0.4786851
v 0.362446 6.412283 0.4786851
v 0.353117 6.365383 0.4786851
v 0.3377459 6.320101 0.4786851
v 0.316596 6.277213 0.4786851
v 0.290029 6.237453 0.4786851
v 0.2584996 6.2015 0.4786851
v 0.2225471 6.169971 0.4786851
v 0.1827868 6.143404 0.4786851
v 0.1398989 6.122254 0.4786851
v 0.09461741 6.106883 0.4786851
v 0.0477169 6.097554 0.4786851
v -1.597973e-08 6.094427 0.4786851
v -0.04771698 6.097554 0.4786851
v -0.0946174 6.106883 0.4786851
v -0.139899 6.122254 0.4786851
v -0.1827868 6.143404 0.4786851
v -0.2225471 6.169971 0.4786851
v -0.2584996 6.2015 0.4786851
v -0.2900291 6.237453 0.4786851
v -0.316596 6.277213 0.4786851
v -0.337746 6.320101 0.4786851
v -0.353117 6.365383 0.4786851
v -0.362446 6.412283 0.4786851
v -0.3655736 6.46 0.4786851
v -0.362446 6.507717 0.4786851
v -0.3531169 6.554617 0.4786851
v -0.3377459 6.599899 0.4786851
v -0.316596 6.642787 0.4786851
v -0.290029 6.682547 0.4786851
v -0.2584995 6.7185 0.4786851
v -0.2225471 6.750029 0.4786851
v -0.1827867 6.776596 0.4786852
v -0.1398988 6.797746 0.4786852
v -0.09461738 6.813117 0.4786852
v -0.04771683 6.822446 0.4786852
v 4.359421e-09 6.825573 0.4786852
v 0.04771701 6.822446 0.4786852
v 0.09461756 6.813117 0.4786852
v 0.139899 6.797746 0.4786852
v 0.1827867 6.776596 0.4786852
v 0.2225471 6.750029 0.4786851
v 0.2584996 6.7185 0.4786851
v 0.290029 6.682547 0.4786851
v 0.3165961 6.642787 0.4786851
v 0.337746 6.599899 0.4786851
v 0.353117 6.554617 0.4786851
v 0.3624461 6.507717 0.4786851
v 0.3655736 6.46 0.4786851
v 0.36925 6.46 0.49
v 0.366091 6.411803 0.49
v 0.3566681 6.364431 0.49
v 0.3411425 6.318694 0.49
v 0.3197798 6.275375 0.49
v 0.2929457 6.235215 0.49
v 0.2610992 6.198901 0.49
v 0.2247851 6.167054 0.49
v 0.184625 6.14022 0.49
v 0.1413058 6.118857 0.49
v 0.09556894 6.103332 0.49
v 0.04819677 6.093909 0.49
v -1.614043e-08 6.09075 0.49
v -0.04819685 6.093909 0.49
v -0.09556892 6.103332 0.49
v -0.1413059 6.118857 0.49
v -0.184625 6.14022 0.49
v -0.2247851 6.167054 0.49
v -0.2610992 6.198901 0.49
v -0.2929458 6.235215 0.49
v -0.3197798 6.275375 0.49
v -0.3411425 6.318694 0.49
v -0.3566681 6.364431 0.49
v -0.366091 6.411803 0.49
v -0.36925 6.46 0.49
v -0.366091 6.508197 0.49
v -0.3566681 6.555569 0.49
v -0.3411425 6.601306 0.49
v -0.3197798 6.644625 0.49
v -0.2929457 6.684785 0.49
v -0.2610991 6.721099 0.49
v -0.2247852 6.752946 0.49
v -0.1846249 6.77978 0.49
v -0.1413057 6.801143 0.49
v -0.0955689 6.816668 0.49
v -0.04819669 6.826091 0.49
v 4.403262e-09 6.82925 0.49
v 0.04819687 6.826091 0.49
v 0.09556907 6.816668 0.49
v 0.1413059 6.801143 0.49
v 0.1846249 6.77978 0.49
v 0.2247852 6.752946 0.49
v 0.2610992 6.721099 0.49
v 0.2929457 6.684785 0.49
v 0.3197799 6.644625 0.49
v 0.3411425 6.601306 0.49
v 0.3566681 6.555569 0.49
v 0.366091 6.508197 0.49
v 0.36925 6.46 0.49
vt 0 0
vt 0.02083333 0
vt 0.04166667 0
vt 0.0625 0
vt 0.08333334 0
vt 0.1041667 0
vt 0.125 0
vt 0.1458333 0
vt 0.1666667 0
vt 0.1875 0
vt 0.2083333 0
vt 0.2291667 0
vt 0.25 0
vt 0.2708333 0
vt 0.2916667 0
vt 0.3125 0
vt 0.3333333 0
vt 0.3541667 0
vt 0.375 0
vt 0.3958333 0
vt 0.4166667 0
vt 0.4375 0
vt 0.4583333 0
vt 0.4791667 0
vt 0.5 0
vt 0.5208333 0
vt 0.5416667 0
vt 0.5625 0
vt 0.5833333 0
vt 0.6041667 0
vt 0.625 0
vt 0.6458333 0
vt 0.6666667 0
vt 0.6875 0
vt 0.7083333 0
vt 0.7291667 0
vt 0.75 0
vt 0.7708333 0
vt 0.7916667 0
vt 0.8125 0
vt 0.8333333 0
vt 0.8541667 0
vt 0.875 0
vt 0.8958333 0
vt 0.9166667 0
vt 0.9375 0
vt 0.9583333 0
vt 0.9791667 0
vt 1 0
vt 0 0.1
vt 0.02083333 0.1
vt 0.04166667 0.1
vt 0.0625 0.1
vt 0.08333334 0.1
vt 0.1041667 0.1
vt 0.125 0.1
vt 0.1458333 0.1
vt 0.1666667 0.1
vt 0.1875 0.1
vt 0.2083333 0.1
vt 0.2291667 0.1
vt 0.25 0.1
vt 0.2708333 0.1
vt 0.2916667 0.1
vt 0.3125 0.1
vt 0.3333333 0.1
vt 0.3541667 0.1
vt 0.375 0.1
vt 0.3958333 0.1
vt 0.4166667 0.1
vt 0.4375 0.1
vt 0.4583333 0.1
vt 0.4791667 0.1
vt 0.5 0.1
vt 0.5208333 0.1
vt 0.5416667 0.1
vt 0.5625 0.1
vt 0.5833333 0.1
vt 0.6041667 0.1
vt 0.625 0.1
vt 0.6458333 0.1
vt 0.6666667 0.1
vt 0.6875 0.1
vt 0.7083333 0.1
vt 0.7291667 0.1
vt 0.75 0.1
vt 0.7708333 0.1
vt 0.7916667 0.1
vt 0.8125 0.1
vt 0.8333333 0.1
vt 0.8541667 0.1
vt 0.875 0.1
vt 0.8958333 0.1
vt 0.9166667 0.1
vt 0.9375 0.1
vt 0.9583333 0.1
vt 0.9791667 0.1
vt 1 0.1
vt 0 0.2
vt 0.02083333 0.2
vt 0.04166667 0.2
vt 0.0625 0.2
vt 0.08333334 0.2
vt 0.1041667 0.2
vt 0.125 0.2
vt 0.1458333 0.2
vt 0.1666667 0.2
vt 0.1875 0.2
vt 0.2083333 0.2
vt 0.2291667 0.2
vt 0.25 0.2
vt 0.2708333 0.2
vt 0.2916667 0.2
vt 0.3125 0.2
vt 0.3333333 0.2
vt 0.3541667 0.2
vt 0.375 0.2
vt 0.3958333 0.2
vt 0.4166667 0.2
vt 0.4375 0.2
vt 0.4583333 0.2
vt 0.4791667 0.2
vt 0.5 0.2
vt 0.5208333 0.2
vt 0.5416667 0.2
vt 0.5625 0.2
vt 0.5833333 0.2
vt 0.6041667 0.2
vt 0.625 0.2
vt 0.6458333 0.2
vt 0.6666667 0.2
vt 0.6875 0.2
vt 0.7083333 0.2
vt 0.7291667 0.2
vt 0.75 0.2
vt 0.7708333 0.2
vt 0.7916667 0.2
vt 0.8125 0.2
vt 0.8333333 0.2
vt 0.8541667 0.2
vt 0.875 0.2
vt 0.8958333 0.2
vt 0.9166667 0.2
vt 0.9375 0.2
vt 0.9583333 0.2
vt 0.9791667 0.2
vt 1 0.2
vt 0 0.3
vt 0.02083333 0.3
vt 0.04166667 0.3
vt 0.0625 0.3
vt 0.08333334 0.3
vt 0.1041667 0.3
vt 0.125 0.3
vt 0.1458333 0.3
vt 0.1666667 0.3
vt 0.1875 0.3
vt 0.2083333 0.3
vt 0.2291667 0.3
vt 0.25 0.3
vt 0.2708333 0.3
vt 0.2916667 0.3
vt 0.3125 0.3
vt 0.3333333 0.3
vt 0.3541667 0.3
vt 0.375 0.3
vt 0.3958333 0.3
vt 0.4166667 0.3
vt 0.4375 0.3
vt 0.4583333 0.3
vt 0.4791667 0.3
vt 0.5 0.3
vt 0.5208333 0.3
vt 0.5416667 0.3
vt 0.5625 0.3
vt 0.5833333 0.3
vt 0.6041667 0.3
vt 0.625 0.3
vt 0.6458333 0.3
vt 0.6666667 0.3
vt 0.6875 0.3
vt 0.7083333 0.3
vt 0.7291667 0.3
vt 0.75 0.3
vt 0.7708333 0.3
vt 0.7916667 0.3
vt 0.8125 0.3
vt 0.8333333 0.3
vt 0.8541667 0.3
vt 0.875 0.3
vt 0.8958333 0.3
vt 0.9166667 0.3
vt 0.9375 0.3
vt 0.9583333 0.3
vt 0.9791667 0.3
vt 1 0.3
vt 0 0.4
vt 0.02083333 0.4
vt 0.04166667 0.4
vt 0.0625 0.4
vt 0.08333334 0.4
vt 0.1041667 0.4
vt 0.125 0.4
vt 0.1458333 0.4
vt 0.1666667 0.4
vt 0.1875 0.4
vt 0.2083333 0.4
vt 0.2291667 0.4
vt 0.25 0.4
vt 0.2708333 0.4
vt 0.2916667 0.4
vt 0.3125 0.4
vt 0.3333333 0.4
vt 0.3541667 0.4
vt 0.375 0.4
vt 0.3958333 0.4
vt 0.4166667 0.4
vt 0.4375 0.4
vt 0.4583333 0.4
vt 0.4791667 0.4
vt 0.5 0.4
vt 0.5208333 0.4
vt 0.5416667 0.4
vt 0.5625 0.4
vt 0.5833333 0.4
vt 0.6041667 0.4
vt 0.625 0.4
vt 0.6458333 0.4
vt 0.6666667 0.4
vt 0.6875 0.4
vt 0.7083333 0.4
vt 0.7291667 0.4
vt 0.75 0.4
vt 0.7708333 0.4
vt 0.7916667 0.4
vt 0.8125 0.4
vt 0.8333333 0.4
vt 0.8541667 0.4
vt 0.875 0.4
vt 0.8958333 0.4
vt 0.9166667 0.4
vt 0.9375 0.4
vt 0.9583333 0.4
vt 0.9791667 0.4
vt 1 0.4
vt 0 0.5
vt 0.02083333 0.5
vt 0.04166667 0.5
vt 0.0625 0.5
vt 0.08333334 0.5
vt 0.1041667 0.5
vt 0.125 0.5
vt 0.1458333 0.5
vt 0.1666667 0.5
vt 0.1875 0.5
vt 0.2083333 0.5
vt 0.2291667 0.5
vt 0.25 0.5
vt 0.2708333 0.5
vt 0.2916667 0.5
vt 0.3125 0.5
vt 0.3333333 0.5
vt 0.3541667 0.5
vt 0.375 0.5
vt 0.3958333 0.5
vt 0.4166667 0.5
vt 0.4375 0.5
vt 0.4583333 0.5
vt 0.4791667 0.5
vt 0.5 0.5
vt 0.5208333 0.5
vt 0.5416667 0.5
vt 0.5625 0.5
vt 0.5833333 0.5
vt 0.6041667 0.5
vt 0.625 0.5
vt 0.6458333 0.5
vt 0.6666667 0.5
vt 0.6875 0.5
vt 0.7083333 0.5
vt 0.7291667 0.5
vt 0.75 0.5
vt 0.7708333 0.5
vt 0.7916667 0.5
vt 0.8125 0.5
vt 0.8333333 0.5
vt 0.8541667 0.5
vt 0.875 0.5
vt 0.8958333 0.5
vt 0.9166667 0.5
vt 0.9375 0.5
vt 0.9583333 0.5
vt 0.9791667 0.5
vt 1 0.5
vt 0 0.6
vt 0.02083333 0.6
vt 0.04166667 0.6
vt 0.0625 0.6
vt 0.08333334 0.6
vt 0.1041667 0.6
vt 0.125 0.6
vt 0.1458333 0.6
vt 0.1666667 0.6
vt 0.1875 0.6
vt 0.2083333 0.6
vt 0.2291667 0.6
vt 0.25 0.6
vt 0.2708333 0.6
vt 0.2916667 0.6
vt 0.3125 0.6
vt 0.3333333 0.6
vt 0.3541667 0.6
vt 0.375 0.6
vt 0.3958333 0.6
vt 0.4166667 0.6
vt 0.4375 0.6
vt 0.4583333 0.6
vt 0.4791667 0.6
vt 0.5 0.6
vt 0.5208333 0.6
vt 0.5416667 0.6
vt 0.5625 0.6
vt 0.5833333 0.6
vt 0.6041667 0.6
vt 0.625 0.6
vt 0.6458333 0.6
vt 0.6666667 0.6
vt 0.6875 0.6
vt 0.7083333 0.6
vt 0.7291667 0.6
vt 0.75 0.6
vt 0.7708333 0.6
vt 0.7916667 0.6
vt 0.8125 0.6
vt 0.8333333 0.6
vt 0.8541667 0.6
vt 0.875 0.6
vt 0.8958333 0.6
vt 0.9166667 0.6
vt 0.9375 0.6
vt 0.9583333 0.6
vt 0.9791667 0.6
vt 1 0.6
vt 0 0.7
vt 0.02083333 0.7
vt 0.04166667 0.7
vt 0.0625 0.7
vt 0.08333334 0.7
vt 0.1041667 0.7
vt 0.125 0.7
vt 0.1458333 0.7
vt 0.1666667 0.7
vt 0.1875 0.7
vt 0.2083333 0.7
vt 0.2291667 0.7
vt 0.25 0.7
vt 0.2708333 0.7
vt 0.2916667 0.7
vt 0.3125 0.7
vt 0.3333333 0.7
vt 0.3541667 0.7
vt 0.375 0.7
vt 0.3958333 0.7
vt 0.4166667 0.7
vt 0.4375 0.7
vt 0.4583333 0.7
vt 0.4791667 0.7
vt 0.5 0.7
vt 0.5208333 0.7
vt 0.5416667 0.7
vt 0.5625 0.7
vt 0.5833333 0.7
vt 0.6041667 0.7
vt 0.625 0.7
vt 0.6458333 0.7
vt 0.6666667 0.7
vt 0.6875 0.7
vt 0.7083333 0.7
vt 0.7291667 0.7
vt 0.75 0.7
vt 0.7708333 0.7
vt 0.7916667 0.7
vt 0.8125 0.7
vt 0.8333333 0.7
vt 0.8541667 0.7
vt 0.875 0.7
vt 0.8958333 0.7
vt 0.9166667 0.7
vt 0.9375 0.7
vt 0.9583333 0.7
vt 0.9791667 0.7
vt 1 0.7
vt 0 0.8
vt 0.02083333 0.8
vt 0.04166667 0.8
vt 0.0625 0.8
vt 0.08333334 0.8
vt 0.1041667 0.8
vt 0.125 0.8
vt 0.1458333 0.8
vt 0.1666667 0.8
vt 0.1875 0.8
vt 0.2083333 0.8
vt 0.2291667 0.8
vt 0.25 0.8
vt 0.2708333 0.8
vt 0.2916667 0.8
vt 0.3125 0.8
vt 0.3333333 0.8
vt 0.3541667 0.8
vt 0.375 0.8
vt 0.3958333 0.8
vt 0.4166667 0.8
vt 0.4375 0.8
vt 0.4583333 0.8
vt 0.4791667 0.8
vt 0.5 0.8
vt 0.5208333 0.8
vt 0.5416667 0.8
vt 0.5625 0.8
vt 0.5833333 0.8
vt 0.6041667 0.8
vt 0.625 0.8
vt 0.6458333 0.8
vt 0.6666667 0.8
vt 0.6875 0.8
vt 0.7083333 0.8
vt 0.7291667 0.8
vt 0.75 0.8
vt 0.7708333 0.8
vt 0.7916667 0.8
vt 0.8125 0.8
vt 0.8333333 0.8
vt 0.8541667 0.8
vt 0.875 0.8
vt 0.8958333 0.8
vt 0.9166667 0.8
vt 0.9375 0.8
vt 0.9583333 0.8
vt 0.9791667 0.8
vt 1 0.8
vt 0 0.9
vt 0.02083333 0.9
vt 0.04166667 0.9
vt 0.0625 0.9
vt 0.08333334 0.9
vt 0.1041667 0.9
vt 0.125 0.9
vt 0.1458333 0.9
vt 0.1666667 0.9
vt 0.1875 0.9
vt 0.2083333 0.9
vt 0.2291667 0.9
vt 0.25 0.9
vt 0.2708333 0.9
vt 0.2916667 0.9
vt 0.3125 0.9
vt 0.3333333 0.9
vt 0.3541667 0.9
vt 0.375 0.9
vt 0.3958333 0.9
vt 0.4166667 0.9
vt 0.4375 0.9
vt 0.4583333 0.9
vt 0.4791667 0.9
vt 0.5 0.9
vt 0.5208333 0.9
vt 0.5416667 0.9
vt 0.5625 0.9
vt 0.5833333 0.9
vt 0.6041667 0.9
vt 0.625 0.9
vt 0.6458333 0.9
vt 0.6666667 0.9
vt 0.6875 0.9
vt 0.7083333 0.9
vt 0.7291667 0.9
vt 0.75 0.9
vt 0.7708333 0.9
vt 0.7916667 0.9
vt 0.8125 0.9
vt 0.8333333 0.9
vt 0.8541667 0.9
vt 0.875 0.9
vt 0.8958333 0.9
vt 0.9166667 0.9
vt 0.9375 0.9
vt 0.9583333 0.9
vt 0.9791667 0.9
vt 1 0.9
vt 0 1
vt 0.02083333 1
vt 0.04166667 1
vt 0.0625 1
vt 0.08333334 1
vt 0.1041667 1
vt 0.125 1
vt 0.1458333 1
vt 0.1666667 1
vt 0.1875 1
vt 0.2083333 1
vt 0.2291667 1
vt 0.25 1
vt 0.2708333 1
vt 0.2916667 1
vt 0.3125 1
vt 0.3333333 1
vt 0.3541667 1
vt 0.375 1
vt 0.3958333 1
vt 0.4166667 1
vt 0.4375 1
vt 0.4583333 1
vt 0.4791667 1
vt 0.5 1
vt 0.5208333 1
vt 0.5416667 1
vt 0.5625 1
vt 0.5833333 1
vt 0.6041667 1
vt 0.625 1
vt 0.6458333 1
vt 0.6666667 1
vt 0.6875 1
vt 0.7083333 1
vt 0.7291667 1
vt 0.75 1
vt 0.7708333 1
vt 0.7916667 1
vt 0.8125 1
vt 0.8333333 1
vt 0.8541667 1
vt 0.875 1
vt 0.8958333 1
vt 0.9166667 1
vt 0.9375 1
vt 0.9583333 1
vt 0.9791667 1
vt 1 1
vn 1 0 0
vn 0.9914405 -0.1305596 -5.70694e-09
vn 0.9659338 -0.2587893 -1.131204e-08
vn 0.9238681 -0.3827109 -1.672882e-08
vn 0.8660119 -0.5000234 -2.185672e-08
vn 0.7933555 -0.6087586 -2.660969e-08
vn 0.7071217 -0.7070918 -3.090797e-08
vn 0.6087543 -0.7933587 -3.467881e-08
vn 0.5000139 -0.8660173 -3.785482e-08
vn 0.3826959 -0.9238743 -4.038383e-08
vn 0.258849 -0.9659178 -4.222161e-08
vn 0.1305615 -0.9914402 -4.333723e-08
vn 0 -1 -4.371139e-08
vn -0.1305625 -0.9914401 -4.333722e-08
vn -0.258793 -0.9659328 -4.222226e-08
vn -0.3826906 -0.9238765 -4.038392e-08
vn -0.5000009 -0.8660248 -3.785514e-08
vn -0.6087732 -0.7933444 -3.467818e-08
vn -0.7071068 -0.7071068 -3.090862e-08
vn -0.7933587 -0.6087543 -2.66095e-08
vn -0.8660248 -0.5000009 -2.185573e-08
vn -0.9238743 -0.3826959 -1.672817e-08
vn -0.9659338 -0.2587893 -1.131204e-08
vn -0.9914478 -0.1305036 -5.704491e-09
vn -1 0 0
vn -0.9914424 0.130545 5.706303e-09
vn -0.9659278 0.2588115 1.131301e-08
vn -0.9238707 0.3827047 1.672855e-08
vn -0.8660254 0.5 2.185569e-08
vn -0.7933497 0.6087662 2.661002e-08
vn -0.7071068 0.7071068 3.090862e-08
vn -0.6087807 0.7933385 3.467793e-08
vn -0.5 0.8660254 3.785517e-08
vn -0.3826959 0.9238743 4.038383e-08
vn -0.2588412 0.9659199 4.22217e-08
vn -0.1305285 0.9914445 4.333742e-08
vn -0 1 4.371139e-08
vn 0.1305615 0.9914402 4.333723e-08
vn 0.2588452 0.9659188 4.222165e-08
vn 0.3826879 0.9238777 4.038398e-08
vn 0.5 0.8660254 3.785517e-08
vn 0.6087473 0.7933642 3.467905e-08
vn 0.7071068 0.7071068 3.090862e-08
vn 0.793353 0.6087618 2.660982e-08
vn 0.8660254 0.5 2.185569e-08
vn 0.9238755 0.3826932 1.672805e-08
vn 0.9659338 0.2587893 1.131204e-08
vn 0.9914443 0.1305305 5.705668e-09
vn 1 0 0
vn 0.8091213 -2.568663e-08 0.5876417
vn 0.8019943 -0.1055963 0.587924
vn 0.7813483 -0.2093359 0.5879399
vn 0.7475293 -0.3096671 0.5876277
vn 0.7007216 -0.4045942 0.5876162
vn 0.6419011 -0.4925586 0.5876638
vn 0.5720553 -0.5720308 0.5878209
vn 0.492555 -0.6419039 0.5876639
vn 0.4045758 -0.7007322 0.5876161
vn 0.3096749 -0.7475827 0.5875556
vn 0.2093846 -0.7813353 0.5879398
vn 0.1055987 -0.801994 0.5879239
vn 0 -0.8091213 0.5876416
vn -0.1055998 -0.8020028 0.5879117
vn -0.2093389 -0.7813476 0.5879398
vn -0.3096505 -0.7475362 0.5876276
vn -0.4045758 -0.7007322 0.5876161
vn -0.4925705 -0.6418921 0.5876639
vn -0.5720431 -0.5720431 0.5878209
vn -0.6419039 -0.4925551 0.5876639
vn -0.7007322 -0.4045758 0.5876162
vn -0.7475827 -0.3096749 0.5875556
vn -0.7818586 -0.2094726 0.5872124
vn -0.8020002 -0.1055505 0.5879239
vn -0.8091213 -2.568663e-08 0.5876417
vn -0.8019957 0.1055852 0.587924
vn -0.7818536 0.2094907 0.5872124
vn -0.7475798 0.309682 0.5875556
vn -0.7007327 0.4045749 0.5876161
vn -0.6419055 0.4925529 0.5876639
vn -0.5721797 0.5721797 0.5875548
vn -0.4925647 0.6418965 0.5876638
vn -0.404575 0.7007326 0.5876161
vn -0.3096748 0.7475826 0.5875557
vn -0.209515 0.7818471 0.5872125
vn -0.1055717 0.8019974 0.587924
vn 0 0.8091213 0.5876417
vn 0.1055979 0.801994 0.587924
vn 0.2093816 0.7813361 0.5879398
vn 0.3096726 0.7475836 0.5875556
vn 0.404575 0.7007326 0.5876161
vn 0.4925374 0.6419174 0.5876639
vn 0.5721797 0.5721797 0.5875548
vn 0.6418992 0.4925611 0.5876639
vn 0.7007327 0.4045749 0.5876161
vn 0.7475836 0.3096726 0.5875556
vn 0.7818586 0.2094725 0.5872124
vn 0.8019974 0.1055725 0.5879239
vn 0.8091213 -2.568663e-08 0.5876416
vn 0.3090601 -4.157139e-08 0.9510425
vn 0.3063941 -0.04033756 0.9510497
vn 0.2984789 -0.07996655 0.9510603
vn 0.2855455 -0.1182774 0.9510384
vn 0.2677033 -0.1545633 0.9510232
vn 0.245211 -0.1881486 0.9510372
vn 0.218468 -0.2184585 0.951077
vn 0.1881471 -0.2452121 0.9510372
vn 0.1545602 -0.2677051 0.9510232
vn 0.118285 -0.2855775 0.9510279
vn 0.07997669 -0.2984762 0.9510603
vn 0.04033814 -0.3063941 0.9510497
vn 0 -0.3090601 0.9510425
vn -0.04033742 -0.3063886 0.9510515
vn -0.07997788 -0.2984759 0.9510603
vn -0.1182709 -0.2855482 0.9510384
vn -0.1545602 -0.2677051 0.9510232
vn -0.1881532 -0.2452075 0.9510371
vn -0.2184632 -0.2184633 0.951077
vn -0.2452121 -0.1881472 0.9510372
vn -0.2677051 -0.1545603 0.9510232
vn -0.2855476 -0.1182726 0.9510384
vn -0.2984762 -0.07997672 0.9510603
vn -0.3063965 -0.04031929 0.9510497
vn -0.3090601 -4.157139e-08 0.9510425
vn -0.3063947 0.04033313 0.9510497
vn -0.2984766 0.07997479 0.9510603
vn -0.2855763 0.1182877 0.951028
vn -0.2677052 0.1545599 0.9510232
vn -0.2452092 0.1881509 0.9510372
vn -0.2184632 0.2184632 0.9510771
vn -0.1881556 0.2452056 0.9510372
vn -0.1545599 0.2677052 0.9510232
vn -0.1182726 0.2855475 0.9510384
vn -0.0799754 0.2984765 0.9510603
vn -0.04034637 0.3063874 0.9510515
vn 0 0.3090601 0.9510425
vn 0.04033742 0.3063886 0.9510515
vn 0.07997548 0.2984764 0.9510603
vn 0.1182717 0.2855479 0.9510384
vn 0.1545599 0.2677052 0.9510232
vn 0.1881449 0.2452138 0.9510372
vn 0.2184632 0.2184632 0.9510771
vn 0.2452103 0.1881495 0.9510372
vn 0.2677052 0.1545599 0.9510232
vn 0.2855778 0.1182841 0.951028
vn 0.2984789 0.07996647 0.9510603
vn 0.3063899 0.04032744 0.9510515
vn 0.3090601 -4.157139e-08 0.9510425
vn -0.3090601 -4.157139e-08 0.9510425
vn -0.3065545 0.04036165 0.950997
vn -0.2984783 0.07996859 0.9510603
vn -0.2855409 0.1182885 0.9510384
vn -0.2677041 0.1545618 0.9510232
vn -0.2452086 0.1881516 0.9510372
vn -0.2184682 0.2184582 0.9510771
vn -0.1881502 0.2452097 0.9510372
vn -0.1545587 0.2677059 0.9510232
vn -0.1182836 0.2855429 0.9510384
vn -0.07997915 0.2984755 0.9510603
vn -0.04036234 0.3065543 0.950997
vn 0 0.3090601 0.9510425
vn 0.04036234 0.3065543 0.950997
vn 0.07997915 0.2984755 0.9510603
vn 0.1182818 0.2855437 0.9510385
vn 0.1545566 0.2677071 0.9510232
vn 0.1881565 0.2452049 0.9510372
vn 0.2184632 0.2184632 0.9510771
vn 0.2452097 0.1881502 0.9510372
vn 0.2677072 0.1545565 0.9510232
vn 0.285543 0.1182836 0.9510384
vn 0.2984758 0.07997787 0.9510603
vn 0.3065557 0.04035252 0.950997
vn 0.3090601 -4.157139e-08 0.9510425
vn 0.3065551 -0.04035724 0.950997
vn 0.2984549 -0.07997161 0.9510674
vn 0.2855417 -0.1182865 0.9510384
vn 0.2677061 -0.1545585 0.9510232
vn 0.245203 -0.188159 0.9510372
vn 0.2185477 -0.2185478 0.9510382
vn 0.188159 -0.2452031 0.9510372
vn 0.1545563 -0.2677074 0.9510232
vn 0.1182836 -0.285543 0.9510384
vn 0.07997782 -0.2984759 0.9510603
vn 0.04035237 -0.3065557 0.950997
vn 0 -0.3090601 0.9510425
vn -0.04036307 -0.3065599 0.9509952
vn -0.07997791 -0.2984759 0.9510603
vn -0.1182827 -0.2855434 0.9510384
vn -0.1545584 -0.2677061 0.9510232
vn -0.1881479 -0.2452116 0.9510372
vn -0.2185477 -0.2185477 0.9510382
vn -0.2452078 -0.1881528 0.9510372
vn -0.2677061 -0.1545585 0.9510232
vn -0.2855434 -0.1182827 0.9510384
vn -0.2984783 -0.07996867 0.9510603
vn -0.3063949 -0.04033158 0.9510497
vn -0.3090601 -4.157139e-08 0.9510425
vn -0.8088355 -2.570382e-08 0.5880349
vn -0.801984 0.1055793 0.587941
vn -0.7810629 0.2092646 0.5883444
vn -0.7472934 0.3095442 0.5879924
vn -0.7004602 0.4044117 0.5880532
vn -0.641736 0.4923972 0.5879795
vn -0.5720477 0.5720209 0.5878381
vn -0.4923933 0.641739 0.5879795
vn -0.4044032 0.7004651 0.5880533
vn -0.3095308 0.7472989 0.5879924
vn -0.2092929 0.7810552 0.5883443
vn -0.1055802 0.8019838 0.5879411
vn 0 0.8088354 0.588035
vn 0.10558 0.8019794 0.5879472
vn 0.2092929 0.7810552 0.5883443
vn 0.3095261 0.7473008 0.5879924
vn 0.4043974 0.7004684 0.5880532
vn 0.4924102 0.641726 0.5879795
vn 0.5720343 0.5720343 0.5878381
vn 0.641739 0.4923933 0.5879795
vn 0.7004685 0.4043974 0.5880532
vn 0.7472989 0.3095308 0.5879924
vn 0.7810557 0.2092912 0.5883443
vn 0.8019873 0.1055539 0.5879411
vn 0.8088354 -2.570383e-08 0.588035
vn 0.8019855 -0.1055677 0.5879411
vn 0.7810562 -0.2092895 0.5883443
vn 0.7472956 -0.3095387 0.5879924
vn 0.7004622 -0.4044082 0.5880532
vn 0.6415888 -0.4923156 0.5882084
vn 0.5720343 -0.5720343 0.587838
vn 0.4924298 -0.641711 0.5879795
vn 0.4043966 -0.700469 0.5880532
vn 0.3095308 -0.7472989 0.5879923
vn 0.2092927 -0.7810554 0.5883443
vn 0.105581 -0.8019838 0.5879411
vn 0 -0.8088355 0.5880349
vn -0.1055811 -0.8019838 0.5879411
vn -0.2092867 -0.7810386 0.5883687
vn -0.3095284 -0.7472999 0.5879923
vn -0.4044024 -0.7004656 0.5880532
vn -0.4922987 -0.6416018 0.5882084
vn -0.5720343 -0.5720343 0.5878381
vn -0.6417338 -0.4924001 0.5879795
vn -0.7004622 -0.4044082 0.5880532
vn -0.7472999 -0.3095284 0.5879924
vn -0.7810628 -0.2092647 0.5883443
vn -0.8019837 -0.1055814 0.5879411
vn -0.8088354 -2.570382e-08 0.588035
vn -1 0 -0
vn -0.991444 0.1305328 5.705772e-09
vn -0.9659316 0.2587976 1.13124e-08
vn -0.9238753 0.3826936 1.672807e-08
vn -0.8660209 0.5000077 2.185603e-08
vn -0.7933424 0.6087757 2.661043e-08
vn -0.7071235 0.7070901 3.090789e-08
vn -0.6087546 0.7933585 3.46788e-08
vn -0.4999971 0.8660271 3.785524e-08
vn -0.3826769 0.9238822 4.038417e-08
vn -0.2588309 0.9659227 4.222182e-08
vn -0.1305345 0.9914438 4.333738e-08
vn -0 1 4.371139e-08
vn 0.130535 0.9914437 4.333738e-08
vn 0.258833 0.9659221 4.222179e-08
vn 0.3826995 0.9238728 4.038376e-08
vn 0.4999899 0.8660312 3.785543e-08
vn 0.6087757 0.7933424 3.46781e-08
vn 0.7071068 0.7071068 3.090862e-08
vn 0.7933623 0.6087497 2.66093e-08
vn 0.8660312 0.4999899 2.185525e-08
vn 0.9238822 0.3826769 1.672734e-08
vn 0.9659238 0.2588267 1.131367e-08
vn 0.991448 0.1305021 5.704428e-09
vn 1 0 0
vn 0.9914459 -0.1305182 -5.705133e-09
vn 0.9659238 -0.2588265 -1.131367e-08
vn 0.9238782 -0.3826866 -1.672776e-08
vn 0.8660276 -0.4999961 -2.185552e-08
vn 0.7933683 -0.6087419 -2.660895e-08
vn 0.7071068 -0.7071068 -3.090862e-08
vn 0.6087742 -0.7933435 -3.467814e-08
vn 0.4999889 -0.8660318 -3.785545e-08
vn 0.382671 -0.9238847 -4.038428e-08
vn 0.2588305 -0.9659228 -4.222182e-08
vn 0.1305349 -0.9914437 -4.333738e-08
vn 0 -1 -4.371139e-08
vn -0.1305345 -0.9914438 -4.333738e-08
vn -0.2588267 -0.9659238 -4.222187e-08
vn -0.3826738 -0.9238835 -4.038423e-08
vn -0.4999961 -0.8660276 -3.785527e-08
vn -0.608737 -0.7933721 -3.46794e-08
vn -0.7071068 -0.7071068 -3.090862e-08
vn -0.7933435 -0.6087742 -2.661036e-08
vn -0.8660235 -0.5000033 -2.185584e-08
vn -0.9238811 -0.3826798 -1.672746e-08
vn -0.9659316 -0.2587976 -1.13124e-08
vn -0.9914436 -0.130536 -5.705908e-09
vn -1 0 -0
vn -0.8088852 2.570084e-08 -0.5879666
vn -0.8020332 0.1055858 -0.5878727
vn -0.7811109 0.2092775 -0.588276
vn -0.7473392 0.3095632 -0.587924
vn -0.7005032 0.4044366 -0.5879849
vn -0.6417753 0.4924275 -0.5879111
vn -0.5720827 0.572056 -0.5877697
vn -0.4924236 0.6417783 -0.5879112
vn -0.4044282 0.7005082 -0.5879849
vn -0.3095498 0.7473448 -0.587924
vn -0.2093058 0.7811034 -0.588276
vn -0.1055867 0.8020331 -0.5878727
vn -0 0.8088852 -0.5879666
vn 0.1055865 0.8020287 -0.5878788
vn 0.2093058 0.7811034 -0.588276
vn 0.3095451 0.7473468 -0.5879239
vn 0.4044223 0.7005115 -0.5879848
vn 0.4924405 0.6417654 -0.5879111
vn 0.5720693 0.5720693 -0.5877697
vn 0.6417783 0.4924236 -0.5879112
vn 0.7005115 0.4044223 -0.5879849
vn 0.7473447 0.3095498 -0.587924
vn 0.7811038 0.2093042 -0.588276
vn 0.8020366 0.1055604 -0.5878727
vn 0.8088852 2.570084e-08 -0.5879666
vn 0.8020348 -0.1055741 -0.5878727
vn 0.7811043 -0.2093023 -0.588276
vn 0.7473415 -0.3095576 -0.587924
vn 0.7005053 -0.4044331 -0.5879849
vn 0.6416283 -0.4923458 -0.5881401
vn 0.5720693 -0.5720693 -0.5877697
vn 0.49246 -0.6417503 -0.5879111
vn 0.4044215 -0.7005119 -0.5879849
vn 0.3095498 -0.7473447 -0.5879241
vn 0.2093056 -0.7811034 -0.588276
vn 0.1055874 -0.8020329 -0.5878727
vn 0 -0.8088852 -0.5879667
vn -0.1055875 -0.8020329 -0.5878727
vn -0.2092996 -0.7810867 -0.5883003
vn -0.3095474 -0.7473457 -0.587924
vn -0.4044273 -0.7005086 -0.5879849
vn -0.492329 -0.6416412 -0.5881401
vn -0.5720693 -0.5720693 -0.5877697
vn -0.6417732 -0.4924302 -0.5879112
vn -0.7005053 -0.4044331 -0.5879849
vn -0.7473458 -0.3095474 -0.587924
vn -0.7811109 -0.2092775 -0.588276
vn -0.8020329 -0.1055878 -0.5878727
vn -0.8088852 2.570084e-08 -0.5879666
vn -0.3089561 4.157286e-08 -0.9510763
vn -0.3064528 0.04034834 -0.9510304
vn -0.2983624 0.07993761 -0.9510993
vn -0.2854269 0.1182414 -0.9510786
vn -0.2675971 0.1545001 -0.9510634
vn -0.2450723 0.1880471 -0.951093
vn -0.2183453 0.2183354 -0.9511335
vn -0.1880456 0.2450734 -0.951093
vn -0.154497 0.2675989 -0.9510634
vn -0.1182487 0.2854588 -0.951068
vn -0.0799481 0.2983596 -0.9510993
vn -0.04034895 0.3064527 -0.9510304
vn -0 0.3089561 -0.9510763
vn 0.04034822 0.3064471 -0.9510321
vn 0.0799481 0.2983596 -0.9510993
vn 0.1182346 0.2854297 -0.9510786
vn 0.1544948 0.2676001 -0.9510633
vn 0.1880519 0.2450686 -0.951093
vn 0.2183404 0.2183404 -0.9511335
vn 0.2450734 0.1880457 -0.951093
vn 0.2676001 0.1544948 -0.9510633
vn 0.2854588 0.1182488 -0.951068
vn 0.2983599 0.07994689 -0.9510993
vn 0.3064539 0.04033921 -0.9510304
vn 0.3089561 4.157286e-08 -0.9510763
vn 0.3064533 -0.04034375 -0.9510304
vn 0.2983601 -0.07994615 -0.9510993
vn 0.2854576 -0.1182516 -0.9510681
vn 0.2675991 -0.1544966 -0.9510634
vn 0.2450667 -0.1880543 -0.951093
vn 0.2184247 -0.2184247 -0.9510947
vn 0.1880544 -0.2450667 -0.951093
vn 0.1544945 -0.2676003 -0.9510634
vn 0.1182487 -0.2854588 -0.9510681
vn 0.07994676 -0.2983599 -0.9510993
vn 0.04033897 -0.3064539 -0.9510304
vn 0 -0.3089561 -0.9510763
vn -0.04034895 -0.3064526 -0.9510304
vn -0.07995251 -0.298381 -0.9510922
vn -0.1182355 -0.2854293 -0.9510786
vn -0.1544967 -0.2675991 -0.9510634
vn -0.1880433 -0.2450751 -0.951093
vn -0.2184247 -0.2184247 -0.9510947
vn -0.2450715 -0.1880481 -0.951093
vn -0.2675991 -0.1544966 -0.9510634
vn -0.2854592 -0.1182478 -0.9510681
vn -0.2983624 -0.07993754 -0.9510993
vn -0.3064539 -0.04033926 -0.9510304
vn -0.3089561 4.157286e-08 -0.9510763
vn 0.3091251 4.157046e-08 -0.9510214
vn 0.3064586 -0.04034597 -0.9510286
vn 0.2985417 -0.07998329 -0.9510391
vn 0.2856056 -0.1183022 -0.9510173
vn 0.2677596 -0.1545957 -0.9510021
vn 0.2452626 -0.1881881 -0.951016
vn 0.218514 -0.2185043 -0.951056
vn 0.1881867 -0.2452636 -0.951016
vn 0.1545927 -0.2677613 -0.9510021
vn 0.1183099 -0.2856375 -0.9510068
vn 0.0799935 -0.2985389 -0.9510391
vn 0.04034663 -0.3064585 -0.9510286
vn 0 -0.309125 -0.9510214
vn -0.04034591 -0.306453 -0.9510303
vn -0.07999469 -0.2985386 -0.9510391
vn -0.1182958 -0.2856083 -0.9510173
vn -0.1545927 -0.2677613 -0.9510021
vn -0.1881928 -0.245259 -0.951016
vn -0.2185092 -0.2185091 -0.951056
vn -0.2452637 -0.1881867 -0.951016
vn -0.2677613 -0.1545927 -0.9510021
vn -0.2856076 -0.1182974 -0.9510173
vn -0.2985389 -0.07999346 -0.9510391
vn -0.306461 -0.04032769 -0.9510286
vn -0.309125 4.157046e-08 -0.9510214
vn -0.3064591 0.0403417 -0.9510285
vn -0.2985394 0.07999169 -0.9510391
vn -0.2856363 0.1183127 -0.9510069
vn -0.2677616 0.1545925 -0.9510021
vn -0.2452608 0.1881906 -0.951016
vn -0.2185092 0.2185092 -0.9510559
vn -0.1881952 0.2452572 -0.951016
vn -0.1545924 0.2677616 -0.9510021
vn -0.1182975 0.2856076 -0.9510173
vn -0.07999222 0.2985393 -0.9510392
vn -0.04035485 0.3064519 -0.9510303
vn 0 0.3091251 -0.9510214
vn 0.04034591 0.306453 -0.9510303
vn 0.07999229 0.2985393 -0.9510391
vn 0.1182966 0.285608 -0.9510173
vn 0.1545924 0.2677616 -0.9510021
vn 0.1881845 0.2452655 -0.951016
vn 0.2185092 0.2185092 -0.9510559
vn 0.2452618 0.1881892 -0.951016
vn 0.2677616 0.1545925 -0.9510021
vn 0.2856379 0.118309 -0.9510068
vn 0.2985417 0.07998338 -0.9510391
vn 0.3064543 0.04033601 -0.9510304
vn 0.3091251 4.157046e-08 -0.9510214
vn 0.8091834 2.56829e-08 -0.5875562
vn 0.8020558 -0.1056044 -0.5878386
vn 0.7814084 -0.2093519 -0.5878544
vn 0.7475865 -0.3096908 -0.5875422
vn 0.7007753 -0.4046251 -0.5875308
vn 0.6419504 -0.4925963 -0.5875785
vn 0.5720992 -0.5720747 -0.5877355
vn 0.4925928 -0.6419532 -0.5875785
vn 0.4046067 -0.7007859 -0.5875308
vn 0.3096986 -0.7476399 -0.5874702
vn 0.2094007 -0.7813953 -0.5878544
vn 0.1056068 -0.8020554 -0.5878386
vn 0 -0.8091834 -0.5875562
vn -0.1056079 -0.8020643 -0.5878264
vn -0.209355 -0.7814075 -0.5878544
vn -0.3096743 -0.7475934 -0.5875422
vn -0.4046067 -0.7007859 -0.5875308
vn -0.4926082 -0.6419413 -0.5875785
vn -0.5720869 -0.5720869 -0.5877355
vn -0.6419532 -0.4925928 -0.5875785
vn -0.7007859 -0.4046067 -0.5875308
vn -0.74764 -0.3096986 -0.5874702
vn -0.7819184 -0.2094886 -0.587127
vn -0.8020618 -0.1055586 -0.5878386
vn -0.8091834 2.56829e-08 -0.5875562
vn -0.8020573 0.1055933 -0.5878385
vn -0.7819135 0.2095068 -0.587127
vn -0.747637 0.3097058 -0.5874702
vn -0.7007864 0.404606 -0.5875308
vn -0.6419548 0.4925907 -0.5875785
vn -0.5722236 0.5722236 -0.5874693
vn -0.4926025 0.6419457 -0.5875785
vn -0.404606 0.7007864 -0.5875307
vn -0.3096986 0.74764 -0.5874702
vn -0.209531 0.7819071 -0.587127
vn -0.1055798 0.8020591 -0.5878385
vn 0 0.8091834 -0.5875562
vn 0.105606 0.8020557 -0.5878385
vn 0.2093977 0.7813962 -0.5878543
vn 0.3096964 0.7476409 -0.5874701
vn 0.404606 0.7007864 -0.5875307
vn 0.4925752 0.6419665 -0.5875785
vn 0.5722236 0.5722236 -0.5874693
vn 0.6419485 0.4925989 -0.5875784
vn 0.7007864 0.404606 -0.5875308
vn 0.7476408 0.3096964 -0.5874702
vn 0.7819184 0.2094886 -0.587127
vn 0.8020589 0.1055807 -0.5878386
vn 0.8091834 2.56829e-08 -0.5875562
vn 1 0 0
vn 0.9914405 -0.1305596 -5.706939e-09
vn 0.9659338 -0.2587893 -1.131204e-08
vn 0.9238681 -0.3827109 -1.672882e-08
vn 0.8660119 -0.5000234 -2.185672e-08
vn 0.7933555 -0.6087587 -2.660969e-08
vn 0.7071217 -0.7070917 -3.090796e-08
vn 0.6087543 -0.7933587 -3.467881e-08
vn 0.5000139 -0.8660173 -3.785482e-08
vn 0.3826959 -0.9238743 -4.038383e-08
vn 0.2588489 -0.9659178 -4.222161e-08
vn 0.1305615 -0.9914402 -4.333723e-08
vn 0 -1 -4.371139e-08
vn -0.1305625 -0.9914401 -4.333722e-08
vn -0.258793 -0.9659328 -4.222226e-08
vn -0.3826906 -0.9238765 -4.038392e-08
vn -0.5000009 -0.8660248 -3.785514e-08
vn -0.6087732 -0.7933444 -3.467818e-08
vn -0.7071068 -0.7071068 -3.090862e-08
vn -0.7933587 -0.6087543 -2.660949e-08
vn -0.8660248 -0.5000009 -2.185573e-08
vn -0.9238743 -0.3826959 -1.672817e-08
vn -0.9659338 -0.2587893 -1.131204e-08
vn -0.9914478 -0.1305036 -5.704491e-09
vn -1 0 0
vn -0.9914424 0.130545 5.706304e-09
vn -0.9659278 0.2588115 1.131301e-08
vn -0.9238707 0.3827047 1.672855e-08
vn -0.8660254 0.5 2.185569e-08
vn -0.7933497 0.6087661 2.661001e-08
vn -0.7071068 0.7071068 3.090862e-08
vn -0.6087806 0.7933386 3.467793e-08
vn -0.5 0.8660254 3.785517e-08
vn -0.3826959 0.9238743 4.038383e-08
vn -0.2588412 0.9659199 4.22217e-08
vn -0.1305285 0.9914445 4.333742e-08
vn -0 1 4.371139e-08
vn 0.1305615 0.9914402 4.333723e-08
vn 0.2588452 0.9659188 4.222165e-08
vn 0.3826879 0.9238777 4.038397e-08
vn 0.5 0.8660254 3.785517e-08
vn 0.6087473 0.7933642 3.467905e-08
vn 0.7071068 0.7071068 3.090862e-08
vn 0.7933531 0.6087618 2.660982e-08
vn 0.8660254 0.5 2.185569e-08
vn 0.9238755 0.3826932 1.672805e-08
vn 0.9659338 0.2587893 1.131204e-08
vn 0.9914443 0.1305305 5.705668e-09
vn 1 0 0
f 4078/4078/4078 4127/4127/4127 4079/4079/4079
f 4079/4079/4079 4127/4127/4127 4128/4128/4128
f 4079/4079/4079 4128/4128/4128 4080/4080/4080
f 4080/4080/4080 4128/4128/4128 4129/4129/4129
f 4080/4080/4080 4129/4129/4129 4081/4081/4081
f 4081/4081/4081 4129/4129/4129 4130/4130/4130
f 4081/4081/4081 4130/4130/4130 4082/4082/4082
f 4082/4082/4082 4130/4130/4130 4131/4131/4131
f 4082/4082/4082 4131/4131/4131 4083/4083/4083
f 4083/4083/4083 4131/4131/4131 4132/4132/4132
f 4083/4083/4083 4132/4132/4132 4084/4084/4084
f 4084/4084/4084 4132/4132/4132 4133/4133/4133
f 4084/4084/4084 4133/4133/4133 4085/4085/4085
f 4085/4085/4085 4133/4133/4133 4134/4134/4134
f 4085/4085/4085 4134/4134/4134 4086/4086/4086
f 4086/4086/4086 4134/4134/4134 4135/4135/4135
f 4086/4086/4086 4135/4135/4135 4087/4087/4087
f 4087/4087/4087 4135/4135/4135 4136/4136/4136
f 4087/4087/4087 4136/4136/4136 4088/4088/4088
f 4088/4088/4088 4136/4136/4136 4137/4137/4137
f 4088/4088/4088 4137/4137/4137 4089/4089/4089
f 4089/4089/4089 4137/4137/4137 4138/4138/4138
f 4089/4089/4089 4138/4138/4138 4090/4090/4090
f 4090/4090/4090 4138/4138/4138 4139/4139/4139
f 4090/4090/4090 4139/4139/4139 4091/4091/4091
f 4091/4091/4091 4139/4139/4139 4140/4140/4140
f 4091/4091/4091 4140/4140/4140 4092/4092/4092
f 4092/4092/4092 4140/4140/4140 4141/4141/4141
f 4092/4092/4092 4141/4141/4141 4093/4093/4093
f 4093/4093/4093 4141/4141/4141 4142/4142/4142
f 4093/4093/4093 4142/4142/4142 4094/4094/4094
f 4094/4094/4094 4142/4142/4142 4143/4143/4143
f 4094/4094/4094 4143/4143/4143 4095/4095/4095
f 4095/4095/4095 4143/4143/4143 4144/4144/4144
f 4095/4095/4095 4144/4144/4144 4096/4096/4096
f 4096/4096/4096 4144/4144/4144 4145/4145/4145
f 4096/4096/4096 4145/4145/4145 4097/4097/4097
f 4097/4097/4097 4145/4145/4145 4146/4146/4146
f 4097/4097/4097 4146/4146/4146 4098/4098/4098
f 4098/4098/4098 4146/4146/4146 4147/4147/4147
f 4098/4098/4098 4147/4147/4147 4099/4099/4099
f 4099/4099/4099 4147/4147/4147 4148/4148/4148
f 4099/4099/4099 4148/4148/4148 4100/4100/4100
f 4100/4100/4100 4148/4148/4148 4149/4149/4149
f 4100/4100/4100 4149/4149/4149 4101/4101/4101
f 4101/4101/4101 4149/4149/4149 4150/4150/4150
f 4101/4101/4101 4150/4150/4150 4102/4102/4102
f 4102/4102/4102 4150/4150/4150 4151/4151/4151
f 4102/4102/4102 4151/4151/4151 4103/4103/4103
f 4103/4103/4103 4151/4151/4151 4152/4152/4152
f 4103/4103/4103 4152/4152/4152 4104/4104/4104
f 4104/4104/4104 4152/4152/4152 4153/4153/4153
f 4104/4104/4104 4153/4153/4153 4105/4105/4105
f 4105/4105/4105 4153/4153/4153 4154/4154/4154
f 4105/4105/4105 4154/4154/4154 4106/4106/4106
f 4106/4106/4106 4154/4154/4154 4155/4155/4155
f 4106/4106/4106 4155/4155/4155 4107/4107/4107
f 4107/4107/4107 4155/4155/4155 4156/4156/4156
f 4107/4107/4107 4156/4156/4156 4108/4108/4108
f 4108/4108/4108 4156/4156/4156 4157/4157/4157
f 4108/4108/4108 4157/4157/4157 4109/4109/4109
f 4109/4109/4109 4157/4157/4157 4158/4158/4158
f 4109/4109/4109 4158/4158/4158 4110/4110/4110
f 4110/4110/4110 4158/4158/4158 4159/4159/4159
f 4110/4110/4110 4159/4159/4159 4111/4111/4111
f 4111/4111/4111 4159/4159/4159 4160/4160/4160
f 4111/4111/4111 4160/4160/4160 4112/4112/4112
f 4112/4112/4112 4160/4160/4160 4161/4161/4161
f 4112/4112/4112 4161/4161/4161 4113/4113/4113
f 4113/4113/4113 4161/4161/4161 4162/4162/4162
f 4113/4113/4113 4162/4162/4162 4114/4114/4114
f 4114/4114/4114 4162/4162/4162 4163/4163/4163
f 4114/4114/4114 4163/4163/4163 4115/4115/4115
f 4115/4115/4115 4163/4163/4163 4164/4164/4164
f 4115/4115/4115 4164/4164/4164 4116/4116/4116
f 4116/4116/4116 4164/4164/4164 4165/4165/4165
f 4116/4116/4116 4165/4165/4165 4117/4117/4117
f 4117/4117/4117 4165/4165/4165 4166/4166/4166
f 4117/4117/4117 4166/4166/4166 4118/4118/4118
f 4118/4118/4118 4166/4166/4166 4167/4167/4167
f 4118/4118/4118 4167/4167/4167 4119/4119/4119
f 4119/4119/4119 4167/4167/4167 4168/4168/4168
f 4119/4119/4119 4168/4168/4168 4120/4120/4120
f 4120/4120/4120 4168/4168/4168 4169/4169/4169
f 4120/4120/4120 4169/4169/4169 4121/4121/4121
f 4121/4121/4121 4169/4169/4169 4170/4170/4170
f 4121/4121/4121 4170/4170/4170 4122/4122/4122
f 4122/4122/4122 4170/4170/4170 4171/4171/4171
f 4122/4122/4122 4171/4171/4171 4123/4123/4123
f 4123/4123/4123 4171/4171/4171 4172/4172/4172
f 4123/4123/4123 4172/4172/4172 4124/4124/4124
f 4124/4124/4124 4172/4172/4172 4173/4173/4173
f 4124/4124/4124 4173/4173/4173 4125/4125/4125
f 4125/4125/4125 4173/4173/4173 4174/4174/4174
f 4125/4125/4125 4174/4174/4174 4126/4126/4126
f 4126/4126/4126 4174/4174/4174 4175/4175/4175
f 4127/4127/4127 4176/4176/4176 4128/4128/4128
f 4128/4128/4128 4176/4176/4176 4177/4177/4177
f 4128/4128/4128 4177/4177/4177 4129/4129/4129
f 4129/4129/4129 4177/4177/4177 4178/4178/4178
f 4129/4129/4129 4178/4178/4178 4130/4130/4130
f 4130/4130/4130 4178/4178/4178 4179/4179/4179
f 4130/4130/4130 4179/4179/4179 4131/4131/4131
f 4131/4131/4131 4179/4179/4179 4180/4180/4180
f 4131/4131/4131 4180/4180/4180 4132/4132/4132
f 4132/4132/4132 4180/4180/4180 4181/4181/4181
f 4132/4132/4132 4181/4181/4181 4133/4133/4133
f 4133/4133/4133 4181/4181/4181 4182/4182/4182
f 4133/4133/4133 4182/4182/4182 4134/4134/4134
f 4134/4134/4134 4182/4182/4182 4183/4183/4183
f 4134/4134/4134 4183/4183/4183 4135/4135/4135
f 4135/4135/4135 4183/4183/4183 4184/4184/4184
f 4135/4135/4135 4184/4184/4184 4136/4136/4136
f 4136/4136/4136 4184/4184/4184 4185/4185/4185
f 4136/4136/4136 4185/4185/4185 4137/4137/4137
f 4137/4137/4137 4185/4185/4185 4186/4186/4186
f 4137/4137/4137 4186/4186/4186 4138/4138/4138
f 4138/4138/4138 4186/4186/4186 4187/4187/4187
f 4138/4138/4138 4187/4187/4187 4139/4139/4139
f 4139/4139/4139 4187/4187/4187 4188/4188/4188
f 4139/4139/4139 4188/4188/4188 4140/4140/4140
f 4140/4140/4140 4188/4188/4188 4189/4189/4189
f 4140/4140/4140 4189/4189/4189 4141/4141/4141
f 4141/4141/4141 4189/4189/4189 4190/4190/4190
f 4141/4141/4141 4190/4190/4190 4142/4142/4142
f 4142/4142/4142 4190/4190/4190 4191/4191/4191
f 4142/4142/4142 4191/4191/4191 4143/4143/4143
f 4143/4143/4143 4191/4191/4191 4192/4192/4192
f 4143/4143/4143 4192/4192/4192 4144/4144/4144
f 4144/4144/4144 4192/4192/4192 4193/4193/4193
f 4144/4144/4144 4193/4193/4193 4145/4145/4145
f 4145/4145/4145 4193/4193/4193 4194/4194/4194
f 4145/4145/4145 4194/4194/4194 4146/4146/4146
f 4146/4146/4146 4194/4194/4194 4195/4195/4195
f 4146/4146/4146 4195/4195/4195 4147/4147/4147
f 4147/4147/4147 4195/4195/4195 4196/4196/4196
f 4147/4147/4147 4196/4196/4196 4148/4148/4148
f 4148/4148/4148 4196/4196/4196 4197/4197/4197
f 4148/4148/4148 4197/4197/4197 4149/4149/4149
f 4149/4149/4149 4197/4197/4197 4198/4198/4198
f 4149/4149/4149 4198/4198/4198 4150/4150/4150
f 4150/4150/4150 4198/4198/4198 4199/4199/4199
f 4150/4150/4150 4199/4199/4199 4151/4151/4151
f 4151/4151/4151 4199/4199/4199 4200/4200/4200
f 4151/4151/4151 4200/4200/4200 4152/4152/4152
f 4152/4152/4152 4200/4200/4200 4201/4201/4201
f 4152/4152/4152 4201/4201/4201 4153/4153/4153
f 4153/4153/4153 4201/4201/4201 4202/4202/4202
f 4153/4153/4153 4202/4202/4202 4154/4154/4154
f 4154/4154/4154 4202/4202/4202 4203/4203/4203
f 4154/4154/4154 4203/4203/4203 4155/4155/4155
f 4155/4155/4155 4203/4203/4203 4204/4204/4204
f 4155/4155/4155 4204/4204/4204 4156/4156/4156
f 4156/4156/4156 4204/4204/4204 4205/4205/4205
f 4156/4156/4156 4205/4205/4205 4157/4157/4157
f 4157/4157/4157 4205/4205/4205 4206/4206/4206
f 4157/4157/4157 4206/4206/4206 4158/4158/4158
f 4158/4158/4158 4206/4206/4206 4207/4207/4207
f 4158/4158/4158 4207/4207/4207 4159/4159/4159
f 4159/4159/4159 4207/4207/4207 4208/4208/4208
f 4159/4159/4159 4208/4208/4208 4160/4160/4160
f 4160/4160/4160 4208/4208/4208 4209/4209/4209
f 4160/4160/4160 4209/4209/4209 4161/4161/4161
f 4161/4161/4161 4209/4209/4209 4210/4210/4210
f 4161/4161/4161 4210/4210/4210 4162/4162/4162
f 4162/4162/4162 4210/4210/4210 4211/4211/4211
f 4162/4162/4162 4211/4211/4211 4163/4163/4163
f 4163/4163/4163 4211/4211/4211 4212/4212/4212
f 4163/4163/4163 4212/4212/4212 4164/4164/4164
f 4164/4164/4164 4212/4212/4212 4213/4213/4213
f 4164/4164/4164 4213/4213/4213 4165/4165/4165
f 4165/4165/4165 4213/4213/4213 4214/4214/4214
f 4165/4165/4165 4214/4214/4214 4166/4166/4166
f 4166/4166/4166 4214/4214/4214 4215/4215/4215
f 4166/4166/4166 4215/4215/4215 4167/4167/4167
f 4167/4167/4167 4215/4215/4215 4216/4216/4216
f 4167/4167/4167 4216/4216/4216 4168/4168/4168
f 4168/4168/4168 4216/4216/4216 4217/4217/4217
f 4168/4168/4168 4217/4217/4217 4169/4169/4169
f 4169/4169/4169 4217/4217/4217 4218/4218/4218
f 4169/4169/4169 4218/4218/4218 4170/4170/4170
f 4170/4170/4170 4218/4218/4218 4219/4219/4219
f 4170/4170/4170 4219/4219/4219 4171/4171/4171
f 4171/4171/4171 4219/4219/4219 4220/4220/4220
f 4171/4171/4171 4220/4220/4220 4172/4172/4172
f 4172/4172/4172 4220/4220/4220 4221/4221/4221
f 4172/4172/4172 4221/4221/4221 4173/4173/4173
f 4173/4173/4173 4221/4221/4221 4222/4222/4222
f 4173/4173/4173 4222/4222/4222 4174/4174/4174
f 4174/4174/4174 4222/4222/4222 4223/4223/4223
f 4174/4174/4174 4223/4223/4223 4175/4175/4175
f 4175/4175/4175 4223/4223/4223 4224/4224/4224
f 4176/4176/4176 4225/4225/4225 4177/4177/4177
f 4177/4177/4177 4225/4225/4225 4226/4226/4226
f 4177/4177/4177 4226/4226/4226 4178/4178/4178
f 4178/4178/4178 4226/4226/4226 4227/4227/4227
f 4178/4178/4178 4227/4227/4227 4179/4179/4179
f 4179/4179/4179 4227/4227/4227 4228/4228/4228
f 4179/4179/4179 4228/4228/4228 4180/4180/4180
f 4180/4180/4180 4228/4228/4228 4229/4229/4229
f 4180/4180/4180 4229/4229/4229 4181/4181/4181
f 4181/4181/4181 4229/4229/4229 4230/4230/4230
f 4181/4181/4181 4230/4230/4230 4182/4182/4182
f 4182/4182/4182 4230/4230/4230 4231/4231/4231
f 4182/4182/4182 4231/4231/4231 4183/4183/4183
f 4183/4183/4183 4231/4231/4231 4232/4232/4232
f 4183/4183/4183 4232/4232/4232 4184/4184/4184
f 4184/4184/4184 4232/4232/4232 4233/4233/4233
f 4184/4184/4184 4233/4233/4233 4185/4185/4185
f 4185/4185/4185 4233/4233/4233 4234/4234/4234
f 4185/4185/4185 4234/4234/4234 4186/4186/4186
f 4186/4186/4186 4234/4234/4234 4235/4235/4235
f 4186/4186/4186 4235/4235/4235 4187/4187/4187
f 4187/4187/4187 4235/4235/4235 4236/4236/4236
f 4187/4187/4187 4236/4236/4236 4188/4188/4188
f 4188/4188/4188 4236/4236/4236 4237/4237/4237
f 4188/4188/4188 4237/4237/4237 4189/4189/4189
f 4189/4189/4189 4237/4237/4237 4238/4238/4238
f 4189/4189/4189 4238/4238/4238 4190/4190/4190
f 4190/4190/4190 4238/4238/4238 4239/4239/4239
f 4190/4190/4190 4239/4239/4239 4191/4191/4191
f 4191/4191/4191 4239/4239/4239 4240/4240/4240
f 4191/4191/4191 4240/4240/4240 4192/4192/4192
f 4192/4192/4192 4240/4240/4240 4241/4241/4241
f 4192/4192/4192 4241/4241/4241 4193/4193/4193
f 4193/4193/4193 4241/4241/4241 4242/4242/4242
f 4193/4193/4193 4242/4242/4242 4194/4194/4194
f 4194/4194/4194 4242/4242/4242 4243/4243/4243
f 4194/4194/4194 4243/4243/4243 4195/4195/4195
f 4195/4195/4195 4243/4243/4243 4244/4244/4244
f 4195/4195/4195 4244/4244/4244 4196/4196/4196
f 4196/4196/4196 4244/4244/4244 4245/4245/4245
f 4196/4196/4196 4245/4245/4245 4197/4197/4197
f 4197/4197/4197 4245/4245/4245 4246/4246/4246
f 4197/4197/4197 4246/4246/4246 4198/4198/4198
f 4198/4198/4198 4246/4246/4246 4247/4247/4247
f 4198/4198/4198 4247/4247/4247 4199/4199/4199
f 4199/4199/4199 4247/4247/4247 4248/4248/4248
f 4199/4199/4199 4248/4248/4248 4200/4200/4200
f 4200/4200/4200 4248/4248/4248 4249/4249/4249
f 4200/4200/4200 4249/4249/4249 4201/4201/4201
f 4201/4201/4201 4249/4249/4249 4250/4250/4250
f 4201/4201/4201 4250/4250/4250 4202/4202/4202
f 4202/4202/4202 4250/4250/4250 4251/4251/4251
f 4202/4202/4202 4251/4251/4251 4203/4203/4203
f 4203/4203/4203 4251/4251/4251 4252/4252/4252
f 4203/4203/4203 4252/4252/4252 4204/4204/4204
f 4204/4204/4204 4252/4252/4252 4253/4253/4253
f 4204/4204/4204 4253/4253/4253 4205/4205/4205
f 4205/4205/4205 4253/4253/4253 4254/4254/4254
f 4205/4205/4205 4254/4254/4254 4206/4206/4206
f 4206/4206/4206 4254/4254/4254 4255/4255/4255
f 4206/4206/4206 4255/4255/4255 4207/4207/4207
f 4207/4207/4207 4255/4255/4255 4256/4256/4256
f 4207/4207/4207 4256/4256/4256 4208/4208/4208
f 4208/4208/4208 4256/4256/4256 4257/4257/4257
f 4208/4208/4208 4257/4257/4257 4209/4209/4209
f 4209/4209/4209 4257/4257/4257 4258/4258/4258
f 4209/4209/4209 4258/4258/4258 4210/4210/4210
f 4210/4210/4210 4258/4258/4258 4259/4259/4259
f 4210/4210/4210 4259/4259/4259 4211/4211/4211
f 4211/4211/4211 4259/4259/4259 4260/4260/4260
f 4211/4211/4211 4260/4260/4260 4212/4212/4212
f 4212/4212/4212 4260/4260/4260 4261/4261/4261
f 4212/4212/4212 4261/4261/4261 4213/4213/4213
f 4213/4213/4213 4261/4261/4261 4262/4262/4262
f 4213/4213/4213 4262/4262/4262 4214/4214/4214
f 4214/4214/4214 4262/4262/4262 4263/4263/4263
f 4214/4214/4214 4263/4263/4263 4215/4215/4215
f 4215/4215/4215 4263/4263/4263 4264/4264/4264
f 4215/4215/4215 4264/4264/4264 4216/4216/4216
f 4216/4216/4216 4264/4264/4264 4265/4265/4265
f 4216/4216/4216 4265/4265/4265 4217/4217/4217
f 4217/4217/4217 4265/4265/4265 4266/4266/4266
f 4217/4217/4217 4266/4266/4266 4218/4218/4218
f 4218/4218/4218 4266/4266/4266 4267/4267/4267
f 4218/4218/4218 4267/4267/4267 4219/4219/4219
f 4219/4219/4219 4267/4267/4267 4268/4268/4268
f 4219/4219/4219 4268/4268/4268 4220/4220/4220
f 4220/4220/4220 4268/4268/4268 4269/4269/4269
f 4220/4220/4220 4269/4269/4269 4221/4221/4221
f 4221/4221/4221 4269/4269/4269 4270/4270/4270
f 4221/4221/4221 4270/4270/4270 4222/4222/4222
f 4222/4222/4222 4270/4270/4270 4271/4271/4271
f 4222/4222/4222 4271/4271/4271 4223/4223/4223
f 4223/4223/4223 4271/4271/4271 4272/4272/4272
f 4223/4223/4223 4272/4272/4272 4224/4224/4224
f 4224/4224/4224 4272/4272/4272 4273/4273/4273
f 4225/4225/4225 4274/4274/4274 4226/4226/4226
f 4226/4226/4226 4274/4274/4274 4275/4275/4275
f 4226/4226/4226 4275/4275/4275 4227/4227/4227
f 4227/4227/4227 4275/4275/4275 4276/4276/4276
f 4227/4227/4227 4276/4276/4276 4228/4228/4228
f 4228/4228/4228 4276/4276/4276 4277/4277/4277
f 4228/4228/4228 4277/4277/4277 4229/4229/4229
f 4229/4229/4229 4277/4277/4277 4278/4278/4278
f 4229/4229/4229 4278/4278/4278 4230/4230/4230
f 4230/4230/4230 4278/4278/4278 4279/4279/4279
f 4230/4230/4230 4279/4279/4279 4231/4231/4231
f 4231/4231/4231 4279/4279/4279 4280/4280/4280
f 4231/4231/4231 4280/4280/4280 4232/4232/4232
f 4232/4232/4232 4280/4280/4280 4281/4281/4281
f 4232/4232/4232 4281/4281/4281 4233/4233/4233
f 4233/4233/4233 4281/4281/4281 4282/4282/4282
f 4233/4233/4233 4282/4282/4282 4234/4234/4234
f 4234/4234/4234 4282/4282/4282 4283/4283/4283
f 4234/4234/4234 4283/4283/4283 4235/4235/4235
f 4235/4235/4235 4283/4283/4283 4284/4284/4284
f 4235/4235/4235 4284/4284/4284 4236/4236/4236
f 4236/4236/4236 4284/4284/4284 4285/4285/4285
f 4236/4236/4236 4285/4285/4285 4237/4237/4237
f 4237/4237/4237 4285/4285/4285 4286/4286/4286
f 4237/4237/4237 4286/4286/4286 4238/4238/4238
f 4238/4238/4238 4286/4286/4286 4287/4287/4287
f 4238/4238/4238 4287/4287/4287 4239/4239/4239
f 4239/4239/4239 4287/4287/4287 4288/4288/4288
f 4239/4239/4239 4288/4288/4288 4240/4240/4240
f 4240/4240/4240 4288/4288/4288 4289/4289/4289
f 4240/4240/4240 4289/4289/4289 4241/4241/4241
f 4241/4241/4241 4289/4289/4289 4290/4290/4290
f 4241/4241/4241 4290/4290/4290 4242/4242/4242
f 4242/4242/4242 4290/4290/4290 4291/4291/4291
f 4242/4242/4242 4291/4291/4291 4243/4243/4243
f 4243/4243/4243 4291/4291/4291 4292/4292/4292
f 4243/4243/4243 4292/4292/4292 4244/4244/4244
f 4244/4244/4244 4292/4292/4292 4293/4293/4293
f 4244/4244/4244 4293/4293/4293 4245/4245/4245
f 4245/4245/4245 4293/4293/4293 4294/4294/4294
f 4245/4245/4245 4294/4294/4294 4246/4246/4246
f 4246/4246/4246 4294/4294/4294 4295/4295/4295
f 4246/4246/4246 4295/4295/4295 4247/4247/4247
f 4247/4247/4247 4295/4295/4295 4296/4296/4296
f 4247/4247/4247 4296/4296/4296 4248/4248/4248
f 4248/4248/4248 4296/4296/4296 4297/4297/4297
f 4248/4248/4248 4297/4297/4297 4249/4249/4249
f 4249/4249/4249 4297/4297/4297 4298/4298/4298
f 4249/4249/4249 4298/4298/4298 4250/4250/4250
f 4250/4250/4250 4298/4298/4298 4299/4299/4299
f 4250/4250/4250 4299/4299/4299 4251/4251/4251
f 4251/4251/4251 4299/4299/4299 4300/4300/4300
f 4251/4251/4251 4300/4300/4300 4252/4252/4252
f 4252/4252/4252 4300/4300/4300 4301/4301/4301
f 4252/4252/4252 4301/4301/4301 4253/4253/4253
f 4253/4253/4253 4301/4301/4301 4302/4302/4302
f 4253/4253/4253 4302/4302/4302 4254/4254/4254
f 4254/4254/4254 4302/4302/4302 4303/4303/4303
f 4254/4254/4254 4303/4303/4303 4255/4255/4255
f 4255/4255/4255 4303/4303/4303 4304/4304/4304
f 4255/4255/4255 4304/4304/4304 4256/4256/4256
f 4256/4256/4256 4304/4304/4304 4305/4305/4305
f 4256/4256/4256 4305/4305/4305 4257/4257/4257
f 4257/4257/4257 4305/4305/4305 4306/4306/4306
f 4257/4257/4257 4306/4306/4306 4258/4258/4258
f 4258/4258/4258 4306/4306/4306 4307/4307/4307
f 4258/4258/4258 4307/4307/4307 4259/4259/4259
f 4259/4259/4259 4307/4307/4307 4308/4308/4308
f 4259/4259/4259 4308/4308/4308 4260/4260/4260
f 4260/4260/4260 4308/4308/4308 4309/4309/4309
f 4260/4260/4260 4309/4309/4309 4261/4261/4261
f 4261/4261/4261 4309/4309/4309 4310/4310/4310
f 4261/4261/4261 4310/4310/4310 4262/4262/4262
f 4262/4262/4262 4310/4310/4310 4311/4311/4311
f 4262/4262/4262 4311/4311/4311 4263/4263/4263
f 4263/4263/4263 4311/4311/4311 4312/4312/4312
f 4263/4263/4263 4312/4312/4312 4264/4264/4264
f 4264/4264/4264 4312/4312/4312 4313/4313/4313
f 4264/4264/4264 4313/4313/4313 4265/4265/4265
f 4265/4265/4265 4313/4313/4313 4314/4314/4314
f 4265/4265/4265 4314/4314/4314 4266/4266/4266
f 4266/4266/4266 4314/4314/4314 4315/4315/4315
f 4266/4266/4266 4315/4315/4315 4267/4267/4267
f 4267/4267/4267 4315/4315/4315 4316/4316/4316
f 4267/4267/4267 4316/4316/4316 4268/4268/4268
f 4268/4268/4268 4316/4316/4316 4317/4317/4317
f 4268/4268/4268 4317/4317/4317 4269/4269/4269
f 4269/4269/4269 4317/4317/4317 4318/4318/4318
f 4269/4269/4269 4318/4318/4318 4270/4270/4270
f 4270/4270/4270 4318/4318/4318 4319/4319/4319
f 4270/4270/4270 4319/4319/4319 4271/4271/4271
f 4271/4271/4271 4319/4319/4319 4320/4320/4320
f 4271/4271/4271 4320/4320/4320 4272/4272/4272
f 4272/4272/4272 4320/4320/4320 4321/4321/4321
f 4272/4272/4272 4321/4321/4321 4273/4273/4273
f 4273/4273/4273 4321/4321/4321 4322/4322/4322
f 4274/4274/4274 4323/4323/4323 4275/4275/4275
f 4275/4275/4275 4323/4323/4323 4324/4324/4324
f 4275/4275/4275 4324/4324/4324 4276/4276/4276
f 4276/4276/4276 4324/4324/4324 4325/4325/4325
f 4276/4276/4276 4325/4325/4325 4277/4277/4277
f 4277/4277/4277 4325/4325/4325 4326/4326/4326
f 4277/4277/4277 4326/4326/4326 4278/4278/4278
f 4278/4278/4278 4326/4326/4326 4327/4327/4327
f 4278/4278/4278 4327/4327/4327 4279/4279/4279
f 4279/4279/4279 4327/4327/4327 4328/4328/4328
f 4279/4279/4279 4328/4328/4328 4280/4280/4280
f 4280/4280/4280 4328/4328/4328 4329/4329/4329
f 4280/4280/4280 4329/4329/4329 4281/4281/4281
f 4281/4281/4281 4329/4329/4329 4330/4330/4330
f 4281/4281/4281 4330/4330/4330 4282/4282/4282
f 4282/4282/4282 4330/4330/4330 4331/4331/4331
f 4282/4282/4282 4331/4331/4331 4283/4283/4283
f 4283/4283/4283 4331/4331/4331 4332/4332/4332
f 4283/4283/4283 4332/4332/4332 4284/4284/4284
f 4284/4284/4284 4332/4332/4332 4333/4333/4333
f 4284/4284/4284 4333/4333/4333 4285/4285/4285
f 4285/4285/4285 4333/4333/4333 4334/4334/4334
f 4285/4285/4285 4334/4334/4334 4286/4286/4286
f 4286/4286/4286 4334/4334/4334 4335/4335/4335
f 4286/4286/4286 4335/4335/4335 4287/4287/4287
f 4287/4287/4287 4335/4335/4335 4336/4336/4336
f 4287/4287/4287 4336/4336/4336 4288/4288/4288
f 4288/4288/4288 4336/4336/4336 4337/4337/4337
f 4288/4288/4288 4337/4337/4337 4289/4289/4289
f 4289/4289/4289 4337/4337/4337 4338/4338/4338
f 4289/4289/4289 4338/4338/4338 4290/4290/4290
f 4290/4290/4290 4338/4338/4338 4339/4339/4339
f 4290/4290/4290 4339/4339/4339 4291/4291/4291
f 4291/4291/4291 4339/4339/4339 4340/4340/4340
f 4291/4291/4291 4340/4340/4340 4292/4292/4292
f 4292/4292/4292 4340/4340/4340 4341/4341/4341
f 4292/4292/4292 4341/4341/4341 4293/4293/4293
f 4293/4293/4293 4341/4341/4341 4342/4342/4342
f 4293/4293/4293 4342/4342/4342 4294/4294/4294
f 4294/4294/4294 4342/4342/4342 4343/4343/4343
f 4294/4294/4294 4343/4343/4343 4295/4295/4295
f 4295/4295/4295 4343/4343/4343 4344/4344/4344
f 4295/4295/4295 4344/4344/4344 4296/4296/4296
f 4296/4296/4296 4344/4344/4344 4345/4345/4345
f 4296/4296/4296 4345/4345/4345 4297/4297/4297
f 4297/4297/4297 4345/4345/4345 4346/4346/4346
f 4297/4297/4297 4346/4346/4346 4298/4298/4298
f 4298/4298/4298 4346/4346/4346 4347/4347/4347
f 4298/4298/4298 4347/4347/4347 4299/4299/4299
f 4299/4299/4299 4347/4347/4347 4348/4348/4348
f 4299/4299/4299 4348/4348/4348 4300/4300/4300
f 4300/4300/4300 4348/4348/4348 4349/4349/4349
f 4300/4300/4300 4349/4349/4349 4301/4301/4301
f 4301/4301/4301 4349/4349/4349 4350/4350/4350
f 4301/4301/4301 4350/4350/4350 4302/4302/4302
f 4302/4302/4302 4350/4350/4350 4351/4351/4351
f 4302/4302/4302 4351/4351/4351 4303/4303/4303
f 4303/4303/4303 4351/4351/4351 4352/4352/4352
f 4303/4303/4303 4352/4352/4352 4304/4304/4304
f 4304/4304/4304 4352/4352/4352 4353/4353/4353
f 4304/4304/4304 4353/4353/4353 4305/4305/4305
f 4305/4305/4305 4353/4353/4353 4354/4354/4354
f 4305/4305/4305 4354/4354/4354 4306/4306/4306
f 4306/4306/4306 4354/4354/4354 4355/4355/4355
f 4306/4306/4306 4355/4355/4355 4307/4307/4307
f 4307/4307/4307 4355/4355/4355 4356/4356/4356
f 4307/4307/4307 4356/4356/4356 4308/4308/4308
f 4308/4308/4308 4356/4356/4356 4357/4357/4357
f 4308/4308/4308 4357/4357/4357 4309/4309/4309
f 4309/4309/4309 4357/4357/4357 4358/4358/4358
f 4309/4309/4309 4358/4358/4358 4310/4310/4310
f 4310/4310/4310 4358/4358/4358 4359/4359/4359
f 4310/4310/4310 4359/4359/4359 4311/4311/4311
f 4311/4311/4311 4359/4359/4359 4360/4360/4360
f 4311/4311/4311 4360/4360/4360 4312/4312/4312
f 4312/4312/4312 4360/4360/4360 4361/4361/4361
f 4312/4312/4312 4361/4361/4361 4313/4313/4313
f 4313/4313/4313 4361/4361/4361 4362/4362/4362
f 4313/4313/4313 4362/4362/4362 4314/4314/4314
f 4314/4314/4314 4362/4362/4362 4363/4363/4363
f 4314/4314/4314 4363/4363/4363 4315/4315/4315
f 4315/4315/4315 4363/4363/4363 4364/4364/4364
f 4315/4315/4315 4364/4364/4364 4316/4316/4316
f 4316/4316/4316 4364/4364/4364 4365/4365/4365
f 4316/4316/4316 4365/4365/4365 4317/4317/4317
f 4317/4317/4317 4365/4365/4365 4366/4366/4366
f 4317/4317/4317 4366/4366/4366 4318/4318/4318
f 4318/4318/4318 4366/4366/4366 4367/4367/4367
f 4318/4318/4318 4367/4367/4367 4319/4319/4319
f 4319/4319/4319 4367/4367/4367 4368/4368/4368
f 4319/4319/4319 4368/4368/4368 4320/4320/4320
f 4320/4320/4320 4368/4368/4368 4369/4369/4369
f 4320/4320/4320 4369/4369/4369 4321/4321/4321
f 4321/4321/4321 4369/4369/4369 4370/4370/4370
f 4321/4321/4321 4370/4370/4370 4322/4322/4322
f 4322/4322/4322 4370/4370/4370 4371/4371/4371
f 4323/4323/4323 4372/4372/4372 4324/4324/4324
f 4324/4324/4324 4372/4372/4372 4373/4373/4373
f 4324/4324/4324 4373/4373/4373 4325/4325/4325
f 4325/4325/4325 4373/4373/4373 4374/4374/4374
f 4325/4325/4325 4374/4374/4374 4326/4326/4326
f 4326/4326/4326 4374/4374/4374 4375/4375/4375
f 4326/4326/4326 4375/4375/4375 4327/4327/4327
f 4327/4327/4327 4375/4375/4375 4376/4376/4376
f 4327/4327/4327 4376/4376/4376 4328/4328/4328
f 4328/4328/4328 4376/4376/4376 4377/4377/4377
f 4328/4328/4328 4377/4377/4377 4329/4329/4329
f 4329/4329/4329 4377/4377/4377 4378/4378/4378
f 4329/4329/4329 4378/4378/4378 4330/4330/4330
f 4330/4330/4330 4378/4378/4378 4379/4379/4379
f 4330/4330/4330 4379/4379/4379 4331/4331/4331
f 4331/4331/4331 4379/4379/4379 4380/4380/4380
f 4331/4331/4331 4380/4380/4380 4332/4332/4332
f 4332/4332/4332 4380/4380/4380 4381/4381/4381
f 4332/4332/4332 4381/4381/4381 4333/4333/4333
f 4333/4333/4333 4381/4381/4381 4382/4382/4382
f 4333/4333/4333 4382/4382/4382 4334/4334/4334
f 4334/4334/4334 4382/4382/4382 4383/4383/4383
f 4334/4334/4334 4383/4383/4383 4335/4335/4335
f 4335/4335/4335 4383/4383/4383 4384/4384/4384
f 4335/4335/4335 4384/4384/4384 4336/4336/4336
f 4336/4336/4336 4384/4384/4384 4385/4385/4385
f 4336/4336/4336 4385/4385/4385 4337/4337/4337
f 4337/4337/4337 4385/4385/4385 4386/4386/4386
f 4337/4337/4337 4386/4386/4386 4338/4338/4338
f 4338/4338/4338 4386/4386/4386 4387/4387/4387
f 4338/4338/4338 4387/4387/4387 4339/4339/4339
f 4339/4339/4339 4387/4387/4387 4388/4388/4388
f 4339/4339/4339 4388/4388/4388 4340/4340/4340
f 4340/4340/4340 4388/4388/4388 4389/4389/4389
f 4340/4340/4340 4389/4389/4389 4341/4341/4341
f 4341/4341/4341 4389/4389/4389 4390/4390/4390
f 4341/4341/4341 4390/4390/4390 4342/4342/4342
f 4342/4342/4342 4390/4390/4390 4391/4391/4391
f 4342/4342/4342 4391/4391/4391 4343/4343/4343
f 4343/4343/4343 4391/4391/4391 4392/4392/4392
f 4343/4343/4343 4392/4392/4392 4344/4344/4344
f 4344/4344/4344 4392/4392/4392 4393/4393/4393
f 4344/4344/4344 4393/4393/4393 4345/4345/4345
f 4345/4345/4345 4393/4393/4393 4394/4394/4394
f 4345/4345/4345 4394/4394/4394 4346/4346/4346
f 4346/4346/4346 4394/4394/4394 4395/4395/4395
f 4346/4346/4346 4395/4395/4395 4347/4347/4347
f 4347/4347/4347 4395/4395/4395 4396/4396/4396
f 4347/4347/4347 4396/4396/4396 4348/4348/4348
f 4348/4348/4348 4396/4396/4396 4397/4397/4397
f 4348/4348/4348 4397/4397/4397 4349/4349/4349
f 4349/4349/4349 4397/4397/4397 4398/4398/4398
f 4349/4349/4349 4398/4398/4398 4350/4350/4350
f 4350/4350/4350 4398/4398/4398 4399/4399/4399
f 4350/4350/4350 4399/4399/4399 4351/4351/4351
f 4351/4351/4351 4399/4399/4399 4400/4400/4400
f 4351/4351/4351 4400/4400/4400 4352/4352/4352
f 4352/4352/4352 4400/4400/4400 4401/4401/4401
f 4352/4352/4352 4401/4401/4401 4353/4353/4353
f 4353/4353/4353 4401/4401/4401 4402/4402/4402
f 4353/4353/4353 4402/4402/4402 4354/4354/4354
f 4354/4354/4354 4402/4402/4402 4403/4403/4403
f 4354/4354/4354 4403/4403/4403 4355/4355/4355
f 4355/4355/4355 4403/4403/4403 4404/4404/4404
f 4355/4355/4355 4404/4404/4404 4356/4356/4356
f 4356/4356/4356 4404/4404/4404 4405/4405/4405
f 4356/4356/4356 4405/4405/4405 4357/4357/4357
f 4357/4357/4357 4405/4405/4405 4406/4406/4406
f 4357/4357/4357 4406/4406/4406 4358/4358/4358
f 4358/4358/4358 4406/4406/4406 4407/4407/4407
f 4358/4358/4358 4407/4407/4407 4359/4359/4359
f 4359/4359/4359 4407/4407/4407 4408/4408/4408
f 4359/4359/4359 4408/4408/4408 4360/4360/4360
f 4360/4360/4360 4408/4408/4408 4409/4409/4409
f 4360/4360/4360 4409/4409/4409 4361/4361/4361
f 4361/4361/4361 4409/4409/4409 4410/4410/4410
f 4361/4361/4361 4410/4410/4410 4362/4362/4362
f 4362/4362/4362 4410/4410/4410 4411/4411/4411
f 4362/4362/4362 4411/4411/4411 4363/4363/4363
f 4363/4363/4363 4411/4411/4411 4412/4412/4412
f 4363/4363/4363 4412/4412/4412 4364/4364/4364
f 4364/4364/4364 4412/4412/4412 4413/4413/4413
f 4364/4364/4364 4413/4413/4413 4365/4365/4365
f 4365/4365/4365 4413/4413/4413 4414/4414/4414
f 4365/4365/4365 4414/4414/4414 4366/4366/4366
f 4366/4366/4366 4414/4414/4414 4415/4415/4415
f 4366/4366/4366 4415/4415/4415 4367/4367/4367
f 4367/4367/4367 4415/4415/4415 4416/4416/4416
f 4367/4367/4367 4416/4416/4416 4368/4368/4368
f 4368/4368/4368 4416/4416/4416 4417/4417/4417
f 4368/4368/4368 4417/4417/4417 4369/4369/4369
f 4369/4369/4369 4417/4417/4417 4418/4418/4418
f 4369/4369/4369 4418/4418/4418 4370/4370/4370
f 4370/4370/4370 4418/4418/4418 4419/4419/4419
f 4370/4370/4370 4419/4419/4419 4371/4371/4371
f 4371/4371/4371 4419/4419/4419 4420/4420/4420
f 4372/4372/4372 4421/4421/4421 4373/4373/4373
f 4373/4373/4373 4421/4421/4421 4422/4422/4422
f 4373/4373/4373 4422/4422/4422 4374/4374/4374
f 4374/4374/4374 4422/4422/4422 4423/4423/4423
f 4374/4374/4374 4423/4423/4423 4375/4375/4375
f 4375/4375/4375 4423/4423/4423 4424/4424/4424
f 4375/4375/4375 4424/4424/4424 4376/4376/4376
f 4376/4376/4376 4424/4424/4424 4425/4425/4425
f 4376/4376/4376 4425/4425/4425 4377/4377/4377
f 4377/4377/4377 4425/4425/4425 4426/4426/4426
f 4377/4377/4377 4426/4426/4426 4378/4378/4378
f 4378/4378/4378 4426/4426/4426 4427/4427/4427
f 4378/4378/4378 4427/4427/4427 4379/4379/4379
f 4379/4379/4379 4427/4427/4427 4428/4428/4428
f 4379/4379/4379 4428/4428/4428 4380/4380/4380
f 4380/4380/4380 4428/4428/4428 4429/4429/4429
f 4380/4380/4380 4429/4429/4429 4381/4381/4381
f 4381/4381/4381 4429/4429/4429 4430/4430/4430
f 4381/4381/4381 4430/4430/4430 4382/4382/4382
f 4382/4382/4382 4430/4430/4430 4431/4431/4431
f 4382/4382/4382 4431/4431/4431 4383/4383/4383
f 4383/4383/4383 4431/4431/4431 4432/4432/4432
f 4383/4383/4383 4432/4432/4432 4384/4384/4384
f 4384/4384/4384 4432/4432/4432 4433/4433/4433
f 4384/4384/4384 4433/4433/4433 4385/4385/4385
f 4385/4385/4385 4433/4433/4433 4434/4434/4434
f 4385/4385/4385 4434/4434/4434 4386/4386/4386
f 4386/4386/4386 4434/4434/4434 4435/4435/4435
f 4386/4386/4386 4435/4435/4435 4387/4387/4387
f 4387/4387/4387 4435/4435/4435 4436/4436/4436
f 4387/4387/4387 4436/4436/4436 4388/4388/4388
f 4388/4388/4388 4436/4436/4436 4437/4437/4437
f 4388/4388/4388 4437/4437/4437 4389/4389/4389
f 4389/4389/4389 4437/4437/4437 4438/4438/4438
f 4389/4389/4389 4438/4438/4438 4390/4390/4390
f 4390/4390/4390 4438/4438/4438 4439/4439/4439
f 4390/4390/4390 4439/4439/4439 4391/4391/4391
f 4391/4391/4391 4439/4439/4439 4440/4440/4440
f 4391/4391/4391 4440/4440/4440 4392/4392/4392
f 4392/4392/4392 4440/4440/4440 4441/4441/4441
f 4392/4392/4392 4441/4441/4441 4393/4393/4393
f 4393/4393/4393 4441/4441/4441 4442/4442/4442
f 4393/4393/4393 4442/4442/4442 4394/4394/4394
f 4394/4394/4394 4442/4442/4442 4443/4443/4443
f 4394/4394/4394 4443/4443/4443 4395/4395/4395
f 4395/4395/4395 4443/4443/4443 4444/4444/4444
f 4395/4395/4395 4444/4444/4444 4396/4396/4396
f 4396/4396/4396 4444/4444/4444 4445/4445/4445
f 4396/4396/4396 4445/4445/4445 4397/4397/4397
f 4397/4397/4397 4445/4445/4445 4446/4446/4446
f 4397/4397/4397 4446/4446/4446 4398/4398/4398
f 4398/4398/4398 4446/4446/4446 4447/4447/4447
f 4398/4398/4398 4447/4447/4447 4399/4399/4399
f 4399/4399/4399 4447/4447/4447 4448/4448/4448
f 4399/4399/4399 4448/4448/4448 4400/4400/4400
f 4400/4400/4400 4448/4448/4448 4449/4449/4449
f 4400/4400/4400 4449/4449/4449 4401/4401/4401
f 4401/4401/4401 4449/4449/4449 4450/4450/4450
f 4401/4401/4401 4450/4450/4450 4402/4402/4402
f 4402/4402/4402 4450/4450/4450 4451/4451/4451
f 4402/4402/4402 4451/4451/4451 4403/4403/4403
f 4403/4403/4403 4451/4451/4451 4452/4452/4452
f 4403/4403/4403 4452/4452/4452 4404/4404/4404
f 4404/4404/4404 4452/4452/4452 4453/4453/4453
f 4404/4404/4404 4453/4453/4453 4405/4405/4405
f 4405/4405/4405 4453/4453/4453 4454/4454/4454
f 4405/4405/4405 4454/4454/4454 4406/4406/4406
f 4406/4406/4406 4454/4454/4454 4455/4455/4455
f 4406/4406/4406 4455/4455/4455 4407/4407/4407
f 4407/4407/4407 4455/4455/4455 4456/4456/4456
f 4407/4407/4407 4456/4456/4456 4408/4408/4408
f 4408/4408/4408 4456/4456/4456 4457/4457/4457
f 4408/4408/4408 4457/4457/4457 4409/4409/4409
f 4409/4409/4409 4457/4457/4457 4458/4458/4458
f 4409/4409/4409 4458/4458/4458 4410/4410/4410
f 4410/4410/4410 4458/4458/4458 4459/4459/4459
f 4410/4410/4410 4459/4459/4459 4411/4411/4411
f 4411/4411/4411 4459/4459/4459 4460/4460/4460
f 4411/4411/4411 4460/4460/4460 4412/4412/4412
f 4412/4412/4412 4460/4460/4460 4461/4461/4461
f 4412/4412/4412 4461/4461/4461 4413/4413/4413
f 4413/4413/4413 4461/4461/4461 4462/4462/4462
f 4413/4413/4413 4462/4462/4462 4414/4414/4414
f 4414/4414/4414 4462/4462/4462 4463/4463/4463
f 4414/4414/4414 4463/4463/4463 4415/4415/4415
f 4415/4415/4415 4463/4463/4463 4464/4464/4464
f 4415/4415/4415 4464/4464/4464 4416/4416/4416
f 4416/4416/4416 4464/4464/4464 4465/4465/4465
f 4416/4416/4416 4465/4465/4465 4417/4417/4417
f 4417/4417/4417 4465/4465/4465 4466/4466/4466
f 4417/4417/4417 4466/4466/4466 4418/4418/4418
f 4418/4418/4418 4466/4466/4466 4467/4467/4467
f 4418/4418/4418 4467/4467/4467 4419/4419/4419
f 4419/4419/4419 4467/4467/4467 4468/4468/4468
f 4419/4419/4419 4468/4468/4468 4420/4420/4420
f 4420/4420/4420 4468/4468/4468 4469/4469/4469
f 4421/4421/4421 4470/4470/4470 4422/4422/4422
f 4422/4422/4422 4470/4470/4470 4471/4471/4471
f 4422/4422/4422 4471/4471/4471 4423/4423/4423
f 4423/4423/4423 4471/4471/4471 4472/4472/4472
f 4423/4423/4423 4472/4472/4472 4424/4424/4424
f 4424/4424/4424 4472/4472/4472 4473/4473/4473
f 4424/4424/4424 4473/4473/4473 4425/4425/4425
f 4425/4425/4425 4473/4473/4473 4474/4474/4474
f 4425/4425/4425 4474/4474/4474 4426/4426/4426
f 4426/4426/4426 4474/4474/4474 4475/4475/4475
f 4426/4426/4426 4475/4475/4475 4427/4427/4427
f 4427/4427/4427 4475/4475/4475 4476/4476/4476
f 4427/4427/4427 4476/4476/4476 4428/4428/4428
f 4428/4428/4428 4476/4476/4476 4477/4477/4477
f 4428/4428/4428 4477/4477/4477 4429/4429/4429
f 4429/4429/4429 4477/4477/4477 4478/4478/4478
f 4429/4429/4429 4478/4478/4478 4430/4430/4430
f 4430/4430/4430 4478/4478/4478 4479/4479/4479
f 4430/4430/4430 4479/4479/4479 4431/4431/4431
f 4431/4431/4431 4479/4479/4479 4480/4480/4480
f 4431/4431/4431 4480/4480/4480 4432/4432/4432
f 4432/4432/4432 4480/4480/4480 4481/4481/4481
f 4432/4432/4432 4481/4481/4481 4433/4433/4433
f 4433/4433/4433 4481/4481/4481 4482/4482/4482
f 4433/4433/4433 4482/4482/4482 4434/4434/4434
f 4434/4434/4434 4482/4482/4482 4483/4483/4483
f 4434/4434/4434 4483/4483/4483 4435/4435/4435
f 4435/4435/4435 4483/4483/4483 4484/4484/4484
f 4435/4435/4435 4484/4484/4484 4436/4436/4436
f 4436/4436/4436 4484/4484/4484 4485/4485/4485
f 4436/4436/4436 4485/4485/4485 4437/4437/4437
f 4437/4437/4437 4485/4485/4485 4486/4486/4486
f 4437/4437/4437 4486/4486/4486 4438/4438/4438
f 4438/4438/4438 4486/4486/4486 4487/4487/4487
f 4438/4438/4438 4487/4487/4487 4439/4439/4439
f 4439/4439/4439 4487/4487/4487 4488/4488/4488
f 4439/4439/4439 4488/4488/4488 4440/4440/4440
f 4440/4440/4440 4488/4488/4488 4489/4489/4489
f 4440/4440/4440 4489/4489/4489 4441/4441/4441
f 4441/4441/4441 4489/4489/4489 4490/4490/4490
f 4441/4441/4441 4490/4490/4490 4442/4442/4442
f 4442/4442/4442 4490/4490/4490 4491/4491/4491
f 4442/4442/4442 4491/4491/4491 4443/4443/4443
f 4443/4443/4443 4491/4491/4491 4492/4492/4492
f 4443/4443/4443 4492/4492/4492 4444/4444/4444
f 4444/4444/4444 4492/4492/4492 4493/4493/4493
f 4444/4444/4444 4493/4493/4493 4445/4445/4445
f 4445/4445/4445 4493/4493/4493 4494/4494/4494
f 4445/4445/4445 4494/4494/4494 4446/4446/4446
f 4446/4446/4446 4494/4494/4494 4495/4495/4495
f 4446/4446/4446 4495/4495/4495 4447/4447/4447
f 4447/4447/4447 4495/4495/4495 4496/4496/4496
f 4447/4447/4447 4496/4496/4496 4448/4448/4448
f 4448/4448/4448 4496/4496/4496 4497/4497/4497
f 4448/4448/4448 4497/4497/4497 4449/4449/4449
f 4449/4449/4449 4497/4497/4497 4498/4498/4498
f 4449/4449/4449 4498/4498/4498 4450/4450/4450
f 4450/4450/4450 4498/4498/4498 4499/4499/4499
f 4450/4450/4450 4499/4499/4499 4451/4451/4451
f 4451/4451/4451 4499/4499/4499 4500/4500/4500
f 4451/4451/4451 4500/4500/4500 4452/4452/4452
f 4452/4452/4452 4500/4500/4500 4501/4501/4501
f 4452/4452/4452 4501/4501/4501 4453/4453/4453
f 4453/4453/4453 4501/4501/4501 4502/4502/4502
f 4453/4453/4453 4502/4502/4502 4454/4454/4454
f 4454/4454/4454 4502/4502/4502 4503/4503/4503
f 4454/4454/4454 4503/4503/4503 4455/4455/4455
f 4455/4455/4455 4503/4503/4503 4504/4504/4504
f 4455/4455/4455 4504/4504/4504 4456/4456/4456
f 4456/4456/4456 4504/4504/4504 4505/4505/4505
f 4456/4456/4456 4505/4505/4505 4457/4457/4457
f 4457/4457/4457 4505/4505/4505 4506/4506/4506
f 4457/4457/4457 4506/4506/4506 4458/4458/4458
f 4458/4458/4458 4506/4506/4506 4507/4507/4507
f 4458/4458/4458 4507/4507/4507 4459/4459/4459
f 4459/4459/4459 4507/4507/4507 4508/4508/4508
f 4459/4459/4459 4508/4508/4508 4460/4460/4460
f 4460/4460/4460 4508/4508/4508 4509/4509/4509
f 4460/4460/4460 4509/4509/4509 4461/4461/4461
f 4461/4461/4461 4509/4509/4509 4510/4510/4510
f 4461/4461/4461 4510/4510/4510 4462/4462/4462
f 4462/4462/4462 4510/4510/4510 4511/4511/4511
f 4462/4462/4462 4511/4511/4511 4463/4463/4463
f 4463/4463/4463 4511/4511/4511 4512/4512/4512
f 4463/4463/4463 4512/4512/4512 4464/4464/4464
f 4464/4464/4464 4512/4512/4512 4513/4513/4513
f 4464/4464/4464 4513/4513/4513 4465/4465/4465
f 4465/4465/4465 4513/4513/4513 4514/4514/4514
f 4465/4465/4465 4514/4514/4514 4466/4466/4466
f 4466/4466/4466 4514/4514/4514 4515/4515/4515
f 4466/4466/4466 4515/4515/4515 4467/4467/4467
f 4467/4467/4467 4515/4515/4515 4516/4516/4516
f 4467/4467/4467 4516/4516/4516 4468/4468/4468
f 4468/4468/4468 4516/4516/4516 4517/4517/4517
f 4468/4468/4468 4517/4517/4517 4469/4469/4469
f 4469/4469/4469 4517/4517/4517 4518/4518/4518
f 4470/4470/4470 4519/4519/4519 4471/4471/4471
f 4471/4471/4471 4519/4519/4519 4520/4520/4520
f 4471/4471/4471 4520/4520/4520 4472/4472/4472
f 4472/4472/4472 4520/4520/4520 4521/4521/4521
f 4472/4472/4472 4521/4521/4521 4473/4473/4473
f 4473/4473/4473 4521/4521/4521 4522/4522/4522
f 4473/4473/4473 4522/4522/4522 4474/4474/4474
f 4474/4474/4474 4522/4522/4522 4523/4523/4523
f 4474/4474/4474 4523/4523/4523 4475/4475/4475
f 4475/4475/4475 4523/4523/4523 4524/4524/4524
f 4475/4475/4475 4524/4524/4524 4476/4476/4476
f 4476/4476/4476 4524/4524/4524 4525/4525/4525
f 4476/4476/4476 4525/4525/4525 4477/4477/4477
f 4477/4477/4477 4525/4525/4525 4526/4526/4526
f 4477/4477/4477 4526/4526/4526 4478/4478/4478
f 4478/4478/4478 4526/4526/4526 4527/4527/4527
f 4478/4478/4478 4527/4527/4527 4479/4479/4479
f 4479/4479/4479 4527/4527/4527 4528/4528/4528
f 4479/4479/4479 4528/4528/4528 4480/4480/4480
f 4480/4480/4480 4528/4528/4528 4529/4529/4529
f 4480/4480/4480 4529/4529/4529 4481/4481/4481
f 4481/4481/4481 4529/4529/4529 4530/4530/4530
f 4481/4481/4481 4530/4530/4530 4482/4482/4482
f 4482/4482/4482 4530/4530/4530 4531/4531/4531
f 4482/4482/4482 4531/4531/4531 4483/4483/4483
f 4483/4483/4483 4531/4531/4531 4532/4532/4532
f 4483/4483/4483 4532/4532/4532 4484/4484/4484
f 4484/4484/4484 4532/4532/4532 4533/4533/4533
f 4484/4484/4484 4533/4533/4533 4485/4485/4485
f 4485/4485/4485 4533/4533/4533 4534/4534/4534
f 4485/4485/4485 4534/4534/4534 4486/4486/4486
f 4486/4486/4486 4534/4534/4534 4535/4535/4535
f 4486/4486/4486 4535/4535/4535 4487/4487/4487
f 4487/4487/4487 4535/4535/4535 4536/4536/4536
f 4487/4487/4487 4536/4536/4536 4488/4488/4488
f 4488/4488/4488 4536/4536/4536 4537/4537/4537
f 4488/4488/4488 4537/4537/4537 4489/4489/4489
f 4489/4489/4489 4537/4537/4537 4538/4538/4538
f 4489/4489/4489 4538/4538/4538 4490/4490/4490
f 4490/4490/4490 4538/4538/4538 4539/4539/4539
f 4490/4490/4490 4539/4539/4539 4491/4491/4491
f 4491/4491/4491 4539/4539/4539 4540/4540/4540
f 4491/4491/4491 4540/4540/4540 4492/4492/4492
f 4492/4492/4492 4540/4540/4540 4541/4541/4541
f 4492/4492/4492 4541/4541/4541 4493/4493/4493
f 4493/4493/4493 4541/4541/4541 4542/4542/4542
f 4493/4493/4493 4542/4542/4542 4494/4494/4494
f 4494/4494/4494 4542/4542/4542 4543/4543/4543
f 4494/4494/4494 4543/4543/4543 4495/4495/4495
f 4495/4495/4495 4543/4543/4543 4544/4544/4544
f 4495/4495/4495 4544/4544/4544 4496/4496/4496
f 4496/4496/4496 4544/4544/4544 4545/4545/4545
f 4496/4496/4496 4545/4545/4545 4497/4497/4497
f 4497/4497/4497 4545/4545/4545 4546/4546/4546
f 4497/4497/4497 4546/4546/4546 4498/4498/4498
f 4498/4498/4498 4546/4546/4546 4547/4547/4547
f 4498/4498/4498 4547/4547/4547 4499/4499/4499
f 4499/4499/4499 4547/4547/4547 4548/4548/4548
f 4499/4499/4499 4548/4548/4548 4500/4500/4500
f 4500/4500/4500 4548/4548/4548 4549/4549/4549
f 4500/4500/4500 4549/4549/4549 4501/4501/4501
f 4501/4501/4501 4549/4549/4549 4550/4550/4550
f 4501/4501/4501 4550/4550/4550 4502/4502/4502
f 4502/4502/4502 4550/4550/4550 4551/4551/4551
f 4502/4502/4502 4551/4551/4551 4503/4503/4503
f 4503/4503/4503 4551/4551/4551 4552/4552/4552
f 4503/4503/4503 4552/4552/4552 4504/4504/4504
f 4504/4504/4504 4552/4552/4552 4553/4553/4553
f 4504/4504/4504 4553/4553/4553 4505/4505/4505
f 4505/4505/4505 4553/4553/4553 4554/4554/4554
f 4505/4505/4505 4554/4554/4554 4506/4506/4506
f 4506/4506/4506 4554/4554/4554 4555/4555/4555
f 4506/4506/4506 4555/4555/4555 4507/4507/4507
f 4507/4507/4507 4555/4555/4555 4556/4556/4556
f 4507/4507/4507 4556/4556/4556 4508/4508/4508
f 4508/4508/4508 4556/4556/4556 4557/4557/4557
f 4508/4508/4508 4557/4557/4557 4509/4509/4509
f 4509/4509/4509 4557/4557/4557 4558/4558/4558
f 4509/4509/4509 4558/4558/4558 4510/4510/4510
f 4510/4510/4510 4558/4558/4558 4559/4559/4559
f 4510/4510/4510 4559/4559/4559 4511/4511/4511
f 4511/4511/4511 4559/4559/4559 4560/4560/4560
f 4511/4511/4511 4560/4560/4560 4512/4512/4512
f 4512/4512/4512 4560/4560/4560 4561/4561/4561
f 4512/4512/4512 4561/4561/4561 4513/4513/4513
f 4513/4513/4513 4561/4561/4561 4562/4562/4562
f 4513/4513/4513 4562/4562/4562 4514/4514/4514
f 4514/4514/4514 4562/4562/4562 4563/4563/4563
f 4514/4514/4514 4563/4563/4563 4515/4515/4515
f 4515/4515/4515 4563/4563/4563 4564/4564/4564
f 4515/4515/4515 4564/4564/4564 4516/4516/4516
f 4516/4516/4516 4564/4564/4564 4565/4565/4565
f 4516/4516/4516 4565/4565/4565 4517/4517/4517
f 4517/4517/4517 4565/4565/4565 4566/4566/4566
f 4517/4517/4517 4566/4566/4566 4518/4518/4518
f 4518/4518/4518 4566/4566/4566 4567/4567/4567
f 4519/4519/4519 4568/4568/4568 4520/4520/4520
f 4520/4520/4520 4568/4568/4568 4569/4569/4569
f 4520/4520/4520 4569/4569/4569 4521/4521/4521
f 4521/4521/4521 4569/4569/4569 4570/4570/4570
f 4521/4521/4521 4570/4570/4570 4522/4522/4522
f 4522/4522/4522 4570/4570/4570 4571/4571/4571
f 4522/4522/4522 4571/4571/4571 4523/4523/4523
f 4523/4523/4523 4571/4571/4571 4572/4572/4572
f 4523/4523/4523 4572/4572/4572 4524/4524/4524
f 4524/4524/4524 4572/4572/4572 4573/4573/4573
f 4524/4524/4524 4573/4573/4573 4525/4525/4525
f 4525/4525/4525 4573/4573/4573 4574/4574/4574
f 4525/4525/4525 4574/4574/4574 4526/4526/4526
f 4526/4526/4526 4574/4574/4574 4575/4575/4575
f 4526/4526/4526 4575/4575/4575 4527/4527/4527
f 4527/4527/4527 4575/4575/4575 4576/4576/4576
f 4527/4527/4527 4576/4576/4576 4528/4528/4528
f 4528/4528/4528 4576/4576/4576 4577/4577/4577
f 4528/4528/4528 4577/4577/4577 4529/4529/4529
f 4529/4529/4529 4577/4577/4577 4578/4578/4578
f 4529/4529/4529 4578/4578/4578 4530/4530/4530
f 4530/4530/4530 4578/4578/4578 4579/4579/4579
f 4530/4530/4530 4579/4579/4579 4531/4531/4531
f 4531/4531/4531 4579/4579/4579 4580/4580/4580
f 4531/4531/4531 4580/4580/4580 4532/4532/4532
f 4532/4532/4532 4580/4580/4580 4581/4581/4581
f 4532/4532/4532 4581/4581/4581 4533/4533/4533
f 4533/4533/4533 4581/4581/4581 4582/4582/4582
f 4533/4533/4533 4582/4582/4582 4534/4534/4534
f 4534/4534/4534 4582/4582/4582 4583/4583/4583
f 4534/4534/4534 4583/4583/4583 4535/4535/4535
f 4535/4535/4535 4583/4583/4583 4584/4584/4584
f 4535/4535/4535 4584/4584/4584 4536/4536/4536
f 4536/4536/4536 4584/4584/4584 4585/4585/4585
f 4536/4536/4536 4585/4585/4585 4537/4537/4537
f 4537/4537/4537 4585/4585/4585 4586/4586/4586
f 4537/4537/4537 4586/4586/4586 4538/4538/4538
f 4538/4538/4538 4586/4586/4586 4587/4587/4587
f 4538/4538/4538 4587/4587/4587 4539/4539/4539
f 4539/4539/4539 4587/4587/4587 4588/4588/4588
f 4539/4539/4539 4588/4588/4588 4540/4540/4540
f 4540/4540/4540 4588/4588/4588 4589/4589/4589
f 4540/4540/4540 4589/4589/4589 4541/4541/4541
f 4541/4541/4541 4589/4589/4589 4590/4590/4590
f 4541/4541/4541 4590/4590/4590 4542/4542/4542
f 4542/4542/4542 4590/4590/4590 4591/4591/4591
f 4542/4542/4542 4591/4591/4591 4543/4543/4543
f 4543/4543/4543 4591/4591/4591 4592/4592/4592
f 4543/4543/4543 4592/4592/4592 4544/4544/4544
f 4544/4544/4544 4592/4592/4592 4593/4593/4593
f 4544/4544/4544 4593/4593/4593 4545/4545/4545
f 4545/4545/4545 4593/4593/4593 4594/4594/4594
f 4545/4545/4545 4594/4594/4594 4546/4546/4546
f 4546/4546/4546 4594/4594/4594 4595/4595/4595
f 4546/4546/4546 4595/4595/4595 4547/4547/4547
f 4547/4547/4547 4595/4595/4595 4596/4596/4596
f 4547/4547/4547 4596/4596/4596 4548/4548/4548
f 4548/4548/4548 4596/4596/4596 4597/4597/4597
f 4548/4548/4548 4597/4597/4597 4549/4549/4549
f 4549/4549/4549 4597/4597/4597 4598/4598/4598
f 4549/4549/4549 4598/4598/4598 4550/4550/4550
f 4550/4550/4550 4598/4598/4598 4599/4599/4599
f 4550/4550/4550 4599/4599/4599 4551/4551/4551
f 4551/4551/4551 4599/4599/4599 4600/4600/4600
f 4551/4551/4551 4600/4600/4600 4552/4552/4552
f 4552/4552/4552 4600/4600/4600 4601/4601/4601
f 4552/4552/4552 4601/4601/4601 4553/4553/4553
f 4553/4553/4553 4601/4601/4601 4602/4602/4602
f 4553/4553/4553 4602/4602/4602 4554/4554/4554
f 4554/4554/4554 4602/4602/4602 4603/4603/4603
f 4554/4554/4554 4603/4603/4603 4555/4555/4555
f 4555/4555/4555 4603/4603/4603 4604/4604/4604
f 4555/4555/4555 4604/4604/4604 4556/4556/4556
f 4556/4556/4556 4604/4604/4604 4605/4605/4605
f 4556/4556/4556 4605/4605/4605 4557/4557/4557
f 4557/4557/4557 4605/4605/4605 4606/4606/4606
f 4557/4557/4557 4606/4606/4606 4558/4558/4558
f 4558/4558/4558 4606/4606/4606 4607/4607/4607
f 4558/4558/4558 4607/4607/4607 4559/4559/4559
f 4559/4559/4559 4607/4607/4607 4608/4608/4608
f 4559/4559/4559 4608/4608/4608 4560/4560/4560
f 4560/4560/4560 4608/4608/4608 4609/4609/4609
f 4560/4560/4560 4609/4609/4609 4561/4561/4561
f 4561/4561/4561 4609/4609/4609 4610/4610/4610
f 4561/4561/4561 4610/4610/4610 4562/4562/4562
f 4562/4562/4562 4610/4610/4610 4611/4611/4611
f 4562/4562/4562 4611/4611/4611 4563/4563/4563
f 4563/4563/4563 4611/4611/4611 4612/4612/4612
f 4563/4563/4563 4612/4612/4612 4564/4564/4564
f 4564/4564/4564 4612/4612/4612 4613/4613/4613
f 4564/4564/4564 4613/4613/4613 4565/4565/4565
f 4565/4565/4565 4613/4613/4613 4614/4614/4614
f 4565/4565/4565 4614/4614/4614 4566/4566/4566
f 4566/4566/4566 4614/4614/4614 4615/4615/4615
f 4566/4566/4566 4615/4615/4615 4567/4567/4567
f 4567/4567/4567 4615/4615/4615 4616/4616/4616
o cylinder_part_19
usemtl part_19
v -7.6 4.2 0.23
v -7.643961 4.240138 0.2221629
v -7.684926 4.277541 0.1991858
v -7.720103 4.309659 0.1626346
v -7.747096 4.334305 0.115
v -7.764064 4.349797 0.05952839
v -7.769852 4.355082 -1.005362e-08
v -7.764064 4.349797 -0.05952838
v -7.747096 4.334305 -0.115
v -7.720103 4.309659 -0.1626346
v -7.684926 4.277541 -0.1991858
v -7.643961 4.240138 -0.222163
v -7.6 4.2 -0.23
v -7.556039 4.159862 -0.2221629
v -7.515074 4.122459 -0.1991858
v -7.479897 4.09034 -0.1626345
v -7.452904 4.065695 -0.115
v -7.435936 4.050202 -0.05952837
v -7.430149 4.044918 2.742722e-09
v -7.435936 4.050202 0.05952848
v -7.452904 4.065695 0.115
v -7.479897 4.090341 0.1626346
v -7.515074 4.122459 0.1991859
v -7.556039 4.159862 0.222163
v -7.6 4.2 0.23
v -5.5 6.5 0.23
v -5.543961 6.540138 0.2221629
v -5.584926 6.577541 0.1991858
v -5.620103 6.609659 0.1626346
v -5.647096 6.634305 0.115
v -5.664064 6.649797 0.05952839
v -5.669852 6.655082 -1.005362e-08
v -5.664064 6.649797 -0.05952838
v -5.647096 6.634305 -0.115
v -5.620103 6.609659 -0.1626346
v -5.584926 6.577541 -0.1991858
v -5.543961 6.540138 -0.222163
v -5.5 6.5 -0.23
v -5.456039 6.459862 -0.2221629
v -5.415074 6.422459 -0.1991858
v -5.379897 6.39034 -0.1626345
v -5.352904 6.365695 -0.115
v -5.335936 6.350203 -0.05952837
v -5.330149 6.344918 2.742722e-09
v -5.335936 6.350203 0.05952848
v -5.352904 6.365695 0.115
v -5.379897 6.390341 0.1626346
v -5.415074 6.422459 0.1991859
v -5.456039 6.459862 0.222163
v -5.5 6.5 0.23
v -7.6 4.2 0
v -7.6 4.2 0
v -7.6 4.2 0
v -7.6 4.2 0
v -7.6 4.2 0
v -7.6 4.2 0
v -7.6 4.2 0
v -7.6 4.2 0
v -7.6 4.2 0
v -7.6 4.2 0
v -7.6 4.2 0
v -7.6 4.2 0
v -7.6 4.2 0
v -7.6 4.2 0
v -7.6 4.2 0
v -7.6 4.2 0
v -7.6 4.2 0
v -7.6 4.2 0
v -7.6 4.2 0
v -7.6 4.2 0
v -7.6 4.2 0
v -7.6 4.2 0
v -7.6 4.2 0
v -7.6 4.2 0
v -7.6 4.2 0
v -7.6 4.2 0.23
v -7.643961 4.240138 0.2221629
v -7.684926 4.277541 0.1991858
v -7.720103 4.309659 0.1626346
v -7.747096 4.334305 0.115
v -7.764064 4.349797 0.05952839
v -7.769852 4.355082 -1.005362e-08
v -7.764064 4.349797 -0.05952838
v -7.747096 4.334305 -0.115
v -7.720103 4.309659 -0.1626346
v -7.684926 4.277541 -0.1991858
v -7.643961 4.240138 -0.222163
v -7.6 4.2 -0.23
v -7.556039 4.159862 -0.2221629
v -7.515074 4.122459 -0.1991858
v -7.479897 4.09034 -0.1626345
v -7.452904 4.065695 -0.115
v -7.435936 4.050202 -0.05952837
v -7.430149 4.044918 2.742722e-09
v -7.435936 4.050202 0.05952848
v -7.452904 4.065695 0.115
v -7.479897 4.090341 0.1626346
v -7.515074 4.122459 0.1991859
v -7.556039 4.159862 0.222163
v -7.6 4.2 0.23
v -5.5 6.5 0
v -5.5 6.5 0
v -5.5 6.5 0
v -5.5 6.5 0
v -5.5 6.5 0
v -5.5 6.5 0
v -5.5 6.5 0
v -5.5 6.5 0
v -5.5 6.5 0
v -5.5 6.5 0
v -5.5 6.5 0
v -5.5 6.5 0
v -5.5 6.5 0
v -5.5 6.5 0
v -5.5 6.5 0
v -5.5 6.5 0
v -5.5 6.5 0
v -5.5 6.5 0
v -5.5 6.5 0
v -5.5 6.5 0
v -5.5 6.5 0
v -5.5 6.5 0
v -5.5 6.5 0
v -5.5 6.5 0
v -5.5 6.5 0
v -5.5 6.5 0.23
v -5.543961 6.540138 0.2221629
v -5.584926 6.577541 0.1991858
v -5.620103 6.609659 0.1626346
v -5.647096 6.634305 0.115
v -5.664064 6.649797 0.05952839
v -5.669852 6.655082 -1.005362e-08
v -5.664064 6.649797 -0.05952838
v -5.647096 6.634305 -0.115
v -5.620103 6.609659 -0.1626346
v -5.584926 6.577541 -0.1991858
v -5.543961 6.540138 -0.222163
v -5.5 6.5 -0.23
v -5.456039 6.459862 -0.2221629
v -5.415074 6.422459 -0.1991858
v -5.379897 6.39034 -0.1626345
v -5.352904 6.365695 -0.115
v -5.335936 6.350203 -0.05952837
v -5.330149 6.344918 2.742722e-09
v -5.335936 6.350203 0.05952848
v -5.352904 6.365695 0.115
v -5.379897 6.390341 0.1626346
v -5.415074 6.422459 0.1991859
v -5.456039 6.459862 0.222163
v -5.5 6.5 0.23
vt 0 0
vt 0.04166667 0
vt 0.08333334 0
vt 0.125 0
vt 0.1666667 0
vt 0.2083333 0
vt 0.25 0
vt 0.2916667 0
vt 0.3333333 0
vt 0.375 0
vt 0.4166667 0
vt 0.4583333 0
vt 0.5 0
vt 0.5416667 0
vt 0.5833333 0
vt 0.625 0
vt 0.6666667 0
vt 0.7083333 0
vt 0.75 0
vt 0.7916667 0
vt 0.8333333 0
vt 0.875 0
vt 0.9166667 0
vt 0.9583333 0
vt 1 0
vt 0 1
vt 0.04166667 1
vt 0.08333334 1
vt 0.125 1
vt 0.1666667 1
vt 0.2083333 1
vt 0.25 1
vt 0.2916667 1
vt 0.3333333 1
vt 0.375 1
vt 0.4166667 1
vt 0.4583333 1
vt 0.5 1
vt 0.5416667 1
vt 0.5833333 1
vt 0.625 1
vt 0.6666667 1
vt 0.7083333 1
vt 0.75 1
vt 0.7916667 1
vt 0.8333333 1
vt 0.875 1
vt 0.9166667 1
vt 0.9583333 1
vt 1 1
vt 0 0
vt 0.04166667 0
vt 0.08333334 0
vt 0.125 0
vt 0.1666667 0
vt 0.2083333 0
vt 0.25 0
vt 0.2916667 0
vt 0.3333333 0
vt 0.375 0
vt 0.4166667 0
vt 0.4583333 0
vt 0.5 0
vt 0.5416667 0
vt 0.5833333 0
vt 0.625 0
vt 0.6666667 0
vt 0.7083333 0
vt 0.75 0
vt 0.7916667 0
vt 0.8333333 0
vt 0.875 0
vt 0.9166667 0
vt 0.9583333 0
vt 1 0
vt 0 1
vt 0.04166667 1
vt 0.08333334 1
vt 0.125 1
vt 0.1666667 1
vt 0.2083333 1
vt 0.25 1
vt 0.2916667 1
vt 0.3333333 1
vt 0.375 1
vt 0.4166667 1
vt 0.4583333 1
vt 0.5 1
vt 0.5416667 1
vt 0.5833333 1
vt 0.625 1
vt 0.6666667 1
vt 0.7083333 1
vt 0.75 1
vt 0.7916667 1
vt 0.8333333 1
vt 0.875 1
vt 0.9166667 1
vt 0.9583333 1
vt 1 1
vt 0 0
vt 0.04166667 0
vt 0.08333334 0
vt 0.125 0
vt 0.1666667 0
vt 0.2083333 0
vt 0.25 0
vt 0.2916667 0
vt 0.3333333 0
vt 0.375 0
vt 0.4166667 0
vt 0.4583333 0
vt 0.5 0
vt 0.5416667 0
vt 0.5833333 0
vt 0.625 0
vt 0.6666667 0
vt 0.7083333 0
vt 0.75 0
vt 0.7916667 0
vt 0.8333333 0
vt 0.875 0
vt 0.9166667 0
vt 0.9583333 0
vt 1 0
vt 0 1
vt 0.04166667 1
vt 0.08333334 1
vt 0.125 1
vt 0.1666667 1
vt 0.2083333 1
vt 0.25 1
vt 0.2916667 1
vt 0.3333333 1
vt 0.375 1
vt 0.4166667 1
vt 0.4583333 1
vt 0.5 1
vt 0.5416667 1
vt 0.5833333 1
vt 0.625 1
vt 0.6666667 1
vt 0.7083333 1
vt 0.75 1
vt 0.7916667 1
vt 0.8333333 1
vt 0.875 1
vt 0.9166667 1
vt 0.9583333 1
vt 1 1
vn 0 -0 1
vn -0.1911143 0.1744956 0.965933
vn -0.3692521 0.3371432 0.8660182
vn -0.5221764 0.4767697 0.7071226
vn -0.6395462 0.5839334 0.5000026
vn -0.7133209 0.6512929 0.2588256
vn -0.7384855 0.6742693 0
vn -0.7133209 0.6512929 -0.2588256
vn -0.639549 0.583936 -0.4999957
vn -0.5221881 0.4767804 -0.7071067
vn -0.3692396 0.3371318 -0.8660278
vn -0.191136 0.1745155 -0.965925
vn 0 0 -1
vn 0.1911345 -0.1745141 -0.9659256
vn 0.369244 -0.3371357 -0.8660245
vn 0.5221881 -0.4767804 -0.7071068
vn 0.6395494 -0.5839363 -0.4999948
vn 0.7133218 -0.6512937 -0.2588214
vn 0.7384855 -0.6742693 0
vn 0.7133217 -0.6512936 0.2588217
vn 0.6395466 -0.5839338 0.5000016
vn 0.5221881 -0.4767804 0.7071067
vn 0.369244 -0.3371357 0.8660245
vn 0.1911143 -0.1744956 0.965933
vn 0 -0 1
vn 0 -0 1
vn -0.1911143 0.1744956 0.965933
vn -0.3692521 0.3371432 0.8660181
vn -0.5221764 0.4767697 0.7071226
vn -0.6395462 0.5839333 0.5000026
vn -0.713321 0.6512929 0.2588257
vn -0.7384855 0.6742693 0
vn -0.713321 0.6512929 -0.2588257
vn -0.639549 0.583936 -0.4999957
vn -0.5221881 0.4767804 -0.7071068
vn -0.3692396 0.3371318 -0.8660278
vn -0.1911361 0.1745155 -0.965925
vn 0 0 -1
vn 0.1911345 -0.1745141 -0.9659256
vn 0.369244 -0.3371357 -0.8660245
vn 0.5221881 -0.4767804 -0.7071068
vn 0.6395494 -0.5839364 -0.4999948
vn 0.7133218 -0.6512938 -0.2588214
vn 0.7384855 -0.6742693 0
vn 0.7133217 -0.6512936 0.2588217
vn 0.6395466 -0.5839338 0.5000016
vn 0.5221881 -0.4767804 0.7071068
vn 0.369244 -0.3371357 0.8660245
vn 0.1911143 -0.1744956 0.965933
vn 0 -0 1
vn -0.6742693 -0.7384855 0
vn -0.6742693 -0.7384855 0
vn -0.6742693 -0.7384855 0
vn -0.6742693 -0.7384855 0
vn -0.6742693 -0.7384855 0
vn -0.6742693 -0.7384855 0
vn -0.6742693 -0.7384855 0
vn -0.6742693 -0.7384855 0
vn -0.6742693 -0.7384855 0
vn -0.6742693 -0.7384855 0
vn -0.6742693 -0.7384855 0
vn -0.6742693 -0.7384855 0
vn -0.6742693 -0.7384855 0
vn -0.6742693 -0.7384855 0
vn -0.6742693 -0.7384855 0
vn -0.6742693 -0.7384855 0
vn -0.6742693 -0.7384855 0
vn -0.6742693 -0.7384855 0
vn -0.6742693 -0.7384855 0
vn -0.6742693 -0.7384855 0
vn -0.6742693 -0.7384855 0
vn -0.6742693 -0.7384855 0
vn -0.6742693 -0.7384855 0
vn -0.6742693 -0.7384855 0
vn -0.6742693 -0.7384855 0
vn -0.6742693 -0.7384855 0
vn -0.6742693 -0.7384855 0
vn -0.6742693 -0.7384855 0
vn -0.6742693 -0.7384855 0
vn -0.6742693 -0.7384855 0
vn -0.6742693 -0.7384855 0
vn -0.6742693 -0.7384855 0
vn -0.6742693 -0.7384855 0
vn -0.6742693 -0.7384855 0
vn -0.6742693 -0.7384855 0
vn -0.6742693 -0.7384855 0
vn -0.6742693 -0.7384855 0
vn -0.6742693 -0.7384855 0
vn -0.6742693 -0.7384855 0
vn -0.6742693 -0.7384855 0
vn -0.6742693 -0.7384855 0
vn -0.6742693 -0.7384855 0
vn -0.6742693 -0.7384855 0
vn -0.6742693 -0.7384855 0
vn -0.6742693 -0.7384855 0
vn -0.6742693 -0.7384855 0
vn -0.6742693 -0.7384855 0
vn -0.6742693 -0.7384855 0
vn -0.6742693 -0.7384855 0
vn -0.6742693 -0.7384855 0
vn 0.6742693 0.7384855 0
vn 0.6742693 0.7384855 0
vn 0.6742693 0.7384855 0
vn 0.6742693 0.7384855 0
vn 0.6742693 0.7384855 0
vn 0.6742693 0.7384855 0
vn 0.6742693 0.7384855 0
vn 0.6742693 0.7384855 0
vn 0.6742693 0.7384855 0
vn 0.6742693 0.7384855 0
vn 0.6742693 0.7384855 0
vn 0.6742693 0.7384855 0
vn 0.6742693 0.7384855 0
vn 0.6742693 0.7384855 0
vn 0.6742693 0.7384855 0
vn 0.6742693 0.7384855 0
vn 0.6742693 0.7384855 0
vn 0.6742693 0.7384855 0
vn 0.6742693 0.7384855 0
vn 0.6742693 0.7384855 0
vn 0.6742693 0.7384855 0
vn 0.6742693 0.7384855 0
vn 0.6742693 0.7384855 0
vn 0.6742693 0.7384855 0
vn 0.6742693 0.7384855 0
vn 0.6742693 0.7384855 0
vn 0.6742693 0.7384855 0
vn 0.6742693 0.7384855 0
vn 0.6742693 0.7384855 0
vn 0.6742693 0.7384855 0
vn 0.6742693 0.7384855 0
vn 0.6742693 0.7384855 0
vn 0.6742693 0.7384855 0
vn 0.6742693 0.7384855 0
vn 0.6742693 0.7384855 0
vn 0.6742693 0.7384855 0
vn 0.6742693 0.7384855 0
vn 0.6742693 0.7384855 0
vn 0.6742693 0.7384855 0
vn 0.6742693 0.7384855 0
vn 0.6742693 0.7384855 0
vn 0.6742693 0.7384855 0
vn 0.6742693 0.7384855 0
vn 0.6742693 0.7384855 0
vn 0.6742693 0.7384855 0
vn 0.6742693 0.7384855 0
vn 0.6742693 0.7384855 0
vn 0.6742693 0.7384855 0
vn 0.6742693 0.7384855 0
vn 0.6742693 0.7384855 0
f 4617/4617/4617 4642/4642/4642 4618/4618/4618
f 4618/4618/4618 4642/4642/4642 4643/4643/4643
f 4618/4618/4618 4643/4643/4643 4619/4619/4619
f 4619/4619/4619 4643/4643/4643 4644/4644/4644
f 4619/4619/4619 4644/4644/4644 4620/4620/4620
f 4620/4620/4620 4644/4644/4644 4645/4645/4645
f 4620/4620/4620 4645/4645/4645 4621/4621/4621
f 4621/4621/4621 4645/4645/4645 4646/4646/4646
f 4621/4621/4621 4646/4646/4646 4622/4622/4622
f 4622/4622/4622 4646/4646/4646 4647/4647/4647
f 4622/4622/4622 4647/4647/4647 4623/4623/4623
f 4623/4623/4623 4647/4647/4647 4648/4648/4648
f 4623/4623/4623 4648/4648/4648 4624/4624/4624
f 4624/4624/4624 4648/4648/4648 4649/4649/4649
f 4624/4624/4624 4649/4649/4649 4625/4625/4625
f 4625/4625/4625 4649/4649/4649 4650/4650/4650
f 4625/4625/4625 4650/4650/4650 4626/4626/4626
f 4626/4626/4626 4650/4650/4650 4651/4651/4651
f 4626/4626/4626 4651/4651/4651 4627/4627/4627
f 4627/4627/4627 4651/4651/4651 4652/4652/4652
f 4627/4627/4627 4652/4652/4652 4628/4628/4628
f 4628/4628/4628 4652/4652/4652 4653/4653/4653
f 4628/4628/4628 4653/4653/4653 4629/4629/4629
f 4629/4629/4629 4653/4653/4653 4654/4654/4654
f 4629/4629/4629 4654/4654/4654 4630/4630/4630
f 4630/4630/4630 4654/4654/4654 4655/4655/4655
f 4630/4630/4630 4655/4655/4655 4631/4631/4631
f 4631/4631/4631 4655/4655/4655 4656/4656/4656
f 4631/4631/4631 4656/4656/4656 4632/4632/4632
f 4632/4632/4632 4656/4656/4656 4657/4657/4657
f 4632/4632/4632 4657/4657/4657 4633/4633/4633
f 4633/4633/4633 4657/4657/4657 4658/4658/4658
f 4633/4633/4633 4658/4658/4658 4634/4634/4634
f 4634/4634/4634 4658/4658/4658 4659/4659/4659
f 4634/4634/4634 4659/4659/4659 4635/4635/4635
f 4635/4635/4635 4659/4659/4659 4660/4660/4660
f 4635/4635/4635 4660/4660/4660 4636/4636/4636
f 4636/4636/4636 4660/4660/4660 4661/4661/4661
f 4636/4636/4636 4661/4661/4661 4637/4637/4637
f 4637/4637/4637 4661/4661/4661 4662/4662/4662
f 4637/4637/4637 4662/4662/4662 4638/4638/4638
f 4638/4638/4638 4662/4662/4662 4663/4663/4663
f 4638/4638/4638 4663/4663/4663 4639/4639/4639
f 4639/4639/4639 4663/4663/4663 4664/4664/4664
f 4639/4639/4639 4664/4664/4664 4640/4640/4640
f 4640/4640/4640 4664/4664/4664 4665/4665/4665
f 4640/4640/4640 4665/4665/4665 4641/4641/4641
f 4641/4641/4641 4665/4665/4665 4666/4666/4666
f 4667/4667/4667 4692/4692/4692 4668/4668/4668
f 4668/4668/4668 4692/4692/4692 4693/4693/4693
f 4668/4668/4668 4693/4693/4693 4669/4669/4669
f 4669/4669/4669 4693/4693/4693 4694/4694/4694
f 4669/4669/4669 4694/4694/4694 4670/4670/4670
f 4670/4670/4670 4694/4694/4694 4695/4695/4695
f 4670/4670/4670 4695/4695/4695 4671/4671/4671
f 4671/4671/4671 4695/4695/4695 4696/4696/4696
f 4671/4671/4671 4696/4696/4696 4672/4672/4672
f 4672/4672/4672 4696/4696/4696 4697/4697/4697
f 4672/4672/4672 4697/4697/4697 4673/4673/4673
f 4673/4673/4673 4697/4697/4697 4698/4698/4698
f 4673/4673/4673 4698/4698/4698 4674/4674/4674
f 4674/4674/4674 4698/4698/4698 4699/4699/4699
f 4674/4674/4674 4699/4699/4699 4675/4675/4675
f 4675/4675/4675 4699/4699/4699 4700/4700/4700
f 4675/4675/4675 4700/4700/4700 4676/4676/4676
f 4676/4676/4676 4700/4700/4700 4701/4701/4701
f 4676/4676/4676 4701/4701/4701 4677/4677/4677
f 4677/4677/4677 4701/4701/4701 4702/4702/4702
f 4677/4677/4677 4702/4702/4702 4678/4678/4678
f 4678/4678/4678 4702/4702/4702 4703/4703/4703
f 4678/4678/4678 4703/4703/4703 4679/4679/4679
f 4679/4679/4679 4703/4703/4703 4704/4704/4704
f 4679/4679/4679 4704/4704/4704 4680/4680/4680
f 4680/4680/4680 4704/4704/4704 4705/4705/4705
f 4680/4680/4680 4705/4705/4705 4681/4681/4681
f 4681/4681/4681 4705/4705/4705 4706/4706/4706
f 4681/4681/4681 4706/4706/4706 4682/4682/4682
f 4682/4682/4682 4706/4706/4706 4707/4707/4707
f 4682/4682/4682 4707/4707/4707 4683/4683/4683
f 4683/4683/4683 4707/4707/4707 4708/4708/4708
f 4683/4683/4683 4708/4708/4708 4684/4684/4684
f 4684/4684/4684 4708/4708/4708 4709/4709/4709
f 4684/4684/4684 4709/4709/4709 4685/4685/4685
f 4685/4685/4685 4709/4709/4709 4710/4710/4710
f 4685/4685/4685 4710/4710/4710 4686/4686/4686
f 4686/4686/4686 4710/4710/4710 4711/4711/4711
f 4686/4686/4686 4711/4711/4711 4687/4687/4687
f 4687/4687/4687 4711/4711/4711 4712/4712/4712
f 4687/4687/4687 4712/4712/4712 4688/4688/4688
f 4688/4688/4688 4712/4712/4712 4713/4713/4713
f 4688/4688/4688 4713/4713/4713 4689/4689/4689
f 4689/4689/4689 4713/4713/4713 4714/4714/4714
f 4689/4689/4689 4714/4714/4714 4690/4690/4690
f 4690/4690/4690 4714/4714/4714 4715/4715/4715
f 4690/4690/4690 4715/4715/4715 4691/4691/4691
f 4691/4691/4691 4715/4715/4715 4716/4716/4716
f 4717/4717/4717 4718/4718/4718 4742/4742/4742
f 4718/4718/4718 4743/4743/4743 4742/4742/4742
f 4718/4718/4718 4719/4719/4719 4743/4743/4743
f 4719/4719/4719 4744/4744/4744 4743/4743/4743
f 4719/4719/4719 4720/4720/4720 4744/4744/4744
f 4720/4720/4720 4745/4745/4745 4744/4744/4744
f 4720/4720/4720 4721/4721/4721 4745/4745/4745
f 4721/4721/4721 4746/4746/4746 4745/4745/4745
f 4721/4721/4721 4722/4722/4722 4746/4746/4746
f 4722/4722/4722 4747/4747/4747 4746/4746/4746
f 4722/4722/4722 4723/4723/4723 4747/4747/4747
f 4723/4723/4723 4748/4748/4748 4747/4747/4747
f 4723/4723/4723 4724/4724/4724 4748/4748/4748
f 4724/4724/4724 4749/4749/4749 4748/4748/4748
f 4724/4724/4724 4725/4725/4725 4749/4749/4749
f 4725/4725/4725 4750/4750/4750 4749/4749/4749
f 4725/4725/4725 4726/4726/4726 4750/4750/4750
f 4726/4726/4726 4751/4751/4751 4750/4750/4750
f 4726/4726/4726 4727/4727/4727 4751/4751/4751
f 4727/4727/4727 4752/4752/4752 4751/4751/4751
f 4727/4727/4727 4728/4728/4728 4752/4752/4752
f 4728/4728/4728 4753/4753/4753 4752/4752/4752
f 4728/4728/4728 4729/4729/4729 4753/4753/4753
f 4729/4729/4729 4754/4754/4754 4753/4753/4753
f 4729/4729/4729 4730/4730/4730 4754/4754/4754
f 4730/4730/4730 4755/4755/4755 4754/4754/4754
f 4730/4730/4730 4731/4731/4731 4755/4755/4755
f 4731/4731/4731 4756/4756/4756 4755/4755/4755
f 4731/4731/4731 4732/4732/4732 4756/4756/4756
f 4732/4732/4732 4757/4757/4757 4756/4756/4756
f 4732/4732/4732 4733/4733/4733 4757/4757/4757
f 4733/4733/4733 4758/4758/4758 4757/4757/4757
f 4733/4733/4733 4734/4734/4734 4758/4758/4758
f 4734/4734/4734 4759/4759/4759 4758/4758/4758
f 4734/4734/4734 4735/4735/4735 4759/4759/4759
f 4735/4735/4735 4760/4760/4760 4759/4759/4759
f 4735/4735/4735 4736/4736/4736 4760/4760/4760
f 4736/4736/4736 4761/4761/4761 4760/4760/4760
f 4736/4736/4736 4737/4737/4737 4761/4761/4761
f 4737/4737/4737 4762/4762/4762 4761/4761/4761
f 4737/4737/4737 4738/4738/4738 4762/4762/4762
f 4738/4738/4738 4763/4763/4763 4762/4762/4762
f 4738/4738/4738 4739/4739/4739 4763/4763/4763
f 4739/4739/4739 4764/4764/4764 4763/4763/4763
f 4739/4739/4739 4740/4740/4740 4764/4764/4764
f 4740/4740/4740 4765/4765/4765 4764/4764/4764
f 4740/4740/4740 4741/4741/4741 4765/4765/4765
f 4741/4741/4741 4766/4766/4766 4765/4765/4765
o cylinder_part_20
usemtl part_20
v -7.62 0.25 -0.553
v -7.603694 0.25 -0.5508533
v -7.5885 0.25 -0.5445596
v -7.575452 0.25 -0.5345477
v -7.56544 0.25 -0.5215
v -7.559146 0.25 -0.5063056
v -7.557 0.25 -0.49
v -7.559146 0.25 -0.4736944
v -7.56544 0.25 -0.4585
v -7.575452 0.25 -0.4454523
v -7.5885 0.25 -0.4354404
v -7.603694 0.25 -0.4291467
v -7.62 0.25 -0.427
v -7.636305 0.25 -0.4291467
v -7.6515 0.25 -0.4354404
v -7.664547 0.25 -0.4454523
v -7.67456 0.25 -0.4585
v -7.680853 0.25 -0.4736944
v -7.683 0.25 -0.49
v -7.680853 0.25 -0.5063056
v -7.67456 0.25 -0.5215
v -7.664547 0.25 -0.5345477
v -7.6515 0.25 -0.5445596
v -7.636305 0.25 -0.5508534
v -7.62 0.25 -0.553
v -7.62 4.3 -0.553
v -7.603694 4.3 -0.5508533
v -7.5885 4.3 -0.5445596
v -7.575452 4.3 -0.5345477
v -7.56544 4.3 -0.5215
v -7.559146 4.3 -0.5063056
v -7.557 4.3 -0.49
v -7.559146 4.3 -0.4736944
v -7.56544 4.3 -0.4585
v -7.575452 4.3 -0.4454523
v -7.5885 4.3 -0.4354404
v -7.603694 4.3 -0.4291467
v -7.62 4.3 -0.427
v -7.636305 4.3 -0.4291467
v -7.6515 4.3 -0.4354404
v -7.664547 4.3 -0.4454523
v -7.67456 4.3 -0.4585
v -7.680853 4.3 -0.4736944
v -7.683 4.3 -0.49
v -7.680853 4.3 -0.5063056
v -7.67456 4.3 -0.5215
v -7.664547 4.3 -0.5345477
v -7.6515 4.3 -0.5445596
v -7.636305 4.3 -0.5508534
v -7.62 4.3 -0.553
v -7.62 0.25 -0.49
v -7.62 0.25 -0.49
v -7.62 0.25 -0.49
v -7.62 0.25 -0.49
v -7.62 0.25 -0.49
v -7.62 0.25 -0.49
v -7.62 0.25 -0.49
v -7.62 0.25 -0.49
v -7.62 0.25 -0.49
v -7.62 0.25 -0.49
v -7.62 0.25 -0.49
v -7.62 0.25 -0.49
v -7.62 0.25 -0.49
v -7.62 0.25 -0.49
v -7.62 0.25 -0.49
v -7.62 0.25 -0.49
v -7.62 0.25 -0.49
v -7.62 0.25 -0.49
v -7.62 0.25 -0.49
v -7.62 0.25 -0.49
v -7.62 0.25 -0.49
v -7.62 0.25 -0.49
v -7.62 0.25 -0.49
v -7.62 0.25 -0.49
v -7.62 0.25 -0.49
v -7.62 0.25 -0.553
v -7.603694 0.25 -0.5508533
v -7.5885 0.25 -0.5445596
v -7.575452 0.25 -0.5345477
v -7.56544 0.25 -0.5215
v -7.559146 0.25 -0.5063056
v -7.557 0.25 -0.49
v -7.559146 0.25 -0.4736944
v -7.56544 0.25 -0.4585
v -7.575452 0.25 -0.4454523
v -7.5885 0.25 -0.4354404
v -7.603694 0.25 -0.4291467
v -7.62 0.25 -0.427
v -7.636305 0.25 -0.4291467
v -7.6515 0.25 -0.4354404
v -7.664547 0.25 -0.4454523
v -7.67456 0.25 -0.4585
v -7.680853 0.25 -0.4736944
v -7.683 0.25 -0.49
v -7.680853 0.25 -0.5063056
v -7.67456 0.25 -0.5215
v -7.664547 0.25 -0.5345477
v -7.6515 0.25 -0.5445596
v -7.636305 0.25 -0.5508534
v -7.62 0.25 -0.553
v -7.62 4.3 -0.49
v -7.62 4.3 -0.49
v -7.62 4.3 -0.49
v -7.62 4.3 -0.49
v -7.62 4.3 -0.49
v -7.62 4.3 -0.49
v -7.62 4.3 -0.49
v -7.62 4.3 -0.49
v -7.62 4.3 -0.49
v -7.62 4.3 -0.49
v -7.62 4.3 -0.49
v -7.62 4.3 -0.49
v -7.62 4.3 -0.49
v -7.62 4.3 -0.49
v -7.62 4.3 -0.49
v -7.62 4.3 -0.49
v -7.62 4.3 -0.49
v -7.62 4.3 -0.49
v -7.62 4.3 -0.49
v -7.62 4.3 -0.49
v -7.62 4.3 -0.49
v -7.62 4.3 -0.49
v -7.62 4.3 -0.49
v -7.62 4.3 -0.49
v -7.62 4.3 -0.49
v -7.62 4.3 -0.553
v -7.603694 4.3 -0.5508533
v -7.5885 4.3 -0.5445596
v -7.575452 4.3 -0.5345477
v -7.56544 4.3 -0.5215
v -7.559146 4.3 -0.5063056
v -7.557 4.3 -0.49
v -7.559146 4.3 -0.4736944
v -7.56544 4.3 -0.4585
v -7.575452 4.3 -0.4454523
v -7.5885 4.3 -0.4354404
v -7.603694 4.3 -0.4291467
v -7.62 4.3 -0.427
v -7.636305 4.3 -0.4291467
v -7.6515 4.3 -0.4354404
v -7.664547 4.3 -0.4454523
v -7.67456 4.3 -0.4585
v -7.680853 4.3 -0.4736944
v -7.683 4.3 -0.49
v -7.680853 4.3 -0.5063056
v -7.67456 4.3 -0.5215
v -7.664547 4.3 -0.5345477
v -7.6515 4.3 -0.5445596
v -7.636305 4.3 -0.5508534
v -7.62 4.3 -0.553
vt 0 0
vt 0.04166667 0
vt 0.08333334 0
vt 0.125 0
vt 0.1666667 0
vt 0.2083333 0
vt 0.25 0
vt 0.2916667 0
vt 0.3333333 0
vt 0.375 0
vt 0.4166667 0
vt 0.4583333 0
vt 0.5 0
vt 0.5416667 0
vt 0.5833333 0
vt 0.625 0
vt 0.6666667 0
vt 0.7083333 0
vt 0.75 0
vt 0.7916667 0
vt 0.8333333 0
vt 0.875 0
vt 0.9166667 0
vt 0.9583333 0
vt 1 0
vt 0 1
vt 0.04166667 1
vt 0.08333334 1
vt 0.125 1
vt 0.1666667 1
vt 0.2083333 1
vt 0.25 1
vt 0.2916667 1
vt 0.3333333 1
vt 0.375 1
vt 0.4166667 1
vt 0.4583333 1
vt 0.5 1
vt 0.5416667 1
vt 0.5833333 1
vt 0.625 1
vt 0.6666667 1
vt 0.7083333 1
vt 0.75 1
vt 0.7916667 1
vt 0.8333333 1
vt 0.875 1
vt 0.9166667 1
vt 0.9583333 1
vt 1 1
vt 0 0
vt 0.04166667 0
vt 0.08333334 0
vt 0.125 0
vt 0.1666667 0
vt 0.2083333 0
vt 0.25 0
vt 0.2916667 0
vt 0.3333333 0
vt 0.375 0
vt 0.4166667 0
vt 0.4583333 0
vt 0.5 0
vt 0.5416667 0
vt 0.5833333 0
vt 0.625 0
vt 0.6666667 0
vt 0.7083333 0
vt 0.75 0
vt 0.7916667 0
vt 0.8333333 0
vt 0.875 0
vt 0.9166667 0
vt 0.9583333 0
vt 1 0
vt 0 1
vt 0.04166667 1
vt 0.08333334 1
vt 0.125 1
vt 0.1666667 1
vt 0.2083333 1
vt 0.25 1
vt 0.2916667 1
vt 0.3333333 1
vt 0.375 1
vt 0.4166667 1
vt 0.4583333 1
vt 0.5 1
vt 0.5416667 1
vt 0.5833333 1
vt 0.625 1
vt 0.6666667 1
vt 0.7083333 1
vt 0.75 1
vt 0.7916667 1
vt 0.8333333 1
vt 0.875 1
vt 0.9166667 1
vt 0.9583333 1
vt 1 1
vt 0 0
vt 0.04166667 0
vt 0.08333334 0
vt 0.125 0
vt 0.1666667 0
vt 0.2083333 0
vt 0.25 0
vt 0.2916667 0
vt 0.3333333 0
vt 0.375 0
vt 0.4166667 0
vt 0.4583333 0
vt 0.5 0
vt 0.5416667 0
vt 0.5833333 0
vt 0.625 0
vt 0.6666667 0
vt 0.7083333 0
vt 0.75 0
vt 0.7916667 0
vt 0.8333333 0
vt 0.875 0
vt 0.9166667 0
vt 0.9583333 0
vt 1 0
vt 0 1
vt 0.04166667 1
vt 0.08333334 1
vt 0.125 1
vt 0.1666667 1
vt 0.2083333 1
vt 0.25 1
vt 0.2916667 1
vt 0.3333333 1
vt 0.375 1
vt 0.4166667 1
vt 0.4583333 1
vt 0.5 1
vt 0.5416667 1
vt 0.5833333 1
vt 0.625 1
vt 0.6666667 1
vt 0.7083333 1
vt 0.75 1
vt 0.7916667 1
vt 0.8333333 1
vt 0.875 1
vt 0.9166667 1
vt 0.9583333 1
vt 1 1
vn 0 0 -1
vn 0.2587922 0 -0.965933
vn 0.5000126 0 -0.8660181
vn 0.707091 0 -0.7071226
vn 0.8660239 0 -0.5000026
vn 0.9659241 0 -0.2588257
vn 1 -0 0
vn 0.9659241 -0 0.2588257
vn 0.8660279 -0 0.4999957
vn 0.7071068 -0 0.7071068
vn 0.4999957 -0 0.8660279
vn 0.2588217 -0 0.9659252
vn -0 0 1
vn -0.2588196 0 0.9659257
vn -0.5000016 0 0.8660245
vn -0.7071068 0 0.7071068
vn -0.8660284 0 0.4999948
vn -0.9659252 0 0.2588214
vn -1 0 0
vn -0.9659252 0 -0.2588217
vn -0.8660245 0 -0.5000016
vn -0.7071068 0 -0.7071068
vn -0.5000016 0 -0.8660245
vn -0.2587922 0 -0.965933
vn 0 0 -1
vn 0 0 -1
vn 0.2587922 0 -0.965933
vn 0.5000126 0 -0.8660182
vn 0.707091 0 -0.7071226
vn 0.866024 0 -0.5000026
vn 0.965924 0 -0.2588257
vn 1 -0 0
vn 0.965924 -0 0.2588257
vn 0.8660278 -0 0.4999957
vn 0.7071068 -0 0.7071068
vn 0.4999957 -0 0.8660278
vn 0.2588217 -0 0.9659252
vn -0 0 1
vn -0.2588196 0 0.9659257
vn -0.5000016 0 0.8660245
vn -0.7071068 0 0.7071068
vn -0.8660284 0 0.4999948
vn -0.9659252 0 0.2588214
vn -1 0 0
vn -0.9659252 0 -0.2588217
vn -0.8660245 0 -0.5000016
vn -0.7071068 0 -0.7071068
vn -0.5000016 0 -0.8660245
vn -0.2587922 0 -0.965933
vn 0 0 -1
vn 0 -1 0
vn 0 -1 0
vn 0 -1 0
vn 0 -1 0
vn 0 -1 0
vn 0 -1 0
vn 0 -1 0
vn 0 -1 0
vn 0 -1 0
vn 0 -1 0
vn 0 -1 0
vn 0 -1 0
vn 0 -1 0
vn 0 -1 0
vn 0 -1 0
vn 0 -1 0
vn 0 -1 0
vn 0 -1 0
vn 0 -1 0
vn 0 -1 0
vn 0 -1 0
vn 0 -1 0
vn 0 -1 0
vn 0 -1 0
vn 0 -1 0
vn 0 -1 0
vn 0 -1 0
vn 0 -1 0
vn 0 -1 0
vn 0 -1 0
vn 0 -1 0
vn 0 -1 0
vn 0 -1 0
vn 0 -1 0
vn 0 -1 0
vn 0 -1 0
vn 0 -1 0
vn 0 -1 0
vn 0 -1 0
vn 0 -1 0
vn 0 -1 0
vn 0 -1 0
vn 0 -1 0
vn 0 -1 -0
vn 0 -1 -0
vn 0 -1 -0
vn 0 -1 -0
vn 0 -1 -0
vn 0 -1 -0
vn 0 -1 0
vn 0 1 0
vn 0 1 0
vn 0 1 0
vn 0 1 0
vn 0 1 0
vn 0 1 0
vn 0 1 0
vn 0 1 0
vn 0 1 0
vn 0 1 0
vn 0 1 0
vn 0 1 0
vn 0 1 0
vn 0 1 0
vn 0 1 0
vn 0 1 0
vn 0 1 0
vn 0 1 0
vn 0 1 0
vn 0 1 0
vn 0 1 0
vn 0 1 0
vn 0 1 0
vn 0 1 0
vn 0 1 0
vn 0 1 0
vn 0 1 0
vn 0 1 0
vn 0 1 0
vn 0 1 0
vn 0 1 0
vn 0 1 0
vn 0 1 0
vn 0 1 0
vn 0 1 0
vn 0 1 0
vn 0 1 0
vn 0 1 0
vn 0 1 0
vn 0 1 0
vn 0 1 0
vn 0 1 0
vn 0 1 0
vn 0 1 0
vn 0 1 0
vn 0 1 0
vn 0 1 0
vn 0 1 0
vn 0 1 0
vn 0 1 0
f 4767/4767/4767 4792/4792/4792 4768/4768/4768
f 4768/4768/4768 4792/4792/4792 4793/4793/4793
f 4768/4768/4768 4793/4793/4793 4769/4769/4769
f 4769/4769/4769 4793/4793/4793 4794/4794/4794
f 4769/4769/4769 4794/4794/4794 4770/4770/4770
f 4770/4770/4770 4794/4794/4794 4795/4795/4795
f 4770/4770/4770 4795/4795/4795 4771/4771/4771
f 4771/4771/4771 4795/4795/4795 4796/4796/4796
f 4771/4771/4771 4796/4796/4796 4772/4772/4772
f 4772/4772/4772 4796/4796/4796 4797/4797/4797
f 4772/4772/4772 4797/4797/4797 4773/4773/4773
f 4773/4773/4773 4797/4797/4797 4798/4798/4798
f 4773/4773/4773 4798/4798/4798 4774/4774/4774
f 4774/4774/4774 4798/4798/4798 4799/4799/4799
f 4774/4774/4774 4799/4799/4799 4775/4775/4775
f 4775/4775/4775 4799/4799/4799 4800/4800/4800
f 4775/4775/4775 4800/4800/4800 4776/4776/4776
f 4776/4776/4776 4800/4800/4800 4801/4801/4801
f 4776/4776/4776 4801/4801/4801 4777/4777/4777
f 4777/4777/4777 4801/4801/4801 4802/4802/4802
f 4777/4777/4777 4802/4802/4802 4778/4778/4778
f 4778/4778/4778 4802/4802/4802 4803/4803/4803
f 4778/4778/4778 4803/4803/4803 4779/4779/4779
f 4779/4779/4779 4803/4803/4803 4804/4804/4804
f 4779/4779/4779 4804/4804/4804 4780/4780/4780
f 4780/4780/4780 4804/4804/4804 4805/4805/4805
f 4780/4780/4780 4805/4805/4805 4781/4781/4781
f 4781/4781/4781 4805/4805/4805 4806/4806/4806
f 4781/4781/4781 4806/4806/4806 4782/4782/4782
f 4782/4782/4782 4806/4806/4806 4807/4807/4807
f 4782/4782/4782 4807/4807/4807 4783/4783/4783
f 4783/4783/4783 4807/4807/4807 4808/4808/4808
f 4783/4783/4783 4808/4808/4808 4784/4784/4784
f 4784/4784/4784 4808/4808/4808 4809/4809/4809
f 4784/4784/4784 4809/4809/4809 4785/4785/4785
f 4785/4785/4785 4809/4809/4809 4810/4810/4810
f 4785/4785/4785 4810/4810/4810 4786/4786/4786
f 4786/4786/4786 4810/4810/4810 4811/4811/4811
f 4786/4786/4786 4811/4811/4811 4787/4787/4787
f 4787/4787/4787 4811/4811/4811 4812/4812/4812
f 4787/4787/4787 4812/4812/4812 4788/4788/4788
f 4788/4788/4788 4812/4812/4812 4813/4813/4813
f 4788/4788/4788 4813/4813/4813 4789/4789/4789
f 4789/4789/4789 4813/4813/4813 4814/4814/4814
f 4789/4789/4789 4814/4814/4814 4790/4790/4790
f 4790/4790/4790 4814/4814/4814 4815/4815/4815
f 4790/4790/4790 4815/4815/4815 4791/4791/4791
f 4791/4791/4791 4815/4815/4815 4816/4816/4816
f 4817/4817/4817 4842/4842/4842 4818/4818/4818
f 4818/4818/4818 4842/4842/4842 4843/4843/4843
f 4818/4818/4818 4843/4843/4843 4819/4819/4819
f 4819/4819/4819 4843/4843/4843 4844/4844/4844
f 4819/4819/4819 4844/4844/4844 4820/4820/4820
f 4820/4820/4820 4844/4844/4844 4845/4845/4845
f 4820/4820/4820 4845/4845/4845 4821/4821/4821
f 4821/4821/4821 4845/4845/4845 4846/4846/4846
f 4821/4821/4821 4846/4846/4846 4822/4822/4822
f 4822/4822/4822 4846/4846/4846 4847/4847/4847
f 4822/4822/4822 4847/4847/4847 4823/4823/4823
f 4823/4823/4823 4847/4847/4847 4848/4848/4848
f 4823/4823/4823 4848/4848/4848 4824/4824/4824
f 4824/4824/4824 4848/4848/4848 4849/4849/4849
f 4824/4824/4824 4849/4849/4849 4825/4825/4825
f 4825/4825/4825 4849/4849/4849 4850/4850/4850
f 4825/4825/4825 4850/4850/4850 4826/4826/4826
f 4826/4826/4826 4850/4850/4850 4851/4851/4851
f 4826/4826/4826 4851/4851/4851 4827/4827/4827
f 4827/4827/4827 4851/4851/4851 4852/4852/4852
f 4827/4827/4827 4852/4852/4852 4828/4828/4828
f 4828/4828/4828 4852/4852/4852 4853/4853/4853
f 4828/4828/4828 4853/4853/4853 4829/4829/4829
f 4829/4829/4829 4853/4853/4853 4854/4854/4854
f 4829/4829/4829 4854/4854/4854 4830/4830/4830
f 4830/4830/4830 4854/4854/4854 4855/4855/4855
f 4830/4830/4830 4855/4855/4855 4831/4831/4831
f 4831/4831/4831 4855/4855/4855 4856/4856/4856
f 4831/4831/4831 4856/4856/4856 4832/4832/4832
f 4832/4832/4832 4856/4856/4856 4857/4857/4857
f 4832/4832/4832 4857/4857/4857 4833/4833/4833
f 4833/4833/4833 4857/4857/4857 4858/4858/4858
f 4833/4833/4833 4858/4858/4858 4834/4834/4834
f 4834/4834/4834 4858/4858/4858 4859/4859/4859
f 4834/4834/4834 4859/4859/4859 4835/4835/4835
f 4835/4835/4835 4859/4859/4859 4860/4860/4860
f 4835/4835/4835 4860/4860/4860 4836/4836/4836
f 4836/4836/4836 4860/4860/4860 4861/4861/4861
f 4836/4836/4836 4861/4861/4861 4837/4837/4837
f 4837/4837/4837 4861/4861/4861 4862/4862/4862
f 4837/4837/4837 4862/4862/4862 4838/4838/4838
f 4838/4838/4838 4862/4862/4862 4863/4863/4863
f 4838/4838/4838 4863/4863/4863 4839/4839/4839
f 4839/4839/4839 4863/4863/4863 4864/4864/4864
f 4839/4839/4839 4864/4864/4864 4840/4840/4840
f 4840/4840/4840 4864/4864/4864 4865/4865/4865
f 4840/4840/4840 4865/4865/4865 4841/4841/4841
f 4841/4841/4841 4865/4865/4865 4866/4866/4866
f 4867/4867/4867 4868/4868/4868 4892/4892/4892
f 4868/4868/4868 4893/4893/4893 4892/4892/4892
f 4868/4868/4868 4869/4869/4869 4893/4893/4893
f 4869/4869/4869 4894/4894/4894 4893/4893/4893
f 4869/4869/4869 4870/4870/4870 4894/4894/4894
f 4870/4870/4870 4895/4895/4895 4894/4894/4894
f 4870/4870/4870 4871/4871/4871 4895/4895/4895
f 4871/4871/4871 4896/4896/4896 4895/4895/4895
f 4871/4871/4871 4872/4872/4872 4896/4896/4896
f 4872/4872/4872 4897/4897/4897 4896/4896/4896
f 4872/4872/4872 4873/4873/4873 4897/4897/4897
f 4873/4873/4873 4898/4898/4898 4897/4897/4897
f 4873/4873/4873 4874/4874/4874 4898/4898/4898
f 4874/4874/4874 4899/4899/4899 4898/4898/4898
f 4874/4874/4874 4875/4875/4875 4899/4899/4899
f 4875/4875/4875 4900/4900/4900 4899/4899/4899
f 4875/4875/4875 4876/4876/4876 4900/4900/4900
f 4876/4876/4876 4901/4901/4901 4900/4900/4900
f 4876/4876/4876 4877/4877/4877 4901/4901/4901
f 4877/4877/4877 4902/4902/4902 4901/4901/4901
f 4877/4877/4877 4878/4878/4878 4902/4902/4902
f 4878/4878/4878 4903/4903/4903 4902/4902/4902
f 4878/4878/4878 4879/4879/4879 4903/4903/4903
f 4879/4879/4879 4904/4904/4904 4903/4903/4903
f 4879/4879/4879 4880/4880/4880 4904/4904/4904
f 4880/4880/4880 4905/4905/4905 4904/4904/4904
f 4880/4880/4880 4881/4881/4881 4905/4905/4905
f 4881/4881/4881 4906/4906/4906 4905/4905/4905
f 4881/4881/4881 4882/4882/4882 4906/4906/4906
f 4882/4882/4882 4907/4907/4907 4906/4906/4906
f 4882/4882/4882 4883/4883/4883 4907/4907/4907
f 4883/4883/4883 4908/4908/4908 4907/4907/4907
f 4883/4883/4883 4884/4884/4884 4908/4908/4908
f 4884/4884/4884 4909/4909/4909 4908/4908/4908
f 4884/4884/4884 4885/4885/4885 4909/4909/4909
f 4885/4885/4885 4910/4910/4910 4909/4909/4909
f 4885/4885/4885 4886/4886/4886 4910/4910/4910
f 4886/4886/4886 4911/4911/4911 4910/4910/4910
f 4886/4886/4886 4887/4887/4887 4911/4911/4911
f 4887/4887/4887 4912/4912/4912 4911/4911/4911
f 4887/4887/4887 4888/4888/4888 4912/4912/4912
f 4888/4888/4888 4913/4913/4913 4912/4912/4912
f 4888/4888/4888 4889/4889/4889 4913/4913/4913
f 4889/4889/4889 4914/4914/4914 4913/4913/4913
f 4889/4889/4889 4890/4890/4890 4914/4914/4914
f 4890/4890/4890 4915/4915/4915 4914/4914/4914
f 4890/4890/4890 4891/4891/4891 4915/4915/4915
f 4891/4891/4891 4916/4916/4916 4915/4915/4915
o cylinder_part_21
usemtl part_21
v 7.6 4.2 -0.23
v 7.643961 4.240138 -0.2221629
v 7.684926 4.277541 -0.1991858
v 7.720103 4.309659 -0.1626346
v 7.747096 4.334305 -0.115
v 7.764064 4.349797 -0.05952839
v 7.769852 4.355082 1.005362e-08
v 7.764064 4.349797 0.05952838
v 7.747096 4.334305 0.115
v 7.720103 4.309659 0.1626346
v 7.684926 4.277541 0.1991858
v 7.643961 4.240138 0.222163
v 7.6 4.2 0.23
v 7.556039 4.159862 0.2221629
v 7.515074 4.122459 0.1991858
v 7.479897 4.09034 0.1626345
v 7.452904 4.065695 0.115
v 7.435936 4.050202 0.05952837
v 7.430149 4.044918 -2.742722e-09
v 7.435936 4.050202 -0.05952848
v 7.452904 4.065695 -0.115
v 7.479897 4.090341 -0.1626346
v 7.515074 4.122459 -0.1991859
v 7.556039 4.159862 -0.222163
v 7.6 4.2 -0.23
v 5.5 6.5 -0.23
v 5.543961 6.540138 -0.2221629
v 5.584926 6.577541 -0.1991858
v 5.620103 6.609659 -0.1626346
v 5.647096 6.634305 -0.115
v 5.664064 6.649797 -0.05952839
v 5.669852 6.655082 1.005362e-08
v 5.664064 6.649797 0.05952838
v 5.647096 6.634305 0.115
v 5.620103 6.609659 0.1626346
v 5.584926 6.577541 0.1991858
v 5.543961 6.540138 0.222163
v 5.5 6.5 0.23
v 5.456039 6.459862 0.2221629
v 5.415074 6.422459 0.1991858
v 5.379897 6.39034 0.1626345
v 5.352904 6.365695 0.115
v 5.335936 6.350203 0.05952837
v 5.330149 6.344918 -2.742722e-09
v 5.335936 6.350203 -0.05952848
v 5.352904 6.365695 -0.115
v 5.379897 6.390341 -0.1626346
v 5.415074 6.422459 -0.1991859
v 5.456039 6.459862 -0.222163
v 5.5 6.5 -0.23
v 7.6 4.2 0
v 7.6 4.2 0
v 7.6 4.2 0
v 7.6 4.2 0
v 7.6 4.2 0
v 7.6 4.2 0
v 7.6 4.2 0
v 7.6 4.2 0
v 7.6 4.2 0
v 7.6 4.2 0
v 7.6 4.2 0
v 7.6 4.2 0
v 7.6 4.2 0
v 7.6 4.2 0
v 7.6 4.2 0
v 7.6 4.2 0
v 7.6 4.2 0
v 7.6 4.2 0
v 7.6 4.2 0
v 7.6 4.2 0
v 7.6 4.2 0
v 7.6 4.2 0
v 7.6 4.2 0
v 7.6 4.2 0
v 7.6 4.2 0
v 7.6 4.2 -0.23
v 7.643961 4.240138 -0.2221629
v 7.684926 4.277541 -0.1991858
v 7.720103 4.309659 -0.1626346
v 7.747096 4.334305 -0.115
v 7.764064 4.349797 -0.05952839
v 7.769852 4.355082 1.005362e-08
v 7.764064 4.349797 0.05952838
v 7.747096 4.334305 0.115
v 7.720103 4.309659 0.1626346
v 7.684926 4.277541 0.1991858
v 7.643961 4.240138 0.222163
v 7.6 4.2 0.23
v 7.556039 4.159862 0.2221629
v 7.515074 4.122459 0.1991858
v 7.479897 4.09034 0.1626345
v 7.452904 4.065695 0.115
v 7.435936 4.050202 0.05952837
v 7.430149 4.044918 -2.742722e-09
v 7.435936 4.050202 -0.05952848
v 7.452904 4.065695 -0.115
v 7.479897 4.090341 -0.1626346
v 7.515074 4.122459 -0.1991859
v 7.556039 4.159862 -0.222163
v 7.6 4.2 -0.23
v 5.5 6.5 0
v 5.5 6.5 0
v 5.5 6.5 0
v 5.5 6.5 0
v 5.5 6.5 0
v 5.5 6.5 0
v 5.5 6.5 0
v 5.5 6.5 0
v 5.5 6.5 0
v 5.5 6.5 0
v 5.5 6.5 0
v 5.5 6.5 0
v 5.5 6.5 0
v 5.5 6.5 0
v 5.5 6.5 0
v 5.5 6.5 0
v 5.5 6.5 0
v 5.5 6.5 0
v 5.5 6.5 0
v 5.5 6.5 0
v 5.5 6.5 0
v 5.5 6.5 0
v 5.5 6.5 0
v 5.5 6.5 0
v 5.5 6.5 0
v 5.5 6.5 -0.23
v 5.543961 6.540138 -0.2221629
v 5.584926 6.577541 -0.1991858
v 5.620103 6.609659 -0.1626346
v 5.647096 6.634305 -0.115
v 5.664064 6.649797 -0.05952839
v 5.669852 6.655082 1.005362e-08
v 5.664064 6.649797 0.05952838
v 5.647096 6.634305 0.115
v 5.620103 6.609659 0.1626346
v 5.584926 6.577541 0.1991858
v 5.543961 6.540138 0.222163
v 5.5 6.5 0.23
v 5.456039 6.459862 0.2221629
v 5.415074 6.422459 0.1991858
v 5.379897 6.39034 0.1626345
v 5.352904 6.365695 0.115
v 5.335936 6.350203 0.05952837
v 5.330149 6.344918 -2.742722e-09
v 5.335936 6.350203 -0.05952848
v 5.352904 6.365695 -0.115
v 5.379897 6.390341 -0.1626346
v 5.415074 6.422459 -0.1991859
v 5.456039 6.459862 -0.222163
v 5.5 6.5 -0.23
vt 0 0
vt 0.04166667 0
vt 0.08333334 0
vt 0.125 0
vt 0.1666667 0
vt 0.2083333 0
vt 0.25 0
vt 0.2916667 0
vt 0.3333333 0
vt 0.375 0
vt 0.4166667 0
vt 0.4583333 0
vt 0.5 0
vt 0.5416667 0
vt 0.5833333 0
vt 0.625 0
vt 0.6666667 0
vt 0.7083333 0
vt 0.75 0
vt 0.7916667 0
vt 0.8333333 0
vt 0.875 0
vt 0.9166667 0
vt 0.9583333 0
vt 1 0
vt 0 1
vt 0.04166667 1
vt 0.08333334 1
vt 0.125 1
vt 0.1666667 1
vt 0.2083333 1
vt 0.25 1
vt 0.2916667 1
vt 0.3333333 1
vt 0.375 1
vt 0.4166667 1
vt 0.4583333 1
vt 0.5 1
vt 0.5416667 1
vt 0.5833333 1
vt 0.625 1
vt 0.6666667 1
vt 0.7083333 1
vt 0.75 1
vt 0.7916667 1
vt 0.8333333 1
vt 0.875 1
vt 0.9166667 1
vt 0.9583333 1
vt 1 1
vt 0 0
vt 0.04166667 0
vt 0.08333334 0
vt 0.125 0
vt 0.1666667 0
vt 0.2083333 0
vt 0.25 0
vt 0.2916667 0
vt 0.3333333 0
vt 0.375 0
vt 0.4166667 0
vt 0.4583333 0
vt 0.5 0
vt 0.5416667 0
vt 0.5833333 0
vt 0.625 0
vt 0.6666667 0
vt 0.7083333 0
vt 0.75 0
vt 0.7916667 0
vt 0.8333333 0
vt 0.875 0
vt 0.9166667 0
vt 0.9583333 0
vt 1 0
vt 0 1
vt 0.04166667 1
vt 0.08333334 1
vt 0.125 1
vt 0.1666667 1
vt 0.2083333 1
vt 0.25 1
vt 0.2916667 1
vt 0.3333333 1
vt 0.375 1
vt 0.4166667 1
vt 0.4583333 1
vt 0.5 1
vt 0.5416667 1
vt 0.5833333 1
vt 0.625 1
vt 0.6666667 1
vt 0.7083333 1
vt 0.75 1
vt 0.7916667 1
vt 0.8333333 1
vt 0.875 1
vt 0.9166667 1
vt 0.9583333 1
vt 1 1
vt 0 0
vt 0.04166667 0
vt 0.08333334 0
vt 0.125 0
vt 0.1666667 0
vt 0.2083333 0
vt 0.25 0
vt 0.2916667 0
vt 0.3333333 0
vt 0.375 0
vt 0.4166667 0
vt 0.4583333 0
vt 0.5 0
vt 0.5416667 0
vt 0.5833333 0
vt 0.625 0
vt 0.6666667 0
vt 0.7083333 0
vt 0.75 0
vt 0.7916667 0
vt 0.8333333 0
vt 0.875 0
vt 0.9166667 0
vt 0.9583333 0
vt 1 0
vt 0 1
vt 0.04166667 1
vt 0.08333334 1
vt 0.125 1
vt 0.1666667 1
vt 0.2083333 1
vt 0.25 1
vt 0.2916667 1
vt 0.3333333 1
vt 0.375 1
vt 0.4166667 1
vt 0.4583333 1
vt 0.5 1
vt 0.5416667 1
vt 0.5833333 1
vt 0.625 1
vt 0.6666667 1
vt 0.7083333 1
vt 0.75 1
vt 0.7916667 1
vt 0.8333333 1
vt 0.875 1
vt 0.9166667 1
vt 0.9583333 1
vt 1 1
vn 0 0 -1
vn 0.1911143 0.1744956 -0.965933
vn 0.3692521 0.3371432 -0.8660182
vn 0.5221764 0.4767697 -0.7071226
vn 0.6395462 0.5839334 -0.5000026
vn 0.7133209 0.6512929 -0.2588256
vn 0.7384855 0.6742693 0
vn 0.7133209 0.6512929 0.2588256
vn 0.639549 0.583936 0.4999957
vn 0.5221881 0.4767804 0.7071067
vn 0.3692396 0.3371318 0.8660278
vn 0.191136 0.1745155 0.965925
vn -0 0 1
vn -0.1911345 -0.1745141 0.9659256
vn -0.369244 -0.3371357 0.8660245
vn -0.5221881 -0.4767804 0.7071068
vn -0.6395494 -0.5839363 0.4999948
vn -0.7133218 -0.6512937 0.2588214
vn -0.7384855 -0.6742693 0
vn -0.7133217 -0.6512936 -0.2588217
vn -0.6395466 -0.5839338 -0.5000016
vn -0.5221881 -0.4767804 -0.7071067
vn -0.369244 -0.3371357 -0.8660245
vn -0.1911143 -0.1744956 -0.965933
vn 0 0 -1
vn 0 0 -1
vn 0.1911143 0.1744956 -0.965933
vn 0.3692521 0.3371432 -0.8660181
vn 0.5221764 0.4767697 -0.7071226
vn 0.6395462 0.5839333 -0.5000026
vn 0.713321 0.6512929 -0.2588257
vn 0.7384855 0.6742693 0
vn 0.713321 0.6512929 0.2588257
vn 0.639549 0.583936 0.4999957
vn 0.5221881 0.4767804 0.7071068
vn 0.3692396 0.3371318 0.8660278
vn 0.1911361 0.1745155 0.965925
vn -0 0 1
vn -0.1911345 -0.1745141 0.9659256
vn -0.369244 -0.3371357 0.8660245
vn -0.5221881 -0.4767804 0.7071068
vn -0.6395494 -0.5839364 0.4999948
vn -0.7133218 -0.6512938 0.2588214
vn -0.7384855 -0.6742693 0
vn -0.7133217 -0.6512936 -0.2588217
vn -0.6395466 -0.5839338 -0.5000016
vn -0.5221881 -0.4767804 -0.7071068
vn -0.369244 -0.3371357 -0.8660245
vn -0.1911143 -0.1744956 -0.965933
vn 0 0 -1
vn 0.6742693 -0.7384855 0
vn 0.6742693 -0.7384855 0
vn 0.6742693 -0.7384855 0
vn 0.6742693 -0.7384855 0
vn 0.6742693 -0.7384855 0
vn 0.6742693 -0.7384855 0
vn 0.6742693 -0.7384855 0
vn 0.6742693 -0.7384855 0
vn 0.6742693 -0.7384855 0
vn 0.6742693 -0.7384855 0
vn 0.6742693 -0.7384855 0
vn 0.6742693 -0.7384855 0
vn 0.6742693 -0.7384855 0
vn 0.6742693 -0.7384855 0
vn 0.6742693 -0.7384855 0
vn 0.6742693 -0.7384855 0
vn 0.6742693 -0.7384855 0
vn 0.6742693 -0.7384855 0
vn 0.6742693 -0.7384855 0
vn 0.6742693 -0.7384855 0
vn 0.6742693 -0.7384855 0
vn 0.6742693 -0.7384855 0
vn 0.6742693 -0.7384855 0
vn 0.6742693 -0.7384855 0
vn 0.6742693 -0.7384855 0
vn 0.6742693 -0.7384855 0
vn 0.6742693 -0.7384855 0
vn 0.6742693 -0.7384855 0
vn 0.6742693 -0.7384855 0
vn 0.6742693 -0.7384855 0
vn 0.6742693 -0.7384855 0
vn 0.6742693 -0.7384855 0
vn 0.6742693 -0.7384855 0
vn 0.6742693 -0.7384855 0
vn 0.6742693 -0.7384855 0
vn 0.6742693 -0.7384855 0
vn 0.6742693 -0.7384855 0
vn 0.6742693 -0.7384855 0
vn 0.6742693 -0.7384855 0
vn 0.6742693 -0.7384855 0
vn 0.6742693 -0.7384855 0
vn 0.6742693 -0.7384855 0
vn 0.6742693 -0.7384855 0
vn 0.6742693 -0.7384855 -0
vn 0.6742693 -0.7384855 -0
vn 0.6742693 -0.7384855 -0
vn 0.6742693 -0.7384855 -0
vn 0.6742693 -0.7384855 -0
vn 0.6742693 -0.7384855 -0
vn 0.6742693 -0.7384855 0
vn -0.6742693 0.7384855 0
vn -0.6742693 0.7384855 0
vn -0.6742693 0.7384855 0
vn -0.6742693 0.7384855 0
vn -0.6742693 0.7384855 0
vn -0.6742693 0.7384855 0
vn -0.6742693 0.7384855 0
vn -0.6742693 0.7384855 0
vn -0.6742693 0.7384855 0
vn -0.6742693 0.7384855 0
vn -0.6742693 0.7384855 0
vn -0.6742693 0.7384855 0
vn -0.6742693 0.7384855 0
vn -0.6742693 0.7384855 0
vn -0.6742693 0.7384855 0
vn -0.6742693 0.7384855 0
vn -0.6742693 0.7384855 0
vn -0.6742693 0.7384855 0
vn -0.6742693 0.7384855 0
vn -0.6742693 0.7384855 0
vn -0.6742693 0.7384855 0
vn -0.6742693 0.7384855 0
vn -0.6742693 0.7384855 0
vn -0.6742693 0.7384855 0
vn -0.6742693 0.7384855 0
vn -0.6742693 0.7384855 0
vn -0.6742693 0.7384855 0
vn -0.6742693 0.7384855 0
vn -0.6742693 0.7384855 0
vn -0.6742693 0.7384855 0
vn -0.6742693 0.7384855 0
vn -0.6742693 0.7384855 0
vn -0.6742693 0.7384855 0
vn -0.6742693 0.7384855 0
vn -0.6742693 0.7384855 0
vn -0.6742693 0.7384855 0
vn -0.6742693 0.7384855 0
vn -0.6742693 0.7384855 0
vn -0.6742693 0.7384855 0
vn -0.6742693 0.7384855 0
vn -0.6742693 0.7384855 0
vn -0.6742693 0.7384855 0
vn -0.6742693 0.7384855 0
vn -0.6742693 0.7384855 0
vn -0.6742693 0.7384855 0
vn -0.6742693 0.7384855 0
vn -0.6742693 0.7384855 0
vn -0.6742693 0.7384855 0
vn -0.6742693 0.7384855 0
vn -0.6742693 0.7384855 0
f 4917/4917/4917 4942/4942/4942 4918/4918/4918
f 4918/4918/4918 4942/4942/4942 4943/4943/4943
f 4918/4918/4918 4943/4943/4943 4919/4919/4919
f 4919/4919/4919 4943/4943/4943 4944/4944/4944
f 4919/4919/4919 4944/4944/4944 4920/4920/4920
f 4920/4920/4920 4944/4944/4944 4945/4945/4945
f 4920/4920/4920 4945/4945/4945 4921/4921/4921
f 4921/4921/4921 4945/4945/4945 4946/4946/4946
f 4921/4921/4921 4946/4946/4946 4922/4922/4922
f 4922/4922/4922 4946/4946/4946 4947/4947/4947
f 4922/4922/4922 4947/4947/4947 4923/4923/4923
f 4923/4923/4923 4947/4947/4947 4948/4948/4948
f 4923/4923/4923 4948/4948/4948 4924/4924/4924
f 4924/4924/4924 4948/4948/4948 4949/4949/4949
f 4924/4924/4924 4949/4949/4949 4925/4925/4925
f 4925/4925/4925 4949/4949/4949 4950/4950/4950
f 4925/4925/4925 4950/4950/4950 4926/4926/4926
f 4926/4926/4926 4950/4950/4950 4951/4951/4951
f 4926/4926/4926 4951/4951/4951 4927/4927/4927
f 4927/4927/4927 4951/4951/4951 4952/4952/4952
f 4927/4927/4927 4952/4952/4952 4928/4928/4928
f 4928/4928/4928 4952/4952/4952 4953/4953/4953
f 4928/4928/4928 4953/4953/4953 4929/4929/4929
f 4929/4929/4929 4953/4953/4953 4954/4954/4954
f 4929/4929/4929 4954/4954/4954 4930/4930/4930
f 4930/4930/4930 4954/4954/4954 4955/4955/4955
f 4930/4930/4930 4955/4955/4955 4931/4931/4931
f 4931/4931/4931 4955/4955/4955 4956/4956/4956
f 4931/4931/4931 4956/4956/4956 4932/4932/4932
f 4932/4932/4932 4956/4956/4956 4957/4957/4957
f 4932/4932/4932 4957/4957/4957 4933/4933/4933
f 4933/4933/4933 4957/4957/4957 4958/4958/4958
f 4933/4933/4933 4958/4958/4958 4934/4934/4934
f 4934/4934/4934 4958/4958/4958 4959/4959/4959
f 4934/4934/4934 4959/4959/4959 4935/4935/4935
f 4935/4935/4935 4959/4959/4959 4960/4960/4960
f 4935/4935/4935 4960/4960/4960 4936/4936/4936
f 4936/4936/4936 4960/4960/4960 4961/4961/4961
f 4936/4936/4936 4961/4961/4961 4937/4937/4937
f 4937/4937/4937 4961/4961/4961 4962/4962/4962
f 4937/4937/4937 4962/4962/4962 4938/4938/4938
f 4938/4938/4938 4962/4962/4962 4963/4963/4963
f 4938/4938/4938 4963/4963/4963 4939/4939/4939
f 4939/4939/4939 4963/4963/4963 4964/4964/4964
f 4939/4939/4939 4964/4964/4964 4940/4940/4940
f 4940/4940/4940 4964/4964/4964 4965/4965/4965
f 4940/4940/4940 4965/4965/4965 4941/4941/4941
f 4941/4941/4941 4965/4965/4965 4966/4966/4966
f 4967/4967/4967 4992/4992/4992 4968/4968/4968
f 4968/4968/4968 4992/4992/4992 4993/4993/4993
f 4968/4968/4968 4993/4993/4993 4969/4969/4969
f 4969/4969/4969 4993/4993/4993 4994/4994/4994
f 4969/4969/4969 4994/4994/4994 4970/4970/4970
f 4970/4970/4970 4994/4994/4994 4995/4995/4995
f 4970/4970/4970 4995/4995/4995 4971/4971/4971
f 4971/4971/4971 4995/4995/4995 4996/4996/4996
f 4971/4971/4971 4996/4996/4996 4972/4972/4972
f 4972/4972/4972 4996/4996/4996 4997/4997/4997
f 4972/4972/4972 4997/4997/4997 4973/4973/4973
f 4973/4973/4973 4997/4997/4997 4998/4998/4998
f 4973/4973/4973 4998/4998/4998 4974/4974/4974
f 4974/4974/4974 4998/4998/4998 4999/4999/4999
f 4974/4974/4974 4999/4999/4999 4975/4975/4975
f 4975/4975/4975 4999/4999/4999 5000/5000/5000
f 4975/4975/4975 5000/5000/5000 4976/4976/4976
f 4976/4976/4976 5000/5000/5000 5001/5001/5001
f 4976/4976/4976 5001/5001/5001 4977/4977/4977
f 4977/4977/4977 5001/5001/5001 5002/5002/5002
f 4977/4977/4977 5002/5002/5002 4978/4978/4978
f 4978/4978/4978 5002/5002/5002 5003/5003/5003
f 4978/4978/4978 5003/5003/5003 4979/4979/4979
f 4979/4979/4979 5003/5003/5003 5004/5004/5004
f 4979/4979/4979 5004/5004/5004 4980/4980/4980
f 4980/4980/4980 5004/5004/5004 5005/5005/5005
f 4980/4980/4980 5005/5005/5005 4981/4981/4981
f 4981/4981/4981 5005/5005/5005 5006/5006/5006
f 4981/4981/4981 5006/5006/5006 4982/4982/4982
f 4982/4982/4982 5006/5006/5006 5007/5007/5007
f 4982/4982/4982 5007/5007/5007 4983/4983/4983
f 4983/4983/4983 5007/5007/5007 5008/5008/5008
f 4983/4983/4983 5008/5008/5008 4984/4984/4984
f 4984/4984/4984 5008/5008/5008 5009/5009/5009
f 4984/4984/4984 5009/5009/5009 4985/4985/4985
f 4985/4985/4985 5009/5009/5009 5010/5010/5010
f 4985/4985/4985 5010/5010/5010 4986/4986/4986
f 4986/4986/4986 5010/5010/5010 5011/5011/5011
f 4986/4986/4986 5011/5011/5011 4987/4987/4987
f 4987/4987/4987 5011/5011/5011 5012/5012/5012
f 4987/4987/4987 5012/5012/5012 4988/4988/4988
f 4988/4988/4988 5012/5012/5012 5013/5013/5013
f 4988/4988/4988 5013/5013/5013 4989/4989/4989
f 4989/4989/4989 5013/5013/5013 5014/5014/5014
f 4989/4989/4989 5014/5014/5014 4990/4990/4990
f 4990/4990/4990 5014/5014/5014 5015/5015/5015
f 4990/4990/4990 5015/5015/5015 4991/4991/4991
f 4991/4991/4991 5015/5015/5015 5016/5016/5016
f 5017/5017/5017 5018/5018/5018 5042/5042/5042
f 5018/5018/5018 5043/5043/5043 5042/5042/5042
f 5018/5018/5018 5019/5019/5019 5043/5043/5043
f 5019/5019/5019 5044/5044/5044 5043/5043/5043
f 5019/5019/5019 5020/5020/5020 5044/5044/5044
f 5020/5020/5020 5045/5045/5045 5044/5044/5044
f 5020/5020/5020 5021/5021/5021 5045/5045/5045
f 5021/5021/5021 5046/5046/5046 5045/5045/5045
f 5021/5021/5021 5022/5022/5022 5046/5046/5046
f 5022/5022/5022 5047/5047/5047 5046/5046/5046
f 5022/5022/5022 5023/5023/5023 5047/5047/5047
f 5023/5023/5023 5048/5048/5048 5047/5047/5047
f 5023/5023/5023 5024/5024/5024 5048/5048/5048
f 5024/5024/5024 5049/5049/5049 5048/5048/5048
f 5024/5024/5024 5025/5025/5025 5049/5049/5049
f 5025/5025/5025 5050/5050/5050 5049/5049/5049
f 5025/5025/5025 5026/5026/5026 5050/5050/5050
f 5026/5026/5026 5051/5051/5051 5050/5050/5050
f 5026/5026/5026 5027/5027/5027 5051/5051/5051
f 5027/5027/5027 5052/5052/5052 5051/5051/5051
f 5027/5027/5027 5028/5028/5028 5052/5052/5052
f 5028/5028/5028 5053/5053/5053 5052/5052/5052
f 5028/5028/5028 5029/5029/5029 5053/5053/5053
f 5029/5029/5029 5054/5054/5054 5053/5053/5053
f 5029/5029/5029 5030/5030/5030 5054/5054/5054
f 5030/5030/5030 5055/5055/5055 5054/5054/5054
f 5030/5030/5030 5031/5031/5031 5055/5055/5055
f 5031/5031/5031 5056/5056/5056 5055/5055/5055
f 5031/5031/5031 5032/5032/5032 5056/5056/5056
f 5032/5032/5032 5057/5057/5057 5056/5056/5056
f 5032/5032/5032 5033/5033/5033 5057/5057/5057
f 5033/5033/5033 5058/5058/5058 5057/5057/5057
f 5033/5033/5033 5034/5034/5034 5058/5058/5058
f 5034/5034/5034 5059/5059/5059 5058/5058/5058
f 5034/5034/5034 5035/5035/5035 5059/5059/5059
f 5035/5035/5035 5060/5060/5060 5059/5059/5059
f 5035/5035/5035 5036/5036/5036 5060/5060/5060
f 5036/5036/5036 5061/5061/5061 5060/5060/5060
f 5036/5036/5036 5037/5037/5037 5061/5061/5061
f 5037/5037/5037 5062/5062/5062 5061/5061/5061
f 5037/5037/5037 5038/5038/5038 5062/5062/5062
f 5038/5038/5038 5063/5063/5063 5062/5062/5062
f 5038/5038/5038 5039/5039/5039 5063/5063/5063
f 5039/5039/5039 5064/5064/5064 5063/5063/5063
f 5039/5039/5039 5040/5040/5040 5064/5064/5064
f 5040/5040/5040 5065/5065/5065 5064/5064/5064
f 5040/5040/5040 5041/5041/5041 5065/5065/5065
f 5041/5041/5041 5066/5066/5066 5065/5065/5065
o cylinder_part_22
usemtl part_22
v 7.62 0.25 -0.553
v 7.636305 0.25 -0.5508533
v 7.6515 0.25 -0.5445596
v 7.664547 0.25 -0.5345477
v 7.67456 0.25 -0.5215
v 7.680853 0.25 -0.5063056
v 7.683 0.25 -0.49
v 7.680853 0.25 -0.4736944
v 7.67456 0.25 -0.4585
v 7.664547 0.25 -0.4454523
v 7.6515 0.25 -0.4354404
v 7.636305 0.25 -0.4291467
v 7.62 0.25 -0.427
v 7.603694 0.25 -0.4291467
v 7.5885 0.25 -0.4354404
v 7.575452 0.25 -0.4454523
v 7.56544 0.25 -0.4585
v 7.559146 0.25 -0.4736944
v 7.557 0.25 -0.49
v 7.559146 0.25 -0.5063056
v 7.56544 0.25 -0.5215
v 7.575452 0.25 -0.5345477
v 7.5885 0.25 -0.5445596
v 7.603694 0.25 -0.5508534
v 7.62 0.25 -0.553
v 7.62 4.3 -0.553
v 7.636305 4.3 -0.5508533
v 7.6515 4.3 -0.5445596
v 7.664547 4.3 -0.5345477
v 7.67456 4.3 -0.5215
v 7.680853 4.3 -0.5063056
v 7.683 4.3 -0.49
v 7.680853 4.3 -0.4736944
v 7.67456 4.3 -0.4585
v 7.664547 4.3 -0.4454523
v 7.6515 4.3 -0.4354404
v 7.636305 4.3 -0.4291467
v 7.62 4.3 -0.427
v 7.603694 4.3 -0.4291467
v 7.5885 4.3 -0.4354404
v 7.575452 4.3 -0.4454523
v 7.56544 4.3 -0.4585
v 7.559146 4.3 -0.4736944
v 7.557 4.3 -0.49
v 7.559146 4.3 -0.5063056
v 7.56544 4.3 -0.5215
v 7.575452 4.3 -0.5345477
v 7.5885 4.3 -0.5445596
v 7.603694 4.3 -0.5508534
v 7.62 4.3 -0.553
v 7.62 0.25 -0.49
v 7.62 0.25 -0.49
v 7.62 0.25 -0.49
v 7.62 0.25 -0.49
v 7.62 0.25 -0.49
v 7.62 0.25 -0.49
v 7.62 0.25 -0.49
v 7.62 0.25 -0.49
v 7.62 0.25 -0.49
v 7.62 0.25 -0.49
v 7.62 0.25 -0.49
v 7.62 0.25 -0.49
v 7.62 0.25 -0.49
v 7.62 0.25 -0.49
v 7.62 0.25 -0.49
v 7.62 0.25 -0.49
v 7.62 0.25 -0.49
v 7.62 0.25 -0.49
v 7.62 0.25 -0.49
v 7.62 0.25 -0.49
v 7.62 0.25 -0.49
v 7.62 0.25 -0.49
v 7.62 0.25 -0.49
v 7.62 0.25 -0.49
v 7.62 0.25 -0.49
v 7.62 0.25 -0.553
v 7.636305 0.25 -0.5508533
v 7.6515 0.25 -0.5445596
v 7.664547 0.25 -0.5345477
v 7.67456 0.25 -0.5215
v 7.680853 0.25 -0.5063056
v 7.683 0.25 -0.49
v 7.680853 0.25 -0.4736944
v 7.67456 0.25 -0.4585
v 7.664547 0.25 -0.4454523
v 7.6515 0.25 -0.4354404
v 7.636305 0.25 -0.4291467
v 7.62 0.25 -0.427
v 7.603694 0.25 -0.4291467
v 7.5885 0.25 -0.4354404
v 7.575452 0.25 -0.4454523
v 7.56544 0.25 -0.4585
v 7.559146 0.25 -0.4736944
v 7.557 0.25 -0.49
v 7.559146 0.25 -0.5063056
v 7.56544 0.25 -0.5215
v 7.575452 0.25 -0.5345477
v 7.5885 0.25 -0.5445596
v 7.603694 0.25 -0.5508534
v 7.62 0.25 -0.553
v 7.62 4.3 -0.49
v 7.62 4.3 -0.49
v 7.62 4.3 -0.49
v 7.62 4.3 -0.49
v 7.62 4.3 -0.49
v 7.62 4.3 -0.49
v 7.62 4.3 -0.49
v 7.62 4.3 -0.49
v 7.62 4.3 -0.49
v 7.62 4.3 -0.49
v 7.62 4.3 -0.49
v 7.62 4.3 -0.49
v 7.62 4.3 -0.49
v 7.62 4.3 -0.49
v 7.62 4.3 -0.49
v 7.62 4.3 -0.49
v 7.62 4.3 -0.49
v 7.62 4.3 -0.49
v 7.62 4.3 -0.49
v 7.62 4.3 -0.49
v 7.62 4.3 -0.49
v 7.62 4.3 -0.49
v 7.62 4.3 -0.49
v 7.62 4.3 -0.49
v 7.62 4.3 -0.49
v 7.62 4.3 -0.553
v 7.636305 4.3 -0.5508533
v 7.6515 4.3 -0.5445596
v 7.664547 4.3 -0.5345477
v 7.67456 4.3 -0.5215
v 7.680853 4.3 -0.5063056
v 7.683 4.3 -0.49
v 7.680853 4.3 -0.4736944
v 7.67456 4.3 -0.4585
v 7.664547 4.3 -0.4454523
v 7.6515 4.3 -0.4354404
v 7.636305 4.3 -0.4291467
v 7.62 4.3 -0.427
v 7.603694 4.3 -0.4291467
v 7.5885 4.3 -0.4354404
v 7.575452 4.3 -0.4454523
v 7.56544 4.3 -0.4585
v 7.559146 4.3 -0.4736944
v 7.557 4.3 -0.49
v 7.559146 4.3 -0.5063056
v 7.56544 4.3 -0.5215
v 7.575452 4.3 -0.5345477
v 7.5885 4.3 -0.5445596
v 7.603694 4.3 -0.5508534
v 7.62 4.3 -0.553
vt 0 0
vt 0.04166667 0
vt 0.08333334 0
vt 0.125 0
vt 0.1666667 0
vt 0.2083333 0
vt 0.25 0
vt 0.2916667 0
vt 0.3333333 0
vt 0.375 0
vt 0.4166667 0
vt 0.4583333 0
vt 0.5 0
vt 0.5416667 0
vt 0.5833333 0
vt 0.625 0
vt 0.6666667 0
vt 0.7083333 0
vt 0.75 0
vt 0.7916667 0
vt 0.8333333 0
vt 0.875 0
vt 0.9166667 0
vt 0.9583333 0
vt 1 0
vt 0 1
vt 0.04166667 1
vt 0.08333334 1
vt 0.125 1
vt 0.1666667 1
vt 0.2083333 1
vt 0.25 1
vt 0.2916667 1
vt 0.3333333 1
vt 0.375 1
vt 0.4166667 1
vt 0.4583333 1
vt 0.5 1
vt 0.5416667 1
vt 0.5833333 1
vt 0.625 1
vt 0.6666667 1
vt 0.7083333 1
vt 0.75 1
vt 0.7916667 1
vt 0.8333333 1
vt 0.875 1
vt 0.9166667 1
vt 0.9583333 1
vt 1 1
vt 0 0
vt 0.04166667 0
vt 0.08333334 0
vt 0.125 0
vt 0.1666667 0
vt 0.2083333 0
vt 0.25 0
vt 0.2916667 0
vt 0.3333333 0
vt 0.375 0
vt 0.4166667 0
vt 0.4583333 0
vt 0.5 0
vt 0.5416667 0
vt 0.5833333 0
vt 0.625 0
vt 0.6666667 0
vt 0.7083333 0
vt 0.75 0
vt 0.7916667 0
vt 0.8333333 0
vt 0.875 0
vt 0.9166667 0
vt 0.9583333 0
vt 1 0
vt 0 1
vt 0.04166667 1
vt 0.08333334 1
vt 0.125 1
vt 0.1666667 1
vt 0.2083333 1
vt 0.25 1
vt 0.2916667 1
vt 0.3333333 1
vt 0.375 1
vt 0.4166667 1
vt 0.4583333 1
vt 0.5 1
vt 0.5416667 1
vt 0.5833333 1
vt 0.625 1
vt 0.6666667 1
vt 0.7083333 1
vt 0.75 1
vt 0.7916667 1
vt 0.8333333 1
vt 0.875 1
vt 0.9166667 1
vt 0.9583333 1
vt 1 1
vt 0 0
vt 0.04166667 0
vt 0.08333334 0
vt 0.125 0
vt 0.1666667 0
vt 0.2083333 0
vt 0.25 0
vt 0.2916667 0
vt 0.3333333 0
vt 0.375 0
vt 0.4166667 0
vt 0.4583333 0
vt 0.5 0
vt 0.5416667 0
vt 0.5833333 0
vt 0.625 0
vt 0.6666667 0
vt 0.7083333 0
vt 0.75 0
vt 0.7916667 0
vt 0.8333333 0
vt 0.875 0
vt 0.9166667 0
vt 0.9583333 0
vt 1 0
vt 0 1
vt 0.04166667 1
vt 0.08333334 1
vt 0.125 1
vt 0.1666667 1
vt 0.2083333 1
vt 0.25 1
vt 0.2916667 1
vt 0.3333333 1
vt 0.375 1
vt 0.4166667 1
vt 0.4583333 1
vt 0.5 1
vt 0.5416667 1
vt 0.5833333 1
vt 0.625 1
vt 0.6666667 1
vt 0.7083333 1
vt 0.75 1
vt 0.7916667 1
vt 0.8333333 1
vt 0.875 1
vt 0.9166667 1
vt 0.9583333 1
vt 1 1
vn 0 0 -1
vn 0.2587922 0 -0.965933
vn 0.5000126 0 -0.8660181
vn 0.707091 0 -0.7071226
vn 0.8660239 0 -0.5000026
vn 0.9659241 0 -0.2588257
vn 1 -0 0
vn 0.9659241 -0 0.2588257
vn 0.8660279 -0 0.4999957
vn 0.7071068 -0 0.7071068
vn 0.4999957 -0 0.8660279
vn 0.2588217 -0 0.9659252
vn -0 0 1
vn -0.2588196 0 0.9659257
vn -0.5000016 0 0.8660245
vn -0.7071068 0 0.7071068
vn -0.8660284 0 0.4999948
vn -0.9659252 0 0.2588214
vn -1 0 0
vn -0.9659252 0 -0.2588217
vn -0.8660245 0 -0.5000016
vn -0.7071068 0 -0.7071068
vn -0.5000016 0 -0.8660245
vn -0.2587922 0 -0.965933
vn 0 0 -1
vn 0 0 -1
vn 0.2587922 0 -0.965933
vn 0.5000126 0 -0.8660182
vn 0.707091 0 -0.7071226
vn 0.866024 0 -0.5000026
vn 0.965924 0 -0.2588257
vn 1 -0 0
vn 0.965924 -0 0.2588257
vn 0.8660278 -0 0.4999957
vn 0.7071068 -0 0.7071068
vn 0.4999957 -0 0.8660278
vn 0.2588217 -0 0.9659252
vn -0 0 1
vn -0.2588196 0 0.9659257
vn -0.5000016 0 0.8660245
vn -0.7071068 0 0.7071068
vn -0.8660284 0 0.4999948
vn -0.9659252 0 0.2588214
vn -1 0 0
vn -0.9659252 0 -0.2588217
vn -0.8660245 0 -0.5000016
vn -0.7071068 0 -0.7071068
vn -0.5000016 0 -0.8660245
vn -0.2587922 0 -0.965933
vn 0 0 -1
vn 0 -1 0
vn 0 -1 0
vn 0 -1 0
vn 0 -1 0
vn 0 -1 0
vn 0 -1 0
vn 0 -1 0
vn 0 -1 0
vn 0 -1 0
vn 0 -1 0
vn 0 -1 0
vn 0 -1 0
vn 0 -1 0
vn 0 -1 0
vn 0 -1 0
vn 0 -1 0
vn 0 -1 0
vn 0 -1 0
vn 0 -1 0
vn 0 -1 0
vn 0 -1 0
vn 0 -1 0
vn 0 -1 0
vn 0 -1 0
vn 0 -1 0
vn 0 -1 0
vn 0 -1 0
vn 0 -1 0
vn 0 -1 0
vn 0 -1 0
vn 0 -1 0
vn 0 -1 0
vn 0 -1 0
vn 0 -1 0
vn 0 -1 0
vn 0 -1 0
vn 0 -1 0
vn 0 -1 0
vn 0 -1 0
vn 0 -1 0
vn 0 -1 0
vn 0 -1 0
vn 0 -1 0
vn 0 -1 -0
vn 0 -1 -0
vn 0 -1 -0
vn 0 -1 -0
vn 0 -1 -0
vn 0 -1 -0
vn 0 -1 0
vn 0 1 0
vn 0 1 0
vn 0 1 0
vn 0 1 0
vn 0 1 0
vn 0 1 0
vn 0 1 0
vn 0 1 0
vn 0 1 0
vn 0 1 0
vn 0 1 0
vn 0 1 0
vn 0 1 0
vn 0 1 0
vn 0 1 0
vn 0 1 0
vn 0 1 0
vn 0 1 0
vn 0 1 0
vn 0 1 0
vn 0 1 0
vn 0 1 0
vn 0 1 0
vn 0 1 0
vn 0 1 0
vn 0 1 0
vn 0 1 0
vn 0 1 0
vn 0 1 0
vn 0 1 0
vn 0 1 0
vn 0 1 0
vn 0 1 0
vn 0 1 0
vn 0 1 0
vn 0 1 0
vn 0 1 0
vn 0 1 0
vn 0 1 0
vn 0 1 0
vn 0 1 0
vn 0 1 0
vn 0 1 0
vn 0 1 0
vn 0 1 0
vn 0 1 0
vn 0 1 0
vn 0 1 0
vn 0 1 0
vn 0 1 0
f 5067/5067/5067 5092/5092/5092 5068/5068/5068
f 5068/5068/5068 5092/5092/5092 5093/5093/5093
f 5068/5068/5068 5093/5093/5093 5069/5069/5069
f 5069/5069/5069 5093/5093/5093 5094/5094/5094
f 5069/5069/5069 5094/5094/5094 5070/5070/5070
f 5070/5070/5070 5094/5094/5094 5095/5095/5095
f 5070/5070/5070 5095/5095/5095 5071/5071/5071
f 5071/5071/5071 5095/5095/5095 5096/5096/5096
f 5071/5071/5071 5096/5096/5096 5072/5072/5072
f 5072/5072/5072 5096/5096/5096 5097/5097/5097
f 5072/5072/5072 5097/5097/5097 5073/5073/5073
f 5073/5073/5073 5097/5097/5097 5098/5098/5098
f 5073/5073/5073 5098/5098/5098 5074/5074/5074
f 5074/5074/5074 5098/5098/5098 5099/5099/5099
f 5074/5074/5074 5099/5099/5099 5075/5075/5075
f 5075/5075/5075 5099/5099/5099 5100/5100/5100
f 5075/5075/5075 5100/5100/5100 5076/5076/5076
f 5076/5076/5076 5100/5100/5100 5101/5101/5101
f 5076/5076/5076 5101/5101/5101 5077/5077/5077
f 5077/5077/5077 5101/5101/5101 5102/5102/5102
f 5077/5077/5077 5102/5102/5102 5078/5078/5078
f 5078/5078/5078 5102/5102/5102 5103/5103/5103
f 5078/5078/5078 5103/5103/5103 5079/5079/5079
f 5079/5079/5079 5103/5103/5103 5104/5104/5104
f 5079/5079/5079 5104/5104/5104 5080/5080/5080
f 5080/5080/5080 5104/5104/5104 5105/5105/5105
f 5080/5080/5080 5105/5105/5105 5081/5081/5081
f 5081/5081/5081 5105/5105/5105 5106/5106/5106
f 5081/5081/5081 5106/5106/5106 5082/5082/5082
f 5082/5082/5082 5106/5106/5106 5107/5107/5107
f 5082/5082/5082 5107/5107/5107 5083/5083/5083
f 5083/5083/5083 5107/5107/5107 5108/5108/5108
f 5083/5083/5083 5108/5108/5108 5084/5084/5084
f 5084/5084/5084 5108/5108/5108 5109/5109/5109
f 5084/5084/5084 5109/5109/5109 5085/5085/5085
f 5085/5085/5085 5109/5109/5109 5110/5110/5110
f 5085/5085/5085 5110/5110/5110 5086/5086/5086
f 5086/5086/5086 5110/5110/5110 5111/5111/5111
f 5086/5086/5086 5111/5111/5111 5087/5087/5087
f 5087/5087/5087 5111/5111/5111 5112/5112/5112
f 5087/5087/5087 5112/5112/5112 5088/5088/5088
f 5088/5088/5088 5112/5112/5112 5113/5113/5113
f 5088/5088/5088 5113/5113/5113 5089/5089/5089
f 5089/5089/5089 5113/5113/5113 5114/5114/5114
f 5089/5089/5089 5114/5114/5114 5090/5090/5090
f 5090/5090/5090 5114/5114/5114 5115/5115/5115
f 5090/5090/5090 5115/5115/5115 5091/5091/5091
f 5091/5091/5091 5115/5115/5115 5116/5116/5116
f 5117/5117/5117 5142/5142/5142 5118/5118/5118
f 5118/5118/5118 5142/5142/5142 5143/5143/5143
f 5118/5118/5118 5143/5143/5143 5119/5119/5119
f 5119/5119/5119 5143/5143/5143 5144/5144/5144
f 5119/5119/5119 5144/5144/5144 5120/5120/5120
f 5120/5120/5120 5144/5144/5144 5145/5145/5145
f 5120/5120/5120 5145/5145/5145 5121/5121/5121
f 5121/5121/5121 5145/5145/5145 5146/5146/5146
f 5121/5121/5121 5146/5146/5146 5122/5122/5122
f 5122/5122/5122 5146/5146/5146 5147/5147/5147
f 5122/5122/5122 5147/5147/5147 5123/5123/5123
f 5123/5123/5123 5147/5147/5147 5148/5148/5148
f 5123/5123/5123 5148/5148/5148 5124/5124/5124
f 5124/5124/5124 5148/5148/5148 5149/5149/5149
f 5124/5124/5124 5149/5149/5149 5125/5125/5125
f 5125/5125/5125 5149/5149/5149 5150/5150/5150
f 5125/5125/5125 5150/5150/5150 5126/5126/5126
f 5126/5126/5126 5150/5150/5150 5151/5151/5151
f 5126/5126/5126 5151/5151/5151 5127/5127/5127
f 5127/5127/5127 5151/5151/5151 5152/5152/5152
f 5127/5127/5127 5152/5152/5152 5128/5128/5128
f 5128/5128/5128 5152/5152/5152 5153/5153/5153
f 5128/5128/5128 5153/5153/5153 5129/5129/5129
f 5129/5129/5129 5153/5153/5153 5154/5154/5154
f 5129/5129/5129 5154/5154/5154 5130/5130/5130
f 5130/5130/5130 5154/5154/5154 5155/5155/5155
f 5130/5130/5130 5155/5155/5155 5131/5131/5131
f 5131/5131/5131 5155/5155/5155 5156/5156/5156
f 5131/5131/5131 5156/5156/5156 5132/5132/5132
f 5132/5132/5132 5156/5156/5156 5157/5157/5157
f 5132/5132/5132 5157/5157/5157 5133/5133/5133
f 5133/5133/5133 5157/5157/5157 5158/5158/5158
f 5133/5133/5133 5158/5158/5158 5134/5134/5134
f 5134/5134/5134 5158/5158/5158 5159/5159/5159
f 5134/5134/5134 5159/5159/5159 5135/5135/5135
f 5135/5135/5135 5159/5159/5159 5160/5160/5160
f 5135/5135/5135 5160/5160/5160 5136/5136/5136
f 5136/5136/5136 5160/5160/5160 5161/5161/5161
f 5136/5136/5136 5161/5161/5161 5137/5137/5137
f 5137/5137/5137 5161/5161/5161 5162/5162/5162
f 5137/5137/5137 5162/5162/5162 5138/5138/5138
f 5138/5138/5138 5162/5162/5162 5163/5163/5163
f 5138/5138/5138 5163/5163/5163 5139/5139/5139
f 5139/5139/5139 5163/5163/5163 5164/5164/5164
f 5139/5139/5139 5164/5164/5164 5140/5140/5140
f 5140/5140/5140 5164/5164/5164 5165/5165/5165
f 5140/5140/5140 5165/5165/5165 5141/5141/5141
f 5141/5141/5141 5165/5165/5165 5166/5166/5166
f 5167/5167/5167 5168/5168/5168 5192/5192/5192
f 5168/5168/5168 5193/5193/5193 5192/5192/5192
f 5168/5168/5168 5169/5169/5169 5193/5193/5193
f 5169/5169/5169 5194/5194/5194 5193/5193/5193
f 5169/5169/5169 5170/5170/5170 5194/5194/5194
f 5170/5170/5170 5195/5195/5195 5194/5194/5194
f 5170/5170/5170 5171/5171/5171 5195/5195/5195
f 5171/5171/5171 5196/5196/5196 5195/5195/5195
f 5171/5171/5171 5172/5172/5172 5196/5196/5196
f 5172/5172/5172 5197/5197/5197 5196/5196/5196
f 5172/5172/5172 5173/5173/5173 5197/5197/5197
f 5173/5173/5173 5198/5198/5198 5197/5197/5197
f 5173/5173/5173 5174/5174/5174 5198/5198/5198
f 5174/5174/5174 5199/5199/5199 5198/5198/5198
f 5174/5174/5174 5175/5175/5175 5199/5199/5199
f 5175/5175/5175 5200/5200/5200 5199/5199/5199
f 5175/5175/5175 5176/5176/5176 5200/5200/5200
f 5176/5176/5176 5201/5201/5201 5200/5200/5200
f 5176/5176/5176 5177/5177/5177 5201/5201/5201
f 5177/5177/5177 5202/5202/5202 5201/5201/5201
f 5177/5177/5177 5178/5178/5178 5202/5202/5202
f 5178/5178/5178 5203/5203/5203 5202/5202/5202
f 5178/5178/5178 5179/5179/5179 5203/5203/5203
f 5179/5179/5179 5204/5204/5204 5203/5203/5203
f 5179/5179/5179 5180/5180/5180 5204/5204/5204
f 5180/5180/5180 5205/5205/5205 5204/5204/5204
f 5180/5180/5180 5181/5181/5181 5205/5205/5205
f 5181/5181/5181 5206/5206/5206 5205/5205/5205
f 5181/5181/5181 5182/5182/5182 5206/5206/5206
f 5182/5182/5182 5207/5207/5207 5206/5206/5206
f 5182/5182/5182 5183/5183/5183 5207/5207/5207
f 5183/5183/5183 5208/5208/5208 5207/5207/5207
f 5183/5183/5183 5184/5184/5184 5208/5208/5208
f 5184/5184/5184 5209/5209/5209 5208/5208/5208
f 5184/5184/5184 5185/5185/5185 5209/5209/5209
f 5185/5185/5185 5210/5210/5210 5209/5209/5209
f 5185/5185/5185 5186/5186/5186 5210/5210/5210
f 5186/5186/5186 5211/5211/5211 5210/5210/5210
f 5186/5186/5186 5187/5187/5187 5211/5211/5211
f 5187/5187/5187 5212/5212/5212 5211/5211/5211
f 5187/5187/5187 5188/5188/5188 5212/5212/5212
f 5188/5188/5188 5213/5213/5213 5212/5212/5212
f 5188/5188/5188 5189/5189/5189 5213/5213/5213
f 5189/5189/5189 5214/5214/5214 5213/5213/5213
f 5189/5189/5189 5190/5190/5190 5214/5214/5214
f 5190/5190/5190 5215/5215/5215 5214/5214/5214
f 5190/5190/5190 5191/5191/5191 5215/5215/5215
f 5191/5191/5191 5216/5216/5216 5215/5215/5215
o cylinder_part_23
usemtl part_23
v -5.6 6.7 -0.416
v -5.6 6.716564 -0.4181807
v -5.6 6.732 -0.4245744
v -5.6 6.745255 -0.4347452
v -5.6 6.755425 -0.448
v -5.6 6.761819 -0.4634356
v -5.6 6.764 -0.48
v -5.6 6.761819 -0.4965644
v -5.6 6.755425 -0.512
v -5.6 6.745255 -0.5252548
v -5.6 6.732 -0.5354256
v -5.6 6.716564 -0.5418193
v -5.6 6.7 -0.544
v -5.6 6.683435 -0.5418192
v -5.6 6.668 -0.5354256
v -5.6 6.654745 -0.5252548
v -5.6 6.644574 -0.512
v -5.6 6.638181 -0.4965644
v -5.6 6.636 -0.48
v -5.6 6.638181 -0.4634355
v -5.6 6.644574 -0.448
v -5.6 6.654745 -0.4347451
v -5.6 6.668 -0.4245743
v -5.6 6.683435 -0.4181807
v -5.6 6.7 -0.416
v 5.6 6.7 -0.416
v 5.6 6.716564 -0.4181807
v 5.6 6.732 -0.4245744
v 5.6 6.745255 -0.4347452
v 5.6 6.755425 -0.448
v 5.6 6.761819 -0.4634356
v 5.6 6.764 -0.48
v 5.6 6.761819 -0.4965644
v 5.6 6.755425 -0.512
v 5.6 6.745255 -0.5252548
v 5.6 6.732 -0.5354256
v 5.6 6.716564 -0.5418193
v 5.6 6.7 -0.544
v 5.6 6.683435 -0.5418192
v 5.6 6.668 -0.5354256
v 5.6 6.654745 -0.5252548
v 5.6 6.644574 -0.512
v 5.6 6.638181 -0.4965644
v 5.6 6.636 -0.48
v 5.6 6.638181 -0.4634355
v 5.6 6.644574 -0.448
v 5.6 6.654745 -0.4347451
v 5.6 6.668 -0.4245743
v 5.6 6.683435 -0.4181807
v 5.6 6.7 -0.416
v -5.6 6.7 -0.48
v -5.6 6.7 -0.48
v -5.6 6.7 -0.48
v -5.6 6.7 -0.48
v -5.6 6.7 -0.48
v -5.6 6.7 -0.48
v -5.6 6.7 -0.48
v -5.6 6.7 -0.48
v -5.6 6.7 -0.48
v -5.6 6.7 -0.48
v -5.6 6.7 -0.48
v -5.6 6.7 -0.48
v -5.6 6.7 -0.48
v -5.6 6.7 -0.48
v -5.6 6.7 -0.48
v -5.6 6.7 -0.48
v -5.6 6.7 -0.48
v -5.6 6.7 -0.48
v -5.6 6.7 -0.48
v -5.6 6.7 -0.48
v -5.6 6.7 -0.48
v -5.6 6.7 -0.48
v -5.6 6.7 -0.48
v -5.6 6.7 -0.48
v -5.6 6.7 -0.48
v -5.6 6.7 -0.416
v -5.6 6.716564 -0.4181807
v -5.6 6.732 -0.4245744
v -5.6 6.745255 -0.4347452
v -5.6 6.755425 -0.448
v -5.6 6.761819 -0.4634356
v -5.6 6.764 -0.48
v -5.6 6.761819 -0.4965644
v -5.6 6.755425 -0.512
v -5.6 6.745255 -0.5252548
v -5.6 6.732 -0.5354256
v -5.6 6.716564 -0.5418193
v -5.6 6.7 -0.544
v -5.6 6.683435 -0.5418192
v -5.6 6.668 -0.5354256
v -5.6 6.654745 -0.5252548
v -5.6 6.644574 -0.512
v -5.6 6.638181 -0.4965644
v -5.6 6.636 -0.48
v -5.6 6.638181 -0.4634355
v -5.6 6.644574 -0.448
v -5.6 6.654745 -0.4347451
v -5.6 6.668 -0.4245743
v -5.6 6.683435 -0.4181807
v -5.6 6.7 -0.416
v 5.6 6.7 -0.48
v 5.6 6.7 -0.48
v 5.6 6.7 -0.48
v 5.6 6.7 -0.48
v 5.6 6.7 -0.48
v 5.6 6.7 -0.48
v 5.6 6.7 -0.48
v 5.6 6.7 -0.48
v 5.6 6.7 -0.48
v 5.6 6.7 -0.48
v 5.6 6.7 -0.48
v 5.6 6.7 -0.48
v 5.6 6.7 -0.48
v 5.6 6.7 -0.48
v 5.6 6.7 -0.48
v 5.6 6.7 -0.48
v 5.6 6.7 -0.48
v 5.6 6.7 -0.48
v 5.6 6.7 -0.48
v 5.6 6.7 -0.48
v 5.6 6.7 -0.48
v 5.6 6.7 -0.48
v 5.6 6.7 -0.48
v 5.6 6.7 -0.48
v 5.6 6.7 -0.48
v 5.6 6.7 -0.416
v 5.6 6.716564 -0.4181807
v 5.6 6.732 -0.4245744
v 5.6 6.745255 -0.4347452
v 5.6 6.755425 -0.448
v 5.6 6.761819 -0.4634356
v 5.6 6.764 -0.48
v 5.6 6.761819 -0.4965644
v 5.6 6.755425 -0.512
v 5.6 6.745255 -0.5252548
v 5.6 6.732 -0.5354256
v 5.6 6.716564 -0.5418193
v 5.6 6.7 -0.544
v 5.6 6.683435 -0.5418192
v 5.6 6.668 -0.5354256
v 5.6 6.654745 -0.5252548
v 5.6 6.644574 -0.512
v 5.6 6.638181 -0.4965644
v 5.6 6.636 -0.48
v 5.6 6.638181 -0.4634355
v 5.6 6.644574 -0.448
v 5.6 6.654745 -0.4347451
v 5.6 6.668 -0.4245743
v 5.6 6.683435 -0.4181807
v 5.6 6.7 -0.416
vt 0 0
vt 0.04166667 0
vt 0.08333334 0
vt 0.125 0
vt 0.1666667 0
vt 0.2083333 0
vt 0.25 0
vt 0.2916667 0
vt 0.3333333 0
vt 0.375 0
vt 0.4166667 0
vt 0.4583333 0
vt 0.5 0
vt 0.5416667 0
vt 0.5833333 0
vt 0.625 0
vt 0.6666667 0
vt 0.7083333 0
vt 0.75 0
vt 0.7916667 0
vt 0.8333333 0
vt 0.875 0
vt 0.9166667 0
vt 0.9583333 0
vt 1 0
vt 0 1
vt 0.04166667 1
vt 0.08333334 1
vt 0.125 1
vt 0.1666667 1
vt 0.2083333 1
vt 0.25 1
vt 0.2916667 1
vt 0.3333333 1
vt 0.375 1
vt 0.4166667 1
vt 0.4583333 1
vt 0.5 1
vt 0.5416667 1
vt 0.5833333 1
vt 0.625 1
vt 0.6666667 1
vt 0.7083333 1
vt 0.75 1
vt 0.7916667 1
vt 0.8333333 1
vt 0.875 1
vt 0.9166667 1
vt 0.9583333 1
vt 1 1
vt 0 0
vt 0.04166667 0
vt 0.08333334 0
vt 0.125 0
vt 0.1666667 0
vt 0.2083333 0
vt 0.25 0
vt 0.2916667 0
vt 0.3333333 0
vt 0.375 0
vt 0.4166667 0
vt 0.4583333 0
vt 0.5 0
vt 0.5416667 0
vt 0.5833333 0
vt 0.625 0
vt 0.6666667 0
vt 0.7083333 0
vt 0.75 0
vt 0.7916667 0
vt 0.8333333 0
vt 0.875 0
vt 0.9166667 0
vt 0.9583333 0
vt 1 0
vt 0 1
vt 0.04166667 1
vt 0.08333334 1
vt 0.125 1
vt 0.1666667 1
vt 0.2083333 1
vt 0.25 1
vt 0.2916667 1
vt 0.3333333 1
vt 0.375 1
vt 0.4166667 1
vt 0.4583333 1
vt 0.5 1
vt 0.5416667 1
vt 0.5833333 1
vt 0.625 1
vt 0.6666667 1
vt 0.7083333 1
vt 0.75 1
vt 0.7916667 1
vt 0.8333333 1
vt 0.875 1
vt 0.9166667 1
vt 0.9583333 1
vt 1 1
vt 0 0
vt 0.04166667 0
vt 0.08333334 0
vt 0.125 0
vt 0.1666667 0
vt 0.2083333 0
vt 0.25 0
vt 0.2916667 0
vt 0.3333333 0
vt 0.375 0
vt 0.4166667 0
vt 0.4583333 0
vt 0.5 0
vt 0.5416667 0
vt 0.5833333 0
vt 0.625 0
vt 0.6666667 0
vt 0.7083333 0
vt 0.75 0
vt 0.7916667 0
vt 0.8333333 0
vt 0.875 0
vt 0.9166667 0
vt 0.9583333 0
vt 1 0
vt 0 1
vt 0.04166667 1
vt 0.08333334 1
vt 0.125 1
vt 0.1666667 1
vt 0.2083333 1
vt 0.25 1
vt 0.2916667 1
vt 0.3333333 1
vt 0.375 1
vt 0.4166667 1
vt 0.4583333 1
vt 0.5 1
vt 0.5416667 1
vt 0.5833333 1
vt 0.625 1
vt 0.6666667 1
vt 0.7083333 1
vt 0.75 1
vt 0.7916667 1
vt 0.8333333 1
vt 0.875 1
vt 0.9166667 1
vt 0.9583333 1
vt 1 1
vn 0 0 1
vn 0 0.2587922 0.965933
vn 0 0.5000126 0.8660182
vn 0 0.707091 0.7071226
vn 0 0.866024 0.5000026
vn 0 0.9659241 0.2588257
vn 0 1 0
vn 0 0.9659241 -0.2588257
vn 0 0.8660278 -0.4999957
vn 0 0.7071068 -0.7071068
vn 0 0.4999957 -0.8660278
vn 0 0.2588217 -0.9659251
vn 0 0 -1
vn 0 -0.2588196 -0.9659256
vn 0 -0.5000016 -0.8660245
vn 0 -0.7071068 -0.7071068
vn 0 -0.8660284 -0.4999948
vn 0 -0.9659252 -0.2588214
vn -0 -1 -0
vn 0 -0.9659251 0.2588217
vn 0 -0.8660245 0.5000016
vn 0 -0.7071068 0.7071068
vn 0 -0.5000016 0.8660245
vn 0 -0.2587922 0.965933
vn 0 0 1
vn 0 0 1
vn 0 0.2587922 0.965933
vn 0 0.5000126 0.8660181
vn 0 0.707091 0.7071226
vn 0 0.866024 0.5000026
vn 0 0.9659241 0.2588257
vn 0 1 0
vn 0 0.9659241 -0.2588257
vn 0 0.866028 -0.4999957
vn 0 0.7071068 -0.7071068
vn 0 0.4999957 -0.866028
vn 0 0.2588217 -0.9659251
vn 0 0 -1
vn 0 -0.2588196 -0.9659258
vn 0 -0.5000016 -0.8660245
vn 0 -0.7071068 -0.7071068
vn 0 -0.8660284 -0.4999948
vn 0 -0.9659252 -0.2588214
vn -0 -1 -0
vn 0 -0.9659251 0.2588217
vn 0 -0.8660245 0.5000016
vn 0 -0.7071068 0.7071068
vn 0 -0.5000016 0.8660245
vn 0 -0.2587922 0.965933
vn 0 0 1
vn -1 -0 -0
vn -1 -0 -0
vn -1 -0 -0
vn -1 -0 -0
vn -1 -0 -0
vn -1 -0 -0
vn -1 -0 -0
vn -1 -0 -0
vn -1 -0 -0
vn -1 -0 -0
vn -1 -0 -0
vn -1 -0 -0
vn -1 -0 -0
vn -1 -0 -0
vn -1 -0 -0
vn -1 -0 -0
vn -1 -0 -0
vn -1 -0 -0
vn -1 -0 -0
vn -1 -0 -0
vn -1 -0 -0
vn -1 -0 -0
vn -1 -0 -0
vn -1 -0 -0
vn -1 -0 -0
vn -1 -0 -0
vn -1 0 0
vn -1 0 0
vn -1 0 0
vn -1 0 0
vn -1 0 0
vn -1 -0 -0
vn -1 -0 -0
vn -1 -0 -0
vn -1 -0 -0
vn -1 -0 -0
vn -1 -0 -0
vn -1 -0 -0
vn -1 -0 -0
vn -1 -0 -0
vn -1 -0 -0
vn -1 -0 -0
vn -1 -0 -0
vn -1 0 0
vn -1 0 0
vn -1 0 0
vn -1 0 0
vn -1 0 0
vn -1 0 0
vn -1 -0 -0
vn 1 0 0
vn 1 0 0
vn 1 0 0
vn 1 0 0
vn 1 0 0
vn 1 0 0
vn 1 0 0
vn 1 0 0
vn 1 0 0
vn 1 0 0
vn 1 0 0
vn 1 0 0
vn 1 0 0
vn 1 0 0
vn 1 0 0
vn 1 0 0
vn 1 0 0
vn 1 0 0
vn 1 0 0
vn 1 0 0
vn 1 0 0
vn 1 0 0
vn 1 0 0
vn 1 0 0
vn 1 0 0
vn 1 0 0
vn 1 0 0
vn 1 0 0
vn 1 0 0
vn 1 0 0
vn 1 0 0
vn 1 0 0
vn 1 0 0
vn 1 0 0
vn 1 0 0
vn 1 0 0
vn 1 0 0
vn 1 0 0
vn 1 0 0
vn 1 0 0
vn 1 0 0
vn 1 0 0
vn 1 0 0
vn 1 0 0
vn 1 0 0
vn 1 0 0
vn 1 0 0
vn 1 0 0
vn 1 0 0
vn 1 0 0
f 5217/5217/5217 5242/5242/5242 5218/5218/5218
f 5218/5218/5218 5242/5242/5242 5243/5243/5243
f 5218/5218/5218 5243/5243/5243 5219/5219/5219
f 5219/5219/5219 5243/5243/5243 5244/5244/5244
f 5219/5219/5219 5244/5244/5244 5220/5220/5220
f 5220/5220/5220 5244/5244/5244 5245/5245/5245
f 5220/5220/5220 5245/5245/5245 5221/5221/5221
f 5221/5221/5221 5245/5245/5245 5246/5246/5246
f 5221/5221/5221 5246/5246/5246 5222/5222/5222
f 5222/5222/5222 5246/5246/5246 5247/5247/5247
f 5222/5222/5222 5247/5247/5247 5223/5223/5223
f 5223/5223/5223 5247/5247/5247 5248/5248/5248
f 5223/5223/5223 5248/5248/5248 5224/5224/5224
f 5224/5224/5224 5248/5248/5248 5249/5249/5249
f 5224/5224/5224 5249/5249/5249 5225/5225/5225
f 5225/5225/5225 5249/5249/5249 5250/5250/5250
f 5225/5225/5225 5250/5250/5250 5226/5226/5226
f 5226/5226/5226 5250/5250/5250 5251/5251/5251
f 5226/5226/5226 5251/5251/5251 5227/5227/5227
f 5227/5227/5227 5251/5251/5251 5252/5252/5252
f 5227/5227/5227 5252/5252/5252 5228/5228/5228
f 5228/5228/5228 5252/5252/5252 5253/5253/5253
f 5228/5228/5228 5253/5253/5253 5229/5229/5229
f 5229/5229/5229 5253/5253/5253 5254/5254/5254
f 5229/5229/5229 5254/5254/5254 5230/5230/5230
f 5230/5230/5230 5254/5254/5254 5255/5255/5255
f 5230/5230/5230 5255/5255/5255 5231/5231/5231
f 5231/5231/5231 5255/5255/5255 5256/5256/5256
f 5231/5231/5231 5256/5256/5256 5232/5232/5232
f 5232/5232/5232 5256/5256/5256 5257/5257/5257
f 5232/5232/5232 5257/5257/5257 5233/5233/5233
f 5233/5233/5233 5257/5257/5257 5258/5258/5258
f 5233/5233/5233 5258/5258/5258 5234/5234/5234
f 5234/5234/5234 5258/5258/5258 5259/5259/5259
f 5234/5234/5234 5259/5259/5259 5235/5235/5235
f 5235/5235/5235 5259/5259/5259 5260/5260/5260
f 5235/5235/5235 5260/5260/5260 5236/5236/5236
f 5236/5236/5236 5260/5260/5260 5261/5261/5261
f 5236/5236/5236 5261/5261/5261 5237/5237/5237
f 5237/5237/5237 5261/5261/5261 5262/5262/5262
f 5237/5237/5237 5262/5262/5262 5238/5238/5238
f 5238/5238/5238 5262/5262/5262 5263/5263/5263
f 5238/5238/5238 5263/5263/5263 5239/5239/5239
f 5239/5239/5239 5263/5263/5263 5264/5264/5264
f 5239/5239/5239 5264/5264/5264 5240/5240/5240
f 5240/5240/5240 5264/5264/5264 5265/5265/5265
f 5240/5240/5240 5265/5265/5265 5241/5241/5241
f 5241/5241/5241 5265/5265/5265 5266/5266/5266
f 5267/5267/5267 5292/5292/5292 5268/5268/5268
f 5268/5268/5268 5292/5292/5292 5293/5293/5293
f 5268/5268/5268 5293/5293/5293 5269/5269/5269
f 5269/5269/5269 5293/5293/5293 5294/5294/5294
f 5269/5269/5269 5294/5294/5294 5270/5270/5270
f 5270/5270/5270 5294/5294/5294 5295/5295/5295
f 5270/5270/5270 5295/5295/5295 5271/5271/5271
f 5271/5271/5271 5295/5295/5295 5296/5296/5296
f 5271/5271/5271 5296/5296/5296 5272/5272/5272
f 5272/5272/5272 5296/5296/5296 5297/5297/5297
f 5272/5272/5272 5297/5297/5297 5273/5273/5273
f 5273/5273/5273 5297/5297/5297 5298/5298/5298
f 5273/5273/5273 5298/5298/5298 5274/5274/5274
f 5274/5274/5274 5298/5298/5298 5299/5299/5299
f 5274/5274/5274 5299/5299/5299 5275/5275/5275
f 5275/5275/5275 5299/5299/5299 5300/5300/5300
f 5275/5275/5275 5300/5300/5300 5276/5276/5276
f 5276/5276/5276 5300/5300/5300 5301/5301/5301
f 5276/5276/5276 5301/5301/5301 5277/5277/5277
f 5277/5277/5277 5301/5301/5301 5302/5302/5302
f 5277/5277/5277 5302/5302/5302 5278/5278/5278
f 5278/5278/5278 5302/5302/5302 5303/5303/5303
f 5278/5278/5278 5303/5303/5303 5279/5279/5279
f 5279/5279/5279 5303/5303/5303 5304/5304/5304
f 5279/5279/5279 5304/5304/5304 5280/5280/5280
f 5280/5280/5280 5304/5304/5304 5305/5305/5305
f 5280/5280/5280 5305/5305/5305 5281/5281/5281
f 5281/5281/5281 5305/5305/5305 5306/5306/5306
f 5281/5281/5281 5306/5306/5306 5282/5282/5282
f 5282/5282/5282 5306/5306/5306 5307/5307/5307
f 5282/5282/5282 5307/5307/5307 5283/5283/5283
f 5283/5283/5283 5307/5307/5307 5308/5308/5308
f 5283/5283/5283 5308/5308/5308 5284/5284/5284
f 5284/5284/5284 5308/5308/5308 5309/5309/5309
f 5284/5284/5284 5309/5309/5309 5285/5285/5285
f 5285/5285/5285 5309/5309/5309 5310/5310/5310
f 5285/5285/5285 5310/5310/5310 5286/5286/5286
f 5286/5286/5286 5310/5310/5310 5311/5311/5311
f 5286/5286/5286 5311/5311/5311 5287/5287/5287
f 5287/5287/5287 5311/5311/5311 5312/5312/5312
f 5287/5287/5287 5312/5312/5312 5288/5288/5288
f 5288/5288/5288 5312/5312/5312 5313/5313/5313
f 5288/5288/5288 5313/5313/5313 5289/5289/5289
f 5289/5289/5289 5313/5313/5313 5314/5314/5314
f 5289/5289/5289 5314/5314/5314 5290/5290/5290
f 5290/5290/5290 5314/5314/5314 5315/5315/5315
f 5290/5290/5290 5315/5315/5315 5291/5291/5291
f 5291/5291/5291 5315/5315/5315 5316/5316/5316
f 5317/5317/5317 5318/5318/5318 5342/5342/5342
f 5318/5318/5318 5343/5343/5343 5342/5342/5342
f 5318/5318/5318 5319/5319/5319 5343/5343/5343
f 5319/5319/5319 5344/5344/5344 5343/5343/5343
f 5319/5319/5319 5320/5320/5320 5344/5344/5344
f 5320/5320/5320 5345/5345/5345 5344/5344/5344
f 5320/5320/5320 5321/5321/5321 5345/5345/5345
f 5321/5321/5321 5346/5346/5346 5345/5345/5345
f 5321/5321/5321 5322/5322/5322 5346/5346/5346
f 5322/5322/5322 5347/5347/5347 5346/5346/5346
f 5322/5322/5322 5323/5323/5323 5347/5347/5347
f 5323/5323/5323 5348/5348/5348 5347/5347/5347
f 5323/5323/5323 5324/5324/5324 5348/5348/5348
f 5324/5324/5324 5349/5349/5349 5348/5348/5348
f 5324/5324/5324 5325/5325/5325 5349/5349/5349
f 5325/5325/5325 5350/5350/5350 5349/5349/5349
f 5325/5325/5325 5326/5326/5326 5350/5350/5350
f 5326/5326/5326 5351/5351/5351 5350/5350/5350
f 5326/5326/5326 5327/5327/5327 5351/5351/5351
f 5327/5327/5327 5352/5352/5352 5351/5351/5351
f 5327/5327/5327 5328/5328/5328 5352/5352/5352
f 5328/5328/5328 5353/5353/5353 5352/5352/5352
f 5328/5328/5328 5329/5329/5329 5353/5353/5353
f 5329/5329/5329 5354/5354/5354 5353/5353/5353
f 5329/5329/5329 5330/5330/5330 5354/5354/5354
f 5330/5330/5330 5355/5355/5355 5354/5354/5354
f 5330/5330/5330 5331/5331/5331 5355/5355/5355
f 5331/5331/5331 5356/5356/5356 5355/5355/5355
f 5331/5331/5331 5332/5332/5332 5356/5356/5356
f 5332/5332/5332 5357/5357/5357 5356/5356/5356
f 5332/5332/5332 5333/5333/5333 5357/5357/5357
f 5333/5333/5333 5358/5358/5358 5357/5357/5357
f 5333/5333/5333 5334/5334/5334 5358/5358/5358
f 5334/5334/5334 5359/5359/5359 5358/5358/5358
f 5334/5334/5334 5335/5335/5335 5359/5359/5359
f 5335/5335/5335 5360/5360/5360 5359/5359/5359
f 5335/5335/5335 5336/5336/5336 5360/5360/5360
f 5336/5336/5336 5361/5361/5361 5360/5360/5360
f 5336/5336/5336 5337/5337/5337 5361/5361/5361
f 5337/5337/5337 5362/5362/5362 5361/5361/5361
f 5337/5337/5337 5338/5338/5338 5362/5362/5362
f 5338/5338/5338 5363/5363/5363 5362/5362/5362
f 5338/5338/5338 5339/5339/5339 5363/5363/5363
f 5339/5339/5339 5364/5364/5364 5363/5363/5363
f 5339/5339/5339 5340/5340/5340 5364/5364/5364
f 5340/5340/5340 5365/5365/5365 5364/5364/5364
f 5340/5340/5340 5341/5341/5341 5365/5365/5365
f 5341/5341/5341 5366/5366/5366 5365/5365/5365
o cylinder_part_24
usemtl part_24
v 0.1575 6.2675 0.5485
v 0.1644745 6.274617 0.5471882
v 0.1709736 6.281249 0.543342
v 0.1765546 6.286944 0.5372236
v 0.180837 6.291314 0.52925
v 0.183529 6.294061 0.5199645
v 0.1844473 6.294998 0.51
v 0.183529 6.294061 0.5000355
v 0.180837 6.291314 0.49075
v 0.1765546 6.286944 0.4827764
v 0.1709736 6.281249 0.476658
v 0.1644745 6.274617 0.4728118
v 0.1575 6.2675 0.4715
v 0.1505255 6.260384 0.4728118
v 0.1440264 6.253752 0.476658
v 0.1384454 6.248057 0.4827764
v 0.134163 6.243687 0.49075
v 0.1314709 6.24094 0.5000355
v 0.1305527 6.240003 0.51
v 0.1314709 6.24094 0.5199645
v 0.134163 6.243687 0.52925
v 0.1384454 6.248057 0.5372236
v 0.1440264 6.253752 0.543342
v 0.1505255 6.260384 0.5471882
v 0.1575 6.2675 0.5485
v 0.3325 6.096 0.5485
v 0.3394744 6.103117 0.5471882
v 0.3459736 6.109749 0.543342
v 0.3515546 6.115444 0.5372236
v 0.355837 6.119813 0.52925
v 0.358529 6.122561 0.5199645
v 0.3594472 6.123497 0.51
v 0.358529 6.122561 0.5000355
v 0.355837 6.119813 0.49075
v 0.3515546 6.115444 0.4827764
v 0.3459736 6.109749 0.476658
v 0.3394744 6.103117 0.4728118
v 0.3325 6.096 0.4715
v 0.3255255 6.088883 0.4728118
v 0.3190264 6.082252 0.476658
v 0.3134454 6.076557 0.4827764
v 0.309163 6.072187 0.49075
v 0.3064709 6.06944 0.5000355
v 0.3055527 6.068503 0.51
v 0.3064709 6.06944 0.5199645
v 0.309163 6.072187 0.52925
v 0.3134454 6.076557 0.5372236
v 0.3190264 6.082252 0.543342
v 0.3255255 6.088883 0.5471882
v 0.3325 6.096 0.5485
v 0.1575 6.2675 0.51
v 0.1575 6.2675 0.51
v 0.1575 6.2675 0.51
v 0.1575 6.2675 0.51
v 0.1575 6.2675 0.51
v 0.1575 6.2675 0.51
v 0.1575 6.2675 0.51
v 0.1575 6.2675 0.51
v 0.1575 6.2675 0.51
v 0.1575 6.2675 0.51
v 0.1575 6.2675 0.51
v 0.1575 6.2675 0.51
v 0.1575 6.2675 0.51
v 0.1575 6.2675 0.51
v 0.1575 6.2675 0.51
v 0.1575 6.2675 0.51
v 0.1575 6.2675 0.51
v 0.1575 6.2675 0.51
v 0.1575 6.2675 0.51
v 0.1575 6.2675 0.51
v 0.1575 6.2675 0.51
v 0.1575 6.2675 0.51
v 0.1575 6.2675 0.51
v 0.1575 6.2675 0.51
v 0.1575 6.2675 0.51
v 0.1575 6.2675 0.5485
v 0.1644745 6.274617 0.5471882
v 0.1709736 6.281249 0.543342
v 0.1765546 6.286944 0.5372236
v 0.180837 6.291314 0.52925
v 0.183529 6.294061 0.5199645
v 0.1844473 6.294998 0.51
v 0.183529 6.294061 0.5000355
v 0.180837 6.291314 0.49075
v 0.1765546 6.286944 0.4827764
v 0.1709736 6.281249 0.476658
v 0.1644745 6.274617 0.4728118
v 0.1575 6.2675 0.4715
v 0.1505255 6.260384 0.4728118
v 0.1440264 6.253752 0.476658
v 0.1384454 6.248057 0.4827764
v 0.134163 6.243687 0.49075
v 0.1314709 6.24094 0.5000355
v 0.1305527 6.240003 0.51
v 0.1314709 6.24094 0.5199645
v 0.134163 6.243687 0.52925
v 0.1384454 6.248057 0.5372236
v 0.1440264 6.253752 0.543342
v 0.1505255 6.260384 0.5471882
v 0.1575 6.2675 0.5485
v 0.3325 6.096 0.51
v 0.3325 6.096 0.51
v 0.3325 6.096 0.51
v 0.3325 6.096 0.51
v 0.3325 6.096 0.51
v 0.3325 6.096 0.51
v 0.3325 6.096 0.51
v 0.3325 6.096 0.51
v 0.3325 6.096 0.51
v 0.3325 6.096 0.51
v 0.3325 6.096 0.51
v 0.3325 6.096 0.51
v 0.3325 6.096 0.51
v 0.3325 6.096 0.51
v 0.3325 6.096 0.51
v 0.3325 6.096 0.51
v 0.3325 6.096 0.51
v 0.3325 6.096 0.51
v 0.3325 6.096 0.51
v 0.3325 6.096 0.51
v 0.3325 6.096 0.51
v 0.3325 6.096 0.51
v 0.3325 6.096 0.51
v 0.3325 6.096 0.51
v 0.3325 6.096 0.51
v 0.3325 6.096 0.5485
v 0.3394744 6.103117 0.5471882
v 0.3459736 6.109749 0.543342
v 0.3515546 6.115444 0.5372236
v 0.355837 6.119813 0.52925
v 0.358529 6.122561 0.5199645
v 0.3594472 6.123497 0.51
v 0.358529 6.122561 0.5000355
v 0.355837 6.119813 0.49075
v 0.3515546 6.115444 0.4827764
v 0.3459736 6.109749 0.476658
v 0.3394744 6.103117 0.4728118
v 0.3325 6.096 0.4715
v 0.3255255 6.088883 0.4728118
v 0.3190264 6.082252 0.476658
v 0.3134454 6.076557 0.4827764
v 0.309163 6.072187 0.49075
v 0.3064709 6.06944 0.5000355
v 0.3055527 6.068503 0.51
v 0.3064709 6.06944 0.5199645
v 0.309163 6.072187 0.52925
v 0.3134454 6.076557 0.5372236
v 0.3190264 6.082252 0.543342
v 0.3255255 6.088883 0.5471882
v 0.3325 6.096 0.5485
vt 0 0
vt 0.04166667 0
vt 0.08333334 0
vt 0.125 0
vt 0.1666667 0
vt 0.2083333 0
vt 0.25 0
vt 0.2916667 0
vt 0.3333333 0
vt 0.375 0
vt 0.4166667 0
vt 0.4583333 0
vt 0.5 0
vt 0.5416667 0
vt 0.5833333 0
vt 0.625 0
vt 0.6666667 0
vt 0.7083333 0
vt 0.75 0
vt 0.7916667 0
vt 0.8333333 0
vt 0.875 0
vt 0.9166667 0
vt 0.9583333 0
vt 1 0
vt 0 1
vt 0.04166667 1
vt 0.08333334 1
vt 0.125 1
vt 0.1666667 1
vt 0.2083333 1
vt 0.25 1
vt 0.2916667 1
vt 0.3333333 1
vt 0.375 1
vt 0.4166667 1
vt 0.4583333 1
vt 0.5 1
vt 0.5416667 1
vt 0.5833333 1
vt 0.625 1
vt 0.6666667 1
vt 0.7083333 1
vt 0.75 1
vt 0.7916667 1
vt 0.8333333 1
vt 0.875 1
vt 0.9166667 1
vt 0.9583333 1
vt 1 1
vt 0 0
vt 0.04166667 0
vt 0.08333334 0
vt 0.125 0
vt 0.1666667 0
vt 0.2083333 0
vt 0.25 0
vt 0.2916667 0
vt 0.3333333 0
vt 0.375 0
vt 0.4166667 0
vt 0.4583333 0
vt 0.5 0
vt 0.5416667 0
vt 0.5833333 0
vt 0.625 0
vt 0.6666667 0
vt 0.7083333 0
vt 0.75 0
vt 0.7916667 0
vt 0.8333333 0
vt 0.875 0
vt 0.9166667 0
vt 0.9583333 0
vt 1 0
vt 0 1
vt 0.04166667 1
vt 0.08333334 1
vt 0.125 1
vt 0.1666667 1
vt 0.2083333 1
vt 0.25 1
vt 0.2916667 1
vt 0.3333333 1
vt 0.375 1
vt 0.4166667 1
vt 0.4583333 1
vt 0.5 1
vt 0.5416667 1
vt 0.5833333 1
vt 0.625 1
vt 0.6666667 1
vt 0.7083333 1
vt 0.75 1
vt 0.7916667 1
vt 0.8333333 1
vt 0.875 1
vt 0.9166667 1
vt 0.9583333 1
vt 1 1
vt 0 0
vt 0.04166667 0
vt 0.08333334 0
vt 0.125 0
vt 0.1666667 0
vt 0.2083333 0
vt 0.25 0
vt 0.2916667 0
vt 0.3333333 0
vt 0.375 0
vt 0.4166667 0
vt 0.4583333 0
vt 0.5 0
vt 0.5416667 0
vt 0.5833333 0
vt 0.625 0
vt 0.6666667 0
vt 0.7083333 0
vt 0.75 0
vt 0.7916667 0
vt 0.8333333 0
vt 0.875 0
vt 0.9166667 0
vt 0.9583333 0
vt 1 0
vt 0 1
vt 0.04166667 1
vt 0.08333334 1
vt 0.125 1
vt 0.1666667 1
vt 0.2083333 1
vt 0.25 1
vt 0.2916667 1
vt 0.3333333 1
vt 0.375 1
vt 0.4166667 1
vt 0.4583333 1
vt 0.5 1
vt 0.5416667 1
vt 0.5833333 1
vt 0.625 1
vt 0.6666667 1
vt 0.7083333 1
vt 0.75 1
vt 0.7916667 1
vt 0.8333333 1
vt 0.875 1
vt 0.9166667 1
vt 0.9583333 1
vt 1 1
vn -0 0 1
vn 0.181136 0.1848327 0.965933
vn 0.3499731 0.3571154 0.8660181
vn 0.4949132 0.5050134 0.7071226
vn 0.6061549 0.6185254 0.5000026
vn 0.6760778 0.6898754 0.2588257
vn 0.6999286 0.7142129 -0
vn 0.6760778 0.6898754 -0.2588257
vn 0.6061577 0.6185282 -0.4999957
vn 0.4949243 0.5050247 -0.7071068
vn 0.3499613 0.3571034 -0.8660279
vn 0.1811567 0.1848538 -0.9659251
vn 0 -0 -1
vn -0.1811552 -0.1848523 -0.9659257
vn -0.3499654 -0.3571075 -0.8660244
vn -0.4949242 -0.5050247 -0.7071068
vn -0.6061581 -0.6185287 -0.4999948
vn -0.6760787 -0.6898761 -0.2588215
vn -0.6999286 -0.7142129 0
vn -0.6760786 -0.6898761 0.2588217
vn -0.6061553 -0.6185258 0.5000016
vn -0.4949243 -0.5050247 0.7071068
vn -0.3499654 -0.3571075 0.8660244
vn -0.181136 -0.1848327 0.965933
vn -0 0 1
vn -0 0 1
vn 0.1811361 0.1848327 0.965933
vn 0.3499731 0.3571154 0.8660181
vn 0.4949132 0.5050134 0.7071226
vn 0.6061549 0.6185254 0.5000026
vn 0.6760778 0.6898753 0.2588257
vn 0.6999286 0.7142129 -0
vn 0.6760778 0.6898753 -0.2588257
vn 0.6061577 0.6185282 -0.4999958
vn 0.4949242 0.5050247 -0.7071068
vn 0.3499613 0.3571034 -0.8660279
vn 0.1811567 0.1848538 -0.9659251
vn 0 -0 -1
vn -0.1811552 -0.1848522 -0.9659257
vn -0.3499654 -0.3571075 -0.8660244
vn -0.4949242 -0.5050247 -0.7071068
vn -0.6061581 -0.6185286 -0.4999948
vn -0.6760787 -0.6898761 -0.2588214
vn -0.6999286 -0.7142129 0
vn -0.6760786 -0.6898761 0.2588217
vn -0.6061553 -0.6185258 0.5000016
vn -0.4949242 -0.5050247 0.7071068
vn -0.3499654 -0.3571075 0.8660244
vn -0.1811361 -0.1848327 0.965933
vn -0 0 1
vn -0.7142128 0.6999286 0
vn -0.7142128 0.6999286 0
vn -0.7142128 0.6999286 0
vn -0.7142128 0.6999286 0
vn -0.7142128 0.6999286 0
vn -0.7142128 0.6999286 0
vn -0.7142128 0.6999286 0
vn -0.7142128 0.6999286 0
vn -0.7142128 0.6999286 0
vn -0.7142128 0.6999286 0
vn -0.7142128 0.6999286 0
vn -0.7142128 0.6999286 0
vn -0.7142128 0.6999286 0
vn -0.7142128 0.6999286 0
vn -0.7142128 0.6999286 0
vn -0.7142128 0.6999286 0
vn -0.7142128 0.6999286 0
vn -0.7142128 0.6999286 0
vn -0.7142128 0.6999286 0
vn -0.7142128 0.6999286 0
vn -0.7142128 0.6999286 0
vn -0.7142128 0.6999286 0
vn -0.7142128 0.6999286 0
vn -0.7142128 0.6999286 0
vn -0.7142128 0.6999286 0
vn -0.7142128 0.6999286 0
vn -0.7142128 0.6999286 -0
vn -0.7142128 0.6999286 -0
vn -0.7142128 0.6999286 -0
vn -0.7142128 0.6999286 -0
vn -0.7142128 0.6999286 -0
vn -0.7142128 0.6999286 0
vn -0.7142128 0.6999286 0
vn -0.7142128 0.6999286 0
vn -0.7142128 0.6999286 0
vn -0.7142128 0.6999286 0
vn -0.7142128 0.6999286 0
vn -0.7142128 0.6999286 0
vn -0.7142128 0.6999286 0
vn -0.7142128 0.6999286 0
vn -0.7142128 0.6999286 0
vn -0.7142128 0.6999286 0
vn -0.7142128 0.6999286 0
vn -0.7142128 0.6999286 0
vn -0.7142128 0.6999286 0
vn -0.7142128 0.6999286 0
vn -0.7142128 0.6999286 0
vn -0.7142128 0.6999286 0
vn -0.7142128 0.6999286 0
vn -0.7142128 0.6999286 0
vn 0.7142128 -0.6999286 0
vn 0.7142128 -0.6999286 0
vn 0.7142128 -0.6999286 0
vn 0.7142128 -0.6999286 0
vn 0.7142128 -0.6999286 0
vn 0.7142128 -0.6999286 0
vn 0.7142128 -0.6999286 0
vn 0.7142128 -0.6999286 0
vn 0.7142128 -0.6999286 0
vn 0.7142128 -0.6999286 0
vn 0.7142128 -0.6999286 0
vn 0.7142128 -0.6999286 0
vn 0.7142128 -0.6999286 0
vn 0.7142128 -0.6999286 0
vn 0.7142128 -0.6999286 0
vn 0.7142128 -0.6999286 0
vn 0.7142128 -0.6999286 0
vn 0.7142128 -0.6999286 0
vn 0.7142128 -0.6999286 0
vn 0.7142128 -0.6999286 0
vn 0.7142128 -0.6999286 0
vn 0.7142128 -0.6999286 0
vn 0.7142128 -0.6999286 0
vn 0.7142128 -0.6999286 0
vn 0.7142128 -0.6999286 0
vn 0.7142128 -0.6999286 0
vn 0.7142128 -0.6999286 0
vn 0.7142128 -0.6999286 0
vn 0.7142128 -0.6999286 0
vn 0.7142128 -0.6999286 0
vn 0.7142128 -0.6999286 0
vn 0.7142128 -0.6999286 0
vn 0.7142128 -0.6999286 0
vn 0.7142128 -0.6999286 0
vn 0.7142128 -0.6999286 0
vn 0.7142128 -0.6999286 0
vn 0.7142128 -0.6999286 0
vn 0.7142128 -0.6999286 0
vn 0.7142128 -0.6999286 0
vn 0.7142128 -0.6999286 0
vn 0.7142128 -0.6999286 0
vn 0.7142128 -0.6999286 0
vn 0.7142128 -0.6999286 0
vn 0.7142128 -0.6999286 0
vn 0.7142128 -0.6999286 0
vn 0.7142128 -0.6999286 0
vn 0.7142128 -0.6999286 0
vn 0.7142128 -0.6999286 0
vn 0.7142128 -0.6999286 0
vn 0.7142128 -0.6999286 0
f 5367/5367/5367 5392/5392/5392 5368/5368/5368
f 5368/5368/5368 5392/5392/5392 5393/5393/5393
f 5368/5368/5368 5393/5393/5393 5369/5369/5369
f 5369/5369/5369 5393/5393/5393 5394/5394/5394
f 5369/5369/5369 5394/5394/5394 5370/5370/5370
f 5370/5370/5370 5394/5394/5394 5395/5395/5395
f 5370/5370/5370 5395/5395/5395 5371/5371/5371
f 5371/5371/5371 5395/5395/5395 5396/5396/5396
f 5371/5371/5371 5396/5396/5396 5372/5372/5372
f 5372/5372/5372 5396/5396/5396 5397/5397/5397
f 5372/5372/5372 5397/5397/5397 5373/5373/5373
f 5373/5373/5373 5397/5397/5397 5398/5398/5398
f 5373/5373/5373 5398/5398/5398 5374/5374/5374
f 5374/5374/5374 5398/5398/5398 5399/5399/5399
f 5374/5374/5374 5399/5399/5399 5375/5375/5375
f 5375/5375/5375 5399/5399/5399 5400/5400/5400
f 5375/5375/5375 5400/5400/5400 5376/5376/5376
f 5376/5376/5376 5400/5400/5400 5401/5401/5401
f 5376/5376/5376 5401/5401/5401 5377/5377/5377
f 5377/5377/5377 5401/5401/5401 5402/5402/5402
f 5377/5377/5377 5402/5402/5402 5378/5378/5378
f 5378/5378/5378 5402/5402/5402 5403/5403/5403
f 5378/5378/5378 5403/5403/5403 5379/5379/5379
f 5379/5379/5379 5403/5403/5403 5404/5404/5404
f 5379/5379/5379 5404/5404/5404 5380/5380/5380
f 5380/5380/5380 5404/5404/5404 5405/5405/5405
f 5380/5380/5380 5405/5405/5405 5381/5381/5381
f 5381/5381/5381 5405/5405/5405 5406/5406/5406
f 5381/5381/5381 5406/5406/5406 5382/5382/5382
f 5382/5382/5382 5406/5406/5406 5407/5407/5407
f 5382/5382/5382 5407/5407/5407 5383/5383/5383
f 5383/5383/5383 5407/5407/5407 5408/5408/5408
f 5383/5383/5383 5408/5408/5408 5384/5384/5384
f 5384/5384/5384 5408/5408/5408 5409/5409/5409
f 5384/5384/5384 5409/5409/5409 5385/5385/5385
f 5385/5385/5385 5409/5409/5409 5410/5410/5410
f 5385/5385/5385 5410/5410/5410 5386/5386/5386
f 5386/5386/5386 5410/5410/5410 5411/5411/5411
f 5386/5386/5386 5411/5411/5411 5387/5387/5387
f 5387/5387/5387 5411/5411/5411 5412/5412/5412
f 5387/5387/5387 5412/5412/5412 5388/5388/5388
f 5388/5388/5388 5412/5412/5412 5413/5413/5413
f 5388/5388/5388 5413/5413/5413 5389/5389/5389
f 5389/5389/5389 5413/5413/5413 5414/5414/5414
f 5389/5389/5389 5414/5414/5414 5390/5390/5390
f 5390/5390/5390 5414/5414/5414 5415/5415/5415
f 5390/5390/5390 5415/5415/5415 5391/5391/5391
f 5391/5391/5391 5415/5415/5415 5416/5416/5416
f 5417/5417/5417 5442/5442/5442 5418/5418/5418
f 5418/5418/5418 5442/5442/5442 5443/5443/5443
f 5418/5418/5418 5443/5443/5443 5419/5419/5419
f 5419/5419/5419 5443/5443/5443 5444/5444/5444
f 5419/5419/5419 5444/5444/5444 5420/5420/5420
f 5420/5420/5420 5444/5444/5444 5445/5445/5445
f 5420/5420/5420 5445/5445/5445 5421/5421/5421
f 5421/5421/5421 5445/5445/5445 5446/5446/5446
f 5421/5421/5421 5446/5446/5446 5422/5422/5422
f 5422/5422/5422 5446/5446/5446 5447/5447/5447
f 5422/5422/5422 5447/5447/5447 5423/5423/5423
f 5423/5423/5423 5447/5447/5447 5448/5448/5448
f 5423/5423/5423 5448/5448/5448 5424/5424/5424
f 5424/5424/5424 5448/5448/5448 5449/5449/5449
f 5424/5424/5424 5449/5449/5449 5425/5425/5425
f 5425/5425/5425 5449/5449/5449 5450/5450/5450
f 5425/5425/5425 5450/5450/5450 5426/5426/5426
f 5426/5426/5426 5450/5450/5450 5451/5451/5451
f 5426/5426/5426 5451/5451/5451 5427/5427/5427
f 5427/5427/5427 5451/5451/5451 5452/5452/5452
f 5427/5427/5427 5452/5452/5452 5428/5428/5428
f 5428/5428/5428 5452/5452/5452 5453/5453/5453
f 5428/5428/5428 5453/5453/5453 5429/5429/5429
f 5429/5429/5429 5453/5453/5453 5454/5454/5454
f 5429/5429/5429 5454/5454/5454 5430/5430/5430
f 5430/5430/5430 5454/5454/5454 5455/5455/5455
f 5430/5430/5430 5455/5455/5455 5431/5431/5431
f 5431/5431/5431 5455/5455/5455 5456/5456/5456
f 5431/5431/5431 5456/5456/5456 5432/5432/5432
f 5432/5432/5432 5456/5456/5456 5457/5457/5457
f 5432/5432/5432 5457/5457/5457 5433/5433/5433
f 5433/5433/5433 5457/5457/5457 5458/5458/5458
f 5433/5433/5433 5458/5458/5458 5434/5434/5434
f 5434/5434/5434 5458/5458/5458 5459/5459/5459
f 5434/5434/5434 5459/5459/5459 5435/5435/5435
f 5435/5435/5435 5459/5459/5459 5460/5460/5460
f 5435/5435/5435 5460/5460/5460 5436/5436/5436
f 5436/5436/5436 5460/5460/5460 5461/5461/5461
f 5436/5436/5436 5461/5461/5461 5437/5437/5437
f 5437/5437/5437 5461/5461/5461 5462/5462/5462
f 5437/5437/5437 5462/5462/5462 5438/5438/5438
f 5438/5438/5438 5462/5462/5462 5463/5463/5463
f 5438/5438/5438 5463/5463/5463 5439/5439/5439
f 5439/5439/5439 5463/5463/5463 5464/5464/5464
f 5439/5439/5439 5464/5464/5464 5440/5440/5440
f 5440/5440/5440 5464/5464/5464 5465/5465/5465
f 5440/5440/5440 5465/5465/5465 5441/5441/5441
f 5441/5441/5441 5465/5465/5465 5466/5466/5466
f 5467/5467/5467 5468/5468/5468 5492/5492/5492
f 5468/5468/5468 5493/5493/5493 5492/5492/5492
f 5468/5468/5468 5469/5469/5469 5493/5493/5493
f 5469/5469/5469 5494/5494/5494 5493/5493/5493
f 5469/5469/5469 5470/5470/5470 5494/5494/5494
f 5470/5470/5470 5495/5495/5495 5494/5494/5494
f 5470/5470/5470 5471/5471/5471 5495/5495/5495
f 5471/5471/5471 5496/5496/5496 5495/5495/5495
f 5471/5471/5471 5472/5472/5472 5496/5496/5496
f 5472/5472/5472 5497/5497/5497 5496/5496/5496
f 5472/5472/5472 5473/5473/5473 5497/5497/5497
f 5473/5473/5473 5498/5498/5498 5497/5497/5497
f 5473/5473/5473 5474/5474/5474 5498/5498/5498
f 5474/5474/5474 5499/5499/5499 5498/5498/5498
f 5474/5474/5474 5475/5475/5475 5499/5499/5499
f 5475/5475/5475 5500/5500/5500 5499/5499/5499
f 5475/5475/5475 5476/5476/5476 5500/5500/5500
f 5476/5476/5476 5501/5501/5501 5500/5500/5500
f 5476/5476/5476 5477/5477/5477 5501/5501/5501
f 5477/5477/5477 5502/5502/5502 5501/5501/5501
f 5477/5477/5477 5478/5478/5478 5502/5502/5502
f 5478/5478/5478 5503/5503/5503 5502/5502/5502
f 5478/5478/5478 5479/5479/5479 5503/5503/5503
f 5479/5479/5479 5504/5504/5504 5503/5503/5503
f 5479/5479/5479 5480/5480/5480 5504/5504/5504
f 5480/5480/5480 5505/5505/5505 5504/5504/5504
f 5480/5480/5480 5481/5481/5481 5505/5505/5505
f 5481/5481/5481 5506/5506/5506 5505/5505/5505
f 5481/5481/5481 5482/5482/5482 5506/5506/5506
f 5482/5482/5482 5507/5507/5507 5506/5506/5506
f 5482/5482/5482 5483/5483/5483 5507/5507/5507
f 5483/5483/5483 5508/5508/5508 5507/5507/5507
f 5483/5483/5483 5484/5484/5484 5508/5508/5508
f 5484/5484/5484 5509/5509/5509 5508/5508/5508
f 5484/5484/5484 5485/5485/5485 5509/5509/5509
f 5485/5485/5485 5510/5510/5510 5509/5509/5509
f 5485/5485/5485 5486/5486/5486 5510/5510/5510
f 5486/5486/5486 5511/5511/5511 5510/5510/5510
f 5486/5486/5486 5487/5487/5487 5511/5511/5511
f 5487/5487/5487 5512/5512/5512 5511/5511/5511
f 5487/5487/5487 5488/5488/5488 5512/5512/5512
f 5488/5488/5488 5513/5513/5513 5512/5512/5512
f 5488/5488/5488 5489/5489/5489 5513/5513/5513
f 5489/5489/5489 5514/5514/5514 5513/5513/5513
f 5489/5489/5489 5490/5490/5490 5514/5514/5514
f 5490/5490/5490 5515/5515/5515 5514/5514/5514
f 5490/5490/5490 5491/5491/5491 5515/5515/5515
f 5491/5491/5491 5516/5516/5516 5515/5515/5515
