# Starward Reimagined / GPL-3.0-or-later
mtllib asteroid-0.mtl
s 1
o asteroid-0_part_0
usemtl part_0
v 0 0.7870374 0
v 0 0.7870374 0
v 0 0.7870374 0
v 0 0.7870374 0
v 0 0.7870374 0
v 0 0.7870374 0
v 0 0.7870374 0
v 0 0.7870374 0
v 0 0.7870374 0
v 0 0.7870374 0
v 0 0.7870374 0
v 0 0.7870374 0
v 0 0.7870374 0
v 0 0.7870374 0
v 0 0.7870374 0
v 0 0.7870374 0
v 0 0.7870374 0
v 0 0.7870374 0
v 0 0.7870374 0
v 0 0.7870374 0
v 0 0.7870374 0
v 0 0.7870374 0
v 0 0.7870374 0
v 0 0.7870374 0
v 0 0.7870374 0
v 0 0.7870374 0
v 0 0.7870374 0
v 0 0.7870374 0
v 0 0.7870374 0
v 0 0.7870374 0
v 0 0.7870374 0
v 0 0.7870374 0
v 0 0.7870374 0
v 0 0.7870374 0
v 0 0.7870374 0
v 0 0.7870374 0
v 0 0.7870374 0
v 0 0.7870374 0
v 0 0.7870374 0
v 0 0.7870374 0
v 0 0.7870374 0
v 0 0.7870374 0
v 0 0.7870374 0
v 0 0.7870374 0
v 0 0.7870374 0
v 0 0.7870374 0
v 0 0.7870374 0
v 0 0.7870374 0
v 0 0.7870374 0
v 0.1068262 0.823454 0
v 0.1076854 0.8217956 0.01358325
v 0.1059545 0.8199928 0.026875
v 0.1015166 0.8182094 0.03965028
v 0.09450731 0.8165272 0.05169908
v 0.08530156 0.8149869 0.06282607
v 0.07444182 0.8136123 0.07285254
v 0.06252783 0.8124145 0.08161809
v 0.05009722 0.8113722 0.08898011
v 0.03753076 0.8103974 0.09481031
v 0.02500893 0.8092941 0.09899023
v 0.01253248 0.8077343 0.1014096
v -4.206985e-09 0.8052813 0.1019741
v -0.01268403 0.8014837 0.1006249
v -0.025508 0.7960327 0.09736813
v -0.03829446 0.7889344 0.0922993
v -0.05070052 0.7806114 0.08560668
v -0.06227079 0.7718579 0.07754364
v -0.07251836 0.7636427 0.06837815
v -0.08100782 0.7568295 0.05834279
v -0.08742459 0.7519429 0.04760988
v -0.09162442 0.7490735 0.03629996
v -0.09365712 0.7479444 0.02451362
v -0.09375703 0.7480773 0.01236477
v -0.09229241 0.7489705 -8.291469e-09
v -0.08967853 0.750221 -0.01240022
v -0.08627382 0.7515689 -0.02463245
v -0.08228922 0.7528828 -0.03648457
v -0.07773925 0.754117 -0.04774752
v -0.07245177 0.7552665 -0.05822234
v -0.06613494 0.7563397 -0.06772424
v -0.05848291 0.7573504 -0.07608615
v -0.04928995 0.7583333 -0.08316354
v -0.03854031 0.7593793 -0.08884159
v -0.02644631 0.7606756 -0.09304338
v -0.013422 0.7625316 -0.09573451
v 1.224065e-09 0.765358 -0.09691852
v 0.01328367 0.7695773 -0.09661909
v 0.02599746 0.7754679 -0.0948527
v 0.037881 0.7829952 -0.09160446
v 0.04885241 0.791712 -0.08682404
v 0.05896314 0.8008021 -0.08045147
v 0.06832439 0.8092796 -0.07246455
v 0.07703111 0.8162664 -0.06292471
v 0.08509904 0.8212276 -0.05199666
v 0.09242088 0.8240659 -0.03993408
v 0.09874724 0.8250564 -0.02704093
v 0.1037001 0.8246816 -0.0136309
v 0.1068262 0.823454 1.823207e-08
v 0.2191646 0.8196032 0
v 0.2195894 0.8189432 0.02737461
v 0.2142974 0.8176718 0.05419656
v 0.2034104 0.8157622 0.07994655
v 0.1876334 0.8134301 0.1041566
v 0.1680634 0.8109389 0.1264246
v 0.1459382 0.8084612 0.1463999
v 0.1223883 0.8060194 0.1637603
v 0.09825217 0.8035184 0.1782063
v 0.07398835 0.8008834 0.1894877
v 0.04968474 0.7982462 0.1974591
v 0.0251378 0.7959932 0.2021038
v -8.527999e-09 0.794421 0.2034451
v -0.02596545 0.793046 0.2013555
v -0.05254617 0.7902227 0.1954743
v -0.07888278 0.7839366 0.1854781
v -0.1036969 0.7736403 0.1715798
v -0.1258698 0.7614624 0.1547076
v -0.1448334 0.7511658 0.1360245
v -0.1603949 0.7454882 0.1162209
v -0.1723195 0.7443811 0.09531514
v -0.1802692 0.7456602 0.07307636
v -0.1841567 0.7470197 0.0495136
v -0.1844421 0.7474032 0.02498324
v -0.1820233 0.7469722 -1.672344e-08
v -0.1778396 0.7463455 -0.02494792
v -0.1724997 0.7459906 -0.04944547
v -0.1661155 0.7460656 -0.07311612
v -0.1583403 0.7465391 -0.09559144
v -0.148538 0.7473567 -0.1165123
v -0.1360113 0.7485433 -0.1355497
v -0.120229 0.7502263 -0.1524247
v -0.1009995 0.7525742 -0.1669077
v -0.0785553 0.7556491 -0.1787854
v -0.05354692 0.7592258 -0.1878068
v -0.02696651 0.7627696 -0.1936683
v 2.438232e-09 0.7658129 -0.1961188
v 0.02623807 0.7686806 -0.195169
v 0.05106 0.7728982 -0.1911888
v 0.07442686 0.7804108 -0.1846439
v 0.09674455 0.7917445 -0.175595
v 0.1183062 0.8047817 -0.1635088
v 0.1389164 0.8157802 -0.1477251
v 0.1580765 0.8220104 -0.1281507
v 0.1754096 0.8235028 -0.1054463
v 0.1907295 0.8223922 -0.08059631
v 0.2036971 0.8209144 -0.05441144
v 0.2135375 0.8200543 -0.02741166
v 0.2191646 0.8196032 3.669904e-08
v 0.3301091 0.7982116 0
v 0.3277603 0.7972643 0.04073783
v 0.3168825 0.7958237 0.08063267
v 0.2979707 0.7931134 0.1188155
v 0.2725292 0.7892315 0.15448
v 0.2425612 0.7847263 0.1870093
v 0.2100293 0.780249 0.2159813
v 0.1764363 0.7763747 0.2411215
v 0.1426042 0.7736031 0.2622689
v 0.1086629 0.7725602 0.2794124
v 0.07415859 0.7741264 0.2927208
v 0.0382184 0.7787174 0.3022362
v -1.317311e-08 0.7844678 0.3070952
v -0.04038249 0.786593 0.3052928
v -0.08133081 0.7812119 0.2954001
v -0.1208659 0.7707854 0.2787704
v -0.1579878 0.7621079 0.2583718
v -0.1917318 0.7573261 0.2352055
v -0.2199125 0.7522503 0.208231
v -0.2410051 0.7452401 0.1775993
v -0.2561421 0.7408952 0.145019
v -0.2673078 0.7428078 0.1112792
v -0.2749014 0.7485036 0.07583817
v -0.2783534 0.7531978 0.03848613
v -0.277826 0.7547447 -2.582989e-08
v -0.2743004 0.753957 -0.03852498
v -0.2685652 0.7524452 -0.07623766
v -0.2605858 0.7512654 -0.1125462
v -0.2495906 0.7508424 -0.1469659
v -0.2344865 0.7512949 -0.1790423
v -0.2142901 0.7526371 -0.2083381
v -0.1884605 0.7548007 -0.2344212
v -0.157088 0.7575113 -0.2568134
v -0.1209336 0.7600366 -0.274883
v -0.08138992 0.7610974 -0.2877942
v -0.04039009 0.7597008 -0.2948554
v 3.602697e-09 0.7571124 -0.2963865
v 0.03852342 0.7576418 -0.2940563
v 0.07532295 0.7649191 -0.2892392
v 0.1109292 0.7764859 -0.2808321
v 0.1449836 0.7857592 -0.2663901
v 0.1772326 0.7909178 -0.2456382
v 0.2087906 0.796472 -0.2204719
v 0.240232 0.8042699 -0.1916668
v 0.2695566 0.809735 -0.1584932
v 0.2939704 0.8090963 -0.1212098
v 0.3123315 0.8044863 -0.08151029
v 0.3245794 0.8002704 -0.0408913
v 0.3301091 0.7982116 5.463495e-08
v 0.4499987 0.7936468 0
v 0.4421837 0.7914551 0.05541522
v 0.4212503 0.7843709 0.1088987
v 0.3912307 0.7765067 0.1594006
v 0.3549343 0.7687888 0.2061969
v 0.3147644 0.7613371 0.2486161
v 0.2730142 0.7551283 0.2864249
v 0.231336 0.7520413 0.3200468
v 0.1899264 0.7533709 0.3499811
v 0.1471976 0.7570422 0.3751808
v 0.1011151 0.7569376 0.3922013
v 0.05165 0.7506008 0.3991928
v -1.767092e-08 0.7488769 0.4017127
v -0.05484483 0.7615997 0.4050423
v -0.1118984 0.7706208 0.399291
v -0.1643283 0.7568903 0.3751054
v -0.2119426 0.7449659 0.3460765
v -0.2587225 0.7523044 0.3201587
v -0.2951842 0.7495905 0.2843244
v -0.3176063 0.7333856 0.2394884
v -0.3389734 0.7344311 0.1969819
v -0.3597465 0.7476069 0.153468
v -0.3691171 0.7477418 0.1038132
v -0.3687906 0.7370568 0.05160638
v -0.3677766 0.7308582 -3.427384e-08
v -0.3681728 0.7322553 -0.05127026
v -0.3663443 0.7356651 -0.1021367
v -0.3590321 0.7373787 -0.1513684
v -0.3448296 0.7375263 -0.197812
v -0.3230913 0.7374872 -0.2408279
v -0.2932862 0.7378615 -0.2798756
v -0.2552384 0.7379956 -0.3140693
v -0.209837 0.7371156 -0.3424296
v -0.1594901 0.7369617 -0.3652292
v -0.1070711 0.7425766 -0.3847602
v -0.053763 0.7549382 -0.4014995
v 4.84237e-09 0.7617606 -0.4086237
v 0.05114685 0.7522001 -0.4000433
v 0.09839317 0.7440568 -0.3855271
v 0.1463838 0.7567173 -0.3750197
v 0.1934431 0.7664827 -0.3560722
v 0.2341413 0.7569922 -0.3221537
v 0.2768736 0.7585776 -0.2877332
v 0.3244622 0.7753376 -0.253188
v 0.363011 0.7766635 -0.2083089
v 0.3909956 0.7672454 -0.1574994
v 0.4179935 0.77136 -0.1070922
v 0.4410259 0.7856383 -0.05500776
v 0.4499987 0.7936468 7.443668e-08
v 0.5551571 0.760745 0
v 0.5433296 0.7615771 0.06914692
v 0.5183234 0.7602663 0.1368747
v 0.4821561 0.7558881 0.2012141
v 0.4380492 0.7487257 0.2604078
v 0.3895491 0.7401013 0.3134004
v 0.3394538 0.7317941 0.3599442
v 0.2891044 0.7254848 0.4003652
v 0.238252 0.7223731 0.4351646
v 0.185494 0.723088 0.4646947
v 0.1288904 0.7270801 0.4885256
v 0.06687877 0.730967 0.5041127
v -2.286886e-08 0.7305585 0.5081785
v -0.06924243 0.7284123 0.5023508
v -0.1388564 0.7296152 0.4902289
v -0.2057631 0.7302176 0.4692766
v -0.2668322 0.7298469 0.4396668
v -0.3208667 0.7314783 0.4036727
v -0.3631274 0.7271034 0.357637
v -0.3934706 0.7186207 0.3043043
v -0.4168466 0.7135294 0.2481665
v -0.4336461 0.7089905 0.1887301
v -0.4465147 0.7062131 0.1271432
v -0.4590159 0.7083354 0.06431282
v -0.4691795 0.7118434 -4.328828e-08
v -0.4734623 0.7127785 -0.06471632
v -0.4701163 0.7108436 -0.127977
v -0.4581922 0.7073403 -0.1882909
v -0.4368458 0.7035999 -0.244713
v -0.4056602 0.700864 -0.2967852
v -0.3649023 0.7002159 -0.3444121
v -0.315489 0.7022743 -0.3875562
v -0.2588201 0.7068108 -0.4257897
v -0.1966524 0.7124972 -0.4578886
v -0.131231 0.7177565 -0.4822611
v -0.06514676 0.7231506 -0.4987221
v 5.878682e-09 0.7302675 -0.5079761
v 0.06361992 0.7349179 -0.5068374
v 0.1242357 0.7317207 -0.4916436
v 0.1817725 0.7256119 -0.4663168
v 0.2370254 0.7188466 -0.4330402
v 0.2898196 0.7106693 -0.3921891
v 0.3442578 0.7110645 -0.3497479
v 0.4001088 0.7193909 -0.3046304
v 0.4517909 0.7284086 -0.2533414
v 0.4976688 0.7401814 -0.197033
v 0.5331805 0.751882 -0.1353652
v 0.5524338 0.7582737 -0.06884676
v 0.5551571 0.760745 9.252413e-08
v 0.6374462 0.7045353 0
v 0.613622 0.6976435 0.07971025
v 0.5860008 0.6993636 0.1584463
v 0.5493683 0.7003567 0.2346075
v 0.5025075 0.6954654 0.3043887
v 0.4489115 0.6855905 0.365338
v 0.3923139 0.6736128 0.4169445
v 0.334948 0.6629129 0.460369
v 0.2781186 0.659125 0.4996678
v 0.2215267 0.670713 0.5424191
v 0.1588638 0.6949035 0.5875586
v 0.08281936 0.7038047 0.6108065
v -2.775151e-08 0.6926911 0.6063489
v -0.08406903 0.6966159 0.6045676
v -0.165137 0.6891025 0.5826538
v -0.2393065 0.6800322 0.5499557
v -0.3182721 0.7035048 0.5333111
v -0.3750128 0.6943408 0.4821945
v -0.4254953 0.69373 0.4293964
v -0.456931 0.6790133 0.361833
v -0.4700942 0.6527082 0.2856749
v -0.5044811 0.6629776 0.222086
v -0.5279393 0.664185 0.1504763
v -0.5488783 0.6667995 0.07618607
v -0.5798958 0.6861525 -5.250833e-08
v -0.5976084 0.6980025 -0.0797513
v -0.5925918 0.6945537 -0.1573568
v -0.571207 0.6852589 -0.22955
v -0.5380412 0.6771498 -0.2963723
v -0.4944023 0.6727437 -0.3584923
v -0.4413588 0.6732634 -0.4167284
v -0.3800108 0.6787733 -0.4713834
v -0.3102262 0.6851219 -0.5193754
v -0.2318577 0.6827433 -0.5521484
v -0.150623 0.6711351 -0.5674619
v -0.07460753 0.6740357 -0.5849711
v 6.888084e-09 0.6924692 -0.6061546
v 0.07428725 0.6893548 -0.598266
v 0.1475728 0.6911612 -0.5843943
v 0.2195528 0.6897667 -0.5578282
v 0.2758596 0.6539639 -0.4957553
v 0.3425099 0.6521565 -0.452899
v 0.4037148 0.645936 -0.3998134
v 0.4727437 0.6596809 -0.3515313
v 0.548682 0.6911862 -0.3025156
v 0.5906597 0.6911876 -0.231536
v 0.6281394 0.7031052 -0.1592939
v 0.6491482 0.7136319 -0.08153675
v 0.6374462 0.7045353 1.078302e-07
v 0.6986712 0.6363463 0
v 0.6780789 0.6371967 0.09022577
v 0.6504663 0.6409134 0.1799513
v 0.6141662 0.6432891 0.2670578
v 0.5665486 0.6392413 0.3467323
v 0.5092673 0.6281137 0.4148057
v 0.4460428 0.6125145 0.4698516
v 0.3808723 0.5976924 0.5144033
v 0.3169545 0.5920372 0.5562103
v 0.2531723 0.6030974 0.6044526
v 0.1808843 0.62408 0.6539483
v 0.09479374 0.6389575 0.6872265
v -3.263715e-08 0.6520692 0.7073805
v -0.09737696 0.6513106 0.7005128
v -0.187092 0.6353076 0.6657132
v -0.2752783 0.6421288 0.6435715
v -0.3538745 0.6447144 0.6056997
v -0.4280926 0.6549774 0.5637056
v -0.472654 0.636324 0.4881156
v -0.5048106 0.6170462 0.4074966
v -0.5321955 0.6026755 0.3268985
v -0.5679522 0.6030678 0.25036
v -0.6210172 0.6236909 0.1751156
v -0.6579716 0.6327192 0.08959169
v -0.6862608 0.6402954 -6.072455e-08
v -0.7022405 0.6461727 -0.0914968
v -0.6944205 0.6425474 -0.1804103
v -0.6653292 0.6333379 -0.2629265
v -0.6213488 0.6251715 -0.3391006
v -0.5667484 0.6221241 -0.4108504
v -0.5040674 0.6260815 -0.4802588
v -0.4337103 0.6357777 -0.5471814
v -0.353804 0.6445846 -0.6055778
v -0.267426 0.6509209 -0.6523836
v -0.1710136 0.6292375 -0.6593527
v -0.08643311 0.6409131 -0.6893299
v 7.630884e-09 0.6260769 -0.6791834
v 0.08346456 0.6258353 -0.6731129
v 0.1692669 0.6338969 -0.6642351
v 0.2463499 0.6143695 -0.6157498
v 0.3199165 0.5974981 -0.5613407
v 0.384033 0.574772 -0.4946769
v 0.4647155 0.5856622 -0.4492535
v 0.545736 0.6035985 -0.3986159
v 0.6195803 0.623289 -0.3380794
v 0.6715605 0.633666 -0.2630628
v 0.6895007 0.6269706 -0.1760364
v 0.702502 0.6321982 -0.08951768
v 0.6986712 0.6363463 1.207001e-07
v 0.7445895 0.5633862 0
v 0.7324259 0.5709651 0.09972218
v 0.7118527 0.5787061 0.200419
v 0.6785258 0.5816309 0.2978323
v 0.6335545 0.5793194 0.3875901
v 0.5779358 0.571875 0.4658357
v 0.5129163 0.5602458 0.5300882
v 0.4405231 0.546873 0.5805474
v 0.3625883 0.5350219 0.6199929
v 0.2813235 0.5305172 0.6558421
v 0.197168 0.5413722 0.69972
v 0.1034638 0.5596237 0.7424192
v -3.538337e-08 0.5723562 0.7658628
v -0.1070675 0.5855585 0.7768253
v -0.2085416 0.5840113 0.7548306
v -0.3046869 0.5889447 0.728072
v -0.3886123 0.5877755 0.6811247
v -0.4670829 0.5922803 0.6287506
v -0.514918 0.5721592 0.5413604
v -0.5608932 0.5611235 0.4570776
v -0.5998347 0.5502208 0.3681219
v -0.6521024 0.5549541 0.2841718
v -0.7007334 0.5603051 0.1940462
v -0.7410018 0.5646278 0.09861526
v -0.7728817 0.5706736 -6.675701e-08
v -0.7786379 0.5680506 -0.09921321
v -0.7615174 0.561238 -0.1943696
v -0.7263178 0.5547609 -0.2840731
v -0.6748117 0.5497332 -0.3677955
v -0.6110529 0.5481471 -0.4465076
v -0.5395938 0.5521435 -0.522422
v -0.4628965 0.5621941 -0.5968118
v -0.3809744 0.5763595 -0.6678957
v -0.2890081 0.5832731 -0.7210608
v -0.1815628 0.5522062 -0.7137228
v -0.0936937 0.5692145 -0.7551428
v 8.510372e-09 0.5659417 -0.7572796
v 0.09148046 0.5512379 -0.7312942
v 0.1830691 0.5467566 -0.7066792
v 0.2697527 0.5328673 -0.6587474
v 0.3552959 0.5241222 -0.6073622
v 0.435239 0.5154392 -0.547178
v 0.5243827 0.5262687 -0.4979399
v 0.6042022 0.536391 -0.4369312
v 0.6760022 0.5507604 -0.3684826
v 0.717585 0.5529994 -0.2831711
v 0.7429078 0.5566377 -0.192776
v 0.7530704 0.5615798 -0.09808265
v 0.7445896 0.5633862 1.318091e-07
v 0.7756389 0.4849392 0
v 0.7395865 0.4747996 0.1027706
v 0.7213472 0.4792504 0.2056931
v 0.7021784 0.4867854 0.3089144
v 0.6714823 0.4912474 0.4073158
v 0.6264614 0.4914696 0.4961406
v 0.5653636 0.4867288 0.570733
v 0.4885265 0.4770938 0.62767
v 0.4008988 0.4663028 0.669668
v 0.3116335 0.4661118 0.7141122
v 0.216279 0.4750036 0.7608545
v 0.1078523 0.4698144 0.7724243
v -3.663062e-08 0.4816646 0.7987404
v -0.1105985 0.4956693 0.8149323
v -0.224447 0.5183668 0.830313
v -0.3287344 0.5248509 0.804104
v -0.4226197 0.5269103 0.7567079
v -0.4655787 0.4861537 0.6395893
v -0.558661 0.505345 0.5925621
v -0.6235109 0.5023952 0.5071699
v -0.6887332 0.5032595 0.4172756
v -0.7149464 0.4819506 0.3058462
v -0.7703291 0.4854976 0.2083743
v -0.8008431 0.4802663 0.1039538
v -0.8402038 0.4894628 -7.095863e-08
v -0.8618397 0.4992417 -0.1080612
v -0.8386865 0.4946831 -0.212317
v -0.790245 0.487342 -0.3092676
v -0.7281637 0.4833531 -0.4007702
v -0.6565497 0.483751 -0.4883488
v -0.5788047 0.4890335 -0.5734356
v -0.4967481 0.4989047 -0.6563647
v -0.4081972 0.509516 -0.7317276
v -0.3073722 0.5093138 -0.7803004
v -0.2028643 0.5015709 -0.8034098
v -0.103103 0.504799 -0.8299425
v 9.26609e-09 0.4922589 -0.8163089
v 0.1002443 0.4784217 -0.7865754
v 0.1938278 0.4561834 -0.7307085
v 0.2901104 0.4503206 -0.689919
v 0.3896483 0.452734 -0.6501817
v 0.5003734 0.4707043 -0.6192639
v 0.5780684 0.4640729 -0.5441669
v 0.6614957 0.4743419 -0.47885
v 0.7138402 0.4733793 -0.3925003
v 0.7805949 0.4942117 -0.3136272
v 0.7923056 0.4900595 -0.2103322
v 0.8020552 0.4946703 -0.1070713
v 0.7756388 0.4849391 1.406056e-07
v 0.7880989 0.3992215 0
v 0.7437174 0.3841521 0.1046366
v 0.7165493 0.3795353 0.2049892
v 0.7103323 0.3881918 0.3100049
v 0.6982862 0.398835 0.4161461
v 0.6648626 0.4048399 0.5142959
v 0.6045675 0.403266 0.5950579
v 0.5219838 0.3957335 0.655167
v 0.4320292 0.3924934 0.7093255
v 0.3393393 0.4002376 0.771642
v 0.2278243 0.3977627 0.8017712
v 0.1125836 0.3935738 0.8142867
v -3.737211e-08 0.3972543 0.8289936
v -0.1105893 0.4027559 0.833284
v -0.2308205 0.4338062 0.8744241
v -0.3454041 0.4476772 0.8631036
v -0.4340797 0.4375865 0.7908191
v -0.4913397 0.4114564 0.6811975
v -0.592087 0.4253042 0.6275774
v -0.7066689 0.446596 0.5673413
v -0.7490249 0.4269104 0.4454402
v -0.7901759 0.4131009 0.3298969
v -0.8239539 0.402323 0.2172969
v -0.8885791 0.4143238 0.1128547
v -0.9079738 0.4135377 -7.544357e-08
v -0.9258897 0.4228285 -0.1151714
v -0.9055771 0.4252099 -0.2296585
v -0.8457561 0.4189248 -0.3345479
v -0.7731258 0.4153462 -0.433374
v -0.6994725 0.4192448 -0.5325956
v -0.6246898 0.429792 -0.6341997
v -0.541332 0.4412801 -0.7305729
v -0.4380688 0.4414099 -0.7977288
v -0.3195486 0.4248298 -0.8190548
v -0.2120517 0.4166631 -0.8398687
v -0.1073521 0.413877 -0.8562931
v 9.953562e-09 0.4124333 -0.8606693
v 0.1090657 0.4036621 -0.8351589
v 0.2089118 0.3803527 -0.7666778
v 0.3130007 0.3767847 -0.7264257
v 0.4370076 0.3972647 -0.7179484
v 0.5484149 0.4070105 -0.6738369
v 0.6487017 0.4155683 -0.613211
v 0.7020759 0.4043128 -0.5136263
v 0.7818945 0.4201982 -0.4384364
v 0.8285309 0.4264948 -0.3405932
v 0.8496609 0.4279656 -0.2311465
v 0.8098266 0.4065762 -0.1107441
v 0.7880989 0.3992215 1.456636e-07
v 0.8052766 0.3177263 0
v 0.7995427 0.3174337 0.1121217
v 0.7757354 0.312519 0.2188827
v 0.7598577 0.3135982 0.3247522
v 0.7483191 0.3214308 0.4349069
v 0.7197695 0.329512 0.5428216
v 0.6618917 0.3331628 0.6375002
v 0.5774481 0.3327306 0.7143289
v 0.475066 0.3309671 0.7756295
v 0.3536946 0.3221253 0.8053395
v 0.23045 0.3132932 0.8189051
v 0.1166619 0.3206229 0.8602049
v -3.754454e-08 0.3152874 0.8531895
v -0.1151132 0.3316557 0.8898049
v -0.2277933 0.3379887 0.8834557
v -0.3481964 0.354038 0.8851238
v -0.4581127 0.3587262 0.8406835
v -0.5546132 0.3560912 0.7644811
v -0.6742758 0.3681235 0.7043968
v -0.7446934 0.3565392 0.5873449
v -0.8132601 0.3491417 0.4724007
v -0.8704744 0.3424255 0.3546046
v -0.9079822 0.3346247 0.2343651
v -0.9515509 0.3368693 0.1189865
v -0.96876 0.3378508 -7.992606e-08
v -0.9384218 0.3303552 -0.1166858
v -0.9080696 0.3316639 -0.2322917
v -0.856633 0.332977 -0.3448202
v -0.788408 0.3343025 -0.4523228
v -0.7175672 0.3399919 -0.560086
v -0.6439595 0.3492858 -0.6683513
v -0.5563355 0.3555162 -0.7632465
v -0.4498962 0.3526537 -0.8264525
v -0.3408084 0.3485246 -0.87134
v -0.2286809 0.3422503 -0.8945949
v -0.1088912 0.3179533 -0.8530428
v 1.005616e-08 0.3137471 -0.8490213
v 0.1137773 0.3163676 -0.8487883
v 0.2319548 0.3184355 -0.8323462
v 0.3462425 0.3165495 -0.7913994
v 0.4699224 0.3271656 -0.7667205
v 0.6016504 0.3458017 -0.7423906
v 0.6959913 0.3479892 -0.66587
v 0.7718086 0.3498393 -0.5763078
v 0.8293225 0.351761 -0.4759445
v 0.8560756 0.3481719 -0.3605556
v 0.8648238 0.3436078 -0.2406566
v 0.8354899 0.3292118 -0.1162814
v 0.8052766 0.3177263 1.503303e-07
v 0.8673505 0.2485458 0
v 0.8512632 0.2432543 0.1177346
v 0.8495644 0.2441821 0.2343451
v 0.8344951 0.2447991 0.3473725
v 0.8147919 0.2489735 0.4616035
v 0.7845349 0.2566913 0.5794343
v 0.7289709 0.2643104 0.6930189
v 0.6375029 0.2670743 0.785678
v 0.5073489 0.2590112 0.8317546
v 0.3631516 0.244217 0.8366372
v 0.236018 0.2389386 0.8558075
v 0.113074 0.2324177 0.854444
v -3.912005e-08 0.2461119 0.912596
v -0.1168092 0.2513364 0.9239955
v -0.2352279 0.2588136 0.926994
v -0.3434031 0.2573434 0.8816055
v -0.4744189 0.2705216 0.8687172
v -0.6097626 0.2818288 0.8290827
v -0.6901677 0.2702094 0.7084862
v -0.7797691 0.266273 0.6010631
v -0.8785031 0.2688135 0.4983873
v -0.9384016 0.2639279 0.3745163
v -0.9911749 0.2630211 0.252425
v -0.974678 0.2497809 0.1208934
v -0.9814916 0.2500561 -8.106024e-08
v -0.9577231 0.2488087 -0.120423
v -0.9003987 0.2444019 -0.2345563
v -0.8441887 0.2452139 -0.3479611
v -0.7830292 0.2485935 -0.4608989
v -0.7149836 0.2530377 -0.571187
v -0.6385521 0.257249 -0.6745043
v -0.5519907 0.2598753 -0.7645
v -0.4616412 0.2636298 -0.8465859
v -0.3614695 0.2664356 -0.9127537
v -0.2434238 0.2606283 -0.9334936
v -0.1170958 0.2431425 -0.893872
v 9.689165e-09 0.2143667 -0.7948832
v 0.1176072 0.2329963 -0.8565713
v 0.2432948 0.2397953 -0.8588757
v 0.3814108 0.2534448 -0.8682495
v 0.4980761 0.2540098 -0.8156936
v 0.5634592 0.2379123 -0.6998894
v 0.7128409 0.2648837 -0.694522
v 0.8227422 0.278466 -0.6285867
v 0.8442845 0.2676686 -0.4962644
v 0.8686155 0.263546 -0.3739744
v 0.8606725 0.2540087 -0.2437757
v 0.8895773 0.2573158 -0.1245399
v 0.8673505 0.2485458 1.611413e-07
v 0.9237565 0.1706654 0
v 0.8928438 0.1633339 0.120843
v 0.8701854 0.1594772 0.2339604
v 0.868128 0.1623195 0.3520934
v 0.8569151 0.1676378 0.4751049
v 0.8215387 0.1733443 0.5981418
v 0.7506474 0.1769454 0.709205
v 0.6407194 0.1759233 0.7911114
v 0.5090328 0.1719145 0.8438995
v 0.3748392 0.1683481 0.881599
v 0.2334463 0.1585849 0.8682665
v 0.1142924 0.1579363 0.8875607
v -3.894991e-08 0.1641325 0.9303406
v -0.1218057 0.1739803 0.9777237
v -0.2367568 0.1717231 0.9401996
v -0.3617128 0.1765143 0.9243631
v -0.4990963 0.1837976 0.9022312
v -0.6256584 0.1857762 0.8354189
v -0.7344731 0.1837916 0.736645
v -0.8176102 0.1783597 0.6154479
v -0.9044458 0.1773205 0.5025468
v -0.994835 0.180626 0.3918026
v -0.9979797 0.1719366 0.2522388
v -1.019551 0.1716631 0.1270053
v -0.9887012 0.166734 -8.262212e-08
v -0.9813595 0.1701698 -0.1259006
v -0.9431614 0.1717222 -0.2519247
v -0.8692394 0.1694442 -0.3675478
v -0.7936426 0.1686047 -0.477845
v -0.7249205 0.1705496 -0.5884985
v -0.6583741 0.174603 -0.6998167
v -0.5845461 0.1791643 -0.8056855
v -0.489337 0.1803541 -0.8853278
v -0.3723423 0.1761122 -0.9222577
v -0.2591092 0.1771616 -0.9699758
v -0.1266673 0.1677503 -0.9427128
v 1.09934e-08 0.1557131 -0.8826174
v 0.1231257 0.1570736 -0.8827125
v 0.2578163 0.1653983 -0.9055705
v 0.3856049 0.1680085 -0.8798206
v 0.4955437 0.1671551 -0.8205361
v 0.5581909 0.1573088 -0.7074033
v 0.6439105 0.1601126 -0.6417382
v 0.8425632 0.1908212 -0.6584474
v 0.8632382 0.1827822 -0.5180257
v 0.8614252 0.1738411 -0.3770854
v 0.9080864 0.1761976 -0.2584898
v 0.9041325 0.1706453 -0.1262519
v 0.9237565 0.1706654 1.691405e-07
v 0.9083694 0.08136022 0
v 0.9267948 0.08168422 0.1222187
v 0.9227595 0.08147247 0.241718
v 0.9032828 0.08170841 0.3584333
v 0.8778064 0.08366773 0.4795455
v 0.8271393 0.08574782 0.5983732
v 0.7403184 0.08647407 0.700927
v 0.6254573 0.08585308 0.7807723
v 0.4942425 0.08411469 0.8350344
v 0.3539528 0.08055077 0.8530744
v 0.2347306 0.08098281 0.8966821
v 0.1184388 0.08274122 0.9403563
v -3.97473e-08 0.08408067 0.9638246
v -0.1204076 0.08567739 0.9737257
v -0.2532311 0.09021279 0.9988811
v -0.3821214 0.0908843 0.9625118
v -0.5136696 0.09173872 0.9107206
v -0.6446412 0.09251437 0.8413519
v -0.7500598 0.09067013 0.7349387
v -0.8460289 0.08944537 0.6241756
v -0.9228398 0.08820403 0.5055456
v -0.9529504 0.08477773 0.3718974
v -1.018687 0.08714174 0.2585378
v -1.030328 0.08688179 0.1299954
v -1.05474 0.0898945 -9.008649e-08
v -1.005718 0.08835609 -0.1322015
v -0.9514944 0.08779861 -0.2604871
v -0.8905898 0.08767638 -0.3846131
v -0.8176043 0.08711439 -0.4993003
v -0.7486211 0.0875215 -0.6107507
v -0.6846846 0.08933002 -0.7240763
v -0.6096142 0.0911346 -0.8288039
v -0.5147888 0.09193401 -0.9126594
v -0.4069439 0.09290322 -0.9838935
v -0.2712711 0.08956806 -0.9917423
v -0.1354515 0.08694524 -0.9881349
v 1.239273e-08 0.08590358 -0.9847209
v 0.1328686 0.08359811 -0.9500946
v 0.254436 0.08089925 -0.8957568
v 0.3788067 0.08257674 -0.8745305
v 0.5044948 0.08590345 -0.8527921
v 0.5813669 0.08317451 -0.7564126
v 0.6612901 0.0834495 -0.6764107
v 0.7987052 0.09140819 -0.6378728
v 0.8481398 0.09019028 -0.5169296
v 0.9169692 0.09178771 -0.4026485
v 0.9140831 0.08741412 -0.2593459
v 0.9330206 0.08587171 -0.1284838
v 0.9083695 0.08136022 1.630679e-07
v 0.9519686 -3.453785e-08 0
v 0.9425657 -3.365875e-08 0.1210941
v 0.9549138 -3.432759e-08 0.2448876
v 0.959398 -3.566413e-08 0.3761825
v 0.9266789 -3.664459e-08 0.5050184
v 0.8530043 -3.699719e-08 0.6207879
v 0.7390541 -3.638036e-08 0.7090541
v 0.5954329 -3.465307e-08 0.757767
v 0.4524453 -3.282985e-08 0.7836584
v 0.3420662 -3.326276e-08 0.8470341
v 0.2354626 -3.454566e-08 0.9197389
v 0.1203652 -3.546728e-08 0.9692232
v -4.117534e-08 -3.635236e-08 1.001982
v -0.1242287 -3.654113e-08 0.9985684
v -0.2574296 -3.762493e-08 1.001721
v -0.40927 -3.963403e-08 1.009278
v -0.5250394 -3.809733e-08 0.9093949
v -0.6249997 -3.641517e-08 0.7962992
v -0.7621294 -3.756432e-08 0.7321295
v -0.853363 -3.701359e-08 0.6210628
v -0.877328 -3.457713e-08 0.4765257
v -0.9377701 -3.48148e-08 0.3672237
v -0.9847533 -3.544837e-08 0.252883
v -1.056283 -3.782007e-08 0.1360652
v -1.048031 -3.802306e-08 -9.162182e-08
v -1.040324 -3.890215e-08 -0.1399584
v -0.9769377 -3.823331e-08 -0.2727507
v -0.888361 -3.689678e-08 -0.3891844
v -0.8053719 -3.591632e-08 -0.4949816
v -0.7337023 -3.556371e-08 -0.5967352
v -0.6751595 -3.618054e-08 -0.7051596
v -0.62209 -3.790783e-08 -0.8289395
v -0.5475546 -3.973106e-08 -0.9483926
v -0.4233003 -3.929814e-08 -1.000725
v -0.282108 -3.800578e-08 -1.011861
v -0.1392273 -3.668791e-08 -1.00258
v 1.261242e-08 -3.619539e-08 -0.9976555
v 0.1368213 -3.601902e-08 -0.9843007
v 0.2602088 -3.493595e-08 -0.9301299
v 0.3560961 -3.292678e-08 -0.8384784
v 0.4748546 -3.445588e-08 -0.8224724
v 0.5946039 -3.626973e-08 -0.7931188
v 0.6597783 -3.539134e-08 -0.6897779
v 0.7331941 -3.554046e-08 -0.5963449
v 0.8547226 -3.798376e-08 -0.523474
v 0.9099892 -3.77461e-08 -0.398143
v 0.9470984 -3.711253e-08 -0.2647548
v 0.926607 -3.474084e-08 -0.1249867
v 0.9519686 -3.453785e-08 1.664475e-07
v 0.9828452 -0.08362285 0
v 1.010772 -0.08516126 0.1274209
v 1.002928 -0.08571874 0.2543156
v 0.9642087 -0.08584098 0.376561
v 0.904958 -0.08640295 0.4952216
v 0.814656 -0.08599584 0.6001027
v 0.6975111 -0.08418734 0.6823902
v 0.5739385 -0.08238274 0.7492105
v 0.4554625 -0.08158333 0.8099031
v 0.3370679 -0.08061408 0.8537431
v 0.2368846 -0.08470326 0.9378749
v 0.1160233 -0.08274747 0.9404253
v -4.270879e-08 -0.08999122 1.031576
v -0.1292163 -0.08994437 1.022218
v -0.2692458 -0.09261655 1.025495
v -0.3995126 -0.09093675 0.9630653
v -0.5240465 -0.08931483 0.8866561
v -0.6400359 -0.08794238 0.7997714
v -0.7267396 -0.08479901 0.6873481
v -0.8065469 -0.08348365 0.5825718
v -0.8744162 -0.0833264 0.4775883
v -0.9035059 -0.08172964 0.3585255
v -0.9740314 -0.08610322 0.2554562
v -0.9945441 -0.08764562 0.131138
v -1.032133 -0.09215713 -9.235376e-08
v -1.00077 -0.09183312 -0.1374036
v -0.9653551 -0.09204489 -0.2730847
v -0.9171922 -0.09180894 -0.4027408
v -0.844756 -0.08984963 -0.5149763
v -0.7656123 -0.08776952 -0.6124802
v -0.6904183 -0.08704328 -0.7055395
v -0.6126963 -0.08766426 -0.797242
v -0.5245497 -0.08940265 -0.8875279
v -0.4243829 -0.09296659 -0.9845625
v -0.2889552 -0.09253449 -1.024586
v -0.1436048 -0.09077416 -1.031649
v 1.287566e-08 -0.08943661 -1.025218
v 0.1367904 -0.08783995 -0.9983013
v 0.2526881 -0.08330454 -0.9223874
v 0.361891 -0.08263304 -0.8751249
v 0.4565803 -0.08177837 -0.8118393
v 0.5388987 -0.08100113 -0.7366458
v 0.6321236 -0.08284564 -0.6715146
v 0.7172477 -0.08407186 -0.5866766
v 0.7997228 -0.08531331 -0.4889761
v 0.9018483 -0.0887396 -0.3892765
v 0.9357365 -0.08637561 -0.2562642
v 0.9861621 -0.08663556 -0.1296264
v 0.9828452 -0.08362285 1.676025e-07
v 1.054823 -0.1783994 0
v 1.038099 -0.1749636 0.1294472
v 1.006049 -0.1734106 0.2544011
v 0.9689759 -0.1756881 0.3810916
v 0.9005585 -0.1765287 0.5003025
v 0.8006297 -0.1745839 0.6024188
v 0.681321 -0.1705304 0.683493
v 0.5573117 -0.1659691 0.7463477
v 0.4451962 -0.1647794 0.8088737
v 0.3454573 -0.1690204 0.8851192
v 0.2313634 -0.1680469 0.9200714
v 0.1229145 -0.1754793 0.9861473
v -4.308462e-08 -0.1808205 1.024932
v -0.1363626 -0.1877667 1.055199
v -0.2644268 -0.1797026 0.9838874
v -0.3938157 -0.1770965 0.927412
v -0.5223485 -0.176613 0.8669629
v -0.6268364 -0.1719001 0.7730187
v -0.70627 -0.1658734 0.6648276
v -0.7620173 -0.1601082 0.552469
v -0.8309431 -0.162347 0.46011
v -0.915116 -0.1712923 0.3715563
v -0.9219714 -0.1689358 0.2478364
v -0.955527 -0.1744881 0.1290953
v -0.9453101 -0.174468 -8.645451e-08
v -0.9668157 -0.1817995 -0.1345048
v -0.9598722 -0.1856562 -0.2723663
v -0.9084131 -0.1828139 -0.3965484
v -0.8372862 -0.1774956 -0.5030426
v -0.7569773 -0.1717891 -0.5927755
v -0.6762764 -0.168188 -0.6741048
v -0.5992571 -0.1692101 -0.7609218
v -0.512729 -0.1732189 -0.8503018
v -0.4046422 -0.1767853 -0.9257823
v -0.2888441 -0.1865486 -1.02137
v -0.1454121 -0.1871971 -1.051998
v 1.270268e-08 -0.181001 -1.025955
v 0.1291853 -0.1711531 -0.9618351
v 0.2536061 -0.1734103 -0.9494363
v 0.3560892 -0.1686192 -0.8830178
v 0.435437 -0.1613359 -0.7919703
v 0.5161995 -0.1593572 -0.7166143
v 0.6052225 -0.1613418 -0.6466644
v 0.7079406 -0.1667737 -0.575469
v 0.7897557 -0.1678129 -0.4756006
v 0.8433861 -0.1645074 -0.356839
v 0.9512347 -0.1731968 -0.2540874
v 0.9999073 -0.1734703 -0.1283419
v 1.054823 -0.1783994 1.768053e-07
v 1.029162 -0.2629122 0
v 1.027531 -0.2641578 0.1278518
v 1.021224 -0.2714109 0.2604768
v 0.9626212 -0.2709979 0.3845487
v 0.8642188 -0.2643654 0.4901402
v 0.7611106 -0.2599307 0.5867462
v 0.6521743 -0.2557193 0.6704928
v 0.5448965 -0.253093 0.7445476
v 0.4351446 -0.2493385 0.8006923
v 0.3280581 -0.2465297 0.8445594
v 0.2315634 -0.2549955 0.9133178
v 0.1200524 -0.2580378 0.9486314
v -4.366641e-08 -0.2741615 1.016605
v -0.1336634 -0.2749577 1.010834
v -0.268777 -0.273073 0.9780661
v -0.3848234 -0.2594896 0.8889573
v -0.5091435 -0.2599793 0.8348625
v -0.6225513 -0.2604509 0.7661928
v -0.6711937 -0.2422749 0.6352417
v -0.7285761 -0.2376694 0.5364953
v -0.8029789 -0.2452951 0.4547834
v -0.8503328 -0.2494224 0.3539326
v -0.9024926 -0.2589596 0.2485271
v -0.8968421 -0.2556525 0.1237351
v -0.9262214 -0.2644225 -8.571732e-08
v -0.9351561 -0.269714 -0.130541
v -0.9136008 -0.2687863 -0.2579582
v -0.8844531 -0.2681692 -0.3805346
v -0.8324863 -0.2639948 -0.489453
v -0.757466 -0.256277 -0.5784989
v -0.6702965 -0.248658 -0.6519782
v -0.5814762 -0.2458941 -0.7233697
v -0.497978 -0.2539571 -0.8155237
v -0.4031302 -0.2687513 -0.9206862
v -0.2761495 -0.2740297 -0.9814926
v -0.1406228 -0.2805507 -1.031396
v 1.201015e-08 -0.2668564 -0.9895169
v 0.1260451 -0.2616319 -0.9618447
v 0.2372111 -0.2541547 -0.910306
v 0.3461291 -0.2556249 -0.8757176
v 0.4223651 -0.2424457 -0.7785576
v 0.4871005 -0.2311288 -0.6799334
v 0.6005499 -0.2427554 -0.6365015
v 0.6963253 -0.2466952 -0.5568696
v 0.7738783 -0.2457439 -0.4556153
v 0.8573388 -0.2490526 -0.353408
v 0.9202603 -0.2499473 -0.2398777
v 1.010583 -0.2631874 -0.1273817
v 1.029163 -0.2629122 1.704555e-07
v 0.9673558 -0.337332 0
v 0.9728022 -0.3447903 0.1217844
v 0.909126 -0.3350624 0.2346717
v 0.8338351 -0.3277704 0.3394284
v 0.7938064 -0.3408407 0.4611691
v 0.6988609 -0.3351909 0.5521767
v 0.5934762 -0.325897 0.6235972
v 0.4946091 -0.3196667 0.6862821
v 0.4091367 -0.3225292 0.7558548
v 0.3198405 -0.3266561 0.8166667
v 0.2243094 -0.3330145 0.8704535
v 0.1220722 -0.3513583 0.9426652
v -4.156693e-08 -0.3492931 0.945211
v -0.1309287 -0.3610138 0.9685701
v -0.2608379 -0.356681 0.9323144
v -0.3914931 -0.3586255 0.8965927
v -0.4988381 -0.3485365 0.8168036
v -0.5761595 -0.3319485 0.7126495
v -0.6631636 -0.3338276 0.6387721
v -0.7105547 -0.3252198 0.5357506
v -0.7529824 -0.3234208 0.4375994
v -0.7933902 -0.3270109 0.3386417
v -0.8255451 -0.3315751 0.2322291
v -0.8761057 -0.345971 0.1222013
v -0.9127894 -0.3574566 -8.456421e-08
v -0.912053 -0.3577491 -0.1263616
v -0.9146335 -0.3626639 -0.2540035
v -0.8896081 -0.3615846 -0.3744452
v -0.8339882 -0.353752 -0.4786385
v -0.7628593 -0.3456709 -0.569441
v -0.6845691 -0.34202 -0.6544483
v -0.5961325 -0.3424522 -0.7351996
v -0.4929917 -0.3442158 -0.8066778
v -0.3840486 -0.3530576 -0.8826727
v -0.2623888 -0.3618896 -0.9459292
v -0.1272668 -0.35456 -0.951255
v 1.154534e-08 -0.3598954 -0.9739015
v 0.1179245 -0.3435272 -0.9216549
v 0.2251399 -0.3371941 -0.8813782
v 0.3124542 -0.3211439 -0.8028857
v 0.4008966 -0.3164392 -0.7415827
v 0.4985836 -0.3204588 -0.6879827
v 0.570649 -0.3109729 -0.59504
v 0.6717162 -0.3186347 -0.5249028
v 0.7658287 -0.3246678 -0.4392863
v 0.8593652 -0.3340698 -0.3459518
v 0.9313177 -0.3405581 -0.2385206
v 0.9597732 -0.3383135 -0.1194962
v 0.9673558 -0.337332 1.596066e-07
v 0.914077 -0.4164624 0
v 0.8737447 -0.4071539 0.1109018
v 0.8258752 -0.4032764 0.2178118
v 0.7768373 -0.4061826 0.3243721
v 0.7267323 -0.4145752 0.4325695
v 0.6473312 -0.4107551 0.5218102
v 0.555055 -0.400208 0.5905454
v 0.4624558 -0.3887199 0.6435553
v 0.3829565 -0.3885902 0.7022713
v 0.311458 -0.4051696 0.7811505
v 0.2197435 -0.4132973 0.8330841
v 0.1145106 -0.4171528 0.8630704
v -3.977714e-08 -0.4236203 0.8840141
v -0.1214612 -0.4261654 0.8817171
v -0.255843 -0.4496392 0.9063385
v -0.3816462 -0.4532149 0.8737798
v -0.4740008 -0.432719 0.7820222
v -0.5564931 -0.4228984 0.7001404
v -0.6209507 -0.4143689 0.6114411
v -0.6993681 -0.4256819 0.5407726
v -0.7181056 -0.4098018 0.4275889
v -0.7398556 -0.4035051 0.3222338
v -0.7619006 -0.4020344 0.2171409
v -0.8249685 -0.4234238 0.1153334
v -0.8539519 -0.4307784 -7.858888e-08
v -0.8910777 -0.4458479 -0.1214415
v -0.895012 -0.4504647 -0.2432988
v -0.8580542 -0.4418082 -0.3528222
v -0.8017138 -0.431165 -0.4498793
v -0.7365898 -0.4251601 -0.5401101
v -0.6651773 -0.426734 -0.6296871
v -0.58304 -0.4342665 -0.7189612
v -0.4789961 -0.4375066 -0.7906746
v -0.3553073 -0.4297623 -0.8285643
v -0.2369345 -0.4322373 -0.8712614
v -0.1179896 -0.4364262 -0.9029462
v 1.045903e-08 -0.4327457 -0.9030572
v 0.1109935 -0.4272441 -0.8839489
v 0.2009964 -0.3961938 -0.7986084
v 0.2855899 -0.3823059 -0.7370701
v 0.3864269 -0.3919162 -0.7082822
v 0.4793663 -0.3925025 -0.6498176
v 0.5739604 -0.3954129 -0.5834696
v 0.6399196 -0.3832737 -0.4868987
v 0.750975 -0.4030894 -0.4205849
v 0.8418503 -0.4168991 -0.3329301
v 0.9105501 -0.4276769 -0.2309906
v 0.9110917 -0.4156762 -0.1132228
v 0.9140769 -0.4164623 1.519542e-07
v 0.8348938 -0.4862606 0
v 0.7946201 -0.4764814 0.1031346
v 0.7631514 -0.4810167 0.2064511
v 0.7247403 -0.4883434 0.3099031
v 0.6730937 -0.4923694 0.4082461
v 0.6097983 -0.4919724 0.4966481
v 0.5367862 -0.4866899 0.5706873
v 0.4561549 -0.4768186 0.627308
v 0.3722873 -0.4662065 0.6695298
v 0.2917272 -0.4665353 0.7147609
v 0.2062923 -0.4760675 0.7625585
v 0.1053426 -0.4713879 0.7750111
v -3.675952e-08 -0.4834429 0.8016893
v -0.113801 -0.4972964 0.8176073
v -0.2353938 -0.5195397 0.8321917
v -0.3492596 -0.5254028 0.8049494
v -0.4479003 -0.5229893 0.7510768
v -0.5167164 -0.5050184 0.664408
v -0.5945859 -0.51165 0.5999553
v -0.6395017 -0.5013814 0.5061464
v -0.6874186 -0.5023442 0.4165167
v -0.6940987 -0.4815117 0.3055676
v -0.7316202 -0.4856638 0.2084456
v -0.7498678 -0.4810531 0.1041241
v -0.7853317 -0.4907843 -7.11502e-08
v -0.8123364 -0.5009238 -0.1084253
v -0.8025785 -0.496473 -0.2130852
v -0.7725151 -0.4889379 -0.3102804
v -0.7297763 -0.484476 -0.4017012
v -0.6745358 -0.4842539 -0.4888563
v -0.6072909 -0.4889946 -0.5733899
v -0.5285641 -0.4986296 -0.6560026
v -0.4366498 -0.5094206 -0.7315906
v -0.3277361 -0.5096115 -0.7807565
v -0.2129423 -0.5007198 -0.8020464
v -0.1061935 -0.5059089 -0.8317673
v 9.301683e-09 -0.4940588 -0.8192936
v 0.0977473 -0.4800541 -0.7892592
v 0.1838879 -0.4573565 -0.7325876
v 0.2702726 -0.4508519 -0.690733
v 0.3609884 -0.4525793 -0.6499596
v 0.4675342 -0.4699658 -0.6182923
v 0.5482502 -0.4629759 -0.5428804
v 0.642649 -0.473185 -0.4776821
v 0.7125254 -0.4724638 -0.3917412
v 0.8000973 -0.4937727 -0.3133485
v 0.831547 -0.4902258 -0.2104035
v 0.8556173 -0.495457 -0.1072416
v 0.8348938 -0.4862606 1.409888e-07
v 0.7319489 -0.5400832 0
v 0.7119194 -0.5427061 0.09478658
v 0.6867919 -0.5495188 0.1903107
v 0.6533899 -0.5559958 0.2847054
v 0.6123528 -0.5610235 0.3753492
v 0.5624708 -0.5626097 0.4582883
v 0.5021011 -0.5586134 0.5285435
v 0.4314715 -0.5485628 0.582341
v 0.3528848 -0.5343748 0.6192429
v 0.2708297 -0.5228259 0.6463337
v 0.1880156 -0.5247428 0.6782263
v 0.09832789 -0.5355203 0.7104425
v -3.377059e-08 -0.5447827 0.7289667
v -0.1034457 -0.5595189 0.74228
v -0.2050045 -0.5640002 0.7289662
v -0.3055811 -0.5778894 0.7144051
v -0.3971194 -0.5866346 0.6798024
v -0.4799848 -0.5953177 0.6319749
v -0.5358536 -0.5844882 0.5530255
v -0.5805799 -0.5743658 0.4678644
v -0.6111625 -0.5599964 0.374662
v -0.6490125 -0.5577574 0.2856072
v -0.680074 -0.5541191 0.1919038
v -0.7035208 -0.549177 0.09591667
v -0.7231591 -0.5473706 -6.403103e-08
v -0.7241652 -0.5397916 -0.0942776
v -0.711129 -0.5320507 -0.1842613
v -0.6880714 -0.5291258 -0.2709462
v -0.6536101 -0.5314374 -0.3555548
v -0.6068461 -0.5388818 -0.4389603
v -0.5473197 -0.5505111 -0.5208775
v -0.4747006 -0.5638838 -0.5986054
v -0.389827 -0.575735 -0.6671718
v -0.29401 -0.5802397 -0.7173106
v -0.1909053 -0.5693846 -0.7359256
v -0.09146176 -0.551133 -0.731155
v 8.070909e-09 -0.5384005 -0.7204269
v 0.08600634 -0.5251983 -0.6967489
v 0.1727455 -0.5267456 -0.6808149
v 0.2575356 -0.5218105 -0.6450784
v 0.345165 -0.5228363 -0.6058719
v 0.4306067 -0.5225542 -0.5547309
v 0.5267636 -0.5385831 -0.5095913
v 0.6126193 -0.5496226 -0.4477093
v 0.6873302 -0.560536 -0.3750228
v 0.7276056 -0.5558028 -0.2846065
v 0.7475759 -0.5504517 -0.1906336
v 0.7495557 -0.546129 -0.09538407
v 0.7319489 -0.5400832 1.263571e-07
v 0.6353062 -0.5933251 0
v 0.60928 -0.5874477 0.08318141
v 0.5868308 -0.591066 0.1659555
v 0.5663039 -0.6014233 0.2496774
v 0.5433575 -0.6145564 0.3333429
v 0.4999746 -0.6114272 0.403786
v 0.4505731 -0.6075387 0.4660348
v 0.3903609 -0.5978427 0.5145327
v 0.3236685 -0.589026 0.5533814
v 0.2536082 -0.5899299 0.5912554
v 0.1765009 -0.5975866 0.6261869
v 0.09021261 -0.6007152 0.6460953
v -3.052515e-08 -0.6075302 0.6590635
v -0.09037995 -0.6077851 0.6536992
v -0.1740456 -0.5997233 0.628426
v -0.2598783 -0.6192508 0.6206422
v -0.3408669 -0.6361223 0.5976275
v -0.4212597 -0.6588483 0.5670371
v -0.4732312 -0.6479583 0.4970401
v -0.5109096 -0.6300218 0.4160657
v -0.5393881 -0.6103314 0.3310511
v -0.5707341 -0.5999543 0.2490675
v -0.6145629 -0.6066498 0.1703309
v -0.639602 -0.6014222 0.0851601
v -0.6562845 -0.597274 -5.664448e-08
v -0.664025 -0.5964237 -0.08445243
v -0.6535972 -0.592707 -0.1664164
v -0.6281283 -0.5903313 -0.2450726
v -0.5924196 -0.594379 -0.3223983
v -0.5473782 -0.6055067 -0.3998762
v -0.4919035 -0.6211058 -0.476442
v -0.4244202 -0.6359279 -0.5473107
v -0.3438288 -0.6415831 -0.602758
v -0.2530555 -0.630523 -0.6319398
v -0.1624279 -0.6095403 -0.6387128
v -0.07905029 -0.5946628 -0.6395857
v 7.054882e-09 -0.5815512 -0.6308808
v 0.07813531 -0.5823097 -0.6262993
v 0.1623311 -0.5983129 -0.6269479
v 0.2427546 -0.5914916 -0.5928205
v 0.323603 -0.5889055 -0.5532681
v 0.3959767 -0.57864 -0.4980059
v 0.481986 -0.5972951 -0.4581769
v 0.5619719 -0.6165741 -0.407185
v 0.6267729 -0.6309449 -0.342232
v 0.6625376 -0.6305526 -0.2617702
v 0.6602415 -0.6099294 -0.1712517
v 0.653549 -0.6009011 -0.08508609
v 0.6353062 -0.593325 1.125399e-07
v 0.5542157 -0.6568158 0
v 0.529929 -0.6449653 0.07369143
v 0.5147352 -0.6485686 0.1469383
v 0.4874699 -0.6419431 0.2150399
v 0.4564578 -0.6347202 0.2778019
v 0.4525599 -0.6727192 0.3584791
v 0.4106171 -0.6696929 0.4145181
v 0.3589486 -0.6641949 0.4612592
v 0.2982883 -0.6578463 0.4986983
v 0.2326698 -0.6602201 0.5339332
v 0.1612196 -0.6718116 0.5680337
v 0.08090524 -0.668927 0.5805374
v -2.613711e-08 -0.650499 0.5694157
v -0.07708479 -0.6536133 0.5672472
v -0.1490999 -0.6518072 0.5511195
v -0.2156607 -0.6532015 0.5282571
v -0.291196 -0.6890044 0.5223186
v -0.3498147 -0.6908117 0.4797436
v -0.4068097 -0.6970322 0.4314403
v -0.4473121 -0.6832873 0.3641105
v -0.469392 -0.651782 0.2852694
v -0.5100839 -0.6517807 0.2183353
v -0.5356916 -0.6398632 0.144966
v -0.5543405 -0.6293362 0.07190564
v -0.5795832 -0.6384329 -4.885654e-08
v -0.5898668 -0.6453248 -0.07373253
v -0.57783 -0.6436046 -0.1458138
v -0.5513751 -0.6426116 -0.2152638
v -0.5155664 -0.6475028 -0.2833965
v -0.471144 -0.6573778 -0.350304
v -0.4182103 -0.6693555 -0.4143094
v -0.3573765 -0.6800553 -0.4722737
v -0.2889371 -0.6838433 -0.5184061
v -0.2136864 -0.6722552 -0.5436663
v -0.1378087 -0.6480647 -0.5479552
v -0.06855229 -0.6391636 -0.5547068
v 6.447662e-09 -0.6502771 -0.5692216
v 0.0714448 -0.6463522 -0.5609455
v 0.1467108 -0.6538658 -0.5528601
v 0.2252229 -0.662936 -0.5361297
v 0.2902426 -0.6394635 -0.4847628
v 0.3639467 -0.6486275 -0.4504482
v 0.4264881 -0.6492382 -0.4018573
v 0.4882988 -0.6639549 -0.3538087
v 0.5479798 -0.6902601 -0.3021102
v 0.5669464 -0.6799907 -0.2277852
v 0.5792574 -0.6787832 -0.1537835
v 0.5786596 -0.6761687 -0.07725634
v 0.5542157 -0.6568158 1.005266e-07
v 0.4788591 -0.7257587 0
v 0.470387 -0.7248235 0.06580991
v 0.4602774 -0.7266963 0.130831
v 0.4524495 -0.7382495 0.1965189
v 0.4316161 -0.7380467 0.2566937
v 0.4034749 -0.7367491 0.3119809
v 0.3681835 -0.7373828 0.3626931
v 0.3224968 -0.7353277 0.4057971
v 0.2671606 -0.7307913 0.4402358
v 0.2044021 -0.725105 0.465991
v 0.1370976 -0.7198457 0.4836648
v 0.06797476 -0.7144516 0.4927229
v -2.216272e-08 -0.7073346 0.4920239
v -0.06431097 -0.7026842 0.4846075
v -0.1250739 -0.7058814 0.4742822
v -0.1825399 -0.7119901 0.4575627
v -0.2369938 -0.7187555 0.4329853
v -0.2897176 -0.7269328 0.4011643
v -0.3368684 -0.7265376 0.3573588
v -0.377469 -0.7182112 0.3041309
v -0.4142347 -0.7091935 0.2466585
v -0.444582 -0.6974208 0.1856503
v -0.4682359 -0.6857201 0.1234537
v -0.4866067 -0.6793284 0.06167915
v -0.4968045 -0.6768571 -4.116072e-08
v -0.4957108 -0.676025 -0.06137931
v -0.4830928 -0.6773358 -0.1219445
v -0.4600946 -0.6817141 -0.1814693
v -0.4279763 -0.6888765 -0.2395922
v -0.3880285 -0.6975008 -0.2953611
v -0.3416721 -0.705808 -0.3471626
v -0.2904328 -0.7121173 -0.3929882
v -0.2357673 -0.715229 -0.430861
v -0.1788182 -0.7145142 -0.4591849
v -0.120419 -0.7105221 -0.4774003
v -0.06105178 -0.7066351 -0.4873323
v 5.686041e-09 -0.7070436 -0.4918216
v 0.06387946 -0.7091899 -0.4890941
v 0.1294724 -0.707987 -0.4756969
v 0.1952917 -0.7073846 -0.454603
v 0.2591486 -0.7077552 -0.4263586
v 0.3171192 -0.7061238 -0.3896806
v 0.3699603 -0.7104988 -0.3494697
v 0.4156585 -0.7189813 -0.3044571
v 0.4491789 -0.7240728 -0.2518334
v 0.4718623 -0.7286116 -0.1939533
v 0.4839207 -0.7313889 -0.1316757
v 0.4848336 -0.7292667 -0.0662131
v 0.4788591 -0.7257587 8.8269e-08
v 0.3971557 -0.7856272 0
v 0.3938788 -0.7842301 0.05490933
v 0.3862565 -0.7808204 0.1084058
v 0.3753571 -0.7791064 0.1599342
v 0.3596585 -0.7789584 0.2089244
v 0.3370175 -0.778998 0.2543832
v 0.3061967 -0.7786239 0.2953369
v 0.2672733 -0.7784898 0.3313024
v 0.22117 -0.7793698 0.3620589
v 0.1689744 -0.7795237 0.3863222
v 0.1123549 -0.7739089 0.4009947
v 0.05484105 -0.7615472 0.4050143
v -1.780804e-08 -0.7547249 0.4048496
v -0.05260822 -0.7642854 0.4064706
v -0.1032657 -0.7724286 0.4002277
v -0.1477572 -0.7597681 0.3765316
v -0.189023 -0.7500029 0.3484163
v -0.2337694 -0.7594933 0.323218
v -0.2740684 -0.7579078 0.2874791
v -0.3061725 -0.7411478 0.2420231
v -0.3414775 -0.7398218 0.1984276
v -0.3777176 -0.7492401 0.1538032
v -0.4009156 -0.7451255 0.10345
v -0.4099505 -0.7308472 0.05117158
v -0.4120156 -0.7228386 -3.389775e-08
v -0.4087926 -0.7250304 -0.05076438
v -0.3976586 -0.7321146 -0.1016437
v -0.3774825 -0.7399787 -0.1519021
v -0.3495542 -0.7476967 -0.2005397
v -0.31587 -0.7551484 -0.2465952
v -0.2779277 -0.7613572 -0.2887876
v -0.2365747 -0.7644442 -0.325325
v -0.1925397 -0.7631146 -0.3545074
v -0.1469432 -0.7594431 -0.3763705
v -0.1005437 -0.7595478 -0.3935536
v -0.0521048 -0.7658847 -0.4073211
v 4.879776e-09 -0.7676085 -0.4117605
v 0.05375953 -0.7548858 -0.4014716
v 0.1075278 -0.7458647 -0.3864637
v 0.1641364 -0.7595952 -0.3764458
v 0.2190645 -0.7715196 -0.3584121
v 0.2637893 -0.764181 -0.325213
v 0.3042989 -0.766895 -0.290888
v 0.3425026 -0.7830999 -0.2557227
v 0.3655151 -0.7820542 -0.2097547
v 0.374643 -0.7688785 -0.1578346
v 0.3834836 -0.7687436 -0.106729
v 0.3932609 -0.7794286 -0.05457296
v 0.3971557 -0.7856272 7.36845e-08
v 0.3049409 -0.8240091 0
v 0.3061424 -0.8247968 0.04214467
v 0.3043219 -0.8263085 0.0837214
v 0.2979343 -0.8274884 0.1239651
v 0.2856426 -0.8279114 0.1620511
v 0.2665401 -0.8274589 0.197193
v 0.2403595 -0.8261166 0.228678
v 0.2076098 -0.8239531 0.2558981
v 0.1695625 -0.8212425 0.2784198
v 0.1280465 -0.8187171 0.296106
v 0.08502337 -0.8176564 0.3091809
v 0.04204103 -0.8190529 0.3178913
v -1.380922e-08 -0.8216413 0.3216476
v -0.04038471 -0.821112 0.3186904
v -0.07818182 -0.8138347 0.3077358
v -0.1131134 -0.8022678 0.2901568
v -0.1463999 -0.7929946 0.2688431
v -0.1791677 -0.787836 0.2446811
v -0.210592 -0.7822818 0.216544
v -0.2393803 -0.7744839 0.1845684
v -0.2656766 -0.7690188 0.1505237
v -0.2894875 -0.7696575 0.1153015
v -0.3087315 -0.7742675 0.07844859
v -0.3204711 -0.7784833 0.03977816
v -0.3231921 -0.7805422 -2.671277e-08
v -0.3172902 -0.7814895 -0.03993182
v -0.3041805 -0.7829301 -0.0793264
v -0.2854871 -0.7856404 -0.1176959
v -0.262704 -0.7895223 -0.154537
v -0.2370509 -0.7940274 -0.189226
v -0.2093532 -0.7985048 -0.2210348
v -0.179964 -0.8023791 -0.2491978
v -0.1487792 -0.8051507 -0.2729643
v -0.1153796 -0.8061936 -0.2915767
v -0.07934605 -0.8046274 -0.3042542
v -0.04068952 -0.8000364 -0.3105105
v 3.776232e-09 -0.794286 -0.3109388
v 0.04204886 -0.7921609 -0.3074538
v 0.08508264 -0.7975419 -0.3015749
v 0.1281144 -0.8079684 -0.2922185
v 0.1686627 -0.8166459 -0.2768614
v 0.2043385 -0.8214277 -0.2551138
v 0.2347372 -0.8265034 -0.228785
v 0.2600215 -0.8335137 -0.198636
v 0.2790912 -0.8378586 -0.163998
v 0.2912124 -0.835946 -0.1252322
v 0.2979857 -0.8302502 -0.08412071
v 0.3020895 -0.8255559 -0.04218331
v 0.3049409 -0.8240091 5.640071e-08
v 0.215259 -0.8767528 0
v 0.2174432 -0.8773796 0.02932793
v 0.2164911 -0.8777345 0.05817758
v 0.2114999 -0.8776595 0.08601258
v 0.2017732 -0.8771861 0.1123202
v 0.1869859 -0.8763683 0.136625
v 0.1672907 -0.8751816 0.1584818
v 0.1433361 -0.8734988 0.1774701
v 0.1161827 -0.8711509 0.1932059
v 0.08712856 -0.868076 0.2053853
v 0.05746931 -0.8644992 0.2138477
v 0.02823538 -0.8609553 0.2185976
v -9.238724e-09 -0.8579121 0.2197046
v -0.02711171 -0.8550444 0.2170968
v -0.05316984 -0.8508269 0.2104657
v -0.07814665 -0.8433142 0.1995267
v -0.1018966 -0.8319805 0.1845185
v -0.1244031 -0.8189433 0.166386
v -0.1458446 -0.807945 0.1463063
v -0.1661893 -0.8017146 0.1249865
v -0.184704 -0.8002222 0.1024653
v -0.1999964 -0.8013328 0.07853236
v -0.2106212 -0.8028107 0.05321149
v -0.2157116 -0.8036707 0.02686406
v -0.2151998 -0.8041219 -1.800291e-08
v -0.2096597 -0.8047819 -0.02690124
v -0.2000208 -0.8060532 -0.05342649
v -0.1873154 -0.8079628 -0.07918215
v -0.1724802 -0.8102949 -0.1037551
v -0.1562023 -0.8127861 -0.1267126
v -0.1388227 -0.8152638 -0.1476317
v -0.120321 -0.8177057 -0.1661345
v -0.100389 -0.8202066 -0.1819073
v -0.07858506 -0.8228417 -0.194683
v -0.054545 -0.8254788 -0.2041954
v -0.02821184 -0.8277319 -0.2101622
v 2.632125e-09 -0.8293041 -0.2123783
v 0.02923659 -0.8306791 -0.2109104
v 0.05847017 -0.8335024 -0.2061801
v 0.08680121 -0.8397885 -0.1986925
v 0.1134852 -0.8500848 -0.1885338
v 0.1376953 -0.8622627 -0.1751872
v 0.1584686 -0.8725592 -0.1580069
v 0.1751291 -0.8782367 -0.1369162
v 0.187794 -0.8793439 -0.1125965
v 0.1973462 -0.8780649 -0.08605231
v 0.204834 -0.8767053 -0.05810932
v 0.2108407 -0.8763219 -0.02929248
v 0.215259 -0.8767528 3.925799e-08
v 0.1116627 -0.9019359 0
v 0.1129168 -0.9006854 0.0148872
v 0.1121751 -0.8993375 0.0294755
v 0.1090504 -0.8980235 0.04351807
v 0.1033094 -0.8967894 0.05678096
v 0.09495321 -0.8956398 0.06904349
v 0.08424158 -0.8945666 0.08010136
v 0.07165232 -0.893556 0.08976988
v 0.05778946 -0.8925731 0.09788512
v 0.04326607 -0.8915269 0.1043019
v 0.02859532 -0.8902307 0.1088902
v 0.01412021 -0.8883748 0.1115339
v -4.651283e-09 -0.8855484 0.1121385
v -0.01374894 -0.8813291 0.1106494
v -0.0271768 -0.8754385 0.1070808
v -0.04031789 -0.8679112 0.101539
v -0.05312514 -0.8591943 0.09422459
v -0.06543329 -0.8501043 0.08540456
v -0.0769503 -0.8416268 0.07536102
v -0.08727602 -0.83464 0.06434109
v -0.09594961 -0.8296788 0.0525318
v -0.1025264 -0.8268405 0.04006853
v -0.1066709 -0.82585 0.02706696
v -0.1082415 -0.8262249 0.01365645
v -0.1073326 -0.8274524 -9.160304e-09
v -0.1042562 -0.8291107 -0.01370417
v -0.09946366 -0.8309135 -0.02723295
v -0.09343067 -0.8326969 -0.04035235
v -0.08654132 -0.8343791 -0.0528294
v -0.07900552 -0.8359195 -0.06443977
v -0.07083283 -0.8372939 -0.07497307
v -0.06186859 -0.8384919 -0.08423794
v -0.05188032 -0.8395342 -0.09206855
v -0.04066806 -0.8405088 -0.09833315
v -0.02816528 -0.8416122 -0.1029433
v -0.01450005 -0.8431721 -0.1058588
v 1.345274e-09 -0.8456251 -0.1070829
v 0.01485826 -0.8494228 -0.1066436
v 0.02953368 -0.8548737 -0.1045654
v 0.04351199 -0.8619719 -0.1008441
v 0.0563789 -0.8702949 -0.09544197
v 0.06786444 -0.8790483 -0.08831239
v 0.07785819 -0.8872637 -0.07944743
v 0.08639719 -0.8940769 -0.06892301
v 0.09362406 -0.8989636 -0.05691859
v 0.09971526 -0.9018328 -0.04370267
v 0.1047918 -0.902962 -0.02959426
v 0.1088382 -0.9028291 -0.01492258
v 0.1116627 -0.9019359 1.996974e-08
v -9.194796e-08 -0.8729625 0
v -9.315148e-08 -0.8729625 -1.200162e-08
v -9.239757e-08 -0.8729625 -2.379788e-08
v -8.942604e-08 -0.8729625 -3.518696e-08
v -8.417189e-08 -0.8729625 -4.597398e-08
v -7.679188e-08 -0.8729625 -5.597438e-08
v -6.763971e-08 -0.8729625 -6.501703e-08
v -5.719635e-08 -0.8729625 -7.294722e-08
v -4.597398e-08 -0.8729625 -7.962927e-08
v -3.441879e-08 -0.8729625 -8.494884e-08
v -2.283792e-08 -0.8729625 -8.881491e-08
v -1.136907e-08 -0.8729625 -9.116134e-08
v 3.789891e-15 -0.8729625 -9.194796e-08
v 1.136909e-08 -0.8729625 -9.116133e-08
v 2.283791e-08 -0.8729625 -8.881491e-08
v 3.441881e-08 -0.8729627 -8.494884e-08
v 4.597399e-08 -0.8729627 -7.962928e-08
v 5.719636e-08 -0.8729627 -7.294723e-08
v 6.763972e-08 -0.8729627 -6.501703e-08
v 7.679191e-08 -0.8729627 -5.597436e-08
v 8.41719e-08 -0.8729627 -4.597399e-08
v 8.942605e-08 -0.8729627 -3.518695e-08
v 9.239757e-08 -0.8729627 -2.379788e-08
v 9.315149e-08 -0.8729627 -1.200161e-08
v 9.194796e-08 -0.8729627 8.038347e-15
v 8.91712e-08 -0.8729627 1.200163e-08
v 8.523227e-08 -0.8729627 2.379791e-08
v 8.047164e-08 -0.8729627 3.518696e-08
v 7.508666e-08 -0.8729627 4.597398e-08
v 6.910257e-08 -0.8729627 5.59744e-08
v 6.239434e-08 -0.8729627 6.501705e-08
v 5.475242e-08 -0.8729627 7.294722e-08
v 4.597398e-08 -0.8729627 7.962928e-08
v 3.59551e-08 -0.8729627 8.494887e-08
v 2.475785e-08 -0.8729627 8.881492e-08
v 1.263413e-08 -0.8729627 9.116135e-08
v -1.159019e-15 -0.8729627 9.194797e-08
v -1.263418e-08 -0.8729627 9.116134e-08
v -2.47579e-08 -0.8729627 8.881491e-08
v -3.595514e-08 -0.8729627 8.494884e-08
v -4.597398e-08 -0.8729627 7.962928e-08
v -5.475241e-08 -0.8729625 7.294722e-08
v -6.239436e-08 -0.8729625 6.501701e-08
v -6.910257e-08 -0.8729625 5.597437e-08
v -7.508667e-08 -0.8729625 4.597396e-08
v -8.047165e-08 -0.8729625 3.518696e-08
v -8.523228e-08 -0.8729625 2.379787e-08
v -8.917119e-08 -0.8729625 1.200158e-08
v -9.194797e-08 -0.8729625 -1.607669e-14
vt 0 0
vt 0.02083333 0
vt 0.04166667 0
vt 0.0625 0
vt 0.08333334 0
vt 0.1041667 0
vt 0.125 0
vt 0.1458333 0
vt 0.1666667 0
vt 0.1875 0
vt 0.2083333 0
vt 0.2291667 0
vt 0.25 0
vt 0.2708333 0
vt 0.2916667 0
vt 0.3125 0
vt 0.3333333 0
vt 0.3541667 0
vt 0.375 0
vt 0.3958333 0
vt 0.4166667 0
vt 0.4375 0
vt 0.4583333 0
vt 0.4791667 0
vt 0.5 0
vt 0.5208333 0
vt 0.5416667 0
vt 0.5625 0
vt 0.5833333 0
vt 0.6041667 0
vt 0.625 0
vt 0.6458333 0
vt 0.6666667 0
vt 0.6875 0
vt 0.7083333 0
vt 0.7291667 0
vt 0.75 0
vt 0.7708333 0
vt 0.7916667 0
vt 0.8125 0
vt 0.8333333 0
vt 0.8541667 0
vt 0.875 0
vt 0.8958333 0
vt 0.9166667 0
vt 0.9375 0
vt 0.9583333 0
vt 0.9791667 0
vt 1 0
vt 0 0.03333334
vt 0.02083333 0.03333334
vt 0.04166667 0.03333334
vt 0.0625 0.03333334
vt 0.08333334 0.03333334
vt 0.1041667 0.03333334
vt 0.125 0.03333334
vt 0.1458333 0.03333334
vt 0.1666667 0.03333334
vt 0.1875 0.03333334
vt 0.2083333 0.03333334
vt 0.2291667 0.03333334
vt 0.25 0.03333334
vt 0.2708333 0.03333334
vt 0.2916667 0.03333334
vt 0.3125 0.03333334
vt 0.3333333 0.03333334
vt 0.3541667 0.03333334
vt 0.375 0.03333334
vt 0.3958333 0.03333334
vt 0.4166667 0.03333334
vt 0.4375 0.03333334
vt 0.4583333 0.03333334
vt 0.4791667 0.03333334
vt 0.5 0.03333334
vt 0.5208333 0.03333334
vt 0.5416667 0.03333334
vt 0.5625 0.03333334
vt 0.5833333 0.03333334
vt 0.6041667 0.03333334
vt 0.625 0.03333334
vt 0.6458333 0.03333334
vt 0.6666667 0.03333334
vt 0.6875 0.03333334
vt 0.7083333 0.03333334
vt 0.7291667 0.03333334
vt 0.75 0.03333334
vt 0.7708333 0.03333334
vt 0.7916667 0.03333334
vt 0.8125 0.03333334
vt 0.8333333 0.03333334
vt 0.8541667 0.03333334
vt 0.875 0.03333334
vt 0.8958333 0.03333334
vt 0.9166667 0.03333334
vt 0.9375 0.03333334
vt 0.9583333 0.03333334
vt 0.9791667 0.03333334
vt 1 0.03333334
vt 0 0.06666667
vt 0.02083333 0.06666667
vt 0.04166667 0.06666667
vt 0.0625 0.06666667
vt 0.08333334 0.06666667
vt 0.1041667 0.06666667
vt 0.125 0.06666667
vt 0.1458333 0.06666667
vt 0.1666667 0.06666667
vt 0.1875 0.06666667
vt 0.2083333 0.06666667
vt 0.2291667 0.06666667
vt 0.25 0.06666667
vt 0.2708333 0.06666667
vt 0.2916667 0.06666667
vt 0.3125 0.06666667
vt 0.3333333 0.06666667
vt 0.3541667 0.06666667
vt 0.375 0.06666667
vt 0.3958333 0.06666667
vt 0.4166667 0.06666667
vt 0.4375 0.06666667
vt 0.4583333 0.06666667
vt 0.4791667 0.06666667
vt 0.5 0.06666667
vt 0.5208333 0.06666667
vt 0.5416667 0.06666667
vt 0.5625 0.06666667
vt 0.5833333 0.06666667
vt 0.6041667 0.06666667
vt 0.625 0.06666667
vt 0.6458333 0.06666667
vt 0.6666667 0.06666667
vt 0.6875 0.06666667
vt 0.7083333 0.06666667
vt 0.7291667 0.06666667
vt 0.75 0.06666667
vt 0.7708333 0.06666667
vt 0.7916667 0.06666667
vt 0.8125 0.06666667
vt 0.8333333 0.06666667
vt 0.8541667 0.06666667
vt 0.875 0.06666667
vt 0.8958333 0.06666667
vt 0.9166667 0.06666667
vt 0.9375 0.06666667
vt 0.9583333 0.06666667
vt 0.9791667 0.06666667
vt 1 0.06666667
vt 0 0.1
vt 0.02083333 0.1
vt 0.04166667 0.1
vt 0.0625 0.1
vt 0.08333334 0.1
vt 0.1041667 0.1
vt 0.125 0.1
vt 0.1458333 0.1
vt 0.1666667 0.1
vt 0.1875 0.1
vt 0.2083333 0.1
vt 0.2291667 0.1
vt 0.25 0.1
vt 0.2708333 0.1
vt 0.2916667 0.1
vt 0.3125 0.1
vt 0.3333333 0.1
vt 0.3541667 0.1
vt 0.375 0.1
vt 0.3958333 0.1
vt 0.4166667 0.1
vt 0.4375 0.1
vt 0.4583333 0.1
vt 0.4791667 0.1
vt 0.5 0.1
vt 0.5208333 0.1
vt 0.5416667 0.1
vt 0.5625 0.1
vt 0.5833333 0.1
vt 0.6041667 0.1
vt 0.625 0.1
vt 0.6458333 0.1
vt 0.6666667 0.1
vt 0.6875 0.1
vt 0.7083333 0.1
vt 0.7291667 0.1
vt 0.75 0.1
vt 0.7708333 0.1
vt 0.7916667 0.1
vt 0.8125 0.1
vt 0.8333333 0.1
vt 0.8541667 0.1
vt 0.875 0.1
vt 0.8958333 0.1
vt 0.9166667 0.1
vt 0.9375 0.1
vt 0.9583333 0.1
vt 0.9791667 0.1
vt 1 0.1
vt 0 0.1333333
vt 0.02083333 0.1333333
vt 0.04166667 0.1333333
vt 0.0625 0.1333333
vt 0.08333334 0.1333333
vt 0.1041667 0.1333333
vt 0.125 0.1333333
vt 0.1458333 0.1333333
vt 0.1666667 0.1333333
vt 0.1875 0.1333333
vt 0.2083333 0.1333333
vt 0.2291667 0.1333333
vt 0.25 0.1333333
vt 0.2708333 0.1333333
vt 0.2916667 0.1333333
vt 0.3125 0.1333333
vt 0.3333333 0.1333333
vt 0.3541667 0.1333333
vt 0.375 0.1333333
vt 0.3958333 0.1333333
vt 0.4166667 0.1333333
vt 0.4375 0.1333333
vt 0.4583333 0.1333333
vt 0.4791667 0.1333333
vt 0.5 0.1333333
vt 0.5208333 0.1333333
vt 0.5416667 0.1333333
vt 0.5625 0.1333333
vt 0.5833333 0.1333333
vt 0.6041667 0.1333333
vt 0.625 0.1333333
vt 0.6458333 0.1333333
vt 0.6666667 0.1333333
vt 0.6875 0.1333333
vt 0.7083333 0.1333333
vt 0.7291667 0.1333333
vt 0.75 0.1333333
vt 0.7708333 0.1333333
vt 0.7916667 0.1333333
vt 0.8125 0.1333333
vt 0.8333333 0.1333333
vt 0.8541667 0.1333333
vt 0.875 0.1333333
vt 0.8958333 0.1333333
vt 0.9166667 0.1333333
vt 0.9375 0.1333333
vt 0.9583333 0.1333333
vt 0.9791667 0.1333333
vt 1 0.1333333
vt 0 0.1666667
vt 0.02083333 0.1666667
vt 0.04166667 0.1666667
vt 0.0625 0.1666667
vt 0.08333334 0.1666667
vt 0.1041667 0.1666667
vt 0.125 0.1666667
vt 0.1458333 0.1666667
vt 0.1666667 0.1666667
vt 0.1875 0.1666667
vt 0.2083333 0.1666667
vt 0.2291667 0.1666667
vt 0.25 0.1666667
vt 0.2708333 0.1666667
vt 0.2916667 0.1666667
vt 0.3125 0.1666667
vt 0.3333333 0.1666667
vt 0.3541667 0.1666667
vt 0.375 0.1666667
vt 0.3958333 0.1666667
vt 0.4166667 0.1666667
vt 0.4375 0.1666667
vt 0.4583333 0.1666667
vt 0.4791667 0.1666667
vt 0.5 0.1666667
vt 0.5208333 0.1666667
vt 0.5416667 0.1666667
vt 0.5625 0.1666667
vt 0.5833333 0.1666667
vt 0.6041667 0.1666667
vt 0.625 0.1666667
vt 0.6458333 0.1666667
vt 0.6666667 0.1666667
vt 0.6875 0.1666667
vt 0.7083333 0.1666667
vt 0.7291667 0.1666667
vt 0.75 0.1666667
vt 0.7708333 0.1666667
vt 0.7916667 0.1666667
vt 0.8125 0.1666667
vt 0.8333333 0.1666667
vt 0.8541667 0.1666667
vt 0.875 0.1666667
vt 0.8958333 0.1666667
vt 0.9166667 0.1666667
vt 0.9375 0.1666667
vt 0.9583333 0.1666667
vt 0.9791667 0.1666667
vt 1 0.1666667
vt 0 0.2
vt 0.02083333 0.2
vt 0.04166667 0.2
vt 0.0625 0.2
vt 0.08333334 0.2
vt 0.1041667 0.2
vt 0.125 0.2
vt 0.1458333 0.2
vt 0.1666667 0.2
vt 0.1875 0.2
vt 0.2083333 0.2
vt 0.2291667 0.2
vt 0.25 0.2
vt 0.2708333 0.2
vt 0.2916667 0.2
vt 0.3125 0.2
vt 0.3333333 0.2
vt 0.3541667 0.2
vt 0.375 0.2
vt 0.3958333 0.2
vt 0.4166667 0.2
vt 0.4375 0.2
vt 0.4583333 0.2
vt 0.4791667 0.2
vt 0.5 0.2
vt 0.5208333 0.2
vt 0.5416667 0.2
vt 0.5625 0.2
vt 0.5833333 0.2
vt 0.6041667 0.2
vt 0.625 0.2
vt 0.6458333 0.2
vt 0.6666667 0.2
vt 0.6875 0.2
vt 0.7083333 0.2
vt 0.7291667 0.2
vt 0.75 0.2
vt 0.7708333 0.2
vt 0.7916667 0.2
vt 0.8125 0.2
vt 0.8333333 0.2
vt 0.8541667 0.2
vt 0.875 0.2
vt 0.8958333 0.2
vt 0.9166667 0.2
vt 0.9375 0.2
vt 0.9583333 0.2
vt 0.9791667 0.2
vt 1 0.2
vt 0 0.2333333
vt 0.02083333 0.2333333
vt 0.04166667 0.2333333
vt 0.0625 0.2333333
vt 0.08333334 0.2333333
vt 0.1041667 0.2333333
vt 0.125 0.2333333
vt 0.1458333 0.2333333
vt 0.1666667 0.2333333
vt 0.1875 0.2333333
vt 0.2083333 0.2333333
vt 0.2291667 0.2333333
vt 0.25 0.2333333
vt 0.2708333 0.2333333
vt 0.2916667 0.2333333
vt 0.3125 0.2333333
vt 0.3333333 0.2333333
vt 0.3541667 0.2333333
vt 0.375 0.2333333
vt 0.3958333 0.2333333
vt 0.4166667 0.2333333
vt 0.4375 0.2333333
vt 0.4583333 0.2333333
vt 0.4791667 0.2333333
vt 0.5 0.2333333
vt 0.5208333 0.2333333
vt 0.5416667 0.2333333
vt 0.5625 0.2333333
vt 0.5833333 0.2333333
vt 0.6041667 0.2333333
vt 0.625 0.2333333
vt 0.6458333 0.2333333
vt 0.6666667 0.2333333
vt 0.6875 0.2333333
vt 0.7083333 0.2333333
vt 0.7291667 0.2333333
vt 0.75 0.2333333
vt 0.7708333 0.2333333
vt 0.7916667 0.2333333
vt 0.8125 0.2333333
vt 0.8333333 0.2333333
vt 0.8541667 0.2333333
vt 0.875 0.2333333
vt 0.8958333 0.2333333
vt 0.9166667 0.2333333
vt 0.9375 0.2333333
vt 0.9583333 0.2333333
vt 0.9791667 0.2333333
vt 1 0.2333333
vt 0 0.2666667
vt 0.02083333 0.2666667
vt 0.04166667 0.2666667
vt 0.0625 0.2666667
vt 0.08333334 0.2666667
vt 0.1041667 0.2666667
vt 0.125 0.2666667
vt 0.1458333 0.2666667
vt 0.1666667 0.2666667
vt 0.1875 0.2666667
vt 0.2083333 0.2666667
vt 0.2291667 0.2666667
vt 0.25 0.2666667
vt 0.2708333 0.2666667
vt 0.2916667 0.2666667
vt 0.3125 0.2666667
vt 0.3333333 0.2666667
vt 0.3541667 0.2666667
vt 0.375 0.2666667
vt 0.3958333 0.2666667
vt 0.4166667 0.2666667
vt 0.4375 0.2666667
vt 0.4583333 0.2666667
vt 0.4791667 0.2666667
vt 0.5 0.2666667
vt 0.5208333 0.2666667
vt 0.5416667 0.2666667
vt 0.5625 0.2666667
vt 0.5833333 0.2666667
vt 0.6041667 0.2666667
vt 0.625 0.2666667
vt 0.6458333 0.2666667
vt 0.6666667 0.2666667
vt 0.6875 0.2666667
vt 0.7083333 0.2666667
vt 0.7291667 0.2666667
vt 0.75 0.2666667
vt 0.7708333 0.2666667
vt 0.7916667 0.2666667
vt 0.8125 0.2666667
vt 0.8333333 0.2666667
vt 0.8541667 0.2666667
vt 0.875 0.2666667
vt 0.8958333 0.2666667
vt 0.9166667 0.2666667
vt 0.9375 0.2666667
vt 0.9583333 0.2666667
vt 0.9791667 0.2666667
vt 1 0.2666667
vt 0 0.3
vt 0.02083333 0.3
vt 0.04166667 0.3
vt 0.0625 0.3
vt 0.08333334 0.3
vt 0.1041667 0.3
vt 0.125 0.3
vt 0.1458333 0.3
vt 0.1666667 0.3
vt 0.1875 0.3
vt 0.2083333 0.3
vt 0.2291667 0.3
vt 0.25 0.3
vt 0.2708333 0.3
vt 0.2916667 0.3
vt 0.3125 0.3
vt 0.3333333 0.3
vt 0.3541667 0.3
vt 0.375 0.3
vt 0.3958333 0.3
vt 0.4166667 0.3
vt 0.4375 0.3
vt 0.4583333 0.3
vt 0.4791667 0.3
vt 0.5 0.3
vt 0.5208333 0.3
vt 0.5416667 0.3
vt 0.5625 0.3
vt 0.5833333 0.3
vt 0.6041667 0.3
vt 0.625 0.3
vt 0.6458333 0.3
vt 0.6666667 0.3
vt 0.6875 0.3
vt 0.7083333 0.3
vt 0.7291667 0.3
vt 0.75 0.3
vt 0.7708333 0.3
vt 0.7916667 0.3
vt 0.8125 0.3
vt 0.8333333 0.3
vt 0.8541667 0.3
vt 0.875 0.3
vt 0.8958333 0.3
vt 0.9166667 0.3
vt 0.9375 0.3
vt 0.9583333 0.3
vt 0.9791667 0.3
vt 1 0.3
vt 0 0.3333333
vt 0.02083333 0.3333333
vt 0.04166667 0.3333333
vt 0.0625 0.3333333
vt 0.08333334 0.3333333
vt 0.1041667 0.3333333
vt 0.125 0.3333333
vt 0.1458333 0.3333333
vt 0.1666667 0.3333333
vt 0.1875 0.3333333
vt 0.2083333 0.3333333
vt 0.2291667 0.3333333
vt 0.25 0.3333333
vt 0.2708333 0.3333333
vt 0.2916667 0.3333333
vt 0.3125 0.3333333
vt 0.3333333 0.3333333
vt 0.3541667 0.3333333
vt 0.375 0.3333333
vt 0.3958333 0.3333333
vt 0.4166667 0.3333333
vt 0.4375 0.3333333
vt 0.4583333 0.3333333
vt 0.4791667 0.3333333
vt 0.5 0.3333333
vt 0.5208333 0.3333333
vt 0.5416667 0.3333333
vt 0.5625 0.3333333
vt 0.5833333 0.3333333
vt 0.6041667 0.3333333
vt 0.625 0.3333333
vt 0.6458333 0.3333333
vt 0.6666667 0.3333333
vt 0.6875 0.3333333
vt 0.7083333 0.3333333
vt 0.7291667 0.3333333
vt 0.75 0.3333333
vt 0.7708333 0.3333333
vt 0.7916667 0.3333333
vt 0.8125 0.3333333
vt 0.8333333 0.3333333
vt 0.8541667 0.3333333
vt 0.875 0.3333333
vt 0.8958333 0.3333333
vt 0.9166667 0.3333333
vt 0.9375 0.3333333
vt 0.9583333 0.3333333
vt 0.9791667 0.3333333
vt 1 0.3333333
vt 0 0.3666667
vt 0.02083333 0.3666667
vt 0.04166667 0.3666667
vt 0.0625 0.3666667
vt 0.08333334 0.3666667
vt 0.1041667 0.3666667
vt 0.125 0.3666667
vt 0.1458333 0.3666667
vt 0.1666667 0.3666667
vt 0.1875 0.3666667
vt 0.2083333 0.3666667
vt 0.2291667 0.3666667
vt 0.25 0.3666667
vt 0.2708333 0.3666667
vt 0.2916667 0.3666667
vt 0.3125 0.3666667
vt 0.3333333 0.3666667
vt 0.3541667 0.3666667
vt 0.375 0.3666667
vt 0.3958333 0.3666667
vt 0.4166667 0.3666667
vt 0.4375 0.3666667
vt 0.4583333 0.3666667
vt 0.4791667 0.3666667
vt 0.5 0.3666667
vt 0.5208333 0.3666667
vt 0.5416667 0.3666667
vt 0.5625 0.3666667
vt 0.5833333 0.3666667
vt 0.6041667 0.3666667
vt 0.625 0.3666667
vt 0.6458333 0.3666667
vt 0.6666667 0.3666667
vt 0.6875 0.3666667
vt 0.7083333 0.3666667
vt 0.7291667 0.3666667
vt 0.75 0.3666667
vt 0.7708333 0.3666667
vt 0.7916667 0.3666667
vt 0.8125 0.3666667
vt 0.8333333 0.3666667
vt 0.8541667 0.3666667
vt 0.875 0.3666667
vt 0.8958333 0.3666667
vt 0.9166667 0.3666667
vt 0.9375 0.3666667
vt 0.9583333 0.3666667
vt 0.9791667 0.3666667
vt 1 0.3666667
vt 0 0.4
vt 0.02083333 0.4
vt 0.04166667 0.4
vt 0.0625 0.4
vt 0.08333334 0.4
vt 0.1041667 0.4
vt 0.125 0.4
vt 0.1458333 0.4
vt 0.1666667 0.4
vt 0.1875 0.4
vt 0.2083333 0.4
vt 0.2291667 0.4
vt 0.25 0.4
vt 0.2708333 0.4
vt 0.2916667 0.4
vt 0.3125 0.4
vt 0.3333333 0.4
vt 0.3541667 0.4
vt 0.375 0.4
vt 0.3958333 0.4
vt 0.4166667 0.4
vt 0.4375 0.4
vt 0.4583333 0.4
vt 0.4791667 0.4
vt 0.5 0.4
vt 0.5208333 0.4
vt 0.5416667 0.4
vt 0.5625 0.4
vt 0.5833333 0.4
vt 0.6041667 0.4
vt 0.625 0.4
vt 0.6458333 0.4
vt 0.6666667 0.4
vt 0.6875 0.4
vt 0.7083333 0.4
vt 0.7291667 0.4
vt 0.75 0.4
vt 0.7708333 0.4
vt 0.7916667 0.4
vt 0.8125 0.4
vt 0.8333333 0.4
vt 0.8541667 0.4
vt 0.875 0.4
vt 0.8958333 0.4
vt 0.9166667 0.4
vt 0.9375 0.4
vt 0.9583333 0.4
vt 0.9791667 0.4
vt 1 0.4
vt 0 0.4333333
vt 0.02083333 0.4333333
vt 0.04166667 0.4333333
vt 0.0625 0.4333333
vt 0.08333334 0.4333333
vt 0.1041667 0.4333333
vt 0.125 0.4333333
vt 0.1458333 0.4333333
vt 0.1666667 0.4333333
vt 0.1875 0.4333333
vt 0.2083333 0.4333333
vt 0.2291667 0.4333333
vt 0.25 0.4333333
vt 0.2708333 0.4333333
vt 0.2916667 0.4333333
vt 0.3125 0.4333333
vt 0.3333333 0.4333333
vt 0.3541667 0.4333333
vt 0.375 0.4333333
vt 0.3958333 0.4333333
vt 0.4166667 0.4333333
vt 0.4375 0.4333333
vt 0.4583333 0.4333333
vt 0.4791667 0.4333333
vt 0.5 0.4333333
vt 0.5208333 0.4333333
vt 0.5416667 0.4333333
vt 0.5625 0.4333333
vt 0.5833333 0.4333333
vt 0.6041667 0.4333333
vt 0.625 0.4333333
vt 0.6458333 0.4333333
vt 0.6666667 0.4333333
vt 0.6875 0.4333333
vt 0.7083333 0.4333333
vt 0.7291667 0.4333333
vt 0.75 0.4333333
vt 0.7708333 0.4333333
vt 0.7916667 0.4333333
vt 0.8125 0.4333333
vt 0.8333333 0.4333333
vt 0.8541667 0.4333333
vt 0.875 0.4333333
vt 0.8958333 0.4333333
vt 0.9166667 0.4333333
vt 0.9375 0.4333333
vt 0.9583333 0.4333333
vt 0.9791667 0.4333333
vt 1 0.4333333
vt 0 0.4666667
vt 0.02083333 0.4666667
vt 0.04166667 0.4666667
vt 0.0625 0.4666667
vt 0.08333334 0.4666667
vt 0.1041667 0.4666667
vt 0.125 0.4666667
vt 0.1458333 0.4666667
vt 0.1666667 0.4666667
vt 0.1875 0.4666667
vt 0.2083333 0.4666667
vt 0.2291667 0.4666667
vt 0.25 0.4666667
vt 0.2708333 0.4666667
vt 0.2916667 0.4666667
vt 0.3125 0.4666667
vt 0.3333333 0.4666667
vt 0.3541667 0.4666667
vt 0.375 0.4666667
vt 0.3958333 0.4666667
vt 0.4166667 0.4666667
vt 0.4375 0.4666667
vt 0.4583333 0.4666667
vt 0.4791667 0.4666667
vt 0.5 0.4666667
vt 0.5208333 0.4666667
vt 0.5416667 0.4666667
vt 0.5625 0.4666667
vt 0.5833333 0.4666667
vt 0.6041667 0.4666667
vt 0.625 0.4666667
vt 0.6458333 0.4666667
vt 0.6666667 0.4666667
vt 0.6875 0.4666667
vt 0.7083333 0.4666667
vt 0.7291667 0.4666667
vt 0.75 0.4666667
vt 0.7708333 0.4666667
vt 0.7916667 0.4666667
vt 0.8125 0.4666667
vt 0.8333333 0.4666667
vt 0.8541667 0.4666667
vt 0.875 0.4666667
vt 0.8958333 0.4666667
vt 0.9166667 0.4666667
vt 0.9375 0.4666667
vt 0.9583333 0.4666667
vt 0.9791667 0.4666667
vt 1 0.4666667
vt 0 0.5
vt 0.02083333 0.5
vt 0.04166667 0.5
vt 0.0625 0.5
vt 0.08333334 0.5
vt 0.1041667 0.5
vt 0.125 0.5
vt 0.1458333 0.5
vt 0.1666667 0.5
vt 0.1875 0.5
vt 0.2083333 0.5
vt 0.2291667 0.5
vt 0.25 0.5
vt 0.2708333 0.5
vt 0.2916667 0.5
vt 0.3125 0.5
vt 0.3333333 0.5
vt 0.3541667 0.5
vt 0.375 0.5
vt 0.3958333 0.5
vt 0.4166667 0.5
vt 0.4375 0.5
vt 0.4583333 0.5
vt 0.4791667 0.5
vt 0.5 0.5
vt 0.5208333 0.5
vt 0.5416667 0.5
vt 0.5625 0.5
vt 0.5833333 0.5
vt 0.6041667 0.5
vt 0.625 0.5
vt 0.6458333 0.5
vt 0.6666667 0.5
vt 0.6875 0.5
vt 0.7083333 0.5
vt 0.7291667 0.5
vt 0.75 0.5
vt 0.7708333 0.5
vt 0.7916667 0.5
vt 0.8125 0.5
vt 0.8333333 0.5
vt 0.8541667 0.5
vt 0.875 0.5
vt 0.8958333 0.5
vt 0.9166667 0.5
vt 0.9375 0.5
vt 0.9583333 0.5
vt 0.9791667 0.5
vt 1 0.5
vt 0 0.5333334
vt 0.02083333 0.5333334
vt 0.04166667 0.5333334
vt 0.0625 0.5333334
vt 0.08333334 0.5333334
vt 0.1041667 0.5333334
vt 0.125 0.5333334
vt 0.1458333 0.5333334
vt 0.1666667 0.5333334
vt 0.1875 0.5333334
vt 0.2083333 0.5333334
vt 0.2291667 0.5333334
vt 0.25 0.5333334
vt 0.2708333 0.5333334
vt 0.2916667 0.5333334
vt 0.3125 0.5333334
vt 0.3333333 0.5333334
vt 0.3541667 0.5333334
vt 0.375 0.5333334
vt 0.3958333 0.5333334
vt 0.4166667 0.5333334
vt 0.4375 0.5333334
vt 0.4583333 0.5333334
vt 0.4791667 0.5333334
vt 0.5 0.5333334
vt 0.5208333 0.5333334
vt 0.5416667 0.5333334
vt 0.5625 0.5333334
vt 0.5833333 0.5333334
vt 0.6041667 0.5333334
vt 0.625 0.5333334
vt 0.6458333 0.5333334
vt 0.6666667 0.5333334
vt 0.6875 0.5333334
vt 0.7083333 0.5333334
vt 0.7291667 0.5333334
vt 0.75 0.5333334
vt 0.7708333 0.5333334
vt 0.7916667 0.5333334
vt 0.8125 0.5333334
vt 0.8333333 0.5333334
vt 0.8541667 0.5333334
vt 0.875 0.5333334
vt 0.8958333 0.5333334
vt 0.9166667 0.5333334
vt 0.9375 0.5333334
vt 0.9583333 0.5333334
vt 0.9791667 0.5333334
vt 1 0.5333334
vt 0 0.5666667
vt 0.02083333 0.5666667
vt 0.04166667 0.5666667
vt 0.0625 0.5666667
vt 0.08333334 0.5666667
vt 0.1041667 0.5666667
vt 0.125 0.5666667
vt 0.1458333 0.5666667
vt 0.1666667 0.5666667
vt 0.1875 0.5666667
vt 0.2083333 0.5666667
vt 0.2291667 0.5666667
vt 0.25 0.5666667
vt 0.2708333 0.5666667
vt 0.2916667 0.5666667
vt 0.3125 0.5666667
vt 0.3333333 0.5666667
vt 0.3541667 0.5666667
vt 0.375 0.5666667
vt 0.3958333 0.5666667
vt 0.4166667 0.5666667
vt 0.4375 0.5666667
vt 0.4583333 0.5666667
vt 0.4791667 0.5666667
vt 0.5 0.5666667
vt 0.5208333 0.5666667
vt 0.5416667 0.5666667
vt 0.5625 0.5666667
vt 0.5833333 0.5666667
vt 0.6041667 0.5666667
vt 0.625 0.5666667
vt 0.6458333 0.5666667
vt 0.6666667 0.5666667
vt 0.6875 0.5666667
vt 0.7083333 0.5666667
vt 0.7291667 0.5666667
vt 0.75 0.5666667
vt 0.7708333 0.5666667
vt 0.7916667 0.5666667
vt 0.8125 0.5666667
vt 0.8333333 0.5666667
vt 0.8541667 0.5666667
vt 0.875 0.5666667
vt 0.8958333 0.5666667
vt 0.9166667 0.5666667
vt 0.9375 0.5666667
vt 0.9583333 0.5666667
vt 0.9791667 0.5666667
vt 1 0.5666667
vt 0 0.6
vt 0.02083333 0.6
vt 0.04166667 0.6
vt 0.0625 0.6
vt 0.08333334 0.6
vt 0.1041667 0.6
vt 0.125 0.6
vt 0.1458333 0.6
vt 0.1666667 0.6
vt 0.1875 0.6
vt 0.2083333 0.6
vt 0.2291667 0.6
vt 0.25 0.6
vt 0.2708333 0.6
vt 0.2916667 0.6
vt 0.3125 0.6
vt 0.3333333 0.6
vt 0.3541667 0.6
vt 0.375 0.6
vt 0.3958333 0.6
vt 0.4166667 0.6
vt 0.4375 0.6
vt 0.4583333 0.6
vt 0.4791667 0.6
vt 0.5 0.6
vt 0.5208333 0.6
vt 0.5416667 0.6
vt 0.5625 0.6
vt 0.5833333 0.6
vt 0.6041667 0.6
vt 0.625 0.6
vt 0.6458333 0.6
vt 0.6666667 0.6
vt 0.6875 0.6
vt 0.7083333 0.6
vt 0.7291667 0.6
vt 0.75 0.6
vt 0.7708333 0.6
vt 0.7916667 0.6
vt 0.8125 0.6
vt 0.8333333 0.6
vt 0.8541667 0.6
vt 0.875 0.6
vt 0.8958333 0.6
vt 0.9166667 0.6
vt 0.9375 0.6
vt 0.9583333 0.6
vt 0.9791667 0.6
vt 1 0.6
vt 0 0.6333333
vt 0.02083333 0.6333333
vt 0.04166667 0.6333333
vt 0.0625 0.6333333
vt 0.08333334 0.6333333
vt 0.1041667 0.6333333
vt 0.125 0.6333333
vt 0.1458333 0.6333333
vt 0.1666667 0.6333333
vt 0.1875 0.6333333
vt 0.2083333 0.6333333
vt 0.2291667 0.6333333
vt 0.25 0.6333333
vt 0.2708333 0.6333333
vt 0.2916667 0.6333333
vt 0.3125 0.6333333
vt 0.3333333 0.6333333
vt 0.3541667 0.6333333
vt 0.375 0.6333333
vt 0.3958333 0.6333333
vt 0.4166667 0.6333333
vt 0.4375 0.6333333
vt 0.4583333 0.6333333
vt 0.4791667 0.6333333
vt 0.5 0.6333333
vt 0.5208333 0.6333333
vt 0.5416667 0.6333333
vt 0.5625 0.6333333
vt 0.5833333 0.6333333
vt 0.6041667 0.6333333
vt 0.625 0.6333333
vt 0.6458333 0.6333333
vt 0.6666667 0.6333333
vt 0.6875 0.6333333
vt 0.7083333 0.6333333
vt 0.7291667 0.6333333
vt 0.75 0.6333333
vt 0.7708333 0.6333333
vt 0.7916667 0.6333333
vt 0.8125 0.6333333
vt 0.8333333 0.6333333
vt 0.8541667 0.6333333
vt 0.875 0.6333333
vt 0.8958333 0.6333333
vt 0.9166667 0.6333333
vt 0.9375 0.6333333
vt 0.9583333 0.6333333
vt 0.9791667 0.6333333
vt 1 0.6333333
vt 0 0.6666667
vt 0.02083333 0.6666667
vt 0.04166667 0.6666667
vt 0.0625 0.6666667
vt 0.08333334 0.6666667
vt 0.1041667 0.6666667
vt 0.125 0.6666667
vt 0.1458333 0.6666667
vt 0.1666667 0.6666667
vt 0.1875 0.6666667
vt 0.2083333 0.6666667
vt 0.2291667 0.6666667
vt 0.25 0.6666667
vt 0.2708333 0.6666667
vt 0.2916667 0.6666667
vt 0.3125 0.6666667
vt 0.3333333 0.6666667
vt 0.3541667 0.6666667
vt 0.375 0.6666667
vt 0.3958333 0.6666667
vt 0.4166667 0.6666667
vt 0.4375 0.6666667
vt 0.4583333 0.6666667
vt 0.4791667 0.6666667
vt 0.5 0.6666667
vt 0.5208333 0.6666667
vt 0.5416667 0.6666667
vt 0.5625 0.6666667
vt 0.5833333 0.6666667
vt 0.6041667 0.6666667
vt 0.625 0.6666667
vt 0.6458333 0.6666667
vt 0.6666667 0.6666667
vt 0.6875 0.6666667
vt 0.7083333 0.6666667
vt 0.7291667 0.6666667
vt 0.75 0.6666667
vt 0.7708333 0.6666667
vt 0.7916667 0.6666667
vt 0.8125 0.6666667
vt 0.8333333 0.6666667
vt 0.8541667 0.6666667
vt 0.875 0.6666667
vt 0.8958333 0.6666667
vt 0.9166667 0.6666667
vt 0.9375 0.6666667
vt 0.9583333 0.6666667
vt 0.9791667 0.6666667
vt 1 0.6666667
vt 0 0.7
vt 0.02083333 0.7
vt 0.04166667 0.7
vt 0.0625 0.7
vt 0.08333334 0.7
vt 0.1041667 0.7
vt 0.125 0.7
vt 0.1458333 0.7
vt 0.1666667 0.7
vt 0.1875 0.7
vt 0.2083333 0.7
vt 0.2291667 0.7
vt 0.25 0.7
vt 0.2708333 0.7
vt 0.2916667 0.7
vt 0.3125 0.7
vt 0.3333333 0.7
vt 0.3541667 0.7
vt 0.375 0.7
vt 0.3958333 0.7
vt 0.4166667 0.7
vt 0.4375 0.7
vt 0.4583333 0.7
vt 0.4791667 0.7
vt 0.5 0.7
vt 0.5208333 0.7
vt 0.5416667 0.7
vt 0.5625 0.7
vt 0.5833333 0.7
vt 0.6041667 0.7
vt 0.625 0.7
vt 0.6458333 0.7
vt 0.6666667 0.7
vt 0.6875 0.7
vt 0.7083333 0.7
vt 0.7291667 0.7
vt 0.75 0.7
vt 0.7708333 0.7
vt 0.7916667 0.7
vt 0.8125 0.7
vt 0.8333333 0.7
vt 0.8541667 0.7
vt 0.875 0.7
vt 0.8958333 0.7
vt 0.9166667 0.7
vt 0.9375 0.7
vt 0.9583333 0.7
vt 0.9791667 0.7
vt 1 0.7
vt 0 0.7333333
vt 0.02083333 0.7333333
vt 0.04166667 0.7333333
vt 0.0625 0.7333333
vt 0.08333334 0.7333333
vt 0.1041667 0.7333333
vt 0.125 0.7333333
vt 0.1458333 0.7333333
vt 0.1666667 0.7333333
vt 0.1875 0.7333333
vt 0.2083333 0.7333333
vt 0.2291667 0.7333333
vt 0.25 0.7333333
vt 0.2708333 0.7333333
vt 0.2916667 0.7333333
vt 0.3125 0.7333333
vt 0.3333333 0.7333333
vt 0.3541667 0.7333333
vt 0.375 0.7333333
vt 0.3958333 0.7333333
vt 0.4166667 0.7333333
vt 0.4375 0.7333333
vt 0.4583333 0.7333333
vt 0.4791667 0.7333333
vt 0.5 0.7333333
vt 0.5208333 0.7333333
vt 0.5416667 0.7333333
vt 0.5625 0.7333333
vt 0.5833333 0.7333333
vt 0.6041667 0.7333333
vt 0.625 0.7333333
vt 0.6458333 0.7333333
vt 0.6666667 0.7333333
vt 0.6875 0.7333333
vt 0.7083333 0.7333333
vt 0.7291667 0.7333333
vt 0.75 0.7333333
vt 0.7708333 0.7333333
vt 0.7916667 0.7333333
vt 0.8125 0.7333333
vt 0.8333333 0.7333333
vt 0.8541667 0.7333333
vt 0.875 0.7333333
vt 0.8958333 0.7333333
vt 0.9166667 0.7333333
vt 0.9375 0.7333333
vt 0.9583333 0.7333333
vt 0.9791667 0.7333333
vt 1 0.7333333
vt 0 0.7666667
vt 0.02083333 0.7666667
vt 0.04166667 0.7666667
vt 0.0625 0.7666667
vt 0.08333334 0.7666667
vt 0.1041667 0.7666667
vt 0.125 0.7666667
vt 0.1458333 0.7666667
vt 0.1666667 0.7666667
vt 0.1875 0.7666667
vt 0.2083333 0.7666667
vt 0.2291667 0.7666667
vt 0.25 0.7666667
vt 0.2708333 0.7666667
vt 0.2916667 0.7666667
vt 0.3125 0.7666667
vt 0.3333333 0.7666667
vt 0.3541667 0.7666667
vt 0.375 0.7666667
vt 0.3958333 0.7666667
vt 0.4166667 0.7666667
vt 0.4375 0.7666667
vt 0.4583333 0.7666667
vt 0.4791667 0.7666667
vt 0.5 0.7666667
vt 0.5208333 0.7666667
vt 0.5416667 0.7666667
vt 0.5625 0.7666667
vt 0.5833333 0.7666667
vt 0.6041667 0.7666667
vt 0.625 0.7666667
vt 0.6458333 0.7666667
vt 0.6666667 0.7666667
vt 0.6875 0.7666667
vt 0.7083333 0.7666667
vt 0.7291667 0.7666667
vt 0.75 0.7666667
vt 0.7708333 0.7666667
vt 0.7916667 0.7666667
vt 0.8125 0.7666667
vt 0.8333333 0.7666667
vt 0.8541667 0.7666667
vt 0.875 0.7666667
vt 0.8958333 0.7666667
vt 0.9166667 0.7666667
vt 0.9375 0.7666667
vt 0.9583333 0.7666667
vt 0.9791667 0.7666667
vt 1 0.7666667
vt 0 0.8
vt 0.02083333 0.8
vt 0.04166667 0.8
vt 0.0625 0.8
vt 0.08333334 0.8
vt 0.1041667 0.8
vt 0.125 0.8
vt 0.1458333 0.8
vt 0.1666667 0.8
vt 0.1875 0.8
vt 0.2083333 0.8
vt 0.2291667 0.8
vt 0.25 0.8
vt 0.2708333 0.8
vt 0.2916667 0.8
vt 0.3125 0.8
vt 0.3333333 0.8
vt 0.3541667 0.8
vt 0.375 0.8
vt 0.3958333 0.8
vt 0.4166667 0.8
vt 0.4375 0.8
vt 0.4583333 0.8
vt 0.4791667 0.8
vt 0.5 0.8
vt 0.5208333 0.8
vt 0.5416667 0.8
vt 0.5625 0.8
vt 0.5833333 0.8
vt 0.6041667 0.8
vt 0.625 0.8
vt 0.6458333 0.8
vt 0.6666667 0.8
vt 0.6875 0.8
vt 0.7083333 0.8
vt 0.7291667 0.8
vt 0.75 0.8
vt 0.7708333 0.8
vt 0.7916667 0.8
vt 0.8125 0.8
vt 0.8333333 0.8
vt 0.8541667 0.8
vt 0.875 0.8
vt 0.8958333 0.8
vt 0.9166667 0.8
vt 0.9375 0.8
vt 0.9583333 0.8
vt 0.9791667 0.8
vt 1 0.8
vt 0 0.8333333
vt 0.02083333 0.8333333
vt 0.04166667 0.8333333
vt 0.0625 0.8333333
vt 0.08333334 0.8333333
vt 0.1041667 0.8333333
vt 0.125 0.8333333
vt 0.1458333 0.8333333
vt 0.1666667 0.8333333
vt 0.1875 0.8333333
vt 0.2083333 0.8333333
vt 0.2291667 0.8333333
vt 0.25 0.8333333
vt 0.2708333 0.8333333
vt 0.2916667 0.8333333
vt 0.3125 0.8333333
vt 0.3333333 0.8333333
vt 0.3541667 0.8333333
vt 0.375 0.8333333
vt 0.3958333 0.8333333
vt 0.4166667 0.8333333
vt 0.4375 0.8333333
vt 0.4583333 0.8333333
vt 0.4791667 0.8333333
vt 0.5 0.8333333
vt 0.5208333 0.8333333
vt 0.5416667 0.8333333
vt 0.5625 0.8333333
vt 0.5833333 0.8333333
vt 0.6041667 0.8333333
vt 0.625 0.8333333
vt 0.6458333 0.8333333
vt 0.6666667 0.8333333
vt 0.6875 0.8333333
vt 0.7083333 0.8333333
vt 0.7291667 0.8333333
vt 0.75 0.8333333
vt 0.7708333 0.8333333
vt 0.7916667 0.8333333
vt 0.8125 0.8333333
vt 0.8333333 0.8333333
vt 0.8541667 0.8333333
vt 0.875 0.8333333
vt 0.8958333 0.8333333
vt 0.9166667 0.8333333
vt 0.9375 0.8333333
vt 0.9583333 0.8333333
vt 0.9791667 0.8333333
vt 1 0.8333333
vt 0 0.8666667
vt 0.02083333 0.8666667
vt 0.04166667 0.8666667
vt 0.0625 0.8666667
vt 0.08333334 0.8666667
vt 0.1041667 0.8666667
vt 0.125 0.8666667
vt 0.1458333 0.8666667
vt 0.1666667 0.8666667
vt 0.1875 0.8666667
vt 0.2083333 0.8666667
vt 0.2291667 0.8666667
vt 0.25 0.8666667
vt 0.2708333 0.8666667
vt 0.2916667 0.8666667
vt 0.3125 0.8666667
vt 0.3333333 0.8666667
vt 0.3541667 0.8666667
vt 0.375 0.8666667
vt 0.3958333 0.8666667
vt 0.4166667 0.8666667
vt 0.4375 0.8666667
vt 0.4583333 0.8666667
vt 0.4791667 0.8666667
vt 0.5 0.8666667
vt 0.5208333 0.8666667
vt 0.5416667 0.8666667
vt 0.5625 0.8666667
vt 0.5833333 0.8666667
vt 0.6041667 0.8666667
vt 0.625 0.8666667
vt 0.6458333 0.8666667
vt 0.6666667 0.8666667
vt 0.6875 0.8666667
vt 0.7083333 0.8666667
vt 0.7291667 0.8666667
vt 0.75 0.8666667
vt 0.7708333 0.8666667
vt 0.7916667 0.8666667
vt 0.8125 0.8666667
vt 0.8333333 0.8666667
vt 0.8541667 0.8666667
vt 0.875 0.8666667
vt 0.8958333 0.8666667
vt 0.9166667 0.8666667
vt 0.9375 0.8666667
vt 0.9583333 0.8666667
vt 0.9791667 0.8666667
vt 1 0.8666667
vt 0 0.9
vt 0.02083333 0.9
vt 0.04166667 0.9
vt 0.0625 0.9
vt 0.08333334 0.9
vt 0.1041667 0.9
vt 0.125 0.9
vt 0.1458333 0.9
vt 0.1666667 0.9
vt 0.1875 0.9
vt 0.2083333 0.9
vt 0.2291667 0.9
vt 0.25 0.9
vt 0.2708333 0.9
vt 0.2916667 0.9
vt 0.3125 0.9
vt 0.3333333 0.9
vt 0.3541667 0.9
vt 0.375 0.9
vt 0.3958333 0.9
vt 0.4166667 0.9
vt 0.4375 0.9
vt 0.4583333 0.9
vt 0.4791667 0.9
vt 0.5 0.9
vt 0.5208333 0.9
vt 0.5416667 0.9
vt 0.5625 0.9
vt 0.5833333 0.9
vt 0.6041667 0.9
vt 0.625 0.9
vt 0.6458333 0.9
vt 0.6666667 0.9
vt 0.6875 0.9
vt 0.7083333 0.9
vt 0.7291667 0.9
vt 0.75 0.9
vt 0.7708333 0.9
vt 0.7916667 0.9
vt 0.8125 0.9
vt 0.8333333 0.9
vt 0.8541667 0.9
vt 0.875 0.9
vt 0.8958333 0.9
vt 0.9166667 0.9
vt 0.9375 0.9
vt 0.9583333 0.9
vt 0.9791667 0.9
vt 1 0.9
vt 0 0.9333333
vt 0.02083333 0.9333333
vt 0.04166667 0.9333333
vt 0.0625 0.9333333
vt 0.08333334 0.9333333
vt 0.1041667 0.9333333
vt 0.125 0.9333333
vt 0.1458333 0.9333333
vt 0.1666667 0.9333333
vt 0.1875 0.9333333
vt 0.2083333 0.9333333
vt 0.2291667 0.9333333
vt 0.25 0.9333333
vt 0.2708333 0.9333333
vt 0.2916667 0.9333333
vt 0.3125 0.9333333
vt 0.3333333 0.9333333
vt 0.3541667 0.9333333
vt 0.375 0.9333333
vt 0.3958333 0.9333333
vt 0.4166667 0.9333333
vt 0.4375 0.9333333
vt 0.4583333 0.9333333
vt 0.4791667 0.9333333
vt 0.5 0.9333333
vt 0.5208333 0.9333333
vt 0.5416667 0.9333333
vt 0.5625 0.9333333
vt 0.5833333 0.9333333
vt 0.6041667 0.9333333
vt 0.625 0.9333333
vt 0.6458333 0.9333333
vt 0.6666667 0.9333333
vt 0.6875 0.9333333
vt 0.7083333 0.9333333
vt 0.7291667 0.9333333
vt 0.75 0.9333333
vt 0.7708333 0.9333333
vt 0.7916667 0.9333333
vt 0.8125 0.9333333
vt 0.8333333 0.9333333
vt 0.8541667 0.9333333
vt 0.875 0.9333333
vt 0.8958333 0.9333333
vt 0.9166667 0.9333333
vt 0.9375 0.9333333
vt 0.9583333 0.9333333
vt 0.9791667 0.9333333
vt 1 0.9333333
vt 0 0.9666666
vt 0.02083333 0.9666666
vt 0.04166667 0.9666666
vt 0.0625 0.9666666
vt 0.08333334 0.9666666
vt 0.1041667 0.9666666
vt 0.125 0.9666666
vt 0.1458333 0.9666666
vt 0.1666667 0.9666666
vt 0.1875 0.9666666
vt 0.2083333 0.9666666
vt 0.2291667 0.9666666
vt 0.25 0.9666666
vt 0.2708333 0.9666666
vt 0.2916667 0.9666666
vt 0.3125 0.9666666
vt 0.3333333 0.9666666
vt 0.3541667 0.9666666
vt 0.375 0.9666666
vt 0.3958333 0.9666666
vt 0.4166667 0.9666666
vt 0.4375 0.9666666
vt 0.4583333 0.9666666
vt 0.4791667 0.9666666
vt 0.5 0.9666666
vt 0.5208333 0.9666666
vt 0.5416667 0.9666666
vt 0.5625 0.9666666
vt 0.5833333 0.9666666
vt 0.6041667 0.9666666
vt 0.625 0.9666666
vt 0.6458333 0.9666666
vt 0.6666667 0.9666666
vt 0.6875 0.9666666
vt 0.7083333 0.9666666
vt 0.7291667 0.9666666
vt 0.75 0.9666666
vt 0.7708333 0.9666666
vt 0.7916667 0.9666666
vt 0.8125 0.9666666
vt 0.8333333 0.9666666
vt 0.8541667 0.9666666
vt 0.875 0.9666666
vt 0.8958333 0.9666666
vt 0.9166667 0.9666666
vt 0.9375 0.9666666
vt 0.9583333 0.9666666
vt 0.9791667 0.9666666
vt 1 0.9666666
vt 0 1
vt 0.02083333 1
vt 0.04166667 1
vt 0.0625 1
vt 0.08333334 1
vt 0.1041667 1
vt 0.125 1
vt 0.1458333 1
vt 0.1666667 1
vt 0.1875 1
vt 0.2083333 1
vt 0.2291667 1
vt 0.25 1
vt 0.2708333 1
vt 0.2916667 1
vt 0.3125 1
vt 0.3333333 1
vt 0.3541667 1
vt 0.375 1
vt 0.3958333 1
vt 0.4166667 1
vt 0.4375 1
vt 0.4583333 1
vt 0.4791667 1
vt 0.5 1
vt 0.5208333 1
vt 0.5416667 1
vt 0.5625 1
vt 0.5833333 1
vt 0.6041667 1
vt 0.625 1
vt 0.6458333 1
vt 0.6666667 1
vt 0.6875 1
vt 0.7083333 1
vt 0.7291667 1
vt 0.75 1
vt 0.7708333 1
vt 0.7916667 1
vt 0.8125 1
vt 0.8333333 1
vt 0.8541667 1
vt 0.875 1
vt 0.8958333 1
vt 0.9166667 1
vt 0.9375 1
vt 0.9583333 1
vt 0.9791667 1
vt 1 1
vn 0 1 0
vn 0 1 0
vn 0 1 0
vn 0 1 0
vn 0 1 0
vn 0 1 0
vn 0 1 0
vn 0 1 0
vn 0 1 0
vn 0 1 0
vn 0 1 0
vn 0 1 0
vn 0 1 0
vn 0 1 0
vn 0 1 0
vn 0 1 0
vn 0 1 0
vn 0 1 0
vn 0 1 0
vn 0 1 0
vn 0 1 0
vn 0 1 0
vn 0 1 0
vn 0 1 0
vn 0 1 0
vn 0 1 0
vn 0 1 0
vn 0 1 0
vn 0 1 0
vn 0 1 0
vn 0 1 0
vn 0 1 0
vn 0 1 0
vn 0 1 0
vn 0 1 0
vn 0 1 0
vn 0 1 0
vn 0 1 0
vn 0 1 0
vn 0 1 0
vn 0 1 0
vn 0 1 0
vn 0 1 0
vn 0 1 0
vn 0 1 0
vn 0 1 0
vn 0 1 0
vn 0 1 0
vn 0 1 0
vn 0.02377696 0.9940988 0.1058404
vn 0.04530697 0.9903179 0.1312162
vn 0.05209935 0.9873302 0.1498826
vn 0.05069946 0.9855713 0.1614896
vn 0.04528037 0.9845683 0.1690414
vn 0.03936779 0.9841655 0.1728247
vn 0.03293407 0.9840854 0.1746179
vn 0.02472302 0.9846063 0.1730294
vn 0.01059927 0.9860203 0.1662879
vn -0.01776751 0.9882492 0.1518154
vn -0.06693656 0.9899289 0.1247409
vn -0.1423235 0.986502 0.08098081
vn -0.2364523 0.9714593 0.01889894
vn -0.3292484 0.9426439 -0.05493718
vn -0.403357 0.9061379 -0.1273468
vn -0.4517628 0.8725387 -0.1859752
vn -0.475087 0.8509586 -0.2239684
vn -0.4762407 0.8458286 -0.2403517
vn -0.4541809 0.8590155 -0.2362459
vn -0.4057426 0.8890319 -0.2121211
vn -0.3297052 0.9293772 -0.1659895
vn -0.2328326 0.9674516 -0.09912837
vn -0.1348519 0.9906033 -0.02280621
vn -0.05692146 0.997398 0.04423916
vn -0.008892706 0.9960094 0.08880442
vn 0.01354809 0.9938113 0.1102522
vn 0.01942107 0.9930328 0.1162273
vn 0.01590624 0.9932308 0.115063
vn 0.008500976 0.9936645 0.1120654
vn -0.0001680073 0.9939387 0.1099364
vn -0.009166381 0.9940894 0.1081769
vn -0.01993851 0.9942321 0.1053809
vn -0.03549225 0.9945146 0.09839234
vn -0.0617773 0.9945624 0.08384052
vn -0.1036598 0.9930269 0.0561455
vn -0.165891 0.9860723 0.01190412
vn -0.2499704 0.9670336 -0.04858769
vn -0.3486998 0.9297113 -0.1185132
vn -0.4426472 0.877171 -0.1861039
vn -0.5106974 0.8256657 -0.2397173
vn -0.5409586 0.7955454 -0.2728942
vn -0.5296403 0.8004609 -0.2806126
vn -0.4787707 0.8390791 -0.2583117
vn -0.3932286 0.8964069 -0.2045143
vn -0.2855771 0.9497776 -0.1279385
vn -0.176619 0.9831146 -0.04787003
vn -0.08470434 0.9962099 0.01977794
vn -0.01807819 0.9973847 0.0699792
vn 0.02377657 0.9940984 0.1058442
vn 0.01355843 0.9997908 0.01531011
vn 0.02479157 0.9990293 0.03641215
vn 0.0452874 0.9961545 0.0750016
vn 0.06189663 0.9909683 0.1189563
vn 0.06701343 0.9856277 0.1550716
vn 0.0585648 0.9829249 0.1744387
vn 0.0366976 0.984078 0.1739074
vn 0.002425243 0.9878469 0.1554114
vn -0.03859056 0.9914018 0.1250335
vn -0.0729761 0.9930665 0.09216045
vn -0.08485681 0.9939724 0.06941329
vn -0.06891605 0.9953023 0.06800045
vn -0.05159628 0.9948997 0.08667376
vn -0.08036251 0.9918764 0.0986059
vn -0.1761231 0.9823569 0.06289401
vn -0.2968101 0.9544182 -0.03145799
vn -0.3666058 0.9197244 -0.1403824
vn -0.3476236 0.9147454 -0.2059096
vn -0.2403108 0.9517666 -0.1907648
vn -0.08719829 0.9917145 -0.09433382
vn 0.01925352 0.999692 0.01565988
vn 0.03017342 0.9975796 0.06264663
vn -0.01899055 0.9990286 0.03976452
vn -0.06742569 0.9976922 -0.008007489
vn -0.08154111 0.9960116 -0.03622244
vn -0.0664578 0.9971842 -0.03474167
vn -0.04141469 0.9990138 -0.01600776
vn -0.02251646 0.9997312 0.005536119
vn -0.01853312 0.9995759 0.02246492
vn -0.03218028 0.9989836 0.03156355
vn -0.06234923 0.9976275 0.02918854
vn -0.1028211 0.9946342 0.01143011
vn -0.1420085 0.9896468 -0.02080537
vn -0.1653308 0.9845583 -0.05753878
vn -0.1620053 0.9834529 -0.08108499
vn -0.1340324 0.987932 -0.07762514
vn -0.1053372 0.9930897 -0.05173906
vn -0.1207735 0.9921386 -0.03278428
vn -0.2130337 0.975126 -0.06120336
vn -0.3399452 0.929059 -0.1458996
vn -0.4002415 0.8845543 -0.2395214
vn -0.3458382 0.8932616 -0.2871928
vn -0.192782 0.9472427 -0.2560595
vn -0.01628466 0.9879379 -0.1539925
vn 0.08596551 0.9950955 -0.04893762
vn 0.0963372 0.9953162 0.008054812
vn 0.05995499 0.9980099 0.0195365
vn 0.02470443 0.9996083 0.01314847
vn 0.01355803 0.9997908 0.01531081
vn 0.222517 0.9747409 0.01914268
vn 0.1102471 0.993018 0.04196409
vn 0.03148041 0.9974565 0.06395017
vn -0.008729462 0.9963251 0.08520645
vn -0.02320897 0.99408 0.1061431
vn -0.02275295 0.9919423 0.1246301
vn -0.01119005 0.9898008 0.1420186
vn 0.01448988 0.9859909 0.1661686
vn 0.06044306 0.9756947 0.210634
vn 0.1274405 0.9516039 0.2796589
vn 0.1939643 0.9192246 0.3426428
vn 0.211014 0.9170772 0.3382936
vn 0.1301558 0.9652731 0.2265115
vn -0.04268406 0.9970669 0.06352656
vn -0.211035 0.9773884 -0.01327581
vn -0.276287 0.960787 0.02353477
vn -0.2018024 0.9783933 0.0449709
vn -0.09358512 0.9945454 -0.04605794
vn -0.09118406 0.9859489 -0.1399653
vn -0.1509383 0.9810256 -0.1216816
vn -0.1081953 0.9941257 0.002815509
vn 0.06225417 0.9912983 0.1159838
vn 0.174086 0.976068 0.1303276
vn 0.1567922 0.9846702 0.07642499
vn 0.05452873 0.9984949 0.005891189
vn -0.06231746 0.9970844 -0.0440366
vn -0.1447967 0.987302 -0.06533592
vn -0.1869418 0.9797097 -0.07226028
vn -0.2027561 0.9761251 -0.07790853
vn -0.2028277 0.9753523 -0.08688449
vn -0.1896892 0.9772902 -0.09445626
vn -0.1603181 0.9831865 -0.08742153
vn -0.1112005 0.992578 -0.04922943
vn -0.04451335 0.9987769 0.02152739
vn 0.0249854 0.9956708 0.08952919
vn 0.06969496 0.9929958 0.0954042
vn 0.04793127 0.9988453 -0.003261228
vn -0.080562 0.9831536 -0.1640697
vn -0.2326278 0.9445309 -0.2318313
vn -0.2504703 0.9498568 -0.1871815
vn -0.1101633 0.9794196 -0.1691195
vn 0.05232718 0.9650165 -0.2569146
vn 0.08151987 0.9368587 -0.3400739
vn 0.04977698 0.956662 -0.2869148
vn 0.09936288 0.9841095 -0.1471585
vn 0.2288922 0.9725569 -0.04172982
vn 0.3275205 0.9448178 -0.007044629
vn 0.3186521 0.9478697 0.00196387
vn 0.2225233 0.9747394 0.01914255
vn 0.1141398 0.9925627 -0.04232673
vn 0.2639176 0.9492795 0.1709267
vn 0.2908297 0.9140546 0.2827052
vn 0.2397637 0.9193601 0.3119142
vn 0.1830761 0.9303783 0.3176154
vn 0.1640493 0.9284346 0.3333122
vn 0.1980318 0.9113694 0.3608175
vn 0.2683678 0.8871316 0.3754682
vn 0.2990085 0.8909312 0.3418121
vn 0.1816419 0.9536107 0.2400686
vn -0.05244353 0.9929273 0.1065139
vn -0.127899 0.9879276 0.08741273
vn 0.1199014 0.9493189 0.2905465
vn 0.2594264 0.8679146 0.4235825
vn -0.1019932 0.9724873 0.209442
vn -0.3620926 0.9319829 -0.01723066
vn -0.08153784 0.9868482 0.1395785
vn 0.06664662 0.9829077 0.1716126
vn -0.2927763 0.9482391 -0.1229819
vn -0.291139 0.9502696 -0.1105706
vn 0.1036552 0.9696741 0.2213321
vn 0.007643639 0.9818112 0.189706
vn -0.4039328 0.9072717 -0.117031
vn -0.4814441 0.8564855 -0.1861297
vn -0.264264 0.9639065 -0.03238606
vn -0.06592607 0.9956468 0.06588839
vn -0.01620911 0.9984033 0.05411176
vn -0.04497265 0.9989764 0.004859221
vn -0.0870816 0.9954742 -0.03805223
vn -0.1028048 0.9928954 -0.05991469
vn -0.07706604 0.9952704 -0.05914084
vn -0.02675339 0.9985316 -0.04710608
vn -0.006964731 0.9982469 -0.05877657
vn -0.09279579 0.9849442 -0.1458555
vn -0.2699703 0.9208722 -0.2812657
vn -0.2870832 0.9142221 -0.2859745
vn 0.029272 0.9959458 -0.08505958
vn 0.2656897 0.9629342 0.0465486
vn -0.006134877 0.986261 -0.1650806
vn -0.2365848 0.8948801 -0.3784405
vn 0.1991215 0.9501126 -0.2400766
vn 0.4057473 0.8918448 -0.199955
vn 0.0774399 0.8721797 -0.4830172
vn 0.1211993 0.8934715 -0.4324574
vn 0.4440475 0.8869494 -0.1270541
vn 0.3735045 0.9216456 -0.1051844
vn 0.04810353 0.9653075 -0.2566465
vn -0.02862427 0.9729908 -0.2290623
vn 0.1141398 0.9925624 -0.04233138
vn 0.2570186 0.9663996 -0.003662861
vn 0.2452935 0.9671391 0.06688092
vn 0.3242019 0.9266301 0.190394
vn 0.3753536 0.8663571 0.3294466
vn 0.3683266 0.8256519 0.4273576
vn 0.3284887 0.8180595 0.4720951
vn 0.2691922 0.8464345 0.4594389
vn 0.1912251 0.9072618 0.3745783
vn 0.1208466 0.9653603 0.231248
vn 0.1155147 0.983745 0.1374853
vn 0.1521214 0.9644936 0.2158965
vn 0.08541631 0.9321027 0.3519781
vn -0.04062833 0.9696113 0.2412536
vn -0.03336295 0.9816936 0.1875226
vn -0.0811905 0.8816403 0.4648856
vn -0.1650194 0.9123432 0.3746979
vn -0.04976574 0.9907928 0.1259091
vn -0.1946676 0.9521199 0.2357374
vn -0.3351415 0.9387185 0.08054674
vn -0.2456051 0.9693574 -0.004946263
vn -0.5518322 0.8233089 0.1328291
vn -0.6280469 0.7733943 0.08613035
vn -0.3286225 0.9424065 0.06226729
vn -0.2681449 0.9574378 0.1068231
vn -0.3681175 0.9263289 0.08002711
vn -0.3378049 0.9411936 -0.00650597
vn -0.211009 0.974833 -0.07194359
vn -0.1124325 0.9889565 -0.09656187
vn -0.07662592 0.9920349 -0.0999762
vn -0.09176993 0.9904218 -0.1031648
vn -0.1466039 0.9803483 -0.1320024
vn -0.2288219 0.9484218 -0.2194006
vn -0.2944739 0.8847883 -0.3611574
vn -0.273187 0.8513681 -0.4478185
vn -0.1772637 0.9184248 -0.3536573
vn -0.1355593 0.9657047 -0.2214452
vn -0.130533 0.9320388 -0.3380308
vn 0.04093873 0.9136377 -0.404463
vn 0.1487902 0.9796692 -0.1345724
vn 0.2082979 0.9539254 -0.215959
vn 0.4407664 0.7742019 -0.4542427
vn 0.3684188 0.8632999 -0.3449361
vn 0.2832337 0.8252791 -0.4885623
vn 0.3671239 0.7483562 -0.5524337
vn 0.1744411 0.9277743 -0.3298562
vn 0.1148934 0.9497592 -0.2911305
vn 0.3329008 0.9019564 -0.2750484
vn 0.3761283 0.9199269 -0.1107339
vn 0.2570186 0.9663996 -0.003662898
vn 0.8337053 0.4712874 0.2877912
vn 0.7012835 0.6730097 0.2350733
vn 0.4601204 0.8747264 0.152129
vn 0.3292462 0.9205297 0.2102903
vn 0.2652638 0.9114675 0.3144235
vn 0.2125978 0.8949285 0.3923076
vn 0.1709859 0.8852635 0.4325186
vn 0.1951359 0.8659964 0.4604045
vn 0.3919014 0.7687128 0.5054641
vn 0.621331 0.5877439 0.5181745
vn 0.5058601 0.7114096 0.4878544
vn -0.05585668 0.9613291 0.2696784
vn -0.09858 0.9525221 0.2880691
vn 0.05345117 0.875277 0.480659
vn -0.3862032 0.8859304 0.2568548
vn 0.04865169 0.8552414 0.5159411
vn -0.04256346 0.8970434 0.4398881
vn -0.4468074 0.8849769 0.1310689
vn -0.2484329 0.9091281 0.3343162
vn -0.8193607 0.5602362 -0.1215879
vn -0.6223465 0.7616003 0.180693
vn -0.4016193 0.8427773 0.3583692
vn -0.6021072 0.7947932 0.07596468
vn -0.2251708 0.9392808 0.2589394
vn -0.07243316 0.9616257 0.2646308
vn -0.2249124 0.972829 0.05493834
vn -0.3846967 0.9069891 -0.1714039
vn -0.4206268 0.8617074 -0.2837842
vn -0.4014407 0.8555696 -0.3268733
vn -0.3916183 0.8523189 -0.3466808
vn -0.3995336 0.8443174 -0.3570729
vn -0.3696817 0.8633264 -0.3435155
vn -0.1977357 0.9433119 -0.266577
vn 0.06331486 0.9841462 -0.1656729
vn 0.07370085 0.9642673 -0.2544737
vn -0.3492776 0.7482481 -0.5640302
vn -0.18949 0.7988296 -0.5709332
vn 0.225271 0.8936864 -0.3880436
vn -0.06599563 0.8064119 -0.5876603
vn 0.5586565 0.7841378 -0.2702422
vn 0.6078175 0.7299525 -0.3126137
vn 0.3204785 0.6957757 -0.6427984
vn 0.5537399 0.7234466 -0.4123072
vn 0.006726396 0.724466 -0.6892778
vn 0.3123337 0.8342485 -0.4543976
vn 0.5071471 0.825927 -0.246265
vn 0.3400233 0.8580511 -0.38488
vn 0.7171697 0.6968029 -0.011548
vn 0.8337148 0.4712929 0.2877546
vn 0.7404512 0.6625798 0.1127836
vn 0.8480217 0.4820885 0.2201133
vn 0.7284284 0.6473241 0.2244186
vn 0.4713987 0.8491431 0.2381999
vn 0.2705044 0.9182922 0.2890792
vn 0.1570839 0.917827 0.3645798
vn 0.1357868 0.871806 0.4706552
vn 0.261591 0.7386751 0.6212321
vn 0.5022405 0.5158253 0.6940308
vn 0.6111145 0.5297098 0.5881724
vn 0.4549752 0.7307609 0.5089068
vn 0.2833354 0.6066073 0.7427979
vn 0.1769169 0.7068552 0.6848767
vn -0.2535673 0.9142987 0.3158506
vn -0.2286511 0.7712969 0.5939863
vn -0.02562145 0.9406378 0.3384437
vn -0.2680342 0.7466781 0.6087936
vn -0.2702122 0.8945609 0.3560143
vn -0.8452191 0.5218756 0.1151117
vn -0.608727 0.7777233 0.1568376
vn -0.6700064 0.7400696 0.058211
vn -0.393599 0.7901261 0.4698731
vn -0.2192111 0.925523 0.3087941
vn -0.5795735 0.7751467 0.25148
vn -0.553705 0.800695 0.2286883
vn -0.4246764 0.9046581 0.03526652
vn -0.4937319 0.848982 -0.188304
vn -0.6094361 0.699536 -0.3731447
vn -0.6505383 0.5812219 -0.4888568
vn -0.6398208 0.5530038 -0.5336818
vn -0.5866946 0.6380406 -0.4986919
vn -0.4365551 0.8205233 -0.3690003
vn -0.2020137 0.9473642 -0.2483781
vn -0.2021513 0.9783262 -0.04486431
vn -0.117163 0.5001776 -0.8579599
vn 0.1155138 0.9419937 -0.3151262
vn 0.1526055 0.8369623 -0.5255526
vn -0.07215834 0.5017127 -0.8620195
vn 0.267032 0.7704551 -0.5788721
vn 0.6150941 0.4448086 -0.6510027
vn 0.53074 0.7682776 -0.3578613
vn 0.6061118 0.5794037 -0.5449035
vn 0.07488616 0.7638356 -0.6410517
vn 0.3841336 0.6785079 -0.6261538
vn 0.3510887 0.6848376 -0.6385408
vn 0.6921842 0.6935861 -0.1995482
vn 0.9145605 0.3768349 -0.1468832
vn 0.6834818 0.7200423 -0.1199654
vn 0.7404906 0.6625403 0.1127575
vn 0.6874877 0.7249401 0.04269277
vn 0.8204715 0.5673914 0.06995358
vn 0.9386193 0.2482569 0.2395043
vn 0.8943549 0.2470368 0.3729641
vn 0.7758428 0.4025263 0.4858402
vn 0.6107351 0.5273342 0.5906958
vn 0.4579493 0.5686817 0.6832888
vn 0.3178734 0.6114806 0.724602
vn 0.1751842 0.7795716 0.6013141
vn 0.2229233 0.8781525 0.4232652
vn 0.4931064 0.4943374 0.7158747
vn 0.3359116 0.2537793 0.9070609
vn 0.210242 0.6130837 0.7615293
vn -0.008223444 0.3992307 0.9168137
vn -0.143677 0.913122 0.3815302
vn -0.1663491 0.7430366 0.6482474
vn -0.3183511 0.864298 0.3894119
vn -0.2745564 0.9126549 0.3027868
vn -0.5828335 0.8089805 0.07652295
vn -0.6655239 0.6943854 0.2736913
vn -0.3377929 0.9366004 0.0931437
vn -0.5091081 0.7443686 0.432116
vn -0.6752808 0.6718206 0.3043893
vn -0.571964 0.7650802 0.2958204
vn -0.8619484 0.4736645 0.1807953
vn -0.8113772 0.5768691 -0.09428216
vn -0.5550959 0.8026271 -0.218308
vn -0.4484314 0.8472306 -0.2847976
vn -0.4406656 0.8238041 -0.3565959
vn -0.4404286 0.8131478 -0.3805436
vn -0.4382375 0.8257681 -0.3550423
vn -0.4753191 0.7962185 -0.3743099
vn -0.5517336 0.6103346 -0.5684028
vn 0.01312002 0.4944743 -0.8690932
vn 0.06911935 0.8764743 -0.4764614
vn -0.3035163 0.8660224 -0.397345
vn 0.2166266 0.5449734 -0.8099858
vn 0.2718376 0.7560263 -0.5954231
vn 0.3278909 0.1518568 -0.9324307
vn 0.5333868 0.5600988 -0.6338674
vn 0.4986523 0.4509624 -0.7402559
vn 0.2474345 0.9190328 -0.3068468
vn 0.3027402 0.6158011 -0.7274183
vn 0.338484 0.7950464 -0.5033188
vn 0.6818542 0.39843 -0.6134561
vn 0.71438 0.6696164 -0.203163
vn 0.6957025 0.6821929 -0.2249686
vn 0.9197514 0.3920909 0.01794777
vn 0.6873304 0.7250906 0.04266868
vn 0.9301019 -0.05681007 0.3628817
vn 0.9629476 0.1198643 0.2415874
vn 0.9834277 0.1171253 0.1383896
vn 0.9721863 0.04780314 0.2292788
vn 0.9252764 0.1044002 0.3646425
vn 0.8145381 0.238718 0.5287167
vn 0.6063818 0.4106363 0.6809397
vn 0.3187473 0.631189 0.7071072
vn 0.1885938 0.7874705 0.58679
vn 0.4212246 0.6452988 0.6373063
vn 0.2699595 0.475144 0.8374725
vn 0.007271161 0.6413137 0.7672443
vn 0.3541119 0.06677511 0.9328161
vn -0.008590979 0.3896047 0.9209421
vn 0.2939648 0.4629173 0.836237
vn -0.4623097 0.7646842 0.4489185
vn -0.9354624 0.03813137 0.3513633
vn -0.8867047 -0.005825417 0.4622996
vn -0.3683512 0.3507738 0.8609734
vn -0.3188686 0.9239846 0.2111287
vn -0.6922435 0.7054667 0.1520387
vn -0.5841042 0.7920135 0.1775865
vn -0.8132887 0.4417977 0.3786507
vn -0.7278129 0.6590737 0.1895003
vn -0.5387899 0.7778563 0.3234888
vn -0.7746611 0.6322823 -0.01091734
vn -0.7153559 0.6175609 -0.326932
vn -0.5454381 0.7503124 -0.3735351
vn -0.4352758 0.8309508 -0.3464907
vn -0.3918489 0.8648238 -0.3139018
vn -0.4209226 0.8479963 -0.322066
vn -0.532974 0.7142509 -0.4536348
vn -0.5231487 0.5017049 -0.6889178
vn -0.2827362 0.4558551 -0.8439528
vn 0.008942403 0.9817582 -0.1899232
vn -0.06931285 0.0197568 -0.9973993
vn 0.4089704 0.6254498 -0.6644967
vn 0.2279351 0.44162 -0.8677657
vn 0.6899714 0.4243741 -0.5863839
vn 0.09696739 0.2328109 -0.9676758
vn 0.2633588 0.8132027 -0.5189833
vn 0.1503315 0.7738135 -0.6153155
vn 0.3229305 0.9011394 -0.2892468
vn 0.6468484 0.5264041 -0.5518025
vn 0.3640295 0.8019978 -0.4735843
vn 0.7147998 0.6113283 -0.3396159
vn 0.6027243 0.7974105 -0.02932241
vn 0.922732 0.385189 0.01397008
vn 0.9301254 -0.05681529 0.3628207
vn 0.9485449 0.07495945 0.3076422
vn 0.9192387 0.01533871 0.3934017
vn 0.9128055 0.3974864 0.09375864
vn 0.8025928 0.5961136 -0.02221617
vn 0.7296309 0.6779473 0.08958904
vn 0.5893634 0.7570533 0.2819951
vn 0.3809416 0.800894 0.462009
vn 0.2829399 0.757813 0.5879324
vn 0.4890638 0.5105378 0.7072254
vn 0.4786535 0.3297763 0.8137189
vn -0.01749478 0.5868085 0.8095367
vn 0.265477 0.3685634 0.8908889
vn -0.1674579 0.4367942 0.8838375
vn 0.4741063 0.2364393 0.8481271
vn -0.05943595 0.3317445 0.9414951
vn 0.008599683 0.3404103 0.9402377
vn -0.9144791 0.4019229 -0.04675461
vn -0.378587 0.8881497 0.2605032
vn 0.05452218 0.7227131 0.6889943
vn -0.7318813 0.6286427 0.2629796
vn -0.5935436 0.7421591 0.3112971
vn -0.8043095 0.5883268 -0.08341423
vn -0.4557379 0.7724814 0.4422391
vn -0.7262931 0.6480452 0.2292071
vn -0.7075233 0.6906399 0.1497575
vn -0.7535937 0.6519427 0.08406798
vn -0.8813108 0.2944239 -0.3696025
vn -0.8159036 0.09268121 -0.5707114
vn -0.7934006 0.1207421 -0.5966045
vn -0.7955486 0.2200461 -0.5645195
vn -0.7713441 0.3247996 -0.5472966
vn -0.6211046 0.4962945 -0.6065648
vn -0.1891372 0.716792 -0.6711456
vn 0.04109935 0.6775172 -0.7343577
vn -0.2903875 0.2531897 -0.9228056
vn 0.02212793 0.6212746 -0.7832805
vn -0.08694654 0.8205108 -0.56498
vn 0.6029703 0.4068599 -0.6862156
vn 0.2131563 0.5644227 -0.7974907
vn 0.4053506 0.7349575 -0.5436253
vn -0.2253423 0.559096 -0.7978925
vn 0.3270973 0.8104064 -0.4860543
vn 0.5875866 0.7281026 -0.3529996
vn 0.2660011 0.8283941 -0.492957
vn 0.6667113 0.6917942 -0.277339
vn 0.4940724 0.7172446 -0.4913784
vn 0.9443829 0.1541487 0.2904809
vn 0.9318495 0.289102 0.2192639
vn 0.9485471 0.07503206 0.3076177
vn 0.6959769 0.7176762 0.02360383
vn 0.6825421 0.7188557 0.131844
vn 0.778971 0.5973812 0.1906303
vn 0.7730464 0.6330072 0.04124734
vn 0.714533 0.6976858 0.05174222
vn 0.6209484 0.7553658 0.2093935
vn 0.486879 0.773904 0.4049957
vn 0.3974781 0.7325388 0.5526283
vn 0.2764575 0.6934848 0.6653196
vn -0.008003107 0.6143146 0.7890207
vn 0.2877263 0.1287008 0.9490256
vn 0.1455591 0.2385616 0.9601567
vn 0.1008483 0.5181843 0.8493025
vn 0.1217269 0.5900877 0.7981097
vn 0.2519673 0.1649017 0.9535826
vn -0.5549809 0.0720796 0.8287345
vn -0.09925801 0.3560293 0.9291884
vn -0.2219792 0.9692992 0.1057557
vn -0.9228182 -0.0218404 0.3846161
vn -0.565376 0.3847688 0.729591
vn -0.8366401 0.5462178 0.04098307
vn -0.4481876 0.811089 0.375849
vn -0.7015705 0.7124974 0.01209985
vn -0.6834523 0.6159268 0.3918255
vn -0.9736072 0.1298096 -0.187719
vn -0.9696507 0.03930526 -0.2413144
vn -0.9377303 0.158834 -0.3089234
vn -0.8636541 0.09108417 -0.4957876
vn -0.8331081 0.03271649 -0.5521418
vn -0.8386341 0.06191759 -0.5411646
vn -0.7963883 0.1761198 -0.5785736
vn -0.6012587 0.3398603 -0.7231757
vn -0.3571073 0.3579599 -0.8627509
vn -0.3528507 0.3132609 -0.8816825
vn 0.05590181 0.647238 -0.7602355
vn 0.3603804 0.06454029 -0.93057
vn -0.03447999 -0.3831478 -0.9230433
vn -0.386754 -0.3694859 -0.8449269
vn 0.3735056 0.6679652 -0.6436739
vn -0.1740294 0.7121476 -0.6801173
vn 0.1999453 0.7643726 -0.6129897
vn 0.4881721 -0.4287725 -0.7601593
vn 0.3457549 0.2508076 -0.9041843
vn 0.6814838 0.7092711 -0.1803174
vn 0.5145037 0.6111723 -0.6014604
vn 0.9932681 -0.01007989 0.1153988
vn 0.9720272 0.2025493 -0.1188982
vn 0.8803151 0.1931883 0.4332709
vn 0.6959769 0.7176762 0.02360407
vn 0.8123698 0.5041526 0.2930622
vn 0.7444543 0.6676444 -0.006233519
vn 0.7690403 0.6364095 0.05966602
vn 0.8700411 0.4746949 0.1330162
vn 0.912199 0.3790232 0.1556743
vn 0.885918 0.3700539 0.2796595
vn 0.7548407 0.4415921 0.4849867
vn 0.4356269 0.5974431 0.6732689
vn 0.03045711 0.6411725 0.7667922
vn 0.01294609 0.4191881 0.9078071
vn 0.1232667 0.2625818 0.9570037
vn 0.04863469 0.1816343 0.9821628
vn 0.5388263 0.3228939 0.7780783
vn -0.07517688 0.5344798 0.8418313
vn -0.3315869 0.4040079 0.852542
vn 0.1316479 0.07976658 0.9880821
vn -0.4264452 0.4033467 0.8096024
vn -0.4148236 0.5905033 0.6922624
vn -0.6557 0.3482614 0.6699041
vn -0.8926382 0.30819 0.3289619
vn -0.4774314 0.5426608 0.6910706
vn -0.7814996 0.5955524 0.1859457
vn -0.8109421 0.5696882 0.1335229
vn -0.9769634 0.1506043 -0.1511983
vn -0.9621475 0.2627624 0.07230554
vn -0.9136212 0.05365163 -0.4030108
vn -0.8892088 0.08179601 -0.4501302
vn -0.8543566 0.2977111 -0.4259612
vn -0.798586 0.4025198 -0.44748
vn -0.7648252 0.4195383 -0.488907
vn -0.7179408 0.3668633 -0.5915846
vn -0.6734324 0.1863482 -0.7153763
vn -0.6614658 0.07286523 -0.7464273
vn -0.3026817 0.3568452 -0.8837677
vn -0.6160351 0.4573841 -0.6413271
vn 0.5536162 0.3421933 -0.7592186
vn 0.2796265 0.1711371 -0.9447334
vn -0.4467943 0.1348551 -0.8844145
vn -0.1704865 0.3276408 -0.9292933
vn 0.4232381 0.6399702 -0.6413328
vn 0.8535197 -0.08791196 -0.5135911
vn 0.6160387 -0.4495134 -0.6468648
vn 0.2747855 -0.2895829 -0.9168613
vn 0.7828642 0.6048815 -0.1457466
vn 0.9949918 0.01192274 0.09924323
vn 0.9733803 0.09915724 -0.2066366
vn 0.9902031 0.1387949 -0.01529469
vn 0.7963123 0.5958164 -0.1043527
vn 0.8123578 0.504156 0.2930896
vn 0.9560156 0.2912078 0.03510213
vn 0.928157 0.1731257 0.3294726
vn 0.9280692 0.3687066 0.05237309
vn 0.862864 0.5054228 0.003697495
vn 0.860653 0.4936846 0.1247077
vn 0.8494314 0.3972056 0.3474105
vn 0.718251 0.2249376 0.6584214
vn 0.4567006 -0.02336047 0.8893138
vn 0.3242871 -0.2060549 0.9232439
vn 0.132419 0.05791964 0.9895002
vn -0.2184643 0.367955 0.9038155
vn 0.511793 0.3684494 0.7760882
vn 0.1268562 0.352226 0.9272779
vn 0.3206107 0.2142359 0.9226656
vn -0.3410982 0.3721666 0.8632173
vn -0.3494612 0.5804758 0.7354758
vn 0.1152294 0.2141861 0.9699724
vn -0.6734478 0.0879173 0.7339882
vn -0.8703262 0.3830504 0.3095236
vn -0.4643658 0.3998162 0.7902604
vn -0.8557547 0.1405273 0.4979318
vn -0.9369892 0.1011539 0.3343938
vn -0.988665 0.07831451 0.1280955
vn -0.9204249 0.3800701 -0.09145916
vn -0.9175955 0.3627135 -0.1626576
vn -0.8545805 0.5160573 -0.05811307
vn -0.8168627 0.383959 -0.4304774
vn -0.8010156 0.1978182 -0.565015
vn -0.8307186 0.122431 -0.5430629
vn -0.8530343 0.1335925 -0.5044656
vn -0.8309368 0.2358989 -0.5038806
vn -0.69766 0.4390355 -0.5661435
vn -0.3546412 0.5993783 -0.7176178
vn -0.217276 0.4593384 -0.8612778
vn -0.5162988 0.2099548 -0.8302738
vn 0.5701545 0.4603876 -0.6804169
vn -0.0649728 0.8578941 -0.5097023
vn -0.275925 0.7690255 -0.576598
vn -0.1329813 0.2459118 -0.9601268
vn 0.03154682 -0.09737772 -0.9947474
vn 0.9824375 0.1031793 -0.1554691
vn 0.9577707 0.2278777 -0.1753483
vn -0.2274721 -0.2064807 -0.9516419
vn 0.906651 -0.3762864 -0.1907686
vn 0.9409617 0.1593074 -0.2986842
vn 0.9484469 0.2786089 -0.1510811
vn 0.9173053 0.3842805 -0.1043052
vn 0.9782618 0.177538 -0.1071639
vn 0.9560341 0.2911398 0.03516371
vn 0.9994587 0.02981069 -0.01391524
vn 0.9340031 0.3389727 -0.1128527
vn 0.8859322 0.4439068 0.1344281
vn 0.8744297 0.4633758 0.1437204
vn 0.8820484 0.4037132 0.2429121
vn 0.8383488 0.2007137 0.5068385
vn 0.6548809 -0.1393463 0.7427742
vn 0.4472256 -0.4019401 0.7990202
vn 0.2322163 -0.4365062 0.8692169
vn 0.09921072 -0.2916591 0.9513633
vn 0.5520172 0.1860791 0.8128048
vn -0.01277342 0.6119655 0.7907813
vn 0.43925 0.3350222 0.8335584
vn -0.2238078 0.06799199 0.9722588
vn 0.1090984 0.365338 0.9244596
vn -0.040964 0.4951903 0.8678182
vn -0.7577792 0.1331793 0.6387755
vn -0.5041308 -0.1987282 0.8404518
vn -0.466272 0.07341992 0.8815895
vn -0.9447836 0.212964 0.2490588
vn -0.853043 -0.2106132 0.4774514
vn -0.7965301 -0.4404794 0.4141471
vn -0.9863771 -0.07419092 0.146819
vn -0.9109567 0.3031513 0.2797446
vn -0.8907012 0.4402452 -0.1132945
vn -0.8653726 0.2953318 -0.4048575
vn -0.8888485 0.2726153 -0.3682788
vn -0.8396427 0.2341283 -0.4900858
vn -0.8278586 0.1404897 -0.5430588
vn -0.8639278 0.08822406 -0.4958279
vn -0.8491167 0.174527 -0.498539
vn -0.694297 0.3533605 -0.6269674
vn -0.5347438 0.4770803 -0.697455
vn -0.3596599 0.5112323 -0.7805679
vn 0.2407938 0.2749799 -0.9308085
vn -0.3731754 -0.5356584 -0.7575027
vn 0.2560248 0.7205088 -0.644452
vn -0.01053619 0.489041 -0.8721972
vn 0.4432246 0.08545662 -0.892328
vn 0.4813835 -0.3485655 -0.8042214
vn -0.2546091 -0.225279 -0.940438
vn 0.8184888 0.5716053 -0.057823
vn 0.3978904 0.7049875 -0.587091
vn 0.5760902 -0.521445 -0.6294563
vn 0.9190626 -0.03781851 -0.3922929
vn 0.9160461 0.3807842 -0.1259483
vn 0.9561854 0.2159431 -0.1976818
vn 0.9856279 0.04391716 0.1631223
vn 0.9994625 0.02973143 -0.01381488
vn 0.9044565 0.4264171 -0.01126616
vn 0.8759955 0.4821452 0.01295972
vn 0.8852816 0.449813 -0.1180887
vn 0.9264112 0.3657595 0.0893442
vn 0.90325 0.1898198 0.3848479
vn 0.7416399 -0.04982748 0.6689451
vn 0.4540963 -0.2256617 0.861901
vn 0.1877184 -0.267398 0.9451244
vn 0.2553095 -0.2387207 0.9369256
vn 0.6566732 -0.07236187 0.7506958
vn 0.3827195 0.1951638 0.9030154
vn 0.5674826 -0.1970888 0.7994495
vn -0.3438226 0.3291388 0.8794621
vn 0.3228616 0.2580869 0.9105776
vn 0.02346932 0.1556627 0.9875315
vn -0.5554914 0.05258803 0.8298576
vn -0.4688235 -0.1055331 0.8769649
vn -0.6188831 -0.2259492 0.7522836
vn -0.7513391 -0.2907718 0.592403
vn -0.6903525 -0.3418999 0.6375876
vn -0.9372437 -0.3271214 0.1206893
vn -0.8952019 -0.3158678 0.3143901
vn -0.7249945 -0.2153472 0.6542237
vn -0.9760163 -0.1987186 0.08889896
vn -0.9924055 -0.122499 -0.01119732
vn -0.9742123 -0.01121619 -0.2253545
vn -0.8193045 0.1169273 -0.5613094
vn -0.7674206 0.1986829 -0.6095825
vn -0.780732 0.193362 -0.5941958
vn -0.8424922 0.09006813 -0.531126
vn -0.9079286 -0.03069608 -0.4179993
vn -0.9116305 -0.07615463 -0.403894
vn -0.6961236 -0.07643054 -0.713842
vn -0.09235773 0.009440861 -0.9956812
vn -0.13217 0.2049435 -0.9698089
vn 0.2848208 0.30016 -0.9103742
vn -0.313006 0.3418554 -0.8860938
vn 0.5220407 0.2635266 -0.8111888
vn 0.5290691 0.1393355 -0.8370613
vn 0.137674 -0.01471537 -0.9903683
vn 0.5233446 -0.2537363 -0.8134668
vn 0.3713401 -0.6841602 -0.6277193
vn 0.3609638 -0.8511216 -0.3811788
vn 0.7563623 -0.4549952 -0.4699953
vn 0.5946732 -0.3029601 -0.7447007
vn 0.8969401 -0.1247059 -0.4242016
vn 0.9784234 0.1206814 0.1677011
vn 0.9363282 0.3108509 -0.1632825
vn 0.9044012 0.4265358 -0.0112055
vn 0.7982276 0.5918707 -0.1119011
vn 0.8855631 0.4498641 -0.1157594
vn 0.9185069 0.3338254 0.2119094
vn 0.9216996 0.1429087 0.3606202
vn 0.8350692 -0.1108822 0.538855
vn 0.6386917 -0.2562831 0.7255287
vn 0.4863707 -0.2187087 0.8459374
vn 0.4697007 -0.02882019 0.8823552
vn 0.4027219 0.1779318 0.8978615
vn 0.3531857 0.2854605 0.8909389
vn 0.9338435 -0.02907857 0.3564981
vn 0.1196212 0.2783917 0.9529895
vn -0.3017097 0.07474573 0.9504654
vn -0.3067211 0.3485142 0.8856975
vn -0.06806617 -0.1421645 0.9875
vn -0.2066853 -0.4825404 0.8511381
vn -0.8391181 -0.1456881 0.5240763
vn -0.6245335 -0.08639975 0.7762042
vn -0.4422132 -0.5073596 0.7396173
vn -0.8123639 -0.5661021 0.1399764
vn -0.8233204 -0.2874157 0.4894239
vn -0.8523836 0.02866214 0.5221308
vn -0.9127634 -0.3565825 0.1992783
vn -0.7686622 -0.5530462 0.3214008
vn -0.8102079 -0.5861354 -0.002913163
vn -0.901881 -0.3362511 -0.2711937
vn -0.9584054 -0.1308997 -0.2536226
vn -0.88946 0.05135949 -0.454118
vn -0.787537 0.1466897 -0.5985546
vn -0.7696537 0.06919057 -0.6347014
vn -0.7655543 -0.1978876 -0.6121823
vn -0.650759 -0.470759 -0.5957338
vn -0.6152142 -0.5277134 -0.5856877
vn -0.5547335 -0.4229668 -0.7164984
vn 0.03968954 -0.02413727 -0.9989205
vn -0.2183468 0.3804922 -0.8986381
vn 0.3881095 0.1105919 -0.9149538
vn 0.04838199 -0.1812304 -0.9822499
vn 0.6098027 0.1215462 -0.7831777
vn 0.6921615 0.240078 -0.6806431
vn 0.0985723 -0.2114513 -0.9724053
vn 0.5907605 -0.5861781 -0.5544343
vn 0.8594598 -0.313392 -0.4038744
vn 0.3843929 -0.1616676 -0.9089036
vn 0.7067734 -0.4566496 -0.5403171
vn 0.7779032 -0.5230408 -0.3482742
vn 0.8913993 0.003308649 -0.4532067
vn 0.8882393 0.4574308 -0.04228419
vn 0.7982606 0.591835 -0.111854
vn 0.9692258 0.1904361 -0.1559982
vn 0.9180549 0.3040551 0.2544125
vn 0.9702923 0.09778611 0.2212932
vn 0.908173 -0.2052127 0.3648419
vn 0.7431499 -0.3477592 0.5716571
vn 0.5802923 -0.3786104 0.7210514
vn 0.4600811 -0.3166661 0.8294865
vn 0.426259 -0.1130911 0.8975042
vn 0.5698636 0.118722 0.8131179
vn 0.5373924 -0.03966409 0.8423991
vn 0.1250498 -0.2319874 0.9646473
vn 0.6292289 0.01734822 0.7770264
vn 0.07708174 -0.09863902 0.9921334
vn 0.1036436 -0.02597376 0.9942753
vn -0.5582104 -0.1830933 0.8092453
vn -0.585455 -0.4757822 0.6564099
vn -0.09074245 -0.3013679 0.9491803
vn -0.8242111 -0.08417909 0.5599912
vn -0.9089069 -0.3941671 0.1360903
vn -0.399486 -0.5401824 0.7406848
vn -0.8108497 -0.3135928 0.4941482
vn -0.8760737 -0.3045955 0.3737869
vn -0.9261858 -0.3172789 0.2037499
vn -0.8296261 -0.5569663 0.03884942
vn -0.8663924 -0.4979773 0.03718914
vn -0.8333553 -0.5320436 0.1498286
vn -0.9096044 -0.3424074 -0.2353231
vn -0.8705887 -0.08250871 -0.4850439
vn -0.7851279 0.01428428 -0.6191689
vn -0.7120427 -0.01503687 -0.7019751
vn -0.7139591 -0.1458321 -0.6848325
vn -0.7109783 -0.3792199 -0.5922011
vn -0.5388629 -0.5693978 -0.6208164
vn -0.5432069 -0.3799756 -0.7486954
vn -0.6043286 -0.1118571 -0.7888441
vn 0.2234938 -0.08037581 -0.9713858
vn 0.108174 -0.1459537 -0.9833595
vn 0.5364541 -0.2568687 -0.8038878
vn 0.1809763 -0.1260984 -0.97537
vn 0.3788145 0.1104351 -0.91886
vn 0.9386646 -0.2421217 -0.2455318
vn 0.4264061 -0.524308 -0.7370747
vn 0.204752 -0.2025517 -0.957627
vn 0.9330403 -0.04597029 -0.3568229
vn 0.697999 -0.3730207 -0.6112717
vn 0.7464005 -0.3151114 -0.5861665
vn 0.8254323 -0.2062929 -0.5254567
vn 0.8894556 0.1909432 -0.4152223
vn 0.9692348 0.1904378 -0.1559405
vn 0.9342826 -0.3496402 0.06976949
vn 0.8522627 -0.5223728 -0.02783812
vn 0.9991811 0.0393653 0.009359177
vn 0.6129244 -0.7486452 0.2526937
vn 0.6928244 -0.3014361 0.6550807
vn 0.6023711 -0.296029 0.7412934
vn 0.5383517 -0.3715971 0.7563685
vn 0.4382012 -0.5461167 0.7139582
vn 0.2568334 -0.6336981 0.7297008
vn 0.4603792 -0.3795694 0.8024824
vn 0.5292786 -0.2234957 0.8184826
vn 0.2576757 -0.1776746 0.9497553
vn 0.4742144 -0.3131659 0.8228291
vn -0.269029 -0.4732171 0.8388617
vn -0.553729 -0.3138196 0.7712986
vn -0.1997109 -0.01951805 0.9796605
vn -0.6845236 -0.2996732 0.6645476
vn -0.6270829 -0.5281776 0.5725344
vn -0.8088371 -0.2353735 0.538871
vn -0.9614753 -0.2041517 0.1840857
vn -0.4235515 -0.4872929 0.7636424
vn -0.7677132 -0.5993398 0.226734
vn -0.777904 -0.5864355 0.2257407
vn -0.9786877 -0.2051087 -0.01004471
vn -0.9138862 -0.2894047 0.284705
vn -0.9882006 -0.09857979 -0.1172251
vn -0.9774554 -0.104776 -0.183311
vn -0.9100249 -0.28259 -0.3033111
vn -0.7652503 -0.3707905 -0.526219
vn -0.6276338 -0.3598698 -0.6903402
vn -0.5815164 -0.2492396 -0.7744148
vn -0.669308 -0.009471091 -0.7429247
vn -0.7822937 0.07225321 -0.6187052
vn -0.6096708 -0.2843384 -0.7399008
vn -0.3092724 -0.4483535 -0.8386476
vn -0.1665633 -0.5030913 -0.8480306
vn 0.4957424 -0.3013068 -0.8145266
vn 0.1723289 -0.1838285 -0.9677344
vn 0.1812957 -0.3188659 -0.9302991
vn 0.7294151 -0.5454437 -0.4128496
vn 0.547968 -0.3489461 -0.760242
vn 0.7067007 -0.06509196 -0.7045121
vn 0.5909936 -0.4269098 -0.6844521
vn 0.3539973 -0.4714721 -0.8077129
vn 0.8174179 -0.5552009 0.1535583
vn 0.7676511 0.0427912 -0.6394377
vn 0.8430185 -0.02791751 -0.5371596
vn 0.7693884 -0.436848 -0.4660529
vn 0.9342294 -0.3497819 0.0697713
vn 0.6162962 -0.7689088 -0.170171
vn 0.5956195 -0.7980998 0.09096266
vn 0.3591029 -0.6693645 0.6503817
vn 0.5574659 -0.8105836 -0.1794049
vn 0.4765652 -0.7267063 0.4947561
vn 0.4037485 -0.7036232 0.5847236
vn 0.3556741 -0.6445568 0.6767883
vn 0.4686907 -0.5704147 0.6745043
vn 0.5624028 -0.5528303 0.6148835
vn 0.3653375 -0.6071405 0.7056267
vn 0.6209997 -0.2252503 0.7507474
vn 0.3151627 -0.444865 0.8383124
vn 0.06684071 -0.681307 0.7289398
vn -0.05854325 -0.7030332 0.7087433
vn -0.02876729 -0.2539261 0.9667957
vn -0.7123954 -0.05478197 0.6996368
vn -0.4216877 -0.3079341 0.8528517
vn -0.7381966 -0.5078488 0.4440219
vn -0.8590876 -0.283732 0.4259868
vn -0.6820398 -0.09656421 0.7249118
vn -0.9436543 -0.3288201 -0.03733579
vn -0.4890261 -0.7074525 0.5102592
vn -0.7726429 -0.6258768 0.106308
vn -0.6768352 -0.5254722 0.5155318
vn -0.9943849 -0.1023408 0.02692685
vn -0.9959954 -0.08210584 0.03538192
vn -0.9647231 -0.2590461 -0.0469514
vn -0.9034643 -0.2420003 -0.3538195
vn -0.8081741 -0.1619082 -0.5662512
vn -0.7494443 -0.0914962 -0.6557146
vn -0.7113212 -0.07552616 -0.6987976
vn -0.6151807 -0.1613225 -0.7717046
vn -0.5326334 -0.2231371 -0.8164015
vn -0.5902328 -0.3058576 -0.7470451
vn -0.13168 -0.7032854 -0.6986058
vn -0.07409623 -0.6479998 -0.7580277
vn 0.09091552 -0.4270137 -0.8996631
vn 0.3555644 -0.3302338 -0.8743681
vn 0.6199909 -0.6350643 -0.4607652
vn 0.1085212 -0.761377 -0.6391621
vn 0.7534374 -0.4383609 -0.4900733
vn 0.5355967 -0.1525302 -0.8305845
vn 0.501754 -0.3784887 -0.7778106
vn 0.7409437 -0.5040098 -0.4438204
vn 0.7073658 0.1177224 -0.6969758
vn 0.9674369 -0.2129351 0.1368378
vn 0.7822036 -0.1871103 -0.594262
vn 0.9420246 -0.3259113 0.07982153
vn 0.6162449 -0.7689446 -0.1701953
vn 0.777403 -0.6089679 0.157489
vn 0.6980105 -0.6099505 0.3751557
vn 0.6553609 -0.3251673 0.6817393
vn 0.740909 -0.6661954 0.08507378
vn 0.4514743 -0.8357028 0.3126851
vn 0.402823 -0.7540632 0.51877
vn 0.3258526 -0.6696189 0.667406
vn 0.3756931 -0.5596849 0.7386526
vn 0.6951267 -0.2680442 0.6670466
vn 0.7033025 -0.3003134 0.6443427
vn 0.1434845 -0.7947624 0.589716
vn 0.3271241 -0.7340062 0.5951679
vn -0.1406336 -0.810258 0.56895
vn 0.3673346 -0.6065373 0.7051085
vn -0.186967 -0.5848272 0.7893165
vn -0.1637399 -0.4137053 0.8955653
vn -0.866433 -0.3903798 0.3112836
vn -0.6185147 -0.3193854 0.7179364
vn -0.5451466 -0.4232989 0.7236251
vn -0.9339011 -0.2796947 0.2227101
vn -0.828186 -0.4373412 0.3504864
vn -0.9475458 -0.2965985 -0.1191062
vn -0.5258838 -0.6607639 0.535572
vn -0.752284 -0.5814199 0.3098705
vn -0.647186 -0.7165285 0.2602637
vn -0.624028 -0.7497674 0.2200861
vn -0.7981775 -0.5814791 -0.1574635
vn -0.7830802 -0.4516008 -0.4276004
vn -0.7326271 -0.4277908 -0.529389
vn -0.7301127 -0.3768109 -0.570043
vn -0.7385824 -0.3159397 -0.5955486
vn -0.6444563 -0.3956465 -0.6543241
vn -0.2988371 -0.659636 -0.6896207
vn -0.1167842 -0.7489696 -0.6522315
vn -0.3941717 -0.5508169 -0.735683
vn 0.04711822 -0.706388 -0.7062548
vn -0.1566349 -0.6648585 -0.7303621
vn 0.6060669 -0.6590544 -0.4453428
vn 0.3708811 -0.7472331 -0.5514435
vn 0.6197821 -0.6772459 -0.396495
vn -0.08518146 -0.5010338 -0.8612254
vn 0.6157382 -0.4785911 -0.6259528
vn 0.7995754 -0.1939277 -0.5683936
vn 0.409845 -0.4293794 -0.8047736
vn 0.6920882 -0.3205023 -0.6467552
vn 0.4213887 -0.5203868 -0.7427174
vn 0.9423737 -0.3309144 -0.04927016
vn 0.7599282 -0.6470631 -0.06179471
vn 0.7772834 -0.6091383 0.1574201
vn 0.6960071 -0.6191052 0.3637071
vn 0.5336093 -0.8239228 0.1908204
vn 0.585508 -0.8013242 0.1227185
vn 0.7283503 -0.622856 0.2855805
vn 0.7695746 -0.4386688 0.464031
vn 0.7259808 -0.3036749 0.6170362
vn 0.6047352 -0.281354 0.745074
vn 0.3858342 -0.4806967 0.7874406
vn 0.2363979 -0.7399156 0.6297944
vn 0.4421426 -0.7009969 0.5595652
vn 0.2412727 -0.7539265 0.6110502
vn -0.01916407 -0.9234742 0.3831816
vn 0.3871792 -0.5795805 0.7170625
vn 0.02048317 -0.8104321 0.5854744
vn 0.2922186 -0.708913 0.6419119
vn -0.3607104 -0.872595 0.3293419
vn -0.4376742 -0.5392569 0.7194743
vn -0.7115958 -0.5557791 0.4298151
vn -0.6755087 -0.3944971 0.6229448
vn -0.5408044 -0.7950267 0.2747059
vn -0.8849497 -0.4536677 0.1051178
vn -0.7757095 -0.6184704 0.1255752
vn -0.9157677 -0.2826454 0.2854488
vn -0.7360545 -0.66317 0.135755
vn -0.3935593 -0.8733669 0.2869521
vn -0.5522752 -0.8322242 0.04893721
vn -0.4351165 -0.8847823 -0.1668352
vn -0.2734879 -0.9467375 -0.1699784
vn -0.2468629 -0.9553274 -0.1625065
vn -0.3000939 -0.9344881 -0.1915091
vn -0.3981346 -0.8764651 -0.2707357
vn -0.5222901 -0.7289297 -0.4425772
vn -0.48984 -0.5552167 -0.6721542
vn -0.1387026 -0.6821011 -0.7179831
vn -0.102615 -0.7978574 -0.5940487
vn -0.1823722 -0.6720195 -0.7177256
vn 0.3287374 -0.8951812 -0.3009692
vn 0.1831722 -0.8424637 -0.5066584
vn 0.6615574 -0.6510769 -0.3720762
vn 0.08701702 -0.3963455 -0.9139684
vn 0.3324352 -0.7392624 -0.5856433
vn 0.2613268 -0.5526755 -0.7913647
vn 0.5417926 -0.6200097 -0.5674934
vn 0.6986371 -0.05799915 -0.7131215
vn 0.4877276 -0.563534 -0.6667468
vn 0.6802537 -0.5554624 -0.4782431
vn 0.4337406 -0.8958968 -0.09611489
vn 0.5804734 -0.8120462 -0.06026374
vn 0.6960342 -0.6190695 0.3637159
vn 0.2586261 -0.9630685 0.0749103
vn 0.3490081 -0.9369192 0.01938664
vn 0.624034 -0.7694051 0.1363718
vn 0.7198638 -0.6488964 0.246434
vn 0.7067685 -0.6217212 0.3375517
vn 0.655272 -0.5893047 0.4725873
vn 0.5499151 -0.5368088 0.639867
vn 0.3526576 -0.5627851 0.7475998
vn 0.09131403 -0.7735638 0.6271051
vn 0.0641184 -0.9140275 0.400553
vn 0.3493836 -0.6729705 0.6519524
vn 0.2607527 -0.5278206 0.80834
vn 0.1883568 -0.8517974 0.4888384
vn 0.08550187 -0.6880711 0.7205884
vn 0.01040305 -0.9783931 0.2064914
vn 0.03422083 -0.8351181 0.5490053
vn -0.1288574 -0.9145352 0.3834333
vn -0.5232462 -0.5446567 0.6554103
vn -0.5643102 -0.812134 0.1482986
vn -0.6965938 -0.6786753 0.2327163
vn -0.4216921 -0.9064951 0.02103238
vn -0.6163084 -0.7305006 0.2941646
vn -0.7550367 -0.6430606 0.1280337
vn -0.5596833 -0.8177502 0.1343102
vn -0.8665856 -0.4932821 0.07551311
vn -0.7079239 -0.6949938 -0.1258072
vn -0.3364736 -0.9329666 -0.1279022
vn -0.2691225 -0.9586154 -0.09289622
vn -0.3411049 -0.9335506 -0.11014
vn -0.4065186 -0.9006864 -0.1533189
vn -0.4218068 -0.8834986 -0.2037381
vn -0.4240502 -0.8548149 -0.29912
vn -0.441171 -0.7188684 -0.5372115
vn -0.2638704 -0.5740484 -0.7751393
vn 0.1366679 -0.8519402 -0.5054897
vn 0.1716497 -0.944046 -0.2816266
vn 0.2362955 -0.8042404 -0.545309
vn 0.1594882 -0.932461 -0.3241604
vn 0.1958619 -0.392302 -0.898742
vn 0.3741283 -0.6889782 -0.6207553
vn 0.3713338 -0.4469647 -0.813839
vn 0.1990405 -0.8851113 -0.4206673
vn 0.3189704 -0.4851469 -0.8141809
vn 0.4222741 -0.7019855 -0.573499
vn 0.7254736 -0.3608643 -0.5860589
vn 0.651017 -0.7544085 -0.08393246
vn 0.4885047 -0.8703097 -0.06264388
vn 0.5766218 -0.8062603 0.1321054
vn 0.2586263 -0.9630693 0.07489977
vn 0.4733641 -0.8507874 0.2282263
vn 0.6384134 -0.7421177 0.2041806
vn 0.5797106 -0.8117115 0.07113422
vn 0.7598171 -0.6493818 -0.03132402
vn 0.6860665 -0.6445317 0.3374784
vn 0.290681 -0.9392715 0.182411
vn 0.2585266 -0.8889916 0.3779657
vn 0.2933742 -0.7192504 0.6297702
vn 0.3960314 -0.4637118 0.7925468
vn 0.4386718 -0.5070509 0.7419342
vn 0.2621389 -0.7563206 0.5993851
vn 0.13933 -0.6225908 0.7700441
vn 0.1457109 -0.7381424 0.6587216
vn -0.1913425 -0.9478954 0.2547201
vn -0.04153038 -0.8251639 0.5633648
vn 0.1867168 -0.9231746 0.3359845
vn -0.01057658 -0.7890787 0.6142011
vn -0.07041728 -0.9279909 0.3658885
vn -0.6899765 -0.7179525 0.09206977
vn -0.4916821 -0.8662565 0.08859166
vn -0.6121891 -0.7887513 -0.05564107
vn -0.4200699 -0.8594534 0.2913435
vn -0.2145201 -0.9706414 0.1087956
vn -0.6477287 -0.7586367 0.07012735
vn -0.6066157 -0.7891786 0.09599382
vn -0.4090201 -0.9120564 -0.02925371
vn -0.5036895 -0.8481496 -0.1641315
vn -0.6641468 -0.7000469 -0.2623802
vn -0.7234122 -0.6144682 -0.3148075
vn -0.7037203 -0.6229122 -0.341699
vn -0.609725 -0.7148598 -0.3423607
vn -0.4022291 -0.8653652 -0.2989226
vn -0.1097777 -0.9579551 -0.2650867
vn 0.1227084 -0.9138959 -0.3869586
vn 0.1646263 -0.800938 -0.5756707
vn 0.1470891 -0.910627 -0.3861648
vn 0.2108296 -0.8552766 -0.4733422
vn -0.1703915 -0.5306646 -0.8302782
vn 0.07244517 -0.8223787 -0.5643094
vn 0.425527 -0.49176 -0.7596703
vn 0.3384793 -0.8217847 -0.4583684
vn 0.4711033 -0.598989 -0.6475136
vn -0.009572262 -0.7970507 -0.6038365
vn 0.3798937 -0.7429741 -0.5510629
vn 0.3734695 -0.7924726 -0.4821905
vn 0.6180294 -0.7819777 0.08093539
vn 0.786375 -0.5954806 0.1643689
vn 0.4622238 -0.8791136 0.1162261
vn 0.4733644 -0.8507879 0.228224
vn 0.7820672 -0.4653878 0.4144696
vn 0.7397849 -0.6355917 0.2207748
vn 0.6281672 -0.7707573 -0.1064851
vn 0.191751 -0.8403208 0.5070431
vn 0.570806 -0.7592549 -0.3125901
vn 0.7091235 -0.5898358 -0.3863129
vn 0.3681344 -0.8509519 0.3746439
vn 0.2600322 -0.8255254 0.5008903
vn 0.3135339 -0.696366 0.6455779
vn 0.4593601 -0.5019611 0.7328188
vn 0.3332415 -0.6249278 0.7059855
vn -0.194458 -0.884381 0.4243306
vn -0.1782538 -0.8808093 0.4386349
vn 0.09239622 -0.7740421 0.6263561
vn -0.3381334 -0.8674868 0.3648733
vn 0.2279835 -0.7609187 0.6074753
vn 0.1380026 -0.851513 0.5058469
vn -0.2705558 -0.9492999 0.1600912
vn -0.1113243 -0.9432975 0.3127246
vn -0.7088991 -0.6933286 -0.1294509
vn -0.5534888 -0.8253465 0.1115953
vn -0.4275855 -0.872865 0.2351114
vn -0.6878607 -0.7250513 -0.03388552
vn -0.3233378 -0.9374514 0.128987
vn -0.1348321 -0.9719041 0.1929321
vn -0.3595929 -0.9330612 0.009471619
vn -0.5663589 -0.7999385 -0.198333
vn -0.6024407 -0.7556259 -0.257089
vn -0.5704676 -0.7830785 -0.247699
vn -0.529852 -0.8099479 -0.2514783
vn -0.4870914 -0.8237358 -0.2901745
vn -0.3942474 -0.8533599 -0.3410952
vn -0.1466898 -0.9254988 -0.3491908
vn 0.1991183 -0.9326406 -0.3008878
vn 0.2625033 -0.8737703 -0.4094113
vn -0.2238489 -0.6279806 -0.7453402
vn -0.1257883 -0.6674228 -0.7339783
vn 0.204994 -0.8164507 -0.5398015
vn -0.179726 -0.7038175 -0.6872696
vn 0.4209587 -0.7950219 -0.436731
vn 0.4617651 -0.7501456 -0.4733443
vn 0.1748401 -0.7042175 -0.6881197
vn 0.5009019 -0.7673191 -0.4003983
vn -0.03080417 -0.7887949 -0.6138842
vn 0.3404348 -0.9047186 -0.2561026
vn 0.5249377 -0.8488064 0.06299368
vn 0.3740082 -0.91933 -0.1222712
vn 0.6730716 -0.6954393 0.2516722
vn 0.7821189 -0.4653625 0.4144005
vn 0.4794602 -0.8730025 0.08935697
vn 0.5179428 -0.8530361 0.06375483
vn 0.653548 -0.7521579 0.08446077
vn 0.6631421 -0.7472611 0.0429346
vn 0.9722489 -0.05623387 0.2270902
vn 0.5834069 -0.7194611 0.3768449
vn 0.5025142 -0.7435436 0.4411604
vn 0.2976611 -0.8352854 0.4622729
vn 0.1184173 -0.9093137 0.3989058
vn 0.03893483 -0.9318414 0.3607712
vn 0.03303889 -0.8740374 0.4847341
vn -0.03235686 -0.7767378 0.6289924
vn -0.1311451 -0.8438924 0.5202371
vn -0.07651412 -0.8886325 0.4521923
vn -0.07391328 -0.7190917 0.6909732
vn -0.1329179 -0.8096096 0.5717213
vn 0.01055645 -0.9620756 0.2725786
vn -0.143897 -0.9310114 0.3354272
vn -0.2949436 -0.9450657 0.1409223
vn -0.2409768 -0.9704533 0.0122696
vn -0.5582146 -0.8088212 0.1849452
vn -0.6889628 -0.709796 0.1466969
vn -0.4945341 -0.868346 0.0375662
vn -0.4933302 -0.867337 0.06596857
vn -0.6328752 -0.7736652 0.03018533
vn -0.618057 -0.7829501 -0.07067259
vn -0.4909009 -0.8645843 -0.1072862
vn -0.3783047 -0.9217125 -0.0856258
vn -0.3214999 -0.9443994 -0.06890314
vn -0.3024361 -0.9490312 -0.08872602
vn -0.3063817 -0.9381061 -0.1615154
vn -0.3247118 -0.8948185 -0.3063691
vn -0.3186555 -0.8019968 -0.5052325
vn -0.2256929 -0.7304134 -0.6446387
vn -0.07609025 -0.788874 -0.6098264
vn -0.02817454 -0.862757 -0.5048332
vn -0.04757707 -0.7821954 -0.6212139
vn 0.07435527 -0.7431253 -0.6650084
vn 0.1300907 -0.9187135 -0.3728835
vn 0.1467912 -0.889141 -0.4334521
vn 0.3526388 -0.691645 -0.6302961
vn 0.3254918 -0.8276149 -0.457284
vn 0.28984 -0.8093163 -0.5108816
vn 0.4493383 -0.7573583 -0.4738182
vn 0.273481 -0.9394456 -0.206519
vn 0.2381108 -0.9606389 -0.1430952
vn 0.5067879 -0.8604956 -0.05209001
vn 0.5621571 -0.823523 0.07608756
vn 0.4794466 -0.87301 0.08935655
vn 0.4511301 -0.8920297 -0.0276539
vn 0.6389484 -0.7603369 0.1167597
vn 0.6918646 -0.7045171 0.1580477
vn 0.6558887 -0.733417 0.1786324
vn 0.575777 -0.7855899 0.2265597
vn 0.4904825 -0.8163589 0.3049346
vn 0.4271717 -0.8120236 0.3976708
vn 0.3831877 -0.7885417 0.4810084
vn 0.3140151 -0.7927663 0.5224136
vn 0.1492367 -0.8611826 0.4858941
vn -0.09677982 -0.9189622 0.3822854
vn -0.1993089 -0.9009416 0.3854613
vn 0.03131166 -0.7977347 0.6021952
vn 0.1958452 -0.6951791 0.6916435
vn -0.1958709 -0.8506302 0.4879169
vn -0.5026705 -0.8415091 0.1979516
vn -0.1660478 -0.9185619 0.3587092
vn -0.008715839 -0.9407366 0.3390261
vn -0.3933389 -0.9190727 0.02428679
vn -0.4047851 -0.9139579 0.02880961
vn -0.07818682 -0.9606262 0.2666159
vn -0.2068098 -0.9496521 0.2353518
vn -0.6097788 -0.7925179 -0.009234738
vn -0.7036105 -0.7010961 -0.1157434
vn -0.5659109 -0.8234497 -0.0409327
vn -0.3884206 -0.9200937 0.05056908
vn -0.3291998 -0.9432451 0.04377422
vn -0.3435178 -0.9389025 -0.02139273
vn -0.3593294 -0.9292716 -0.08565487
vn -0.3404059 -0.9316337 -0.1272111
vn -0.2722132 -0.9499627 -0.1532021
vn -0.1626805 -0.9693816 -0.1839414
vn -0.07132085 -0.9651648 -0.2517343
vn -0.1039201 -0.9134796 -0.3933899
vn -0.2495467 -0.7951944 -0.5526232
vn -0.229426 -0.7810589 -0.5807846
vn 0.1203917 -0.9102887 -0.3960813
vn 0.3431779 -0.9091082 -0.2361167
vn 0.06225628 -0.8838488 -0.4636115
vn -0.1504486 -0.7772709 -0.6109134
vn 0.241365 -0.8565404 -0.4561595
vn 0.4670033 -0.8133768 -0.3468804
vn 0.1805323 -0.7997777 -0.5725066
vn 0.2718499 -0.8456107 -0.4593911
vn 0.6433383 -0.7655691 0.004468494
vn 0.6156451 -0.7863142 0.05187663
vn 0.3067446 -0.9287105 -0.2083379
vn 0.2367824 -0.9472027 -0.2161973
vn 0.4511301 -0.8920297 -0.02765417
vn 0.5767519 -0.8164356 -0.02811026
vn 0.4821353 -0.8756322 -0.02852835
vn 0.3991437 -0.9168756 0.004855006
vn 0.3364076 -0.939916 0.05820668
vn 0.2825359 -0.9517038 0.1201394
vn 0.2306358 -0.955887 0.1818992
vn 0.1828662 -0.9530021 0.2415511
vn 0.1469161 -0.940857 0.3052931
vn 0.1297065 -0.9134333 0.3857667
vn 0.1322901 -0.8658538 0.48249
vn 0.1440961 -0.8137379 0.5630871
vn 0.1343553 -0.8050663 0.577769
vn 0.04878127 -0.8679482 0.4942534
vn -0.1471491 -0.9289543 0.3396926
vn -0.3576336 -0.9019616 0.2419993
vn -0.4428107 -0.8576626 0.2614071
vn -0.3725822 -0.8855574 0.2774359
vn -0.2677239 -0.9483388 0.1702278
vn -0.2760649 -0.9596715 0.05309273
vn -0.3486297 -0.9344538 0.07248108
vn -0.333101 -0.9266408 0.1743001
vn -0.2117309 -0.9523391 0.2195913
vn -0.1237198 -0.9755959 0.1814003
vn -0.1535646 -0.982381 0.1065151
vn -0.2618368 -0.9649529 0.01753256
vn -0.3648618 -0.9286463 -0.06702106
vn -0.420961 -0.8980256 -0.127835
vn -0.436712 -0.8845144 -0.1640639
vn -0.4296303 -0.8835915 -0.186236
vn -0.408549 -0.8893257 -0.2053958
vn -0.372934 -0.8998663 -0.2261877
vn -0.3128106 -0.9182914 -0.2426736
vn -0.2176434 -0.9464704 -0.2383804
vn -0.08894114 -0.9753014 -0.2021802
vn 0.04275134 -0.9866328 -0.1572518
vn 0.1282374 -0.9771256 -0.1696487
vn 0.1247121 -0.9489996 -0.289563
vn 0.02112801 -0.893234 -0.4490953
vn -0.09534245 -0.8626831 -0.4966767
vn -0.1009592 -0.8953307 -0.4338091
vn 0.0384046 -0.9198974 -0.3902741
vn 0.2062459 -0.8802131 -0.4274196
vn 0.2625516 -0.8516369 -0.4536313
vn 0.2647617 -0.8912427 -0.3682223
vn 0.3527678 -0.9180499 -0.1809397
vn 0.5143585 -0.8574179 -0.01642967
vn 0.6265208 -0.7786648 0.03395437
vn 0.64087 -0.7676275 0.005814387
vn 0.5767524 -0.8164362 -0.02808228
vn 0.2766205 -0.9595134 -0.05305846
vn 0.2892557 -0.9569207 -0.02517438
vn 0.3030547 -0.9526366 0.02532489
vn 0.3008088 -0.9493632 0.09068445
vn 0.2752892 -0.9484211 0.1572047
vn 0.2289536 -0.9501263 0.2117554
vn 0.1686556 -0.9543852 0.2463822
vn 0.1011874 -0.9603375 0.2598329
vn 0.03389283 -0.9660113 0.2562685
vn -0.02542109 -0.9689528 0.2459356
vn -0.0662201 -0.9680283 0.2419423
vn -0.08550253 -0.9632438 0.2546581
vn -0.1039296 -0.9541416 0.2807359
vn -0.1638165 -0.9418795 0.2933039
vn -0.2896169 -0.9226289 0.2547116
vn -0.4323981 -0.8875937 0.1587749
vn -0.5126333 -0.8568591 0.05476809
vn -0.499124 -0.8665304 -0.0006980143
vn -0.4030949 -0.9150127 0.0163197
vn -0.2754391 -0.9572536 0.08831159
vn -0.1982953 -0.9675016 0.1569068
vn -0.2044598 -0.9637998 0.1711317
vn -0.2566923 -0.9585769 0.1234481
vn -0.3012077 -0.9524868 0.04519913
vn -0.3119194 -0.9498901 -0.02037617
vn -0.2940691 -0.9543595 -0.05216639
vn -0.2644166 -0.9628236 -0.05526731
vn -0.2368531 -0.9704001 -0.04716351
vn -0.2186976 -0.9748371 -0.04317564
vn -0.2120118 -0.9759076 -0.05152981
vn -0.2165722 -0.9733539 -0.07535737
vn -0.2270534 -0.9670232 -0.1153814
vn -0.2334581 -0.9578946 -0.1671385
vn -0.2195098 -0.9502426 -0.2210303
vn -0.1756571 -0.9493754 -0.2604438
vn -0.1078435 -0.956311 -0.2717335
vn -0.04622842 -0.9654306 -0.2565283
vn -0.03153628 -0.9698743 -0.2415562
vn -0.0858084 -0.960824 -0.2635415
vn -0.1764972 -0.9265267 -0.3322605
vn -0.2223547 -0.8850504 -0.408955
vn -0.1661517 -0.8816326 -0.4417212
vn -0.005676039 -0.9210776 -0.3893376
vn 0.1902134 -0.9488907 -0.2518436
vn 0.3131616 -0.9428192 -0.1141128
vn 0.3388096 -0.9396333 -0.04793153
vn 0.3125867 -0.9489262 -0.04276287
vn 0.283347 -0.9574349 -0.05507124
vn 0.2767502 -0.9594757 -0.0530636
vn 0.1586223 -0.9859751 0.05188555
vn 0.1762663 -0.9807063 0.08453099
vn 0.1760431 -0.9777499 0.1140784
vn 0.1625821 -0.9762323 0.143309
vn 0.1420733 -0.9752082 0.1696589
vn 0.1197337 -0.9742468 0.1910682
vn 0.0974649 -0.9734594 0.2070685
vn 0.07429387 -0.9730917 0.2181122
vn 0.04634465 -0.9737108 0.2230232
vn 0.007546668 -0.9757107 0.218933
vn -0.05131704 -0.9779527 0.202423
vn -0.1354608 -0.9763212 0.1686636
vn -0.2431774 -0.9631251 0.11513
vn -0.3546427 -0.9338207 0.04698465
vn -0.4473015 -0.8941255 -0.02147165
vn -0.507053 -0.8586404 -0.07505948
vn -0.5346643 -0.8384196 -0.1057681
vn -0.5359411 -0.8366095 -0.1133652
vn -0.5123952 -0.8527703 -0.101164
vn -0.4657589 -0.8817408 -0.07484516
vn -0.3986824 -0.9162427 -0.03939242
vn -0.3207844 -0.9471515 -0.001222395
vn -0.2444602 -0.9689603 0.0368115
vn -0.18282 -0.9808108 0.06772842
vn -0.1412128 -0.9861654 0.08681475
vn -0.1177428 -0.9886487 0.09333001
vn -0.1069358 -0.9901485 0.09039195
vn -0.1031314 -0.991237 0.08254122
vn -0.1015103 -0.9921909 0.07247734
vn -0.09887758 -0.9932155 0.06120629
vn -0.093809 -0.9944183 0.04829236
vn -0.08697183 -0.9956457 0.03354989
vn -0.08244426 -0.996484 0.01491661
vn -0.08736423 -0.9961327 -0.009336733
vn -0.1084308 -0.993183 -0.04278425
vn -0.1470017 -0.9850805 -0.08948221
vn -0.2037534 -0.9678089 -0.1477513
vn -0.2719433 -0.9385651 -0.2124676
vn -0.3390699 -0.9000515 -0.2737499
vn -0.3905736 -0.8620967 -0.3228646
vn -0.4152198 -0.8379647 -0.3541297
vn -0.4052449 -0.8391365 -0.3628037
vn -0.3568398 -0.8691687 -0.3423613
vn -0.2723163 -0.91752 -0.289829
vn -0.1614735 -0.9645051 -0.2089406
vn -0.04720518 -0.9916236 -0.1202267
vn 0.04917871 -0.9978375 -0.04360959
vn 0.1175448 -0.992995 0.01200448
vn 0.158621 -0.9859744 0.05190267
vn 0 1 0
vn 0 1 0
vn 0 1 0
vn 0 1 0
vn 0 1 0
vn 0 1 0
vn 0 1 0
vn 0 1 0
vn 0 1 0
vn 0 1 0
vn 0 1 0
vn 0 1 0
vn 0 1 0
vn 0 1 0
vn 0 1 0
vn 0 1 0
vn 0 1 0
vn 0 1 0
vn 0 1 0
vn 0 1 0
vn 0 1 0
vn 0 1 0
vn 0 1 0
vn 0 1 0
vn 0 1 0
vn 0 1 0
vn 0 1 0
vn 0 1 0
vn 0 1 0
vn 0 1 0
vn 0 1 0
vn 0 1 0
vn 0 1 0
vn 0 1 0
vn 0 1 0
vn 0 1 0
vn 0 1 0
vn 0 1 0
vn 0 1 0
vn 0 1 0
vn 0 1 0
vn 0 1 0
vn 0 1 0
vn 0 1 0
vn 0 1 0
vn 0 1 0
vn 0 1 0
vn 0 1 0
vn 0 1 0
f 1/1/1 2/2/2 50/50/50
f 2/2/2 51/51/51 50/50/50
f 2/2/2 3/3/3 51/51/51
f 3/3/3 52/52/52 51/51/51
f 3/3/3 4/4/4 52/52/52
f 4/4/4 53/53/53 52/52/52
f 4/4/4 5/5/5 53/53/53
f 5/5/5 54/54/54 53/53/53
f 5/5/5 6/6/6 54/54/54
f 6/6/6 55/55/55 54/54/54
f 6/6/6 7/7/7 55/55/55
f 7/7/7 56/56/56 55/55/55
f 7/7/7 8/8/8 56/56/56
f 8/8/8 57/57/57 56/56/56
f 8/8/8 9/9/9 57/57/57
f 9/9/9 58/58/58 57/57/57
f 9/9/9 10/10/10 58/58/58
f 10/10/10 59/59/59 58/58/58
f 10/10/10 11/11/11 59/59/59
f 11/11/11 60/60/60 59/59/59
f 11/11/11 12/12/12 60/60/60
f 12/12/12 61/61/61 60/60/60
f 12/12/12 13/13/13 61/61/61
f 13/13/13 62/62/62 61/61/61
f 13/13/13 14/14/14 62/62/62
f 14/14/14 63/63/63 62/62/62
f 14/14/14 15/15/15 63/63/63
f 15/15/15 64/64/64 63/63/63
f 15/15/15 16/16/16 64/64/64
f 16/16/16 65/65/65 64/64/64
f 16/16/16 17/17/17 65/65/65
f 17/17/17 66/66/66 65/65/65
f 17/17/17 18/18/18 66/66/66
f 18/18/18 67/67/67 66/66/66
f 18/18/18 19/19/19 67/67/67
f 19/19/19 68/68/68 67/67/67
f 19/19/19 20/20/20 68/68/68
f 20/20/20 69/69/69 68/68/68
f 20/20/20 21/21/21 69/69/69
f 21/21/21 70/70/70 69/69/69
f 21/21/21 22/22/22 70/70/70
f 22/22/22 71/71/71 70/70/70
f 22/22/22 23/23/23 71/71/71
f 23/23/23 72/72/72 71/71/71
f 23/23/23 24/24/24 72/72/72
f 24/24/24 73/73/73 72/72/72
f 24/24/24 25/25/25 73/73/73
f 25/25/25 74/74/74 73/73/73
f 25/25/25 26/26/26 74/74/74
f 26/26/26 75/75/75 74/74/74
f 26/26/26 27/27/27 75/75/75
f 27/27/27 76/76/76 75/75/75
f 27/27/27 28/28/28 76/76/76
f 28/28/28 77/77/77 76/76/76
f 28/28/28 29/29/29 77/77/77
f 29/29/29 78/78/78 77/77/77
f 29/29/29 30/30/30 78/78/78
f 30/30/30 79/79/79 78/78/78
f 30/30/30 31/31/31 79/79/79
f 31/31/31 80/80/80 79/79/79
f 31/31/31 32/32/32 80/80/80
f 32/32/32 81/81/81 80/80/80
f 32/32/32 33/33/33 81/81/81
f 33/33/33 82/82/82 81/81/81
f 33/33/33 34/34/34 82/82/82
f 34/34/34 83/83/83 82/82/82
f 34/34/34 35/35/35 83/83/83
f 35/35/35 84/84/84 83/83/83
f 35/35/35 36/36/36 84/84/84
f 36/36/36 85/85/85 84/84/84
f 36/36/36 37/37/37 85/85/85
f 37/37/37 86/86/86 85/85/85
f 37/37/37 38/38/38 86/86/86
f 38/38/38 87/87/87 86/86/86
f 38/38/38 39/39/39 87/87/87
f 39/39/39 88/88/88 87/87/87
f 39/39/39 40/40/40 88/88/88
f 40/40/40 89/89/89 88/88/88
f 40/40/40 41/41/41 89/89/89
f 41/41/41 90/90/90 89/89/89
f 41/41/41 42/42/42 90/90/90
f 42/42/42 91/91/91 90/90/90
f 42/42/42 43/43/43 91/91/91
f 43/43/43 92/92/92 91/91/91
f 43/43/43 44/44/44 92/92/92
f 44/44/44 93/93/93 92/92/92
f 44/44/44 45/45/45 93/93/93
f 45/45/45 94/94/94 93/93/93
f 45/45/45 46/46/46 94/94/94
f 46/46/46 95/95/95 94/94/94
f 46/46/46 47/47/47 95/95/95
f 47/47/47 96/96/96 95/95/95
f 47/47/47 48/48/48 96/96/96
f 48/48/48 97/97/97 96/96/96
f 48/48/48 49/49/49 97/97/97
f 49/49/49 98/98/98 97/97/97
f 50/50/50 51/51/51 99/99/99
f 51/51/51 100/100/100 99/99/99
f 51/51/51 52/52/52 100/100/100
f 52/52/52 101/101/101 100/100/100
f 52/52/52 53/53/53 101/101/101
f 53/53/53 102/102/102 101/101/101
f 53/53/53 54/54/54 102/102/102
f 54/54/54 103/103/103 102/102/102
f 54/54/54 55/55/55 103/103/103
f 55/55/55 104/104/104 103/103/103
f 55/55/55 56/56/56 104/104/104
f 56/56/56 105/105/105 104/104/104
f 56/56/56 57/57/57 105/105/105
f 57/57/57 106/106/106 105/105/105
f 57/57/57 58/58/58 106/106/106
f 58/58/58 107/107/107 106/106/106
f 58/58/58 59/59/59 107/107/107
f 59/59/59 108/108/108 107/107/107
f 59/59/59 60/60/60 108/108/108
f 60/60/60 109/109/109 108/108/108
f 60/60/60 61/61/61 109/109/109
f 61/61/61 110/110/110 109/109/109
f 61/61/61 62/62/62 110/110/110
f 62/62/62 111/111/111 110/110/110
f 62/62/62 63/63/63 111/111/111
f 63/63/63 112/112/112 111/111/111
f 63/63/63 64/64/64 112/112/112
f 64/64/64 113/113/113 112/112/112
f 64/64/64 65/65/65 113/113/113
f 65/65/65 114/114/114 113/113/113
f 65/65/65 66/66/66 114/114/114
f 66/66/66 115/115/115 114/114/114
f 66/66/66 67/67/67 115/115/115
f 67/67/67 116/116/116 115/115/115
f 67/67/67 68/68/68 116/116/116
f 68/68/68 117/117/117 116/116/116
f 68/68/68 69/69/69 117/117/117
f 69/69/69 118/118/118 117/117/117
f 69/69/69 70/70/70 118/118/118
f 70/70/70 119/119/119 118/118/118
f 70/70/70 71/71/71 119/119/119
f 71/71/71 120/120/120 119/119/119
f 71/71/71 72/72/72 120/120/120
f 72/72/72 121/121/121 120/120/120
f 72/72/72 73/73/73 121/121/121
f 73/73/73 122/122/122 121/121/121
f 73/73/73 74/74/74 122/122/122
f 74/74/74 123/123/123 122/122/122
f 74/74/74 75/75/75 123/123/123
f 75/75/75 124/124/124 123/123/123
f 75/75/75 76/76/76 124/124/124
f 76/76/76 125/125/125 124/124/124
f 76/76/76 77/77/77 125/125/125
f 77/77/77 126/126/126 125/125/125
f 77/77/77 78/78/78 126/126/126
f 78/78/78 127/127/127 126/126/126
f 78/78/78 79/79/79 127/127/127
f 79/79/79 128/128/128 127/127/127
f 79/79/79 80/80/80 128/128/128
f 80/80/80 129/129/129 128/128/128
f 80/80/80 81/81/81 129/129/129
f 81/81/81 130/130/130 129/129/129
f 81/81/81 82/82/82 130/130/130
f 82/82/82 131/131/131 130/130/130
f 82/82/82 83/83/83 131/131/131
f 83/83/83 132/132/132 131/131/131
f 83/83/83 84/84/84 132/132/132
f 84/84/84 133/133/133 132/132/132
f 84/84/84 85/85/85 133/133/133
f 85/85/85 134/134/134 133/133/133
f 85/85/85 86/86/86 134/134/134
f 86/86/86 135/135/135 134/134/134
f 86/86/86 87/87/87 135/135/135
f 87/87/87 136/136/136 135/135/135
f 87/87/87 88/88/88 136/136/136
f 88/88/88 137/137/137 136/136/136
f 88/88/88 89/89/89 137/137/137
f 89/89/89 138/138/138 137/137/137
f 89/89/89 90/90/90 138/138/138
f 90/90/90 139/139/139 138/138/138
f 90/90/90 91/91/91 139/139/139
f 91/91/91 140/140/140 139/139/139
f 91/91/91 92/92/92 140/140/140
f 92/92/92 141/141/141 140/140/140
f 92/92/92 93/93/93 141/141/141
f 93/93/93 142/142/142 141/141/141
f 93/93/93 94/94/94 142/142/142
f 94/94/94 143/143/143 142/142/142
f 94/94/94 95/95/95 143/143/143
f 95/95/95 144/144/144 143/143/143
f 95/95/95 96/96/96 144/144/144
f 96/96/96 145/145/145 144/144/144
f 96/96/96 97/97/97 145/145/145
f 97/97/97 146/146/146 145/145/145
f 97/97/97 98/98/98 146/146/146
f 98/98/98 147/147/147 146/146/146
f 99/99/99 100/100/100 148/148/148
f 100/100/100 149/149/149 148/148/148
f 100/100/100 101/101/101 149/149/149
f 101/101/101 150/150/150 149/149/149
f 101/101/101 102/102/102 150/150/150
f 102/102/102 151/151/151 150/150/150
f 102/102/102 103/103/103 151/151/151
f 103/103/103 152/152/152 151/151/151
f 103/103/103 104/104/104 152/152/152
f 104/104/104 153/153/153 152/152/152
f 104/104/104 105/105/105 153/153/153
f 105/105/105 154/154/154 153/153/153
f 105/105/105 106/106/106 154/154/154
f 106/106/106 155/155/155 154/154/154
f 106/106/106 107/107/107 155/155/155
f 107/107/107 156/156/156 155/155/155
f 107/107/107 108/108/108 156/156/156
f 108/108/108 157/157/157 156/156/156
f 108/108/108 109/109/109 157/157/157
f 109/109/109 158/158/158 157/157/157
f 109/109/109 110/110/110 158/158/158
f 110/110/110 159/159/159 158/158/158
f 110/110/110 111/111/111 159/159/159
f 111/111/111 160/160/160 159/159/159
f 111/111/111 112/112/112 160/160/160
f 112/112/112 161/161/161 160/160/160
f 112/112/112 113/113/113 161/161/161
f 113/113/113 162/162/162 161/161/161
f 113/113/113 114/114/114 162/162/162
f 114/114/114 163/163/163 162/162/162
f 114/114/114 115/115/115 163/163/163
f 115/115/115 164/164/164 163/163/163
f 115/115/115 116/116/116 164/164/164
f 116/116/116 165/165/165 164/164/164
f 116/116/116 117/117/117 165/165/165
f 117/117/117 166/166/166 165/165/165
f 117/117/117 118/118/118 166/166/166
f 118/118/118 167/167/167 166/166/166
f 118/118/118 119/119/119 167/167/167
f 119/119/119 168/168/168 167/167/167
f 119/119/119 120/120/120 168/168/168
f 120/120/120 169/169/169 168/168/168
f 120/120/120 121/121/121 169/169/169
f 121/121/121 170/170/170 169/169/169
f 121/121/121 122/122/122 170/170/170
f 122/122/122 171/171/171 170/170/170
f 122/122/122 123/123/123 171/171/171
f 123/123/123 172/172/172 171/171/171
f 123/123/123 124/124/124 172/172/172
f 124/124/124 173/173/173 172/172/172
f 124/124/124 125/125/125 173/173/173
f 125/125/125 174/174/174 173/173/173
f 125/125/125 126/126/126 174/174/174
f 126/126/126 175/175/175 174/174/174
f 126/126/126 127/127/127 175/175/175
f 127/127/127 176/176/176 175/175/175
f 127/127/127 128/128/128 176/176/176
f 128/128/128 177/177/177 176/176/176
f 128/128/128 129/129/129 177/177/177
f 129/129/129 178/178/178 177/177/177
f 129/129/129 130/130/130 178/178/178
f 130/130/130 179/179/179 178/178/178
f 130/130/130 131/131/131 179/179/179
f 131/131/131 180/180/180 179/179/179
f 131/131/131 132/132/132 180/180/180
f 132/132/132 181/181/181 180/180/180
f 132/132/132 133/133/133 181/181/181
f 133/133/133 182/182/182 181/181/181
f 133/133/133 134/134/134 182/182/182
f 134/134/134 183/183/183 182/182/182
f 134/134/134 135/135/135 183/183/183
f 135/135/135 184/184/184 183/183/183
f 135/135/135 136/136/136 184/184/184
f 136/136/136 185/185/185 184/184/184
f 136/136/136 137/137/137 185/185/185
f 137/137/137 186/186/186 185/185/185
f 137/137/137 138/138/138 186/186/186
f 138/138/138 187/187/187 186/186/186
f 138/138/138 139/139/139 187/187/187
f 139/139/139 188/188/188 187/187/187
f 139/139/139 140/140/140 188/188/188
f 140/140/140 189/189/189 188/188/188
f 140/140/140 141/141/141 189/189/189
f 141/141/141 190/190/190 189/189/189
f 141/141/141 142/142/142 190/190/190
f 142/142/142 191/191/191 190/190/190
f 142/142/142 143/143/143 191/191/191
f 143/143/143 192/192/192 191/191/191
f 143/143/143 144/144/144 192/192/192
f 144/144/144 193/193/193 192/192/192
f 144/144/144 145/145/145 193/193/193
f 145/145/145 194/194/194 193/193/193
f 145/145/145 146/146/146 194/194/194
f 146/146/146 195/195/195 194/194/194
f 146/146/146 147/147/147 195/195/195
f 147/147/147 196/196/196 195/195/195
f 148/148/148 149/149/149 197/197/197
f 149/149/149 198/198/198 197/197/197
f 149/149/149 150/150/150 198/198/198
f 150/150/150 199/199/199 198/198/198
f 150/150/150 151/151/151 199/199/199
f 151/151/151 200/200/200 199/199/199
f 151/151/151 152/152/152 200/200/200
f 152/152/152 201/201/201 200/200/200
f 152/152/152 153/153/153 201/201/201
f 153/153/153 202/202/202 201/201/201
f 153/153/153 154/154/154 202/202/202
f 154/154/154 203/203/203 202/202/202
f 154/154/154 155/155/155 203/203/203
f 155/155/155 204/204/204 203/203/203
f 155/155/155 156/156/156 204/204/204
f 156/156/156 205/205/205 204/204/204
f 156/156/156 157/157/157 205/205/205
f 157/157/157 206/206/206 205/205/205
f 157/157/157 158/158/158 206/206/206
f 158/158/158 207/207/207 206/206/206
f 158/158/158 159/159/159 207/207/207
f 159/159/159 208/208/208 207/207/207
f 159/159/159 160/160/160 208/208/208
f 160/160/160 209/209/209 208/208/208
f 160/160/160 161/161/161 209/209/209
f 161/161/161 210/210/210 209/209/209
f 161/161/161 162/162/162 210/210/210
f 162/162/162 211/211/211 210/210/210
f 162/162/162 163/163/163 211/211/211
f 163/163/163 212/212/212 211/211/211
f 163/163/163 164/164/164 212/212/212
f 164/164/164 213/213/213 212/212/212
f 164/164/164 165/165/165 213/213/213
f 165/165/165 214/214/214 213/213/213
f 165/165/165 166/166/166 214/214/214
f 166/166/166 215/215/215 214/214/214
f 166/166/166 167/167/167 215/215/215
f 167/167/167 216/216/216 215/215/215
f 167/167/167 168/168/168 216/216/216
f 168/168/168 217/217/217 216/216/216
f 168/168/168 169/169/169 217/217/217
f 169/169/169 218/218/218 217/217/217
f 169/169/169 170/170/170 218/218/218
f 170/170/170 219/219/219 218/218/218
f 170/170/170 171/171/171 219/219/219
f 171/171/171 220/220/220 219/219/219
f 171/171/171 172/172/172 220/220/220
f 172/172/172 221/221/221 220/220/220
f 172/172/172 173/173/173 221/221/221
f 173/173/173 222/222/222 221/221/221
f 173/173/173 174/174/174 222/222/222
f 174/174/174 223/223/223 222/222/222
f 174/174/174 175/175/175 223/223/223
f 175/175/175 224/224/224 223/223/223
f 175/175/175 176/176/176 224/224/224
f 176/176/176 225/225/225 224/224/224
f 176/176/176 177/177/177 225/225/225
f 177/177/177 226/226/226 225/225/225
f 177/177/177 178/178/178 226/226/226
f 178/178/178 227/227/227 226/226/226
f 178/178/178 179/179/179 227/227/227
f 179/179/179 228/228/228 227/227/227
f 179/179/179 180/180/180 228/228/228
f 180/180/180 229/229/229 228/228/228
f 180/180/180 181/181/181 229/229/229
f 181/181/181 230/230/230 229/229/229
f 181/181/181 182/182/182 230/230/230
f 182/182/182 231/231/231 230/230/230
f 182/182/182 183/183/183 231/231/231
f 183/183/183 232/232/232 231/231/231
f 183/183/183 184/184/184 232/232/232
f 184/184/184 233/233/233 232/232/232
f 184/184/184 185/185/185 233/233/233
f 185/185/185 234/234/234 233/233/233
f 185/185/185 186/186/186 234/234/234
f 186/186/186 235/235/235 234/234/234
f 186/186/186 187/187/187 235/235/235
f 187/187/187 236/236/236 235/235/235
f 187/187/187 188/188/188 236/236/236
f 188/188/188 237/237/237 236/236/236
f 188/188/188 189/189/189 237/237/237
f 189/189/189 238/238/238 237/237/237
f 189/189/189 190/190/190 238/238/238
f 190/190/190 239/239/239 238/238/238
f 190/190/190 191/191/191 239/239/239
f 191/191/191 240/240/240 239/239/239
f 191/191/191 192/192/192 240/240/240
f 192/192/192 241/241/241 240/240/240
f 192/192/192 193/193/193 241/241/241
f 193/193/193 242/242/242 241/241/241
f 193/193/193 194/194/194 242/242/242
f 194/194/194 243/243/243 242/242/242
f 194/194/194 195/195/195 243/243/243
f 195/195/195 244/244/244 243/243/243
f 195/195/195 196/196/196 244/244/244
f 196/196/196 245/245/245 244/244/244
f 197/197/197 198/198/198 246/246/246
f 198/198/198 247/247/247 246/246/246
f 198/198/198 199/199/199 247/247/247
f 199/199/199 248/248/248 247/247/247
f 199/199/199 200/200/200 248/248/248
f 200/200/200 249/249/249 248/248/248
f 200/200/200 201/201/201 249/249/249
f 201/201/201 250/250/250 249/249/249
f 201/201/201 202/202/202 250/250/250
f 202/202/202 251/251/251 250/250/250
f 202/202/202 203/203/203 251/251/251
f 203/203/203 252/252/252 251/251/251
f 203/203/203 204/204/204 252/252/252
f 204/204/204 253/253/253 252/252/252
f 204/204/204 205/205/205 253/253/253
f 205/205/205 254/254/254 253/253/253
f 205/205/205 206/206/206 254/254/254
f 206/206/206 255/255/255 254/254/254
f 206/206/206 207/207/207 255/255/255
f 207/207/207 256/256/256 255/255/255
f 207/207/207 208/208/208 256/256/256
f 208/208/208 257/257/257 256/256/256
f 208/208/208 209/209/209 257/257/257
f 209/209/209 258/258/258 257/257/257
f 209/209/209 210/210/210 258/258/258
f 210/210/210 259/259/259 258/258/258
f 210/210/210 211/211/211 259/259/259
f 211/211/211 260/260/260 259/259/259
f 211/211/211 212/212/212 260/260/260
f 212/212/212 261/261/261 260/260/260
f 212/212/212 213/213/213 261/261/261
f 213/213/213 262/262/262 261/261/261
f 213/213/213 214/214/214 262/262/262
f 214/214/214 263/263/263 262/262/262
f 214/214/214 215/215/215 263/263/263
f 215/215/215 264/264/264 263/263/263
f 215/215/215 216/216/216 264/264/264
f 216/216/216 265/265/265 264/264/264
f 216/216/216 217/217/217 265/265/265
f 217/217/217 266/266/266 265/265/265
f 217/217/217 218/218/218 266/266/266
f 218/218/218 267/267/267 266/266/266
f 218/218/218 219/219/219 267/267/267
f 219/219/219 268/268/268 267/267/267
f 219/219/219 220/220/220 268/268/268
f 220/220/220 269/269/269 268/268/268
f 220/220/220 221/221/221 269/269/269
f 221/221/221 270/270/270 269/269/269
f 221/221/221 222/222/222 270/270/270
f 222/222/222 271/271/271 270/270/270
f 222/222/222 223/223/223 271/271/271
f 223/223/223 272/272/272 271/271/271
f 223/223/223 224/224/224 272/272/272
f 224/224/224 273/273/273 272/272/272
f 224/224/224 225/225/225 273/273/273
f 225/225/225 274/274/274 273/273/273
f 225/225/225 226/226/226 274/274/274
f 226/226/226 275/275/275 274/274/274
f 226/226/226 227/227/227 275/275/275
f 227/227/227 276/276/276 275/275/275
f 227/227/227 228/228/228 276/276/276
f 228/228/228 277/277/277 276/276/276
f 228/228/228 229/229/229 277/277/277
f 229/229/229 278/278/278 277/277/277
f 229/229/229 230/230/230 278/278/278
f 230/230/230 279/279/279 278/278/278
f 230/230/230 231/231/231 279/279/279
f 231/231/231 280/280/280 279/279/279
f 231/231/231 232/232/232 280/280/280
f 232/232/232 281/281/281 280/280/280
f 232/232/232 233/233/233 281/281/281
f 233/233/233 282/282/282 281/281/281
f 233/233/233 234/234/234 282/282/282
f 234/234/234 283/283/283 282/282/282
f 234/234/234 235/235/235 283/283/283
f 235/235/235 284/284/284 283/283/283
f 235/235/235 236/236/236 284/284/284
f 236/236/236 285/285/285 284/284/284
f 236/236/236 237/237/237 285/285/285
f 237/237/237 286/286/286 285/285/285
f 237/237/237 238/238/238 286/286/286
f 238/238/238 287/287/287 286/286/286
f 238/238/238 239/239/239 287/287/287
f 239/239/239 288/288/288 287/287/287
f 239/239/239 240/240/240 288/288/288
f 240/240/240 289/289/289 288/288/288
f 240/240/240 241/241/241 289/289/289
f 241/241/241 290/290/290 289/289/289
f 241/241/241 242/242/242 290/290/290
f 242/242/242 291/291/291 290/290/290
f 242/242/242 243/243/243 291/291/291
f 243/243/243 292/292/292 291/291/291
f 243/243/243 244/244/244 292/292/292
f 244/244/244 293/293/293 292/292/292
f 244/244/244 245/245/245 293/293/293
f 245/245/245 294/294/294 293/293/293
f 246/246/246 247/247/247 295/295/295
f 247/247/247 296/296/296 295/295/295
f 247/247/247 248/248/248 296/296/296
f 248/248/248 297/297/297 296/296/296
f 248/248/248 249/249/249 297/297/297
f 249/249/249 298/298/298 297/297/297
f 249/249/249 250/250/250 298/298/298
f 250/250/250 299/299/299 298/298/298
f 250/250/250 251/251/251 299/299/299
f 251/251/251 300/300/300 299/299/299
f 251/251/251 252/252/252 300/300/300
f 252/252/252 301/301/301 300/300/300
f 252/252/252 253/253/253 301/301/301
f 253/253/253 302/302/302 301/301/301
f 253/253/253 254/254/254 302/302/302
f 254/254/254 303/303/303 302/302/302
f 254/254/254 255/255/255 303/303/303
f 255/255/255 304/304/304 303/303/303
f 255/255/255 256/256/256 304/304/304
f 256/256/256 305/305/305 304/304/304
f 256/256/256 257/257/257 305/305/305
f 257/257/257 306/306/306 305/305/305
f 257/257/257 258/258/258 306/306/306
f 258/258/258 307/307/307 306/306/306
f 258/258/258 259/259/259 307/307/307
f 259/259/259 308/308/308 307/307/307
f 259/259/259 260/260/260 308/308/308
f 260/260/260 309/309/309 308/308/308
f 260/260/260 261/261/261 309/309/309
f 261/261/261 310/310/310 309/309/309
f 261/261/261 262/262/262 310/310/310
f 262/262/262 311/311/311 310/310/310
f 262/262/262 263/263/263 311/311/311
f 263/263/263 312/312/312 311/311/311
f 263/263/263 264/264/264 312/312/312
f 264/264/264 313/313/313 312/312/312
f 264/264/264 265/265/265 313/313/313
f 265/265/265 314/314/314 313/313/313
f 265/265/265 266/266/266 314/314/314
f 266/266/266 315/315/315 314/314/314
f 266/266/266 267/267/267 315/315/315
f 267/267/267 316/316/316 315/315/315
f 267/267/267 268/268/268 316/316/316
f 268/268/268 317/317/317 316/316/316
f 268/268/268 269/269/269 317/317/317
f 269/269/269 318/318/318 317/317/317
f 269/269/269 270/270/270 318/318/318
f 270/270/270 319/319/319 318/318/318
f 270/270/270 271/271/271 319/319/319
f 271/271/271 320/320/320 319/319/319
f 271/271/271 272/272/272 320/320/320
f 272/272/272 321/321/321 320/320/320
f 272/272/272 273/273/273 321/321/321
f 273/273/273 322/322/322 321/321/321
f 273/273/273 274/274/274 322/322/322
f 274/274/274 323/323/323 322/322/322
f 274/274/274 275/275/275 323/323/323
f 275/275/275 324/324/324 323/323/323
f 275/275/275 276/276/276 324/324/324
f 276/276/276 325/325/325 324/324/324
f 276/276/276 277/277/277 325/325/325
f 277/277/277 326/326/326 325/325/325
f 277/277/277 278/278/278 326/326/326
f 278/278/278 327/327/327 326/326/326
f 278/278/278 279/279/279 327/327/327
f 279/279/279 328/328/328 327/327/327
f 279/279/279 280/280/280 328/328/328
f 280/280/280 329/329/329 328/328/328
f 280/280/280 281/281/281 329/329/329
f 281/281/281 330/330/330 329/329/329
f 281/281/281 282/282/282 330/330/330
f 282/282/282 331/331/331 330/330/330
f 282/282/282 283/283/283 331/331/331
f 283/283/283 332/332/332 331/331/331
f 283/283/283 284/284/284 332/332/332
f 284/284/284 333/333/333 332/332/332
f 284/284/284 285/285/285 333/333/333
f 285/285/285 334/334/334 333/333/333
f 285/285/285 286/286/286 334/334/334
f 286/286/286 335/335/335 334/334/334
f 286/286/286 287/287/287 335/335/335
f 287/287/287 336/336/336 335/335/335
f 287/287/287 288/288/288 336/336/336
f 288/288/288 337/337/337 336/336/336
f 288/288/288 289/289/289 337/337/337
f 289/289/289 338/338/338 337/337/337
f 289/289/289 290/290/290 338/338/338
f 290/290/290 339/339/339 338/338/338
f 290/290/290 291/291/291 339/339/339
f 291/291/291 340/340/340 339/339/339
f 291/291/291 292/292/292 340/340/340
f 292/292/292 341/341/341 340/340/340
f 292/292/292 293/293/293 341/341/341
f 293/293/293 342/342/342 341/341/341
f 293/293/293 294/294/294 342/342/342
f 294/294/294 343/343/343 342/342/342
f 295/295/295 296/296/296 344/344/344
f 296/296/296 345/345/345 344/344/344
f 296/296/296 297/297/297 345/345/345
f 297/297/297 346/346/346 345/345/345
f 297/297/297 298/298/298 346/346/346
f 298/298/298 347/347/347 346/346/346
f 298/298/298 299/299/299 347/347/347
f 299/299/299 348/348/348 347/347/347
f 299/299/299 300/300/300 348/348/348
f 300/300/300 349/349/349 348/348/348
f 300/300/300 301/301/301 349/349/349
f 301/301/301 350/350/350 349/349/349
f 301/301/301 302/302/302 350/350/350
f 302/302/302 351/351/351 350/350/350
f 302/302/302 303/303/303 351/351/351
f 303/303/303 352/352/352 351/351/351
f 303/303/303 304/304/304 352/352/352
f 304/304/304 353/353/353 352/352/352
f 304/304/304 305/305/305 353/353/353
f 305/305/305 354/354/354 353/353/353
f 305/305/305 306/306/306 354/354/354
f 306/306/306 355/355/355 354/354/354
f 306/306/306 307/307/307 355/355/355
f 307/307/307 356/356/356 355/355/355
f 307/307/307 308/308/308 356/356/356
f 308/308/308 357/357/357 356/356/356
f 308/308/308 309/309/309 357/357/357
f 309/309/309 358/358/358 357/357/357
f 309/309/309 310/310/310 358/358/358
f 310/310/310 359/359/359 358/358/358
f 310/310/310 311/311/311 359/359/359
f 311/311/311 360/360/360 359/359/359
f 311/311/311 312/312/312 360/360/360
f 312/312/312 361/361/361 360/360/360
f 312/312/312 313/313/313 361/361/361
f 313/313/313 362/362/362 361/361/361
f 313/313/313 314/314/314 362/362/362
f 314/314/314 363/363/363 362/362/362
f 314/314/314 315/315/315 363/363/363
f 315/315/315 364/364/364 363/363/363
f 315/315/315 316/316/316 364/364/364
f 316/316/316 365/365/365 364/364/364
f 316/316/316 317/317/317 365/365/365
f 317/317/317 366/366/366 365/365/365
f 317/317/317 318/318/318 366/366/366
f 318/318/318 367/367/367 366/366/366
f 318/318/318 319/319/319 367/367/367
f 319/319/319 368/368/368 367/367/367
f 319/319/319 320/320/320 368/368/368
f 320/320/320 369/369/369 368/368/368
f 320/320/320 321/321/321 369/369/369
f 321/321/321 370/370/370 369/369/369
f 321/321/321 322/322/322 370/370/370
f 322/322/322 371/371/371 370/370/370
f 322/322/322 323/323/323 371/371/371
f 323/323/323 372/372/372 371/371/371
f 323/323/323 324/324/324 372/372/372
f 324/324/324 373/373/373 372/372/372
f 324/324/324 325/325/325 373/373/373
f 325/325/325 374/374/374 373/373/373
f 325/325/325 326/326/326 374/374/374
f 326/326/326 375/375/375 374/374/374
f 326/326/326 327/327/327 375/375/375
f 327/327/327 376/376/376 375/375/375
f 327/327/327 328/328/328 376/376/376
f 328/328/328 377/377/377 376/376/376
f 328/328/328 329/329/329 377/377/377
f 329/329/329 378/378/378 377/377/377
f 329/329/329 330/330/330 378/378/378
f 330/330/330 379/379/379 378/378/378
f 330/330/330 331/331/331 379/379/379
f 331/331/331 380/380/380 379/379/379
f 331/331/331 332/332/332 380/380/380
f 332/332/332 381/381/381 380/380/380
f 332/332/332 333/333/333 381/381/381
f 333/333/333 382/382/382 381/381/381
f 333/333/333 334/334/334 382/382/382
f 334/334/334 383/383/383 382/382/382
f 334/334/334 335/335/335 383/383/383
f 335/335/335 384/384/384 383/383/383
f 335/335/335 336/336/336 384/384/384
f 336/336/336 385/385/385 384/384/384
f 336/336/336 337/337/337 385/385/385
f 337/337/337 386/386/386 385/385/385
f 337/337/337 338/338/338 386/386/386
f 338/338/338 387/387/387 386/386/386
f 338/338/338 339/339/339 387/387/387
f 339/339/339 388/388/388 387/387/387
f 339/339/339 340/340/340 388/388/388
f 340/340/340 389/389/389 388/388/388
f 340/340/340 341/341/341 389/389/389
f 341/341/341 390/390/390 389/389/389
f 341/341/341 342/342/342 390/390/390
f 342/342/342 391/391/391 390/390/390
f 342/342/342 343/343/343 391/391/391
f 343/343/343 392/392/392 391/391/391
f 344/344/344 345/345/345 393/393/393
f 345/345/345 394/394/394 393/393/393
f 345/345/345 346/346/346 394/394/394
f 346/346/346 395/395/395 394/394/394
f 346/346/346 347/347/347 395/395/395
f 347/347/347 396/396/396 395/395/395
f 347/347/347 348/348/348 396/396/396
f 348/348/348 397/397/397 396/396/396
f 348/348/348 349/349/349 397/397/397
f 349/349/349 398/398/398 397/397/397
f 349/349/349 350/350/350 398/398/398
f 350/350/350 399/399/399 398/398/398
f 350/350/350 351/351/351 399/399/399
f 351/351/351 400/400/400 399/399/399
f 351/351/351 352/352/352 400/400/400
f 352/352/352 401/401/401 400/400/400
f 352/352/352 353/353/353 401/401/401
f 353/353/353 402/402/402 401/401/401
f 353/353/353 354/354/354 402/402/402
f 354/354/354 403/403/403 402/402/402
f 354/354/354 355/355/355 403/403/403
f 355/355/355 404/404/404 403/403/403
f 355/355/355 356/356/356 404/404/404
f 356/356/356 405/405/405 404/404/404
f 356/356/356 357/357/357 405/405/405
f 357/357/357 406/406/406 405/405/405
f 357/357/357 358/358/358 406/406/406
f 358/358/358 407/407/407 406/406/406
f 358/358/358 359/359/359 407/407/407
f 359/359/359 408/408/408 407/407/407
f 359/359/359 360/360/360 408/408/408
f 360/360/360 409/409/409 408/408/408
f 360/360/360 361/361/361 409/409/409
f 361/361/361 410/410/410 409/409/409
f 361/361/361 362/362/362 410/410/410
f 362/362/362 411/411/411 410/410/410
f 362/362/362 363/363/363 411/411/411
f 363/363/363 412/412/412 411/411/411
f 363/363/363 364/364/364 412/412/412
f 364/364/364 413/413/413 412/412/412
f 364/364/364 365/365/365 413/413/413
f 365/365/365 414/414/414 413/413/413
f 365/365/365 366/366/366 414/414/414
f 366/366/366 415/415/415 414/414/414
f 366/366/366 367/367/367 415/415/415
f 367/367/367 416/416/416 415/415/415
f 367/367/367 368/368/368 416/416/416
f 368/368/368 417/417/417 416/416/416
f 368/368/368 369/369/369 417/417/417
f 369/369/369 418/418/418 417/417/417
f 369/369/369 370/370/370 418/418/418
f 370/370/370 419/419/419 418/418/418
f 370/370/370 371/371/371 419/419/419
f 371/371/371 420/420/420 419/419/419
f 371/371/371 372/372/372 420/420/420
f 372/372/372 421/421/421 420/420/420
f 372/372/372 373/373/373 421/421/421
f 373/373/373 422/422/422 421/421/421
f 373/373/373 374/374/374 422/422/422
f 374/374/374 423/423/423 422/422/422
f 374/374/374 375/375/375 423/423/423
f 375/375/375 424/424/424 423/423/423
f 375/375/375 376/376/376 424/424/424
f 376/376/376 425/425/425 424/424/424
f 376/376/376 377/377/377 425/425/425
f 377/377/377 426/426/426 425/425/425
f 377/377/377 378/378/378 426/426/426
f 378/378/378 427/427/427 426/426/426
f 378/378/378 379/379/379 427/427/427
f 379/379/379 428/428/428 427/427/427
f 379/379/379 380/380/380 428/428/428
f 380/380/380 429/429/429 428/428/428
f 380/380/380 381/381/381 429/429/429
f 381/381/381 430/430/430 429/429/429
f 381/381/381 382/382/382 430/430/430
f 382/382/382 431/431/431 430/430/430
f 382/382/382 383/383/383 431/431/431
f 383/383/383 432/432/432 431/431/431
f 383/383/383 384/384/384 432/432/432
f 384/384/384 433/433/433 432/432/432
f 384/384/384 385/385/385 433/433/433
f 385/385/385 434/434/434 433/433/433
f 385/385/385 386/386/386 434/434/434
f 386/386/386 435/435/435 434/434/434
f 386/386/386 387/387/387 435/435/435
f 387/387/387 436/436/436 435/435/435
f 387/387/387 388/388/388 436/436/436
f 388/388/388 437/437/437 436/436/436
f 388/388/388 389/389/389 437/437/437
f 389/389/389 438/438/438 437/437/437
f 389/389/389 390/390/390 438/438/438
f 390/390/390 439/439/439 438/438/438
f 390/390/390 391/391/391 439/439/439
f 391/391/391 440/440/440 439/439/439
f 391/391/391 392/392/392 440/440/440
f 392/392/392 441/441/441 440/440/440
f 393/393/393 394/394/394 442/442/442
f 394/394/394 443/443/443 442/442/442
f 394/394/394 395/395/395 443/443/443
f 395/395/395 444/444/444 443/443/443
f 395/395/395 396/396/396 444/444/444
f 396/396/396 445/445/445 444/444/444
f 396/396/396 397/397/397 445/445/445
f 397/397/397 446/446/446 445/445/445
f 397/397/397 398/398/398 446/446/446
f 398/398/398 447/447/447 446/446/446
f 398/398/398 399/399/399 447/447/447
f 399/399/399 448/448/448 447/447/447
f 399/399/399 400/400/400 448/448/448
f 400/400/400 449/449/449 448/448/448
f 400/400/400 401/401/401 449/449/449
f 401/401/401 450/450/450 449/449/449
f 401/401/401 402/402/402 450/450/450
f 402/402/402 451/451/451 450/450/450
f 402/402/402 403/403/403 451/451/451
f 403/403/403 452/452/452 451/451/451
f 403/403/403 404/404/404 452/452/452
f 404/404/404 453/453/453 452/452/452
f 404/404/404 405/405/405 453/453/453
f 405/405/405 454/454/454 453/453/453
f 405/405/405 406/406/406 454/454/454
f 406/406/406 455/455/455 454/454/454
f 406/406/406 407/407/407 455/455/455
f 407/407/407 456/456/456 455/455/455
f 407/407/407 408/408/408 456/456/456
f 408/408/408 457/457/457 456/456/456
f 408/408/408 409/409/409 457/457/457
f 409/409/409 458/458/458 457/457/457
f 409/409/409 410/410/410 458/458/458
f 410/410/410 459/459/459 458/458/458
f 410/410/410 411/411/411 459/459/459
f 411/411/411 460/460/460 459/459/459
f 411/411/411 412/412/412 460/460/460
f 412/412/412 461/461/461 460/460/460
f 412/412/412 413/413/413 461/461/461
f 413/413/413 462/462/462 461/461/461
f 413/413/413 414/414/414 462/462/462
f 414/414/414 463/463/463 462/462/462
f 414/414/414 415/415/415 463/463/463
f 415/415/415 464/464/464 463/463/463
f 415/415/415 416/416/416 464/464/464
f 416/416/416 465/465/465 464/464/464
f 416/416/416 417/417/417 465/465/465
f 417/417/417 466/466/466 465/465/465
f 417/417/417 418/418/418 466/466/466
f 418/418/418 467/467/467 466/466/466
f 418/418/418 419/419/419 467/467/467
f 419/419/419 468/468/468 467/467/467
f 419/419/419 420/420/420 468/468/468
f 420/420/420 469/469/469 468/468/468
f 420/420/420 421/421/421 469/469/469
f 421/421/421 470/470/470 469/469/469
f 421/421/421 422/422/422 470/470/470
f 422/422/422 471/471/471 470/470/470
f 422/422/422 423/423/423 471/471/471
f 423/423/423 472/472/472 471/471/471
f 423/423/423 424/424/424 472/472/472
f 424/424/424 473/473/473 472/472/472
f 424/424/424 425/425/425 473/473/473
f 425/425/425 474/474/474 473/473/473
f 425/425/425 426/426/426 474/474/474
f 426/426/426 475/475/475 474/474/474
f 426/426/426 427/427/427 475/475/475
f 427/427/427 476/476/476 475/475/475
f 427/427/427 428/428/428 476/476/476
f 428/428/428 477/477/477 476/476/476
f 428/428/428 429/429/429 477/477/477
f 429/429/429 478/478/478 477/477/477
f 429/429/429 430/430/430 478/478/478
f 430/430/430 479/479/479 478/478/478
f 430/430/430 431/431/431 479/479/479
f 431/431/431 480/480/480 479/479/479
f 431/431/431 432/432/432 480/480/480
f 432/432/432 481/481/481 480/480/480
f 432/432/432 433/433/433 481/481/481
f 433/433/433 482/482/482 481/481/481
f 433/433/433 434/434/434 482/482/482
f 434/434/434 483/483/483 482/482/482
f 434/434/434 435/435/435 483/483/483
f 435/435/435 484/484/484 483/483/483
f 435/435/435 436/436/436 484/484/484
f 436/436/436 485/485/485 484/484/484
f 436/436/436 437/437/437 485/485/485
f 437/437/437 486/486/486 485/485/485
f 437/437/437 438/438/438 486/486/486
f 438/438/438 487/487/487 486/486/486
f 438/438/438 439/439/439 487/487/487
f 439/439/439 488/488/488 487/487/487
f 439/439/439 440/440/440 488/488/488
f 440/440/440 489/489/489 488/488/488
f 440/440/440 441/441/441 489/489/489
f 441/441/441 490/490/490 489/489/489
f 442/442/442 443/443/443 491/491/491
f 443/443/443 492/492/492 491/491/491
f 443/443/443 444/444/444 492/492/492
f 444/444/444 493/493/493 492/492/492
f 444/444/444 445/445/445 493/493/493
f 445/445/445 494/494/494 493/493/493
f 445/445/445 446/446/446 494/494/494
f 446/446/446 495/495/495 494/494/494
f 446/446/446 447/447/447 495/495/495
f 447/447/447 496/496/496 495/495/495
f 447/447/447 448/448/448 496/496/496
f 448/448/448 497/497/497 496/496/496
f 448/448/448 449/449/449 497/497/497
f 449/449/449 498/498/498 497/497/497
f 449/449/449 450/450/450 498/498/498
f 450/450/450 499/499/499 498/498/498
f 450/450/450 451/451/451 499/499/499
f 451/451/451 500/500/500 499/499/499
f 451/451/451 452/452/452 500/500/500
f 452/452/452 501/501/501 500/500/500
f 452/452/452 453/453/453 501/501/501
f 453/453/453 502/502/502 501/501/501
f 453/453/453 454/454/454 502/502/502
f 454/454/454 503/503/503 502/502/502
f 454/454/454 455/455/455 503/503/503
f 455/455/455 504/504/504 503/503/503
f 455/455/455 456/456/456 504/504/504
f 456/456/456 505/505/505 504/504/504
f 456/456/456 457/457/457 505/505/505
f 457/457/457 506/506/506 505/505/505
f 457/457/457 458/458/458 506/506/506
f 458/458/458 507/507/507 506/506/506
f 458/458/458 459/459/459 507/507/507
f 459/459/459 508/508/508 507/507/507
f 459/459/459 460/460/460 508/508/508
f 460/460/460 509/509/509 508/508/508
f 460/460/460 461/461/461 509/509/509
f 461/461/461 510/510/510 509/509/509
f 461/461/461 462/462/462 510/510/510
f 462/462/462 511/511/511 510/510/510
f 462/462/462 463/463/463 511/511/511
f 463/463/463 512/512/512 511/511/511
f 463/463/463 464/464/464 512/512/512
f 464/464/464 513/513/513 512/512/512
f 464/464/464 465/465/465 513/513/513
f 465/465/465 514/514/514 513/513/513
f 465/465/465 466/466/466 514/514/514
f 466/466/466 515/515/515 514/514/514
f 466/466/466 467/467/467 515/515/515
f 467/467/467 516/516/516 515/515/515
f 467/467/467 468/468/468 516/516/516
f 468/468/468 517/517/517 516/516/516
f 468/468/468 469/469/469 517/517/517
f 469/469/469 518/518/518 517/517/517
f 469/469/469 470/470/470 518/518/518
f 470/470/470 519/519/519 518/518/518
f 470/470/470 471/471/471 519/519/519
f 471/471/471 520/520/520 519/519/519
f 471/471/471 472/472/472 520/520/520
f 472/472/472 521/521/521 520/520/520
f 472/472/472 473/473/473 521/521/521
f 473/473/473 522/522/522 521/521/521
f 473/473/473 474/474/474 522/522/522
f 474/474/474 523/523/523 522/522/522
f 474/474/474 475/475/475 523/523/523
f 475/475/475 524/524/524 523/523/523
f 475/475/475 476/476/476 524/524/524
f 476/476/476 525/525/525 524/524/524
f 476/476/476 477/477/477 525/525/525
f 477/477/477 526/526/526 525/525/525
f 477/477/477 478/478/478 526/526/526
f 478/478/478 527/527/527 526/526/526
f 478/478/478 479/479/479 527/527/527
f 479/479/479 528/528/528 527/527/527
f 479/479/479 480/480/480 528/528/528
f 480/480/480 529/529/529 528/528/528
f 480/480/480 481/481/481 529/529/529
f 481/481/481 530/530/530 529/529/529
f 481/481/481 482/482/482 530/530/530
f 482/482/482 531/531/531 530/530/530
f 482/482/482 483/483/483 531/531/531
f 483/483/483 532/532/532 531/531/531
f 483/483/483 484/484/484 532/532/532
f 484/484/484 533/533/533 532/532/532
f 484/484/484 485/485/485 533/533/533
f 485/485/485 534/534/534 533/533/533
f 485/485/485 486/486/486 534/534/534
f 486/486/486 535/535/535 534/534/534
f 486/486/486 487/487/487 535/535/535
f 487/487/487 536/536/536 535/535/535
f 487/487/487 488/488/488 536/536/536
f 488/488/488 537/537/537 536/536/536
f 488/488/488 489/489/489 537/537/537
f 489/489/489 538/538/538 537/537/537
f 489/489/489 490/490/490 538/538/538
f 490/490/490 539/539/539 538/538/538
f 491/491/491 492/492/492 540/540/540
f 492/492/492 541/541/541 540/540/540
f 492/492/492 493/493/493 541/541/541
f 493/493/493 542/542/542 541/541/541
f 493/493/493 494/494/494 542/542/542
f 494/494/494 543/543/543 542/542/542
f 494/494/494 495/495/495 543/543/543
f 495/495/495 544/544/544 543/543/543
f 495/495/495 496/496/496 544/544/544
f 496/496/496 545/545/545 544/544/544
f 496/496/496 497/497/497 545/545/545
f 497/497/497 546/546/546 545/545/545
f 497/497/497 498/498/498 546/546/546
f 498/498/498 547/547/547 546/546/546
f 498/498/498 499/499/499 547/547/547
f 499/499/499 548/548/548 547/547/547
f 499/499/499 500/500/500 548/548/548
f 500/500/500 549/549/549 548/548/548
f 500/500/500 501/501/501 549/549/549
f 501/501/501 550/550/550 549/549/549
f 501/501/501 502/502/502 550/550/550
f 502/502/502 551/551/551 550/550/550
f 502/502/502 503/503/503 551/551/551
f 503/503/503 552/552/552 551/551/551
f 503/503/503 504/504/504 552/552/552
f 504/504/504 553/553/553 552/552/552
f 504/504/504 505/505/505 553/553/553
f 505/505/505 554/554/554 553/553/553
f 505/505/505 506/506/506 554/554/554
f 506/506/506 555/555/555 554/554/554
f 506/506/506 507/507/507 555/555/555
f 507/507/507 556/556/556 555/555/555
f 507/507/507 508/508/508 556/556/556
f 508/508/508 557/557/557 556/556/556
f 508/508/508 509/509/509 557/557/557
f 509/509/509 558/558/558 557/557/557
f 509/509/509 510/510/510 558/558/558
f 510/510/510 559/559/559 558/558/558
f 510/510/510 511/511/511 559/559/559
f 511/511/511 560/560/560 559/559/559
f 511/511/511 512/512/512 560/560/560
f 512/512/512 561/561/561 560/560/560
f 512/512/512 513/513/513 561/561/561
f 513/513/513 562/562/562 561/561/561
f 513/513/513 514/514/514 562/562/562
f 514/514/514 563/563/563 562/562/562
f 514/514/514 515/515/515 563/563/563
f 515/515/515 564/564/564 563/563/563
f 515/515/515 516/516/516 564/564/564
f 516/516/516 565/565/565 564/564/564
f 516/516/516 517/517/517 565/565/565
f 517/517/517 566/566/566 565/565/565
f 517/517/517 518/518/518 566/566/566
f 518/518/518 567/567/567 566/566/566
f 518/518/518 519/519/519 567/567/567
f 519/519/519 568/568/568 567/567/567
f 519/519/519 520/520/520 568/568/568
f 520/520/520 569/569/569 568/568/568
f 520/520/520 521/521/521 569/569/569
f 521/521/521 570/570/570 569/569/569
f 521/521/521 522/522/522 570/570/570
f 522/522/522 571/571/571 570/570/570
f 522/522/522 523/523/523 571/571/571
f 523/523/523 572/572/572 571/571/571
f 523/523/523 524/524/524 572/572/572
f 524/524/524 573/573/573 572/572/572
f 524/524/524 525/525/525 573/573/573
f 525/525/525 574/574/574 573/573/573
f 525/525/525 526/526/526 574/574/574
f 526/526/526 575/575/575 574/574/574
f 526/526/526 527/527/527 575/575/575
f 527/527/527 576/576/576 575/575/575
f 527/527/527 528/528/528 576/576/576
f 528/528/528 577/577/577 576/576/576
f 528/528/528 529/529/529 577/577/577
f 529/529/529 578/578/578 577/577/577
f 529/529/529 530/530/530 578/578/578
f 530/530/530 579/579/579 578/578/578
f 530/530/530 531/531/531 579/579/579
f 531/531/531 580/580/580 579/579/579
f 531/531/531 532/532/532 580/580/580
f 532/532/532 581/581/581 580/580/580
f 532/532/532 533/533/533 581/581/581
f 533/533/533 582/582/582 581/581/581
f 533/533/533 534/534/534 582/582/582
f 534/534/534 583/583/583 582/582/582
f 534/534/534 535/535/535 583/583/583
f 535/535/535 584/584/584 583/583/583
f 535/535/535 536/536/536 584/584/584
f 536/536/536 585/585/585 584/584/584
f 536/536/536 537/537/537 585/585/585
f 537/537/537 586/586/586 585/585/585
f 537/537/537 538/538/538 586/586/586
f 538/538/538 587/587/587 586/586/586
f 538/538/538 539/539/539 587/587/587
f 539/539/539 588/588/588 587/587/587
f 540/540/540 541/541/541 589/589/589
f 541/541/541 590/590/590 589/589/589
f 541/541/541 542/542/542 590/590/590
f 542/542/542 591/591/591 590/590/590
f 542/542/542 543/543/543 591/591/591
f 543/543/543 592/592/592 591/591/591
f 543/543/543 544/544/544 592/592/592
f 544/544/544 593/593/593 592/592/592
f 544/544/544 545/545/545 593/593/593
f 545/545/545 594/594/594 593/593/593
f 545/545/545 546/546/546 594/594/594
f 546/546/546 595/595/595 594/594/594
f 546/546/546 547/547/547 595/595/595
f 547/547/547 596/596/596 595/595/595
f 547/547/547 548/548/548 596/596/596
f 548/548/548 597/597/597 596/596/596
f 548/548/548 549/549/549 597/597/597
f 549/549/549 598/598/598 597/597/597
f 549/549/549 550/550/550 598/598/598
f 550/550/550 599/599/599 598/598/598
f 550/550/550 551/551/551 599/599/599
f 551/551/551 600/600/600 599/599/599
f 551/551/551 552/552/552 600/600/600
f 552/552/552 601/601/601 600/600/600
f 552/552/552 553/553/553 601/601/601
f 553/553/553 602/602/602 601/601/601
f 553/553/553 554/554/554 602/602/602
f 554/554/554 603/603/603 602/602/602
f 554/554/554 555/555/555 603/603/603
f 555/555/555 604/604/604 603/603/603
f 555/555/555 556/556/556 604/604/604
f 556/556/556 605/605/605 604/604/604
f 556/556/556 557/557/557 605/605/605
f 557/557/557 606/606/606 605/605/605
f 557/557/557 558/558/558 606/606/606
f 558/558/558 607/607/607 606/606/606
f 558/558/558 559/559/559 607/607/607
f 559/559/559 608/608/608 607/607/607
f 559/559/559 560/560/560 608/608/608
f 560/560/560 609/609/609 608/608/608
f 560/560/560 561/561/561 609/609/609
f 561/561/561 610/610/610 609/609/609
f 561/561/561 562/562/562 610/610/610
f 562/562/562 611/611/611 610/610/610
f 562/562/562 563/563/563 611/611/611
f 563/563/563 612/612/612 611/611/611
f 563/563/563 564/564/564 612/612/612
f 564/564/564 613/613/613 612/612/612
f 564/564/564 565/565/565 613/613/613
f 565/565/565 614/614/614 613/613/613
f 565/565/565 566/566/566 614/614/614
f 566/566/566 615/615/615 614/614/614
f 566/566/566 567/567/567 615/615/615
f 567/567/567 616/616/616 615/615/615
f 567/567/567 568/568/568 616/616/616
f 568/568/568 617/617/617 616/616/616
f 568/568/568 569/569/569 617/617/617
f 569/569/569 618/618/618 617/617/617
f 569/569/569 570/570/570 618/618/618
f 570/570/570 619/619/619 618/618/618
f 570/570/570 571/571/571 619/619/619
f 571/571/571 620/620/620 619/619/619
f 571/571/571 572/572/572 620/620/620
f 572/572/572 621/621/621 620/620/620
f 572/572/572 573/573/573 621/621/621
f 573/573/573 622/622/622 621/621/621
f 573/573/573 574/574/574 622/622/622
f 574/574/574 623/623/623 622/622/622
f 574/574/574 575/575/575 623/623/623
f 575/575/575 624/624/624 623/623/623
f 575/575/575 576/576/576 624/624/624
f 576/576/576 625/625/625 624/624/624
f 576/576/576 577/577/577 625/625/625
f 577/577/577 626/626/626 625/625/625
f 577/577/577 578/578/578 626/626/626
f 578/578/578 627/627/627 626/626/626
f 578/578/578 579/579/579 627/627/627
f 579/579/579 628/628/628 627/627/627
f 579/579/579 580/580/580 628/628/628
f 580/580/580 629/629/629 628/628/628
f 580/580/580 581/581/581 629/629/629
f 581/581/581 630/630/630 629/629/629
f 581/581/581 582/582/582 630/630/630
f 582/582/582 631/631/631 630/630/630
f 582/582/582 583/583/583 631/631/631
f 583/583/583 632/632/632 631/631/631
f 583/583/583 584/584/584 632/632/632
f 584/584/584 633/633/633 632/632/632
f 584/584/584 585/585/585 633/633/633
f 585/585/585 634/634/634 633/633/633
f 585/585/585 586/586/586 634/634/634
f 586/586/586 635/635/635 634/634/634
f 586/586/586 587/587/587 635/635/635
f 587/587/587 636/636/636 635/635/635
f 587/587/587 588/588/588 636/636/636
f 588/588/588 637/637/637 636/636/636
f 589/589/589 590/590/590 638/638/638
f 590/590/590 639/639/639 638/638/638
f 590/590/590 591/591/591 639/639/639
f 591/591/591 640/640/640 639/639/639
f 591/591/591 592/592/592 640/640/640
f 592/592/592 641/641/641 640/640/640
f 592/592/592 593/593/593 641/641/641
f 593/593/593 642/642/642 641/641/641
f 593/593/593 594/594/594 642/642/642
f 594/594/594 643/643/643 642/642/642
f 594/594/594 595/595/595 643/643/643
f 595/595/595 644/644/644 643/643/643
f 595/595/595 596/596/596 644/644/644
f 596/596/596 645/645/645 644/644/644
f 596/596/596 597/597/597 645/645/645
f 597/597/597 646/646/646 645/645/645
f 597/597/597 598/598/598 646/646/646
f 598/598/598 647/647/647 646/646/646
f 598/598/598 599/599/599 647/647/647
f 599/599/599 648/648/648 647/647/647
f 599/599/599 600/600/600 648/648/648
f 600/600/600 649/649/649 648/648/648
f 600/600/600 601/601/601 649/649/649
f 601/601/601 650/650/650 649/649/649
f 601/601/601 602/602/602 650/650/650
f 602/602/602 651/651/651 650/650/650
f 602/602/602 603/603/603 651/651/651
f 603/603/603 652/652/652 651/651/651
f 603/603/603 604/604/604 652/652/652
f 604/604/604 653/653/653 652/652/652
f 604/604/604 605/605/605 653/653/653
f 605/605/605 654/654/654 653/653/653
f 605/605/605 606/606/606 654/654/654
f 606/606/606 655/655/655 654/654/654
f 606/606/606 607/607/607 655/655/655
f 607/607/607 656/656/656 655/655/655
f 607/607/607 608/608/608 656/656/656
f 608/608/608 657/657/657 656/656/656
f 608/608/608 609/609/609 657/657/657
f 609/609/609 658/658/658 657/657/657
f 609/609/609 610/610/610 658/658/658
f 610/610/610 659/659/659 658/658/658
f 610/610/610 611/611/611 659/659/659
f 611/611/611 660/660/660 659/659/659
f 611/611/611 612/612/612 660/660/660
f 612/612/612 661/661/661 660/660/660
f 612/612/612 613/613/613 661/661/661
f 613/613/613 662/662/662 661/661/661
f 613/613/613 614/614/614 662/662/662
f 614/614/614 663/663/663 662/662/662
f 614/614/614 615/615/615 663/663/663
f 615/615/615 664/664/664 663/663/663
f 615/615/615 616/616/616 664/664/664
f 616/616/616 665/665/665 664/664/664
f 616/616/616 617/617/617 665/665/665
f 617/617/617 666/666/666 665/665/665
f 617/617/617 618/618/618 666/666/666
f 618/618/618 667/667/667 666/666/666
f 618/618/618 619/619/619 667/667/667
f 619/619/619 668/668/668 667/667/667
f 619/619/619 620/620/620 668/668/668
f 620/620/620 669/669/669 668/668/668
f 620/620/620 621/621/621 669/669/669
f 621/621/621 670/670/670 669/669/669
f 621/621/621 622/622/622 670/670/670
f 622/622/622 671/671/671 670/670/670
f 622/622/622 623/623/623 671/671/671
f 623/623/623 672/672/672 671/671/671
f 623/623/623 624/624/624 672/672/672
f 624/624/624 673/673/673 672/672/672
f 624/624/624 625/625/625 673/673/673
f 625/625/625 674/674/674 673/673/673
f 625/625/625 626/626/626 674/674/674
f 626/626/626 675/675/675 674/674/674
f 626/626/626 627/627/627 675/675/675
f 627/627/627 676/676/676 675/675/675
f 627/627/627 628/628/628 676/676/676
f 628/628/628 677/677/677 676/676/676
f 628/628/628 629/629/629 677/677/677
f 629/629/629 678/678/678 677/677/677
f 629/629/629 630/630/630 678/678/678
f 630/630/630 679/679/679 678/678/678
f 630/630/630 631/631/631 679/679/679
f 631/631/631 680/680/680 679/679/679
f 631/631/631 632/632/632 680/680/680
f 632/632/632 681/681/681 680/680/680
f 632/632/632 633/633/633 681/681/681
f 633/633/633 682/682/682 681/681/681
f 633/633/633 634/634/634 682/682/682
f 634/634/634 683/683/683 682/682/682
f 634/634/634 635/635/635 683/683/683
f 635/635/635 684/684/684 683/683/683
f 635/635/635 636/636/636 684/684/684
f 636/636/636 685/685/685 684/684/684
f 636/636/636 637/637/637 685/685/685
f 637/637/637 686/686/686 685/685/685
f 638/638/638 639/639/639 687/687/687
f 639/639/639 688/688/688 687/687/687
f 639/639/639 640/640/640 688/688/688
f 640/640/640 689/689/689 688/688/688
f 640/640/640 641/641/641 689/689/689
f 641/641/641 690/690/690 689/689/689
f 641/641/641 642/642/642 690/690/690
f 642/642/642 691/691/691 690/690/690
f 642/642/642 643/643/643 691/691/691
f 643/643/643 692/692/692 691/691/691
f 643/643/643 644/644/644 692/692/692
f 644/644/644 693/693/693 692/692/692
f 644/644/644 645/645/645 693/693/693
f 645/645/645 694/694/694 693/693/693
f 645/645/645 646/646/646 694/694/694
f 646/646/646 695/695/695 694/694/694
f 646/646/646 647/647/647 695/695/695
f 647/647/647 696/696/696 695/695/695
f 647/647/647 648/648/648 696/696/696
f 648/648/648 697/697/697 696/696/696
f 648/648/648 649/649/649 697/697/697
f 649/649/649 698/698/698 697/697/697
f 649/649/649 650/650/650 698/698/698
f 650/650/650 699/699/699 698/698/698
f 650/650/650 651/651/651 699/699/699
f 651/651/651 700/700/700 699/699/699
f 651/651/651 652/652/652 700/700/700
f 652/652/652 701/701/701 700/700/700
f 652/652/652 653/653/653 701/701/701
f 653/653/653 702/702/702 701/701/701
f 653/653/653 654/654/654 702/702/702
f 654/654/654 703/703/703 702/702/702
f 654/654/654 655/655/655 703/703/703
f 655/655/655 704/704/704 703/703/703
f 655/655/655 656/656/656 704/704/704
f 656/656/656 705/705/705 704/704/704
f 656/656/656 657/657/657 705/705/705
f 657/657/657 706/706/706 705/705/705
f 657/657/657 658/658/658 706/706/706
f 658/658/658 707/707/707 706/706/706
f 658/658/658 659/659/659 707/707/707
f 659/659/659 708/708/708 707/707/707
f 659/659/659 660/660/660 708/708/708
f 660/660/660 709/709/709 708/708/708
f 660/660/660 661/661/661 709/709/709
f 661/661/661 710/710/710 709/709/709
f 661/661/661 662/662/662 710/710/710
f 662/662/662 711/711/711 710/710/710
f 662/662/662 663/663/663 711/711/711
f 663/663/663 712/712/712 711/711/711
f 663/663/663 664/664/664 712/712/712
f 664/664/664 713/713/713 712/712/712
f 664/664/664 665/665/665 713/713/713
f 665/665/665 714/714/714 713/713/713
f 665/665/665 666/666/666 714/714/714
f 666/666/666 715/715/715 714/714/714
f 666/666/666 667/667/667 715/715/715
f 667/667/667 716/716/716 715/715/715
f 667/667/667 668/668/668 716/716/716
f 668/668/668 717/717/717 716/716/716
f 668/668/668 669/669/669 717/717/717
f 669/669/669 718/718/718 717/717/717
f 669/669/669 670/670/670 718/718/718
f 670/670/670 719/719/719 718/718/718
f 670/670/670 671/671/671 719/719/719
f 671/671/671 720/720/720 719/719/719
f 671/671/671 672/672/672 720/720/720
f 672/672/672 721/721/721 720/720/720
f 672/672/672 673/673/673 721/721/721
f 673/673/673 722/722/722 721/721/721
f 673/673/673 674/674/674 722/722/722
f 674/674/674 723/723/723 722/722/722
f 674/674/674 675/675/675 723/723/723
f 675/675/675 724/724/724 723/723/723
f 675/675/675 676/676/676 724/724/724
f 676/676/676 725/725/725 724/724/724
f 676/676/676 677/677/677 725/725/725
f 677/677/677 726/726/726 725/725/725
f 677/677/677 678/678/678 726/726/726
f 678/678/678 727/727/727 726/726/726
f 678/678/678 679/679/679 727/727/727
f 679/679/679 728/728/728 727/727/727
f 679/679/679 680/680/680 728/728/728
f 680/680/680 729/729/729 728/728/728
f 680/680/680 681/681/681 729/729/729
f 681/681/681 730/730/730 729/729/729
f 681/681/681 682/682/682 730/730/730
f 682/682/682 731/731/731 730/730/730
f 682/682/682 683/683/683 731/731/731
f 683/683/683 732/732/732 731/731/731
f 683/683/683 684/684/684 732/732/732
f 684/684/684 733/733/733 732/732/732
f 684/684/684 685/685/685 733/733/733
f 685/685/685 734/734/734 733/733/733
f 685/685/685 686/686/686 734/734/734
f 686/686/686 735/735/735 734/734/734
f 687/687/687 688/688/688 736/736/736
f 688/688/688 737/737/737 736/736/736
f 688/688/688 689/689/689 737/737/737
f 689/689/689 738/738/738 737/737/737
f 689/689/689 690/690/690 738/738/738
f 690/690/690 739/739/739 738/738/738
f 690/690/690 691/691/691 739/739/739
f 691/691/691 740/740/740 739/739/739
f 691/691/691 692/692/692 740/740/740
f 692/692/692 741/741/741 740/740/740
f 692/692/692 693/693/693 741/741/741
f 693/693/693 742/742/742 741/741/741
f 693/693/693 694/694/694 742/742/742
f 694/694/694 743/743/743 742/742/742
f 694/694/694 695/695/695 743/743/743
f 695/695/695 744/744/744 743/743/743
f 695/695/695 696/696/696 744/744/744
f 696/696/696 745/745/745 744/744/744
f 696/696/696 697/697/697 745/745/745
f 697/697/697 746/746/746 745/745/745
f 697/697/697 698/698/698 746/746/746
f 698/698/698 747/747/747 746/746/746
f 698/698/698 699/699/699 747/747/747
f 699/699/699 748/748/748 747/747/747
f 699/699/699 700/700/700 748/748/748
f 700/700/700 749/749/749 748/748/748
f 700/700/700 701/701/701 749/749/749
f 701/701/701 750/750/750 749/749/749
f 701/701/701 702/702/702 750/750/750
f 702/702/702 751/751/751 750/750/750
f 702/702/702 703/703/703 751/751/751
f 703/703/703 752/752/752 751/751/751
f 703/703/703 704/704/704 752/752/752
f 704/704/704 753/753/753 752/752/752
f 704/704/704 705/705/705 753/753/753
f 705/705/705 754/754/754 753/753/753
f 705/705/705 706/706/706 754/754/754
f 706/706/706 755/755/755 754/754/754
f 706/706/706 707/707/707 755/755/755
f 707/707/707 756/756/756 755/755/755
f 707/707/707 708/708/708 756/756/756
f 708/708/708 757/757/757 756/756/756
f 708/708/708 709/709/709 757/757/757
f 709/709/709 758/758/758 757/757/757
f 709/709/709 710/710/710 758/758/758
f 710/710/710 759/759/759 758/758/758
f 710/710/710 711/711/711 759/759/759
f 711/711/711 760/760/760 759/759/759
f 711/711/711 712/712/712 760/760/760
f 712/712/712 761/761/761 760/760/760
f 712/712/712 713/713/713 761/761/761
f 713/713/713 762/762/762 761/761/761
f 713/713/713 714/714/714 762/762/762
f 714/714/714 763/763/763 762/762/762
f 714/714/714 715/715/715 763/763/763
f 715/715/715 764/764/764 763/763/763
f 715/715/715 716/716/716 764/764/764
f 716/716/716 765/765/765 764/764/764
f 716/716/716 717/717/717 765/765/765
f 717/717/717 766/766/766 765/765/765
f 717/717/717 718/718/718 766/766/766
f 718/718/718 767/767/767 766/766/766
f 718/718/718 719/719/719 767/767/767
f 719/719/719 768/768/768 767/767/767
f 719/719/719 720/720/720 768/768/768
f 720/720/720 769/769/769 768/768/768
f 720/720/720 721/721/721 769/769/769
f 721/721/721 770/770/770 769/769/769
f 721/721/721 722/722/722 770/770/770
f 722/722/722 771/771/771 770/770/770
f 722/722/722 723/723/723 771/771/771
f 723/723/723 772/772/772 771/771/771
f 723/723/723 724/724/724 772/772/772
f 724/724/724 773/773/773 772/772/772
f 724/724/724 725/725/725 773/773/773
f 725/725/725 774/774/774 773/773/773
f 725/725/725 726/726/726 774/774/774
f 726/726/726 775/775/775 774/774/774
f 726/726/726 727/727/727 775/775/775
f 727/727/727 776/776/776 775/775/775
f 727/727/727 728/728/728 776/776/776
f 728/728/728 777/777/777 776/776/776
f 728/728/728 729/729/729 777/777/777
f 729/729/729 778/778/778 777/777/777
f 729/729/729 730/730/730 778/778/778
f 730/730/730 779/779/779 778/778/778
f 730/730/730 731/731/731 779/779/779
f 731/731/731 780/780/780 779/779/779
f 731/731/731 732/732/732 780/780/780
f 732/732/732 781/781/781 780/780/780
f 732/732/732 733/733/733 781/781/781
f 733/733/733 782/782/782 781/781/781
f 733/733/733 734/734/734 782/782/782
f 734/734/734 783/783/783 782/782/782
f 734/734/734 735/735/735 783/783/783
f 735/735/735 784/784/784 783/783/783
f 736/736/736 737/737/737 785/785/785
f 737/737/737 786/786/786 785/785/785
f 737/737/737 738/738/738 786/786/786
f 738/738/738 787/787/787 786/786/786
f 738/738/738 739/739/739 787/787/787
f 739/739/739 788/788/788 787/787/787
f 739/739/739 740/740/740 788/788/788
f 740/740/740 789/789/789 788/788/788
f 740/740/740 741/741/741 789/789/789
f 741/741/741 790/790/790 789/789/789
f 741/741/741 742/742/742 790/790/790
f 742/742/742 791/791/791 790/790/790
f 742/742/742 743/743/743 791/791/791
f 743/743/743 792/792/792 791/791/791
f 743/743/743 744/744/744 792/792/792
f 744/744/744 793/793/793 792/792/792
f 744/744/744 745/745/745 793/793/793
f 745/745/745 794/794/794 793/793/793
f 745/745/745 746/746/746 794/794/794
f 746/746/746 795/795/795 794/794/794
f 746/746/746 747/747/747 795/795/795
f 747/747/747 796/796/796 795/795/795
f 747/747/747 748/748/748 796/796/796
f 748/748/748 797/797/797 796/796/796
f 748/748/748 749/749/749 797/797/797
f 749/749/749 798/798/798 797/797/797
f 749/749/749 750/750/750 798/798/798
f 750/750/750 799/799/799 798/798/798
f 750/750/750 751/751/751 799/799/799
f 751/751/751 800/800/800 799/799/799
f 751/751/751 752/752/752 800/800/800
f 752/752/752 801/801/801 800/800/800
f 752/752/752 753/753/753 801/801/801
f 753/753/753 802/802/802 801/801/801
f 753/753/753 754/754/754 802/802/802
f 754/754/754 803/803/803 802/802/802
f 754/754/754 755/755/755 803/803/803
f 755/755/755 804/804/804 803/803/803
f 755/755/755 756/756/756 804/804/804
f 756/756/756 805/805/805 804/804/804
f 756/756/756 757/757/757 805/805/805
f 757/757/757 806/806/806 805/805/805
f 757/757/757 758/758/758 806/806/806
f 758/758/758 807/807/807 806/806/806
f 758/758/758 759/759/759 807/807/807
f 759/759/759 808/808/808 807/807/807
f 759/759/759 760/760/760 808/808/808
f 760/760/760 809/809/809 808/808/808
f 760/760/760 761/761/761 809/809/809
f 761/761/761 810/810/810 809/809/809
f 761/761/761 762/762/762 810/810/810
f 762/762/762 811/811/811 810/810/810
f 762/762/762 763/763/763 811/811/811
f 763/763/763 812/812/812 811/811/811
f 763/763/763 764/764/764 812/812/812
f 764/764/764 813/813/813 812/812/812
f 764/764/764 765/765/765 813/813/813
f 765/765/765 814/814/814 813/813/813
f 765/765/765 766/766/766 814/814/814
f 766/766/766 815/815/815 814/814/814
f 766/766/766 767/767/767 815/815/815
f 767/767/767 816/816/816 815/815/815
f 767/767/767 768/768/768 816/816/816
f 768/768/768 817/817/817 816/816/816
f 768/768/768 769/769/769 817/817/817
f 769/769/769 818/818/818 817/817/817
f 769/769/769 770/770/770 818/818/818
f 770/770/770 819/819/819 818/818/818
f 770/770/770 771/771/771 819/819/819
f 771/771/771 820/820/820 819/819/819
f 771/771/771 772/772/772 820/820/820
f 772/772/772 821/821/821 820/820/820
f 772/772/772 773/773/773 821/821/821
f 773/773/773 822/822/822 821/821/821
f 773/773/773 774/774/774 822/822/822
f 774/774/774 823/823/823 822/822/822
f 774/774/774 775/775/775 823/823/823
f 775/775/775 824/824/824 823/823/823
f 775/775/775 776/776/776 824/824/824
f 776/776/776 825/825/825 824/824/824
f 776/776/776 777/777/777 825/825/825
f 777/777/777 826/826/826 825/825/825
f 777/777/777 778/778/778 826/826/826
f 778/778/778 827/827/827 826/826/826
f 778/778/778 779/779/779 827/827/827
f 779/779/779 828/828/828 827/827/827
f 779/779/779 780/780/780 828/828/828
f 780/780/780 829/829/829 828/828/828
f 780/780/780 781/781/781 829/829/829
f 781/781/781 830/830/830 829/829/829
f 781/781/781 782/782/782 830/830/830
f 782/782/782 831/831/831 830/830/830
f 782/782/782 783/783/783 831/831/831
f 783/783/783 832/832/832 831/831/831
f 783/783/783 784/784/784 832/832/832
f 784/784/784 833/833/833 832/832/832
f 785/785/785 786/786/786 834/834/834
f 786/786/786 835/835/835 834/834/834
f 786/786/786 787/787/787 835/835/835
f 787/787/787 836/836/836 835/835/835
f 787/787/787 788/788/788 836/836/836
f 788/788/788 837/837/837 836/836/836
f 788/788/788 789/789/789 837/837/837
f 789/789/789 838/838/838 837/837/837
f 789/789/789 790/790/790 838/838/838
f 790/790/790 839/839/839 838/838/838
f 790/790/790 791/791/791 839/839/839
f 791/791/791 840/840/840 839/839/839
f 791/791/791 792/792/792 840/840/840
f 792/792/792 841/841/841 840/840/840
f 792/792/792 793/793/793 841/841/841
f 793/793/793 842/842/842 841/841/841
f 793/793/793 794/794/794 842/842/842
f 794/794/794 843/843/843 842/842/842
f 794/794/794 795/795/795 843/843/843
f 795/795/795 844/844/844 843/843/843
f 795/795/795 796/796/796 844/844/844
f 796/796/796 845/845/845 844/844/844
f 796/796/796 797/797/797 845/845/845
f 797/797/797 846/846/846 845/845/845
f 797/797/797 798/798/798 846/846/846
f 798/798/798 847/847/847 846/846/846
f 798/798/798 799/799/799 847/847/847
f 799/799/799 848/848/848 847/847/847
f 799/799/799 800/800/800 848/848/848
f 800/800/800 849/849/849 848/848/848
f 800/800/800 801/801/801 849/849/849
f 801/801/801 850/850/850 849/849/849
f 801/801/801 802/802/802 850/850/850
f 802/802/802 851/851/851 850/850/850
f 802/802/802 803/803/803 851/851/851
f 803/803/803 852/852/852 851/851/851
f 803/803/803 804/804/804 852/852/852
f 804/804/804 853/853/853 852/852/852
f 804/804/804 805/805/805 853/853/853
f 805/805/805 854/854/854 853/853/853
f 805/805/805 806/806/806 854/854/854
f 806/806/806 855/855/855 854/854/854
f 806/806/806 807/807/807 855/855/855
f 807/807/807 856/856/856 855/855/855
f 807/807/807 808/808/808 856/856/856
f 808/808/808 857/857/857 856/856/856
f 808/808/808 809/809/809 857/857/857
f 809/809/809 858/858/858 857/857/857
f 809/809/809 810/810/810 858/858/858
f 810/810/810 859/859/859 858/858/858
f 810/810/810 811/811/811 859/859/859
f 811/811/811 860/860/860 859/859/859
f 811/811/811 812/812/812 860/860/860
f 812/812/812 861/861/861 860/860/860
f 812/812/812 813/813/813 861/861/861
f 813/813/813 862/862/862 861/861/861
f 813/813/813 814/814/814 862/862/862
f 814/814/814 863/863/863 862/862/862
f 814/814/814 815/815/815 863/863/863
f 815/815/815 864/864/864 863/863/863
f 815/815/815 816/816/816 864/864/864
f 816/816/816 865/865/865 864/864/864
f 816/816/816 817/817/817 865/865/865
f 817/817/817 866/866/866 865/865/865
f 817/817/817 818/818/818 866/866/866
f 818/818/818 867/867/867 866/866/866
f 818/818/818 819/819/819 867/867/867
f 819/819/819 868/868/868 867/867/867
f 819/819/819 820/820/820 868/868/868
f 820/820/820 869/869/869 868/868/868
f 820/820/820 821/821/821 869/869/869
f 821/821/821 870/870/870 869/869/869
f 821/821/821 822/822/822 870/870/870
f 822/822/822 871/871/871 870/870/870
f 822/822/822 823/823/823 871/871/871
f 823/823/823 872/872/872 871/871/871
f 823/823/823 824/824/824 872/872/872
f 824/824/824 873/873/873 872/872/872
f 824/824/824 825/825/825 873/873/873
f 825/825/825 874/874/874 873/873/873
f 825/825/825 826/826/826 874/874/874
f 826/826/826 875/875/875 874/874/874
f 826/826/826 827/827/827 875/875/875
f 827/827/827 876/876/876 875/875/875
f 827/827/827 828/828/828 876/876/876
f 828/828/828 877/877/877 876/876/876
f 828/828/828 829/829/829 877/877/877
f 829/829/829 878/878/878 877/877/877
f 829/829/829 830/830/830 878/878/878
f 830/830/830 879/879/879 878/878/878
f 830/830/830 831/831/831 879/879/879
f 831/831/831 880/880/880 879/879/879
f 831/831/831 832/832/832 880/880/880
f 832/832/832 881/881/881 880/880/880
f 832/832/832 833/833/833 881/881/881
f 833/833/833 882/882/882 881/881/881
f 834/834/834 835/835/835 883/883/883
f 835/835/835 884/884/884 883/883/883
f 835/835/835 836/836/836 884/884/884
f 836/836/836 885/885/885 884/884/884
f 836/836/836 837/837/837 885/885/885
f 837/837/837 886/886/886 885/885/885
f 837/837/837 838/838/838 886/886/886
f 838/838/838 887/887/887 886/886/886
f 838/838/838 839/839/839 887/887/887
f 839/839/839 888/888/888 887/887/887
f 839/839/839 840/840/840 888/888/888
f 840/840/840 889/889/889 888/888/888
f 840/840/840 841/841/841 889/889/889
f 841/841/841 890/890/890 889/889/889
f 841/841/841 842/842/842 890/890/890
f 842/842/842 891/891/891 890/890/890
f 842/842/842 843/843/843 891/891/891
f 843/843/843 892/892/892 891/891/891
f 843/843/843 844/844/844 892/892/892
f 844/844/844 893/893/893 892/892/892
f 844/844/844 845/845/845 893/893/893
f 845/845/845 894/894/894 893/893/893
f 845/845/845 846/846/846 894/894/894
f 846/846/846 895/895/895 894/894/894
f 846/846/846 847/847/847 895/895/895
f 847/847/847 896/896/896 895/895/895
f 847/847/847 848/848/848 896/896/896
f 848/848/848 897/897/897 896/896/896
f 848/848/848 849/849/849 897/897/897
f 849/849/849 898/898/898 897/897/897
f 849/849/849 850/850/850 898/898/898
f 850/850/850 899/899/899 898/898/898
f 850/850/850 851/851/851 899/899/899
f 851/851/851 900/900/900 899/899/899
f 851/851/851 852/852/852 900/900/900
f 852/852/852 901/901/901 900/900/900
f 852/852/852 853/853/853 901/901/901
f 853/853/853 902/902/902 901/901/901
f 853/853/853 854/854/854 902/902/902
f 854/854/854 903/903/903 902/902/902
f 854/854/854 855/855/855 903/903/903
f 855/855/855 904/904/904 903/903/903
f 855/855/855 856/856/856 904/904/904
f 856/856/856 905/905/905 904/904/904
f 856/856/856 857/857/857 905/905/905
f 857/857/857 906/906/906 905/905/905
f 857/857/857 858/858/858 906/906/906
f 858/858/858 907/907/907 906/906/906
f 858/858/858 859/859/859 907/907/907
f 859/859/859 908/908/908 907/907/907
f 859/859/859 860/860/860 908/908/908
f 860/860/860 909/909/909 908/908/908
f 860/860/860 861/861/861 909/909/909
f 861/861/861 910/910/910 909/909/909
f 861/861/861 862/862/862 910/910/910
f 862/862/862 911/911/911 910/910/910
f 862/862/862 863/863/863 911/911/911
f 863/863/863 912/912/912 911/911/911
f 863/863/863 864/864/864 912/912/912
f 864/864/864 913/913/913 912/912/912
f 864/864/864 865/865/865 913/913/913
f 865/865/865 914/914/914 913/913/913
f 865/865/865 866/866/866 914/914/914
f 866/866/866 915/915/915 914/914/914
f 866/866/866 867/867/867 915/915/915
f 867/867/867 916/916/916 915/915/915
f 867/867/867 868/868/868 916/916/916
f 868/868/868 917/917/917 916/916/916
f 868/868/868 869/869/869 917/917/917
f 869/869/869 918/918/918 917/917/917
f 869/869/869 870/870/870 918/918/918
f 870/870/870 919/919/919 918/918/918
f 870/870/870 871/871/871 919/919/919
f 871/871/871 920/920/920 919/919/919
f 871/871/871 872/872/872 920/920/920
f 872/872/872 921/921/921 920/920/920
f 872/872/872 873/873/873 921/921/921
f 873/873/873 922/922/922 921/921/921
f 873/873/873 874/874/874 922/922/922
f 874/874/874 923/923/923 922/922/922
f 874/874/874 875/875/875 923/923/923
f 875/875/875 924/924/924 923/923/923
f 875/875/875 876/876/876 924/924/924
f 876/876/876 925/925/925 924/924/924
f 876/876/876 877/877/877 925/925/925
f 877/877/877 926/926/926 925/925/925
f 877/877/877 878/878/878 926/926/926
f 878/878/878 927/927/927 926/926/926
f 878/878/878 879/879/879 927/927/927
f 879/879/879 928/928/928 927/927/927
f 879/879/879 880/880/880 928/928/928
f 880/880/880 929/929/929 928/928/928
f 880/880/880 881/881/881 929/929/929
f 881/881/881 930/930/930 929/929/929
f 881/881/881 882/882/882 930/930/930
f 882/882/882 931/931/931 930/930/930
f 883/883/883 884/884/884 932/932/932
f 884/884/884 933/933/933 932/932/932
f 884/884/884 885/885/885 933/933/933
f 885/885/885 934/934/934 933/933/933
f 885/885/885 886/886/886 934/934/934
f 886/886/886 935/935/935 934/934/934
f 886/886/886 887/887/887 935/935/935
f 887/887/887 936/936/936 935/935/935
f 887/887/887 888/888/888 936/936/936
f 888/888/888 937/937/937 936/936/936
f 888/888/888 889/889/889 937/937/937
f 889/889/889 938/938/938 937/937/937
f 889/889/889 890/890/890 938/938/938
f 890/890/890 939/939/939 938/938/938
f 890/890/890 891/891/891 939/939/939
f 891/891/891 940/940/940 939/939/939
f 891/891/891 892/892/892 940/940/940
f 892/892/892 941/941/941 940/940/940
f 892/892/892 893/893/893 941/941/941
f 893/893/893 942/942/942 941/941/941
f 893/893/893 894/894/894 942/942/942
f 894/894/894 943/943/943 942/942/942
f 894/894/894 895/895/895 943/943/943
f 895/895/895 944/944/944 943/943/943
f 895/895/895 896/896/896 944/944/944
f 896/896/896 945/945/945 944/944/944
f 896/896/896 897/897/897 945/945/945
f 897/897/897 946/946/946 945/945/945
f 897/897/897 898/898/898 946/946/946
f 898/898/898 947/947/947 946/946/946
f 898/898/898 899/899/899 947/947/947
f 899/899/899 948/948/948 947/947/947
f 899/899/899 900/900/900 948/948/948
f 900/900/900 949/949/949 948/948/948
f 900/900/900 901/901/901 949/949/949
f 901/901/901 950/950/950 949/949/949
f 901/901/901 902/902/902 950/950/950
f 902/902/902 951/951/951 950/950/950
f 902/902/902 903/903/903 951/951/951
f 903/903/903 952/952/952 951/951/951
f 903/903/903 904/904/904 952/952/952
f 904/904/904 953/953/953 952/952/952
f 904/904/904 905/905/905 953/953/953
f 905/905/905 954/954/954 953/953/953
f 905/905/905 906/906/906 954/954/954
f 906/906/906 955/955/955 954/954/954
f 906/906/906 907/907/907 955/955/955
f 907/907/907 956/956/956 955/955/955
f 907/907/907 908/908/908 956/956/956
f 908/908/908 957/957/957 956/956/956
f 908/908/908 909/909/909 957/957/957
f 909/909/909 958/958/958 957/957/957
f 909/909/909 910/910/910 958/958/958
f 910/910/910 959/959/959 958/958/958
f 910/910/910 911/911/911 959/959/959
f 911/911/911 960/960/960 959/959/959
f 911/911/911 912/912/912 960/960/960
f 912/912/912 961/961/961 960/960/960
f 912/912/912 913/913/913 961/961/961
f 913/913/913 962/962/962 961/961/961
f 913/913/913 914/914/914 962/962/962
f 914/914/914 963/963/963 962/962/962
f 914/914/914 915/915/915 963/963/963
f 915/915/915 964/964/964 963/963/963
f 915/915/915 916/916/916 964/964/964
f 916/916/916 965/965/965 964/964/964
f 916/916/916 917/917/917 965/965/965
f 917/917/917 966/966/966 965/965/965
f 917/917/917 918/918/918 966/966/966
f 918/918/918 967/967/967 966/966/966
f 918/918/918 919/919/919 967/967/967
f 919/919/919 968/968/968 967/967/967
f 919/919/919 920/920/920 968/968/968
f 920/920/920 969/969/969 968/968/968
f 920/920/920 921/921/921 969/969/969
f 921/921/921 970/970/970 969/969/969
f 921/921/921 922/922/922 970/970/970
f 922/922/922 971/971/971 970/970/970
f 922/922/922 923/923/923 971/971/971
f 923/923/923 972/972/972 971/971/971
f 923/923/923 924/924/924 972/972/972
f 924/924/924 973/973/973 972/972/972
f 924/924/924 925/925/925 973/973/973
f 925/925/925 974/974/974 973/973/973
f 925/925/925 926/926/926 974/974/974
f 926/926/926 975/975/975 974/974/974
f 926/926/926 927/927/927 975/975/975
f 927/927/927 976/976/976 975/975/975
f 927/927/927 928/928/928 976/976/976
f 928/928/928 977/977/977 976/976/976
f 928/928/928 929/929/929 977/977/977
f 929/929/929 978/978/978 977/977/977
f 929/929/929 930/930/930 978/978/978
f 930/930/930 979/979/979 978/978/978
f 930/930/930 931/931/931 979/979/979
f 931/931/931 980/980/980 979/979/979
f 932/932/932 933/933/933 981/981/981
f 933/933/933 982/982/982 981/981/981
f 933/933/933 934/934/934 982/982/982
f 934/934/934 983/983/983 982/982/982
f 934/934/934 935/935/935 983/983/983
f 935/935/935 984/984/984 983/983/983
f 935/935/935 936/936/936 984/984/984
f 936/936/936 985/985/985 984/984/984
f 936/936/936 937/937/937 985/985/985
f 937/937/937 986/986/986 985/985/985
f 937/937/937 938/938/938 986/986/986
f 938/938/938 987/987/987 986/986/986
f 938/938/938 939/939/939 987/987/987
f 939/939/939 988/988/988 987/987/987
f 939/939/939 940/940/940 988/988/988
f 940/940/940 989/989/989 988/988/988
f 940/940/940 941/941/941 989/989/989
f 941/941/941 990/990/990 989/989/989
f 941/941/941 942/942/942 990/990/990
f 942/942/942 991/991/991 990/990/990
f 942/942/942 943/943/943 991/991/991
f 943/943/943 992/992/992 991/991/991
f 943/943/943 944/944/944 992/992/992
f 944/944/944 993/993/993 992/992/992
f 944/944/944 945/945/945 993/993/993
f 945/945/945 994/994/994 993/993/993
f 945/945/945 946/946/946 994/994/994
f 946/946/946 995/995/995 994/994/994
f 946/946/946 947/947/947 995/995/995
f 947/947/947 996/996/996 995/995/995
f 947/947/947 948/948/948 996/996/996
f 948/948/948 997/997/997 996/996/996
f 948/948/948 949/949/949 997/997/997
f 949/949/949 998/998/998 997/997/997
f 949/949/949 950/950/950 998/998/998
f 950/950/950 999/999/999 998/998/998
f 950/950/950 951/951/951 999/999/999
f 951/951/951 1000/1000/1000 999/999/999
f 951/951/951 952/952/952 1000/1000/1000
f 952/952/952 1001/1001/1001 1000/1000/1000
f 952/952/952 953/953/953 1001/1001/1001
f 953/953/953 1002/1002/1002 1001/1001/1001
f 953/953/953 954/954/954 1002/1002/1002
f 954/954/954 1003/1003/1003 1002/1002/1002
f 954/954/954 955/955/955 1003/1003/1003
f 955/955/955 1004/1004/1004 1003/1003/1003
f 955/955/955 956/956/956 1004/1004/1004
f 956/956/956 1005/1005/1005 1004/1004/1004
f 956/956/956 957/957/957 1005/1005/1005
f 957/957/957 1006/1006/1006 1005/1005/1005
f 957/957/957 958/958/958 1006/1006/1006
f 958/958/958 1007/1007/1007 1006/1006/1006
f 958/958/958 959/959/959 1007/1007/1007
f 959/959/959 1008/1008/1008 1007/1007/1007
f 959/959/959 960/960/960 1008/1008/1008
f 960/960/960 1009/1009/1009 1008/1008/1008
f 960/960/960 961/961/961 1009/1009/1009
f 961/961/961 1010/1010/1010 1009/1009/1009
f 961/961/961 962/962/962 1010/1010/1010
f 962/962/962 1011/1011/1011 1010/1010/1010
f 962/962/962 963/963/963 1011/1011/1011
f 963/963/963 1012/1012/1012 1011/1011/1011
f 963/963/963 964/964/964 1012/1012/1012
f 964/964/964 1013/1013/1013 1012/1012/1012
f 964/964/964 965/965/965 1013/1013/1013
f 965/965/965 1014/1014/1014 1013/1013/1013
f 965/965/965 966/966/966 1014/1014/1014
f 966/966/966 1015/1015/1015 1014/1014/1014
f 966/966/966 967/967/967 1015/1015/1015
f 967/967/967 1016/1016/1016 1015/1015/1015
f 967/967/967 968/968/968 1016/1016/1016
f 968/968/968 1017/1017/1017 1016/1016/1016
f 968/968/968 969/969/969 1017/1017/1017
f 969/969/969 1018/1018/1018 1017/1017/1017
f 969/969/969 970/970/970 1018/1018/1018
f 970/970/970 1019/1019/1019 1018/1018/1018
f 970/970/970 971/971/971 1019/1019/1019
f 971/971/971 1020/1020/1020 1019/1019/1019
f 971/971/971 972/972/972 1020/1020/1020
f 972/972/972 1021/1021/1021 1020/1020/1020
f 972/972/972 973/973/973 1021/1021/1021
f 973/973/973 1022/1022/1022 1021/1021/1021
f 973/973/973 974/974/974 1022/1022/1022
f 974/974/974 1023/1023/1023 1022/1022/1022
f 974/974/974 975/975/975 1023/1023/1023
f 975/975/975 1024/1024/1024 1023/1023/1023
f 975/975/975 976/976/976 1024/1024/1024
f 976/976/976 1025/1025/1025 1024/1024/1024
f 976/976/976 977/977/977 1025/1025/1025
f 977/977/977 1026/1026/1026 1025/1025/1025
f 977/977/977 978/978/978 1026/1026/1026
f 978/978/978 1027/1027/1027 1026/1026/1026
f 978/978/978 979/979/979 1027/1027/1027
f 979/979/979 1028/1028/1028 1027/1027/1027
f 979/979/979 980/980/980 1028/1028/1028
f 980/980/980 1029/1029/1029 1028/1028/1028
f 981/981/981 982/982/982 1030/1030/1030
f 982/982/982 1031/1031/1031 1030/1030/1030
f 982/982/982 983/983/983 1031/1031/1031
f 983/983/983 1032/1032/1032 1031/1031/1031
f 983/983/983 984/984/984 1032/1032/1032
f 984/984/984 1033/1033/1033 1032/1032/1032
f 984/984/984 985/985/985 1033/1033/1033
f 985/985/985 1034/1034/1034 1033/1033/1033
f 985/985/985 986/986/986 1034/1034/1034
f 986/986/986 1035/1035/1035 1034/1034/1034
f 986/986/986 987/987/987 1035/1035/1035
f 987/987/987 1036/1036/1036 1035/1035/1035
f 987/987/987 988/988/988 1036/1036/1036
f 988/988/988 1037/1037/1037 1036/1036/1036
f 988/988/988 989/989/989 1037/1037/1037
f 989/989/989 1038/1038/1038 1037/1037/1037
f 989/989/989 990/990/990 1038/1038/1038
f 990/990/990 1039/1039/1039 1038/1038/1038
f 990/990/990 991/991/991 1039/1039/1039
f 991/991/991 1040/1040/1040 1039/1039/1039
f 991/991/991 992/992/992 1040/1040/1040
f 992/992/992 1041/1041/1041 1040/1040/1040
f 992/992/992 993/993/993 1041/1041/1041
f 993/993/993 1042/1042/1042 1041/1041/1041
f 993/993/993 994/994/994 1042/1042/1042
f 994/994/994 1043/1043/1043 1042/1042/1042
f 994/994/994 995/995/995 1043/1043/1043
f 995/995/995 1044/1044/1044 1043/1043/1043
f 995/995/995 996/996/996 1044/1044/1044
f 996/996/996 1045/1045/1045 1044/1044/1044
f 996/996/996 997/997/997 1045/1045/1045
f 997/997/997 1046/1046/1046 1045/1045/1045
f 997/997/997 998/998/998 1046/1046/1046
f 998/998/998 1047/1047/1047 1046/1046/1046
f 998/998/998 999/999/999 1047/1047/1047
f 999/999/999 1048/1048/1048 1047/1047/1047
f 999/999/999 1000/1000/1000 1048/1048/1048
f 1000/1000/1000 1049/1049/1049 1048/1048/1048
f 1000/1000/1000 1001/1001/1001 1049/1049/1049
f 1001/1001/1001 1050/1050/1050 1049/1049/1049
f 1001/1001/1001 1002/1002/1002 1050/1050/1050
f 1002/1002/1002 1051/1051/1051 1050/1050/1050
f 1002/1002/1002 1003/1003/1003 1051/1051/1051
f 1003/1003/1003 1052/1052/1052 1051/1051/1051
f 1003/1003/1003 1004/1004/1004 1052/1052/1052
f 1004/1004/1004 1053/1053/1053 1052/1052/1052
f 1004/1004/1004 1005/1005/1005 1053/1053/1053
f 1005/1005/1005 1054/1054/1054 1053/1053/1053
f 1005/1005/1005 1006/1006/1006 1054/1054/1054
f 1006/1006/1006 1055/1055/1055 1054/1054/1054
f 1006/1006/1006 1007/1007/1007 1055/1055/1055
f 1007/1007/1007 1056/1056/1056 1055/1055/1055
f 1007/1007/1007 1008/1008/1008 1056/1056/1056
f 1008/1008/1008 1057/1057/1057 1056/1056/1056
f 1008/1008/1008 1009/1009/1009 1057/1057/1057
f 1009/1009/1009 1058/1058/1058 1057/1057/1057
f 1009/1009/1009 1010/1010/1010 1058/1058/1058
f 1010/1010/1010 1059/1059/1059 1058/1058/1058
f 1010/1010/1010 1011/1011/1011 1059/1059/1059
f 1011/1011/1011 1060/1060/1060 1059/1059/1059
f 1011/1011/1011 1012/1012/1012 1060/1060/1060
f 1012/1012/1012 1061/1061/1061 1060/1060/1060
f 1012/1012/1012 1013/1013/1013 1061/1061/1061
f 1013/1013/1013 1062/1062/1062 1061/1061/1061
f 1013/1013/1013 1014/1014/1014 1062/1062/1062
f 1014/1014/1014 1063/1063/1063 1062/1062/1062
f 1014/1014/1014 1015/1015/1015 1063/1063/1063
f 1015/1015/1015 1064/1064/1064 1063/1063/1063
f 1015/1015/1015 1016/1016/1016 1064/1064/1064
f 1016/1016/1016 1065/1065/1065 1064/1064/1064
f 1016/1016/1016 1017/1017/1017 1065/1065/1065
f 1017/1017/1017 1066/1066/1066 1065/1065/1065
f 1017/1017/1017 1018/1018/1018 1066/1066/1066
f 1018/1018/1018 1067/1067/1067 1066/1066/1066
f 1018/1018/1018 1019/1019/1019 1067/1067/1067
f 1019/1019/1019 1068/1068/1068 1067/1067/1067
f 1019/1019/1019 1020/1020/1020 1068/1068/1068
f 1020/1020/1020 1069/1069/1069 1068/1068/1068
f 1020/1020/1020 1021/1021/1021 1069/1069/1069
f 1021/1021/1021 1070/1070/1070 1069/1069/1069
f 1021/1021/1021 1022/1022/1022 1070/1070/1070
f 1022/1022/1022 1071/1071/1071 1070/1070/1070
f 1022/1022/1022 1023/1023/1023 1071/1071/1071
f 1023/1023/1023 1072/1072/1072 1071/1071/1071
f 1023/1023/1023 1024/1024/1024 1072/1072/1072
f 1024/1024/1024 1073/1073/1073 1072/1072/1072
f 1024/1024/1024 1025/1025/1025 1073/1073/1073
f 1025/1025/1025 1074/1074/1074 1073/1073/1073
f 1025/1025/1025 1026/1026/1026 1074/1074/1074
f 1026/1026/1026 1075/1075/1075 1074/1074/1074
f 1026/1026/1026 1027/1027/1027 1075/1075/1075
f 1027/1027/1027 1076/1076/1076 1075/1075/1075
f 1027/1027/1027 1028/1028/1028 1076/1076/1076
f 1028/1028/1028 1077/1077/1077 1076/1076/1076
f 1028/1028/1028 1029/1029/1029 1077/1077/1077
f 1029/1029/1029 1078/1078/1078 1077/1077/1077
f 1030/1030/1030 1031/1031/1031 1079/1079/1079
f 1031/1031/1031 1080/1080/1080 1079/1079/1079
f 1031/1031/1031 1032/1032/1032 1080/1080/1080
f 1032/1032/1032 1081/1081/1081 1080/1080/1080
f 1032/1032/1032 1033/1033/1033 1081/1081/1081
f 1033/1033/1033 1082/1082/1082 1081/1081/1081
f 1033/1033/1033 1034/1034/1034 1082/1082/1082
f 1034/1034/1034 1083/1083/1083 1082/1082/1082
f 1034/1034/1034 1035/1035/1035 1083/1083/1083
f 1035/1035/1035 1084/1084/1084 1083/1083/1083
f 1035/1035/1035 1036/1036/1036 1084/1084/1084
f 1036/1036/1036 1085/1085/1085 1084/1084/1084
f 1036/1036/1036 1037/1037/1037 1085/1085/1085
f 1037/1037/1037 1086/1086/1086 1085/1085/1085
f 1037/1037/1037 1038/1038/1038 1086/1086/1086
f 1038/1038/1038 1087/1087/1087 1086/1086/1086
f 1038/1038/1038 1039/1039/1039 1087/1087/1087
f 1039/1039/1039 1088/1088/1088 1087/1087/1087
f 1039/1039/1039 1040/1040/1040 1088/1088/1088
f 1040/1040/1040 1089/1089/1089 1088/1088/1088
f 1040/1040/1040 1041/1041/1041 1089/1089/1089
f 1041/1041/1041 1090/1090/1090 1089/1089/1089
f 1041/1041/1041 1042/1042/1042 1090/1090/1090
f 1042/1042/1042 1091/1091/1091 1090/1090/1090
f 1042/1042/1042 1043/1043/1043 1091/1091/1091
f 1043/1043/1043 1092/1092/1092 1091/1091/1091
f 1043/1043/1043 1044/1044/1044 1092/1092/1092
f 1044/1044/1044 1093/1093/1093 1092/1092/1092
f 1044/1044/1044 1045/1045/1045 1093/1093/1093
f 1045/1045/1045 1094/1094/1094 1093/1093/1093
f 1045/1045/1045 1046/1046/1046 1094/1094/1094
f 1046/1046/1046 1095/1095/1095 1094/1094/1094
f 1046/1046/1046 1047/1047/1047 1095/1095/1095
f 1047/1047/1047 1096/1096/1096 1095/1095/1095
f 1047/1047/1047 1048/1048/1048 1096/1096/1096
f 1048/1048/1048 1097/1097/1097 1096/1096/1096
f 1048/1048/1048 1049/1049/1049 1097/1097/1097
f 1049/1049/1049 1098/1098/1098 1097/1097/1097
f 1049/1049/1049 1050/1050/1050 1098/1098/1098
f 1050/1050/1050 1099/1099/1099 1098/1098/1098
f 1050/1050/1050 1051/1051/1051 1099/1099/1099
f 1051/1051/1051 1100/1100/1100 1099/1099/1099
f 1051/1051/1051 1052/1052/1052 1100/1100/1100
f 1052/1052/1052 1101/1101/1101 1100/1100/1100
f 1052/1052/1052 1053/1053/1053 1101/1101/1101
f 1053/1053/1053 1102/1102/1102 1101/1101/1101
f 1053/1053/1053 1054/1054/1054 1102/1102/1102
f 1054/1054/1054 1103/1103/1103 1102/1102/1102
f 1054/1054/1054 1055/1055/1055 1103/1103/1103
f 1055/1055/1055 1104/1104/1104 1103/1103/1103
f 1055/1055/1055 1056/1056/1056 1104/1104/1104
f 1056/1056/1056 1105/1105/1105 1104/1104/1104
f 1056/1056/1056 1057/1057/1057 1105/1105/1105
f 1057/1057/1057 1106/1106/1106 1105/1105/1105
f 1057/1057/1057 1058/1058/1058 1106/1106/1106
f 1058/1058/1058 1107/1107/1107 1106/1106/1106
f 1058/1058/1058 1059/1059/1059 1107/1107/1107
f 1059/1059/1059 1108/1108/1108 1107/1107/1107
f 1059/1059/1059 1060/1060/1060 1108/1108/1108
f 1060/1060/1060 1109/1109/1109 1108/1108/1108
f 1060/1060/1060 1061/1061/1061 1109/1109/1109
f 1061/1061/1061 1110/1110/1110 1109/1109/1109
f 1061/1061/1061 1062/1062/1062 1110/1110/1110
f 1062/1062/1062 1111/1111/1111 1110/1110/1110
f 1062/1062/1062 1063/1063/1063 1111/1111/1111
f 1063/1063/1063 1112/1112/1112 1111/1111/1111
f 1063/1063/1063 1064/1064/1064 1112/1112/1112
f 1064/1064/1064 1113/1113/1113 1112/1112/1112
f 1064/1064/1064 1065/1065/1065 1113/1113/1113
f 1065/1065/1065 1114/1114/1114 1113/1113/1113
f 1065/1065/1065 1066/1066/1066 1114/1114/1114
f 1066/1066/1066 1115/1115/1115 1114/1114/1114
f 1066/1066/1066 1067/1067/1067 1115/1115/1115
f 1067/1067/1067 1116/1116/1116 1115/1115/1115
f 1067/1067/1067 1068/1068/1068 1116/1116/1116
f 1068/1068/1068 1117/1117/1117 1116/1116/1116
f 1068/1068/1068 1069/1069/1069 1117/1117/1117
f 1069/1069/1069 1118/1118/1118 1117/1117/1117
f 1069/1069/1069 1070/1070/1070 1118/1118/1118
f 1070/1070/1070 1119/1119/1119 1118/1118/1118
f 1070/1070/1070 1071/1071/1071 1119/1119/1119
f 1071/1071/1071 1120/1120/1120 1119/1119/1119
f 1071/1071/1071 1072/1072/1072 1120/1120/1120
f 1072/1072/1072 1121/1121/1121 1120/1120/1120
f 1072/1072/1072 1073/1073/1073 1121/1121/1121
f 1073/1073/1073 1122/1122/1122 1121/1121/1121
f 1073/1073/1073 1074/1074/1074 1122/1122/1122
f 1074/1074/1074 1123/1123/1123 1122/1122/1122
f 1074/1074/1074 1075/1075/1075 1123/1123/1123
f 1075/1075/1075 1124/1124/1124 1123/1123/1123
f 1075/1075/1075 1076/1076/1076 1124/1124/1124
f 1076/1076/1076 1125/1125/1125 1124/1124/1124
f 1076/1076/1076 1077/1077/1077 1125/1125/1125
f 1077/1077/1077 1126/1126/1126 1125/1125/1125
f 1077/1077/1077 1078/1078/1078 1126/1126/1126
f 1078/1078/1078 1127/1127/1127 1126/1126/1126
f 1079/1079/1079 1080/1080/1080 1128/1128/1128
f 1080/1080/1080 1129/1129/1129 1128/1128/1128
f 1080/1080/1080 1081/1081/1081 1129/1129/1129
f 1081/1081/1081 1130/1130/1130 1129/1129/1129
f 1081/1081/1081 1082/1082/1082 1130/1130/1130
f 1082/1082/1082 1131/1131/1131 1130/1130/1130
f 1082/1082/1082 1083/1083/1083 1131/1131/1131
f 1083/1083/1083 1132/1132/1132 1131/1131/1131
f 1083/1083/1083 1084/1084/1084 1132/1132/1132
f 1084/1084/1084 1133/1133/1133 1132/1132/1132
f 1084/1084/1084 1085/1085/1085 1133/1133/1133
f 1085/1085/1085 1134/1134/1134 1133/1133/1133
f 1085/1085/1085 1086/1086/1086 1134/1134/1134
f 1086/1086/1086 1135/1135/1135 1134/1134/1134
f 1086/1086/1086 1087/1087/1087 1135/1135/1135
f 1087/1087/1087 1136/1136/1136 1135/1135/1135
f 1087/1087/1087 1088/1088/1088 1136/1136/1136
f 1088/1088/1088 1137/1137/1137 1136/1136/1136
f 1088/1088/1088 1089/1089/1089 1137/1137/1137
f 1089/1089/1089 1138/1138/1138 1137/1137/1137
f 1089/1089/1089 1090/1090/1090 1138/1138/1138
f 1090/1090/1090 1139/1139/1139 1138/1138/1138
f 1090/1090/1090 1091/1091/1091 1139/1139/1139
f 1091/1091/1091 1140/1140/1140 1139/1139/1139
f 1091/1091/1091 1092/1092/1092 1140/1140/1140
f 1092/1092/1092 1141/1141/1141 1140/1140/1140
f 1092/1092/1092 1093/1093/1093 1141/1141/1141
f 1093/1093/1093 1142/1142/1142 1141/1141/1141
f 1093/1093/1093 1094/1094/1094 1142/1142/1142
f 1094/1094/1094 1143/1143/1143 1142/1142/1142
f 1094/1094/1094 1095/1095/1095 1143/1143/1143
f 1095/1095/1095 1144/1144/1144 1143/1143/1143
f 1095/1095/1095 1096/1096/1096 1144/1144/1144
f 1096/1096/1096 1145/1145/1145 1144/1144/1144
f 1096/1096/1096 1097/1097/1097 1145/1145/1145
f 1097/1097/1097 1146/1146/1146 1145/1145/1145
f 1097/1097/1097 1098/1098/1098 1146/1146/1146
f 1098/1098/1098 1147/1147/1147 1146/1146/1146
f 1098/1098/1098 1099/1099/1099 1147/1147/1147
f 1099/1099/1099 1148/1148/1148 1147/1147/1147
f 1099/1099/1099 1100/1100/1100 1148/1148/1148
f 1100/1100/1100 1149/1149/1149 1148/1148/1148
f 1100/1100/1100 1101/1101/1101 1149/1149/1149
f 1101/1101/1101 1150/1150/1150 1149/1149/1149
f 1101/1101/1101 1102/1102/1102 1150/1150/1150
f 1102/1102/1102 1151/1151/1151 1150/1150/1150
f 1102/1102/1102 1103/1103/1103 1151/1151/1151
f 1103/1103/1103 1152/1152/1152 1151/1151/1151
f 1103/1103/1103 1104/1104/1104 1152/1152/1152
f 1104/1104/1104 1153/1153/1153 1152/1152/1152
f 1104/1104/1104 1105/1105/1105 1153/1153/1153
f 1105/1105/1105 1154/1154/1154 1153/1153/1153
f 1105/1105/1105 1106/1106/1106 1154/1154/1154
f 1106/1106/1106 1155/1155/1155 1154/1154/1154
f 1106/1106/1106 1107/1107/1107 1155/1155/1155
f 1107/1107/1107 1156/1156/1156 1155/1155/1155
f 1107/1107/1107 1108/1108/1108 1156/1156/1156
f 1108/1108/1108 1157/1157/1157 1156/1156/1156
f 1108/1108/1108 1109/1109/1109 1157/1157/1157
f 1109/1109/1109 1158/1158/1158 1157/1157/1157
f 1109/1109/1109 1110/1110/1110 1158/1158/1158
f 1110/1110/1110 1159/1159/1159 1158/1158/1158
f 1110/1110/1110 1111/1111/1111 1159/1159/1159
f 1111/1111/1111 1160/1160/1160 1159/1159/1159
f 1111/1111/1111 1112/1112/1112 1160/1160/1160
f 1112/1112/1112 1161/1161/1161 1160/1160/1160
f 1112/1112/1112 1113/1113/1113 1161/1161/1161
f 1113/1113/1113 1162/1162/1162 1161/1161/1161
f 1113/1113/1113 1114/1114/1114 1162/1162/1162
f 1114/1114/1114 1163/1163/1163 1162/1162/1162
f 1114/1114/1114 1115/1115/1115 1163/1163/1163
f 1115/1115/1115 1164/1164/1164 1163/1163/1163
f 1115/1115/1115 1116/1116/1116 1164/1164/1164
f 1116/1116/1116 1165/1165/1165 1164/1164/1164
f 1116/1116/1116 1117/1117/1117 1165/1165/1165
f 1117/1117/1117 1166/1166/1166 1165/1165/1165
f 1117/1117/1117 1118/1118/1118 1166/1166/1166
f 1118/1118/1118 1167/1167/1167 1166/1166/1166
f 1118/1118/1118 1119/1119/1119 1167/1167/1167
f 1119/1119/1119 1168/1168/1168 1167/1167/1167
f 1119/1119/1119 1120/1120/1120 1168/1168/1168
f 1120/1120/1120 1169/1169/1169 1168/1168/1168
f 1120/1120/1120 1121/1121/1121 1169/1169/1169
f 1121/1121/1121 1170/1170/1170 1169/1169/1169
f 1121/1121/1121 1122/1122/1122 1170/1170/1170
f 1122/1122/1122 1171/1171/1171 1170/1170/1170
f 1122/1122/1122 1123/1123/1123 1171/1171/1171
f 1123/1123/1123 1172/1172/1172 1171/1171/1171
f 1123/1123/1123 1124/1124/1124 1172/1172/1172
f 1124/1124/1124 1173/1173/1173 1172/1172/1172
f 1124/1124/1124 1125/1125/1125 1173/1173/1173
f 1125/1125/1125 1174/1174/1174 1173/1173/1173
f 1125/1125/1125 1126/1126/1126 1174/1174/1174
f 1126/1126/1126 1175/1175/1175 1174/1174/1174
f 1126/1126/1126 1127/1127/1127 1175/1175/1175
f 1127/1127/1127 1176/1176/1176 1175/1175/1175
f 1128/1128/1128 1129/1129/1129 1177/1177/1177
f 1129/1129/1129 1178/1178/1178 1177/1177/1177
f 1129/1129/1129 1130/1130/1130 1178/1178/1178
f 1130/1130/1130 1179/1179/1179 1178/1178/1178
f 1130/1130/1130 1131/1131/1131 1179/1179/1179
f 1131/1131/1131 1180/1180/1180 1179/1179/1179
f 1131/1131/1131 1132/1132/1132 1180/1180/1180
f 1132/1132/1132 1181/1181/1181 1180/1180/1180
f 1132/1132/1132 1133/1133/1133 1181/1181/1181
f 1133/1133/1133 1182/1182/1182 1181/1181/1181
f 1133/1133/1133 1134/1134/1134 1182/1182/1182
f 1134/1134/1134 1183/1183/1183 1182/1182/1182
f 1134/1134/1134 1135/1135/1135 1183/1183/1183
f 1135/1135/1135 1184/1184/1184 1183/1183/1183
f 1135/1135/1135 1136/1136/1136 1184/1184/1184
f 1136/1136/1136 1185/1185/1185 1184/1184/1184
f 1136/1136/1136 1137/1137/1137 1185/1185/1185
f 1137/1137/1137 1186/1186/1186 1185/1185/1185
f 1137/1137/1137 1138/1138/1138 1186/1186/1186
f 1138/1138/1138 1187/1187/1187 1186/1186/1186
f 1138/1138/1138 1139/1139/1139 1187/1187/1187
f 1139/1139/1139 1188/1188/1188 1187/1187/1187
f 1139/1139/1139 1140/1140/1140 1188/1188/1188
f 1140/1140/1140 1189/1189/1189 1188/1188/1188
f 1140/1140/1140 1141/1141/1141 1189/1189/1189
f 1141/1141/1141 1190/1190/1190 1189/1189/1189
f 1141/1141/1141 1142/1142/1142 1190/1190/1190
f 1142/1142/1142 1191/1191/1191 1190/1190/1190
f 1142/1142/1142 1143/1143/1143 1191/1191/1191
f 1143/1143/1143 1192/1192/1192 1191/1191/1191
f 1143/1143/1143 1144/1144/1144 1192/1192/1192
f 1144/1144/1144 1193/1193/1193 1192/1192/1192
f 1144/1144/1144 1145/1145/1145 1193/1193/1193
f 1145/1145/1145 1194/1194/1194 1193/1193/1193
f 1145/1145/1145 1146/1146/1146 1194/1194/1194
f 1146/1146/1146 1195/1195/1195 1194/1194/1194
f 1146/1146/1146 1147/1147/1147 1195/1195/1195
f 1147/1147/1147 1196/1196/1196 1195/1195/1195
f 1147/1147/1147 1148/1148/1148 1196/1196/1196
f 1148/1148/1148 1197/1197/1197 1196/1196/1196
f 1148/1148/1148 1149/1149/1149 1197/1197/1197
f 1149/1149/1149 1198/1198/1198 1197/1197/1197
f 1149/1149/1149 1150/1150/1150 1198/1198/1198
f 1150/1150/1150 1199/1199/1199 1198/1198/1198
f 1150/1150/1150 1151/1151/1151 1199/1199/1199
f 1151/1151/1151 1200/1200/1200 1199/1199/1199
f 1151/1151/1151 1152/1152/1152 1200/1200/1200
f 1152/1152/1152 1201/1201/1201 1200/1200/1200
f 1152/1152/1152 1153/1153/1153 1201/1201/1201
f 1153/1153/1153 1202/1202/1202 1201/1201/1201
f 1153/1153/1153 1154/1154/1154 1202/1202/1202
f 1154/1154/1154 1203/1203/1203 1202/1202/1202
f 1154/1154/1154 1155/1155/1155 1203/1203/1203
f 1155/1155/1155 1204/1204/1204 1203/1203/1203
f 1155/1155/1155 1156/1156/1156 1204/1204/1204
f 1156/1156/1156 1205/1205/1205 1204/1204/1204
f 1156/1156/1156 1157/1157/1157 1205/1205/1205
f 1157/1157/1157 1206/1206/1206 1205/1205/1205
f 1157/1157/1157 1158/1158/1158 1206/1206/1206
f 1158/1158/1158 1207/1207/1207 1206/1206/1206
f 1158/1158/1158 1159/1159/1159 1207/1207/1207
f 1159/1159/1159 1208/1208/1208 1207/1207/1207
f 1159/1159/1159 1160/1160/1160 1208/1208/1208
f 1160/1160/1160 1209/1209/1209 1208/1208/1208
f 1160/1160/1160 1161/1161/1161 1209/1209/1209
f 1161/1161/1161 1210/1210/1210 1209/1209/1209
f 1161/1161/1161 1162/1162/1162 1210/1210/1210
f 1162/1162/1162 1211/1211/1211 1210/1210/1210
f 1162/1162/1162 1163/1163/1163 1211/1211/1211
f 1163/1163/1163 1212/1212/1212 1211/1211/1211
f 1163/1163/1163 1164/1164/1164 1212/1212/1212
f 1164/1164/1164 1213/1213/1213 1212/1212/1212
f 1164/1164/1164 1165/1165/1165 1213/1213/1213
f 1165/1165/1165 1214/1214/1214 1213/1213/1213
f 1165/1165/1165 1166/1166/1166 1214/1214/1214
f 1166/1166/1166 1215/1215/1215 1214/1214/1214
f 1166/1166/1166 1167/1167/1167 1215/1215/1215
f 1167/1167/1167 1216/1216/1216 1215/1215/1215
f 1167/1167/1167 1168/1168/1168 1216/1216/1216
f 1168/1168/1168 1217/1217/1217 1216/1216/1216
f 1168/1168/1168 1169/1169/1169 1217/1217/1217
f 1169/1169/1169 1218/1218/1218 1217/1217/1217
f 1169/1169/1169 1170/1170/1170 1218/1218/1218
f 1170/1170/1170 1219/1219/1219 1218/1218/1218
f 1170/1170/1170 1171/1171/1171 1219/1219/1219
f 1171/1171/1171 1220/1220/1220 1219/1219/1219
f 1171/1171/1171 1172/1172/1172 1220/1220/1220
f 1172/1172/1172 1221/1221/1221 1220/1220/1220
f 1172/1172/1172 1173/1173/1173 1221/1221/1221
f 1173/1173/1173 1222/1222/1222 1221/1221/1221
f 1173/1173/1173 1174/1174/1174 1222/1222/1222
f 1174/1174/1174 1223/1223/1223 1222/1222/1222
f 1174/1174/1174 1175/1175/1175 1223/1223/1223
f 1175/1175/1175 1224/1224/1224 1223/1223/1223
f 1175/1175/1175 1176/1176/1176 1224/1224/1224
f 1176/1176/1176 1225/1225/1225 1224/1224/1224
f 1177/1177/1177 1178/1178/1178 1226/1226/1226
f 1178/1178/1178 1227/1227/1227 1226/1226/1226
f 1178/1178/1178 1179/1179/1179 1227/1227/1227
f 1179/1179/1179 1228/1228/1228 1227/1227/1227
f 1179/1179/1179 1180/1180/1180 1228/1228/1228
f 1180/1180/1180 1229/1229/1229 1228/1228/1228
f 1180/1180/1180 1181/1181/1181 1229/1229/1229
f 1181/1181/1181 1230/1230/1230 1229/1229/1229
f 1181/1181/1181 1182/1182/1182 1230/1230/1230
f 1182/1182/1182 1231/1231/1231 1230/1230/1230
f 1182/1182/1182 1183/1183/1183 1231/1231/1231
f 1183/1183/1183 1232/1232/1232 1231/1231/1231
f 1183/1183/1183 1184/1184/1184 1232/1232/1232
f 1184/1184/1184 1233/1233/1233 1232/1232/1232
f 1184/1184/1184 1185/1185/1185 1233/1233/1233
f 1185/1185/1185 1234/1234/1234 1233/1233/1233
f 1185/1185/1185 1186/1186/1186 1234/1234/1234
f 1186/1186/1186 1235/1235/1235 1234/1234/1234
f 1186/1186/1186 1187/1187/1187 1235/1235/1235
f 1187/1187/1187 1236/1236/1236 1235/1235/1235
f 1187/1187/1187 1188/1188/1188 1236/1236/1236
f 1188/1188/1188 1237/1237/1237 1236/1236/1236
f 1188/1188/1188 1189/1189/1189 1237/1237/1237
f 1189/1189/1189 1238/1238/1238 1237/1237/1237
f 1189/1189/1189 1190/1190/1190 1238/1238/1238
f 1190/1190/1190 1239/1239/1239 1238/1238/1238
f 1190/1190/1190 1191/1191/1191 1239/1239/1239
f 1191/1191/1191 1240/1240/1240 1239/1239/1239
f 1191/1191/1191 1192/1192/1192 1240/1240/1240
f 1192/1192/1192 1241/1241/1241 1240/1240/1240
f 1192/1192/1192 1193/1193/1193 1241/1241/1241
f 1193/1193/1193 1242/1242/1242 1241/1241/1241
f 1193/1193/1193 1194/1194/1194 1242/1242/1242
f 1194/1194/1194 1243/1243/1243 1242/1242/1242
f 1194/1194/1194 1195/1195/1195 1243/1243/1243
f 1195/1195/1195 1244/1244/1244 1243/1243/1243
f 1195/1195/1195 1196/1196/1196 1244/1244/1244
f 1196/1196/1196 1245/1245/1245 1244/1244/1244
f 1196/1196/1196 1197/1197/1197 1245/1245/1245
f 1197/1197/1197 1246/1246/1246 1245/1245/1245
f 1197/1197/1197 1198/1198/1198 1246/1246/1246
f 1198/1198/1198 1247/1247/1247 1246/1246/1246
f 1198/1198/1198 1199/1199/1199 1247/1247/1247
f 1199/1199/1199 1248/1248/1248 1247/1247/1247
f 1199/1199/1199 1200/1200/1200 1248/1248/1248
f 1200/1200/1200 1249/1249/1249 1248/1248/1248
f 1200/1200/1200 1201/1201/1201 1249/1249/1249
f 1201/1201/1201 1250/1250/1250 1249/1249/1249
f 1201/1201/1201 1202/1202/1202 1250/1250/1250
f 1202/1202/1202 1251/1251/1251 1250/1250/1250
f 1202/1202/1202 1203/1203/1203 1251/1251/1251
f 1203/1203/1203 1252/1252/1252 1251/1251/1251
f 1203/1203/1203 1204/1204/1204 1252/1252/1252
f 1204/1204/1204 1253/1253/1253 1252/1252/1252
f 1204/1204/1204 1205/1205/1205 1253/1253/1253
f 1205/1205/1205 1254/1254/1254 1253/1253/1253
f 1205/1205/1205 1206/1206/1206 1254/1254/1254
f 1206/1206/1206 1255/1255/1255 1254/1254/1254
f 1206/1206/1206 1207/1207/1207 1255/1255/1255
f 1207/1207/1207 1256/1256/1256 1255/1255/1255
f 1207/1207/1207 1208/1208/1208 1256/1256/1256
f 1208/1208/1208 1257/1257/1257 1256/1256/1256
f 1208/1208/1208 1209/1209/1209 1257/1257/1257
f 1209/1209/1209 1258/1258/1258 1257/1257/1257
f 1209/1209/1209 1210/1210/1210 1258/1258/1258
f 1210/1210/1210 1259/1259/1259 1258/1258/1258
f 1210/1210/1210 1211/1211/1211 1259/1259/1259
f 1211/1211/1211 1260/1260/1260 1259/1259/1259
f 1211/1211/1211 1212/1212/1212 1260/1260/1260
f 1212/1212/1212 1261/1261/1261 1260/1260/1260
f 1212/1212/1212 1213/1213/1213 1261/1261/1261
f 1213/1213/1213 1262/1262/1262 1261/1261/1261
f 1213/1213/1213 1214/1214/1214 1262/1262/1262
f 1214/1214/1214 1263/1263/1263 1262/1262/1262
f 1214/1214/1214 1215/1215/1215 1263/1263/1263
f 1215/1215/1215 1264/1264/1264 1263/1263/1263
f 1215/1215/1215 1216/1216/1216 1264/1264/1264
f 1216/1216/1216 1265/1265/1265 1264/1264/1264
f 1216/1216/1216 1217/1217/1217 1265/1265/1265
f 1217/1217/1217 1266/1266/1266 1265/1265/1265
f 1217/1217/1217 1218/1218/1218 1266/1266/1266
f 1218/1218/1218 1267/1267/1267 1266/1266/1266
f 1218/1218/1218 1219/1219/1219 1267/1267/1267
f 1219/1219/1219 1268/1268/1268 1267/1267/1267
f 1219/1219/1219 1220/1220/1220 1268/1268/1268
f 1220/1220/1220 1269/1269/1269 1268/1268/1268
f 1220/1220/1220 1221/1221/1221 1269/1269/1269
f 1221/1221/1221 1270/1270/1270 1269/1269/1269
f 1221/1221/1221 1222/1222/1222 1270/1270/1270
f 1222/1222/1222 1271/1271/1271 1270/1270/1270
f 1222/1222/1222 1223/1223/1223 1271/1271/1271
f 1223/1223/1223 1272/1272/1272 1271/1271/1271
f 1223/1223/1223 1224/1224/1224 1272/1272/1272
f 1224/1224/1224 1273/1273/1273 1272/1272/1272
f 1224/1224/1224 1225/1225/1225 1273/1273/1273
f 1225/1225/1225 1274/1274/1274 1273/1273/1273
f 1226/1226/1226 1227/1227/1227 1275/1275/1275
f 1227/1227/1227 1276/1276/1276 1275/1275/1275
f 1227/1227/1227 1228/1228/1228 1276/1276/1276
f 1228/1228/1228 1277/1277/1277 1276/1276/1276
f 1228/1228/1228 1229/1229/1229 1277/1277/1277
f 1229/1229/1229 1278/1278/1278 1277/1277/1277
f 1229/1229/1229 1230/1230/1230 1278/1278/1278
f 1230/1230/1230 1279/1279/1279 1278/1278/1278
f 1230/1230/1230 1231/1231/1231 1279/1279/1279
f 1231/1231/1231 1280/1280/1280 1279/1279/1279
f 1231/1231/1231 1232/1232/1232 1280/1280/1280
f 1232/1232/1232 1281/1281/1281 1280/1280/1280
f 1232/1232/1232 1233/1233/1233 1281/1281/1281
f 1233/1233/1233 1282/1282/1282 1281/1281/1281
f 1233/1233/1233 1234/1234/1234 1282/1282/1282
f 1234/1234/1234 1283/1283/1283 1282/1282/1282
f 1234/1234/1234 1235/1235/1235 1283/1283/1283
f 1235/1235/1235 1284/1284/1284 1283/1283/1283
f 1235/1235/1235 1236/1236/1236 1284/1284/1284
f 1236/1236/1236 1285/1285/1285 1284/1284/1284
f 1236/1236/1236 1237/1237/1237 1285/1285/1285
f 1237/1237/1237 1286/1286/1286 1285/1285/1285
f 1237/1237/1237 1238/1238/1238 1286/1286/1286
f 1238/1238/1238 1287/1287/1287 1286/1286/1286
f 1238/1238/1238 1239/1239/1239 1287/1287/1287
f 1239/1239/1239 1288/1288/1288 1287/1287/1287
f 1239/1239/1239 1240/1240/1240 1288/1288/1288
f 1240/1240/1240 1289/1289/1289 1288/1288/1288
f 1240/1240/1240 1241/1241/1241 1289/1289/1289
f 1241/1241/1241 1290/1290/1290 1289/1289/1289
f 1241/1241/1241 1242/1242/1242 1290/1290/1290
f 1242/1242/1242 1291/1291/1291 1290/1290/1290
f 1242/1242/1242 1243/1243/1243 1291/1291/1291
f 1243/1243/1243 1292/1292/1292 1291/1291/1291
f 1243/1243/1243 1244/1244/1244 1292/1292/1292
f 1244/1244/1244 1293/1293/1293 1292/1292/1292
f 1244/1244/1244 1245/1245/1245 1293/1293/1293
f 1245/1245/1245 1294/1294/1294 1293/1293/1293
f 1245/1245/1245 1246/1246/1246 1294/1294/1294
f 1246/1246/1246 1295/1295/1295 1294/1294/1294
f 1246/1246/1246 1247/1247/1247 1295/1295/1295
f 1247/1247/1247 1296/1296/1296 1295/1295/1295
f 1247/1247/1247 1248/1248/1248 1296/1296/1296
f 1248/1248/1248 1297/1297/1297 1296/1296/1296
f 1248/1248/1248 1249/1249/1249 1297/1297/1297
f 1249/1249/1249 1298/1298/1298 1297/1297/1297
f 1249/1249/1249 1250/1250/1250 1298/1298/1298
f 1250/1250/1250 1299/1299/1299 1298/1298/1298
f 1250/1250/1250 1251/1251/1251 1299/1299/1299
f 1251/1251/1251 1300/1300/1300 1299/1299/1299
f 1251/1251/1251 1252/1252/1252 1300/1300/1300
f 1252/1252/1252 1301/1301/1301 1300/1300/1300
f 1252/1252/1252 1253/1253/1253 1301/1301/1301
f 1253/1253/1253 1302/1302/1302 1301/1301/1301
f 1253/1253/1253 1254/1254/1254 1302/1302/1302
f 1254/1254/1254 1303/1303/1303 1302/1302/1302
f 1254/1254/1254 1255/1255/1255 1303/1303/1303
f 1255/1255/1255 1304/1304/1304 1303/1303/1303
f 1255/1255/1255 1256/1256/1256 1304/1304/1304
f 1256/1256/1256 1305/1305/1305 1304/1304/1304
f 1256/1256/1256 1257/1257/1257 1305/1305/1305
f 1257/1257/1257 1306/1306/1306 1305/1305/1305
f 1257/1257/1257 1258/1258/1258 1306/1306/1306
f 1258/1258/1258 1307/1307/1307 1306/1306/1306
f 1258/1258/1258 1259/1259/1259 1307/1307/1307
f 1259/1259/1259 1308/1308/1308 1307/1307/1307
f 1259/1259/1259 1260/1260/1260 1308/1308/1308
f 1260/1260/1260 1309/1309/1309 1308/1308/1308
f 1260/1260/1260 1261/1261/1261 1309/1309/1309
f 1261/1261/1261 1310/1310/1310 1309/1309/1309
f 1261/1261/1261 1262/1262/1262 1310/1310/1310
f 1262/1262/1262 1311/1311/1311 1310/1310/1310
f 1262/1262/1262 1263/1263/1263 1311/1311/1311
f 1263/1263/1263 1312/1312/1312 1311/1311/1311
f 1263/1263/1263 1264/1264/1264 1312/1312/1312
f 1264/1264/1264 1313/1313/1313 1312/1312/1312
f 1264/1264/1264 1265/1265/1265 1313/1313/1313
f 1265/1265/1265 1314/1314/1314 1313/1313/1313
f 1265/1265/1265 1266/1266/1266 1314/1314/1314
f 1266/1266/1266 1315/1315/1315 1314/1314/1314
f 1266/1266/1266 1267/1267/1267 1315/1315/1315
f 1267/1267/1267 1316/1316/1316 1315/1315/1315
f 1267/1267/1267 1268/1268/1268 1316/1316/1316
f 1268/1268/1268 1317/1317/1317 1316/1316/1316
f 1268/1268/1268 1269/1269/1269 1317/1317/1317
f 1269/1269/1269 1318/1318/1318 1317/1317/1317
f 1269/1269/1269 1270/1270/1270 1318/1318/1318
f 1270/1270/1270 1319/1319/1319 1318/1318/1318
f 1270/1270/1270 1271/1271/1271 1319/1319/1319
f 1271/1271/1271 1320/1320/1320 1319/1319/1319
f 1271/1271/1271 1272/1272/1272 1320/1320/1320
f 1272/1272/1272 1321/1321/1321 1320/1320/1320
f 1272/1272/1272 1273/1273/1273 1321/1321/1321
f 1273/1273/1273 1322/1322/1322 1321/1321/1321
f 1273/1273/1273 1274/1274/1274 1322/1322/1322
f 1274/1274/1274 1323/1323/1323 1322/1322/1322
f 1275/1275/1275 1276/1276/1276 1324/1324/1324
f 1276/1276/1276 1325/1325/1325 1324/1324/1324
f 1276/1276/1276 1277/1277/1277 1325/1325/1325
f 1277/1277/1277 1326/1326/1326 1325/1325/1325
f 1277/1277/1277 1278/1278/1278 1326/1326/1326
f 1278/1278/1278 1327/1327/1327 1326/1326/1326
f 1278/1278/1278 1279/1279/1279 1327/1327/1327
f 1279/1279/1279 1328/1328/1328 1327/1327/1327
f 1279/1279/1279 1280/1280/1280 1328/1328/1328
f 1280/1280/1280 1329/1329/1329 1328/1328/1328
f 1280/1280/1280 1281/1281/1281 1329/1329/1329
f 1281/1281/1281 1330/1330/1330 1329/1329/1329
f 1281/1281/1281 1282/1282/1282 1330/1330/1330
f 1282/1282/1282 1331/1331/1331 1330/1330/1330
f 1282/1282/1282 1283/1283/1283 1331/1331/1331
f 1283/1283/1283 1332/1332/1332 1331/1331/1331
f 1283/1283/1283 1284/1284/1284 1332/1332/1332
f 1284/1284/1284 1333/1333/1333 1332/1332/1332
f 1284/1284/1284 1285/1285/1285 1333/1333/1333
f 1285/1285/1285 1334/1334/1334 1333/1333/1333
f 1285/1285/1285 1286/1286/1286 1334/1334/1334
f 1286/1286/1286 1335/1335/1335 1334/1334/1334
f 1286/1286/1286 1287/1287/1287 1335/1335/1335
f 1287/1287/1287 1336/1336/1336 1335/1335/1335
f 1287/1287/1287 1288/1288/1288 1336/1336/1336
f 1288/1288/1288 1337/1337/1337 1336/1336/1336
f 1288/1288/1288 1289/1289/1289 1337/1337/1337
f 1289/1289/1289 1338/1338/1338 1337/1337/1337
f 1289/1289/1289 1290/1290/1290 1338/1338/1338
f 1290/1290/1290 1339/1339/1339 1338/1338/1338
f 1290/1290/1290 1291/1291/1291 1339/1339/1339
f 1291/1291/1291 1340/1340/1340 1339/1339/1339
f 1291/1291/1291 1292/1292/1292 1340/1340/1340
f 1292/1292/1292 1341/1341/1341 1340/1340/1340
f 1292/1292/1292 1293/1293/1293 1341/1341/1341
f 1293/1293/1293 1342/1342/1342 1341/1341/1341
f 1293/1293/1293 1294/1294/1294 1342/1342/1342
f 1294/1294/1294 1343/1343/1343 1342/1342/1342
f 1294/1294/1294 1295/1295/1295 1343/1343/1343
f 1295/1295/1295 1344/1344/1344 1343/1343/1343
f 1295/1295/1295 1296/1296/1296 1344/1344/1344
f 1296/1296/1296 1345/1345/1345 1344/1344/1344
f 1296/1296/1296 1297/1297/1297 1345/1345/1345
f 1297/1297/1297 1346/1346/1346 1345/1345/1345
f 1297/1297/1297 1298/1298/1298 1346/1346/1346
f 1298/1298/1298 1347/1347/1347 1346/1346/1346
f 1298/1298/1298 1299/1299/1299 1347/1347/1347
f 1299/1299/1299 1348/1348/1348 1347/1347/1347
f 1299/1299/1299 1300/1300/1300 1348/1348/1348
f 1300/1300/1300 1349/1349/1349 1348/1348/1348
f 1300/1300/1300 1301/1301/1301 1349/1349/1349
f 1301/1301/1301 1350/1350/1350 1349/1349/1349
f 1301/1301/1301 1302/1302/1302 1350/1350/1350
f 1302/1302/1302 1351/1351/1351 1350/1350/1350
f 1302/1302/1302 1303/1303/1303 1351/1351/1351
f 1303/1303/1303 1352/1352/1352 1351/1351/1351
f 1303/1303/1303 1304/1304/1304 1352/1352/1352
f 1304/1304/1304 1353/1353/1353 1352/1352/1352
f 1304/1304/1304 1305/1305/1305 1353/1353/1353
f 1305/1305/1305 1354/1354/1354 1353/1353/1353
f 1305/1305/1305 1306/1306/1306 1354/1354/1354
f 1306/1306/1306 1355/1355/1355 1354/1354/1354
f 1306/1306/1306 1307/1307/1307 1355/1355/1355
f 1307/1307/1307 1356/1356/1356 1355/1355/1355
f 1307/1307/1307 1308/1308/1308 1356/1356/1356
f 1308/1308/1308 1357/1357/1357 1356/1356/1356
f 1308/1308/1308 1309/1309/1309 1357/1357/1357
f 1309/1309/1309 1358/1358/1358 1357/1357/1357
f 1309/1309/1309 1310/1310/1310 1358/1358/1358
f 1310/1310/1310 1359/1359/1359 1358/1358/1358
f 1310/1310/1310 1311/1311/1311 1359/1359/1359
f 1311/1311/1311 1360/1360/1360 1359/1359/1359
f 1311/1311/1311 1312/1312/1312 1360/1360/1360
f 1312/1312/1312 1361/1361/1361 1360/1360/1360
f 1312/1312/1312 1313/1313/1313 1361/1361/1361
f 1313/1313/1313 1362/1362/1362 1361/1361/1361
f 1313/1313/1313 1314/1314/1314 1362/1362/1362
f 1314/1314/1314 1363/1363/1363 1362/1362/1362
f 1314/1314/1314 1315/1315/1315 1363/1363/1363
f 1315/1315/1315 1364/1364/1364 1363/1363/1363
f 1315/1315/1315 1316/1316/1316 1364/1364/1364
f 1316/1316/1316 1365/1365/1365 1364/1364/1364
f 1316/1316/1316 1317/1317/1317 1365/1365/1365
f 1317/1317/1317 1366/1366/1366 1365/1365/1365
f 1317/1317/1317 1318/1318/1318 1366/1366/1366
f 1318/1318/1318 1367/1367/1367 1366/1366/1366
f 1318/1318/1318 1319/1319/1319 1367/1367/1367
f 1319/1319/1319 1368/1368/1368 1367/1367/1367
f 1319/1319/1319 1320/1320/1320 1368/1368/1368
f 1320/1320/1320 1369/1369/1369 1368/1368/1368
f 1320/1320/1320 1321/1321/1321 1369/1369/1369
f 1321/1321/1321 1370/1370/1370 1369/1369/1369
f 1321/1321/1321 1322/1322/1322 1370/1370/1370
f 1322/1322/1322 1371/1371/1371 1370/1370/1370
f 1322/1322/1322 1323/1323/1323 1371/1371/1371
f 1323/1323/1323 1372/1372/1372 1371/1371/1371
f 1324/1324/1324 1325/1325/1325 1373/1373/1373
f 1325/1325/1325 1374/1374/1374 1373/1373/1373
f 1325/1325/1325 1326/1326/1326 1374/1374/1374
f 1326/1326/1326 1375/1375/1375 1374/1374/1374
f 1326/1326/1326 1327/1327/1327 1375/1375/1375
f 1327/1327/1327 1376/1376/1376 1375/1375/1375
f 1327/1327/1327 1328/1328/1328 1376/1376/1376
f 1328/1328/1328 1377/1377/1377 1376/1376/1376
f 1328/1328/1328 1329/1329/1329 1377/1377/1377
f 1329/1329/1329 1378/1378/1378 1377/1377/1377
f 1329/1329/1329 1330/1330/1330 1378/1378/1378
f 1330/1330/1330 1379/1379/1379 1378/1378/1378
f 1330/1330/1330 1331/1331/1331 1379/1379/1379
f 1331/1331/1331 1380/1380/1380 1379/1379/1379
f 1331/1331/1331 1332/1332/1332 1380/1380/1380
f 1332/1332/1332 1381/1381/1381 1380/1380/1380
f 1332/1332/1332 1333/1333/1333 1381/1381/1381
f 1333/1333/1333 1382/1382/1382 1381/1381/1381
f 1333/1333/1333 1334/1334/1334 1382/1382/1382
f 1334/1334/1334 1383/1383/1383 1382/1382/1382
f 1334/1334/1334 1335/1335/1335 1383/1383/1383
f 1335/1335/1335 1384/1384/1384 1383/1383/1383
f 1335/1335/1335 1336/1336/1336 1384/1384/1384
f 1336/1336/1336 1385/1385/1385 1384/1384/1384
f 1336/1336/1336 1337/1337/1337 1385/1385/1385
f 1337/1337/1337 1386/1386/1386 1385/1385/1385
f 1337/1337/1337 1338/1338/1338 1386/1386/1386
f 1338/1338/1338 1387/1387/1387 1386/1386/1386
f 1338/1338/1338 1339/1339/1339 1387/1387/1387
f 1339/1339/1339 1388/1388/1388 1387/1387/1387
f 1339/1339/1339 1340/1340/1340 1388/1388/1388
f 1340/1340/1340 1389/1389/1389 1388/1388/1388
f 1340/1340/1340 1341/1341/1341 1389/1389/1389
f 1341/1341/1341 1390/1390/1390 1389/1389/1389
f 1341/1341/1341 1342/1342/1342 1390/1390/1390
f 1342/1342/1342 1391/1391/1391 1390/1390/1390
f 1342/1342/1342 1343/1343/1343 1391/1391/1391
f 1343/1343/1343 1392/1392/1392 1391/1391/1391
f 1343/1343/1343 1344/1344/1344 1392/1392/1392
f 1344/1344/1344 1393/1393/1393 1392/1392/1392
f 1344/1344/1344 1345/1345/1345 1393/1393/1393
f 1345/1345/1345 1394/1394/1394 1393/1393/1393
f 1345/1345/1345 1346/1346/1346 1394/1394/1394
f 1346/1346/1346 1395/1395/1395 1394/1394/1394
f 1346/1346/1346 1347/1347/1347 1395/1395/1395
f 1347/1347/1347 1396/1396/1396 1395/1395/1395
f 1347/1347/1347 1348/1348/1348 1396/1396/1396
f 1348/1348/1348 1397/1397/1397 1396/1396/1396
f 1348/1348/1348 1349/1349/1349 1397/1397/1397
f 1349/1349/1349 1398/1398/1398 1397/1397/1397
f 1349/1349/1349 1350/1350/1350 1398/1398/1398
f 1350/1350/1350 1399/1399/1399 1398/1398/1398
f 1350/1350/1350 1351/1351/1351 1399/1399/1399
f 1351/1351/1351 1400/1400/1400 1399/1399/1399
f 1351/1351/1351 1352/1352/1352 1400/1400/1400
f 1352/1352/1352 1401/1401/1401 1400/1400/1400
f 1352/1352/1352 1353/1353/1353 1401/1401/1401
f 1353/1353/1353 1402/1402/1402 1401/1401/1401
f 1353/1353/1353 1354/1354/1354 1402/1402/1402
f 1354/1354/1354 1403/1403/1403 1402/1402/1402
f 1354/1354/1354 1355/1355/1355 1403/1403/1403
f 1355/1355/1355 1404/1404/1404 1403/1403/1403
f 1355/1355/1355 1356/1356/1356 1404/1404/1404
f 1356/1356/1356 1405/1405/1405 1404/1404/1404
f 1356/1356/1356 1357/1357/1357 1405/1405/1405
f 1357/1357/1357 1406/1406/1406 1405/1405/1405
f 1357/1357/1357 1358/1358/1358 1406/1406/1406
f 1358/1358/1358 1407/1407/1407 1406/1406/1406
f 1358/1358/1358 1359/1359/1359 1407/1407/1407
f 1359/1359/1359 1408/1408/1408 1407/1407/1407
f 1359/1359/1359 1360/1360/1360 1408/1408/1408
f 1360/1360/1360 1409/1409/1409 1408/1408/1408
f 1360/1360/1360 1361/1361/1361 1409/1409/1409
f 1361/1361/1361 1410/1410/1410 1409/1409/1409
f 1361/1361/1361 1362/1362/1362 1410/1410/1410
f 1362/1362/1362 1411/1411/1411 1410/1410/1410
f 1362/1362/1362 1363/1363/1363 1411/1411/1411
f 1363/1363/1363 1412/1412/1412 1411/1411/1411
f 1363/1363/1363 1364/1364/1364 1412/1412/1412
f 1364/1364/1364 1413/1413/1413 1412/1412/1412
f 1364/1364/1364 1365/1365/1365 1413/1413/1413
f 1365/1365/1365 1414/1414/1414 1413/1413/1413
f 1365/1365/1365 1366/1366/1366 1414/1414/1414
f 1366/1366/1366 1415/1415/1415 1414/1414/1414
f 1366/1366/1366 1367/1367/1367 1415/1415/1415
f 1367/1367/1367 1416/1416/1416 1415/1415/1415
f 1367/1367/1367 1368/1368/1368 1416/1416/1416
f 1368/1368/1368 1417/1417/1417 1416/1416/1416
f 1368/1368/1368 1369/1369/1369 1417/1417/1417
f 1369/1369/1369 1418/1418/1418 1417/1417/1417
f 1369/1369/1369 1370/1370/1370 1418/1418/1418
f 1370/1370/1370 1419/1419/1419 1418/1418/1418
f 1370/1370/1370 1371/1371/1371 1419/1419/1419
f 1371/1371/1371 1420/1420/1420 1419/1419/1419
f 1371/1371/1371 1372/1372/1372 1420/1420/1420
f 1372/1372/1372 1421/1421/1421 1420/1420/1420
f 1373/1373/1373 1374/1374/1374 1422/1422/1422
f 1374/1374/1374 1423/1423/1423 1422/1422/1422
f 1374/1374/1374 1375/1375/1375 1423/1423/1423
f 1375/1375/1375 1424/1424/1424 1423/1423/1423
f 1375/1375/1375 1376/1376/1376 1424/1424/1424
f 1376/1376/1376 1425/1425/1425 1424/1424/1424
f 1376/1376/1376 1377/1377/1377 1425/1425/1425
f 1377/1377/1377 1426/1426/1426 1425/1425/1425
f 1377/1377/1377 1378/1378/1378 1426/1426/1426
f 1378/1378/1378 1427/1427/1427 1426/1426/1426
f 1378/1378/1378 1379/1379/1379 1427/1427/1427
f 1379/1379/1379 1428/1428/1428 1427/1427/1427
f 1379/1379/1379 1380/1380/1380 1428/1428/1428
f 1380/1380/1380 1429/1429/1429 1428/1428/1428
f 1380/1380/1380 1381/1381/1381 1429/1429/1429
f 1381/1381/1381 1430/1430/1430 1429/1429/1429
f 1381/1381/1381 1382/1382/1382 1430/1430/1430
f 1382/1382/1382 1431/1431/1431 1430/1430/1430
f 1382/1382/1382 1383/1383/1383 1431/1431/1431
f 1383/1383/1383 1432/1432/1432 1431/1431/1431
f 1383/1383/1383 1384/1384/1384 1432/1432/1432
f 1384/1384/1384 1433/1433/1433 1432/1432/1432
f 1384/1384/1384 1385/1385/1385 1433/1433/1433
f 1385/1385/1385 1434/1434/1434 1433/1433/1433
f 1385/1385/1385 1386/1386/1386 1434/1434/1434
f 1386/1386/1386 1435/1435/1435 1434/1434/1434
f 1386/1386/1386 1387/1387/1387 1435/1435/1435
f 1387/1387/1387 1436/1436/1436 1435/1435/1435
f 1387/1387/1387 1388/1388/1388 1436/1436/1436
f 1388/1388/1388 1437/1437/1437 1436/1436/1436
f 1388/1388/1388 1389/1389/1389 1437/1437/1437
f 1389/1389/1389 1438/1438/1438 1437/1437/1437
f 1389/1389/1389 1390/1390/1390 1438/1438/1438
f 1390/1390/1390 1439/1439/1439 1438/1438/1438
f 1390/1390/1390 1391/1391/1391 1439/1439/1439
f 1391/1391/1391 1440/1440/1440 1439/1439/1439
f 1391/1391/1391 1392/1392/1392 1440/1440/1440
f 1392/1392/1392 1441/1441/1441 1440/1440/1440
f 1392/1392/1392 1393/1393/1393 1441/1441/1441
f 1393/1393/1393 1442/1442/1442 1441/1441/1441
f 1393/1393/1393 1394/1394/1394 1442/1442/1442
f 1394/1394/1394 1443/1443/1443 1442/1442/1442
f 1394/1394/1394 1395/1395/1395 1443/1443/1443
f 1395/1395/1395 1444/1444/1444 1443/1443/1443
f 1395/1395/1395 1396/1396/1396 1444/1444/1444
f 1396/1396/1396 1445/1445/1445 1444/1444/1444
f 1396/1396/1396 1397/1397/1397 1445/1445/1445
f 1397/1397/1397 1446/1446/1446 1445/1445/1445
f 1397/1397/1397 1398/1398/1398 1446/1446/1446
f 1398/1398/1398 1447/1447/1447 1446/1446/1446
f 1398/1398/1398 1399/1399/1399 1447/1447/1447
f 1399/1399/1399 1448/1448/1448 1447/1447/1447
f 1399/1399/1399 1400/1400/1400 1448/1448/1448
f 1400/1400/1400 1449/1449/1449 1448/1448/1448
f 1400/1400/1400 1401/1401/1401 1449/1449/1449
f 1401/1401/1401 1450/1450/1450 1449/1449/1449
f 1401/1401/1401 1402/1402/1402 1450/1450/1450
f 1402/1402/1402 1451/1451/1451 1450/1450/1450
f 1402/1402/1402 1403/1403/1403 1451/1451/1451
f 1403/1403/1403 1452/1452/1452 1451/1451/1451
f 1403/1403/1403 1404/1404/1404 1452/1452/1452
f 1404/1404/1404 1453/1453/1453 1452/1452/1452
f 1404/1404/1404 1405/1405/1405 1453/1453/1453
f 1405/1405/1405 1454/1454/1454 1453/1453/1453
f 1405/1405/1405 1406/1406/1406 1454/1454/1454
f 1406/1406/1406 1455/1455/1455 1454/1454/1454
f 1406/1406/1406 1407/1407/1407 1455/1455/1455
f 1407/1407/1407 1456/1456/1456 1455/1455/1455
f 1407/1407/1407 1408/1408/1408 1456/1456/1456
f 1408/1408/1408 1457/1457/1457 1456/1456/1456
f 1408/1408/1408 1409/1409/1409 1457/1457/1457
f 1409/1409/1409 1458/1458/1458 1457/1457/1457
f 1409/1409/1409 1410/1410/1410 1458/1458/1458
f 1410/1410/1410 1459/1459/1459 1458/1458/1458
f 1410/1410/1410 1411/1411/1411 1459/1459/1459
f 1411/1411/1411 1460/1460/1460 1459/1459/1459
f 1411/1411/1411 1412/1412/1412 1460/1460/1460
f 1412/1412/1412 1461/1461/1461 1460/1460/1460
f 1412/1412/1412 1413/1413/1413 1461/1461/1461
f 1413/1413/1413 1462/1462/1462 1461/1461/1461
f 1413/1413/1413 1414/1414/1414 1462/1462/1462
f 1414/1414/1414 1463/1463/1463 1462/1462/1462
f 1414/1414/1414 1415/1415/1415 1463/1463/1463
f 1415/1415/1415 1464/1464/1464 1463/1463/1463
f 1415/1415/1415 1416/1416/1416 1464/1464/1464
f 1416/1416/1416 1465/1465/1465 1464/1464/1464
f 1416/1416/1416 1417/1417/1417 1465/1465/1465
f 1417/1417/1417 1466/1466/1466 1465/1465/1465
f 1417/1417/1417 1418/1418/1418 1466/1466/1466
f 1418/1418/1418 1467/1467/1467 1466/1466/1466
f 1418/1418/1418 1419/1419/1419 1467/1467/1467
f 1419/1419/1419 1468/1468/1468 1467/1467/1467
f 1419/1419/1419 1420/1420/1420 1468/1468/1468
f 1420/1420/1420 1469/1469/1469 1468/1468/1468
f 1420/1420/1420 1421/1421/1421 1469/1469/1469
f 1421/1421/1421 1470/1470/1470 1469/1469/1469
f 1422/1422/1422 1423/1423/1423 1471/1471/1471
f 1423/1423/1423 1472/1472/1472 1471/1471/1471
f 1423/1423/1423 1424/1424/1424 1472/1472/1472
f 1424/1424/1424 1473/1473/1473 1472/1472/1472
f 1424/1424/1424 1425/1425/1425 1473/1473/1473
f 1425/1425/1425 1474/1474/1474 1473/1473/1473
f 1425/1425/1425 1426/1426/1426 1474/1474/1474
f 1426/1426/1426 1475/1475/1475 1474/1474/1474
f 1426/1426/1426 1427/1427/1427 1475/1475/1475
f 1427/1427/1427 1476/1476/1476 1475/1475/1475
f 1427/1427/1427 1428/1428/1428 1476/1476/1476
f 1428/1428/1428 1477/1477/1477 1476/1476/1476
f 1428/1428/1428 1429/1429/1429 1477/1477/1477
f 1429/1429/1429 1478/1478/1478 1477/1477/1477
f 1429/1429/1429 1430/1430/1430 1478/1478/1478
f 1430/1430/1430 1479/1479/1479 1478/1478/1478
f 1430/1430/1430 1431/1431/1431 1479/1479/1479
f 1431/1431/1431 1480/1480/1480 1479/1479/1479
f 1431/1431/1431 1432/1432/1432 1480/1480/1480
f 1432/1432/1432 1481/1481/1481 1480/1480/1480
f 1432/1432/1432 1433/1433/1433 1481/1481/1481
f 1433/1433/1433 1482/1482/1482 1481/1481/1481
f 1433/1433/1433 1434/1434/1434 1482/1482/1482
f 1434/1434/1434 1483/1483/1483 1482/1482/1482
f 1434/1434/1434 1435/1435/1435 1483/1483/1483
f 1435/1435/1435 1484/1484/1484 1483/1483/1483
f 1435/1435/1435 1436/1436/1436 1484/1484/1484
f 1436/1436/1436 1485/1485/1485 1484/1484/1484
f 1436/1436/1436 1437/1437/1437 1485/1485/1485
f 1437/1437/1437 1486/1486/1486 1485/1485/1485
f 1437/1437/1437 1438/1438/1438 1486/1486/1486
f 1438/1438/1438 1487/1487/1487 1486/1486/1486
f 1438/1438/1438 1439/1439/1439 1487/1487/1487
f 1439/1439/1439 1488/1488/1488 1487/1487/1487
f 1439/1439/1439 1440/1440/1440 1488/1488/1488
f 1440/1440/1440 1489/1489/1489 1488/1488/1488
f 1440/1440/1440 1441/1441/1441 1489/1489/1489
f 1441/1441/1441 1490/1490/1490 1489/1489/1489
f 1441/1441/1441 1442/1442/1442 1490/1490/1490
f 1442/1442/1442 1491/1491/1491 1490/1490/1490
f 1442/1442/1442 1443/1443/1443 1491/1491/1491
f 1443/1443/1443 1492/1492/1492 1491/1491/1491
f 1443/1443/1443 1444/1444/1444 1492/1492/1492
f 1444/1444/1444 1493/1493/1493 1492/1492/1492
f 1444/1444/1444 1445/1445/1445 1493/1493/1493
f 1445/1445/1445 1494/1494/1494 1493/1493/1493
f 1445/1445/1445 1446/1446/1446 1494/1494/1494
f 1446/1446/1446 1495/1495/1495 1494/1494/1494
f 1446/1446/1446 1447/1447/1447 1495/1495/1495
f 1447/1447/1447 1496/1496/1496 1495/1495/1495
f 1447/1447/1447 1448/1448/1448 1496/1496/1496
f 1448/1448/1448 1497/1497/1497 1496/1496/1496
f 1448/1448/1448 1449/1449/1449 1497/1497/1497
f 1449/1449/1449 1498/1498/1498 1497/1497/1497
f 1449/1449/1449 1450/1450/1450 1498/1498/1498
f 1450/1450/1450 1499/1499/1499 1498/1498/1498
f 1450/1450/1450 1451/1451/1451 1499/1499/1499
f 1451/1451/1451 1500/1500/1500 1499/1499/1499
f 1451/1451/1451 1452/1452/1452 1500/1500/1500
f 1452/1452/1452 1501/1501/1501 1500/1500/1500
f 1452/1452/1452 1453/1453/1453 1501/1501/1501
f 1453/1453/1453 1502/1502/1502 1501/1501/1501
f 1453/1453/1453 1454/1454/1454 1502/1502/1502
f 1454/1454/1454 1503/1503/1503 1502/1502/1502
f 1454/1454/1454 1455/1455/1455 1503/1503/1503
f 1455/1455/1455 1504/1504/1504 1503/1503/1503
f 1455/1455/1455 1456/1456/1456 1504/1504/1504
f 1456/1456/1456 1505/1505/1505 1504/1504/1504
f 1456/1456/1456 1457/1457/1457 1505/1505/1505
f 1457/1457/1457 1506/1506/1506 1505/1505/1505
f 1457/1457/1457 1458/1458/1458 1506/1506/1506
f 1458/1458/1458 1507/1507/1507 1506/1506/1506
f 1458/1458/1458 1459/1459/1459 1507/1507/1507
f 1459/1459/1459 1508/1508/1508 1507/1507/1507
f 1459/1459/1459 1460/1460/1460 1508/1508/1508
f 1460/1460/1460 1509/1509/1509 1508/1508/1508
f 1460/1460/1460 1461/1461/1461 1509/1509/1509
f 1461/1461/1461 1510/1510/1510 1509/1509/1509
f 1461/1461/1461 1462/1462/1462 1510/1510/1510
f 1462/1462/1462 1511/1511/1511 1510/1510/1510
f 1462/1462/1462 1463/1463/1463 1511/1511/1511
f 1463/1463/1463 1512/1512/1512 1511/1511/1511
f 1463/1463/1463 1464/1464/1464 1512/1512/1512
f 1464/1464/1464 1513/1513/1513 1512/1512/1512
f 1464/1464/1464 1465/1465/1465 1513/1513/1513
f 1465/1465/1465 1514/1514/1514 1513/1513/1513
f 1465/1465/1465 1466/1466/1466 1514/1514/1514
f 1466/1466/1466 1515/1515/1515 1514/1514/1514
f 1466/1466/1466 1467/1467/1467 1515/1515/1515
f 1467/1467/1467 1516/1516/1516 1515/1515/1515
f 1467/1467/1467 1468/1468/1468 1516/1516/1516
f 1468/1468/1468 1517/1517/1517 1516/1516/1516
f 1468/1468/1468 1469/1469/1469 1517/1517/1517
f 1469/1469/1469 1518/1518/1518 1517/1517/1517
f 1469/1469/1469 1470/1470/1470 1518/1518/1518
f 1470/1470/1470 1519/1519/1519 1518/1518/1518
