# Starward Reimagined / GPL-3.0-or-later
mtllib asteroid-2.mtl
s 1
o asteroid-2_part_0
usemtl part_0
v 0 0.8751088 0
v 0 0.8751088 0
v 0 0.8751088 0
v 0 0.8751088 0
v 0 0.8751088 0
v 0 0.8751088 0
v 0 0.8751088 0
v 0 0.8751088 0
v 0 0.8751088 0
v 0 0.8751088 0
v 0 0.8751088 0
v 0 0.8751088 0
v 0 0.8751088 0
v 0 0.8751088 0
v 0 0.8751088 0
v 0 0.8751088 0
v 0 0.8751088 0
v 0 0.8751088 0
v 0 0.8751088 0
v 0 0.8751088 0
v 0 0.8751088 0
v 0 0.8751088 0
v 0 0.8751088 0
v 0 0.8751088 0
v 0 0.8751088 0
v 0 0.8751088 0
v 0 0.8751088 0
v 0 0.8751088 0
v 0 0.8751088 0
v 0 0.8751088 0
v 0 0.8751088 0
v 0 0.8751088 0
v 0 0.8751088 0
v 0 0.8751088 0
v 0 0.8751088 0
v 0 0.8751088 0
v 0 0.8751088 0
v 0 0.8751088 0
v 0 0.8751088 0
v 0 0.8751088 0
v 0 0.8751088 0
v 0 0.8751088 0
v 0 0.8751088 0
v 0 0.8751088 0
v 0 0.8751088 0
v 0 0.8751088 0
v 0 0.8751088 0
v 0 0.8751088 0
v 0 0.8751088 0
v 0.1027093 0.867178 0
v 0.1044787 0.8730015 0.01316108
v 0.1036279 0.8781738 0.02625159
v 0.09997457 0.8826223 0.03901158
v 0.09361728 0.8863304 0.05118522
v 0.08491161 0.8892842 0.06252686
v 0.07439374 0.8914441 0.07280447
v 0.06267022 0.8927447 0.08180366
v 0.05030159 0.8931158 0.0893341
v 0.03770854 0.8925303 0.09523951
v 0.02512168 0.8910701 0.09941102
v 0.01258386 0.8889959 0.1017999
v -4.226619e-09 0.886788 0.1024233
v -0.0127802 0.8851142 0.1013554
v -0.02586488 0.8846973 0.09870005
v -0.0392281 0.8860996 0.09455331
v -0.05264372 0.8894998 0.0889724
v -0.06566815 0.8945726 0.08197117
v -0.07768825 0.9005489 0.07354805
v -0.08803307 0.9064453 0.06373345
v -0.0961213 0.9113644 0.05263093
v -0.1015971 0.9147318 0.04043078
v -0.1044055 0.9163784 0.02739364
v -0.1047837 0.9164748 0.01381646
v -0.1031744 0.9153773 -9.242802e-09
v -0.1000928 0.9134774 -0.01377129
v -0.09599001 0.9111003 -0.0272359
v -0.09114802 0.9084694 -0.040154
v -0.08563267 0.9057171 -0.05230479
v -0.07931028 0.9029121 -0.06348507
v -0.07192078 0.9000838 -0.07351007
v -0.06318545 0.8972296 -0.08221462
v -0.05292108 0.8943028 -0.08945284
v -0.04113122 0.8911908 -0.09509659
v -0.02805168 0.8876968 -0.09903469
v -0.01413852 0.8835565 -0.101177
v 1.278305e-09 0.8785079 -0.1014669
v 0.0137158 0.8724174 -0.09990145
v 0.02645235 0.8654287 -0.09655036
v 0.03786293 0.8580559 -0.09156083
v 0.047878 0.8511485 -0.08513632
v 0.05669293 0.8457 -0.07749288
v 0.06467173 0.842558 -0.06881189
v 0.07219481 0.842163 -0.05921369
v 0.07950255 0.8444312 -0.04876553
v 0.08658776 0.8488292 -0.03751793
v 0.0931692 0.8545812 -0.0255463
v 0.09874592 0.860905 -0.01297867
v 0.1027093 0.867178 1.751224e-08
v 0.211835 0.8672215 0
v 0.2139595 0.8735666 0.02663342
v 0.2105822 0.8800166 0.05320106
v 0.2016957 0.8864439 0.07923628
v 0.1877734 0.8925251 0.1042374
v 0.1696982 0.8979236 0.1276791
v 0.1485812 0.9023876 0.1490429
v 0.1255293 0.9057977 0.1678537
v 0.1014293 0.9081703 0.1837093
v 0.07680337 0.9095696 0.1962838
v 0.05178333 0.909899 0.2052911
v 0.02623521 0.9087104 0.2104395
v -8.878906e-09 0.9053605 0.2114729
v -0.02688884 0.8997711 0.2083693
v -0.05417761 0.893375 0.201563
v -0.08152881 0.8890986 0.1918662
v -0.1085355 0.8896382 0.1799605
v -0.1344429 0.895148 0.1658802
v -0.1579045 0.902707 0.1490957
v -0.1772779 0.9084495 0.1291757
v -0.191384 0.9103745 0.106322
v -0.2000553 0.9092188 0.08127203
v -0.2040217 0.9070678 0.0548364
v -0.2043735 0.9055086 0.02760725
v -0.2020928 0.9048912 -1.847796e-08
v -0.1978545 0.9047101 -0.02758294
v -0.191991 0.9042833 -0.05466815
v -0.1844933 0.9031374 -0.08072846
v -0.1750392 0.9010457 -0.1052325
v -0.163089 0.8979132 -0.1276776
v -0.1480652 0.8936734 -0.1476036
v -0.1295758 0.8882705 -0.1646058
v -0.1076136 0.8817448 -0.1783638
v -0.08265829 0.8743843 -0.1886909
v -0.0556274 0.8668181 -0.1955712
v -0.02768439 0.8598359 -0.1991211
v 2.477787e-09 0.8538268 -0.1994357
v 0.02640304 0.8481814 -0.1964221
v 0.05070129 0.8414608 -0.1898501
v 0.07238441 0.8327814 -0.179713
v 0.09153455 0.8234469 -0.166571
v 0.109001 0.8169103 -0.151382
v 0.1260418 0.81646 -0.1348506
v 0.1435092 0.8226303 -0.1169728
v 0.1612543 0.8328997 -0.09727375
v 0.1782415 0.84379 -0.0754236
v 0.1931143 0.8531331 -0.05157579
v 0.2046402 0.8606756 -0.02624031
v 0.211835 0.8672215 3.541749e-08
v 0.3238254 0.8575491 0
v 0.3235945 0.8623411 0.04018939
v 0.3151934 0.8676321 0.08018009
v 0.2994804 0.8741348 0.1194408
v 0.2776065 0.881722 0.1574115
v 0.2509362 0.8899279 0.1934357
v 0.2208147 0.8981725 0.2267668
v 0.1883119 0.9058411 0.2565981
v 0.1540487 0.9122721 0.2820913
v 0.1181596 0.916526 0.3023394
v 0.08046594 0.916993 0.3162602
v 0.04091662 0.91167 0.3227312
v -1.37999e-08 0.9002388 0.3214344
v -0.04151392 0.8866861 0.3138869
v -0.08328631 0.87767 0.3026981
v -0.1250209 0.875487 0.2888017
v -0.1650429 0.8750823 0.2705915
v -0.2008017 0.8720486 0.2470256
v -0.2312386 0.8696166 0.2195571
v -0.2566253 0.8722129 0.1895851
v -0.2761632 0.8770542 0.1565782
v -0.2883211 0.8781043 0.1199831
v -0.293404 0.8742965 0.08079593
v -0.2938131 0.8694667 0.04052145
v -0.2919194 0.8669626 -2.706198e-08
v -0.2886268 0.8670978 -0.0404111
v -0.2835401 0.8683896 -0.08025017
v -0.2756424 0.8693198 -0.1187829
v -0.2637469 0.8689938 -0.1551391
v -0.2467632 0.867048 -0.1884625
v -0.2239487 0.8634362 -0.2179967
v -0.1951535 0.8583447 -0.2431437
v -0.1609711 0.8522748 -0.263539
v -0.1226941 0.8461773 -0.2791332
v -0.08201362 0.8412053 -0.2901219
v -0.04060366 0.8375077 -0.2964777
v 3.614097e-09 0.8327646 -0.2973425
v 0.03818278 0.8233584 -0.2914688
v 0.07262141 0.8094128 -0.279157
v 0.1035704 0.7974722 -0.2630665
v 0.1329106 0.7938694 -0.245479
v 0.1619029 0.7966245 -0.2256602
v 0.1902359 0.7997493 -0.2019172
v 0.218012 0.803349 -0.1746168
v 0.2461792 0.81218 -0.1449962
v 0.2739827 0.8264897 -0.1129306
v 0.2981639 0.8409483 -0.0777141
v 0.3153206 0.8512499 -0.03967235
v 0.3238254 0.8575491 5.353629e-08
v 0.4204741 0.8097978 0
v 0.4196342 0.8212534 0.05244652
v 0.4082918 0.8325527 0.1054265
v 0.3868789 0.8417234 0.1575981
v 0.3581061 0.8503746 0.2080281
v 0.32455 0.8599292 0.2561248
v 0.2875852 0.8700293 0.300996
v 0.2473889 0.8784242 0.3409673
v 0.2036348 0.882022 0.3737248
v 0.1565719 0.880078 0.3978124
v 0.1071881 0.8778543 0.4148662
v 0.05542812 0.8821089 0.4278904
v -1.905704e-08 0.8858712 0.4334234
v -0.05714255 0.8709865 0.4224952
v -0.1118862 0.8448012 0.3992456
v -0.1659199 0.838344 0.3789478
v -0.2182938 0.8427321 0.3570771
v -0.2593019 0.8267612 0.3209139
v -0.2916479 0.8116185 0.2807881
v -0.3239096 0.8203123 0.2443251
v -0.3469543 0.8240554 0.2015897
v -0.3554315 0.8101193 0.1516807
v -0.3616774 0.8040708 0.1018198
v -0.3725316 0.8158105 0.05209889
v -0.382246 0.8308764 -3.55388e-08
v -0.3856971 0.838961 -0.05357738
v -0.3828076 0.8414087 -0.106548
v -0.3742047 0.8420175 -0.1576531
v -0.3589637 0.841971 -0.2059723
v -0.335618 0.8408425 -0.25044
v -0.3035005 0.838505 -0.2900899
v -0.2630917 0.8354947 -0.3243039
v -0.215556 0.8315408 -0.3523352
v -0.162413 0.8236054 -0.3722858
v -0.106293 0.8080057 -0.3818564
v -0.05132191 0.7894785 -0.3829576
v 4.53814e-09 0.783039 -0.3831115
v 0.04893647 0.7900892 -0.3832538
v 0.09458779 0.7857221 -0.3713252
v 0.1344534 0.765934 -0.3462171
v 0.1750057 0.7649922 -0.3241377
v 0.2196029 0.781143 -0.3032068
v 0.2589016 0.7797453 -0.2697611
v 0.2954769 0.775395 -0.2309468
v 0.338553 0.7937996 -0.194188
v 0.3779792 0.8124006 -0.1521079
v 0.4017389 0.8113132 -0.1027368
v 0.4139242 0.8054916 -0.05143977
v 0.4204741 0.8097978 6.927444e-08
v 0.5241551 0.7852055 0
v 0.513956 0.7882848 0.0652798
v 0.4918595 0.7903619 0.1297837
v 0.4617029 0.7938509 0.1927421
v 0.426464 0.7998069 0.2537191
v 0.3879209 0.8082015 0.312151
v 0.3465425 0.8181294 0.3670329
v 0.3016647 0.8279312 0.416734
v 0.2521239 0.8357285 0.4591915
v 0.1968394 0.8395117 0.492085
v 0.1355389 0.8376482 0.513338
v 0.0693666 0.8314633 0.5230096
v -2.356826e-08 0.826193 0.5241789
v -0.0712236 0.8225444 0.5173994
v -0.1411493 0.8139027 0.498786
v -0.2059724 0.801462 0.4697819
v -0.2629957 0.7880999 0.4330219
v -0.3082577 0.7693357 0.3872403
v -0.3437484 0.7539892 0.338258
v -0.373776 0.748758 0.2891921
v -0.3977062 0.7474677 0.2371158
v -0.4188663 0.7521121 0.1826081
v -0.4396672 0.7631083 0.1253084
v -0.4573829 0.7740126 0.06409783
v -0.4711226 0.7835175 -4.345816e-08
v -0.481253 0.7938653 -0.06574197
v -0.4857579 0.8048821 -0.1321682
v -0.4810404 0.8144974 -0.1977549
v -0.4639634 0.8207709 -0.2603694
v -0.4328712 0.8224777 -0.317665
v -0.3879646 0.8191133 -0.3674744
v -0.3313214 0.8109555 -0.4081893
v -0.2665185 0.7992051 -0.4391237
v -0.1977911 0.7858617 -0.4606377
v -0.1288434 0.7723972 -0.4733501
v -0.06227615 0.7581878 -0.4769177
v 5.450037e-09 0.7439989 -0.4720308
v 0.05789101 0.7365742 -0.4633221
v 0.1137218 0.7382198 -0.452405
v 0.1686725 0.741595 -0.4346904
v 0.2240523 0.7472374 -0.4105701
v 0.2801884 0.7542312 -0.3796375
v 0.332964 0.7544265 -0.3384541
v 0.3830663 0.7548713 -0.2915533
v 0.4305009 0.7598689 -0.2410496
v 0.4698988 0.7641478 -0.1855304
v 0.4999283 0.7700927 -0.1264553
v 0.5192871 0.7786648 -0.06448293
v 0.5241551 0.7852055 8.710357e-08
v 0.6334357 0.7674192 0
v 0.6147136 0.7662653 0.07985397
v 0.5758411 0.7535981 0.155724
v 0.5317591 0.7439882 0.2273136
v 0.4901313 0.7445989 0.2972433
v 0.4421789 0.7410424 0.3601719
v 0.4109526 0.7715544 0.4355832
v 0.360751 0.779897 0.4939961
v 0.3077298 0.7968317 0.5509559
v 0.2415901 0.8010265 0.5908563
v 0.1630928 0.7823476 0.6033415
v 0.0818885 0.7627088 0.6037359
v -2.800939e-08 0.7668457 0.6122484
v -0.08369827 0.7602019 0.6017514
v -0.1648265 0.7540195 0.581495
v -0.2453537 0.7653695 0.5645549
v -0.3019513 0.7304286 0.5050426
v -0.3502803 0.7103788 0.4499625
v -0.3860864 0.6907901 0.3899875
v -0.4129686 0.6750546 0.3280995
v -0.4597525 0.7006629 0.2797041
v -0.486266 0.7021847 0.2145411
v -0.5135841 0.7095885 0.1466298
v -0.5478033 0.7297114 0.07604455
v -0.563053 0.731192 -5.103589e-08
v -0.5682499 0.7281907 -0.07588618
v -0.5731344 0.7362683 -0.1521432
v -0.5702401 0.7499971 -0.2291495
v -0.5507486 0.7607957 -0.303709
v -0.5116829 0.7648683 -0.3717522
v -0.454641 0.7616833 -0.4300106
v -0.3844369 0.7533037 -0.4771516
v -0.3081332 0.7459146 -0.5157502
v -0.2311901 0.7463648 -0.5505366
v -0.1526204 0.7454891 -0.5749164
v -0.07275461 0.7212226 -0.5708968
v 6.275118e-09 0.6948315 -0.5547523
v 0.06814992 0.696906 -0.5516484
v 0.1331792 0.6881236 -0.5306765
v 0.202358 0.6999725 -0.5163164
v 0.2806938 0.7291062 -0.5041283
v 0.3442397 0.718574 -0.4551534
v 0.4147422 0.7277279 -0.4108408
v 0.4667134 0.7137443 -0.3469041
v 0.5168112 0.7117127 -0.284115
v 0.5767936 0.7390097 -0.2257925
v 0.6061623 0.7423767 -0.1534051
v 0.6244789 0.7512506 -0.07828899
v 0.6334357 0.7674192 1.07129e-07
v 0.7155672 0.7147571 0
v 0.683733 0.7043769 0.09097014
v 0.6350898 0.6865996 0.1758312
v 0.5824271 0.6705726 0.253911
v 0.5204697 0.6470806 0.3201286
v 0.4604795 0.6265036 0.3773695
v 0.4480074 0.67436 0.4718163
v 0.4076462 0.699751 0.5492958
v 0.3525751 0.7211013 0.6179069
v 0.279163 0.7298681 0.6671996
v 0.1905385 0.7219307 0.6899782
v 0.09622171 0.7116004 0.698073
v -3.187869e-08 0.6973827 0.6900289
v -0.0937272 0.6858277 0.6727901
v -0.1880818 0.7004071 0.6694073
v -0.2718883 0.6950676 0.6353872
v -0.3416807 0.6822081 0.5845794
v -0.3862249 0.6485996 0.5091425
v -0.4252948 0.6299667 0.4407564
v -0.4693231 0.6313127 0.3802661
v -0.5133032 0.6387173 0.315991
v -0.5604805 0.6530213 0.2472651
v -0.5846525 0.6457571 0.1653717
v -0.6124263 0.6472763 0.08359554
v -0.6391365 0.6543841 -5.660482e-08
v -0.6539573 0.6592355 -0.08514018
v -0.6606795 0.6691762 -0.1713694
v -0.6546015 0.6826472 -0.258483
v -0.6274772 0.6925809 -0.3426388
v -0.5766411 0.6946903 -0.4184413
v -0.5057088 0.6887726 -0.4819002
v -0.4250157 0.6826228 -0.5358503
v -0.3418399 0.68253 -0.5848554
v -0.254042 0.6783134 -0.6200716
v -0.1683004 0.6792923 -0.649227
v -0.08222622 0.6701141 -0.6573753
v 7.363585e-09 0.6637675 -0.6567681
v 0.07853056 0.6479532 -0.6356357
v 0.1555458 0.6414163 -0.6130272
v 0.2423168 0.6629345 -0.6060131
v 0.3296367 0.6747358 -0.5781766
v 0.4187927 0.6878794 -0.5399767
v 0.4849713 0.6710631 -0.4695094
v 0.5544677 0.6729001 -0.405316
v 0.6156269 0.6787514 -0.3357969
v 0.677422 0.7011544 -0.2654907
v 0.7229037 0.7223513 -0.1849867
v 0.7286806 0.7198188 -0.09296414
v 0.7155672 0.7147571 1.236543e-07
v 0.7779151 0.6449944 0
v 0.7339649 0.6272696 0.09992479
v 0.6820935 0.6092411 0.192445
v 0.6299404 0.5946025 0.2777075
v 0.5852149 0.5894221 0.3596811
v 0.5361497 0.5838392 0.4337721
v 0.4865766 0.5837239 0.5037485
v 0.437396 0.5953748 0.5764721
v 0.3786657 0.6129369 0.6478397
v 0.3047895 0.6318946 0.712494
v 0.2118632 0.6400746 0.7545632
v 0.1068673 0.6349283 0.7682711
v -3.559484e-08 0.6314871 0.7707007
v -0.1039661 0.622529 0.7532678
v -0.2035593 0.6245285 0.7362363
v -0.2935131 0.6217859 0.7010959
v -0.3695033 0.6131139 0.6480269
v -0.4264885 0.5947291 0.5758469
v -0.4774397 0.5838788 0.5038821
v -0.5237939 0.5768919 0.4286104
v -0.5718669 0.5767933 0.3519747
v -0.6125894 0.5734005 0.267805
v -0.6488097 0.5702649 0.1801333
v -0.6903348 0.5771766 0.09194482
v -0.7216793 0.5837247 -6.228075e-08
v -0.7492506 0.5985156 -0.09534428
v -0.7644694 0.6178373 -0.1951606
v -0.7543064 0.6330543 -0.2956663
v -0.7150427 0.640783 -0.3910229
v -0.6488487 0.6400157 -0.4755094
v -0.5718296 0.6427158 -0.5546579
v -0.4539891 0.6043925 -0.5852035
v -0.3510333 0.5828466 -0.6160361
v -0.2669221 0.5922037 -0.6677406
v -0.1799674 0.6003803 -0.7077689
v -0.0906385 0.6048997 -0.7319362
v 8.270336e-09 0.6039972 -0.7371505
v 0.09156119 0.604876 -0.7319074
v 0.1826605 0.5981624 -0.7051542
v 0.2806148 0.6074849 -0.6849707
v 0.3772799 0.610666 -0.6454396
v 0.4752094 0.6189185 -0.5992684
v 0.5571487 0.6149613 -0.5307059
v 0.640193 0.6252623 -0.4645479
v 0.7074947 0.6336416 -0.3866648
v 0.7687497 0.6516774 -0.3043642
v 0.795276 0.6547121 -0.206808
v 0.7977222 0.6526099 -0.1039612
v 0.7779152 0.6449944 1.376359e-07
v 0.8304101 0.5678924 0
v 0.8042861 0.563709 0.1112885
v 0.7509148 0.5456815 0.2136157
v 0.695406 0.5288579 0.3061092
v 0.6416172 0.5157965 0.3900732
v 0.5881629 0.5069235 0.4667531
v 0.5341429 0.5044507 0.5395123
v 0.4769557 0.5105121 0.6125907
v 0.4109688 0.5245633 0.6871098
v 0.3252723 0.5346017 0.7470391
v 0.2201649 0.5307135 0.7753567
v 0.113243 0.5424032 0.8133706
v -3.821472e-08 0.5520502 0.8349804
v -0.1123341 0.5522358 0.8281152
v -0.2164351 0.5478634 0.8004122
v -0.3048446 0.5341651 0.7464289
v -0.3892964 0.5336331 0.6989901
v -0.4734267 0.5415353 0.6498169
v -0.5309186 0.5281134 0.5648197
v -0.5838308 0.5177509 0.4767224
v -0.6124159 0.4935031 0.3732138
v -0.6782186 0.5021203 0.290633
v -0.7247369 0.5010858 0.1961579
v -0.7846209 0.5157391 0.1018181
v -0.8266926 0.5277069 -6.977744e-08
v -0.8357146 0.5299397 -0.1046217
v -0.8386772 0.542357 -0.2123145
v -0.8212013 0.5564679 -0.3220901
v -0.7716403 0.5631329 -0.4258715
v -0.6935447 0.561208 -0.516736
v -0.6014946 0.5573845 -0.5961254
v -0.4608365 0.5079896 -0.6095638
v -0.3486554 0.4798935 -0.6285982
v -0.2835288 0.5172105 -0.7227373
v -0.1979287 0.5373073 -0.7849901
v -0.09695158 0.5222956 -0.7832179
v 9.17148e-09 0.5344601 -0.8083751
v 0.1025028 0.5359743 -0.8037301
v 0.212873 0.5488039 -0.8017862
v 0.312853 0.533017 -0.7448246
v 0.4168552 0.5323468 -0.6973053
v 0.5101599 0.526702 -0.6320178
v 0.6258649 0.5534931 -0.5919633
v 0.7056699 0.5568748 -0.512746
v 0.7741001 0.5650107 -0.4272914
v 0.7999537 0.5557002 -0.3216458
v 0.8346595 0.5662844 -0.2216808
v 0.8289983 0.5603166 -0.1106184
v 0.8304101 0.5678924 1.501821e-07
v 0.8502215 0.4703392 0
v 0.8478547 0.4763634 0.1183465
v 0.8149202 0.4696231 0.2313476
v 0.7619116 0.4549399 0.3313698
v 0.7054728 0.4416368 0.4202953
v 0.6476754 0.4324786 0.5011076
v 0.5890897 0.4306348 0.5795801
v 0.5271336 0.438321 0.6618784
v 0.4486144 0.4477514 0.7380519
v 0.3427699 0.4435246 0.7799242
v 0.2304657 0.4414631 0.8116289
v 0.1175266 0.4514048 0.8518322
v -3.887636e-08 0.4536241 0.8634067
v -0.1187267 0.4743298 0.8950933
v -0.2217414 0.4571887 0.8405403
v -0.3161204 0.4506229 0.7924063
v -0.4077553 0.4521025 0.7452239
v -0.5057037 0.4635116 0.6999171
v -0.5923622 0.4665018 0.6278526
v -0.6225588 0.4339405 0.5028014
v -0.6875346 0.4307542 0.4099387
v -0.7096974 0.4071516 0.2965616
v -0.8261945 0.4423199 0.2178973
v -0.8555448 0.436753 0.1085057
v -0.8971074 0.4476876 -7.449359e-08
v -0.9009441 0.4503638 -0.1118873
v -0.877236 0.4507786 -0.2220646
v -0.8426147 0.4575167 -0.3332467
v -0.7828876 0.4613017 -0.43901
v -0.6958866 0.4572791 -0.5298439
v -0.6069503 0.458037 -0.6164601
v -0.4754326 0.426939 -0.6446912
v -0.3819423 0.4249789 -0.7005148
v -0.31409 0.458283 -0.8058766
v -0.2130996 0.4589504 -0.8437793
v -0.1078427 0.4557435 -0.8600196
v 9.912644e-09 0.4503831 -0.857238
v 0.1123332 0.4557217 -0.8599785
v 0.2316457 0.4631617 -0.8515217
v 0.3450454 0.4570957 -0.8037884
v 0.4348519 0.4332902 -0.7142146
v 0.5526047 0.4498564 -0.6792972
v 0.6579779 0.4625154 -0.6224872
v 0.7509347 0.4756389 -0.5511169
v 0.7891116 0.4650775 -0.4426031
v 0.8105122 0.457356 -0.3331297
v 0.8395227 0.4637009 -0.22843
v 0.862374 0.4736103 -0.1176621
v 0.8502216 0.4703392 1.565255e-07
v 0.8525531 0.3675049 0
v 0.8424976 0.3655834 0.1177768
v 0.848138 0.3730106 0.2382829
v 0.8281042 0.3737534 0.3530209
v 0.7813256 0.3678537 0.4539632
v 0.7176659 0.3601978 0.5412074
v 0.6438584 0.3549422 0.619467
v 0.5602067 0.3533261 0.6918595
v 0.4617019 0.3520384 0.7524821
v 0.3567152 0.3563714 0.8126316
v 0.2467996 0.3690839 0.8799224
v 0.1204853 0.3633942 0.8892463
v -4.04652e-08 0.3727479 0.9200063
v -0.116158 0.3668656 0.8977411
v -0.2295131 0.3732581 0.889874
v -0.3240942 0.3626445 0.8269361
v -0.4292538 0.3699175 0.7906986
v -0.5348972 0.3772914 0.7387867
v -0.6129071 0.3684422 0.643028
v -0.700672 0.3684231 0.553566
v -0.7553327 0.3556933 0.4389563
v -0.8139292 0.350633 0.3311829
v -0.8824401 0.3561641 0.2275211
v -0.9172587 0.3553249 0.1144718
v -0.9273067 0.3536196 -7.630209e-08
v -0.9543989 0.3687258 -0.1187892
v -0.937095 0.3758063 -0.2400691
v -0.8830954 0.376676 -0.3557813
v -0.8060099 0.3747593 -0.4624853
v -0.7098182 0.3688049 -0.55414
v -0.6069263 0.3617326 -0.6313181
v -0.5249422 0.3688892 -0.722334
v -0.4306935 0.3710841 -0.7931923
v -0.3303943 0.3710916 -0.8461981
v -0.2277498 0.3737808 -0.8911202
v -0.1190894 0.3802553 -0.9305065
v 1.076401e-08 0.368038 -0.9083812
v 0.1215624 0.3710262 -0.9079222
v 0.2410725 0.3634009 -0.8663737
v 0.3575844 0.3590682 -0.8187809
v 0.4726603 0.3609182 -0.7714627
v 0.569645 0.3578309 -0.7006806
v 0.6818402 0.373422 -0.6517188
v 0.7559545 0.3754622 -0.5641425
v 0.7940003 0.3691407 -0.4555513
v 0.8356789 0.3727859 -0.352107
v 0.834501 0.3640077 -0.2325316
v 0.8598459 0.3708962 -0.119488
v 0.8525531 0.3675049 1.585964e-07
v 0.8617293 0.27084 0
v 0.8757789 0.2740118 0.1209622
v 0.8843713 0.2783723 0.2436716
v 0.8866638 0.2850902 0.3689815
v 0.8534421 0.2861669 0.4839183
v 0.7823769 0.2806284 0.5777784
v 0.6844202 0.2711571 0.6484682
v 0.5734491 0.2617053 0.7022015
v 0.4672213 0.2602465 0.7622514
v 0.3674497 0.2710768 0.8470136
v 0.2493946 0.2772505 0.9057298
v 0.1273588 0.2871782 0.9629477
v -4.103565e-08 0.2827912 0.9564198
v -0.1166694 0.2752449 0.9229336
v -0.223232 0.2700554 0.8822248
v -0.3470387 0.2849565 0.8903825
v -0.4494079 0.2818055 0.8253968
v -0.5389395 0.274594 0.7367843
v -0.6580409 0.2828199 0.6763594
v -0.7537536 0.2822421 0.5811007
v -0.8297071 0.2780634 0.470215
v -0.8704325 0.2676141 0.3463626
v -0.8943283 0.258727 0.2264751
v -0.9523705 0.2672035 0.1179565
v -0.9844984 0.2750469 -8.132311e-08
v -0.9863351 0.2813232 -0.1241898
v -0.9832786 0.2933288 -0.256764
v -0.9364124 0.2983641 -0.3861614
v -0.8534545 0.2965988 -0.5015589
v -0.75377 0.2918822 -0.6009489
v -0.650981 0.2872413 -0.6869333
v -0.5486108 0.2832819 -0.7600952
v -0.4419074 0.2773702 -0.8124059
v -0.340625 0.2760108 -0.8624306
v -0.2415777 0.2836401 -0.9266038
v -0.1240782 0.2823949 -0.9469085
v 1.199295e-08 0.2921509 -0.9880748
v 0.1273752 0.2775808 -0.9307663
v 0.2493161 0.2697868 -0.8813472
v 0.3666597 0.2664759 -0.8326372
v 0.4890313 0.273144 -0.8000275
v 0.60421 0.2806363 -0.7529968
v 0.6712181 0.2730101 -0.6528991
v 0.7470746 0.2771053 -0.5705249
v 0.8308394 0.2888775 -0.4885018
v 0.8381646 0.2792025 -0.3613613
v 0.851274 0.2756145 -0.2412573
v 0.8250497 0.2628734 -0.1160448
v 0.8617294 0.27084 1.601585e-07
v 0.8800514 0.1786613 0
v 0.9368459 0.1876616 0.126636
v 0.9552916 0.1918911 0.2567646
v 0.9352339 0.1920142 0.3798895
v 0.8865533 0.1904154 0.4922165
v 0.8064717 0.1863787 0.5865805
v 0.7046385 0.1814148 0.6631961
v 0.597321 0.1790905 0.7345535
v 0.4874028 0.180117 0.8064353
v 0.3656317 0.1799205 0.85937
v 0.2508342 0.1868649 0.9331591
v 0.1283842 0.1940417 0.9945983
v -4.122494e-08 0.1900197 0.9823872
v -0.1163273 0.182631 0.9361109
v -0.230583 0.1836609 0.9171588
v -0.3475579 0.1863731 0.8901901
v -0.4699437 0.1902352 0.8517374
v -0.5649278 0.184386 0.7562733
v -0.6563111 0.1801256 0.6584829
v -0.8013153 0.1915782 0.6029444
v -0.8680772 0.1862887 0.4815494
v -0.8834191 0.1747093 0.3456526
v -0.9363764 0.1761727 0.2357322
v -0.9583196 0.176263 0.118944
v -1.007225 0.1863878 -8.424154e-08
v -1.008116 0.1917918 -0.1294232
v -0.971973 0.1940433 -0.2596447
v -0.9288051 0.198247 -0.3922207
v -0.8605516 0.1997998 -0.516475
v -0.7676535 0.1974067 -0.6212887
v -0.6633059 0.1927813 -0.7047486
v -0.5598797 0.1885957 -0.7735395
v -0.4661576 0.1887706 -0.8451799
v -0.3692555 0.1915266 -0.9148052
v -0.2505899 0.1878706 -0.9381812
v -0.1335469 0.1941138 -0.9949682
v 1.240401e-08 0.1936022 -1.000908
v 0.1366408 0.1922412 -0.9853696
v 0.2530861 0.1778052 -0.887917
v 0.3746382 0.178659 -0.8533447
v 0.5034263 0.1863158 -0.8341891
v 0.5926383 0.1834163 -0.752296
v 0.6734812 0.1836341 -0.6713089
v 0.7610509 0.1893402 -0.595901
v 0.8194734 0.190625 -0.4927582
v 0.8662968 0.1916168 -0.3791033
v 0.8469158 0.1809311 -0.2420992
v 0.8693792 0.1803128 -0.1216766
v 0.8800514 0.1786613 1.614988e-07
v 0.9672164 0.09483058 0
v 0.9624669 0.0929987 0.1269151
v 0.9753007 0.0945278 0.2557964
v 0.9593982 0.09539327 0.381677
v 0.8985842 0.0940268 0.4915416
v 0.809534 0.09189022 0.5848641
v 0.7080731 0.09044733 0.6686816
v 0.6000511 0.09013641 0.7476623
v 0.4865271 0.09074625 0.8216709
v 0.377444 0.0941859 0.9097872
v 0.2541264 0.09595596 0.9690682
v 0.122296 0.09354271 0.9696547
v -4.057766e-08 0.09400173 0.982821
v -0.1191992 0.09304998 0.9645471
v -0.2352549 0.09226504 0.9317932
v -0.3589369 0.09384966 0.9065393
v -0.4773546 0.09363433 0.8478213
v -0.6098458 0.09596457 0.7960057
v -0.7225534 0.09568886 0.7074324
v -0.7980656 0.09228426 0.5873721
v -0.8631693 0.09011554 0.4710948
v -0.9334648 0.09093182 0.3638262
v -0.9414541 0.08789346 0.2378434
v -0.9767009 0.09008256 0.1229353
v -0.9586582 0.08936934 -8.168678e-08
v -0.9709607 0.09351931 -0.1276256
v -0.9664428 0.09774129 -0.2644925
v -0.9224921 0.09942979 -0.3978274
v -0.8562797 0.09978232 -0.5216295
v -0.7704613 0.09859031 -0.6275092
v -0.6739122 0.09648303 -0.7133039
v -0.5800105 0.09526753 -0.7902237
v -0.484744 0.09504785 -0.8606202
v -0.3791338 0.09490713 -0.9167541
v -0.2733245 0.09895995 -0.9994057
v -0.1401548 0.0987719 -1.02386
v 1.289012e-08 0.09817281 -1.026431
v 0.1367016 0.09446446 -0.9792094
v 0.2713381 0.0949428 -0.9588361
v 0.3825286 0.09146619 -0.8835161
v 0.471696 0.08790921 -0.7959827
v 0.5883147 0.09228294 -0.7654672
v 0.6797045 0.09398361 -0.6948252
v 0.7491412 0.0942433 -0.5998411
v 0.8234817 0.09616005 -0.5026932
v 0.8563072 0.09435466 -0.3775214
v 0.9095059 0.09538634 -0.2581194
v 0.9318324 0.09403387 -0.1283273
v 0.9672165 0.09483058 1.733571e-07
v 1.018199 -4.050126e-08 0
v 1.029132 -4.037609e-08 0.1324909
v 0.9892147 -3.90488e-08 0.2540785
v 0.9293313 -3.780712e-08 0.3637285
v 0.8391531 -3.615645e-08 0.4544853
v 0.7573282 -3.576616e-08 0.5473731
v 0.6675783 -3.586613e-08 0.6375782
v 0.5813762 -3.707464e-08 0.739448
v 0.4970386 -3.954177e-08 0.8608962
v 0.37554 -3.994818e-08 0.927847
v 0.249216 -3.998909e-08 0.9710672
v 0.1209159 -3.905366e-08 0.9734066
v -3.896782e-08 -3.784736e-08 0.9514798
v -0.122209 -3.944767e-08 0.9832274
v -0.2486743 -3.990585e-08 0.9690458
v -0.358184 -3.814413e-08 0.8859457
v -0.4967104 -3.951565e-08 0.8603275
v -0.6447734 -4.121711e-08 0.8220689
v -0.7304852 -3.940487e-08 0.7004852
v -0.7980027 -3.78055e-08 0.5785834
v -0.8758807 -3.784339e-08 0.4756901
v -0.9291105 -3.779761e-08 0.3636368
v -0.9771014 -3.854997e-08 0.2508326
v -0.9431422 -3.692611e-08 0.1211699
v -0.9519681 -3.786678e-08 -8.32237e-08
v -0.9293597 -3.81998e-08 -0.1253496
v -0.9171094 -3.945469e-08 -0.2567198
v -0.9097838 -4.137544e-08 -0.398058
v -0.8725511 -4.246373e-08 -0.5337675
v -0.8004265 -4.233698e-08 -0.6479346
v -0.7004476 -4.109037e-08 -0.7304478
v -0.58729 -3.928771e-08 -0.7835873
v -0.4850585 -3.85887e-08 -0.8401461
v -0.3972584 -4.037904e-08 -0.9378543
v -0.2805847 -4.143488e-08 -1.006176
v -0.1454874 -4.213185e-08 -1.05013
v 1.291491e-08 -4.069312e-08 -1.023022
v 0.1410729 -4.078638e-08 -1.016595
v 0.2739736 -4.041877e-08 -0.9815011
v 0.3922425 -3.985761e-08 -0.9257433
v 0.4704568 -3.742706e-08 -0.8148552
v 0.5638592 -3.775671e-08 -0.7530516
v 0.6785362 -3.985776e-08 -0.7085357
v 0.7602155 -4.032086e-08 -0.6170791
v 0.7952302 -3.891231e-08 -0.4891261
v 0.8891837 -4.048851e-08 -0.3895251
v 0.9632547 -4.135497e-08 -0.2690838
v 1.016902 -4.171205e-08 -0.1368743
v 1.018199 -4.050126e-08 1.780275e-07
v 1.076207 -0.1006125 0
v 1.045982 -0.09676627 0.1320564
v 1.017114 -0.09538542 0.2581166
v 0.9606347 -0.0937448 0.3750806
v 0.8215629 -0.08552066 0.4470733
v 0.749338 -0.08641 0.5499825
v 0.6794156 -0.08985414 0.6642947
v 0.5837638 -0.09186693 0.762015
v 0.4763696 -0.09344611 0.8461153
v 0.3559037 -0.09309177 0.8992166
v 0.2438619 -0.09544585 0.9639146
v 0.1187477 -0.0927195 0.9611194
v -4.026251e-08 -0.09331235 0.9756113
v -0.1222728 -0.09352575 0.9694769
v -0.2488929 -0.09402218 0.9495367
v -0.3851979 -0.09612402 0.9285066
v -0.5106626 -0.09536328 0.8634744
v -0.6342797 -0.09551438 0.7922698
v -0.745775 -0.09554718 0.7063835
v -0.8071456 -0.09160245 0.5830312
v -0.864981 -0.09031582 0.4721409
v -0.9324651 -0.0926052 0.3705208
v -0.937731 -0.09080789 0.2457295
v -0.9654075 -0.09328257 0.1273021
v -0.9339845 -0.0916523 -8.377331e-08
v -0.9352345 -0.09436228 -0.1287757
v -0.9239826 -0.09682003 -0.261999
v -0.8924158 -0.09809301 -0.3924781
v -0.8537385 -0.09950188 -0.5201624
v -0.7988204 -0.1002327 -0.6379616
v -0.7209243 -0.09955931 -0.7360455
v -0.6257249 -0.0981608 -0.8142211
v -0.5149938 -0.09619182 -0.8709766
v -0.3926798 -0.09400359 -0.9080244
v -0.2775068 -0.09722279 -0.98186
v -0.141599 -0.09805372 -1.016413
v 1.308643e-08 -0.0997475 -1.042893
v 0.1395661 -0.09834033 -1.019384
v 0.2761291 -0.09999638 -1.009871
v 0.3840074 -0.09612527 -0.9285185
v 0.4711837 -0.09245412 -0.8371333
v 0.5692239 -0.09357299 -0.7761663
v 0.6540621 -0.09379822 -0.6934531
v 0.7335124 -0.09413601 -0.5991569
v 0.8353879 -0.09747519 -0.5095673
v 0.9068967 -0.09781546 -0.3913676
v 0.9972963 -0.1007966 -0.2727591
v 1.041991 -0.1003718 -0.1369763
v 1.076207 -0.1006125 1.839264e-07
v 1.056748 -0.195967 0
v 1.074294 -0.1988891 0.1342124
v 1.027784 -0.1944771 0.2602248
v 0.9397907 -0.1865116 0.3690027
v 0.8387607 -0.179741 0.4646235
v 0.7572233 -0.1808283 0.5691119
v 0.6580006 -0.1805878 0.6601725
v 0.5676187 -0.1852411 0.75978
v 0.4675036 -0.1892914 0.8475112
v 0.3489154 -0.1870594 0.8934677
v 0.2375992 -0.1889044 0.9433435
v 0.1229397 -0.1924303 0.9863385
v -4.083652e-08 -0.1883009 0.9735011
v -0.1214855 -0.1838183 0.9421958
v -0.2526303 -0.1882073 0.9398621
v -0.389935 -0.1922046 0.9180433
v -0.5242961 -0.1943893 0.8703362
v -0.623938 -0.1875479 0.7692415
v -0.710117 -0.1829135 0.6686745
v -0.8163049 -0.1887762 0.5941254
v -0.8671182 -0.1860746 0.4809958
v -0.8721678 -0.1788106 0.3537665
v -0.9155714 -0.1839372 0.2461215
v -0.9229593 -0.1849524 0.1248077
v -0.9619593 -0.1945046 -8.791004e-08
v -0.9028212 -0.1868373 -0.1260798
v -0.913417 -0.1942481 -0.2599186
v -0.8826973 -0.1950506 -0.3858966
v -0.8618324 -0.200086 -0.5172144
v -0.8192684 -0.2035342 -0.6405731
v -0.7447851 -0.2031392 -0.7426134
v -0.6395794 -0.1983314 -0.813471
v -0.5212688 -0.1932183 -0.8650931
v -0.3965285 -0.1897238 -0.9061942
v -0.2604257 -0.1832908 -0.9153106
v -0.1365976 -0.192178 -0.9850454
v 1.268395e-08 -0.1981431 -1.024384
v 0.1398396 -0.2034384 -1.042763
v 0.2567801 -0.1924966 -0.9612817
v 0.3707896 -0.1923019 -0.9185079
v 0.4831296 -0.1953364 -0.8745763
v 0.5542812 -0.1868169 -0.7662435
v 0.629061 -0.1834137 -0.670503
v 0.7349112 -0.1894239 -0.5961642
v 0.8387949 -0.1949405 -0.5039133
v 0.9480388 -0.2022739 -0.4001875
v 0.9883595 -0.1973247 -0.2640349
v 1.047011 -0.1993801 -0.1345433
v 1.056748 -0.195967 1.77142e-07
v 1.058617 -0.2969621 0
v 1.03163 -0.290841 0.1283913
v 0.9714145 -0.2823238 0.2471304
v 0.9010867 -0.2774248 0.3590603
v 0.8156137 -0.2732518 0.4620781
v 0.7247947 -0.2714496 0.5588802
v 0.6331705 -0.2724205 0.651489
v 0.5372552 -0.2737761 0.7345893
v 0.4415342 -0.2771496 0.8117594
v 0.346935 -0.2848766 0.8901322
v 0.2349647 -0.283459 0.9260115
v 0.1218679 -0.2870215 0.9624217
v -4.079088e-08 -0.2811357 0.9508201
v -0.1226305 -0.2764671 0.9270312
v -0.2475025 -0.275089 0.8986683
v -0.3934627 -0.2911756 0.9098142
v -0.5095183 -0.2852592 0.8355118
v -0.5965771 -0.2729388 0.7323425
v -0.697097 -0.2764581 0.661145
v -0.7689084 -0.2756089 0.5674434
v -0.8215262 -0.2752704 0.4654917
v -0.8432581 -0.2711989 0.3510022
v -0.8498834 -0.2678155 0.2344305
v -0.8890277 -0.2779632 0.1227063
v -0.8929044 -0.2800579 -8.280466e-08
v -0.8262849 -0.263242 -0.1162078
v -0.8940357 -0.2887043 -0.2527158
v -0.8896375 -0.2956761 -0.3826821
v -0.8636025 -0.3000637 -0.5074179
v -0.8205506 -0.3044896 -0.6269054
v -0.750488 -0.3061571 -0.7321697
v -0.6463073 -0.3010834 -0.8078592
v -0.5124119 -0.2869704 -0.840524
v -0.3785843 -0.2756898 -0.8614271
v -0.2567721 -0.2783053 -0.9091753
v -0.1284382 -0.2799901 -0.9388443
v 1.225087e-08 -0.2985461 -1.009703
v 0.1289516 -0.2934336 -0.9839221
v 0.2478498 -0.2908052 -0.9500102
v 0.3538038 -0.2861932 -0.8942459
v 0.4571121 -0.2863617 -0.8387412
v 0.5540333 -0.2859158 -0.7671619
v 0.6174936 -0.2732385 -0.6534452
v 0.716493 -0.2779894 -0.5723448
v 0.8521292 -0.2961464 -0.5007934
v 0.9287684 -0.2959179 -0.3829951
v 1.007704 -0.3008059 -0.2633083
v 1.021737 -0.2918812 -0.1288501
v 1.058617 -0.2969621 1.756055e-07
v 1.02845 -0.3945986 0
v 0.984669 -0.3828726 0.1233466
v 0.932523 -0.3771715 0.2409409
v 0.8504559 -0.3666516 0.346313
v 0.7571325 -0.3565355 0.4399954
v 0.672424 -0.3539973 0.5318909
v 0.5991594 -0.3605652 0.6292803
v 0.525267 -0.3708822 0.7262363
v 0.4356676 -0.3751147 0.8018076
v 0.3370811 -0.3763943 0.8582894
v 0.2342765 -0.3807148 0.9076511
v 0.1161992 -0.3669941 0.8980553
v -4.045211e-08 -0.3726268 0.9197068
v -0.121758 -0.3673443 0.8989124
v -0.2509935 -0.3756492 0.8955743
v -0.3647779 -0.3649077 0.8320965
v -0.4822324 -0.3686745 0.7880417
v -0.5861095 -0.3705657 0.7256166
v -0.648048 -0.3573428 0.6236565
v -0.7110162 -0.3568019 0.5361047
v -0.7391154 -0.3481064 0.4295933
v -0.7838458 -0.3543445 0.3346883
v -0.811738 -0.3577427 0.2285295
v -0.8353856 -0.3626772 0.1168404
v -0.8378128 -0.3615328 -7.800955e-08
v -0.8514795 -0.3674774 -0.118387
v -0.8627928 -0.3758748 -0.2401128
v -0.8461892 -0.3773952 -0.3564605
v -0.8245196 -0.3834189 -0.4731719
v -0.779924 -0.3877033 -0.5825352
v -0.7061787 -0.3873677 -0.6760579
v -0.6102902 -0.3848822 -0.7536503
v -0.4983989 -0.3817747 -0.8160433
v -0.3699558 -0.3721667 -0.8486494
v -0.2457286 -0.3706904 -0.8837523
v -0.1239625 -0.3784776 -0.926156
v 1.09367e-08 -0.3739052 -0.9228623
v 0.1208754 -0.385798 -0.9440693
v 0.2338245 -0.3832896 -0.9137895
v 0.3368112 -0.3778851 -0.8616888
v 0.4337478 -0.3735592 -0.7984827
v 0.5159001 -0.3628713 -0.71055
v 0.6279073 -0.3737541 -0.6522983
v 0.7254984 -0.3768126 -0.5661714
v 0.811358 -0.3772613 -0.4655727
v 0.9151067 -0.3907143 -0.3690408
v 0.9724334 -0.3906291 -0.2495375
v 1.034022 -0.4012641 -0.1292712
v 1.02845 -0.3945986 1.702886e-07
v 0.972191 -0.4871357 0
v 0.9502625 -0.4869461 0.1209756
v 0.8811914 -0.4722341 0.2326338
v 0.7872412 -0.4512491 0.3286815
v 0.6970107 -0.4365032 0.4154097
v 0.6195161 -0.4319257 0.5004669
v 0.5550042 -0.4387446 0.5904946
v 0.4956891 -0.4548687 0.6868657
v 0.4231955 -0.4683269 0.7719673
v 0.3245576 -0.4622065 0.8127756
v 0.2202465 -0.4541544 0.8349615
v 0.1145488 -0.4575141 0.8633606
v -3.901181e-08 -0.4552523 0.8665054
v -0.1231446 -0.4740175 0.8945037
v -0.2376409 -0.4560286 0.8384072
v -0.3459374 -0.4478734 0.7875711
v -0.4471711 -0.4462349 0.7355519
v -0.5450292 -0.4537657 0.6852003
v -0.620369 -0.4538759 0.6108595
v -0.63035 -0.421005 0.4878131
v -0.6704752 -0.420405 0.4000895
v -0.6994501 -0.4194196 0.3054973
v -0.7630208 -0.4413939 0.2174411
v -0.7745747 -0.4375309 0.1086989
v -0.8089114 -0.4486355 -7.465131e-08
v -0.818657 -0.4504439 -0.1119071
v -0.816681 -0.451277 -0.22231
v -0.8178232 -0.4615137 -0.336158
v -0.8004121 -0.4719333 -0.4491277
v -0.750444 -0.4753141 -0.5507407
v -0.66919 -0.4708464 -0.6336998
v -0.5690693 -0.4640662 -0.7007542
v -0.4654147 -0.4654049 -0.7671509
v -0.3553529 -0.4712478 -0.8286743
v -0.2297726 -0.4593604 -0.8445327
v -0.1122025 -0.4551972 -0.8589884
v 9.976806e-09 -0.4532101 -0.8626186
v 0.1097031 -0.4632303 -0.8741475
v 0.2202777 -0.4735209 -0.8705668
v 0.3203214 -0.4668377 -0.8209192
v 0.3957166 -0.4394527 -0.7243725
v 0.5040553 -0.4516417 -0.6819928
v 0.6119337 -0.4617397 -0.6214429
v 0.7239254 -0.4758475 -0.5513585
v 0.7969251 -0.4698178 -0.4471142
v 0.8618605 -0.4684614 -0.3412186
v 0.9316353 -0.4803675 -0.2366403
v 0.9806368 -0.4925949 -0.1223786
v 0.9721909 -0.4871357 1.621152e-07
v 0.8886877 -0.5686952 0
v 0.8572984 -0.5642049 0.1113864
v 0.7900696 -0.5458046 0.2136638
v 0.7154043 -0.5287316 0.3060361
v 0.6415004 -0.5157073 0.3900057
v 0.5711702 -0.5072001 0.4670077
v 0.5065108 -0.5052918 0.5404119
v 0.4461226 -0.5118814 0.6142337
v 0.3836677 -0.5261905 0.6892412
v 0.3059787 -0.5361245 0.749167
v 0.2101678 -0.5318534 0.777022
v 0.1105233 -0.5430648 0.8143627
v -3.823101e-08 -0.5522967 0.8353531
v -0.1151741 -0.5521839 0.8280373
v -0.2267699 -0.547586 0.800007
v -0.3247276 -0.5336606 0.7457239
v -0.4172476 -0.5328657 0.6979848
v -0.5045724 -0.5405058 0.6485816
v -0.5581583 -0.5269053 0.5635276
v -0.5996808 -0.5165219 0.4755908
v -0.6110128 -0.492432 0.3724037
v -0.6565103 -0.5010231 0.2899979
v -0.6850774 -0.5006174 0.1959745
v -0.7319005 -0.515438 0.1017587
v -0.7693869 -0.5275468 -6.975626e-08
v -0.7833863 -0.5299 -0.1046139
v -0.7999409 -0.5425204 -0.2123784
v -0.8017567 -0.5569906 -0.3223927
v -0.7729629 -0.5641426 -0.4266351
v -0.7126412 -0.5626846 -0.5180956
v -0.6313939 -0.5586632 -0.597493
v -0.5314545 -0.5498295 -0.6597695
v -0.4163498 -0.5316785 -0.6964299
v -0.3130788 -0.5334076 -0.7453707
v -0.2072682 -0.5344874 -0.7808703
v -0.09980565 -0.5223147 -0.7832465
v 9.172455e-09 -0.5345141 -0.8084568
v 0.09969338 -0.5361818 -0.8040411
v 0.2025497 -0.5491106 -0.8022342
v 0.2928278 -0.5332757 -0.745186
v 0.3883829 -0.5324255 -0.6974083
v 0.4779463 -0.526572 -0.6318616
v 0.5970787 -0.5532554 -0.5917089
v 0.6881557 -0.5567169 -0.5126006
v 0.7742406 -0.565118 -0.4273725
v 0.820779 -0.5561656 -0.3219152
v 0.8747676 -0.5670599 -0.2219844
v 0.8826295 -0.5612252 -0.1107978
v 0.8886877 -0.5686952 1.503945e-07
v 0.7886912 -0.6386322 0
v 0.7464526 -0.6235547 0.09933296
v 0.6938342 -0.6084582 0.1921977
v 0.6366589 -0.5947474 0.2777751
v 0.5766904 -0.5813571 0.3547595
v 0.5174552 -0.5703456 0.4237467
v 0.4613882 -0.5652791 0.4878306
v 0.4073383 -0.5689539 0.55089
v 0.3508953 -0.5826207 0.6157972
v 0.284737 -0.6029958 0.6799089
v 0.2012044 -0.6170734 0.7274475
v 0.1035832 -0.6201264 0.7503605
v -3.525039e-08 -0.6250306 0.7628205
v -0.1050346 -0.623423 0.7543494
v -0.2092344 -0.6317524 0.7447522
v -0.3061385 -0.6347831 0.7157508
v -0.3900068 -0.631522 0.667483
v -0.4540139 -0.6177419 0.598129
v -0.5090846 -0.6098055 0.5262565
v -0.5549698 -0.6032765 0.4482131
v -0.5975105 -0.6010554 0.36678
v -0.628822 -0.5936106 0.2772441
v -0.6542001 -0.58558 0.1849709
v -0.68604 -0.5876629 0.09361527
v -0.7103866 -0.5896639 -6.291443e-08
v -0.7336021 -0.5996188 -0.09551999
v -0.7460009 -0.6129135 -0.1936052
v -0.7335966 -0.620501 -0.2898033
v -0.6927963 -0.6197352 -0.3781789
v -0.6380953 -0.6230961 -0.4629387
v -0.5286286 -0.5819139 -0.5021864
v -0.4337364 -0.5630978 -0.5452198
v -0.3558963 -0.575624 -0.6084021
v -0.2682396 -0.5809892 -0.6550955
v -0.1815496 -0.5946468 -0.7010097
v -0.0914934 -0.6044528 -0.7313952
v 8.296499e-09 -0.605795 -0.7393445
v 0.09098368 -0.6070645 -0.7345554
v 0.1800468 -0.6006305 -0.7080636
v 0.2758264 -0.6112681 -0.6892363
v 0.3717382 -0.6167766 -0.6518981
v 0.4710295 -0.6273283 -0.607411
v 0.555901 -0.624258 -0.5387287
v 0.6421707 -0.6331187 -0.4703849
v 0.7119149 -0.6378237 -0.3892168
v 0.7746281 -0.6510773 -0.3040838
v 0.802273 -0.6499052 -0.2052896
v 0.8063122 -0.6456736 -0.1028562
v 0.7886912 -0.6386322 1.362783e-07
v 0.7012388 -0.7171482 0
v 0.6706599 -0.7066385 0.09126222
v 0.6251459 -0.6881256 0.176222
v 0.5741838 -0.6680118 0.2529414
v 0.5239165 -0.651103 0.3221186
v 0.4760495 -0.6398816 0.3854277
v 0.4303261 -0.6371579 0.4457878
v 0.3839992 -0.6449045 0.506242
v 0.3305617 -0.659733 0.5653208
v 0.2626719 -0.6707275 0.6131371
v 0.1810448 -0.6729285 0.6431448
v 0.09270182 -0.6778893 0.6650028
v -3.116804e-08 -0.6809518 0.6737712
v -0.09296525 -0.6863846 0.6733365
v -0.1891796 -0.7166245 0.6849068
v -0.2774475 -0.7253373 0.6630579
v -0.3543209 -0.7246301 0.6209306
v -0.4081148 -0.7005288 0.5499064
v -0.4573385 -0.6876968 0.4811473
v -0.51056 -0.6903014 0.4157974
v -0.5609631 -0.6943367 0.3435075
v -0.6106388 -0.701434 0.2655965
v -0.6330016 -0.6844146 0.1752715
v -0.6546774 -0.6747581 0.08714481
v -0.670997 -0.6697119 -5.793069e-08
v -0.6711395 -0.6611627 -0.08538909
v -0.6595444 -0.6560579 -0.1680099
v -0.6336067 -0.6532237 -0.2473419
v -0.5886028 -0.6472143 -0.3201947
v -0.524053 -0.6341548 -0.3819782
v -0.4263101 -0.5872198 -0.4108487
v -0.3469938 -0.5686799 -0.4464065
v -0.2990057 -0.6128208 -0.525122
v -0.2378536 -0.6511481 -0.5952389
v -0.1617103 -0.6654892 -0.6360348
v -0.08134307 -0.6697326 -0.6570011
v 7.468661e-09 -0.6726729 -0.6655796
v 0.08128612 -0.6628325 -0.6502321
v 0.163543 -0.660714 -0.6314708
v 0.2571202 -0.686442 -0.6275022
v 0.3516703 -0.7024003 -0.6018821
v 0.4467256 -0.7186652 -0.5641431
v 0.5153366 -0.7025332 -0.4915275
v 0.5821663 -0.7017286 -0.4226807
v 0.6354427 -0.7018766 -0.3472376
v 0.6859732 -0.7169654 -0.2714776
v 0.7200516 -0.7312976 -0.1872777
v 0.7175877 -0.724099 -0.09351692
v 0.7012388 -0.7171482 1.24068e-07
v 0.6087971 -0.7884869 0
v 0.5882729 -0.7808374 0.08137254
v 0.5525198 -0.7600762 0.1570626
v 0.5135146 -0.7391261 0.225828
v 0.4747638 -0.7223734 0.2883708
v 0.435322 -0.7103453 0.345252
v 0.3938175 -0.7044844 0.3977186
v 0.3486331 -0.7069898 0.4478158
v 0.2964825 -0.7167296 0.4955706
v 0.2324933 -0.7232783 0.5335072
v 0.156985 -0.7160716 0.5522298
v 0.07896464 -0.7147802 0.565797
v -2.711226e-08 -0.7411396 0.5917246
v -0.08138417 -0.7578682 0.5999041
v -0.1614185 -0.7742453 0.5970929
v -0.2431218 -0.8060396 0.594554
v -0.3043649 -0.7884027 0.5451277
v -0.3615275 -0.7814947 0.4950081
v -0.4100216 -0.7699053 0.4346522
v -0.45189 -0.7563736 0.3676232
v -0.5134678 -0.7783501 0.3107167
v -0.5517055 -0.7710296 0.2355755
v -0.5849581 -0.7654201 0.1581669
v -0.6171992 -0.7694054 0.08018112
v -0.6214291 -0.7523809 -5.251483e-08
v -0.6068802 -0.7290182 -0.07597239
v -0.5854771 -0.7155547 -0.1478629
v -0.5538869 -0.7079552 -0.2163042
v -0.5086579 -0.6999212 -0.2794079
v -0.4600403 -0.7032095 -0.3417839
v -0.3841763 -0.6735867 -0.3802753
v -0.3191403 -0.666933 -0.4224432
v -0.2666208 -0.6938533 -0.4797532
v -0.2043356 -0.7064461 -0.5210915
v -0.1412814 -0.7273343 -0.5609155
v -0.0708799 -0.7231051 -0.5723867
v 6.451987e-09 -0.7134086 -0.5695843
v 0.07352439 -0.7286066 -0.5767416
v 0.1494385 -0.7300892 -0.56304
v 0.2323321 -0.7501014 -0.5532926
v 0.3239235 -0.7854696 -0.5430997
v 0.3968057 -0.7787522 -0.4932708
v 0.4698159 -0.7885624 -0.4451849
v 0.5160035 -0.7716895 -0.3750674
v 0.5526976 -0.7636144 -0.3048341
v 0.5945037 -0.7828914 -0.2391998
v 0.6051584 -0.7777937 -0.1607237
v 0.6084447 -0.7789695 -0.0811776
v 0.6087971 -0.7884869 1.100699e-07
v 0.4971737 -0.8245782 0
v 0.4832472 -0.8151307 0.06750299
v 0.4639539 -0.8027384 0.1318161
v 0.4406575 -0.7892885 0.1916344
v 0.4134364 -0.7760967 0.2461976
v 0.381705 -0.7645106 0.2952764
v 0.3446679 -0.7560388 0.3391775
v 0.3015716 -0.7520245 0.3785269
v 0.2519087 -0.7531501 0.4138188
v 0.1956156 -0.7588056 0.4447787
v 0.1334859 -0.7672336 0.4701857
v 0.06755778 -0.7782791 0.4895556
v -2.270034e-08 -0.7948971 0.5043232
v -0.06803115 -0.8153358 0.5128651
v -0.134409 -0.8307674 0.5091213
v -0.1970937 -0.8405586 0.4926987
v -0.2554143 -0.8461007 0.4648906
v -0.3069814 -0.8416968 0.4236629
v -0.3542175 -0.8352371 0.3747079
v -0.4003406 -0.8328756 0.3216808
v -0.4421612 -0.8283758 0.2627819
v -0.4794629 -0.8241497 0.2000984
v -0.5108766 -0.8213934 0.1348793
v -0.5305251 -0.8146258 0.06746111
v -0.5358083 -0.8035727 -4.457053e-08
v -0.5274327 -0.7916147 -0.06555559
v -0.5059935 -0.77999 -0.1280807
v -0.4724426 -0.7684875 -0.1865841
v -0.4291725 -0.7574514 -0.2402828
v -0.3795975 -0.7479798 -0.2888918
v -0.3271129 -0.7413846 -0.3326034
v -0.2742905 -0.7389604 -0.3719511
v -0.2220925 -0.7410594 -0.4071756
v -0.1700721 -0.7473604 -0.4380701
v -0.1166987 -0.7563499 -0.4635159
v -0.06022468 -0.7647569 -0.4810498
v 5.657127e-09 -0.7713708 -0.489397
v 0.06423941 -0.7818921 -0.4918282
v 0.1330993 -0.7983134 -0.4892324
v 0.2044513 -0.8132919 -0.4767161
v 0.2754389 -0.8273251 -0.4545743
v 0.3422708 -0.8393049 -0.4224589
v 0.3977241 -0.840867 -0.3772334
v 0.4412184 -0.8390608 -0.3240698
v 0.4737483 -0.8385791 -0.2660185
v 0.4929999 -0.8349004 -0.2027087
v 0.5019387 -0.8312854 -0.1365036
v 0.5035725 -0.829348 -0.06868012
v 0.4971737 -0.8245782 9.147122e-08
v 0.396078 -0.8591477 0
v 0.3917371 -0.8554035 0.05462738
v 0.3833293 -0.8498865 0.1076214
v 0.3693609 -0.8409356 0.1574505
v 0.3498569 -0.830906 0.2032655
v 0.3247553 -0.8224915 0.2449741
v 0.2935174 -0.8170223 0.2826576
v 0.2555157 -0.8140492 0.3159795
v 0.2107712 -0.8119817 0.3440476
v 0.1607828 -0.8109075 0.3665459
v 0.1082462 -0.8160563 0.3856609
v 0.05473717 -0.8333227 0.4042253
v -1.838106e-08 -0.8542633 0.4179587
v -0.05394848 -0.8589385 0.4166509
v -0.1040238 -0.8528661 0.4030569
v -0.153821 -0.8653853 0.3911709
v -0.2046463 -0.8861566 0.3754765
v -0.2486929 -0.8828025 0.3426667
v -0.2895326 -0.8756584 0.3029433
v -0.3351513 -0.8872409 0.2642593
v -0.3743253 -0.8886535 0.2173923
v -0.398499 -0.8674307 0.1624112
v -0.4164086 -0.849728 0.1076013
v -0.4317833 -0.8462994 0.05404593
v -0.4370881 -0.8437553 -3.608966e-08
v -0.4273007 -0.8330678 -0.05320102
v -0.4044602 -0.817072 -0.1034662
v -0.3729329 -0.801237 -0.1500176
v -0.3362981 -0.7884784 -0.1928863
v -0.2972362 -0.779928 -0.2322969
v -0.2577915 -0.7765375 -0.2686514
v -0.2190149 -0.7791693 -0.3024406
v -0.1803898 -0.7870017 -0.3334633
v -0.1400203 -0.7956679 -0.3596574
v -0.09635507 -0.7996799 -0.3779215
v -0.0496893 -0.8018808 -0.3889735
v 4.728317e-09 -0.8156351 -0.3990594
v 0.05461967 -0.8411146 -0.408005
v 0.1119409 -0.8526053 -0.4029335
v 0.1665338 -0.8456135 -0.3822337
v 0.2210762 -0.8541064 -0.3618964
v 0.2752 -0.8761482 -0.3400837
v 0.3168298 -0.8770333 -0.3034189
v 0.347498 -0.8714489 -0.2595558
v 0.3773534 -0.8853722 -0.2165895
v 0.3989018 -0.896655 -0.167883
v 0.4038179 -0.8858666 -0.1121775
v 0.3999466 -0.868337 -0.05545315
v 0.396078 -0.8591477 7.349606e-08
v 0.3055985 -0.9052732 0
v 0.3034054 -0.8965634 0.04178433
v 0.2979059 -0.8873497 0.08200225
v 0.288585 -0.8789043 0.1200925
v 0.2745474 -0.8718288 0.1556453
v 0.255019 -0.8665424 0.1883526
v 0.2296774 -0.8634327 0.2179959
v 0.1987926 -0.8628052 0.2444073
v 0.1631924 -0.8647169 0.2673864
v 0.1240813 -0.8686101 0.2865332
v 0.08284006 -0.8728409 0.3010326
v 0.04096704 -0.8749531 0.3097334
v -1.338769e-08 -0.8738276 0.3120042
v -0.03908717 -0.8724141 0.3088346
v -0.07669847 -0.8762251 0.3021998
v -0.1140464 -0.8864224 0.292409
v -0.1513077 -0.8969187 0.2773438
v -0.1875741 -0.902447 0.2556366
v -0.2226903 -0.905601 0.2286423
v -0.2567421 -0.9104236 0.1978906
v -0.2875924 -0.9140159 0.1631768
v -0.3114742 -0.910493 0.1244087
v -0.3260773 -0.8991898 0.08309639
v -0.3314626 -0.8845674 0.04122522
v -0.3285531 -0.8707898 -2.718145e-08
v -0.3181132 -0.8591387 -0.04004017
v -0.3010101 -0.849201 -0.07847691
v -0.2786236 -0.8405584 -0.114853
v -0.2527243 -0.833347 -0.1487752
v -0.2250079 -0.8280461 -0.1799851
v -0.1966469 -0.8251423 -0.2083285
v -0.1680608 -0.8249546 -0.2336853
v -0.1389477 -0.8276853 -0.2559355
v -0.1085071 -0.8336021 -0.274985
v -0.07571598 -0.8429005 -0.2907066
v -0.03964088 -0.8546475 -0.3025453
v 3.753295e-09 -0.8654568 -0.3090154
v 0.04215388 -0.8707669 -0.3082515
v 0.08466874 -0.8699344 -0.3000302
v 0.1258023 -0.8689239 -0.2866367
v 0.1647893 -0.8736618 -0.2701523
v 0.2002769 -0.8819154 -0.2498206
v 0.2300447 -0.8875806 -0.2240925
v 0.2534837 -0.8907726 -0.1936193
v 0.2722114 -0.8963672 -0.160026
v 0.2873518 -0.9048161 -0.1236331
v 0.298253 -0.9110492 -0.08419231
v 0.3041853 -0.911048 -0.04245924
v 0.3055984 -0.9052731 5.651568e-08
v 0.2018193 -0.9037209 0
v 0.2034196 -0.9013901 0.02748169
v 0.20213 -0.8986835 0.05432953
v 0.1971764 -0.8958789 0.08007961
v 0.187888 -0.893092 0.1043036
v 0.1739403 -0.890439 0.1266147
v 0.155492 -0.8881005 0.1466831
v 0.1331887 -0.8863279 0.1642457
v 0.108041 -0.8854046 0.179104
v 0.08120911 -0.8855228 0.1910944
v 0.0537653 -0.8865552 0.2000242
v 0.02652567 -0.887861 0.2056111
v -8.706376e-09 -0.8884628 0.2075259
v -0.02559892 -0.8878391 0.205606
v -0.05039379 -0.8869147 0.2001053
v -0.07488342 -0.8880906 0.1916486
v -0.09972374 -0.8935664 0.180755
v -0.1251411 -0.9030674 0.1673477
v -0.1503908 -0.9133443 0.1508525
v -0.1738494 -0.9203247 0.1308643
v -0.1937227 -0.9219364 0.1076723
v -0.2087175 -0.918983 0.08214477
v -0.2181927 -0.9137489 0.05524027
v -0.2219654 -0.9081381 0.0276874
v -0.2201718 -0.9029138 -1.843758e-08
v -0.2132952 -0.8980501 -0.02737987
v -0.2021934 -0.8933746 -0.05400864
v -0.1879786 -0.8889117 -0.07945682
v -0.1717683 -0.8848762 -0.103344
v -0.1544209 -0.8815144 -0.1253457
v -0.136365 -0.8789627 -0.1451739
v -0.1175749 -0.8772079 -0.1625557
v -0.09769154 -0.8761662 -0.1772352
v -0.07623392 -0.8758488 -0.1890068
v -0.05281867 -0.8764872 -0.1977527
v -0.02732408 -0.8783948 -0.2034189
v 2.554734e-09 -0.8814524 -0.2058884
v 0.02843803 -0.8845521 -0.2048448
v 0.05677508 -0.885801 -0.199854
v 0.08351142 -0.8839279 -0.1907502
v 0.1074017 -0.8799304 -0.1779967
v 0.1279789 -0.8770404 -0.1625246
v 0.1455445 -0.8784118 -0.1450828
v 0.1606082 -0.8845262 -0.125774
v 0.1733884 -0.8928851 -0.1042794
v 0.1838382 -0.9001018 -0.08045708
v 0.191963 -0.9041597 -0.05466055
v 0.1979244 -0.9050121 -0.02759203
v 0.2018193 -0.9037209 3.690812e-08
v 0.100046 -0.888291 0
v 0.1018425 -0.8907892 0.01342924
v 0.1017369 -0.8924578 0.02667859
v 0.09931726 -0.8933661 0.03948645
v 0.09434839 -0.8936394 0.05160732
v 0.08683752 -0.893398 0.06281611
v 0.07704905 -0.8927218 0.07290883
v 0.06546206 -0.8916413 0.08170258
v 0.05268145 -0.8901532 0.0890378
v 0.03932374 -0.8882633 0.09478422
v 0.02590533 -0.8860502 0.098851
v 0.01275941 -0.8837361 0.1011976
v -4.201092e-09 -0.8817315 0.1018393
v -0.01245745 -0.8806092 0.1008395
v -0.02482007 -0.8809806 0.09828541
v -0.03730012 -0.8832895 0.09425348
v -0.0499831 -0.8876003 0.08878243
v -0.06272236 -0.8934861 0.08187162
v -0.07510049 -0.9000975 0.07351121
v -0.08647991 -0.9063991 0.06373022
v -0.09613223 -0.9114735 0.05263723
v -0.1034038 -0.9147589 0.04043199
v -0.1078627 -0.9161318 0.02738627
v -0.1093838 -0.9158357 0.01380683
v -0.1081544 -0.914322 -9.232147e-09
v -0.1046071 -0.9120896 -0.01375037
v -0.09930468 -0.9095766 -0.02719036
v -0.09280698 -0.907112 -0.04009401
v -0.08555278 -0.9049183 -0.05225866
v -0.07778126 -0.9031293 -0.06350036
v -0.06951071 -0.9018085 -0.07365095
v -0.06057774 -0.9009513 -0.08255567
v -0.0507265 -0.9004733 -0.09007006
v -0.03972514 -0.9001885 -0.09605674
v -0.02747972 -0.8997979 -0.1003847
v -0.01411516 -0.8989114 -0.1029353
v 1.303949e-09 -0.8971269 -0.1036174
v 0.01429852 -0.8941661 -0.1023919
v 0.02812151 -0.8900308 -0.09929507
v 0.04086228 -0.885105 -0.09444719
v 0.05210241 -0.8801265 -0.08803488
v 0.06169282 -0.8760004 -0.08026937
v 0.0697508 -0.8735133 -0.07134004
v 0.07657614 -0.8730733 -0.06138705
v 0.0825197 -0.8745949 -0.05050748
v 0.08785105 -0.877572 -0.03878836
v 0.09266367 -0.8812843 -0.02634455
v 0.09683537 -0.8850303 -0.01334238
v 0.100046 -0.888291 1.793861e-08
v -8.476822e-08 -0.8823681 0
v -8.603316e-08 -0.8823681 -1.106447e-08
v -8.546247e-08 -0.8823681 -2.193963e-08
v -8.279282e-08 -0.8823681 -3.24394e-08
v -7.795405e-08 -0.8823681 -4.238411e-08
v -7.10958e-08 -0.8823681 -5.160362e-08
v -6.256286e-08 -0.8823681 -5.994018e-08
v -5.282559e-08 -0.8823681 -6.725114e-08
v -4.23841e-08 -0.8823681 -7.341143e-08
v -3.167122e-08 -0.8823681 -7.831561e-08
v -2.097966e-08 -0.8823681 -8.18798e-08
v -1.043193e-08 -0.8823681 -8.404301e-08
v 3.476054e-15 -0.8823681 -8.476821e-08
v 1.043194e-08 -0.8823681 -8.4043e-08
v 2.097966e-08 -0.8823681 -8.18798e-08
v 3.167123e-08 -0.8823681 -7.831561e-08
v 4.238411e-08 -0.8823681 -7.341143e-08
v 5.28256e-08 -0.8823681 -6.725114e-08
v 6.256286e-08 -0.8823681 -5.994018e-08
v 7.109582e-08 -0.8823681 -5.16036e-08
v 7.795405e-08 -0.8823681 -4.238411e-08
v 8.279282e-08 -0.8823681 -3.243937e-08
v 8.546246e-08 -0.8823681 -2.193962e-08
v 8.603315e-08 -0.8823681 -1.106446e-08
v 8.47682e-08 -0.8823681 7.410673e-15
v 8.205286e-08 -0.8823681 1.106448e-08
v 7.829715e-08 -0.8823681 2.193965e-08
v 7.383841e-08 -0.8823681 3.243939e-08
v 6.886881e-08 -0.8823681 4.23841e-08
v 6.340647e-08 -0.8823681 5.160363e-08
v 5.731748e-08 -0.8823681 5.994018e-08
v 5.038165e-08 -0.8823681 6.725114e-08
v 4.23841e-08 -0.8823681 7.341143e-08
v 3.320753e-08 -0.8823681 7.831562e-08
v 2.289959e-08 -0.8823681 8.18798e-08
v 1.169699e-08 -0.8823681 8.404301e-08
v -1.073401e-15 -0.8823681 8.476821e-08
v -1.169703e-08 -0.8823681 8.4043e-08
v -2.289963e-08 -0.8823681 8.187979e-08
v -3.320757e-08 -0.8823681 7.831561e-08
v -4.23841e-08 -0.8823681 7.341143e-08
v -5.038165e-08 -0.8823681 6.725114e-08
v -5.731751e-08 -0.8823681 5.994016e-08
v -6.34065e-08 -0.8823681 5.160361e-08
v -6.886882e-08 -0.8823681 4.238409e-08
v -7.383843e-08 -0.8823681 3.243939e-08
v -7.829717e-08 -0.8823681 2.193961e-08
v -8.205287e-08 -0.8823681 1.106444e-08
v -8.476822e-08 -0.8823681 -1.482135e-14
vt 0 0
vt 0.02083333 0
vt 0.04166667 0
vt 0.0625 0
vt 0.08333334 0
vt 0.1041667 0
vt 0.125 0
vt 0.1458333 0
vt 0.1666667 0
vt 0.1875 0
vt 0.2083333 0
vt 0.2291667 0
vt 0.25 0
vt 0.2708333 0
vt 0.2916667 0
vt 0.3125 0
vt 0.3333333 0
vt 0.3541667 0
vt 0.375 0
vt 0.3958333 0
vt 0.4166667 0
vt 0.4375 0
vt 0.4583333 0
vt 0.4791667 0
vt 0.5 0
vt 0.5208333 0
vt 0.5416667 0
vt 0.5625 0
vt 0.5833333 0
vt 0.6041667 0
vt 0.625 0
vt 0.6458333 0
vt 0.6666667 0
vt 0.6875 0
vt 0.7083333 0
vt 0.7291667 0
vt 0.75 0
vt 0.7708333 0
vt 0.7916667 0
vt 0.8125 0
vt 0.8333333 0
vt 0.8541667 0
vt 0.875 0
vt 0.8958333 0
vt 0.9166667 0
vt 0.9375 0
vt 0.9583333 0
vt 0.9791667 0
vt 1 0
vt 0 0.03333334
vt 0.02083333 0.03333334
vt 0.04166667 0.03333334
vt 0.0625 0.03333334
vt 0.08333334 0.03333334
vt 0.1041667 0.03333334
vt 0.125 0.03333334
vt 0.1458333 0.03333334
vt 0.1666667 0.03333334
vt 0.1875 0.03333334
vt 0.2083333 0.03333334
vt 0.2291667 0.03333334
vt 0.25 0.03333334
vt 0.2708333 0.03333334
vt 0.2916667 0.03333334
vt 0.3125 0.03333334
vt 0.3333333 0.03333334
vt 0.3541667 0.03333334
vt 0.375 0.03333334
vt 0.3958333 0.03333334
vt 0.4166667 0.03333334
vt 0.4375 0.03333334
vt 0.4583333 0.03333334
vt 0.4791667 0.03333334
vt 0.5 0.03333334
vt 0.5208333 0.03333334
vt 0.5416667 0.03333334
vt 0.5625 0.03333334
vt 0.5833333 0.03333334
vt 0.6041667 0.03333334
vt 0.625 0.03333334
vt 0.6458333 0.03333334
vt 0.6666667 0.03333334
vt 0.6875 0.03333334
vt 0.7083333 0.03333334
vt 0.7291667 0.03333334
vt 0.75 0.03333334
vt 0.7708333 0.03333334
vt 0.7916667 0.03333334
vt 0.8125 0.03333334
vt 0.8333333 0.03333334
vt 0.8541667 0.03333334
vt 0.875 0.03333334
vt 0.8958333 0.03333334
vt 0.9166667 0.03333334
vt 0.9375 0.03333334
vt 0.9583333 0.03333334
vt 0.9791667 0.03333334
vt 1 0.03333334
vt 0 0.06666667
vt 0.02083333 0.06666667
vt 0.04166667 0.06666667
vt 0.0625 0.06666667
vt 0.08333334 0.06666667
vt 0.1041667 0.06666667
vt 0.125 0.06666667
vt 0.1458333 0.06666667
vt 0.1666667 0.06666667
vt 0.1875 0.06666667
vt 0.2083333 0.06666667
vt 0.2291667 0.06666667
vt 0.25 0.06666667
vt 0.2708333 0.06666667
vt 0.2916667 0.06666667
vt 0.3125 0.06666667
vt 0.3333333 0.06666667
vt 0.3541667 0.06666667
vt 0.375 0.06666667
vt 0.3958333 0.06666667
vt 0.4166667 0.06666667
vt 0.4375 0.06666667
vt 0.4583333 0.06666667
vt 0.4791667 0.06666667
vt 0.5 0.06666667
vt 0.5208333 0.06666667
vt 0.5416667 0.06666667
vt 0.5625 0.06666667
vt 0.5833333 0.06666667
vt 0.6041667 0.06666667
vt 0.625 0.06666667
vt 0.6458333 0.06666667
vt 0.6666667 0.06666667
vt 0.6875 0.06666667
vt 0.7083333 0.06666667
vt 0.7291667 0.06666667
vt 0.75 0.06666667
vt 0.7708333 0.06666667
vt 0.7916667 0.06666667
vt 0.8125 0.06666667
vt 0.8333333 0.06666667
vt 0.8541667 0.06666667
vt 0.875 0.06666667
vt 0.8958333 0.06666667
vt 0.9166667 0.06666667
vt 0.9375 0.06666667
vt 0.9583333 0.06666667
vt 0.9791667 0.06666667
vt 1 0.06666667
vt 0 0.1
vt 0.02083333 0.1
vt 0.04166667 0.1
vt 0.0625 0.1
vt 0.08333334 0.1
vt 0.1041667 0.1
vt 0.125 0.1
vt 0.1458333 0.1
vt 0.1666667 0.1
vt 0.1875 0.1
vt 0.2083333 0.1
vt 0.2291667 0.1
vt 0.25 0.1
vt 0.2708333 0.1
vt 0.2916667 0.1
vt 0.3125 0.1
vt 0.3333333 0.1
vt 0.3541667 0.1
vt 0.375 0.1
vt 0.3958333 0.1
vt 0.4166667 0.1
vt 0.4375 0.1
vt 0.4583333 0.1
vt 0.4791667 0.1
vt 0.5 0.1
vt 0.5208333 0.1
vt 0.5416667 0.1
vt 0.5625 0.1
vt 0.5833333 0.1
vt 0.6041667 0.1
vt 0.625 0.1
vt 0.6458333 0.1
vt 0.6666667 0.1
vt 0.6875 0.1
vt 0.7083333 0.1
vt 0.7291667 0.1
vt 0.75 0.1
vt 0.7708333 0.1
vt 0.7916667 0.1
vt 0.8125 0.1
vt 0.8333333 0.1
vt 0.8541667 0.1
vt 0.875 0.1
vt 0.8958333 0.1
vt 0.9166667 0.1
vt 0.9375 0.1
vt 0.9583333 0.1
vt 0.9791667 0.1
vt 1 0.1
vt 0 0.1333333
vt 0.02083333 0.1333333
vt 0.04166667 0.1333333
vt 0.0625 0.1333333
vt 0.08333334 0.1333333
vt 0.1041667 0.1333333
vt 0.125 0.1333333
vt 0.1458333 0.1333333
vt 0.1666667 0.1333333
vt 0.1875 0.1333333
vt 0.2083333 0.1333333
vt 0.2291667 0.1333333
vt 0.25 0.1333333
vt 0.2708333 0.1333333
vt 0.2916667 0.1333333
vt 0.3125 0.1333333
vt 0.3333333 0.1333333
vt 0.3541667 0.1333333
vt 0.375 0.1333333
vt 0.3958333 0.1333333
vt 0.4166667 0.1333333
vt 0.4375 0.1333333
vt 0.4583333 0.1333333
vt 0.4791667 0.1333333
vt 0.5 0.1333333
vt 0.5208333 0.1333333
vt 0.5416667 0.1333333
vt 0.5625 0.1333333
vt 0.5833333 0.1333333
vt 0.6041667 0.1333333
vt 0.625 0.1333333
vt 0.6458333 0.1333333
vt 0.6666667 0.1333333
vt 0.6875 0.1333333
vt 0.7083333 0.1333333
vt 0.7291667 0.1333333
vt 0.75 0.1333333
vt 0.7708333 0.1333333
vt 0.7916667 0.1333333
vt 0.8125 0.1333333
vt 0.8333333 0.1333333
vt 0.8541667 0.1333333
vt 0.875 0.1333333
vt 0.8958333 0.1333333
vt 0.9166667 0.1333333
vt 0.9375 0.1333333
vt 0.9583333 0.1333333
vt 0.9791667 0.1333333
vt 1 0.1333333
vt 0 0.1666667
vt 0.02083333 0.1666667
vt 0.04166667 0.1666667
vt 0.0625 0.1666667
vt 0.08333334 0.1666667
vt 0.1041667 0.1666667
vt 0.125 0.1666667
vt 0.1458333 0.1666667
vt 0.1666667 0.1666667
vt 0.1875 0.1666667
vt 0.2083333 0.1666667
vt 0.2291667 0.1666667
vt 0.25 0.1666667
vt 0.2708333 0.1666667
vt 0.2916667 0.1666667
vt 0.3125 0.1666667
vt 0.3333333 0.1666667
vt 0.3541667 0.1666667
vt 0.375 0.1666667
vt 0.3958333 0.1666667
vt 0.4166667 0.1666667
vt 0.4375 0.1666667
vt 0.4583333 0.1666667
vt 0.4791667 0.1666667
vt 0.5 0.1666667
vt 0.5208333 0.1666667
vt 0.5416667 0.1666667
vt 0.5625 0.1666667
vt 0.5833333 0.1666667
vt 0.6041667 0.1666667
vt 0.625 0.1666667
vt 0.6458333 0.1666667
vt 0.6666667 0.1666667
vt 0.6875 0.1666667
vt 0.7083333 0.1666667
vt 0.7291667 0.1666667
vt 0.75 0.1666667
vt 0.7708333 0.1666667
vt 0.7916667 0.1666667
vt 0.8125 0.1666667
vt 0.8333333 0.1666667
vt 0.8541667 0.1666667
vt 0.875 0.1666667
vt 0.8958333 0.1666667
vt 0.9166667 0.1666667
vt 0.9375 0.1666667
vt 0.9583333 0.1666667
vt 0.9791667 0.1666667
vt 1 0.1666667
vt 0 0.2
vt 0.02083333 0.2
vt 0.04166667 0.2
vt 0.0625 0.2
vt 0.08333334 0.2
vt 0.1041667 0.2
vt 0.125 0.2
vt 0.1458333 0.2
vt 0.1666667 0.2
vt 0.1875 0.2
vt 0.2083333 0.2
vt 0.2291667 0.2
vt 0.25 0.2
vt 0.2708333 0.2
vt 0.2916667 0.2
vt 0.3125 0.2
vt 0.3333333 0.2
vt 0.3541667 0.2
vt 0.375 0.2
vt 0.3958333 0.2
vt 0.4166667 0.2
vt 0.4375 0.2
vt 0.4583333 0.2
vt 0.4791667 0.2
vt 0.5 0.2
vt 0.5208333 0.2
vt 0.5416667 0.2
vt 0.5625 0.2
vt 0.5833333 0.2
vt 0.6041667 0.2
vt 0.625 0.2
vt 0.6458333 0.2
vt 0.6666667 0.2
vt 0.6875 0.2
vt 0.7083333 0.2
vt 0.7291667 0.2
vt 0.75 0.2
vt 0.7708333 0.2
vt 0.7916667 0.2
vt 0.8125 0.2
vt 0.8333333 0.2
vt 0.8541667 0.2
vt 0.875 0.2
vt 0.8958333 0.2
vt 0.9166667 0.2
vt 0.9375 0.2
vt 0.9583333 0.2
vt 0.9791667 0.2
vt 1 0.2
vt 0 0.2333333
vt 0.02083333 0.2333333
vt 0.04166667 0.2333333
vt 0.0625 0.2333333
vt 0.08333334 0.2333333
vt 0.1041667 0.2333333
vt 0.125 0.2333333
vt 0.1458333 0.2333333
vt 0.1666667 0.2333333
vt 0.1875 0.2333333
vt 0.2083333 0.2333333
vt 0.2291667 0.2333333
vt 0.25 0.2333333
vt 0.2708333 0.2333333
vt 0.2916667 0.2333333
vt 0.3125 0.2333333
vt 0.3333333 0.2333333
vt 0.3541667 0.2333333
vt 0.375 0.2333333
vt 0.3958333 0.2333333
vt 0.4166667 0.2333333
vt 0.4375 0.2333333
vt 0.4583333 0.2333333
vt 0.4791667 0.2333333
vt 0.5 0.2333333
vt 0.5208333 0.2333333
vt 0.5416667 0.2333333
vt 0.5625 0.2333333
vt 0.5833333 0.2333333
vt 0.6041667 0.2333333
vt 0.625 0.2333333
vt 0.6458333 0.2333333
vt 0.6666667 0.2333333
vt 0.6875 0.2333333
vt 0.7083333 0.2333333
vt 0.7291667 0.2333333
vt 0.75 0.2333333
vt 0.7708333 0.2333333
vt 0.7916667 0.2333333
vt 0.8125 0.2333333
vt 0.8333333 0.2333333
vt 0.8541667 0.2333333
vt 0.875 0.2333333
vt 0.8958333 0.2333333
vt 0.9166667 0.2333333
vt 0.9375 0.2333333
vt 0.9583333 0.2333333
vt 0.9791667 0.2333333
vt 1 0.2333333
vt 0 0.2666667
vt 0.02083333 0.2666667
vt 0.04166667 0.2666667
vt 0.0625 0.2666667
vt 0.08333334 0.2666667
vt 0.1041667 0.2666667
vt 0.125 0.2666667
vt 0.1458333 0.2666667
vt 0.1666667 0.2666667
vt 0.1875 0.2666667
vt 0.2083333 0.2666667
vt 0.2291667 0.2666667
vt 0.25 0.2666667
vt 0.2708333 0.2666667
vt 0.2916667 0.2666667
vt 0.3125 0.2666667
vt 0.3333333 0.2666667
vt 0.3541667 0.2666667
vt 0.375 0.2666667
vt 0.3958333 0.2666667
vt 0.4166667 0.2666667
vt 0.4375 0.2666667
vt 0.4583333 0.2666667
vt 0.4791667 0.2666667
vt 0.5 0.2666667
vt 0.5208333 0.2666667
vt 0.5416667 0.2666667
vt 0.5625 0.2666667
vt 0.5833333 0.2666667
vt 0.6041667 0.2666667
vt 0.625 0.2666667
vt 0.6458333 0.2666667
vt 0.6666667 0.2666667
vt 0.6875 0.2666667
vt 0.7083333 0.2666667
vt 0.7291667 0.2666667
vt 0.75 0.2666667
vt 0.7708333 0.2666667
vt 0.7916667 0.2666667
vt 0.8125 0.2666667
vt 0.8333333 0.2666667
vt 0.8541667 0.2666667
vt 0.875 0.2666667
vt 0.8958333 0.2666667
vt 0.9166667 0.2666667
vt 0.9375 0.2666667
vt 0.9583333 0.2666667
vt 0.9791667 0.2666667
vt 1 0.2666667
vt 0 0.3
vt 0.02083333 0.3
vt 0.04166667 0.3
vt 0.0625 0.3
vt 0.08333334 0.3
vt 0.1041667 0.3
vt 0.125 0.3
vt 0.1458333 0.3
vt 0.1666667 0.3
vt 0.1875 0.3
vt 0.2083333 0.3
vt 0.2291667 0.3
vt 0.25 0.3
vt 0.2708333 0.3
vt 0.2916667 0.3
vt 0.3125 0.3
vt 0.3333333 0.3
vt 0.3541667 0.3
vt 0.375 0.3
vt 0.3958333 0.3
vt 0.4166667 0.3
vt 0.4375 0.3
vt 0.4583333 0.3
vt 0.4791667 0.3
vt 0.5 0.3
vt 0.5208333 0.3
vt 0.5416667 0.3
vt 0.5625 0.3
vt 0.5833333 0.3
vt 0.6041667 0.3
vt 0.625 0.3
vt 0.6458333 0.3
vt 0.6666667 0.3
vt 0.6875 0.3
vt 0.7083333 0.3
vt 0.7291667 0.3
vt 0.75 0.3
vt 0.7708333 0.3
vt 0.7916667 0.3
vt 0.8125 0.3
vt 0.8333333 0.3
vt 0.8541667 0.3
vt 0.875 0.3
vt 0.8958333 0.3
vt 0.9166667 0.3
vt 0.9375 0.3
vt 0.9583333 0.3
vt 0.9791667 0.3
vt 1 0.3
vt 0 0.3333333
vt 0.02083333 0.3333333
vt 0.04166667 0.3333333
vt 0.0625 0.3333333
vt 0.08333334 0.3333333
vt 0.1041667 0.3333333
vt 0.125 0.3333333
vt 0.1458333 0.3333333
vt 0.1666667 0.3333333
vt 0.1875 0.3333333
vt 0.2083333 0.3333333
vt 0.2291667 0.3333333
vt 0.25 0.3333333
vt 0.2708333 0.3333333
vt 0.2916667 0.3333333
vt 0.3125 0.3333333
vt 0.3333333 0.3333333
vt 0.3541667 0.3333333
vt 0.375 0.3333333
vt 0.3958333 0.3333333
vt 0.4166667 0.3333333
vt 0.4375 0.3333333
vt 0.4583333 0.3333333
vt 0.4791667 0.3333333
vt 0.5 0.3333333
vt 0.5208333 0.3333333
vt 0.5416667 0.3333333
vt 0.5625 0.3333333
vt 0.5833333 0.3333333
vt 0.6041667 0.3333333
vt 0.625 0.3333333
vt 0.6458333 0.3333333
vt 0.6666667 0.3333333
vt 0.6875 0.3333333
vt 0.7083333 0.3333333
vt 0.7291667 0.3333333
vt 0.75 0.3333333
vt 0.7708333 0.3333333
vt 0.7916667 0.3333333
vt 0.8125 0.3333333
vt 0.8333333 0.3333333
vt 0.8541667 0.3333333
vt 0.875 0.3333333
vt 0.8958333 0.3333333
vt 0.9166667 0.3333333
vt 0.9375 0.3333333
vt 0.9583333 0.3333333
vt 0.9791667 0.3333333
vt 1 0.3333333
vt 0 0.3666667
vt 0.02083333 0.3666667
vt 0.04166667 0.3666667
vt 0.0625 0.3666667
vt 0.08333334 0.3666667
vt 0.1041667 0.3666667
vt 0.125 0.3666667
vt 0.1458333 0.3666667
vt 0.1666667 0.3666667
vt 0.1875 0.3666667
vt 0.2083333 0.3666667
vt 0.2291667 0.3666667
vt 0.25 0.3666667
vt 0.2708333 0.3666667
vt 0.2916667 0.3666667
vt 0.3125 0.3666667
vt 0.3333333 0.3666667
vt 0.3541667 0.3666667
vt 0.375 0.3666667
vt 0.3958333 0.3666667
vt 0.4166667 0.3666667
vt 0.4375 0.3666667
vt 0.4583333 0.3666667
vt 0.4791667 0.3666667
vt 0.5 0.3666667
vt 0.5208333 0.3666667
vt 0.5416667 0.3666667
vt 0.5625 0.3666667
vt 0.5833333 0.3666667
vt 0.6041667 0.3666667
vt 0.625 0.3666667
vt 0.6458333 0.3666667
vt 0.6666667 0.3666667
vt 0.6875 0.3666667
vt 0.7083333 0.3666667
vt 0.7291667 0.3666667
vt 0.75 0.3666667
vt 0.7708333 0.3666667
vt 0.7916667 0.3666667
vt 0.8125 0.3666667
vt 0.8333333 0.3666667
vt 0.8541667 0.3666667
vt 0.875 0.3666667
vt 0.8958333 0.3666667
vt 0.9166667 0.3666667
vt 0.9375 0.3666667
vt 0.9583333 0.3666667
vt 0.9791667 0.3666667
vt 1 0.3666667
vt 0 0.4
vt 0.02083333 0.4
vt 0.04166667 0.4
vt 0.0625 0.4
vt 0.08333334 0.4
vt 0.1041667 0.4
vt 0.125 0.4
vt 0.1458333 0.4
vt 0.1666667 0.4
vt 0.1875 0.4
vt 0.2083333 0.4
vt 0.2291667 0.4
vt 0.25 0.4
vt 0.2708333 0.4
vt 0.2916667 0.4
vt 0.3125 0.4
vt 0.3333333 0.4
vt 0.3541667 0.4
vt 0.375 0.4
vt 0.3958333 0.4
vt 0.4166667 0.4
vt 0.4375 0.4
vt 0.4583333 0.4
vt 0.4791667 0.4
vt 0.5 0.4
vt 0.5208333 0.4
vt 0.5416667 0.4
vt 0.5625 0.4
vt 0.5833333 0.4
vt 0.6041667 0.4
vt 0.625 0.4
vt 0.6458333 0.4
vt 0.6666667 0.4
vt 0.6875 0.4
vt 0.7083333 0.4
vt 0.7291667 0.4
vt 0.75 0.4
vt 0.7708333 0.4
vt 0.7916667 0.4
vt 0.8125 0.4
vt 0.8333333 0.4
vt 0.8541667 0.4
vt 0.875 0.4
vt 0.8958333 0.4
vt 0.9166667 0.4
vt 0.9375 0.4
vt 0.9583333 0.4
vt 0.9791667 0.4
vt 1 0.4
vt 0 0.4333333
vt 0.02083333 0.4333333
vt 0.04166667 0.4333333
vt 0.0625 0.4333333
vt 0.08333334 0.4333333
vt 0.1041667 0.4333333
vt 0.125 0.4333333
vt 0.1458333 0.4333333
vt 0.1666667 0.4333333
vt 0.1875 0.4333333
vt 0.2083333 0.4333333
vt 0.2291667 0.4333333
vt 0.25 0.4333333
vt 0.2708333 0.4333333
vt 0.2916667 0.4333333
vt 0.3125 0.4333333
vt 0.3333333 0.4333333
vt 0.3541667 0.4333333
vt 0.375 0.4333333
vt 0.3958333 0.4333333
vt 0.4166667 0.4333333
vt 0.4375 0.4333333
vt 0.4583333 0.4333333
vt 0.4791667 0.4333333
vt 0.5 0.4333333
vt 0.5208333 0.4333333
vt 0.5416667 0.4333333
vt 0.5625 0.4333333
vt 0.5833333 0.4333333
vt 0.6041667 0.4333333
vt 0.625 0.4333333
vt 0.6458333 0.4333333
vt 0.6666667 0.4333333
vt 0.6875 0.4333333
vt 0.7083333 0.4333333
vt 0.7291667 0.4333333
vt 0.75 0.4333333
vt 0.7708333 0.4333333
vt 0.7916667 0.4333333
vt 0.8125 0.4333333
vt 0.8333333 0.4333333
vt 0.8541667 0.4333333
vt 0.875 0.4333333
vt 0.8958333 0.4333333
vt 0.9166667 0.4333333
vt 0.9375 0.4333333
vt 0.9583333 0.4333333
vt 0.9791667 0.4333333
vt 1 0.4333333
vt 0 0.4666667
vt 0.02083333 0.4666667
vt 0.04166667 0.4666667
vt 0.0625 0.4666667
vt 0.08333334 0.4666667
vt 0.1041667 0.4666667
vt 0.125 0.4666667
vt 0.1458333 0.4666667
vt 0.1666667 0.4666667
vt 0.1875 0.4666667
vt 0.2083333 0.4666667
vt 0.2291667 0.4666667
vt 0.25 0.4666667
vt 0.2708333 0.4666667
vt 0.2916667 0.4666667
vt 0.3125 0.4666667
vt 0.3333333 0.4666667
vt 0.3541667 0.4666667
vt 0.375 0.4666667
vt 0.3958333 0.4666667
vt 0.4166667 0.4666667
vt 0.4375 0.4666667
vt 0.4583333 0.4666667
vt 0.4791667 0.4666667
vt 0.5 0.4666667
vt 0.5208333 0.4666667
vt 0.5416667 0.4666667
vt 0.5625 0.4666667
vt 0.5833333 0.4666667
vt 0.6041667 0.4666667
vt 0.625 0.4666667
vt 0.6458333 0.4666667
vt 0.6666667 0.4666667
vt 0.6875 0.4666667
vt 0.7083333 0.4666667
vt 0.7291667 0.4666667
vt 0.75 0.4666667
vt 0.7708333 0.4666667
vt 0.7916667 0.4666667
vt 0.8125 0.4666667
vt 0.8333333 0.4666667
vt 0.8541667 0.4666667
vt 0.875 0.4666667
vt 0.8958333 0.4666667
vt 0.9166667 0.4666667
vt 0.9375 0.4666667
vt 0.9583333 0.4666667
vt 0.9791667 0.4666667
vt 1 0.4666667
vt 0 0.5
vt 0.02083333 0.5
vt 0.04166667 0.5
vt 0.0625 0.5
vt 0.08333334 0.5
vt 0.1041667 0.5
vt 0.125 0.5
vt 0.1458333 0.5
vt 0.1666667 0.5
vt 0.1875 0.5
vt 0.2083333 0.5
vt 0.2291667 0.5
vt 0.25 0.5
vt 0.2708333 0.5
vt 0.2916667 0.5
vt 0.3125 0.5
vt 0.3333333 0.5
vt 0.3541667 0.5
vt 0.375 0.5
vt 0.3958333 0.5
vt 0.4166667 0.5
vt 0.4375 0.5
vt 0.4583333 0.5
vt 0.4791667 0.5
vt 0.5 0.5
vt 0.5208333 0.5
vt 0.5416667 0.5
vt 0.5625 0.5
vt 0.5833333 0.5
vt 0.6041667 0.5
vt 0.625 0.5
vt 0.6458333 0.5
vt 0.6666667 0.5
vt 0.6875 0.5
vt 0.7083333 0.5
vt 0.7291667 0.5
vt 0.75 0.5
vt 0.7708333 0.5
vt 0.7916667 0.5
vt 0.8125 0.5
vt 0.8333333 0.5
vt 0.8541667 0.5
vt 0.875 0.5
vt 0.8958333 0.5
vt 0.9166667 0.5
vt 0.9375 0.5
vt 0.9583333 0.5
vt 0.9791667 0.5
vt 1 0.5
vt 0 0.5333334
vt 0.02083333 0.5333334
vt 0.04166667 0.5333334
vt 0.0625 0.5333334
vt 0.08333334 0.5333334
vt 0.1041667 0.5333334
vt 0.125 0.5333334
vt 0.1458333 0.5333334
vt 0.1666667 0.5333334
vt 0.1875 0.5333334
vt 0.2083333 0.5333334
vt 0.2291667 0.5333334
vt 0.25 0.5333334
vt 0.2708333 0.5333334
vt 0.2916667 0.5333334
vt 0.3125 0.5333334
vt 0.3333333 0.5333334
vt 0.3541667 0.5333334
vt 0.375 0.5333334
vt 0.3958333 0.5333334
vt 0.4166667 0.5333334
vt 0.4375 0.5333334
vt 0.4583333 0.5333334
vt 0.4791667 0.5333334
vt 0.5 0.5333334
vt 0.5208333 0.5333334
vt 0.5416667 0.5333334
vt 0.5625 0.5333334
vt 0.5833333 0.5333334
vt 0.6041667 0.5333334
vt 0.625 0.5333334
vt 0.6458333 0.5333334
vt 0.6666667 0.5333334
vt 0.6875 0.5333334
vt 0.7083333 0.5333334
vt 0.7291667 0.5333334
vt 0.75 0.5333334
vt 0.7708333 0.5333334
vt 0.7916667 0.5333334
vt 0.8125 0.5333334
vt 0.8333333 0.5333334
vt 0.8541667 0.5333334
vt 0.875 0.5333334
vt 0.8958333 0.5333334
vt 0.9166667 0.5333334
vt 0.9375 0.5333334
vt 0.9583333 0.5333334
vt 0.9791667 0.5333334
vt 1 0.5333334
vt 0 0.5666667
vt 0.02083333 0.5666667
vt 0.04166667 0.5666667
vt 0.0625 0.5666667
vt 0.08333334 0.5666667
vt 0.1041667 0.5666667
vt 0.125 0.5666667
vt 0.1458333 0.5666667
vt 0.1666667 0.5666667
vt 0.1875 0.5666667
vt 0.2083333 0.5666667
vt 0.2291667 0.5666667
vt 0.25 0.5666667
vt 0.2708333 0.5666667
vt 0.2916667 0.5666667
vt 0.3125 0.5666667
vt 0.3333333 0.5666667
vt 0.3541667 0.5666667
vt 0.375 0.5666667
vt 0.3958333 0.5666667
vt 0.4166667 0.5666667
vt 0.4375 0.5666667
vt 0.4583333 0.5666667
vt 0.4791667 0.5666667
vt 0.5 0.5666667
vt 0.5208333 0.5666667
vt 0.5416667 0.5666667
vt 0.5625 0.5666667
vt 0.5833333 0.5666667
vt 0.6041667 0.5666667
vt 0.625 0.5666667
vt 0.6458333 0.5666667
vt 0.6666667 0.5666667
vt 0.6875 0.5666667
vt 0.7083333 0.5666667
vt 0.7291667 0.5666667
vt 0.75 0.5666667
vt 0.7708333 0.5666667
vt 0.7916667 0.5666667
vt 0.8125 0.5666667
vt 0.8333333 0.5666667
vt 0.8541667 0.5666667
vt 0.875 0.5666667
vt 0.8958333 0.5666667
vt 0.9166667 0.5666667
vt 0.9375 0.5666667
vt 0.9583333 0.5666667
vt 0.9791667 0.5666667
vt 1 0.5666667
vt 0 0.6
vt 0.02083333 0.6
vt 0.04166667 0.6
vt 0.0625 0.6
vt 0.08333334 0.6
vt 0.1041667 0.6
vt 0.125 0.6
vt 0.1458333 0.6
vt 0.1666667 0.6
vt 0.1875 0.6
vt 0.2083333 0.6
vt 0.2291667 0.6
vt 0.25 0.6
vt 0.2708333 0.6
vt 0.2916667 0.6
vt 0.3125 0.6
vt 0.3333333 0.6
vt 0.3541667 0.6
vt 0.375 0.6
vt 0.3958333 0.6
vt 0.4166667 0.6
vt 0.4375 0.6
vt 0.4583333 0.6
vt 0.4791667 0.6
vt 0.5 0.6
vt 0.5208333 0.6
vt 0.5416667 0.6
vt 0.5625 0.6
vt 0.5833333 0.6
vt 0.6041667 0.6
vt 0.625 0.6
vt 0.6458333 0.6
vt 0.6666667 0.6
vt 0.6875 0.6
vt 0.7083333 0.6
vt 0.7291667 0.6
vt 0.75 0.6
vt 0.7708333 0.6
vt 0.7916667 0.6
vt 0.8125 0.6
vt 0.8333333 0.6
vt 0.8541667 0.6
vt 0.875 0.6
vt 0.8958333 0.6
vt 0.9166667 0.6
vt 0.9375 0.6
vt 0.9583333 0.6
vt 0.9791667 0.6
vt 1 0.6
vt 0 0.6333333
vt 0.02083333 0.6333333
vt 0.04166667 0.6333333
vt 0.0625 0.6333333
vt 0.08333334 0.6333333
vt 0.1041667 0.6333333
vt 0.125 0.6333333
vt 0.1458333 0.6333333
vt 0.1666667 0.6333333
vt 0.1875 0.6333333
vt 0.2083333 0.6333333
vt 0.2291667 0.6333333
vt 0.25 0.6333333
vt 0.2708333 0.6333333
vt 0.2916667 0.6333333
vt 0.3125 0.6333333
vt 0.3333333 0.6333333
vt 0.3541667 0.6333333
vt 0.375 0.6333333
vt 0.3958333 0.6333333
vt 0.4166667 0.6333333
vt 0.4375 0.6333333
vt 0.4583333 0.6333333
vt 0.4791667 0.6333333
vt 0.5 0.6333333
vt 0.5208333 0.6333333
vt 0.5416667 0.6333333
vt 0.5625 0.6333333
vt 0.5833333 0.6333333
vt 0.6041667 0.6333333
vt 0.625 0.6333333
vt 0.6458333 0.6333333
vt 0.6666667 0.6333333
vt 0.6875 0.6333333
vt 0.7083333 0.6333333
vt 0.7291667 0.6333333
vt 0.75 0.6333333
vt 0.7708333 0.6333333
vt 0.7916667 0.6333333
vt 0.8125 0.6333333
vt 0.8333333 0.6333333
vt 0.8541667 0.6333333
vt 0.875 0.6333333
vt 0.8958333 0.6333333
vt 0.9166667 0.6333333
vt 0.9375 0.6333333
vt 0.9583333 0.6333333
vt 0.9791667 0.6333333
vt 1 0.6333333
vt 0 0.6666667
vt 0.02083333 0.6666667
vt 0.04166667 0.6666667
vt 0.0625 0.6666667
vt 0.08333334 0.6666667
vt 0.1041667 0.6666667
vt 0.125 0.6666667
vt 0.1458333 0.6666667
vt 0.1666667 0.6666667
vt 0.1875 0.6666667
vt 0.2083333 0.6666667
vt 0.2291667 0.6666667
vt 0.25 0.6666667
vt 0.2708333 0.6666667
vt 0.2916667 0.6666667
vt 0.3125 0.6666667
vt 0.3333333 0.6666667
vt 0.3541667 0.6666667
vt 0.375 0.6666667
vt 0.3958333 0.6666667
vt 0.4166667 0.6666667
vt 0.4375 0.6666667
vt 0.4583333 0.6666667
vt 0.4791667 0.6666667
vt 0.5 0.6666667
vt 0.5208333 0.6666667
vt 0.5416667 0.6666667
vt 0.5625 0.6666667
vt 0.5833333 0.6666667
vt 0.6041667 0.6666667
vt 0.625 0.6666667
vt 0.6458333 0.6666667
vt 0.6666667 0.6666667
vt 0.6875 0.6666667
vt 0.7083333 0.6666667
vt 0.7291667 0.6666667
vt 0.75 0.6666667
vt 0.7708333 0.6666667
vt 0.7916667 0.6666667
vt 0.8125 0.6666667
vt 0.8333333 0.6666667
vt 0.8541667 0.6666667
vt 0.875 0.6666667
vt 0.8958333 0.6666667
vt 0.9166667 0.6666667
vt 0.9375 0.6666667
vt 0.9583333 0.6666667
vt 0.9791667 0.6666667
vt 1 0.6666667
vt 0 0.7
vt 0.02083333 0.7
vt 0.04166667 0.7
vt 0.0625 0.7
vt 0.08333334 0.7
vt 0.1041667 0.7
vt 0.125 0.7
vt 0.1458333 0.7
vt 0.1666667 0.7
vt 0.1875 0.7
vt 0.2083333 0.7
vt 0.2291667 0.7
vt 0.25 0.7
vt 0.2708333 0.7
vt 0.2916667 0.7
vt 0.3125 0.7
vt 0.3333333 0.7
vt 0.3541667 0.7
vt 0.375 0.7
vt 0.3958333 0.7
vt 0.4166667 0.7
vt 0.4375 0.7
vt 0.4583333 0.7
vt 0.4791667 0.7
vt 0.5 0.7
vt 0.5208333 0.7
vt 0.5416667 0.7
vt 0.5625 0.7
vt 0.5833333 0.7
vt 0.6041667 0.7
vt 0.625 0.7
vt 0.6458333 0.7
vt 0.6666667 0.7
vt 0.6875 0.7
vt 0.7083333 0.7
vt 0.7291667 0.7
vt 0.75 0.7
vt 0.7708333 0.7
vt 0.7916667 0.7
vt 0.8125 0.7
vt 0.8333333 0.7
vt 0.8541667 0.7
vt 0.875 0.7
vt 0.8958333 0.7
vt 0.9166667 0.7
vt 0.9375 0.7
vt 0.9583333 0.7
vt 0.9791667 0.7
vt 1 0.7
vt 0 0.7333333
vt 0.02083333 0.7333333
vt 0.04166667 0.7333333
vt 0.0625 0.7333333
vt 0.08333334 0.7333333
vt 0.1041667 0.7333333
vt 0.125 0.7333333
vt 0.1458333 0.7333333
vt 0.1666667 0.7333333
vt 0.1875 0.7333333
vt 0.2083333 0.7333333
vt 0.2291667 0.7333333
vt 0.25 0.7333333
vt 0.2708333 0.7333333
vt 0.2916667 0.7333333
vt 0.3125 0.7333333
vt 0.3333333 0.7333333
vt 0.3541667 0.7333333
vt 0.375 0.7333333
vt 0.3958333 0.7333333
vt 0.4166667 0.7333333
vt 0.4375 0.7333333
vt 0.4583333 0.7333333
vt 0.4791667 0.7333333
vt 0.5 0.7333333
vt 0.5208333 0.7333333
vt 0.5416667 0.7333333
vt 0.5625 0.7333333
vt 0.5833333 0.7333333
vt 0.6041667 0.7333333
vt 0.625 0.7333333
vt 0.6458333 0.7333333
vt 0.6666667 0.7333333
vt 0.6875 0.7333333
vt 0.7083333 0.7333333
vt 0.7291667 0.7333333
vt 0.75 0.7333333
vt 0.7708333 0.7333333
vt 0.7916667 0.7333333
vt 0.8125 0.7333333
vt 0.8333333 0.7333333
vt 0.8541667 0.7333333
vt 0.875 0.7333333
vt 0.8958333 0.7333333
vt 0.9166667 0.7333333
vt 0.9375 0.7333333
vt 0.9583333 0.7333333
vt 0.9791667 0.7333333
vt 1 0.7333333
vt 0 0.7666667
vt 0.02083333 0.7666667
vt 0.04166667 0.7666667
vt 0.0625 0.7666667
vt 0.08333334 0.7666667
vt 0.1041667 0.7666667
vt 0.125 0.7666667
vt 0.1458333 0.7666667
vt 0.1666667 0.7666667
vt 0.1875 0.7666667
vt 0.2083333 0.7666667
vt 0.2291667 0.7666667
vt 0.25 0.7666667
vt 0.2708333 0.7666667
vt 0.2916667 0.7666667
vt 0.3125 0.7666667
vt 0.3333333 0.7666667
vt 0.3541667 0.7666667
vt 0.375 0.7666667
vt 0.3958333 0.7666667
vt 0.4166667 0.7666667
vt 0.4375 0.7666667
vt 0.4583333 0.7666667
vt 0.4791667 0.7666667
vt 0.5 0.7666667
vt 0.5208333 0.7666667
vt 0.5416667 0.7666667
vt 0.5625 0.7666667
vt 0.5833333 0.7666667
vt 0.6041667 0.7666667
vt 0.625 0.7666667
vt 0.6458333 0.7666667
vt 0.6666667 0.7666667
vt 0.6875 0.7666667
vt 0.7083333 0.7666667
vt 0.7291667 0.7666667
vt 0.75 0.7666667
vt 0.7708333 0.7666667
vt 0.7916667 0.7666667
vt 0.8125 0.7666667
vt 0.8333333 0.7666667
vt 0.8541667 0.7666667
vt 0.875 0.7666667
vt 0.8958333 0.7666667
vt 0.9166667 0.7666667
vt 0.9375 0.7666667
vt 0.9583333 0.7666667
vt 0.9791667 0.7666667
vt 1 0.7666667
vt 0 0.8
vt 0.02083333 0.8
vt 0.04166667 0.8
vt 0.0625 0.8
vt 0.08333334 0.8
vt 0.1041667 0.8
vt 0.125 0.8
vt 0.1458333 0.8
vt 0.1666667 0.8
vt 0.1875 0.8
vt 0.2083333 0.8
vt 0.2291667 0.8
vt 0.25 0.8
vt 0.2708333 0.8
vt 0.2916667 0.8
vt 0.3125 0.8
vt 0.3333333 0.8
vt 0.3541667 0.8
vt 0.375 0.8
vt 0.3958333 0.8
vt 0.4166667 0.8
vt 0.4375 0.8
vt 0.4583333 0.8
vt 0.4791667 0.8
vt 0.5 0.8
vt 0.5208333 0.8
vt 0.5416667 0.8
vt 0.5625 0.8
vt 0.5833333 0.8
vt 0.6041667 0.8
vt 0.625 0.8
vt 0.6458333 0.8
vt 0.6666667 0.8
vt 0.6875 0.8
vt 0.7083333 0.8
vt 0.7291667 0.8
vt 0.75 0.8
vt 0.7708333 0.8
vt 0.7916667 0.8
vt 0.8125 0.8
vt 0.8333333 0.8
vt 0.8541667 0.8
vt 0.875 0.8
vt 0.8958333 0.8
vt 0.9166667 0.8
vt 0.9375 0.8
vt 0.9583333 0.8
vt 0.9791667 0.8
vt 1 0.8
vt 0 0.8333333
vt 0.02083333 0.8333333
vt 0.04166667 0.8333333
vt 0.0625 0.8333333
vt 0.08333334 0.8333333
vt 0.1041667 0.8333333
vt 0.125 0.8333333
vt 0.1458333 0.8333333
vt 0.1666667 0.8333333
vt 0.1875 0.8333333
vt 0.2083333 0.8333333
vt 0.2291667 0.8333333
vt 0.25 0.8333333
vt 0.2708333 0.8333333
vt 0.2916667 0.8333333
vt 0.3125 0.8333333
vt 0.3333333 0.8333333
vt 0.3541667 0.8333333
vt 0.375 0.8333333
vt 0.3958333 0.8333333
vt 0.4166667 0.8333333
vt 0.4375 0.8333333
vt 0.4583333 0.8333333
vt 0.4791667 0.8333333
vt 0.5 0.8333333
vt 0.5208333 0.8333333
vt 0.5416667 0.8333333
vt 0.5625 0.8333333
vt 0.5833333 0.8333333
vt 0.6041667 0.8333333
vt 0.625 0.8333333
vt 0.6458333 0.8333333
vt 0.6666667 0.8333333
vt 0.6875 0.8333333
vt 0.7083333 0.8333333
vt 0.7291667 0.8333333
vt 0.75 0.8333333
vt 0.7708333 0.8333333
vt 0.7916667 0.8333333
vt 0.8125 0.8333333
vt 0.8333333 0.8333333
vt 0.8541667 0.8333333
vt 0.875 0.8333333
vt 0.8958333 0.8333333
vt 0.9166667 0.8333333
vt 0.9375 0.8333333
vt 0.9583333 0.8333333
vt 0.9791667 0.8333333
vt 1 0.8333333
vt 0 0.8666667
vt 0.02083333 0.8666667
vt 0.04166667 0.8666667
vt 0.0625 0.8666667
vt 0.08333334 0.8666667
vt 0.1041667 0.8666667
vt 0.125 0.8666667
vt 0.1458333 0.8666667
vt 0.1666667 0.8666667
vt 0.1875 0.8666667
vt 0.2083333 0.8666667
vt 0.2291667 0.8666667
vt 0.25 0.8666667
vt 0.2708333 0.8666667
vt 0.2916667 0.8666667
vt 0.3125 0.8666667
vt 0.3333333 0.8666667
vt 0.3541667 0.8666667
vt 0.375 0.8666667
vt 0.3958333 0.8666667
vt 0.4166667 0.8666667
vt 0.4375 0.8666667
vt 0.4583333 0.8666667
vt 0.4791667 0.8666667
vt 0.5 0.8666667
vt 0.5208333 0.8666667
vt 0.5416667 0.8666667
vt 0.5625 0.8666667
vt 0.5833333 0.8666667
vt 0.6041667 0.8666667
vt 0.625 0.8666667
vt 0.6458333 0.8666667
vt 0.6666667 0.8666667
vt 0.6875 0.8666667
vt 0.7083333 0.8666667
vt 0.7291667 0.8666667
vt 0.75 0.8666667
vt 0.7708333 0.8666667
vt 0.7916667 0.8666667
vt 0.8125 0.8666667
vt 0.8333333 0.8666667
vt 0.8541667 0.8666667
vt 0.875 0.8666667
vt 0.8958333 0.8666667
vt 0.9166667 0.8666667
vt 0.9375 0.8666667
vt 0.9583333 0.8666667
vt 0.9791667 0.8666667
vt 1 0.8666667
vt 0 0.9
vt 0.02083333 0.9
vt 0.04166667 0.9
vt 0.0625 0.9
vt 0.08333334 0.9
vt 0.1041667 0.9
vt 0.125 0.9
vt 0.1458333 0.9
vt 0.1666667 0.9
vt 0.1875 0.9
vt 0.2083333 0.9
vt 0.2291667 0.9
vt 0.25 0.9
vt 0.2708333 0.9
vt 0.2916667 0.9
vt 0.3125 0.9
vt 0.3333333 0.9
vt 0.3541667 0.9
vt 0.375 0.9
vt 0.3958333 0.9
vt 0.4166667 0.9
vt 0.4375 0.9
vt 0.4583333 0.9
vt 0.4791667 0.9
vt 0.5 0.9
vt 0.5208333 0.9
vt 0.5416667 0.9
vt 0.5625 0.9
vt 0.5833333 0.9
vt 0.6041667 0.9
vt 0.625 0.9
vt 0.6458333 0.9
vt 0.6666667 0.9
vt 0.6875 0.9
vt 0.7083333 0.9
vt 0.7291667 0.9
vt 0.75 0.9
vt 0.7708333 0.9
vt 0.7916667 0.9
vt 0.8125 0.9
vt 0.8333333 0.9
vt 0.8541667 0.9
vt 0.875 0.9
vt 0.8958333 0.9
vt 0.9166667 0.9
vt 0.9375 0.9
vt 0.9583333 0.9
vt 0.9791667 0.9
vt 1 0.9
vt 0 0.9333333
vt 0.02083333 0.9333333
vt 0.04166667 0.9333333
vt 0.0625 0.9333333
vt 0.08333334 0.9333333
vt 0.1041667 0.9333333
vt 0.125 0.9333333
vt 0.1458333 0.9333333
vt 0.1666667 0.9333333
vt 0.1875 0.9333333
vt 0.2083333 0.9333333
vt 0.2291667 0.9333333
vt 0.25 0.9333333
vt 0.2708333 0.9333333
vt 0.2916667 0.9333333
vt 0.3125 0.9333333
vt 0.3333333 0.9333333
vt 0.3541667 0.9333333
vt 0.375 0.9333333
vt 0.3958333 0.9333333
vt 0.4166667 0.9333333
vt 0.4375 0.9333333
vt 0.4583333 0.9333333
vt 0.4791667 0.9333333
vt 0.5 0.9333333
vt 0.5208333 0.9333333
vt 0.5416667 0.9333333
vt 0.5625 0.9333333
vt 0.5833333 0.9333333
vt 0.6041667 0.9333333
vt 0.625 0.9333333
vt 0.6458333 0.9333333
vt 0.6666667 0.9333333
vt 0.6875 0.9333333
vt 0.7083333 0.9333333
vt 0.7291667 0.9333333
vt 0.75 0.9333333
vt 0.7708333 0.9333333
vt 0.7916667 0.9333333
vt 0.8125 0.9333333
vt 0.8333333 0.9333333
vt 0.8541667 0.9333333
vt 0.875 0.9333333
vt 0.8958333 0.9333333
vt 0.9166667 0.9333333
vt 0.9375 0.9333333
vt 0.9583333 0.9333333
vt 0.9791667 0.9333333
vt 1 0.9333333
vt 0 0.9666666
vt 0.02083333 0.9666666
vt 0.04166667 0.9666666
vt 0.0625 0.9666666
vt 0.08333334 0.9666666
vt 0.1041667 0.9666666
vt 0.125 0.9666666
vt 0.1458333 0.9666666
vt 0.1666667 0.9666666
vt 0.1875 0.9666666
vt 0.2083333 0.9666666
vt 0.2291667 0.9666666
vt 0.25 0.9666666
vt 0.2708333 0.9666666
vt 0.2916667 0.9666666
vt 0.3125 0.9666666
vt 0.3333333 0.9666666
vt 0.3541667 0.9666666
vt 0.375 0.9666666
vt 0.3958333 0.9666666
vt 0.4166667 0.9666666
vt 0.4375 0.9666666
vt 0.4583333 0.9666666
vt 0.4791667 0.9666666
vt 0.5 0.9666666
vt 0.5208333 0.9666666
vt 0.5416667 0.9666666
vt 0.5625 0.9666666
vt 0.5833333 0.9666666
vt 0.6041667 0.9666666
vt 0.625 0.9666666
vt 0.6458333 0.9666666
vt 0.6666667 0.9666666
vt 0.6875 0.9666666
vt 0.7083333 0.9666666
vt 0.7291667 0.9666666
vt 0.75 0.9666666
vt 0.7708333 0.9666666
vt 0.7916667 0.9666666
vt 0.8125 0.9666666
vt 0.8333333 0.9666666
vt 0.8541667 0.9666666
vt 0.875 0.9666666
vt 0.8958333 0.9666666
vt 0.9166667 0.9666666
vt 0.9375 0.9666666
vt 0.9583333 0.9666666
vt 0.9791667 0.9666666
vt 1 0.9666666
vt 0 1
vt 0.02083333 1
vt 0.04166667 1
vt 0.0625 1
vt 0.08333334 1
vt 0.1041667 1
vt 0.125 1
vt 0.1458333 1
vt 0.1666667 1
vt 0.1875 1
vt 0.2083333 1
vt 0.2291667 1
vt 0.25 1
vt 0.2708333 1
vt 0.2916667 1
vt 0.3125 1
vt 0.3333333 1
vt 0.3541667 1
vt 0.375 1
vt 0.3958333 1
vt 0.4166667 1
vt 0.4375 1
vt 0.4583333 1
vt 0.4791667 1
vt 0.5 1
vt 0.5208333 1
vt 0.5416667 1
vt 0.5625 1
vt 0.5833333 1
vt 0.6041667 1
vt 0.625 1
vt 0.6458333 1
vt 0.6666667 1
vt 0.6875 1
vt 0.7083333 1
vt 0.7291667 1
vt 0.75 1
vt 0.7708333 1
vt 0.7916667 1
vt 0.8125 1
vt 0.8333333 1
vt 0.8541667 1
vt 0.875 1
vt 0.8958333 1
vt 0.9166667 1
vt 0.9375 1
vt 0.9583333 1
vt 0.9791667 1
vt 1 1
vn 0 1 0
vn 0 1 0
vn 0 1 0
vn 0 1 0
vn 0 1 0
vn 0 1 0
vn 0 1 0
vn 0 1 0
vn 0 1 0
vn 0 1 0
vn 0 1 0
vn 0 1 0
vn 0 1 0
vn 0 1 0
vn 0 1 0
vn 0 1 0
vn 0 1 0
vn 0 1 0
vn 0 1 0
vn 0 1 0
vn 0 1 0
vn 0 1 0
vn 0 1 0
vn 0 1 0
vn 0 1 0
vn 0 1 0
vn 0 1 0
vn 0 1 0
vn 0 1 0
vn 0 1 0
vn 0 1 0
vn 0 1 0
vn 0 1 0
vn 0 1 0
vn 0 1 0
vn 0 1 0
vn 0 1 0
vn 0 1 0
vn 0 1 0
vn 0 1 0
vn 0 1 0
vn 0 1 0
vn 0 1 0
vn 0 1 0
vn 0 1 0
vn 0 1 0
vn 0 1 0
vn 0 1 0
vn 0 1 0
vn -0.1691445 0.9078037 -0.3837743
vn -0.1598431 0.9125604 -0.3764091
vn -0.1458319 0.9189724 -0.3663643
vn -0.1323001 0.9252529 -0.3555331
vn -0.1248093 0.9307505 -0.3436947
vn -0.1252248 0.9343896 -0.333519
vn -0.1348912 0.9359916 -0.3251524
vn -0.1529166 0.9355379 -0.3184107
vn -0.1761597 0.9333656 -0.3127241
vn -0.1994013 0.9310814 -0.3054939
vn -0.2130152 0.9316566 -0.2943476
vn -0.2006038 0.9398549 -0.2764617
vn -0.1514464 0.9580663 -0.2432549
vn -0.06129915 0.9807423 -0.1854372
vn 0.05785368 0.9932663 -0.1003745
vn 0.1776796 0.9840841 -0.002922429
vn 0.2724983 0.9585059 0.08373248
vn 0.3308559 0.932665 0.1437723
vn 0.3544846 0.9183963 0.1757526
vn 0.3453056 0.9210118 0.1802813
vn 0.3064913 0.9384183 0.1594808
vn 0.2422526 0.9638361 0.1110572
vn 0.1649488 0.9854274 0.04153016
vn 0.09055989 0.9952241 -0.03644156
vn 0.03395269 0.9937776 -0.1060815
vn -0.0002542697 0.9875267 -0.1574515
vn -0.01484719 0.98105 -0.1931849
vn -0.01503719 0.9762582 -0.2160878
vn -0.003845879 0.9722067 -0.2340929
vn 0.01464142 0.9687994 -0.2474135
vn 0.03991124 0.9654871 -0.2573749
vn 0.07178009 0.9626206 -0.2611692
vn 0.1108943 0.9605083 -0.2551987
vn 0.1596325 0.9584859 -0.2362673
vn 0.2192523 0.9543885 -0.2026601
vn 0.2908592 0.9440539 -0.155445
vn 0.3708133 0.9233856 -0.0992803
vn 0.4500059 0.8920091 -0.04259745
vn 0.5152972 0.8569968 0.005037433
vn 0.5512965 0.8336542 0.03305814
vn 0.5445569 0.8381743 0.0303588
vn 0.4796535 0.8773084 -0.01620241
vn 0.3489704 0.9306786 -0.1098041
vn 0.1765311 0.9582357 -0.2249915
vn 0.02153994 0.9485626 -0.3158563
vn -0.08288323 0.9268563 -0.3661529
vn -0.1407928 0.9115985 -0.3862197
vn -0.1655912 0.906316 -0.3888069
vn -0.1691425 0.9078001 -0.3837835
vn 0.1090734 0.96209 -0.2499715
vn 0.09171133 0.9688378 -0.230092
vn 0.06595155 0.9724669 -0.2235143
vn 0.04318802 0.9743349 -0.2209217
vn 0.02667983 0.9762568 -0.2149671
vn 0.0160009 0.9792133 -0.2022013
vn 0.01058148 0.9834394 -0.1809283
vn 0.01020311 0.9887222 -0.1494134
vn 0.0134964 0.9941049 -0.1075796
vn 0.01072042 0.9982036 -0.05894585
vn -0.01707573 0.9997472 -0.01462827
vn -0.08291905 0.9965358 0.006389115
vn -0.1684323 0.985673 -0.008913088
vn -0.220891 0.9742372 -0.04548767
vn -0.1925878 0.9795228 -0.05869567
vn -0.0780365 0.9969454 -0.003210154
vn 0.06441629 0.9907885 0.1191167
vn 0.1330974 0.9627299 0.2354492
vn 0.0843092 0.9571447 0.2770667
vn -0.05405055 0.9740053 0.2199823
vn -0.1964474 0.9758672 0.09535049
vn -0.2585594 0.9658983 -0.01368845
vn -0.2338601 0.9706739 -0.0556927
vn -0.1679853 0.9847947 -0.04427697
vn -0.1076249 0.9939228 -0.02311456
vn -0.07071357 0.9972898 -0.0203169
vn -0.04940369 0.9979879 -0.03974319
vn -0.02899869 0.9969553 -0.07238221
vn 0.001695112 0.9940314 -0.109081
vn 0.047378 0.9888378 -0.1412628
vn 0.1046047 0.9813924 -0.1610181
vn 0.162059 0.9729239 -0.164791
vn 0.2069525 0.9655705 -0.1576205
vn 0.2283533 0.9612966 -0.1541549
vn 0.2244379 0.9593479 -0.171112
vn 0.2066128 0.954926 -0.2131376
vn 0.2075405 0.9427313 -0.2611218
vn 0.2663776 0.9238091 -0.2749906
vn 0.3814153 0.8967994 -0.2242168
vn 0.4787314 0.8683128 -0.1298047
vn 0.4705459 0.8798522 -0.06668405
vn 0.3127338 0.9440234 -0.1049638
vn 0.0646084 0.9690849 -0.2381184
vn -0.08779294 0.9306439 -0.3552385
vn -0.09793668 0.9096117 -0.4037512
vn -0.02984398 0.9192626 -0.3925119
vn 0.05059449 0.9374058 -0.344544
vn 0.1001221 0.9518616 -0.2897156
vn 0.1090734 0.9620894 -0.2499738
vn 0.2760775 0.9495088 -0.1490448
vn 0.4064196 0.9114011 -0.06458505
vn 0.4655102 0.8849541 0.01250985
vn 0.4741925 0.8774912 0.07176851
vn 0.4582187 0.8816519 0.1128084
vn 0.4318322 0.8907431 0.1417661
vn 0.3976869 0.9025723 0.1649498
vn 0.3476639 0.9199485 0.1811758
vn 0.2665367 0.9472447 0.1780048
vn 0.1362778 0.9812081 0.136598
vn -0.03937604 0.9975644 0.05757508
vn -0.2092656 0.9778284 -0.007716449
vn -0.3126072 0.9498248 0.0104764
vn -0.3083678 0.9425122 0.1287639
vn -0.192605 0.9500036 0.2457569
vn -0.08954803 0.9692898 0.2290382
vn -0.1297236 0.9782061 0.1621256
vn -0.2685793 0.9410278 0.2057471
vn -0.3400939 0.8825743 0.3246516
vn -0.3020629 0.8848459 0.3546913
vn -0.3067827 0.9212069 0.2392956
vn -0.450772 0.8908033 0.05722031
vn -0.606082 0.7926012 -0.06669352
vn -0.6565155 0.7488951 -0.09024229
vn -0.6028584 0.7956893 -0.0586536
vn -0.4810002 0.876316 -0.0266297
vn -0.3482209 0.9370975 -0.02429847
vn -0.2416422 0.968959 -0.05222555
vn -0.1632114 0.981723 -0.09788815
vn -0.10451 0.9827334 -0.1526853
vn -0.06097886 0.9748937 -0.2141584
vn -0.03370694 0.9576313 -0.2860176
vn -0.0236626 0.9278108 -0.3723001
vn -0.02498254 0.8889794 -0.4572652
vn -0.01671836 0.8683422 -0.4956838
vn 0.03804841 0.89921 -0.4358598
vn 0.1732511 0.9454241 -0.2759662
vn 0.3483804 0.9268852 -0.1396962
vn 0.4565966 0.8770086 -0.1495845
vn 0.3912637 0.883751 -0.2567042
vn 0.1588604 0.9453902 -0.2846064
vn 0.01849583 0.9814961 -0.1905869
vn 0.06150761 0.9838994 -0.1678062
vn 0.1087298 0.9506525 -0.2905817
vn 0.04296809 0.9145805 -0.4021149
vn -0.03907708 0.9194849 -0.3911784
vn -0.02463043 0.9490998 -0.3140109
vn 0.1026746 0.967511 -0.2310422
vn 0.2760854 0.9495062 -0.1490467
vn 0.260145 0.9471248 -0.1878277
vn 0.1705348 0.964087 -0.2036029
vn 0.2365232 0.9653832 -0.1099638
vn 0.3475082 0.9375272 0.01675809
vn 0.4203568 0.9013742 0.1040422
vn 0.4311258 0.8921981 0.1345846
vn 0.3738653 0.9186983 0.127351
vn 0.245907 0.9628702 0.1114034
vn 0.08863145 0.9883561 0.1236798
vn 0.01726137 0.9771457 0.211869
vn 0.1244276 0.9109709 0.3932554
vn 0.2112989 0.8284715 0.5186403
vn -0.06345582 0.9119997 0.4052529
vn -0.440761 0.8908835 0.1098014
vn -0.4009446 0.9053524 0.1399303
vn -0.05043048 0.9047521 0.4229425
vn -0.2674346 0.9075034 0.3239079
vn -0.6346247 0.7659187 0.1030533
vn -0.4791414 0.7952157 0.3715584
vn -0.3161429 0.7957759 0.5165213
vn -0.7397722 0.6616705 0.1221856
vn -0.8341213 0.5462927 -0.07619819
vn -0.5780249 0.79795 0.1707718
vn -0.2284823 0.9107654 0.343951
vn -0.2584155 0.9342319 0.2458295
vn -0.4103629 0.908635 0.07736113
vn -0.4778076 0.877804 -0.03405771
vn -0.4522845 0.8861906 -0.1005236
vn -0.385914 0.907158 -0.1677347
vn -0.320668 0.9137356 -0.2495182
vn -0.2711506 0.9025946 -0.3343657
vn -0.214779 0.8929011 -0.3957242
vn -0.0952298 0.9152481 -0.3914745
vn 0.1162755 0.9476378 -0.2974267
vn 0.2982295 0.9303496 -0.213328
vn 0.2609423 0.909024 -0.3249376
vn -0.06223951 0.8157978 -0.5749785
vn -0.06249934 0.8310403 -0.5526896
vn 0.4250554 0.8855433 -0.1874597
vn 0.4306294 0.8979666 -0.09063264
vn -0.1352064 0.9229124 -0.3604885
vn -0.06538173 0.9584769 -0.2775738
vn 0.3012784 0.9528487 -0.03620299
vn 0.09201859 0.9570049 -0.2750895
vn -0.1000599 0.8836222 -0.4573837
vn 0.1905236 0.9334266 -0.3039994
vn 0.522792 0.851217 -0.04602262
vn 0.4816349 0.8743827 -0.05901575
vn 0.2600954 0.9471363 -0.1878386
vn 0.3874237 0.9207078 -0.0469056
vn 0.3599045 0.9308403 0.06328575
vn 0.2666258 0.9609476 0.07409793
vn 0.2320511 0.9713675 0.05096545
vn 0.2482608 0.9680011 0.0366139
vn 0.2744384 0.9610076 0.03388214
vn 0.292315 0.9547908 0.05409742
vn 0.3132288 0.9404104 0.1323482
vn 0.3249258 0.8963349 0.3016737
vn 0.2532231 0.8237578 0.5072485
vn 0.07426459 0.8202081 0.5672244
vn -0.0550163 0.8901057 0.4524214
vn -0.06089899 0.8634508 0.5007434
vn -0.1627239 0.760749 0.6283167
vn -0.2805175 0.8959681 0.3443126
vn -0.27799 0.9457844 0.1679687
vn -0.5299309 0.7649025 0.3661932
vn -0.6427063 0.7331307 0.2223694
vn -0.5992017 0.7597846 0.252358
vn -0.7625142 0.5221436 0.3820185
vn -0.6525907 0.7068044 0.2730438
vn -0.3327436 0.903828 0.2690292
vn -0.4737017 0.8198393 0.3216681
vn -0.5421944 0.7992688 0.2592194
vn -0.3768985 0.9035064 0.204019
vn -0.2659441 0.9455099 0.1878427
vn -0.286359 0.9455459 0.1547309
vn -0.3310257 0.9413064 0.06606413
vn -0.3222671 0.9445356 -0.0632185
vn -0.2419226 0.9523628 -0.1856844
vn -0.1107563 0.9620872 -0.2492418
vn 0.02630875 0.9722455 -0.2324792
vn 0.1145365 0.9756973 -0.186805
vn 0.1299247 0.9636577 -0.2334167
vn 0.1266291 0.8946267 -0.4284951
vn 0.2001164 0.8330925 -0.5156651
vn 0.2300911 0.907863 -0.3504896
vn 0.09979961 0.909035 -0.4045931
vn 0.1020664 0.7797681 -0.6176926
vn 0.06277027 0.9466404 -0.3161199
vn -0.06160615 0.9851428 -0.1603074
vn 0.1448145 0.9350404 -0.3236174
vn 0.1600902 0.9769409 -0.1412718
vn 0.1285937 0.9707062 -0.2029609
vn 0.3707327 0.8436171 -0.3884165
vn 0.3058131 0.9182034 -0.251756
vn 0.1103713 0.9786954 -0.1731288
vn 0.221653 0.9602676 -0.1695765
vn 0.3874236 0.9207078 -0.04690606
vn 0.1283538 0.9859156 -0.1072185
vn 0.4962634 0.8136915 0.3027024
vn 0.6525244 0.5816551 0.4856844
vn 0.6890852 0.5416102 0.4814768
vn 0.6087083 0.05962393 0.7911506
vn 0.8684461 0.2564304 0.424317
vn 0.3618048 0.8165361 0.4498514
vn 0.702944 0.6092188 0.3670453
vn 0.5282009 0.7383876 0.4192703
vn 0.05258169 0.9165273 0.3965009
vn -0.2806376 0.8916495 0.3552516
vn -0.02828629 0.7785841 0.6269025
vn 0.09557293 0.6669865 0.7389146
vn -0.3179458 0.8140864 0.4859773
vn 0.03912892 0.7821002 0.621923
vn -0.3229598 0.8548573 0.4060985
vn -0.7233898 0.6866583 0.07216327
vn -0.5031388 0.7547765 0.4209082
vn -0.871716 0.4885925 0.03726435
vn -0.3583511 0.7768283 0.5178053
vn -0.3000345 0.8178576 0.4910074
vn -0.653877 0.7463948 0.1238544
vn -0.2935376 0.8577937 0.421931
vn -0.5037952 0.8065566 0.3092844
vn -0.8111232 0.5839233 0.03335957
vn -0.7785144 0.6234659 0.07215018
vn -0.6046019 0.7821057 0.1508886
vn -0.484206 0.8706529 0.08664946
vn -0.414765 0.9071515 -0.07103606
vn -0.3310099 0.9103888 -0.2482434
vn -0.2331791 0.8887888 -0.3945657
vn -0.1888442 0.8334848 -0.5192696
vn -0.2652202 0.7179226 -0.6436191
vn -0.3171037 0.6597712 -0.6812835
vn 0.03772425 0.8682761 -0.4946449
vn 0.4354559 0.873576 -0.2173548
vn 0.1824915 0.8804716 -0.4375689
vn 0.02356445 0.8343417 -0.5507438
vn 0.3130279 0.8941865 -0.3200688
vn -0.3515733 0.7442996 -0.5678155
vn 0.0998323 0.9491913 -0.2984452
vn 0.2139213 0.958243 -0.1897579
vn 0.150639 0.9282337 -0.3401325
vn 0.5400159 0.841455 -0.01833762
vn 0.04361503 0.8923932 -0.4491462
vn 0.1358163 0.9357839 -0.3253651
vn 0.2927921 0.9538912 -0.06606416
vn 0.02449638 0.9722255 -0.2327608
vn 0.1283554 0.9859269 -0.1071124
vn 0.5958424 0.7810357 0.1869627
vn 0.5114192 0.7727098 0.3759922
vn 0.6498911 0.5316125 0.5431665
vn 0.8024799 0.3057138 0.5124111
vn 0.4442304 0.2846701 0.8494835
vn 0.933453 0.3348895 0.1285084
vn 0.9692346 0.2460234 0.007527562
vn 0.8266664 0.3786063 0.4162691
vn 0.6125395 0.6479366 0.45274
vn 0.2395549 0.7810741 0.57666
vn 0.02950179 0.6291879 0.7766932
vn -0.05736955 0.759231 0.6482878
vn -0.260409 0.8617936 0.4353147
vn -0.03751278 0.5862429 0.8092664
vn 0.02691451 0.8319061 0.5542635
vn -0.5013459 0.6337887 0.5890366
vn -0.5296388 0.7888457 0.3117777
vn -0.8377446 0.541707 0.06883024
vn -0.4014145 0.8391241 0.3670657
vn -0.4900707 0.8332703 0.2559128
vn -0.4246745 0.7000812 0.5740539
vn -0.5031609 0.8323018 0.2326003
vn -0.8679796 0.4570622 0.1941794
vn -0.6452227 0.6979647 0.3106978
vn -0.5579551 0.8098162 0.1813391
vn -0.7249799 0.6740928 0.1414324
vn -0.732637 0.6708611 0.1148409
vn -0.6214408 0.7834515 0.003887686
vn -0.4984448 0.8492235 -0.1742766
vn -0.4093341 0.8260399 -0.3874322
vn -0.3674821 0.6939381 -0.6191985
vn -0.3343891 0.8228975 -0.4593731
vn -0.1373187 0.8996422 -0.4144726
vn -0.3046854 0.679873 -0.667038
vn -0.06963134 0.8166891 -0.5728616
vn 0.05632134 0.6808736 -0.7302322
vn 0.1148436 0.8960883 -0.4287619
vn 0.3591271 0.9014539 -0.2416788
vn -0.09163672 0.7865115 -0.6107392
vn -0.08650555 0.9231759 -0.3745171
vn 0.09777829 0.7113783 -0.6959744
vn 0.2253405 0.9391001 -0.2594468
vn 0.5464179 0.7702977 -0.3287384
vn 0.1198012 0.9552436 -0.2704764
vn 0.2899593 0.8955854 -0.3374173
vn 0.07379051 0.8894 -0.4511349
vn 0.255603 0.9573687 -0.134582
vn 0.7124439 0.6961014 0.08869381
vn 0.5960288 0.7808977 0.1869452
vn 0.8919913 0.3012017 0.3370892
vn 0.6285373 0.631293 0.4543237
vn 0.365266 0.8530421 0.3726929
vn 0.3759916 0.8487478 0.3718299
vn 0.9456165 0.2336187 0.2263442
vn 0.08391368 0.9947787 -0.05808476
vn 0.6564457 0.639648 0.399912
vn 0.673618 0.6451739 0.3605406
vn 0.7063364 0.4687287 0.5304548
vn 0.5759169 0.1580857 0.8020777
vn 0.2321391 0.3091901 0.9222326
vn 0.003513494 0.743946 0.6682305
vn -0.06943537 0.5555429 0.8285837
vn -0.1772875 0.8617738 0.4753053
vn -0.09734681 0.5674688 0.8176202
vn -0.4872468 0.6114146 0.6235084
vn -0.5652623 0.5483776 0.6162472
vn -0.5937227 0.7961498 0.1167853
vn -0.4516988 0.827153 0.3343447
vn -0.5322922 0.8251864 0.1890303
vn -0.6699497 0.5706894 0.4748484
vn -0.8163859 0.5264115 0.2374976
vn -0.5267102 0.7927803 0.3067179
vn -0.719049 0.612954 0.3274997
vn -0.4208366 0.879465 0.2223463
vn -0.3295209 0.9086761 0.2563664
vn -0.5571728 0.8132073 0.1680843
vn -0.7070903 0.7009051 -0.09357061
vn -0.6765009 0.635024 -0.3729493
vn -0.5522928 0.5820678 -0.5967995
vn -0.5882598 0.7503027 -0.3016562
vn -0.1583249 0.2919342 -0.9432431
vn -0.3543209 0.3583363 -0.8637429
vn -0.755218 0.3257087 -0.5688231
vn -0.309345 0.4633379 -0.8304358
vn -0.09644498 0.5973573 -0.7961549
vn -0.03670903 0.8473229 -0.5298079
vn 0.1821377 0.7317305 -0.6568077
vn 0.0488944 0.9705279 -0.2359765
vn 0.1636577 0.6292686 -0.7597613
vn 0.186535 0.8117249 -0.5534505
vn 0.486536 0.4559216 -0.7452638
vn 0.2315393 0.9197999 -0.3167928
vn 0.4033816 0.7514595 -0.5221034
vn 0.194247 0.9245416 -0.3278583
vn 0.7131705 0.5307129 -0.4579648
vn 0.7798603 0.6231395 -0.05928929
vn 0.8037966 0.5919179 0.05953204
vn 0.8919774 0.3012385 0.3370929
vn 0.8194209 0.5731722 0.004809448
vn 0.819348 0.4118887 0.3987688
vn 0.6001614 0.6441695 0.4741856
vn 0.4007706 0.8305928 0.3866505
vn 0.3358561 0.8752396 0.3480753
vn 0.3583058 0.8731317 0.3305422
vn 0.4485702 0.8328361 0.3242974
vn 0.6172757 0.6762097 0.4021334
vn 0.6873476 0.3691227 0.6255412
vn 0.3838013 0.3159929 0.8676664
vn 0.1854706 0.4613387 0.8676216
vn 0.413394 0.1353174 0.9004413
vn -0.09700892 0.5512887 0.8286556
vn 0.1002843 0.6576265 0.7466395
vn -0.6218139 0.5112404 0.5932796
vn -0.1962903 0.4008281 0.8948781
vn -0.6450469 0.5256832 0.5545915
vn -0.1968897 0.724973 0.6600369
vn -0.6173061 0.7862524 0.02721248
vn -0.7677922 0.5482335 0.3315649
vn -0.7044297 0.6872817 0.1772643
vn -0.4618146 0.7341346 0.4977688
vn -0.4863226 0.8436455 0.2274923
vn -0.3905179 0.8091583 0.4390428
vn -0.7641291 0.6279315 0.1476779
vn -0.6861209 0.7224926 0.08510335
vn -0.6852491 0.7239028 0.07999016
vn -0.8088945 0.5558645 -0.1915839
vn -0.7820441 0.3580618 -0.5100968
vn -0.6387098 0.2853518 -0.7145798
vn 0.1090002 0.2976426 -0.9484345
vn 0.1859089 0.4309939 -0.8829962
vn -0.6011058 0.5485246 -0.5811993
vn -0.7773429 0.4864571 -0.3988705
vn 0.4101369 0.5949501 -0.6912467
vn -0.02384227 0.7894234 -0.6133859
vn -0.2677041 0.3560575 -0.8952975
vn 0.1100615 0.788301 -0.6053661
vn 0.02516839 0.6355362 -0.7716607
vn 0.491969 0.7584768 -0.4274102
vn 0.449041 0.2720723 -0.851081
vn 0.237685 0.5876623 -0.7734074
vn 0.4499902 0.5526427 -0.7014947
vn 0.3009879 0.7776178 -0.5520117
vn 0.9392648 0.2614924 -0.2222686
vn 0.8337058 0.3688504 -0.410955
vn 0.9971627 -0.00471742 -0.07512875
vn 0.8818205 0.4710443 0.02258037
vn 0.8194208 0.5731722 0.004809495
vn 0.9731128 0.2303274 -0.0008342912
vn 0.952154 0.2833337 0.1145629
vn 0.8822936 0.2139932 0.4192433
vn 0.7735046 0.3679803 0.5160245
vn 0.6637556 0.5340471 0.5236624
vn 0.644214 0.5578936 0.5232047
vn 0.7275937 0.4459084 0.5213187
vn 0.7568339 0.3280162 0.5653388
vn 0.508724 0.4692954 0.7217768
vn 0.1083785 0.6619924 0.7416335
vn 0.3842383 0.421516 0.8213923
vn 0.1279601 0.4240749 0.8965415
vn 0.3220423 0.3621657 0.8747141
vn -0.1678616 0.3331165 0.9278232
vn -0.3484411 0.436657 0.8294091
vn -0.7377719 0.3773888 0.5597056
vn 0.1240758 0.430825 0.8938653
vn -0.6447732 0.5552183 0.5253573
vn -0.7100166 0.5380237 0.4543203
vn -0.7072659 0.6921431 0.1439197
vn -0.6189236 0.714399 0.3264469
vn -0.8035763 0.4355175 0.4056966
vn -0.455802 0.2841416 0.8435094
vn -0.7177088 0.6515452 0.2457294
vn -0.7977506 0.5395061 0.2693088
vn -0.94967 0.2732815 -0.1531149
vn -0.8992551 0.38532 -0.207048
vn -0.8080195 0.5076123 -0.299056
vn -0.6997346 0.4846546 -0.5248632
vn -0.563596 0.4208671 -0.7107958
vn -0.6838527 0.227873 -0.6931229
vn -0.07975648 0.663077 -0.7442902
vn -0.6528469 0.7058367 -0.2749281
vn -0.6802276 0.6152175 -0.3984945
vn 0.09786069 0.7381376 -0.6675149
vn -0.2202533 0.5941419 -0.7736174
vn 0.2958327 0.6350574 -0.713572
vn -0.3587722 0.2937368 -0.886003
vn 0.5034637 0.4432793 -0.7416385
vn 0.369598 0.3390034 -0.865144
vn 0.6172616 0.5099976 -0.5990749
vn 0.3016506 0.3880693 -0.8708669
vn 0.1591885 0.4249743 -0.8910981
vn 0.9569398 0.1718874 -0.2339253
vn 0.8292763 0.2242065 -0.5118909
vn 0.9992589 -0.01309035 0.0361981
vn 0.8291678 0.2353814 -0.5070269
vn 0.9938049 -0.04500853 0.1016172
vn 0.9731128 0.2303274 -0.0008342994
vn 0.9556245 -0.229838 0.1842725
vn 0.9839188 0.167521 -0.06197147
vn 0.8580497 0.5135356 0.005660395
vn 0.7544116 0.6009115 0.2641374
vn 0.6489549 0.6190073 0.4423658
vn 0.5904589 0.5878965 0.5529341
vn 0.5900515 0.5051126 0.6298417
vn 0.5381573 0.4279124 0.7261388
vn 0.4350619 0.3355247 0.8355502
vn 0.567782 0.1721711 0.8049726
vn 0.3080128 0.5284709 0.7911047
vn -0.01727697 0.6963325 0.7175114
vn 0.2418458 0.4026291 0.8828366
vn -0.2801254 0.1138041 0.9531938
vn -0.3589998 0.2027296 0.9110543
vn -0.1213128 0.5147816 0.848695
vn -0.6549079 0.4912419 0.5742622
vn -0.2935537 0.2018116 0.9343973
vn -0.7645561 0.3373031 0.5492548
vn -0.6861531 0.7022463 0.1898531
vn -0.3923162 0.7726117 0.4991584
vn -0.60266 0.7932013 -0.08736526
vn -0.9843993 0.04628325 0.1697529
vn -0.9617792 0.273671 0.009211449
vn -0.8093332 0.5285985 0.2560534
vn -0.7684228 0.6273949 0.1261038
vn -0.8420028 0.4652208 -0.2731315
vn -0.785806 0.4094424 -0.4635362
vn -0.664669 0.4432385 -0.6014605
vn -0.5435938 0.4516348 -0.7074828
vn -0.5205253 0.4129604 -0.7473401
vn -0.6332237 0.3331788 -0.698584
vn -0.3249497 0.9243835 -0.1998068
vn -0.08458354 -0.07963157 -0.9932293
vn -0.547366 0.1823575 -0.8167841
vn 0.1063384 0.5482941 -0.8294973
vn -0.03986121 0.595898 -0.8020703
vn 0.3769141 0.4713568 -0.7973447
vn 0.01655732 -0.01666054 -0.9997241
vn 0.7063886 0.2085316 -0.6764094
vn 0.2130332 0.5610162 -0.7999236
vn 0.267608 0.4796965 -0.8356299
vn 0.829002 0.06565008 -0.555379
vn 0.6000705 0.1090356 -0.7924814
vn 0.9881233 0.1475782 -0.042814
vn 0.8668696 0.3657906 -0.3387246
vn 0.9976696 -0.06445671 0.02237417
vn 0.974461 -0.09460962 -0.2036535
vn 0.9556357 -0.2297845 0.1842809
vn 0.9200382 0.2693634 -0.2845576
vn 0.9469346 0.3197519 -0.03276417
vn 0.8300073 0.5470524 -0.108727
vn 0.7084624 0.7041438 0.04756717
vn 0.5947777 0.737552 0.3197758
vn 0.4563871 0.6989309 0.5506419
vn 0.3393698 0.618001 0.7091565
vn 0.3534908 0.4266177 0.8324913
vn 0.5995604 0.08530985 0.7957698
vn 0.6152133 0.1478918 0.7743647
vn 0.307856 0.3714285 0.875937
vn 0.4374397 0.4049968 0.8028849
vn -0.4887878 0.4350544 0.756184
vn -0.04970469 0.1166255 0.9919315
vn -0.2309701 0.07082404 0.9703797
vn -0.307009 0.4547352 0.8360391
vn -0.2708857 0.3477421 0.897606
vn -0.8294712 0.1574911 0.5358863
vn -0.4925408 0.6216777 0.6090325
vn -0.4146107 0.5251863 0.7431537
vn -0.8769 0.4805105 -0.01249157
vn -0.8052679 0.3778473 0.456919
vn -0.9842852 0.1265656 0.1231415
vn -0.7389842 0.3992727 0.5426635
vn -0.947234 0.3205307 0.002808283
vn -0.9147827 0.3936896 0.09044938
vn -0.8824776 0.4555078 -0.1172433
vn -0.8199146 0.3500881 -0.4529661
vn -0.7127956 0.2962533 -0.635733
vn -0.6148198 0.3494436 -0.7070261
vn -0.5302705 0.482593 -0.6970776
vn -0.3879182 0.625073 -0.6773502
vn -0.2730556 0.5887673 -0.7607849
vn -0.5518059 0.2721151 -0.7883297
vn -0.3565413 0.2872578 -0.8890226
vn -0.2281049 0.2535323 -0.9400476
vn -0.01950973 0.5095855 -0.8601989
vn 0.4069944 0.3554325 -0.8414413
vn 0.6530393 0.1882227 -0.7335611
vn -0.1435937 0.09078681 -0.9854637
vn 0.4662766 0.3891706 -0.7944384
vn 0.7436277 0.3472078 -0.571371
vn 0.4670507 0.04497332 -0.8830861
vn 0.8994081 -0.001557902 -0.4371072
vn 0.7588765 0.387421 -0.5234611
vn 0.9888266 0.1390312 -0.05378077
vn 0.985948 0.01508959 0.1663693
vn 0.9940907 -0.07478661 -0.07868148
vn 0.9200541 0.2693681 -0.2845018
vn 0.7950525 0.5143394 -0.3214757
vn 0.7925588 0.5255457 -0.3092771
vn 0.9306357 0.3642992 0.03468928
vn 0.9441879 0.1915344 0.2679996
vn 0.8456028 0.08549443 0.5269218
vn 0.668978 0.004599194 0.743268
vn 0.5546667 -0.004372138 0.8320612
vn 0.5589907 0.1436116 0.8166426
vn 0.4417435 0.4431171 0.7800705
vn 0.3285205 0.4636726 0.82285
vn 0.6682934 0.1259436 0.7331591
vn -0.01763572 0.1251655 0.9919791
vn 0.02541116 0.007928587 0.9996457
vn -0.6547005 0.2627471 0.7087533
vn 0.1718835 0.2752032 0.945896
vn -0.09909055 -0.02257735 0.9948223
vn -0.8205654 0.1946759 0.5373767
vn -0.7177439 0.361416 0.5951657
vn -0.02355254 -0.06229341 0.99778
vn -0.8971844 0.1619852 0.4108783
vn -0.817099 0.1930473 0.5432146
vn -0.9709555 0.2389686 0.01181136
vn -0.8247078 0.390857 0.4087638
vn -0.9721013 0.0139274 0.2341476
vn -0.9515833 -0.01809742 0.3068579
vn -0.9449788 -0.2385466 -0.2238541
vn -0.938675 -0.2138278 -0.2704939
vn -0.9254022 0.01363988 -0.378741
vn -0.7967619 0.2036258 -0.5689526
vn -0.6456124 0.2885977 -0.7070333
vn -0.5440009 0.2723379 -0.7936593
vn -0.5460053 0.1682221 -0.820719
vn -0.6479136 0.1661136 -0.7433804
vn -0.3566998 0.4417136 -0.8231976
vn -0.1577388 0.4587239 -0.874466
vn -0.4537842 0.3553282 -0.8172037
vn 0.2033897 0.1663843 -0.9648569
vn 0.3913008 0.2782811 -0.8771792
vn 0.3708111 0.3729849 -0.8505183
vn 0.5141398 0.3403602 -0.7872835
vn 0.08369473 0.0357376 -0.9958504
vn 0.6307061 -0.08748159 -0.7710751
vn 0.9428686 0.1257958 -0.3085031
vn 0.430402 0.2512149 -0.8669747
vn 0.8857077 -0.09467424 -0.4544871
vn 0.991617 0.0539163 0.1174255
vn 0.9133266 0.3647625 -0.1810606
vn 0.8382928 0.5432801 0.04595632
vn 0.7950838 0.5142972 -0.3214657
vn 0.7839572 0.6206822 0.01283181
vn 0.9246797 0.3774116 -0.05027814
vn 0.9809439 0.1873256 -0.05155919
vn 0.9455946 -0.07072257 0.3175676
vn 0.7550257 -0.3044399 0.5807344
vn 0.6231931 -0.3781804 0.684551
vn 0.5908728 -0.2791094 0.7569461
vn 0.5604678 0.01105069 0.8281025
vn 0.5419042 0.2965101 0.7863979
vn 0.6099511 0.3806708 0.6950176
vn 0.0527514 0.2978503 0.953154
vn 0.2125774 -0.2502376 0.9445592
vn -0.3004082 -0.1678204 0.9389309
vn 0.2244922 0.2267649 0.9477241
vn -0.5484126 0.3273891 0.7694544
vn -0.3800925 -0.01726232 0.9247874
vn -0.0294595 -0.004894168 0.999554
vn -0.6507127 0.7208759 0.23856
vn -0.371841 0.7390382 0.5617445
vn -0.6007227 -0.1820784 0.778447
vn -0.9712195 -0.06139056 0.230139
vn -0.8370792 0.3727829 0.400414
vn -0.959963 0.2290598 0.1612538
vn -0.9936574 -0.09630254 0.05805994
vn -0.8952101 -0.4384243 -0.07989332
vn -0.9185627 -0.3813747 0.1039032
vn -0.9355787 -0.2919616 -0.1986228
vn -0.9050297 -0.1619799 -0.3932987
vn -0.8354769 0.0184763 -0.549215
vn -0.7046937 0.1284989 -0.6977785
vn -0.6277958 0.101631 -0.7717147
vn -0.6368042 0.02701578 -0.7705521
vn -0.5144423 0.03823864 -0.856672
vn -0.5111859 0.1575297 -0.8449103
vn -0.5436537 0.3940035 -0.7410817
vn 0.1586678 0.3651161 -0.9173412
vn -0.08742067 0.06873526 -0.9937974
vn 0.4000451 0.1032 -0.9106666
vn 0.3982311 0.5419037 -0.7401031
vn 0.1798501 0.4059951 -0.8960034
vn 0.8074929 -0.5015582 -0.310475
vn -0.01255713 -0.3510115 -0.936287
vn 0.2782272 0.2661321 -0.9229103
vn 0.9428273 -0.01069773 -0.33311
vn 0.9302722 -0.1673156 -0.3264954
vn 0.7987158 0.1232234 -0.5889559
vn 0.8195384 0.572956 0.008846619
vn 0.6536324 0.6883208 -0.3146098
vn 0.7839567 0.6206818 0.01288193
vn 0.8453232 0.5142561 -0.1448082
vn 0.8995466 0.4214468 0.1148848
vn 0.883527 0.2136068 0.416836
vn 0.8430345 -0.04414263 0.5360451
vn 0.4720846 -0.5709145 0.6717089
vn 0.7023143 -0.6534451 0.2824256
vn 0.6971898 -0.1490757 0.7012153
vn 0.8158529 -0.0271313 0.5776226
vn 0.7756525 0.04541262 0.6295244
vn 0.03125421 -0.3519007 0.9355154
vn 0.6927338 -0.4978766 0.5217651
vn -0.2972999 -0.04804752 0.9535744
vn 0.36683 -0.0436382 0.9292639
vn -0.2505916 0.03424639 0.967487
vn -0.1059661 0.1154502 0.9876449
vn -0.4432744 0.1924539 0.8754824
vn -0.4699889 0.1743459 0.8652827
vn -0.263195 0.07232948 0.9620275
vn -0.8287446 0.08503709 0.5531285
vn -0.9886012 0.04898901 0.1423649
vn -0.5878639 0.01670178 0.8087874
vn -0.934756 0.0227089 0.3545638
vn -0.9996226 -0.002359512 -0.02736992
vn -0.9937382 -0.0463391 -0.1016717
vn -0.9923218 -0.1230667 -0.01232624
vn -0.9582363 -0.2007415 -0.2036812
vn -0.9727283 -0.2316668 -0.01141381
vn -0.9765726 -0.1680254 -0.1344379
vn -0.9167717 -0.02305984 -0.3987456
vn -0.7420247 0.1423035 -0.6550947
vn -0.4993716 0.2298262 -0.835349
vn -0.369957 0.2186307 -0.9029577
vn -0.6417632 0.1509896 -0.7518924
vn -0.7274266 0.01147697 -0.6860895
vn -0.2712292 -0.09358431 -0.9579545
vn -0.2777738 -0.03917136 -0.9598476
vn 0.4366535 0.08576929 -0.8955319
vn -0.1048526 0.2240132 -0.9689293
vn 0.1604201 0.2868001 -0.9444634
vn 0.8841488 0.1342812 -0.4474925
vn 0.6871631 0.4304772 -0.5852319
vn -0.2736548 0.4317211 -0.8594941
vn 0.8574705 -0.1264077 -0.4987639
vn 0.8028336 -0.07295879 -0.5917223
vn 0.8019354 0.07898837 -0.5921659
vn 0.8766878 0.2788685 -0.3919834
vn 0.6822248 0.3796444 -0.6248516
vn 0.8583816 0.5115196 0.03909802
vn 0.845323 0.514256 -0.1448095
vn 0.9757015 0.1963732 0.09718174
vn 0.925424 0.3206105 0.2019885
vn 0.9359159 0.1960851 0.2925954
vn 0.9805027 0.04527878 0.191218
vn 0.2606458 0.2120553 0.9418579
vn 0.9740362 0.1250882 0.1886969
vn 0.7366403 0.09376918 0.6697525
vn 0.6716006 -0.00752375 0.7408752
vn 0.5723306 -0.1668699 0.802865
vn 0.1164526 0.2128908 0.9701115
vn 0.4049443 -0.05449184 0.9127162
vn 0.1799478 0.2032976 0.962439
vn -0.2480771 0.1249793 0.9606445
vn 0.311073 -0.1938878 0.9303984
vn -0.4720984 -0.1675389 0.865479
vn -0.3512122 0.2343941 0.9064819
vn -0.09736554 0.1290244 0.9868499
vn -0.7463706 -0.2978103 0.5951807
vn -0.8461195 -0.2294086 0.4810963
vn -0.6200563 0.2004521 0.7585177
vn -0.9766538 0.05814162 0.2068021
vn -0.8296788 -0.3868275 0.4024895
vn -0.9440914 -0.3061271 0.1223834
vn -0.9954019 -0.09151167 -0.02829832
vn -0.9660572 0.1661511 -0.1978061
vn -0.9159741 0.4000175 0.03126503
vn -0.9809794 -0.07402436 -0.1794434
vn -0.9627068 -0.07243282 -0.2606706
vn -0.9417425 -0.004128521 -0.3363094
vn -0.8439322 0.1480178 -0.5156252
vn -0.672591 0.308961 -0.6724318
vn -0.5284563 0.3531077 -0.7720421
vn -0.329929 0.1737116 -0.9278854
vn -0.3636904 -0.1403607 -0.9208845
vn -0.5128859 -0.4619552 -0.7235644
vn 0.03244084 -0.4257904 -0.9042401
vn -0.2587196 0.05386414 -0.9644495
vn 0.266603 0.1910133 -0.9446887
vn 0.4413145 -0.224302 -0.8688672
vn 0.3157304 -0.07194556 -0.9461175
vn 0.8306828 0.2653104 -0.4894656
vn 0.7314559 0.05722108 -0.6794836
vn 0.2964393 -0.3396209 -0.8926262
vn 0.873359 -0.1305414 -0.4692581
vn 0.7965196 0.2622243 -0.5447889
vn 0.6387976 0.2478288 -0.728367
vn 0.9686573 0.09250683 -0.2305332
vn 0.8876668 0.03061118 -0.4594679
vn 0.9757441 0.1961263 0.09725197
vn 0.9764698 -0.1203348 -0.1789593
vn 0.9641131 -0.2569061 0.06697249
vn 0.8260034 -0.1402122 0.5459478
vn 0.7253969 -0.08116689 0.6835286
vn 0.5091038 0.4441369 0.7372623
vn 0.8228288 0.4964639 0.2765436
vn 0.7396333 -0.0572062 0.6705745
vn 0.7255611 -0.143591 0.6730102
vn 0.4984786 -0.3615127 0.7879263
vn 0.2486936 -0.5684581 0.7842237
vn 0.5871482 -0.07007612 0.8064406
vn -0.1032201 -0.07604678 0.9917472
vn 0.09789304 0.005023867 0.9951843
vn -0.5270193 -0.2876024 0.7997097
vn 0.230202 -0.2909054 0.9286448
vn -0.1036774 0.005827225 0.9945939
vn -0.8424134 -0.099523 0.529561
vn -0.4697626 -0.4465771 0.7615064
vn -0.4920044 -0.3057759 0.8151275
vn -0.9388011 -0.157866 0.306155
vn -0.8222085 -0.2594489 0.5066156
vn -0.9272465 -0.3706732 -0.05306087
vn -0.7751707 -0.5458596 0.3180371
vn -0.9496169 -0.3018084 0.08449551
vn -0.6416557 -0.6224444 -0.4481529
vn -0.7179093 -0.6563174 -0.2320644
vn -0.9043381 -0.3033025 0.3003001
vn -0.9915178 -0.06765058 -0.1109763
vn -0.9722059 -0.08363212 -0.2186811
vn -0.8939197 -0.05353452 -0.4450187
vn -0.6883342 -0.007306854 -0.7253569
vn -0.4443133 0.06352147 -0.8936166
vn -0.3853693 0.02200331 -0.9225001
vn -0.1422951 -0.3583409 -0.922683
vn -0.1372844 -0.4492668 -0.8827868
vn -0.5707521 -0.3323872 -0.7508402
vn -0.06987099 -0.1464985 -0.9867402
vn 0.2099908 -0.2266513 -0.9510695
vn 0.360385 -0.2989084 -0.8836156
vn 0.6578954 -0.3023345 -0.689759
vn 0.3221521 -0.02067863 -0.9464621
vn 0.7860078 -0.004925157 -0.618197
vn 0.9154032 -0.2641241 -0.3037687
vn 0.3026214 -0.2571531 -0.917765
vn 0.6474659 0.1055192 -0.754754
vn 0.9346645 0.1119313 -0.3374517
vn 0.8549299 -0.02623998 -0.5180795
vn 0.985249 -0.133628 -0.1069014
vn 0.9764695 -0.1203348 -0.178961
vn 0.9561213 -0.2754294 -0.09985321
vn 0.8682688 -0.2810215 0.408823
vn 0.7465751 -0.5021963 0.4363768
vn 0.6009492 -0.6490666 0.4664469
vn 0.5395027 -0.6670664 0.5137697
vn 0.5454032 -0.6559685 0.5217668
vn 0.5579317 -0.5981654 0.5752481
vn 0.5751268 -0.393052 0.7174534
vn 0.6558182 -0.05747402 0.7527279
vn 0.5398626 -0.09155313 0.8367595
vn 0.1307313 -0.2700138 0.9539402
vn 0.3771195 -0.3272184 0.8664347
vn -0.4738607 -0.4029023 0.7830236
vn 0.06454059 -0.1473859 0.9869711
vn -0.1192732 -0.1756169 0.9772066
vn -0.2686704 -0.5547904 0.7874159
vn -0.3328212 -0.4645128 0.8206449
vn -0.8900768 -0.1955408 0.4117368
vn -0.5859024 -0.4377081 0.6820044
vn -0.4179191 -0.5934219 0.6878911
vn -0.8362353 -0.5319424 -0.1332204
vn -0.7663271 -0.5267946 0.3677368
vn -0.9349899 -0.3535698 -0.02796972
vn -0.7005266 -0.5938428 0.3957439
vn -0.7530208 -0.3441568 -0.5608171
vn -0.993469 -0.04651387 0.1041916
vn -0.8356569 -0.2424004 0.4928688
vn -0.9587025 -0.2493803 -0.1367444
vn -0.9586611 -0.1296548 -0.2532952
vn -0.8883282 -0.1853969 -0.4201204
vn -0.6812688 -0.3663425 -0.6337713
vn -0.312555 -0.5293159 -0.7887548
vn -0.04368256 -0.4578668 -0.887947
vn -0.288375 -0.139102 -0.9473598
vn -0.2918216 -0.1895514 -0.9375023
vn -0.3753096 -0.2189415 -0.9006705
vn -0.2633184 -0.5215644 -0.8115628
vn 0.2169393 -0.4568078 -0.8627074
vn 0.6480973 -0.3194967 -0.6912973
vn -0.04221821 -0.2136223 -0.9760036
vn 0.659164 -0.4608082 -0.5942716
vn 0.8295389 -0.3811197 -0.4081824
vn 0.4757622 -0.05753887 -0.87769
vn 0.7333274 -0.03975512 -0.6787123
vn 0.4874946 -0.3844131 -0.7839487
vn 0.8110093 -0.1991642 -0.5500886
vn 0.966927 -0.05812775 -0.2483415
vn 0.9715974 0.04102164 -0.2330576
vn 0.9561586 -0.2752988 -0.09985609
vn 0.9395872 -0.1109123 0.3238431
vn 0.8501946 -0.4196638 0.3178858
vn 0.6900073 -0.5647957 0.452654
vn 0.605828 -0.4883081 0.6281143
vn 0.6168122 -0.4429788 0.6506248
vn 0.7001463 -0.4298137 0.5701364
vn 0.7655218 -0.4035095 0.501155
vn 0.700103 -0.4075414 0.5863155
vn 0.4932598 -0.3705003 0.7870352
vn 0.5098365 -0.1882815 0.8394145
vn 0.1564369 -0.4851756 0.8603093
vn -0.1466458 -0.6222833 0.7689334
vn 0.2170976 -0.3539413 0.9097221
vn -0.2202295 -0.1457545 0.9644971
vn -0.2796537 -0.3269452 0.9027185
vn -0.1137761 -0.6464928 0.7543885
vn -0.6205427 -0.6266577 0.4714095
vn -0.3677003 -0.3215751 0.8725743
vn -0.8215831 -0.4205522 0.3848859
vn -0.6891601 -0.7229601 0.0488588
vn -0.3503507 -0.8120475 0.4667261
vn -0.7998641 -0.5994203 -0.03021263
vn -0.6828427 -0.5552962 0.4747335
vn -0.9153611 -0.3799727 -0.1331723
vn -0.4298144 -0.7775124 0.459058
vn -0.986139 0.07693912 0.1470046
vn -0.6023481 -0.6916195 -0.3985464
vn -0.9659839 -0.2309991 -0.1162523
vn -0.9191128 -0.3194404 -0.2306284
vn -0.7773838 -0.447104 -0.4424618
vn -0.6036791 -0.4888388 -0.6297684
vn -0.5025353 -0.4368882 -0.7460476
vn -0.3281488 -0.4187733 -0.8467274
vn -0.1233803 -0.3160526 -0.9406849
vn -0.4360262 -0.08444521 -0.8959633
vn -0.005806169 -0.5283167 -0.8490276
vn -0.2257681 -0.6416728 -0.7329972
vn 0.2231243 -0.6419191 -0.7335908
vn -0.04062599 -0.2456028 -0.9685189
vn 0.7786367 -0.3881386 -0.4930247
vn 0.3451014 -0.6888496 -0.6374882
vn 0.3838646 -0.5441629 -0.7460126
vn 0.7990783 -0.04507033 -0.5995353
vn 0.4390762 -0.1203608 -0.8903513
vn 0.8347377 -0.305189 -0.4583369
vn 0.549854 -0.5408703 -0.6364903
vn 0.8886047 -0.3045288 -0.3429926
vn 0.8904428 -0.3008732 -0.3414482
vn 0.9396048 -0.1109144 0.3237913
vn 0.6768363 -0.7343891 0.05065027
vn 0.7056337 -0.6438358 0.2958994
vn 0.6745108 -0.3557793 0.646882
vn 0.6254123 -0.2973819 0.7214038
vn 0.6384829 -0.3620195 0.6791771
vn 0.7084047 -0.4137718 0.5718004
vn 0.7966124 -0.3992874 0.4538483
vn 0.7999012 -0.4068059 0.441211
vn 0.4907549 -0.6497311 0.5805249
vn 0.004745063 -0.7934214 0.6086543
vn 0.2834164 -0.5411955 0.791696
vn 0.02514418 -0.4543316 0.8904777
vn 0.2715251 -0.3585256 0.8931593
vn -0.1738245 -0.3413955 0.9237068
vn -0.3184841 -0.493407 0.8093933
vn -0.6810479 -0.4932525 0.5411801
vn 0.0694064 -0.4405177 0.895057
vn -0.6751643 -0.5809671 0.4545662
vn -0.7775732 -0.5149826 0.3607947
vn -0.7779398 -0.6278381 0.02508328
vn -0.755426 -0.6421636 0.130221
vn -0.3676316 -0.7700216 0.5214537
vn -0.7591608 -0.6123891 0.2205777
vn -0.7753383 -0.6053111 0.1801363
vn -0.872636 -0.4106313 0.264364
vn -0.9986027 -0.04126543 -0.03301199
vn -0.987502 -0.1553172 0.02676417
vn -0.928118 -0.3722644 0.004033289
vn -0.8161483 -0.5389996 -0.2082819
vn -0.6058688 -0.6612293 -0.4423787
vn -0.4077024 -0.6986393 -0.5879471
vn -0.3929315 -0.6180172 -0.6809255
vn -0.5222453 -0.4251445 -0.7392645
vn -0.2842964 -0.5269575 -0.8009316
vn 0.09780489 -0.7164364 -0.6907628
vn -0.2347746 -0.5750455 -0.7837114
vn 0.2098617 -0.7089617 -0.6732988
vn -0.4454678 -0.4530008 -0.7722362
vn 0.4848432 -0.6444488 -0.5912806
vn 0.4099488 -0.5602843 -0.7197385
vn 0.6752123 -0.5760619 -0.4606964
vn 0.3535862 -0.4302883 -0.8305593
vn 0.1579161 -0.4240255 -0.8917763
vn 0.8849373 -0.159112 -0.4376863
vn 0.606031 -0.3590984 -0.7097709
vn 0.8891446 -0.3675163 -0.2726788
vn 0.4860776 -0.632981 -0.6025476
vn 0.8267087 -0.5626159 0.003994393
vn 0.6767275 -0.7344962 0.0505496
vn 0.4892023 -0.871802 -0.02534468
vn 0.5915372 -0.7008945 0.3985356
vn 0.4601387 -0.7369597 0.4951392
vn 0.3581588 -0.821685 0.4433465
vn 0.322542 -0.8530526 0.4102048
vn 0.3125077 -0.8832484 0.3495873
vn 0.3385529 -0.9038529 0.2615949
vn 0.4727278 -0.8446977 0.2510264
vn 0.6121397 -0.6633595 0.4303942
vn 0.3273273 -0.6739467 0.6623086
vn 0.1399106 -0.7309033 0.6679861
vn 0.4379387 -0.2886827 0.8513942
vn -0.1022829 -0.6093842 0.78625
vn 0.09098078 -0.6460836 0.7578248
vn -0.5927794 -0.4946823 0.6355328
vn -0.2030897 -0.2900276 0.9352211
vn -0.6457712 -0.4406436 0.6235485
vn -0.2968481 -0.5429178 0.7855708
vn -0.7491785 -0.6602782 0.05257777
vn -0.9070882 -0.3040999 0.2910571
vn -0.9083124 -0.4010751 0.1187743
vn -0.8114179 -0.3118433 0.4943225
vn -0.7247074 -0.6560926 0.2105745
vn -0.5697705 -0.6706544 0.4749572
vn -0.9381021 -0.2994713 0.1740157
vn -0.8599905 -0.4851464 0.1582697
vn -0.787877 -0.5886416 0.1809723
vn -0.8200073 -0.5713846 -0.03328272
vn -0.723279 -0.6153316 -0.3134241
vn -0.4947275 -0.7176745 -0.4900898
vn -0.64723 -0.3608898 -0.671455
vn -0.2308007 -0.5215719 -0.8213975
vn -0.09786439 -0.9302133 -0.3537312
vn -0.2975446 -0.8095189 -0.5061091
vn -0.0205975 -0.7537675 -0.6568183
vn -0.02038677 -0.7902344 -0.6124655
vn -0.270666 -0.3727534 -0.8875781
vn 0.1061278 -0.8239049 -0.5567024
vn 0.01200062 -0.7060295 -0.7080807
vn 0.5230228 -0.7550601 -0.3953877
vn 0.481611 -0.2189595 -0.8485916
vn 0.268841 -0.5142539 -0.8144124
vn 0.4773285 -0.4171584 -0.7733927
vn 0.3095376 -0.7233983 -0.6171559
vn 0.8791322 -0.3092149 -0.3626469
vn 0.647767 -0.5800822 -0.493865
vn 0.885774 -0.4195323 -0.1984867
vn 0.5362799 -0.8432909 -0.03555947
vn 0.4892018 -0.8718013 -0.02538087
vn 0.7759317 -0.5500261 0.3088712
vn 0.5166315 -0.7608767 0.3926304
vn 0.3117104 -0.8902498 0.3321024
vn 0.310411 -0.8750132 0.3714794
vn 0.3610665 -0.8202917 0.443568
vn 0.3921295 -0.802964 0.448869
vn 0.4042718 -0.838994 0.3642162
vn 0.4480503 -0.85342 0.266318
vn 0.6042177 -0.7162892 0.3490714
vn 0.6341085 -0.4176319 0.6507611
vn 0.3122553 -0.5969613 0.7390087
vn 0.1021131 -0.8846271 0.4549811
vn 0.047932 -0.6555338 0.7536432
vn -0.08139655 -0.864576 0.4958659
vn -0.02765695 -0.455987 0.8895566
vn -0.4313458 -0.4770938 0.7657169
vn -0.5342084 -0.3679763 0.7610617
vn -0.6839567 -0.6670815 0.2953059
vn -0.6335313 -0.5816377 0.510231
vn -0.7820898 -0.5466813 0.2991239
vn -0.8666146 -0.2020588 0.4562361
vn -0.9738664 -0.09551722 0.20606
vn -0.8646208 -0.3969142 0.3080424
vn -0.9457586 -0.1576834 0.2840363
vn -0.6963478 -0.6860566 0.2107754
vn -0.455768 -0.8630301 0.2178406
vn -0.5917469 -0.7997118 0.1014731
vn -0.5834709 -0.8003716 -0.1377208
vn -0.409175 -0.8544289 -0.3201985
vn -0.1208214 -0.8840379 -0.4515299
vn 0.177748 -0.9243191 -0.337698
vn -0.004486566 -0.9994848 0.031781
vn -0.2396605 -0.9597617 0.1463569
vn -0.224652 -0.9363189 -0.2698859
vn -0.4427038 -0.5474154 -0.7101758
vn -0.1549682 -0.6048061 -0.7811494
vn -0.05456825 -0.8097906 -0.584176
vn 0.1971588 -0.6404119 -0.7422945
vn 0.06935724 -0.9352681 -0.3470781
vn 0.1868128 -0.4540441 -0.8711745
vn 0.2398417 -0.6397524 -0.7302006
vn 0.5219737 -0.1772029 -0.8343516
vn 0.3726766 -0.7875943 -0.4907213
vn 0.545012 -0.5619883 -0.6221986
vn 0.315907 -0.8768123 -0.3624955
vn 0.7353063 -0.5164049 -0.4389199
vn 0.7056733 -0.7076951 -0.03453597
vn 0.6643856 -0.7458341 0.04820114
vn 0.775946 -0.5500363 0.3088169
vn 0.6102062 -0.7668161 0.1991014
vn 0.5074341 -0.7835248 0.3586079
vn 0.6036682 -0.6008534 0.5239848
vn 0.6902852 -0.4139893 0.5933963
vn 0.7273093 -0.3118588 0.6113634
vn 0.7513716 -0.2655768 0.6040776
vn 0.7703279 -0.2881015 0.5688519
vn 0.7368079 -0.4629888 0.4927023
vn 0.5262679 -0.7716518 0.3572054
vn 0.2446814 -0.9048312 0.3484415
vn 0.1742083 -0.802736 0.5703213
vn 0.1635261 -0.8727878 0.4598921
vn -0.02519037 -0.9365573 0.3496082
vn 0.1996504 -0.5743677 0.7938775
vn 0.2099887 -0.7387657 0.6404141
vn -0.3562742 -0.564833 0.7443335
vn -0.4611459 -0.7203773 0.5180744
vn -0.8206065 -0.5253487 0.2249751
vn -0.500263 -0.6688853 0.549845
vn -0.6613866 -0.6397778 0.3914743
vn -0.6464243 -0.4622365 0.6070198
vn -0.7860664 -0.5594817 0.2628309
vn -0.9782274 -0.1104882 0.1756803
vn -0.8994865 -0.3779185 0.2193208
vn -0.7948497 -0.6065626 0.01719911
vn -0.8487884 -0.5173539 -0.1091021
vn -0.7304425 -0.657887 -0.1834081
vn -0.4365735 -0.8667533 -0.2411271
vn -0.2113324 -0.9340174 -0.2880108
vn 0.1755577 -0.6832425 -0.7087731
vn 0.1229857 -0.5456663 -0.8289288
vn -0.7573472 -0.466415 -0.4570365
vn -0.8306476 -0.4765322 -0.2879957
vn -0.09046087 -0.7393783 -0.6671856
vn -0.2865473 -0.8545341 -0.4332
vn -0.1364075 -0.6767086 -0.7235044
vn -0.005533902 -0.8495611 -0.5274612
vn 0.3229851 -0.8453487 -0.4255187
vn -0.09472356 -0.5908182 -0.8012249
vn -0.0602099 -0.778684 -0.6245206
vn 0.159628 -0.4477285 -0.8798057
vn 0.3785236 -0.7559499 -0.534097
vn 0.7228992 -0.4606048 -0.5150341
vn 0.367659 -0.8382467 -0.4027025
vn 0.5649921 -0.7437337 -0.3572734
vn 0.2986835 -0.837107 -0.4583013
vn 0.4363267 -0.8974905 -0.06426442
vn 0.7433166 -0.6505385 0.1558211
vn 0.6102126 -0.7668241 0.1990511
vn 0.2805715 -0.9598273 -0.003366001
vn 0.5303052 -0.7642432 0.3670269
vn 0.6216963 -0.5894424 0.5158018
vn 0.6160049 -0.5796924 0.5333806
vn 0.5810242 -0.6183727 0.5291749
vn 0.5659656 -0.6334972 0.5276023
vn 0.5895671 -0.6168413 0.5214571
vn 0.6067228 -0.6160851 0.5023213
vn 0.4911646 -0.7463196 0.4491818
vn 0.1189913 -0.9474245 0.2970321
vn -0.09999327 -0.9687744 0.2268867
vn 0.2821214 -0.8125127 0.5101281
vn 0.4207343 -0.6495247 0.6333248
vn 0.02472637 -0.8606507 0.508595
vn 0.333123 -0.6988261 0.6329859
vn -0.06634096 -0.8482798 0.5253763
vn -0.5985807 -0.7784169 0.189125
vn -0.3584478 -0.7557511 0.5480469
vn -0.7983155 -0.5781295 0.1686968
vn -0.3860662 -0.7349802 0.5574559
vn -0.4095843 -0.7728595 0.4846948
vn -0.7456326 -0.6530967 0.1322754
vn -0.4716599 -0.8277898 0.3038109
vn -0.6624694 -0.7402593 0.1146761
vn -0.8598458 -0.4522061 -0.2370126
vn -0.7733032 -0.5405805 -0.3313231
vn -0.5251012 -0.7988244 -0.2935102
vn -0.3147011 -0.9065652 -0.2812521
vn -0.2147431 -0.9205132 -0.3264062
vn -0.1988568 -0.9754741 0.09437335
vn -0.2559249 -0.6044464 -0.7544184
vn -0.5473993 -0.5589845 -0.6228084
vn -0.8962504 -0.2052188 -0.3932183
vn -0.615941 -0.6303648 -0.4725009
vn -0.3069334 -0.8622753 -0.4028315
vn 0.2169464 -0.9452158 -0.2439291
vn -0.0826935 -0.8388062 -0.5381134
vn -0.1471292 -0.7074454 -0.6912843
vn 0.1994795 -0.78939 -0.5805786
vn -0.3159357 -0.6079235 -0.7284324
vn 0.153069 -0.8088 -0.5678138
vn 0.3513803 -0.8215238 -0.4490328
vn 0.3546185 -0.7796631 -0.5161114
vn 0.7728238 -0.6308652 -0.06893991
vn 0.3335856 -0.814807 -0.4741415
vn 0.4351119 -0.863811 -0.2539847
vn 0.5406479 -0.8371356 0.08308921
vn 0.2347278 -0.9612355 -0.1446694
vn 0.2805714 -0.9598272 -0.003366034
vn 0.4977047 -0.8513165 0.1659831
vn 0.4104604 -0.8755848 0.2547029
vn 0.2525981 -0.9253961 0.2825532
vn 0.1425581 -0.9474037 0.286537
vn 0.09589987 -0.9531973 0.2867371
vn 0.09429961 -0.9550265 0.2811262
vn 0.1353621 -0.9510971 0.2776536
vn 0.2240339 -0.922309 0.3148887
vn 0.3283484 -0.8400527 0.4318551
vn 0.3623914 -0.7396871 0.5670409
vn 0.3084614 -0.7609952 0.5707345
vn 0.2778715 -0.8619431 0.4240775
vn 0.3248162 -0.8239414 0.4643437
vn 0.2424361 -0.7497452 0.6157166
vn 0.1036909 -0.9201287 0.3776392
vn 0.05642981 -0.9730678 0.2235057
vn -0.2483981 -0.8733777 0.4189389
vn -0.4058473 -0.8719674 0.2737901
vn -0.375569 -0.8824737 0.2831752
vn -0.5839786 -0.6883478 0.4302864
vn -0.5094715 -0.8222296 0.2537268
vn -0.2868456 -0.9507375 0.1175497
vn -0.4450564 -0.8870031 0.1230866
vn -0.5207866 -0.8533651 -0.02343928
vn -0.3322019 -0.9269224 -0.1745186
vn -0.1874842 -0.9574407 -0.2194472
vn -0.1785791 -0.9484007 -0.2620034
vn -0.2096067 -0.9197299 -0.3319067
vn -0.2225716 -0.8945643 -0.387578
vn -0.2143227 -0.891273 -0.3996225
vn -0.1919938 -0.9177929 -0.3475551
vn -0.1577691 -0.9603958 -0.2296713
vn -0.1701215 -0.9757585 -0.1376738
vn -0.2399623 -0.9554033 -0.1721127
vn -0.3058621 -0.8674573 -0.3923852
vn -0.2162997 -0.8188171 -0.5317453
vn -0.1366366 -0.8968484 -0.4207059
vn -0.1853105 -0.8440785 -0.5031814
vn -0.09541073 -0.6949707 -0.7126799
vn -0.04415407 -0.8732563 -0.4852564
vn -0.07044536 -0.9400516 -0.3336771
vn 0.192124 -0.863021 -0.4672078
vn 0.2904983 -0.926311 -0.2399141
vn 0.3226259 -0.9214127 -0.2165901
vn 0.6038283 -0.7618319 -0.2345284
vn 0.5460743 -0.836163 -0.05132541
vn 0.3326378 -0.9430375 0.005693025
vn 0.4054352 -0.9128699 0.04786343
vn 0.4976916 -0.8513241 0.1659835
vn 0.3124484 -0.9439809 0.1061894
vn 0.1793975 -0.9797741 0.08865267
vn 0.2047096 -0.961626 0.1826732
vn 0.2903807 -0.9113014 0.2919053
vn 0.3540736 -0.8595955 0.368412
vn 0.3640431 -0.8384845 0.4054829
vn 0.3169263 -0.8582157 0.4037619
vn 0.2234496 -0.9033105 0.3661971
vn 0.1345933 -0.9351966 0.3275545
vn 0.1551012 -0.9182646 0.3643263
vn 0.3365717 -0.8063309 0.4863641
vn 0.4662161 -0.7037445 0.5360842
vn 0.2975512 -0.854827 0.4251283
vn -0.1257495 -0.9824024 0.1381038
vn -0.05237139 -0.9862014 0.1570481
vn 0.3177662 -0.8700331 0.3769179
vn 0.07317296 -0.9566057 0.2820482
vn -0.3674367 -0.9268018 0.07764443
vn -0.1841629 -0.9377329 0.2945184
vn -0.07851115 -0.9235689 0.3753085
vn -0.4937821 -0.8652034 0.08719157
vn -0.6422471 -0.7588909 -0.1077179
vn -0.3859081 -0.9217872 -0.03719387
vn -0.1187769 -0.9927214 0.01990534
vn -0.1553629 -0.9804287 -0.1209217
vn -0.2895124 -0.894165 -0.3415429
vn -0.3504209 -0.8052663 -0.4782796
vn -0.3524033 -0.7745443 -0.5252553
vn -0.349184 -0.7739249 -0.5283093
vn -0.3753677 -0.7688885 -0.5176
vn -0.4368731 -0.7487324 -0.4985395
vn -0.4975653 -0.7349338 -0.4607615
vn -0.4804252 -0.7824933 -0.3961009
vn -0.3106973 -0.9025114 -0.2982289
vn -0.09987655 -0.9692867 -0.2247397
vn -0.1763776 -0.9242072 -0.3387213
vn -0.4267924 -0.7367067 -0.5245106
vn -0.3558839 -0.7748553 -0.5224425
vn 0.09786658 -0.9606034 -0.2601216
vn 0.1600986 -0.9713598 -0.1755805
vn -0.2204729 -0.8995125 -0.3771855
vn -0.1122971 -0.9492961 -0.2936433
vn 0.2808802 -0.9596497 -0.01336827
vn 0.1415657 -0.9718941 -0.1880984
vn -0.03505991 -0.9290995 -0.3681642
vn 0.3000768 -0.9510211 -0.07424871
vn 0.5811858 -0.7709848 0.2603953
vn 0.536206 -0.8070842 0.2471806
vn 0.3124484 -0.9439808 0.1061904
vn 0.2301478 -0.9567544 0.1779131
vn 0.3644194 -0.9006278 0.2367873
vn 0.429564 -0.8598142 0.2760331
vn 0.4423071 -0.8391944 0.3164132
vn 0.4270541 -0.8294254 0.3601088
vn 0.4014365 -0.8233694 0.4011379
vn 0.3739329 -0.8208745 0.4316704
vn 0.3444501 -0.8277721 0.4428855
vn 0.3056775 -0.8551952 0.4185719
vn 0.2425638 -0.9088311 0.339395
vn 0.1416247 -0.9675735 0.2091506
vn 0.02200657 -0.9952935 0.09437513
vn -0.0547835 -0.9951204 0.08206235
vn -0.01459947 -0.9836507 0.1794942
vn 0.1378749 -0.9568498 0.2557911
vn 0.2348531 -0.9521629 0.1955249
vn 0.1703434 -0.9804458 0.09853575
vn 0.01667444 -0.9935791 0.1119041
vn -0.0663038 -0.9760628 0.207136
vn -0.0467847 -0.9775437 0.2054739
vn -0.06749744 -0.9951511 0.07154345
vn -0.2098892 -0.9736246 -0.08945206
vn -0.3843015 -0.8996786 -0.2071009
vn -0.4651583 -0.8388842 -0.2826679
vn -0.4395805 -0.8337737 -0.3340518
vn -0.3611153 -0.8594344 -0.3618955
vn -0.2859673 -0.8834493 -0.3711334
vn -0.2425328 -0.8960044 -0.3719598
vn -0.2332667 -0.8997852 -0.3687457
vn -0.2519373 -0.896773 -0.3637661
vn -0.2922621 -0.88525 -0.3618222
vn -0.3465675 -0.8605181 -0.3733626
vn -0.401124 -0.8214775 -0.4053076
vn -0.4359813 -0.7823761 -0.4447561
vn -0.4313277 -0.7794078 -0.4544006
vn -0.3661903 -0.8455603 -0.3885003
vn -0.2178822 -0.9465277 -0.2379345
vn -0.02870252 -0.9936787 -0.1085305
vn 0.08545134 -0.9893906 -0.1174926
vn 0.04151032 -0.9781132 -0.2038909
vn -0.1014951 -0.9750473 -0.1974372
vn -0.1599148 -0.9821007 -0.09952621
vn -0.08497943 -0.9950808 -0.0509198
vn -0.002289038 -0.993653 -0.1124657
vn -0.03394584 -0.9799877 -0.1961422
vn -0.1014756 -0.9785399 -0.1793384
vn -0.07896864 -0.9946305 -0.06688926
vn 0.05420762 -0.9958841 0.07263895
vn 0.2302842 -0.9567556 0.1777296
vn -0.01887764 -0.9971838 0.07258233
vn -0.02902045 -0.9950466 0.0950795
vn -0.04588877 -0.9939812 0.09947708
vn -0.05574005 -0.9938354 0.09583446
vn -0.0538912 -0.9944503 0.09035727
vn -0.04095981 -0.9953194 0.08752999
vn -0.01880194 -0.9957113 0.09058414
vn 0.01128959 -0.9947127 0.1020752
vn 0.04648634 -0.991488 0.1216165
vn 0.07838564 -0.986481 0.143913
vn 0.08923579 -0.9834958 0.1573944
vn 0.06142991 -0.9875163 0.1450448
vn -0.0006435134 -0.9954196 0.09560063
vn -0.04659287 -0.9986151 0.02443448
vn -0.007923677 -0.9997599 -0.02043183
vn 0.1238722 -0.9922923 0.003412699
vn 0.2595384 -0.9622518 0.08192383
vn 0.302644 -0.941041 0.1511572
vn 0.2367775 -0.9576802 0.1636617
vn 0.09701665 -0.9900504 0.1019215
vn -0.04176648 -0.9990685 -0.01084692
vn -0.112384 -0.9868684 -0.1160203
vn -0.1135321 -0.9780561 -0.1746904
vn -0.08634387 -0.9780602 -0.1895865
vn -0.06688899 -0.9797912 -0.1885078
vn -0.06850566 -0.9784372 -0.1948527
vn -0.08515146 -0.9733266 -0.2130367
vn -0.1057332 -0.9665368 -0.2337245
vn -0.1218385 -0.961686 -0.2455921
vn -0.1274369 -0.9614419 -0.2436995
vn -0.1188327 -0.9663305 -0.2282195
vn -0.09835388 -0.9743994 -0.2021694
vn -0.07720551 -0.9821064 -0.1717744
vn -0.0723644 -0.9863031 -0.1482216
vn -0.09209481 -0.9853068 -0.143837
vn -0.120013 -0.979403 -0.1623785
vn -0.1218826 -0.9748429 -0.1866172
vn -0.06702678 -0.980969 -0.1822288
vn 0.03959118 -0.9919537 -0.1202513
vn 0.1354918 -0.9906852 -0.01359091
vn 0.13642 -0.9881778 0.06995906
vn 0.008604812 -0.9982891 0.05783519
vn -0.1775988 -0.9825942 -0.0544739
vn -0.2857725 -0.9435853 -0.1672748
vn -0.2789994 -0.9391454 -0.2004123
vn -0.1983256 -0.9683909 -0.151281
vn -0.1015161 -0.9930121 -0.0601791
vn -0.03759978 -0.9990413 0.02242227
vn -0.01887796 -0.9971837 0.07258306
vn -0.3248681 -0.9353245 -0.140103
vn -0.3061389 -0.9436951 -0.1253741
vn -0.2793138 -0.952945 -0.1178124
vn -0.2496585 -0.9611697 -0.1175734
vn -0.2231715 -0.9674309 -0.1194656
vn -0.2040423 -0.971087 -0.123922
vn -0.1946608 -0.9721855 -0.1302406
vn -0.1934752 -0.9710768 -0.1399186
vn -0.1994166 -0.9683093 -0.1503664
vn -0.2068325 -0.9652193 -0.159913
vn -0.2074628 -0.9643028 -0.1645578
vn -0.1859567 -0.9694608 -0.1598935
vn -0.1281119 -0.9821202 -0.1379399
vn -0.02478938 -0.9955417 -0.09100687
vn 0.1090027 -0.9938326 -0.02037666
vn 0.2358717 -0.9701432 0.05645109
vn 0.3262756 -0.937981 0.1172003
vn 0.3729851 -0.9154204 0.1512871
vn 0.382111 -0.9100724 0.1604977
vn 0.3583147 -0.9217319 0.1483948
vn 0.3062869 -0.9445596 0.1183032
vn 0.231038 -0.9704678 0.06938116
vn 0.1438287 -0.9895955 0.003747661
vn 0.0584842 -0.9956192 -0.07295195
vn -0.01120093 -0.9898616 -0.1415931
vn -0.06101368 -0.9789705 -0.1946641
vn -0.09410873 -0.9690548 -0.2282026
vn -0.1161789 -0.9625832 -0.2448185
vn -0.1313951 -0.9596667 -0.2485462
vn -0.1412159 -0.9592772 -0.2446332
vn -0.1426048 -0.9610052 -0.2369241
vn -0.1317726 -0.9653405 -0.2252859
vn -0.1035735 -0.9726933 -0.2077023
vn -0.05542075 -0.9822153 -0.1793923
vn 0.007480468 -0.9908608 -0.1346813
vn 0.08318111 -0.9937519 -0.07441885
vn 0.1618403 -0.9868088 -0.004008107
vn 0.2342935 -0.9698954 0.06640512
vn 0.2907995 -0.9484308 0.1261536
vn 0.317024 -0.9337879 0.1659401
vn 0.3015005 -0.9368237 0.1773664
vn 0.230382 -0.9615747 0.1493261
vn 0.102733 -0.9917641 0.07648469
vn -0.05359447 -0.9982618 -0.02451573
vn -0.1867885 -0.9761126 -0.1109697
vn -0.2721989 -0.9492075 -0.157838
vn -0.3158293 -0.9336979 -0.1687011
vn -0.3301512 -0.9307167 -0.1573743
vn -0.3248621 -0.9353225 -0.1401301
vn 0 1 0
vn 0 1 0
vn 0 1 0
vn 0 1 0
vn 0 1 0
vn 0 1 0
vn 0 1 0
vn 0 1 0
vn 0 1 0
vn 0 1 0
vn 0 1 0
vn 0 1 0
vn 0 1 0
vn 0 1 0
vn 0 1 0
vn 0 1 0
vn 0 1 0
vn 0 1 0
vn 0 1 0
vn 0 1 0
vn 0 1 0
vn 0 1 0
vn 0 1 0
vn 0 1 0
vn 0 1 0
vn 0 1 0
vn 0 1 0
vn 0 1 0
vn 0 1 0
vn 0 1 0
vn 0 1 0
vn 0 1 0
vn 0 1 0
vn 0 1 0
vn 0 1 0
vn 0 1 0
vn 0 1 0
vn 0 1 0
vn 0 1 0
vn 0 1 0
vn 0 1 0
vn 0 1 0
vn 0 1 0
vn 0 1 0
vn 0 1 0
vn 0 1 0
vn 0 1 0
vn 0 1 0
vn 0 1 0
f 1/1/1 2/2/2 50/50/50
f 2/2/2 51/51/51 50/50/50
f 2/2/2 3/3/3 51/51/51
f 3/3/3 52/52/52 51/51/51
f 3/3/3 4/4/4 52/52/52
f 4/4/4 53/53/53 52/52/52
f 4/4/4 5/5/5 53/53/53
f 5/5/5 54/54/54 53/53/53
f 5/5/5 6/6/6 54/54/54
f 6/6/6 55/55/55 54/54/54
f 6/6/6 7/7/7 55/55/55
f 7/7/7 56/56/56 55/55/55
f 7/7/7 8/8/8 56/56/56
f 8/8/8 57/57/57 56/56/56
f 8/8/8 9/9/9 57/57/57
f 9/9/9 58/58/58 57/57/57
f 9/9/9 10/10/10 58/58/58
f 10/10/10 59/59/59 58/58/58
f 10/10/10 11/11/11 59/59/59
f 11/11/11 60/60/60 59/59/59
f 11/11/11 12/12/12 60/60/60
f 12/12/12 61/61/61 60/60/60
f 12/12/12 13/13/13 61/61/61
f 13/13/13 62/62/62 61/61/61
f 13/13/13 14/14/14 62/62/62
f 14/14/14 63/63/63 62/62/62
f 14/14/14 15/15/15 63/63/63
f 15/15/15 64/64/64 63/63/63
f 15/15/15 16/16/16 64/64/64
f 16/16/16 65/65/65 64/64/64
f 16/16/16 17/17/17 65/65/65
f 17/17/17 66/66/66 65/65/65
f 17/17/17 18/18/18 66/66/66
f 18/18/18 67/67/67 66/66/66
f 18/18/18 19/19/19 67/67/67
f 19/19/19 68/68/68 67/67/67
f 19/19/19 20/20/20 68/68/68
f 20/20/20 69/69/69 68/68/68
f 20/20/20 21/21/21 69/69/69
f 21/21/21 70/70/70 69/69/69
f 21/21/21 22/22/22 70/70/70
f 22/22/22 71/71/71 70/70/70
f 22/22/22 23/23/23 71/71/71
f 23/23/23 72/72/72 71/71/71
f 23/23/23 24/24/24 72/72/72
f 24/24/24 73/73/73 72/72/72
f 24/24/24 25/25/25 73/73/73
f 25/25/25 74/74/74 73/73/73
f 25/25/25 26/26/26 74/74/74
f 26/26/26 75/75/75 74/74/74
f 26/26/26 27/27/27 75/75/75
f 27/27/27 76/76/76 75/75/75
f 27/27/27 28/28/28 76/76/76
f 28/28/28 77/77/77 76/76/76
f 28/28/28 29/29/29 77/77/77
f 29/29/29 78/78/78 77/77/77
f 29/29/29 30/30/30 78/78/78
f 30/30/30 79/79/79 78/78/78
f 30/30/30 31/31/31 79/79/79
f 31/31/31 80/80/80 79/79/79
f 31/31/31 32/32/32 80/80/80
f 32/32/32 81/81/81 80/80/80
f 32/32/32 33/33/33 81/81/81
f 33/33/33 82/82/82 81/81/81
f 33/33/33 34/34/34 82/82/82
f 34/34/34 83/83/83 82/82/82
f 34/34/34 35/35/35 83/83/83
f 35/35/35 84/84/84 83/83/83
f 35/35/35 36/36/36 84/84/84
f 36/36/36 85/85/85 84/84/84
f 36/36/36 37/37/37 85/85/85
f 37/37/37 86/86/86 85/85/85
f 37/37/37 38/38/38 86/86/86
f 38/38/38 87/87/87 86/86/86
f 38/38/38 39/39/39 87/87/87
f 39/39/39 88/88/88 87/87/87
f 39/39/39 40/40/40 88/88/88
f 40/40/40 89/89/89 88/88/88
f 40/40/40 41/41/41 89/89/89
f 41/41/41 90/90/90 89/89/89
f 41/41/41 42/42/42 90/90/90
f 42/42/42 91/91/91 90/90/90
f 42/42/42 43/43/43 91/91/91
f 43/43/43 92/92/92 91/91/91
f 43/43/43 44/44/44 92/92/92
f 44/44/44 93/93/93 92/92/92
f 44/44/44 45/45/45 93/93/93
f 45/45/45 94/94/94 93/93/93
f 45/45/45 46/46/46 94/94/94
f 46/46/46 95/95/95 94/94/94
f 46/46/46 47/47/47 95/95/95
f 47/47/47 96/96/96 95/95/95
f 47/47/47 48/48/48 96/96/96
f 48/48/48 97/97/97 96/96/96
f 48/48/48 49/49/49 97/97/97
f 49/49/49 98/98/98 97/97/97
f 50/50/50 51/51/51 99/99/99
f 51/51/51 100/100/100 99/99/99
f 51/51/51 52/52/52 100/100/100
f 52/52/52 101/101/101 100/100/100
f 52/52/52 53/53/53 101/101/101
f 53/53/53 102/102/102 101/101/101
f 53/53/53 54/54/54 102/102/102
f 54/54/54 103/103/103 102/102/102
f 54/54/54 55/55/55 103/103/103
f 55/55/55 104/104/104 103/103/103
f 55/55/55 56/56/56 104/104/104
f 56/56/56 105/105/105 104/104/104
f 56/56/56 57/57/57 105/105/105
f 57/57/57 106/106/106 105/105/105
f 57/57/57 58/58/58 106/106/106
f 58/58/58 107/107/107 106/106/106
f 58/58/58 59/59/59 107/107/107
f 59/59/59 108/108/108 107/107/107
f 59/59/59 60/60/60 108/108/108
f 60/60/60 109/109/109 108/108/108
f 60/60/60 61/61/61 109/109/109
f 61/61/61 110/110/110 109/109/109
f 61/61/61 62/62/62 110/110/110
f 62/62/62 111/111/111 110/110/110
f 62/62/62 63/63/63 111/111/111
f 63/63/63 112/112/112 111/111/111
f 63/63/63 64/64/64 112/112/112
f 64/64/64 113/113/113 112/112/112
f 64/64/64 65/65/65 113/113/113
f 65/65/65 114/114/114 113/113/113
f 65/65/65 66/66/66 114/114/114
f 66/66/66 115/115/115 114/114/114
f 66/66/66 67/67/67 115/115/115
f 67/67/67 116/116/116 115/115/115
f 67/67/67 68/68/68 116/116/116
f 68/68/68 117/117/117 116/116/116
f 68/68/68 69/69/69 117/117/117
f 69/69/69 118/118/118 117/117/117
f 69/69/69 70/70/70 118/118/118
f 70/70/70 119/119/119 118/118/118
f 70/70/70 71/71/71 119/119/119
f 71/71/71 120/120/120 119/119/119
f 71/71/71 72/72/72 120/120/120
f 72/72/72 121/121/121 120/120/120
f 72/72/72 73/73/73 121/121/121
f 73/73/73 122/122/122 121/121/121
f 73/73/73 74/74/74 122/122/122
f 74/74/74 123/123/123 122/122/122
f 74/74/74 75/75/75 123/123/123
f 75/75/75 124/124/124 123/123/123
f 75/75/75 76/76/76 124/124/124
f 76/76/76 125/125/125 124/124/124
f 76/76/76 77/77/77 125/125/125
f 77/77/77 126/126/126 125/125/125
f 77/77/77 78/78/78 126/126/126
f 78/78/78 127/127/127 126/126/126
f 78/78/78 79/79/79 127/127/127
f 79/79/79 128/128/128 127/127/127
f 79/79/79 80/80/80 128/128/128
f 80/80/80 129/129/129 128/128/128
f 80/80/80 81/81/81 129/129/129
f 81/81/81 130/130/130 129/129/129
f 81/81/81 82/82/82 130/130/130
f 82/82/82 131/131/131 130/130/130
f 82/82/82 83/83/83 131/131/131
f 83/83/83 132/132/132 131/131/131
f 83/83/83 84/84/84 132/132/132
f 84/84/84 133/133/133 132/132/132
f 84/84/84 85/85/85 133/133/133
f 85/85/85 134/134/134 133/133/133
f 85/85/85 86/86/86 134/134/134
f 86/86/86 135/135/135 134/134/134
f 86/86/86 87/87/87 135/135/135
f 87/87/87 136/136/136 135/135/135
f 87/87/87 88/88/88 136/136/136
f 88/88/88 137/137/137 136/136/136
f 88/88/88 89/89/89 137/137/137
f 89/89/89 138/138/138 137/137/137
f 89/89/89 90/90/90 138/138/138
f 90/90/90 139/139/139 138/138/138
f 90/90/90 91/91/91 139/139/139
f 91/91/91 140/140/140 139/139/139
f 91/91/91 92/92/92 140/140/140
f 92/92/92 141/141/141 140/140/140
f 92/92/92 93/93/93 141/141/141
f 93/93/93 142/142/142 141/141/141
f 93/93/93 94/94/94 142/142/142
f 94/94/94 143/143/143 142/142/142
f 94/94/94 95/95/95 143/143/143
f 95/95/95 144/144/144 143/143/143
f 95/95/95 96/96/96 144/144/144
f 96/96/96 145/145/145 144/144/144
f 96/96/96 97/97/97 145/145/145
f 97/97/97 146/146/146 145/145/145
f 97/97/97 98/98/98 146/146/146
f 98/98/98 147/147/147 146/146/146
f 99/99/99 100/100/100 148/148/148
f 100/100/100 149/149/149 148/148/148
f 100/100/100 101/101/101 149/149/149
f 101/101/101 150/150/150 149/149/149
f 101/101/101 102/102/102 150/150/150
f 102/102/102 151/151/151 150/150/150
f 102/102/102 103/103/103 151/151/151
f 103/103/103 152/152/152 151/151/151
f 103/103/103 104/104/104 152/152/152
f 104/104/104 153/153/153 152/152/152
f 104/104/104 105/105/105 153/153/153
f 105/105/105 154/154/154 153/153/153
f 105/105/105 106/106/106 154/154/154
f 106/106/106 155/155/155 154/154/154
f 106/106/106 107/107/107 155/155/155
f 107/107/107 156/156/156 155/155/155
f 107/107/107 108/108/108 156/156/156
f 108/108/108 157/157/157 156/156/156
f 108/108/108 109/109/109 157/157/157
f 109/109/109 158/158/158 157/157/157
f 109/109/109 110/110/110 158/158/158
f 110/110/110 159/159/159 158/158/158
f 110/110/110 111/111/111 159/159/159
f 111/111/111 160/160/160 159/159/159
f 111/111/111 112/112/112 160/160/160
f 112/112/112 161/161/161 160/160/160
f 112/112/112 113/113/113 161/161/161
f 113/113/113 162/162/162 161/161/161
f 113/113/113 114/114/114 162/162/162
f 114/114/114 163/163/163 162/162/162
f 114/114/114 115/115/115 163/163/163
f 115/115/115 164/164/164 163/163/163
f 115/115/115 116/116/116 164/164/164
f 116/116/116 165/165/165 164/164/164
f 116/116/116 117/117/117 165/165/165
f 117/117/117 166/166/166 165/165/165
f 117/117/117 118/118/118 166/166/166
f 118/118/118 167/167/167 166/166/166
f 118/118/118 119/119/119 167/167/167
f 119/119/119 168/168/168 167/167/167
f 119/119/119 120/120/120 168/168/168
f 120/120/120 169/169/169 168/168/168
f 120/120/120 121/121/121 169/169/169
f 121/121/121 170/170/170 169/169/169
f 121/121/121 122/122/122 170/170/170
f 122/122/122 171/171/171 170/170/170
f 122/122/122 123/123/123 171/171/171
f 123/123/123 172/172/172 171/171/171
f 123/123/123 124/124/124 172/172/172
f 124/124/124 173/173/173 172/172/172
f 124/124/124 125/125/125 173/173/173
f 125/125/125 174/174/174 173/173/173
f 125/125/125 126/126/126 174/174/174
f 126/126/126 175/175/175 174/174/174
f 126/126/126 127/127/127 175/175/175
f 127/127/127 176/176/176 175/175/175
f 127/127/127 128/128/128 176/176/176
f 128/128/128 177/177/177 176/176/176
f 128/128/128 129/129/129 177/177/177
f 129/129/129 178/178/178 177/177/177
f 129/129/129 130/130/130 178/178/178
f 130/130/130 179/179/179 178/178/178
f 130/130/130 131/131/131 179/179/179
f 131/131/131 180/180/180 179/179/179
f 131/131/131 132/132/132 180/180/180
f 132/132/132 181/181/181 180/180/180
f 132/132/132 133/133/133 181/181/181
f 133/133/133 182/182/182 181/181/181
f 133/133/133 134/134/134 182/182/182
f 134/134/134 183/183/183 182/182/182
f 134/134/134 135/135/135 183/183/183
f 135/135/135 184/184/184 183/183/183
f 135/135/135 136/136/136 184/184/184
f 136/136/136 185/185/185 184/184/184
f 136/136/136 137/137/137 185/185/185
f 137/137/137 186/186/186 185/185/185
f 137/137/137 138/138/138 186/186/186
f 138/138/138 187/187/187 186/186/186
f 138/138/138 139/139/139 187/187/187
f 139/139/139 188/188/188 187/187/187
f 139/139/139 140/140/140 188/188/188
f 140/140/140 189/189/189 188/188/188
f 140/140/140 141/141/141 189/189/189
f 141/141/141 190/190/190 189/189/189
f 141/141/141 142/142/142 190/190/190
f 142/142/142 191/191/191 190/190/190
f 142/142/142 143/143/143 191/191/191
f 143/143/143 192/192/192 191/191/191
f 143/143/143 144/144/144 192/192/192
f 144/144/144 193/193/193 192/192/192
f 144/144/144 145/145/145 193/193/193
f 145/145/145 194/194/194 193/193/193
f 145/145/145 146/146/146 194/194/194
f 146/146/146 195/195/195 194/194/194
f 146/146/146 147/147/147 195/195/195
f 147/147/147 196/196/196 195/195/195
f 148/148/148 149/149/149 197/197/197
f 149/149/149 198/198/198 197/197/197
f 149/149/149 150/150/150 198/198/198
f 150/150/150 199/199/199 198/198/198
f 150/150/150 151/151/151 199/199/199
f 151/151/151 200/200/200 199/199/199
f 151/151/151 152/152/152 200/200/200
f 152/152/152 201/201/201 200/200/200
f 152/152/152 153/153/153 201/201/201
f 153/153/153 202/202/202 201/201/201
f 153/153/153 154/154/154 202/202/202
f 154/154/154 203/203/203 202/202/202
f 154/154/154 155/155/155 203/203/203
f 155/155/155 204/204/204 203/203/203
f 155/155/155 156/156/156 204/204/204
f 156/156/156 205/205/205 204/204/204
f 156/156/156 157/157/157 205/205/205
f 157/157/157 206/206/206 205/205/205
f 157/157/157 158/158/158 206/206/206
f 158/158/158 207/207/207 206/206/206
f 158/158/158 159/159/159 207/207/207
f 159/159/159 208/208/208 207/207/207
f 159/159/159 160/160/160 208/208/208
f 160/160/160 209/209/209 208/208/208
f 160/160/160 161/161/161 209/209/209
f 161/161/161 210/210/210 209/209/209
f 161/161/161 162/162/162 210/210/210
f 162/162/162 211/211/211 210/210/210
f 162/162/162 163/163/163 211/211/211
f 163/163/163 212/212/212 211/211/211
f 163/163/163 164/164/164 212/212/212
f 164/164/164 213/213/213 212/212/212
f 164/164/164 165/165/165 213/213/213
f 165/165/165 214/214/214 213/213/213
f 165/165/165 166/166/166 214/214/214
f 166/166/166 215/215/215 214/214/214
f 166/166/166 167/167/167 215/215/215
f 167/167/167 216/216/216 215/215/215
f 167/167/167 168/168/168 216/216/216
f 168/168/168 217/217/217 216/216/216
f 168/168/168 169/169/169 217/217/217
f 169/169/169 218/218/218 217/217/217
f 169/169/169 170/170/170 218/218/218
f 170/170/170 219/219/219 218/218/218
f 170/170/170 171/171/171 219/219/219
f 171/171/171 220/220/220 219/219/219
f 171/171/171 172/172/172 220/220/220
f 172/172/172 221/221/221 220/220/220
f 172/172/172 173/173/173 221/221/221
f 173/173/173 222/222/222 221/221/221
f 173/173/173 174/174/174 222/222/222
f 174/174/174 223/223/223 222/222/222
f 174/174/174 175/175/175 223/223/223
f 175/175/175 224/224/224 223/223/223
f 175/175/175 176/176/176 224/224/224
f 176/176/176 225/225/225 224/224/224
f 176/176/176 177/177/177 225/225/225
f 177/177/177 226/226/226 225/225/225
f 177/177/177 178/178/178 226/226/226
f 178/178/178 227/227/227 226/226/226
f 178/178/178 179/179/179 227/227/227
f 179/179/179 228/228/228 227/227/227
f 179/179/179 180/180/180 228/228/228
f 180/180/180 229/229/229 228/228/228
f 180/180/180 181/181/181 229/229/229
f 181/181/181 230/230/230 229/229/229
f 181/181/181 182/182/182 230/230/230
f 182/182/182 231/231/231 230/230/230
f 182/182/182 183/183/183 231/231/231
f 183/183/183 232/232/232 231/231/231
f 183/183/183 184/184/184 232/232/232
f 184/184/184 233/233/233 232/232/232
f 184/184/184 185/185/185 233/233/233
f 185/185/185 234/234/234 233/233/233
f 185/185/185 186/186/186 234/234/234
f 186/186/186 235/235/235 234/234/234
f 186/186/186 187/187/187 235/235/235
f 187/187/187 236/236/236 235/235/235
f 187/187/187 188/188/188 236/236/236
f 188/188/188 237/237/237 236/236/236
f 188/188/188 189/189/189 237/237/237
f 189/189/189 238/238/238 237/237/237
f 189/189/189 190/190/190 238/238/238
f 190/190/190 239/239/239 238/238/238
f 190/190/190 191/191/191 239/239/239
f 191/191/191 240/240/240 239/239/239
f 191/191/191 192/192/192 240/240/240
f 192/192/192 241/241/241 240/240/240
f 192/192/192 193/193/193 241/241/241
f 193/193/193 242/242/242 241/241/241
f 193/193/193 194/194/194 242/242/242
f 194/194/194 243/243/243 242/242/242
f 194/194/194 195/195/195 243/243/243
f 195/195/195 244/244/244 243/243/243
f 195/195/195 196/196/196 244/244/244
f 196/196/196 245/245/245 244/244/244
f 197/197/197 198/198/198 246/246/246
f 198/198/198 247/247/247 246/246/246
f 198/198/198 199/199/199 247/247/247
f 199/199/199 248/248/248 247/247/247
f 199/199/199 200/200/200 248/248/248
f 200/200/200 249/249/249 248/248/248
f 200/200/200 201/201/201 249/249/249
f 201/201/201 250/250/250 249/249/249
f 201/201/201 202/202/202 250/250/250
f 202/202/202 251/251/251 250/250/250
f 202/202/202 203/203/203 251/251/251
f 203/203/203 252/252/252 251/251/251
f 203/203/203 204/204/204 252/252/252
f 204/204/204 253/253/253 252/252/252
f 204/204/204 205/205/205 253/253/253
f 205/205/205 254/254/254 253/253/253
f 205/205/205 206/206/206 254/254/254
f 206/206/206 255/255/255 254/254/254
f 206/206/206 207/207/207 255/255/255
f 207/207/207 256/256/256 255/255/255
f 207/207/207 208/208/208 256/256/256
f 208/208/208 257/257/257 256/256/256
f 208/208/208 209/209/209 257/257/257
f 209/209/209 258/258/258 257/257/257
f 209/209/209 210/210/210 258/258/258
f 210/210/210 259/259/259 258/258/258
f 210/210/210 211/211/211 259/259/259
f 211/211/211 260/260/260 259/259/259
f 211/211/211 212/212/212 260/260/260
f 212/212/212 261/261/261 260/260/260
f 212/212/212 213/213/213 261/261/261
f 213/213/213 262/262/262 261/261/261
f 213/213/213 214/214/214 262/262/262
f 214/214/214 263/263/263 262/262/262
f 214/214/214 215/215/215 263/263/263
f 215/215/215 264/264/264 263/263/263
f 215/215/215 216/216/216 264/264/264
f 216/216/216 265/265/265 264/264/264
f 216/216/216 217/217/217 265/265/265
f 217/217/217 266/266/266 265/265/265
f 217/217/217 218/218/218 266/266/266
f 218/218/218 267/267/267 266/266/266
f 218/218/218 219/219/219 267/267/267
f 219/219/219 268/268/268 267/267/267
f 219/219/219 220/220/220 268/268/268
f 220/220/220 269/269/269 268/268/268
f 220/220/220 221/221/221 269/269/269
f 221/221/221 270/270/270 269/269/269
f 221/221/221 222/222/222 270/270/270
f 222/222/222 271/271/271 270/270/270
f 222/222/222 223/223/223 271/271/271
f 223/223/223 272/272/272 271/271/271
f 223/223/223 224/224/224 272/272/272
f 224/224/224 273/273/273 272/272/272
f 224/224/224 225/225/225 273/273/273
f 225/225/225 274/274/274 273/273/273
f 225/225/225 226/226/226 274/274/274
f 226/226/226 275/275/275 274/274/274
f 226/226/226 227/227/227 275/275/275
f 227/227/227 276/276/276 275/275/275
f 227/227/227 228/228/228 276/276/276
f 228/228/228 277/277/277 276/276/276
f 228/228/228 229/229/229 277/277/277
f 229/229/229 278/278/278 277/277/277
f 229/229/229 230/230/230 278/278/278
f 230/230/230 279/279/279 278/278/278
f 230/230/230 231/231/231 279/279/279
f 231/231/231 280/280/280 279/279/279
f 231/231/231 232/232/232 280/280/280
f 232/232/232 281/281/281 280/280/280
f 232/232/232 233/233/233 281/281/281
f 233/233/233 282/282/282 281/281/281
f 233/233/233 234/234/234 282/282/282
f 234/234/234 283/283/283 282/282/282
f 234/234/234 235/235/235 283/283/283
f 235/235/235 284/284/284 283/283/283
f 235/235/235 236/236/236 284/284/284
f 236/236/236 285/285/285 284/284/284
f 236/236/236 237/237/237 285/285/285
f 237/237/237 286/286/286 285/285/285
f 237/237/237 238/238/238 286/286/286
f 238/238/238 287/287/287 286/286/286
f 238/238/238 239/239/239 287/287/287
f 239/239/239 288/288/288 287/287/287
f 239/239/239 240/240/240 288/288/288
f 240/240/240 289/289/289 288/288/288
f 240/240/240 241/241/241 289/289/289
f 241/241/241 290/290/290 289/289/289
f 241/241/241 242/242/242 290/290/290
f 242/242/242 291/291/291 290/290/290
f 242/242/242 243/243/243 291/291/291
f 243/243/243 292/292/292 291/291/291
f 243/243/243 244/244/244 292/292/292
f 244/244/244 293/293/293 292/292/292
f 244/244/244 245/245/245 293/293/293
f 245/245/245 294/294/294 293/293/293
f 246/246/246 247/247/247 295/295/295
f 247/247/247 296/296/296 295/295/295
f 247/247/247 248/248/248 296/296/296
f 248/248/248 297/297/297 296/296/296
f 248/248/248 249/249/249 297/297/297
f 249/249/249 298/298/298 297/297/297
f 249/249/249 250/250/250 298/298/298
f 250/250/250 299/299/299 298/298/298
f 250/250/250 251/251/251 299/299/299
f 251/251/251 300/300/300 299/299/299
f 251/251/251 252/252/252 300/300/300
f 252/252/252 301/301/301 300/300/300
f 252/252/252 253/253/253 301/301/301
f 253/253/253 302/302/302 301/301/301
f 253/253/253 254/254/254 302/302/302
f 254/254/254 303/303/303 302/302/302
f 254/254/254 255/255/255 303/303/303
f 255/255/255 304/304/304 303/303/303
f 255/255/255 256/256/256 304/304/304
f 256/256/256 305/305/305 304/304/304
f 256/256/256 257/257/257 305/305/305
f 257/257/257 306/306/306 305/305/305
f 257/257/257 258/258/258 306/306/306
f 258/258/258 307/307/307 306/306/306
f 258/258/258 259/259/259 307/307/307
f 259/259/259 308/308/308 307/307/307
f 259/259/259 260/260/260 308/308/308
f 260/260/260 309/309/309 308/308/308
f 260/260/260 261/261/261 309/309/309
f 261/261/261 310/310/310 309/309/309
f 261/261/261 262/262/262 310/310/310
f 262/262/262 311/311/311 310/310/310
f 262/262/262 263/263/263 311/311/311
f 263/263/263 312/312/312 311/311/311
f 263/263/263 264/264/264 312/312/312
f 264/264/264 313/313/313 312/312/312
f 264/264/264 265/265/265 313/313/313
f 265/265/265 314/314/314 313/313/313
f 265/265/265 266/266/266 314/314/314
f 266/266/266 315/315/315 314/314/314
f 266/266/266 267/267/267 315/315/315
f 267/267/267 316/316/316 315/315/315
f 267/267/267 268/268/268 316/316/316
f 268/268/268 317/317/317 316/316/316
f 268/268/268 269/269/269 317/317/317
f 269/269/269 318/318/318 317/317/317
f 269/269/269 270/270/270 318/318/318
f 270/270/270 319/319/319 318/318/318
f 270/270/270 271/271/271 319/319/319
f 271/271/271 320/320/320 319/319/319
f 271/271/271 272/272/272 320/320/320
f 272/272/272 321/321/321 320/320/320
f 272/272/272 273/273/273 321/321/321
f 273/273/273 322/322/322 321/321/321
f 273/273/273 274/274/274 322/322/322
f 274/274/274 323/323/323 322/322/322
f 274/274/274 275/275/275 323/323/323
f 275/275/275 324/324/324 323/323/323
f 275/275/275 276/276/276 324/324/324
f 276/276/276 325/325/325 324/324/324
f 276/276/276 277/277/277 325/325/325
f 277/277/277 326/326/326 325/325/325
f 277/277/277 278/278/278 326/326/326
f 278/278/278 327/327/327 326/326/326
f 278/278/278 279/279/279 327/327/327
f 279/279/279 328/328/328 327/327/327
f 279/279/279 280/280/280 328/328/328
f 280/280/280 329/329/329 328/328/328
f 280/280/280 281/281/281 329/329/329
f 281/281/281 330/330/330 329/329/329
f 281/281/281 282/282/282 330/330/330
f 282/282/282 331/331/331 330/330/330
f 282/282/282 283/283/283 331/331/331
f 283/283/283 332/332/332 331/331/331
f 283/283/283 284/284/284 332/332/332
f 284/284/284 333/333/333 332/332/332
f 284/284/284 285/285/285 333/333/333
f 285/285/285 334/334/334 333/333/333
f 285/285/285 286/286/286 334/334/334
f 286/286/286 335/335/335 334/334/334
f 286/286/286 287/287/287 335/335/335
f 287/287/287 336/336/336 335/335/335
f 287/287/287 288/288/288 336/336/336
f 288/288/288 337/337/337 336/336/336
f 288/288/288 289/289/289 337/337/337
f 289/289/289 338/338/338 337/337/337
f 289/289/289 290/290/290 338/338/338
f 290/290/290 339/339/339 338/338/338
f 290/290/290 291/291/291 339/339/339
f 291/291/291 340/340/340 339/339/339
f 291/291/291 292/292/292 340/340/340
f 292/292/292 341/341/341 340/340/340
f 292/292/292 293/293/293 341/341/341
f 293/293/293 342/342/342 341/341/341
f 293/293/293 294/294/294 342/342/342
f 294/294/294 343/343/343 342/342/342
f 295/295/295 296/296/296 344/344/344
f 296/296/296 345/345/345 344/344/344
f 296/296/296 297/297/297 345/345/345
f 297/297/297 346/346/346 345/345/345
f 297/297/297 298/298/298 346/346/346
f 298/298/298 347/347/347 346/346/346
f 298/298/298 299/299/299 347/347/347
f 299/299/299 348/348/348 347/347/347
f 299/299/299 300/300/300 348/348/348
f 300/300/300 349/349/349 348/348/348
f 300/300/300 301/301/301 349/349/349
f 301/301/301 350/350/350 349/349/349
f 301/301/301 302/302/302 350/350/350
f 302/302/302 351/351/351 350/350/350
f 302/302/302 303/303/303 351/351/351
f 303/303/303 352/352/352 351/351/351
f 303/303/303 304/304/304 352/352/352
f 304/304/304 353/353/353 352/352/352
f 304/304/304 305/305/305 353/353/353
f 305/305/305 354/354/354 353/353/353
f 305/305/305 306/306/306 354/354/354
f 306/306/306 355/355/355 354/354/354
f 306/306/306 307/307/307 355/355/355
f 307/307/307 356/356/356 355/355/355
f 307/307/307 308/308/308 356/356/356
f 308/308/308 357/357/357 356/356/356
f 308/308/308 309/309/309 357/357/357
f 309/309/309 358/358/358 357/357/357
f 309/309/309 310/310/310 358/358/358
f 310/310/310 359/359/359 358/358/358
f 310/310/310 311/311/311 359/359/359
f 311/311/311 360/360/360 359/359/359
f 311/311/311 312/312/312 360/360/360
f 312/312/312 361/361/361 360/360/360
f 312/312/312 313/313/313 361/361/361
f 313/313/313 362/362/362 361/361/361
f 313/313/313 314/314/314 362/362/362
f 314/314/314 363/363/363 362/362/362
f 314/314/314 315/315/315 363/363/363
f 315/315/315 364/364/364 363/363/363
f 315/315/315 316/316/316 364/364/364
f 316/316/316 365/365/365 364/364/364
f 316/316/316 317/317/317 365/365/365
f 317/317/317 366/366/366 365/365/365
f 317/317/317 318/318/318 366/366/366
f 318/318/318 367/367/367 366/366/366
f 318/318/318 319/319/319 367/367/367
f 319/319/319 368/368/368 367/367/367
f 319/319/319 320/320/320 368/368/368
f 320/320/320 369/369/369 368/368/368
f 320/320/320 321/321/321 369/369/369
f 321/321/321 370/370/370 369/369/369
f 321/321/321 322/322/322 370/370/370
f 322/322/322 371/371/371 370/370/370
f 322/322/322 323/323/323 371/371/371
f 323/323/323 372/372/372 371/371/371
f 323/323/323 324/324/324 372/372/372
f 324/324/324 373/373/373 372/372/372
f 324/324/324 325/325/325 373/373/373
f 325/325/325 374/374/374 373/373/373
f 325/325/325 326/326/326 374/374/374
f 326/326/326 375/375/375 374/374/374
f 326/326/326 327/327/327 375/375/375
f 327/327/327 376/376/376 375/375/375
f 327/327/327 328/328/328 376/376/376
f 328/328/328 377/377/377 376/376/376
f 328/328/328 329/329/329 377/377/377
f 329/329/329 378/378/378 377/377/377
f 329/329/329 330/330/330 378/378/378
f 330/330/330 379/379/379 378/378/378
f 330/330/330 331/331/331 379/379/379
f 331/331/331 380/380/380 379/379/379
f 331/331/331 332/332/332 380/380/380
f 332/332/332 381/381/381 380/380/380
f 332/332/332 333/333/333 381/381/381
f 333/333/333 382/382/382 381/381/381
f 333/333/333 334/334/334 382/382/382
f 334/334/334 383/383/383 382/382/382
f 334/334/334 335/335/335 383/383/383
f 335/335/335 384/384/384 383/383/383
f 335/335/335 336/336/336 384/384/384
f 336/336/336 385/385/385 384/384/384
f 336/336/336 337/337/337 385/385/385
f 337/337/337 386/386/386 385/385/385
f 337/337/337 338/338/338 386/386/386
f 338/338/338 387/387/387 386/386/386
f 338/338/338 339/339/339 387/387/387
f 339/339/339 388/388/388 387/387/387
f 339/339/339 340/340/340 388/388/388
f 340/340/340 389/389/389 388/388/388
f 340/340/340 341/341/341 389/389/389
f 341/341/341 390/390/390 389/389/389
f 341/341/341 342/342/342 390/390/390
f 342/342/342 391/391/391 390/390/390
f 342/342/342 343/343/343 391/391/391
f 343/343/343 392/392/392 391/391/391
f 344/344/344 345/345/345 393/393/393
f 345/345/345 394/394/394 393/393/393
f 345/345/345 346/346/346 394/394/394
f 346/346/346 395/395/395 394/394/394
f 346/346/346 347/347/347 395/395/395
f 347/347/347 396/396/396 395/395/395
f 347/347/347 348/348/348 396/396/396
f 348/348/348 397/397/397 396/396/396
f 348/348/348 349/349/349 397/397/397
f 349/349/349 398/398/398 397/397/397
f 349/349/349 350/350/350 398/398/398
f 350/350/350 399/399/399 398/398/398
f 350/350/350 351/351/351 399/399/399
f 351/351/351 400/400/400 399/399/399
f 351/351/351 352/352/352 400/400/400
f 352/352/352 401/401/401 400/400/400
f 352/352/352 353/353/353 401/401/401
f 353/353/353 402/402/402 401/401/401
f 353/353/353 354/354/354 402/402/402
f 354/354/354 403/403/403 402/402/402
f 354/354/354 355/355/355 403/403/403
f 355/355/355 404/404/404 403/403/403
f 355/355/355 356/356/356 404/404/404
f 356/356/356 405/405/405 404/404/404
f 356/356/356 357/357/357 405/405/405
f 357/357/357 406/406/406 405/405/405
f 357/357/357 358/358/358 406/406/406
f 358/358/358 407/407/407 406/406/406
f 358/358/358 359/359/359 407/407/407
f 359/359/359 408/408/408 407/407/407
f 359/359/359 360/360/360 408/408/408
f 360/360/360 409/409/409 408/408/408
f 360/360/360 361/361/361 409/409/409
f 361/361/361 410/410/410 409/409/409
f 361/361/361 362/362/362 410/410/410
f 362/362/362 411/411/411 410/410/410
f 362/362/362 363/363/363 411/411/411
f 363/363/363 412/412/412 411/411/411
f 363/363/363 364/364/364 412/412/412
f 364/364/364 413/413/413 412/412/412
f 364/364/364 365/365/365 413/413/413
f 365/365/365 414/414/414 413/413/413
f 365/365/365 366/366/366 414/414/414
f 366/366/366 415/415/415 414/414/414
f 366/366/366 367/367/367 415/415/415
f 367/367/367 416/416/416 415/415/415
f 367/367/367 368/368/368 416/416/416
f 368/368/368 417/417/417 416/416/416
f 368/368/368 369/369/369 417/417/417
f 369/369/369 418/418/418 417/417/417
f 369/369/369 370/370/370 418/418/418
f 370/370/370 419/419/419 418/418/418
f 370/370/370 371/371/371 419/419/419
f 371/371/371 420/420/420 419/419/419
f 371/371/371 372/372/372 420/420/420
f 372/372/372 421/421/421 420/420/420
f 372/372/372 373/373/373 421/421/421
f 373/373/373 422/422/422 421/421/421
f 373/373/373 374/374/374 422/422/422
f 374/374/374 423/423/423 422/422/422
f 374/374/374 375/375/375 423/423/423
f 375/375/375 424/424/424 423/423/423
f 375/375/375 376/376/376 424/424/424
f 376/376/376 425/425/425 424/424/424
f 376/376/376 377/377/377 425/425/425
f 377/377/377 426/426/426 425/425/425
f 377/377/377 378/378/378 426/426/426
f 378/378/378 427/427/427 426/426/426
f 378/378/378 379/379/379 427/427/427
f 379/379/379 428/428/428 427/427/427
f 379/379/379 380/380/380 428/428/428
f 380/380/380 429/429/429 428/428/428
f 380/380/380 381/381/381 429/429/429
f 381/381/381 430/430/430 429/429/429
f 381/381/381 382/382/382 430/430/430
f 382/382/382 431/431/431 430/430/430
f 382/382/382 383/383/383 431/431/431
f 383/383/383 432/432/432 431/431/431
f 383/383/383 384/384/384 432/432/432
f 384/384/384 433/433/433 432/432/432
f 384/384/384 385/385/385 433/433/433
f 385/385/385 434/434/434 433/433/433
f 385/385/385 386/386/386 434/434/434
f 386/386/386 435/435/435 434/434/434
f 386/386/386 387/387/387 435/435/435
f 387/387/387 436/436/436 435/435/435
f 387/387/387 388/388/388 436/436/436
f 388/388/388 437/437/437 436/436/436
f 388/388/388 389/389/389 437/437/437
f 389/389/389 438/438/438 437/437/437
f 389/389/389 390/390/390 438/438/438
f 390/390/390 439/439/439 438/438/438
f 390/390/390 391/391/391 439/439/439
f 391/391/391 440/440/440 439/439/439
f 391/391/391 392/392/392 440/440/440
f 392/392/392 441/441/441 440/440/440
f 393/393/393 394/394/394 442/442/442
f 394/394/394 443/443/443 442/442/442
f 394/394/394 395/395/395 443/443/443
f 395/395/395 444/444/444 443/443/443
f 395/395/395 396/396/396 444/444/444
f 396/396/396 445/445/445 444/444/444
f 396/396/396 397/397/397 445/445/445
f 397/397/397 446/446/446 445/445/445
f 397/397/397 398/398/398 446/446/446
f 398/398/398 447/447/447 446/446/446
f 398/398/398 399/399/399 447/447/447
f 399/399/399 448/448/448 447/447/447
f 399/399/399 400/400/400 448/448/448
f 400/400/400 449/449/449 448/448/448
f 400/400/400 401/401/401 449/449/449
f 401/401/401 450/450/450 449/449/449
f 401/401/401 402/402/402 450/450/450
f 402/402/402 451/451/451 450/450/450
f 402/402/402 403/403/403 451/451/451
f 403/403/403 452/452/452 451/451/451
f 403/403/403 404/404/404 452/452/452
f 404/404/404 453/453/453 452/452/452
f 404/404/404 405/405/405 453/453/453
f 405/405/405 454/454/454 453/453/453
f 405/405/405 406/406/406 454/454/454
f 406/406/406 455/455/455 454/454/454
f 406/406/406 407/407/407 455/455/455
f 407/407/407 456/456/456 455/455/455
f 407/407/407 408/408/408 456/456/456
f 408/408/408 457/457/457 456/456/456
f 408/408/408 409/409/409 457/457/457
f 409/409/409 458/458/458 457/457/457
f 409/409/409 410/410/410 458/458/458
f 410/410/410 459/459/459 458/458/458
f 410/410/410 411/411/411 459/459/459
f 411/411/411 460/460/460 459/459/459
f 411/411/411 412/412/412 460/460/460
f 412/412/412 461/461/461 460/460/460
f 412/412/412 413/413/413 461/461/461
f 413/413/413 462/462/462 461/461/461
f 413/413/413 414/414/414 462/462/462
f 414/414/414 463/463/463 462/462/462
f 414/414/414 415/415/415 463/463/463
f 415/415/415 464/464/464 463/463/463
f 415/415/415 416/416/416 464/464/464
f 416/416/416 465/465/465 464/464/464
f 416/416/416 417/417/417 465/465/465
f 417/417/417 466/466/466 465/465/465
f 417/417/417 418/418/418 466/466/466
f 418/418/418 467/467/467 466/466/466
f 418/418/418 419/419/419 467/467/467
f 419/419/419 468/468/468 467/467/467
f 419/419/419 420/420/420 468/468/468
f 420/420/420 469/469/469 468/468/468
f 420/420/420 421/421/421 469/469/469
f 421/421/421 470/470/470 469/469/469
f 421/421/421 422/422/422 470/470/470
f 422/422/422 471/471/471 470/470/470
f 422/422/422 423/423/423 471/471/471
f 423/423/423 472/472/472 471/471/471
f 423/423/423 424/424/424 472/472/472
f 424/424/424 473/473/473 472/472/472
f 424/424/424 425/425/425 473/473/473
f 425/425/425 474/474/474 473/473/473
f 425/425/425 426/426/426 474/474/474
f 426/426/426 475/475/475 474/474/474
f 426/426/426 427/427/427 475/475/475
f 427/427/427 476/476/476 475/475/475
f 427/427/427 428/428/428 476/476/476
f 428/428/428 477/477/477 476/476/476
f 428/428/428 429/429/429 477/477/477
f 429/429/429 478/478/478 477/477/477
f 429/429/429 430/430/430 478/478/478
f 430/430/430 479/479/479 478/478/478
f 430/430/430 431/431/431 479/479/479
f 431/431/431 480/480/480 479/479/479
f 431/431/431 432/432/432 480/480/480
f 432/432/432 481/481/481 480/480/480
f 432/432/432 433/433/433 481/481/481
f 433/433/433 482/482/482 481/481/481
f 433/433/433 434/434/434 482/482/482
f 434/434/434 483/483/483 482/482/482
f 434/434/434 435/435/435 483/483/483
f 435/435/435 484/484/484 483/483/483
f 435/435/435 436/436/436 484/484/484
f 436/436/436 485/485/485 484/484/484
f 436/436/436 437/437/437 485/485/485
f 437/437/437 486/486/486 485/485/485
f 437/437/437 438/438/438 486/486/486
f 438/438/438 487/487/487 486/486/486
f 438/438/438 439/439/439 487/487/487
f 439/439/439 488/488/488 487/487/487
f 439/439/439 440/440/440 488/488/488
f 440/440/440 489/489/489 488/488/488
f 440/440/440 441/441/441 489/489/489
f 441/441/441 490/490/490 489/489/489
f 442/442/442 443/443/443 491/491/491
f 443/443/443 492/492/492 491/491/491
f 443/443/443 444/444/444 492/492/492
f 444/444/444 493/493/493 492/492/492
f 444/444/444 445/445/445 493/493/493
f 445/445/445 494/494/494 493/493/493
f 445/445/445 446/446/446 494/494/494
f 446/446/446 495/495/495 494/494/494
f 446/446/446 447/447/447 495/495/495
f 447/447/447 496/496/496 495/495/495
f 447/447/447 448/448/448 496/496/496
f 448/448/448 497/497/497 496/496/496
f 448/448/448 449/449/449 497/497/497
f 449/449/449 498/498/498 497/497/497
f 449/449/449 450/450/450 498/498/498
f 450/450/450 499/499/499 498/498/498
f 450/450/450 451/451/451 499/499/499
f 451/451/451 500/500/500 499/499/499
f 451/451/451 452/452/452 500/500/500
f 452/452/452 501/501/501 500/500/500
f 452/452/452 453/453/453 501/501/501
f 453/453/453 502/502/502 501/501/501
f 453/453/453 454/454/454 502/502/502
f 454/454/454 503/503/503 502/502/502
f 454/454/454 455/455/455 503/503/503
f 455/455/455 504/504/504 503/503/503
f 455/455/455 456/456/456 504/504/504
f 456/456/456 505/505/505 504/504/504
f 456/456/456 457/457/457 505/505/505
f 457/457/457 506/506/506 505/505/505
f 457/457/457 458/458/458 506/506/506
f 458/458/458 507/507/507 506/506/506
f 458/458/458 459/459/459 507/507/507
f 459/459/459 508/508/508 507/507/507
f 459/459/459 460/460/460 508/508/508
f 460/460/460 509/509/509 508/508/508
f 460/460/460 461/461/461 509/509/509
f 461/461/461 510/510/510 509/509/509
f 461/461/461 462/462/462 510/510/510
f 462/462/462 511/511/511 510/510/510
f 462/462/462 463/463/463 511/511/511
f 463/463/463 512/512/512 511/511/511
f 463/463/463 464/464/464 512/512/512
f 464/464/464 513/513/513 512/512/512
f 464/464/464 465/465/465 513/513/513
f 465/465/465 514/514/514 513/513/513
f 465/465/465 466/466/466 514/514/514
f 466/466/466 515/515/515 514/514/514
f 466/466/466 467/467/467 515/515/515
f 467/467/467 516/516/516 515/515/515
f 467/467/467 468/468/468 516/516/516
f 468/468/468 517/517/517 516/516/516
f 468/468/468 469/469/469 517/517/517
f 469/469/469 518/518/518 517/517/517
f 469/469/469 470/470/470 518/518/518
f 470/470/470 519/519/519 518/518/518
f 470/470/470 471/471/471 519/519/519
f 471/471/471 520/520/520 519/519/519
f 471/471/471 472/472/472 520/520/520
f 472/472/472 521/521/521 520/520/520
f 472/472/472 473/473/473 521/521/521
f 473/473/473 522/522/522 521/521/521
f 473/473/473 474/474/474 522/522/522
f 474/474/474 523/523/523 522/522/522
f 474/474/474 475/475/475 523/523/523
f 475/475/475 524/524/524 523/523/523
f 475/475/475 476/476/476 524/524/524
f 476/476/476 525/525/525 524/524/524
f 476/476/476 477/477/477 525/525/525
f 477/477/477 526/526/526 525/525/525
f 477/477/477 478/478/478 526/526/526
f 478/478/478 527/527/527 526/526/526
f 478/478/478 479/479/479 527/527/527
f 479/479/479 528/528/528 527/527/527
f 479/479/479 480/480/480 528/528/528
f 480/480/480 529/529/529 528/528/528
f 480/480/480 481/481/481 529/529/529
f 481/481/481 530/530/530 529/529/529
f 481/481/481 482/482/482 530/530/530
f 482/482/482 531/531/531 530/530/530
f 482/482/482 483/483/483 531/531/531
f 483/483/483 532/532/532 531/531/531
f 483/483/483 484/484/484 532/532/532
f 484/484/484 533/533/533 532/532/532
f 484/484/484 485/485/485 533/533/533
f 485/485/485 534/534/534 533/533/533
f 485/485/485 486/486/486 534/534/534
f 486/486/486 535/535/535 534/534/534
f 486/486/486 487/487/487 535/535/535
f 487/487/487 536/536/536 535/535/535
f 487/487/487 488/488/488 536/536/536
f 488/488/488 537/537/537 536/536/536
f 488/488/488 489/489/489 537/537/537
f 489/489/489 538/538/538 537/537/537
f 489/489/489 490/490/490 538/538/538
f 490/490/490 539/539/539 538/538/538
f 491/491/491 492/492/492 540/540/540
f 492/492/492 541/541/541 540/540/540
f 492/492/492 493/493/493 541/541/541
f 493/493/493 542/542/542 541/541/541
f 493/493/493 494/494/494 542/542/542
f 494/494/494 543/543/543 542/542/542
f 494/494/494 495/495/495 543/543/543
f 495/495/495 544/544/544 543/543/543
f 495/495/495 496/496/496 544/544/544
f 496/496/496 545/545/545 544/544/544
f 496/496/496 497/497/497 545/545/545
f 497/497/497 546/546/546 545/545/545
f 497/497/497 498/498/498 546/546/546
f 498/498/498 547/547/547 546/546/546
f 498/498/498 499/499/499 547/547/547
f 499/499/499 548/548/548 547/547/547
f 499/499/499 500/500/500 548/548/548
f 500/500/500 549/549/549 548/548/548
f 500/500/500 501/501/501 549/549/549
f 501/501/501 550/550/550 549/549/549
f 501/501/501 502/502/502 550/550/550
f 502/502/502 551/551/551 550/550/550
f 502/502/502 503/503/503 551/551/551
f 503/503/503 552/552/552 551/551/551
f 503/503/503 504/504/504 552/552/552
f 504/504/504 553/553/553 552/552/552
f 504/504/504 505/505/505 553/553/553
f 505/505/505 554/554/554 553/553/553
f 505/505/505 506/506/506 554/554/554
f 506/506/506 555/555/555 554/554/554
f 506/506/506 507/507/507 555/555/555
f 507/507/507 556/556/556 555/555/555
f 507/507/507 508/508/508 556/556/556
f 508/508/508 557/557/557 556/556/556
f 508/508/508 509/509/509 557/557/557
f 509/509/509 558/558/558 557/557/557
f 509/509/509 510/510/510 558/558/558
f 510/510/510 559/559/559 558/558/558
f 510/510/510 511/511/511 559/559/559
f 511/511/511 560/560/560 559/559/559
f 511/511/511 512/512/512 560/560/560
f 512/512/512 561/561/561 560/560/560
f 512/512/512 513/513/513 561/561/561
f 513/513/513 562/562/562 561/561/561
f 513/513/513 514/514/514 562/562/562
f 514/514/514 563/563/563 562/562/562
f 514/514/514 515/515/515 563/563/563
f 515/515/515 564/564/564 563/563/563
f 515/515/515 516/516/516 564/564/564
f 516/516/516 565/565/565 564/564/564
f 516/516/516 517/517/517 565/565/565
f 517/517/517 566/566/566 565/565/565
f 517/517/517 518/518/518 566/566/566
f 518/518/518 567/567/567 566/566/566
f 518/518/518 519/519/519 567/567/567
f 519/519/519 568/568/568 567/567/567
f 519/519/519 520/520/520 568/568/568
f 520/520/520 569/569/569 568/568/568
f 520/520/520 521/521/521 569/569/569
f 521/521/521 570/570/570 569/569/569
f 521/521/521 522/522/522 570/570/570
f 522/522/522 571/571/571 570/570/570
f 522/522/522 523/523/523 571/571/571
f 523/523/523 572/572/572 571/571/571
f 523/523/523 524/524/524 572/572/572
f 524/524/524 573/573/573 572/572/572
f 524/524/524 525/525/525 573/573/573
f 525/525/525 574/574/574 573/573/573
f 525/525/525 526/526/526 574/574/574
f 526/526/526 575/575/575 574/574/574
f 526/526/526 527/527/527 575/575/575
f 527/527/527 576/576/576 575/575/575
f 527/527/527 528/528/528 576/576/576
f 528/528/528 577/577/577 576/576/576
f 528/528/528 529/529/529 577/577/577
f 529/529/529 578/578/578 577/577/577
f 529/529/529 530/530/530 578/578/578
f 530/530/530 579/579/579 578/578/578
f 530/530/530 531/531/531 579/579/579
f 531/531/531 580/580/580 579/579/579
f 531/531/531 532/532/532 580/580/580
f 532/532/532 581/581/581 580/580/580
f 532/532/532 533/533/533 581/581/581
f 533/533/533 582/582/582 581/581/581
f 533/533/533 534/534/534 582/582/582
f 534/534/534 583/583/583 582/582/582
f 534/534/534 535/535/535 583/583/583
f 535/535/535 584/584/584 583/583/583
f 535/535/535 536/536/536 584/584/584
f 536/536/536 585/585/585 584/584/584
f 536/536/536 537/537/537 585/585/585
f 537/537/537 586/586/586 585/585/585
f 537/537/537 538/538/538 586/586/586
f 538/538/538 587/587/587 586/586/586
f 538/538/538 539/539/539 587/587/587
f 539/539/539 588/588/588 587/587/587
f 540/540/540 541/541/541 589/589/589
f 541/541/541 590/590/590 589/589/589
f 541/541/541 542/542/542 590/590/590
f 542/542/542 591/591/591 590/590/590
f 542/542/542 543/543/543 591/591/591
f 543/543/543 592/592/592 591/591/591
f 543/543/543 544/544/544 592/592/592
f 544/544/544 593/593/593 592/592/592
f 544/544/544 545/545/545 593/593/593
f 545/545/545 594/594/594 593/593/593
f 545/545/545 546/546/546 594/594/594
f 546/546/546 595/595/595 594/594/594
f 546/546/546 547/547/547 595/595/595
f 547/547/547 596/596/596 595/595/595
f 547/547/547 548/548/548 596/596/596
f 548/548/548 597/597/597 596/596/596
f 548/548/548 549/549/549 597/597/597
f 549/549/549 598/598/598 597/597/597
f 549/549/549 550/550/550 598/598/598
f 550/550/550 599/599/599 598/598/598
f 550/550/550 551/551/551 599/599/599
f 551/551/551 600/600/600 599/599/599
f 551/551/551 552/552/552 600/600/600
f 552/552/552 601/601/601 600/600/600
f 552/552/552 553/553/553 601/601/601
f 553/553/553 602/602/602 601/601/601
f 553/553/553 554/554/554 602/602/602
f 554/554/554 603/603/603 602/602/602
f 554/554/554 555/555/555 603/603/603
f 555/555/555 604/604/604 603/603/603
f 555/555/555 556/556/556 604/604/604
f 556/556/556 605/605/605 604/604/604
f 556/556/556 557/557/557 605/605/605
f 557/557/557 606/606/606 605/605/605
f 557/557/557 558/558/558 606/606/606
f 558/558/558 607/607/607 606/606/606
f 558/558/558 559/559/559 607/607/607
f 559/559/559 608/608/608 607/607/607
f 559/559/559 560/560/560 608/608/608
f 560/560/560 609/609/609 608/608/608
f 560/560/560 561/561/561 609/609/609
f 561/561/561 610/610/610 609/609/609
f 561/561/561 562/562/562 610/610/610
f 562/562/562 611/611/611 610/610/610
f 562/562/562 563/563/563 611/611/611
f 563/563/563 612/612/612 611/611/611
f 563/563/563 564/564/564 612/612/612
f 564/564/564 613/613/613 612/612/612
f 564/564/564 565/565/565 613/613/613
f 565/565/565 614/614/614 613/613/613
f 565/565/565 566/566/566 614/614/614
f 566/566/566 615/615/615 614/614/614
f 566/566/566 567/567/567 615/615/615
f 567/567/567 616/616/616 615/615/615
f 567/567/567 568/568/568 616/616/616
f 568/568/568 617/617/617 616/616/616
f 568/568/568 569/569/569 617/617/617
f 569/569/569 618/618/618 617/617/617
f 569/569/569 570/570/570 618/618/618
f 570/570/570 619/619/619 618/618/618
f 570/570/570 571/571/571 619/619/619
f 571/571/571 620/620/620 619/619/619
f 571/571/571 572/572/572 620/620/620
f 572/572/572 621/621/621 620/620/620
f 572/572/572 573/573/573 621/621/621
f 573/573/573 622/622/622 621/621/621
f 573/573/573 574/574/574 622/622/622
f 574/574/574 623/623/623 622/622/622
f 574/574/574 575/575/575 623/623/623
f 575/575/575 624/624/624 623/623/623
f 575/575/575 576/576/576 624/624/624
f 576/576/576 625/625/625 624/624/624
f 576/576/576 577/577/577 625/625/625
f 577/577/577 626/626/626 625/625/625
f 577/577/577 578/578/578 626/626/626
f 578/578/578 627/627/627 626/626/626
f 578/578/578 579/579/579 627/627/627
f 579/579/579 628/628/628 627/627/627
f 579/579/579 580/580/580 628/628/628
f 580/580/580 629/629/629 628/628/628
f 580/580/580 581/581/581 629/629/629
f 581/581/581 630/630/630 629/629/629
f 581/581/581 582/582/582 630/630/630
f 582/582/582 631/631/631 630/630/630
f 582/582/582 583/583/583 631/631/631
f 583/583/583 632/632/632 631/631/631
f 583/583/583 584/584/584 632/632/632
f 584/584/584 633/633/633 632/632/632
f 584/584/584 585/585/585 633/633/633
f 585/585/585 634/634/634 633/633/633
f 585/585/585 586/586/586 634/634/634
f 586/586/586 635/635/635 634/634/634
f 586/586/586 587/587/587 635/635/635
f 587/587/587 636/636/636 635/635/635
f 587/587/587 588/588/588 636/636/636
f 588/588/588 637/637/637 636/636/636
f 589/589/589 590/590/590 638/638/638
f 590/590/590 639/639/639 638/638/638
f 590/590/590 591/591/591 639/639/639
f 591/591/591 640/640/640 639/639/639
f 591/591/591 592/592/592 640/640/640
f 592/592/592 641/641/641 640/640/640
f 592/592/592 593/593/593 641/641/641
f 593/593/593 642/642/642 641/641/641
f 593/593/593 594/594/594 642/642/642
f 594/594/594 643/643/643 642/642/642
f 594/594/594 595/595/595 643/643/643
f 595/595/595 644/644/644 643/643/643
f 595/595/595 596/596/596 644/644/644
f 596/596/596 645/645/645 644/644/644
f 596/596/596 597/597/597 645/645/645
f 597/597/597 646/646/646 645/645/645
f 597/597/597 598/598/598 646/646/646
f 598/598/598 647/647/647 646/646/646
f 598/598/598 599/599/599 647/647/647
f 599/599/599 648/648/648 647/647/647
f 599/599/599 600/600/600 648/648/648
f 600/600/600 649/649/649 648/648/648
f 600/600/600 601/601/601 649/649/649
f 601/601/601 650/650/650 649/649/649
f 601/601/601 602/602/602 650/650/650
f 602/602/602 651/651/651 650/650/650
f 602/602/602 603/603/603 651/651/651
f 603/603/603 652/652/652 651/651/651
f 603/603/603 604/604/604 652/652/652
f 604/604/604 653/653/653 652/652/652
f 604/604/604 605/605/605 653/653/653
f 605/605/605 654/654/654 653/653/653
f 605/605/605 606/606/606 654/654/654
f 606/606/606 655/655/655 654/654/654
f 606/606/606 607/607/607 655/655/655
f 607/607/607 656/656/656 655/655/655
f 607/607/607 608/608/608 656/656/656
f 608/608/608 657/657/657 656/656/656
f 608/608/608 609/609/609 657/657/657
f 609/609/609 658/658/658 657/657/657
f 609/609/609 610/610/610 658/658/658
f 610/610/610 659/659/659 658/658/658
f 610/610/610 611/611/611 659/659/659
f 611/611/611 660/660/660 659/659/659
f 611/611/611 612/612/612 660/660/660
f 612/612/612 661/661/661 660/660/660
f 612/612/612 613/613/613 661/661/661
f 613/613/613 662/662/662 661/661/661
f 613/613/613 614/614/614 662/662/662
f 614/614/614 663/663/663 662/662/662
f 614/614/614 615/615/615 663/663/663
f 615/615/615 664/664/664 663/663/663
f 615/615/615 616/616/616 664/664/664
f 616/616/616 665/665/665 664/664/664
f 616/616/616 617/617/617 665/665/665
f 617/617/617 666/666/666 665/665/665
f 617/617/617 618/618/618 666/666/666
f 618/618/618 667/667/667 666/666/666
f 618/618/618 619/619/619 667/667/667
f 619/619/619 668/668/668 667/667/667
f 619/619/619 620/620/620 668/668/668
f 620/620/620 669/669/669 668/668/668
f 620/620/620 621/621/621 669/669/669
f 621/621/621 670/670/670 669/669/669
f 621/621/621 622/622/622 670/670/670
f 622/622/622 671/671/671 670/670/670
f 622/622/622 623/623/623 671/671/671
f 623/623/623 672/672/672 671/671/671
f 623/623/623 624/624/624 672/672/672
f 624/624/624 673/673/673 672/672/672
f 624/624/624 625/625/625 673/673/673
f 625/625/625 674/674/674 673/673/673
f 625/625/625 626/626/626 674/674/674
f 626/626/626 675/675/675 674/674/674
f 626/626/626 627/627/627 675/675/675
f 627/627/627 676/676/676 675/675/675
f 627/627/627 628/628/628 676/676/676
f 628/628/628 677/677/677 676/676/676
f 628/628/628 629/629/629 677/677/677
f 629/629/629 678/678/678 677/677/677
f 629/629/629 630/630/630 678/678/678
f 630/630/630 679/679/679 678/678/678
f 630/630/630 631/631/631 679/679/679
f 631/631/631 680/680/680 679/679/679
f 631/631/631 632/632/632 680/680/680
f 632/632/632 681/681/681 680/680/680
f 632/632/632 633/633/633 681/681/681
f 633/633/633 682/682/682 681/681/681
f 633/633/633 634/634/634 682/682/682
f 634/634/634 683/683/683 682/682/682
f 634/634/634 635/635/635 683/683/683
f 635/635/635 684/684/684 683/683/683
f 635/635/635 636/636/636 684/684/684
f 636/636/636 685/685/685 684/684/684
f 636/636/636 637/637/637 685/685/685
f 637/637/637 686/686/686 685/685/685
f 638/638/638 639/639/639 687/687/687
f 639/639/639 688/688/688 687/687/687
f 639/639/639 640/640/640 688/688/688
f 640/640/640 689/689/689 688/688/688
f 640/640/640 641/641/641 689/689/689
f 641/641/641 690/690/690 689/689/689
f 641/641/641 642/642/642 690/690/690
f 642/642/642 691/691/691 690/690/690
f 642/642/642 643/643/643 691/691/691
f 643/643/643 692/692/692 691/691/691
f 643/643/643 644/644/644 692/692/692
f 644/644/644 693/693/693 692/692/692
f 644/644/644 645/645/645 693/693/693
f 645/645/645 694/694/694 693/693/693
f 645/645/645 646/646/646 694/694/694
f 646/646/646 695/695/695 694/694/694
f 646/646/646 647/647/647 695/695/695
f 647/647/647 696/696/696 695/695/695
f 647/647/647 648/648/648 696/696/696
f 648/648/648 697/697/697 696/696/696
f 648/648/648 649/649/649 697/697/697
f 649/649/649 698/698/698 697/697/697
f 649/649/649 650/650/650 698/698/698
f 650/650/650 699/699/699 698/698/698
f 650/650/650 651/651/651 699/699/699
f 651/651/651 700/700/700 699/699/699
f 651/651/651 652/652/652 700/700/700
f 652/652/652 701/701/701 700/700/700
f 652/652/652 653/653/653 701/701/701
f 653/653/653 702/702/702 701/701/701
f 653/653/653 654/654/654 702/702/702
f 654/654/654 703/703/703 702/702/702
f 654/654/654 655/655/655 703/703/703
f 655/655/655 704/704/704 703/703/703
f 655/655/655 656/656/656 704/704/704
f 656/656/656 705/705/705 704/704/704
f 656/656/656 657/657/657 705/705/705
f 657/657/657 706/706/706 705/705/705
f 657/657/657 658/658/658 706/706/706
f 658/658/658 707/707/707 706/706/706
f 658/658/658 659/659/659 707/707/707
f 659/659/659 708/708/708 707/707/707
f 659/659/659 660/660/660 708/708/708
f 660/660/660 709/709/709 708/708/708
f 660/660/660 661/661/661 709/709/709
f 661/661/661 710/710/710 709/709/709
f 661/661/661 662/662/662 710/710/710
f 662/662/662 711/711/711 710/710/710
f 662/662/662 663/663/663 711/711/711
f 663/663/663 712/712/712 711/711/711
f 663/663/663 664/664/664 712/712/712
f 664/664/664 713/713/713 712/712/712
f 664/664/664 665/665/665 713/713/713
f 665/665/665 714/714/714 713/713/713
f 665/665/665 666/666/666 714/714/714
f 666/666/666 715/715/715 714/714/714
f 666/666/666 667/667/667 715/715/715
f 667/667/667 716/716/716 715/715/715
f 667/667/667 668/668/668 716/716/716
f 668/668/668 717/717/717 716/716/716
f 668/668/668 669/669/669 717/717/717
f 669/669/669 718/718/718 717/717/717
f 669/669/669 670/670/670 718/718/718
f 670/670/670 719/719/719 718/718/718
f 670/670/670 671/671/671 719/719/719
f 671/671/671 720/720/720 719/719/719
f 671/671/671 672/672/672 720/720/720
f 672/672/672 721/721/721 720/720/720
f 672/672/672 673/673/673 721/721/721
f 673/673/673 722/722/722 721/721/721
f 673/673/673 674/674/674 722/722/722
f 674/674/674 723/723/723 722/722/722
f 674/674/674 675/675/675 723/723/723
f 675/675/675 724/724/724 723/723/723
f 675/675/675 676/676/676 724/724/724
f 676/676/676 725/725/725 724/724/724
f 676/676/676 677/677/677 725/725/725
f 677/677/677 726/726/726 725/725/725
f 677/677/677 678/678/678 726/726/726
f 678/678/678 727/727/727 726/726/726
f 678/678/678 679/679/679 727/727/727
f 679/679/679 728/728/728 727/727/727
f 679/679/679 680/680/680 728/728/728
f 680/680/680 729/729/729 728/728/728
f 680/680/680 681/681/681 729/729/729
f 681/681/681 730/730/730 729/729/729
f 681/681/681 682/682/682 730/730/730
f 682/682/682 731/731/731 730/730/730
f 682/682/682 683/683/683 731/731/731
f 683/683/683 732/732/732 731/731/731
f 683/683/683 684/684/684 732/732/732
f 684/684/684 733/733/733 732/732/732
f 684/684/684 685/685/685 733/733/733
f 685/685/685 734/734/734 733/733/733
f 685/685/685 686/686/686 734/734/734
f 686/686/686 735/735/735 734/734/734
f 687/687/687 688/688/688 736/736/736
f 688/688/688 737/737/737 736/736/736
f 688/688/688 689/689/689 737/737/737
f 689/689/689 738/738/738 737/737/737
f 689/689/689 690/690/690 738/738/738
f 690/690/690 739/739/739 738/738/738
f 690/690/690 691/691/691 739/739/739
f 691/691/691 740/740/740 739/739/739
f 691/691/691 692/692/692 740/740/740
f 692/692/692 741/741/741 740/740/740
f 692/692/692 693/693/693 741/741/741
f 693/693/693 742/742/742 741/741/741
f 693/693/693 694/694/694 742/742/742
f 694/694/694 743/743/743 742/742/742
f 694/694/694 695/695/695 743/743/743
f 695/695/695 744/744/744 743/743/743
f 695/695/695 696/696/696 744/744/744
f 696/696/696 745/745/745 744/744/744
f 696/696/696 697/697/697 745/745/745
f 697/697/697 746/746/746 745/745/745
f 697/697/697 698/698/698 746/746/746
f 698/698/698 747/747/747 746/746/746
f 698/698/698 699/699/699 747/747/747
f 699/699/699 748/748/748 747/747/747
f 699/699/699 700/700/700 748/748/748
f 700/700/700 749/749/749 748/748/748
f 700/700/700 701/701/701 749/749/749
f 701/701/701 750/750/750 749/749/749
f 701/701/701 702/702/702 750/750/750
f 702/702/702 751/751/751 750/750/750
f 702/702/702 703/703/703 751/751/751
f 703/703/703 752/752/752 751/751/751
f 703/703/703 704/704/704 752/752/752
f 704/704/704 753/753/753 752/752/752
f 704/704/704 705/705/705 753/753/753
f 705/705/705 754/754/754 753/753/753
f 705/705/705 706/706/706 754/754/754
f 706/706/706 755/755/755 754/754/754
f 706/706/706 707/707/707 755/755/755
f 707/707/707 756/756/756 755/755/755
f 707/707/707 708/708/708 756/756/756
f 708/708/708 757/757/757 756/756/756
f 708/708/708 709/709/709 757/757/757
f 709/709/709 758/758/758 757/757/757
f 709/709/709 710/710/710 758/758/758
f 710/710/710 759/759/759 758/758/758
f 710/710/710 711/711/711 759/759/759
f 711/711/711 760/760/760 759/759/759
f 711/711/711 712/712/712 760/760/760
f 712/712/712 761/761/761 760/760/760
f 712/712/712 713/713/713 761/761/761
f 713/713/713 762/762/762 761/761/761
f 713/713/713 714/714/714 762/762/762
f 714/714/714 763/763/763 762/762/762
f 714/714/714 715/715/715 763/763/763
f 715/715/715 764/764/764 763/763/763
f 715/715/715 716/716/716 764/764/764
f 716/716/716 765/765/765 764/764/764
f 716/716/716 717/717/717 765/765/765
f 717/717/717 766/766/766 765/765/765
f 717/717/717 718/718/718 766/766/766
f 718/718/718 767/767/767 766/766/766
f 718/718/718 719/719/719 767/767/767
f 719/719/719 768/768/768 767/767/767
f 719/719/719 720/720/720 768/768/768
f 720/720/720 769/769/769 768/768/768
f 720/720/720 721/721/721 769/769/769
f 721/721/721 770/770/770 769/769/769
f 721/721/721 722/722/722 770/770/770
f 722/722/722 771/771/771 770/770/770
f 722/722/722 723/723/723 771/771/771
f 723/723/723 772/772/772 771/771/771
f 723/723/723 724/724/724 772/772/772
f 724/724/724 773/773/773 772/772/772
f 724/724/724 725/725/725 773/773/773
f 725/725/725 774/774/774 773/773/773
f 725/725/725 726/726/726 774/774/774
f 726/726/726 775/775/775 774/774/774
f 726/726/726 727/727/727 775/775/775
f 727/727/727 776/776/776 775/775/775
f 727/727/727 728/728/728 776/776/776
f 728/728/728 777/777/777 776/776/776
f 728/728/728 729/729/729 777/777/777
f 729/729/729 778/778/778 777/777/777
f 729/729/729 730/730/730 778/778/778
f 730/730/730 779/779/779 778/778/778
f 730/730/730 731/731/731 779/779/779
f 731/731/731 780/780/780 779/779/779
f 731/731/731 732/732/732 780/780/780
f 732/732/732 781/781/781 780/780/780
f 732/732/732 733/733/733 781/781/781
f 733/733/733 782/782/782 781/781/781
f 733/733/733 734/734/734 782/782/782
f 734/734/734 783/783/783 782/782/782
f 734/734/734 735/735/735 783/783/783
f 735/735/735 784/784/784 783/783/783
f 736/736/736 737/737/737 785/785/785
f 737/737/737 786/786/786 785/785/785
f 737/737/737 738/738/738 786/786/786
f 738/738/738 787/787/787 786/786/786
f 738/738/738 739/739/739 787/787/787
f 739/739/739 788/788/788 787/787/787
f 739/739/739 740/740/740 788/788/788
f 740/740/740 789/789/789 788/788/788
f 740/740/740 741/741/741 789/789/789
f 741/741/741 790/790/790 789/789/789
f 741/741/741 742/742/742 790/790/790
f 742/742/742 791/791/791 790/790/790
f 742/742/742 743/743/743 791/791/791
f 743/743/743 792/792/792 791/791/791
f 743/743/743 744/744/744 792/792/792
f 744/744/744 793/793/793 792/792/792
f 744/744/744 745/745/745 793/793/793
f 745/745/745 794/794/794 793/793/793
f 745/745/745 746/746/746 794/794/794
f 746/746/746 795/795/795 794/794/794
f 746/746/746 747/747/747 795/795/795
f 747/747/747 796/796/796 795/795/795
f 747/747/747 748/748/748 796/796/796
f 748/748/748 797/797/797 796/796/796
f 748/748/748 749/749/749 797/797/797
f 749/749/749 798/798/798 797/797/797
f 749/749/749 750/750/750 798/798/798
f 750/750/750 799/799/799 798/798/798
f 750/750/750 751/751/751 799/799/799
f 751/751/751 800/800/800 799/799/799
f 751/751/751 752/752/752 800/800/800
f 752/752/752 801/801/801 800/800/800
f 752/752/752 753/753/753 801/801/801
f 753/753/753 802/802/802 801/801/801
f 753/753/753 754/754/754 802/802/802
f 754/754/754 803/803/803 802/802/802
f 754/754/754 755/755/755 803/803/803
f 755/755/755 804/804/804 803/803/803
f 755/755/755 756/756/756 804/804/804
f 756/756/756 805/805/805 804/804/804
f 756/756/756 757/757/757 805/805/805
f 757/757/757 806/806/806 805/805/805
f 757/757/757 758/758/758 806/806/806
f 758/758/758 807/807/807 806/806/806
f 758/758/758 759/759/759 807/807/807
f 759/759/759 808/808/808 807/807/807
f 759/759/759 760/760/760 808/808/808
f 760/760/760 809/809/809 808/808/808
f 760/760/760 761/761/761 809/809/809
f 761/761/761 810/810/810 809/809/809
f 761/761/761 762/762/762 810/810/810
f 762/762/762 811/811/811 810/810/810
f 762/762/762 763/763/763 811/811/811
f 763/763/763 812/812/812 811/811/811
f 763/763/763 764/764/764 812/812/812
f 764/764/764 813/813/813 812/812/812
f 764/764/764 765/765/765 813/813/813
f 765/765/765 814/814/814 813/813/813
f 765/765/765 766/766/766 814/814/814
f 766/766/766 815/815/815 814/814/814
f 766/766/766 767/767/767 815/815/815
f 767/767/767 816/816/816 815/815/815
f 767/767/767 768/768/768 816/816/816
f 768/768/768 817/817/817 816/816/816
f 768/768/768 769/769/769 817/817/817
f 769/769/769 818/818/818 817/817/817
f 769/769/769 770/770/770 818/818/818
f 770/770/770 819/819/819 818/818/818
f 770/770/770 771/771/771 819/819/819
f 771/771/771 820/820/820 819/819/819
f 771/771/771 772/772/772 820/820/820
f 772/772/772 821/821/821 820/820/820
f 772/772/772 773/773/773 821/821/821
f 773/773/773 822/822/822 821/821/821
f 773/773/773 774/774/774 822/822/822
f 774/774/774 823/823/823 822/822/822
f 774/774/774 775/775/775 823/823/823
f 775/775/775 824/824/824 823/823/823
f 775/775/775 776/776/776 824/824/824
f 776/776/776 825/825/825 824/824/824
f 776/776/776 777/777/777 825/825/825
f 777/777/777 826/826/826 825/825/825
f 777/777/777 778/778/778 826/826/826
f 778/778/778 827/827/827 826/826/826
f 778/778/778 779/779/779 827/827/827
f 779/779/779 828/828/828 827/827/827
f 779/779/779 780/780/780 828/828/828
f 780/780/780 829/829/829 828/828/828
f 780/780/780 781/781/781 829/829/829
f 781/781/781 830/830/830 829/829/829
f 781/781/781 782/782/782 830/830/830
f 782/782/782 831/831/831 830/830/830
f 782/782/782 783/783/783 831/831/831
f 783/783/783 832/832/832 831/831/831
f 783/783/783 784/784/784 832/832/832
f 784/784/784 833/833/833 832/832/832
f 785/785/785 786/786/786 834/834/834
f 786/786/786 835/835/835 834/834/834
f 786/786/786 787/787/787 835/835/835
f 787/787/787 836/836/836 835/835/835
f 787/787/787 788/788/788 836/836/836
f 788/788/788 837/837/837 836/836/836
f 788/788/788 789/789/789 837/837/837
f 789/789/789 838/838/838 837/837/837
f 789/789/789 790/790/790 838/838/838
f 790/790/790 839/839/839 838/838/838
f 790/790/790 791/791/791 839/839/839
f 791/791/791 840/840/840 839/839/839
f 791/791/791 792/792/792 840/840/840
f 792/792/792 841/841/841 840/840/840
f 792/792/792 793/793/793 841/841/841
f 793/793/793 842/842/842 841/841/841
f 793/793/793 794/794/794 842/842/842
f 794/794/794 843/843/843 842/842/842
f 794/794/794 795/795/795 843/843/843
f 795/795/795 844/844/844 843/843/843
f 795/795/795 796/796/796 844/844/844
f 796/796/796 845/845/845 844/844/844
f 796/796/796 797/797/797 845/845/845
f 797/797/797 846/846/846 845/845/845
f 797/797/797 798/798/798 846/846/846
f 798/798/798 847/847/847 846/846/846
f 798/798/798 799/799/799 847/847/847
f 799/799/799 848/848/848 847/847/847
f 799/799/799 800/800/800 848/848/848
f 800/800/800 849/849/849 848/848/848
f 800/800/800 801/801/801 849/849/849
f 801/801/801 850/850/850 849/849/849
f 801/801/801 802/802/802 850/850/850
f 802/802/802 851/851/851 850/850/850
f 802/802/802 803/803/803 851/851/851
f 803/803/803 852/852/852 851/851/851
f 803/803/803 804/804/804 852/852/852
f 804/804/804 853/853/853 852/852/852
f 804/804/804 805/805/805 853/853/853
f 805/805/805 854/854/854 853/853/853
f 805/805/805 806/806/806 854/854/854
f 806/806/806 855/855/855 854/854/854
f 806/806/806 807/807/807 855/855/855
f 807/807/807 856/856/856 855/855/855
f 807/807/807 808/808/808 856/856/856
f 808/808/808 857/857/857 856/856/856
f 808/808/808 809/809/809 857/857/857
f 809/809/809 858/858/858 857/857/857
f 809/809/809 810/810/810 858/858/858
f 810/810/810 859/859/859 858/858/858
f 810/810/810 811/811/811 859/859/859
f 811/811/811 860/860/860 859/859/859
f 811/811/811 812/812/812 860/860/860
f 812/812/812 861/861/861 860/860/860
f 812/812/812 813/813/813 861/861/861
f 813/813/813 862/862/862 861/861/861
f 813/813/813 814/814/814 862/862/862
f 814/814/814 863/863/863 862/862/862
f 814/814/814 815/815/815 863/863/863
f 815/815/815 864/864/864 863/863/863
f 815/815/815 816/816/816 864/864/864
f 816/816/816 865/865/865 864/864/864
f 816/816/816 817/817/817 865/865/865
f 817/817/817 866/866/866 865/865/865
f 817/817/817 818/818/818 866/866/866
f 818/818/818 867/867/867 866/866/866
f 818/818/818 819/819/819 867/867/867
f 819/819/819 868/868/868 867/867/867
f 819/819/819 820/820/820 868/868/868
f 820/820/820 869/869/869 868/868/868
f 820/820/820 821/821/821 869/869/869
f 821/821/821 870/870/870 869/869/869
f 821/821/821 822/822/822 870/870/870
f 822/822/822 871/871/871 870/870/870
f 822/822/822 823/823/823 871/871/871
f 823/823/823 872/872/872 871/871/871
f 823/823/823 824/824/824 872/872/872
f 824/824/824 873/873/873 872/872/872
f 824/824/824 825/825/825 873/873/873
f 825/825/825 874/874/874 873/873/873
f 825/825/825 826/826/826 874/874/874
f 826/826/826 875/875/875 874/874/874
f 826/826/826 827/827/827 875/875/875
f 827/827/827 876/876/876 875/875/875
f 827/827/827 828/828/828 876/876/876
f 828/828/828 877/877/877 876/876/876
f 828/828/828 829/829/829 877/877/877
f 829/829/829 878/878/878 877/877/877
f 829/829/829 830/830/830 878/878/878
f 830/830/830 879/879/879 878/878/878
f 830/830/830 831/831/831 879/879/879
f 831/831/831 880/880/880 879/879/879
f 831/831/831 832/832/832 880/880/880
f 832/832/832 881/881/881 880/880/880
f 832/832/832 833/833/833 881/881/881
f 833/833/833 882/882/882 881/881/881
f 834/834/834 835/835/835 883/883/883
f 835/835/835 884/884/884 883/883/883
f 835/835/835 836/836/836 884/884/884
f 836/836/836 885/885/885 884/884/884
f 836/836/836 837/837/837 885/885/885
f 837/837/837 886/886/886 885/885/885
f 837/837/837 838/838/838 886/886/886
f 838/838/838 887/887/887 886/886/886
f 838/838/838 839/839/839 887/887/887
f 839/839/839 888/888/888 887/887/887
f 839/839/839 840/840/840 888/888/888
f 840/840/840 889/889/889 888/888/888
f 840/840/840 841/841/841 889/889/889
f 841/841/841 890/890/890 889/889/889
f 841/841/841 842/842/842 890/890/890
f 842/842/842 891/891/891 890/890/890
f 842/842/842 843/843/843 891/891/891
f 843/843/843 892/892/892 891/891/891
f 843/843/843 844/844/844 892/892/892
f 844/844/844 893/893/893 892/892/892
f 844/844/844 845/845/845 893/893/893
f 845/845/845 894/894/894 893/893/893
f 845/845/845 846/846/846 894/894/894
f 846/846/846 895/895/895 894/894/894
f 846/846/846 847/847/847 895/895/895
f 847/847/847 896/896/896 895/895/895
f 847/847/847 848/848/848 896/896/896
f 848/848/848 897/897/897 896/896/896
f 848/848/848 849/849/849 897/897/897
f 849/849/849 898/898/898 897/897/897
f 849/849/849 850/850/850 898/898/898
f 850/850/850 899/899/899 898/898/898
f 850/850/850 851/851/851 899/899/899
f 851/851/851 900/900/900 899/899/899
f 851/851/851 852/852/852 900/900/900
f 852/852/852 901/901/901 900/900/900
f 852/852/852 853/853/853 901/901/901
f 853/853/853 902/902/902 901/901/901
f 853/853/853 854/854/854 902/902/902
f 854/854/854 903/903/903 902/902/902
f 854/854/854 855/855/855 903/903/903
f 855/855/855 904/904/904 903/903/903
f 855/855/855 856/856/856 904/904/904
f 856/856/856 905/905/905 904/904/904
f 856/856/856 857/857/857 905/905/905
f 857/857/857 906/906/906 905/905/905
f 857/857/857 858/858/858 906/906/906
f 858/858/858 907/907/907 906/906/906
f 858/858/858 859/859/859 907/907/907
f 859/859/859 908/908/908 907/907/907
f 859/859/859 860/860/860 908/908/908
f 860/860/860 909/909/909 908/908/908
f 860/860/860 861/861/861 909/909/909
f 861/861/861 910/910/910 909/909/909
f 861/861/861 862/862/862 910/910/910
f 862/862/862 911/911/911 910/910/910
f 862/862/862 863/863/863 911/911/911
f 863/863/863 912/912/912 911/911/911
f 863/863/863 864/864/864 912/912/912
f 864/864/864 913/913/913 912/912/912
f 864/864/864 865/865/865 913/913/913
f 865/865/865 914/914/914 913/913/913
f 865/865/865 866/866/866 914/914/914
f 866/866/866 915/915/915 914/914/914
f 866/866/866 867/867/867 915/915/915
f 867/867/867 916/916/916 915/915/915
f 867/867/867 868/868/868 916/916/916
f 868/868/868 917/917/917 916/916/916
f 868/868/868 869/869/869 917/917/917
f 869/869/869 918/918/918 917/917/917
f 869/869/869 870/870/870 918/918/918
f 870/870/870 919/919/919 918/918/918
f 870/870/870 871/871/871 919/919/919
f 871/871/871 920/920/920 919/919/919
f 871/871/871 872/872/872 920/920/920
f 872/872/872 921/921/921 920/920/920
f 872/872/872 873/873/873 921/921/921
f 873/873/873 922/922/922 921/921/921
f 873/873/873 874/874/874 922/922/922
f 874/874/874 923/923/923 922/922/922
f 874/874/874 875/875/875 923/923/923
f 875/875/875 924/924/924 923/923/923
f 875/875/875 876/876/876 924/924/924
f 876/876/876 925/925/925 924/924/924
f 876/876/876 877/877/877 925/925/925
f 877/877/877 926/926/926 925/925/925
f 877/877/877 878/878/878 926/926/926
f 878/878/878 927/927/927 926/926/926
f 878/878/878 879/879/879 927/927/927
f 879/879/879 928/928/928 927/927/927
f 879/879/879 880/880/880 928/928/928
f 880/880/880 929/929/929 928/928/928
f 880/880/880 881/881/881 929/929/929
f 881/881/881 930/930/930 929/929/929
f 881/881/881 882/882/882 930/930/930
f 882/882/882 931/931/931 930/930/930
f 883/883/883 884/884/884 932/932/932
f 884/884/884 933/933/933 932/932/932
f 884/884/884 885/885/885 933/933/933
f 885/885/885 934/934/934 933/933/933
f 885/885/885 886/886/886 934/934/934
f 886/886/886 935/935/935 934/934/934
f 886/886/886 887/887/887 935/935/935
f 887/887/887 936/936/936 935/935/935
f 887/887/887 888/888/888 936/936/936
f 888/888/888 937/937/937 936/936/936
f 888/888/888 889/889/889 937/937/937
f 889/889/889 938/938/938 937/937/937
f 889/889/889 890/890/890 938/938/938
f 890/890/890 939/939/939 938/938/938
f 890/890/890 891/891/891 939/939/939
f 891/891/891 940/940/940 939/939/939
f 891/891/891 892/892/892 940/940/940
f 892/892/892 941/941/941 940/940/940
f 892/892/892 893/893/893 941/941/941
f 893/893/893 942/942/942 941/941/941
f 893/893/893 894/894/894 942/942/942
f 894/894/894 943/943/943 942/942/942
f 894/894/894 895/895/895 943/943/943
f 895/895/895 944/944/944 943/943/943
f 895/895/895 896/896/896 944/944/944
f 896/896/896 945/945/945 944/944/944
f 896/896/896 897/897/897 945/945/945
f 897/897/897 946/946/946 945/945/945
f 897/897/897 898/898/898 946/946/946
f 898/898/898 947/947/947 946/946/946
f 898/898/898 899/899/899 947/947/947
f 899/899/899 948/948/948 947/947/947
f 899/899/899 900/900/900 948/948/948
f 900/900/900 949/949/949 948/948/948
f 900/900/900 901/901/901 949/949/949
f 901/901/901 950/950/950 949/949/949
f 901/901/901 902/902/902 950/950/950
f 902/902/902 951/951/951 950/950/950
f 902/902/902 903/903/903 951/951/951
f 903/903/903 952/952/952 951/951/951
f 903/903/903 904/904/904 952/952/952
f 904/904/904 953/953/953 952/952/952
f 904/904/904 905/905/905 953/953/953
f 905/905/905 954/954/954 953/953/953
f 905/905/905 906/906/906 954/954/954
f 906/906/906 955/955/955 954/954/954
f 906/906/906 907/907/907 955/955/955
f 907/907/907 956/956/956 955/955/955
f 907/907/907 908/908/908 956/956/956
f 908/908/908 957/957/957 956/956/956
f 908/908/908 909/909/909 957/957/957
f 909/909/909 958/958/958 957/957/957
f 909/909/909 910/910/910 958/958/958
f 910/910/910 959/959/959 958/958/958
f 910/910/910 911/911/911 959/959/959
f 911/911/911 960/960/960 959/959/959
f 911/911/911 912/912/912 960/960/960
f 912/912/912 961/961/961 960/960/960
f 912/912/912 913/913/913 961/961/961
f 913/913/913 962/962/962 961/961/961
f 913/913/913 914/914/914 962/962/962
f 914/914/914 963/963/963 962/962/962
f 914/914/914 915/915/915 963/963/963
f 915/915/915 964/964/964 963/963/963
f 915/915/915 916/916/916 964/964/964
f 916/916/916 965/965/965 964/964/964
f 916/916/916 917/917/917 965/965/965
f 917/917/917 966/966/966 965/965/965
f 917/917/917 918/918/918 966/966/966
f 918/918/918 967/967/967 966/966/966
f 918/918/918 919/919/919 967/967/967
f 919/919/919 968/968/968 967/967/967
f 919/919/919 920/920/920 968/968/968
f 920/920/920 969/969/969 968/968/968
f 920/920/920 921/921/921 969/969/969
f 921/921/921 970/970/970 969/969/969
f 921/921/921 922/922/922 970/970/970
f 922/922/922 971/971/971 970/970/970
f 922/922/922 923/923/923 971/971/971
f 923/923/923 972/972/972 971/971/971
f 923/923/923 924/924/924 972/972/972
f 924/924/924 973/973/973 972/972/972
f 924/924/924 925/925/925 973/973/973
f 925/925/925 974/974/974 973/973/973
f 925/925/925 926/926/926 974/974/974
f 926/926/926 975/975/975 974/974/974
f 926/926/926 927/927/927 975/975/975
f 927/927/927 976/976/976 975/975/975
f 927/927/927 928/928/928 976/976/976
f 928/928/928 977/977/977 976/976/976
f 928/928/928 929/929/929 977/977/977
f 929/929/929 978/978/978 977/977/977
f 929/929/929 930/930/930 978/978/978
f 930/930/930 979/979/979 978/978/978
f 930/930/930 931/931/931 979/979/979
f 931/931/931 980/980/980 979/979/979
f 932/932/932 933/933/933 981/981/981
f 933/933/933 982/982/982 981/981/981
f 933/933/933 934/934/934 982/982/982
f 934/934/934 983/983/983 982/982/982
f 934/934/934 935/935/935 983/983/983
f 935/935/935 984/984/984 983/983/983
f 935/935/935 936/936/936 984/984/984
f 936/936/936 985/985/985 984/984/984
f 936/936/936 937/937/937 985/985/985
f 937/937/937 986/986/986 985/985/985
f 937/937/937 938/938/938 986/986/986
f 938/938/938 987/987/987 986/986/986
f 938/938/938 939/939/939 987/987/987
f 939/939/939 988/988/988 987/987/987
f 939/939/939 940/940/940 988/988/988
f 940/940/940 989/989/989 988/988/988
f 940/940/940 941/941/941 989/989/989
f 941/941/941 990/990/990 989/989/989
f 941/941/941 942/942/942 990/990/990
f 942/942/942 991/991/991 990/990/990
f 942/942/942 943/943/943 991/991/991
f 943/943/943 992/992/992 991/991/991
f 943/943/943 944/944/944 992/992/992
f 944/944/944 993/993/993 992/992/992
f 944/944/944 945/945/945 993/993/993
f 945/945/945 994/994/994 993/993/993
f 945/945/945 946/946/946 994/994/994
f 946/946/946 995/995/995 994/994/994
f 946/946/946 947/947/947 995/995/995
f 947/947/947 996/996/996 995/995/995
f 947/947/947 948/948/948 996/996/996
f 948/948/948 997/997/997 996/996/996
f 948/948/948 949/949/949 997/997/997
f 949/949/949 998/998/998 997/997/997
f 949/949/949 950/950/950 998/998/998
f 950/950/950 999/999/999 998/998/998
f 950/950/950 951/951/951 999/999/999
f 951/951/951 1000/1000/1000 999/999/999
f 951/951/951 952/952/952 1000/1000/1000
f 952/952/952 1001/1001/1001 1000/1000/1000
f 952/952/952 953/953/953 1001/1001/1001
f 953/953/953 1002/1002/1002 1001/1001/1001
f 953/953/953 954/954/954 1002/1002/1002
f 954/954/954 1003/1003/1003 1002/1002/1002
f 954/954/954 955/955/955 1003/1003/1003
f 955/955/955 1004/1004/1004 1003/1003/1003
f 955/955/955 956/956/956 1004/1004/1004
f 956/956/956 1005/1005/1005 1004/1004/1004
f 956/956/956 957/957/957 1005/1005/1005
f 957/957/957 1006/1006/1006 1005/1005/1005
f 957/957/957 958/958/958 1006/1006/1006
f 958/958/958 1007/1007/1007 1006/1006/1006
f 958/958/958 959/959/959 1007/1007/1007
f 959/959/959 1008/1008/1008 1007/1007/1007
f 959/959/959 960/960/960 1008/1008/1008
f 960/960/960 1009/1009/1009 1008/1008/1008
f 960/960/960 961/961/961 1009/1009/1009
f 961/961/961 1010/1010/1010 1009/1009/1009
f 961/961/961 962/962/962 1010/1010/1010
f 962/962/962 1011/1011/1011 1010/1010/1010
f 962/962/962 963/963/963 1011/1011/1011
f 963/963/963 1012/1012/1012 1011/1011/1011
f 963/963/963 964/964/964 1012/1012/1012
f 964/964/964 1013/1013/1013 1012/1012/1012
f 964/964/964 965/965/965 1013/1013/1013
f 965/965/965 1014/1014/1014 1013/1013/1013
f 965/965/965 966/966/966 1014/1014/1014
f 966/966/966 1015/1015/1015 1014/1014/1014
f 966/966/966 967/967/967 1015/1015/1015
f 967/967/967 1016/1016/1016 1015/1015/1015
f 967/967/967 968/968/968 1016/1016/1016
f 968/968/968 1017/1017/1017 1016/1016/1016
f 968/968/968 969/969/969 1017/1017/1017
f 969/969/969 1018/1018/1018 1017/1017/1017
f 969/969/969 970/970/970 1018/1018/1018
f 970/970/970 1019/1019/1019 1018/1018/1018
f 970/970/970 971/971/971 1019/1019/1019
f 971/971/971 1020/1020/1020 1019/1019/1019
f 971/971/971 972/972/972 1020/1020/1020
f 972/972/972 1021/1021/1021 1020/1020/1020
f 972/972/972 973/973/973 1021/1021/1021
f 973/973/973 1022/1022/1022 1021/1021/1021
f 973/973/973 974/974/974 1022/1022/1022
f 974/974/974 1023/1023/1023 1022/1022/1022
f 974/974/974 975/975/975 1023/1023/1023
f 975/975/975 1024/1024/1024 1023/1023/1023
f 975/975/975 976/976/976 1024/1024/1024
f 976/976/976 1025/1025/1025 1024/1024/1024
f 976/976/976 977/977/977 1025/1025/1025
f 977/977/977 1026/1026/1026 1025/1025/1025
f 977/977/977 978/978/978 1026/1026/1026
f 978/978/978 1027/1027/1027 1026/1026/1026
f 978/978/978 979/979/979 1027/1027/1027
f 979/979/979 1028/1028/1028 1027/1027/1027
f 979/979/979 980/980/980 1028/1028/1028
f 980/980/980 1029/1029/1029 1028/1028/1028
f 981/981/981 982/982/982 1030/1030/1030
f 982/982/982 1031/1031/1031 1030/1030/1030
f 982/982/982 983/983/983 1031/1031/1031
f 983/983/983 1032/1032/1032 1031/1031/1031
f 983/983/983 984/984/984 1032/1032/1032
f 984/984/984 1033/1033/1033 1032/1032/1032
f 984/984/984 985/985/985 1033/1033/1033
f 985/985/985 1034/1034/1034 1033/1033/1033
f 985/985/985 986/986/986 1034/1034/1034
f 986/986/986 1035/1035/1035 1034/1034/1034
f 986/986/986 987/987/987 1035/1035/1035
f 987/987/987 1036/1036/1036 1035/1035/1035
f 987/987/987 988/988/988 1036/1036/1036
f 988/988/988 1037/1037/1037 1036/1036/1036
f 988/988/988 989/989/989 1037/1037/1037
f 989/989/989 1038/1038/1038 1037/1037/1037
f 989/989/989 990/990/990 1038/1038/1038
f 990/990/990 1039/1039/1039 1038/1038/1038
f 990/990/990 991/991/991 1039/1039/1039
f 991/991/991 1040/1040/1040 1039/1039/1039
f 991/991/991 992/992/992 1040/1040/1040
f 992/992/992 1041/1041/1041 1040/1040/1040
f 992/992/992 993/993/993 1041/1041/1041
f 993/993/993 1042/1042/1042 1041/1041/1041
f 993/993/993 994/994/994 1042/1042/1042
f 994/994/994 1043/1043/1043 1042/1042/1042
f 994/994/994 995/995/995 1043/1043/1043
f 995/995/995 1044/1044/1044 1043/1043/1043
f 995/995/995 996/996/996 1044/1044/1044
f 996/996/996 1045/1045/1045 1044/1044/1044
f 996/996/996 997/997/997 1045/1045/1045
f 997/997/997 1046/1046/1046 1045/1045/1045
f 997/997/997 998/998/998 1046/1046/1046
f 998/998/998 1047/1047/1047 1046/1046/1046
f 998/998/998 999/999/999 1047/1047/1047
f 999/999/999 1048/1048/1048 1047/1047/1047
f 999/999/999 1000/1000/1000 1048/1048/1048
f 1000/1000/1000 1049/1049/1049 1048/1048/1048
f 1000/1000/1000 1001/1001/1001 1049/1049/1049
f 1001/1001/1001 1050/1050/1050 1049/1049/1049
f 1001/1001/1001 1002/1002/1002 1050/1050/1050
f 1002/1002/1002 1051/1051/1051 1050/1050/1050
f 1002/1002/1002 1003/1003/1003 1051/1051/1051
f 1003/1003/1003 1052/1052/1052 1051/1051/1051
f 1003/1003/1003 1004/1004/1004 1052/1052/1052
f 1004/1004/1004 1053/1053/1053 1052/1052/1052
f 1004/1004/1004 1005/1005/1005 1053/1053/1053
f 1005/1005/1005 1054/1054/1054 1053/1053/1053
f 1005/1005/1005 1006/1006/1006 1054/1054/1054
f 1006/1006/1006 1055/1055/1055 1054/1054/1054
f 1006/1006/1006 1007/1007/1007 1055/1055/1055
f 1007/1007/1007 1056/1056/1056 1055/1055/1055
f 1007/1007/1007 1008/1008/1008 1056/1056/1056
f 1008/1008/1008 1057/1057/1057 1056/1056/1056
f 1008/1008/1008 1009/1009/1009 1057/1057/1057
f 1009/1009/1009 1058/1058/1058 1057/1057/1057
f 1009/1009/1009 1010/1010/1010 1058/1058/1058
f 1010/1010/1010 1059/1059/1059 1058/1058/1058
f 1010/1010/1010 1011/1011/1011 1059/1059/1059
f 1011/1011/1011 1060/1060/1060 1059/1059/1059
f 1011/1011/1011 1012/1012/1012 1060/1060/1060
f 1012/1012/1012 1061/1061/1061 1060/1060/1060
f 1012/1012/1012 1013/1013/1013 1061/1061/1061
f 1013/1013/1013 1062/1062/1062 1061/1061/1061
f 1013/1013/1013 1014/1014/1014 1062/1062/1062
f 1014/1014/1014 1063/1063/1063 1062/1062/1062
f 1014/1014/1014 1015/1015/1015 1063/1063/1063
f 1015/1015/1015 1064/1064/1064 1063/1063/1063
f 1015/1015/1015 1016/1016/1016 1064/1064/1064
f 1016/1016/1016 1065/1065/1065 1064/1064/1064
f 1016/1016/1016 1017/1017/1017 1065/1065/1065
f 1017/1017/1017 1066/1066/1066 1065/1065/1065
f 1017/1017/1017 1018/1018/1018 1066/1066/1066
f 1018/1018/1018 1067/1067/1067 1066/1066/1066
f 1018/1018/1018 1019/1019/1019 1067/1067/1067
f 1019/1019/1019 1068/1068/1068 1067/1067/1067
f 1019/1019/1019 1020/1020/1020 1068/1068/1068
f 1020/1020/1020 1069/1069/1069 1068/1068/1068
f 1020/1020/1020 1021/1021/1021 1069/1069/1069
f 1021/1021/1021 1070/1070/1070 1069/1069/1069
f 1021/1021/1021 1022/1022/1022 1070/1070/1070
f 1022/1022/1022 1071/1071/1071 1070/1070/1070
f 1022/1022/1022 1023/1023/1023 1071/1071/1071
f 1023/1023/1023 1072/1072/1072 1071/1071/1071
f 1023/1023/1023 1024/1024/1024 1072/1072/1072
f 1024/1024/1024 1073/1073/1073 1072/1072/1072
f 1024/1024/1024 1025/1025/1025 1073/1073/1073
f 1025/1025/1025 1074/1074/1074 1073/1073/1073
f 1025/1025/1025 1026/1026/1026 1074/1074/1074
f 1026/1026/1026 1075/1075/1075 1074/1074/1074
f 1026/1026/1026 1027/1027/1027 1075/1075/1075
f 1027/1027/1027 1076/1076/1076 1075/1075/1075
f 1027/1027/1027 1028/1028/1028 1076/1076/1076
f 1028/1028/1028 1077/1077/1077 1076/1076/1076
f 1028/1028/1028 1029/1029/1029 1077/1077/1077
f 1029/1029/1029 1078/1078/1078 1077/1077/1077
f 1030/1030/1030 1031/1031/1031 1079/1079/1079
f 1031/1031/1031 1080/1080/1080 1079/1079/1079
f 1031/1031/1031 1032/1032/1032 1080/1080/1080
f 1032/1032/1032 1081/1081/1081 1080/1080/1080
f 1032/1032/1032 1033/1033/1033 1081/1081/1081
f 1033/1033/1033 1082/1082/1082 1081/1081/1081
f 1033/1033/1033 1034/1034/1034 1082/1082/1082
f 1034/1034/1034 1083/1083/1083 1082/1082/1082
f 1034/1034/1034 1035/1035/1035 1083/1083/1083
f 1035/1035/1035 1084/1084/1084 1083/1083/1083
f 1035/1035/1035 1036/1036/1036 1084/1084/1084
f 1036/1036/1036 1085/1085/1085 1084/1084/1084
f 1036/1036/1036 1037/1037/1037 1085/1085/1085
f 1037/1037/1037 1086/1086/1086 1085/1085/1085
f 1037/1037/1037 1038/1038/1038 1086/1086/1086
f 1038/1038/1038 1087/1087/1087 1086/1086/1086
f 1038/1038/1038 1039/1039/1039 1087/1087/1087
f 1039/1039/1039 1088/1088/1088 1087/1087/1087
f 1039/1039/1039 1040/1040/1040 1088/1088/1088
f 1040/1040/1040 1089/1089/1089 1088/1088/1088
f 1040/1040/1040 1041/1041/1041 1089/1089/1089
f 1041/1041/1041 1090/1090/1090 1089/1089/1089
f 1041/1041/1041 1042/1042/1042 1090/1090/1090
f 1042/1042/1042 1091/1091/1091 1090/1090/1090
f 1042/1042/1042 1043/1043/1043 1091/1091/1091
f 1043/1043/1043 1092/1092/1092 1091/1091/1091
f 1043/1043/1043 1044/1044/1044 1092/1092/1092
f 1044/1044/1044 1093/1093/1093 1092/1092/1092
f 1044/1044/1044 1045/1045/1045 1093/1093/1093
f 1045/1045/1045 1094/1094/1094 1093/1093/1093
f 1045/1045/1045 1046/1046/1046 1094/1094/1094
f 1046/1046/1046 1095/1095/1095 1094/1094/1094
f 1046/1046/1046 1047/1047/1047 1095/1095/1095
f 1047/1047/1047 1096/1096/1096 1095/1095/1095
f 1047/1047/1047 1048/1048/1048 1096/1096/1096
f 1048/1048/1048 1097/1097/1097 1096/1096/1096
f 1048/1048/1048 1049/1049/1049 1097/1097/1097
f 1049/1049/1049 1098/1098/1098 1097/1097/1097
f 1049/1049/1049 1050/1050/1050 1098/1098/1098
f 1050/1050/1050 1099/1099/1099 1098/1098/1098
f 1050/1050/1050 1051/1051/1051 1099/1099/1099
f 1051/1051/1051 1100/1100/1100 1099/1099/1099
f 1051/1051/1051 1052/1052/1052 1100/1100/1100
f 1052/1052/1052 1101/1101/1101 1100/1100/1100
f 1052/1052/1052 1053/1053/1053 1101/1101/1101
f 1053/1053/1053 1102/1102/1102 1101/1101/1101
f 1053/1053/1053 1054/1054/1054 1102/1102/1102
f 1054/1054/1054 1103/1103/1103 1102/1102/1102
f 1054/1054/1054 1055/1055/1055 1103/1103/1103
f 1055/1055/1055 1104/1104/1104 1103/1103/1103
f 1055/1055/1055 1056/1056/1056 1104/1104/1104
f 1056/1056/1056 1105/1105/1105 1104/1104/1104
f 1056/1056/1056 1057/1057/1057 1105/1105/1105
f 1057/1057/1057 1106/1106/1106 1105/1105/1105
f 1057/1057/1057 1058/1058/1058 1106/1106/1106
f 1058/1058/1058 1107/1107/1107 1106/1106/1106
f 1058/1058/1058 1059/1059/1059 1107/1107/1107
f 1059/1059/1059 1108/1108/1108 1107/1107/1107
f 1059/1059/1059 1060/1060/1060 1108/1108/1108
f 1060/1060/1060 1109/1109/1109 1108/1108/1108
f 1060/1060/1060 1061/1061/1061 1109/1109/1109
f 1061/1061/1061 1110/1110/1110 1109/1109/1109
f 1061/1061/1061 1062/1062/1062 1110/1110/1110
f 1062/1062/1062 1111/1111/1111 1110/1110/1110
f 1062/1062/1062 1063/1063/1063 1111/1111/1111
f 1063/1063/1063 1112/1112/1112 1111/1111/1111
f 1063/1063/1063 1064/1064/1064 1112/1112/1112
f 1064/1064/1064 1113/1113/1113 1112/1112/1112
f 1064/1064/1064 1065/1065/1065 1113/1113/1113
f 1065/1065/1065 1114/1114/1114 1113/1113/1113
f 1065/1065/1065 1066/1066/1066 1114/1114/1114
f 1066/1066/1066 1115/1115/1115 1114/1114/1114
f 1066/1066/1066 1067/1067/1067 1115/1115/1115
f 1067/1067/1067 1116/1116/1116 1115/1115/1115
f 1067/1067/1067 1068/1068/1068 1116/1116/1116
f 1068/1068/1068 1117/1117/1117 1116/1116/1116
f 1068/1068/1068 1069/1069/1069 1117/1117/1117
f 1069/1069/1069 1118/1118/1118 1117/1117/1117
f 1069/1069/1069 1070/1070/1070 1118/1118/1118
f 1070/1070/1070 1119/1119/1119 1118/1118/1118
f 1070/1070/1070 1071/1071/1071 1119/1119/1119
f 1071/1071/1071 1120/1120/1120 1119/1119/1119
f 1071/1071/1071 1072/1072/1072 1120/1120/1120
f 1072/1072/1072 1121/1121/1121 1120/1120/1120
f 1072/1072/1072 1073/1073/1073 1121/1121/1121
f 1073/1073/1073 1122/1122/1122 1121/1121/1121
f 1073/1073/1073 1074/1074/1074 1122/1122/1122
f 1074/1074/1074 1123/1123/1123 1122/1122/1122
f 1074/1074/1074 1075/1075/1075 1123/1123/1123
f 1075/1075/1075 1124/1124/1124 1123/1123/1123
f 1075/1075/1075 1076/1076/1076 1124/1124/1124
f 1076/1076/1076 1125/1125/1125 1124/1124/1124
f 1076/1076/1076 1077/1077/1077 1125/1125/1125
f 1077/1077/1077 1126/1126/1126 1125/1125/1125
f 1077/1077/1077 1078/1078/1078 1126/1126/1126
f 1078/1078/1078 1127/1127/1127 1126/1126/1126
f 1079/1079/1079 1080/1080/1080 1128/1128/1128
f 1080/1080/1080 1129/1129/1129 1128/1128/1128
f 1080/1080/1080 1081/1081/1081 1129/1129/1129
f 1081/1081/1081 1130/1130/1130 1129/1129/1129
f 1081/1081/1081 1082/1082/1082 1130/1130/1130
f 1082/1082/1082 1131/1131/1131 1130/1130/1130
f 1082/1082/1082 1083/1083/1083 1131/1131/1131
f 1083/1083/1083 1132/1132/1132 1131/1131/1131
f 1083/1083/1083 1084/1084/1084 1132/1132/1132
f 1084/1084/1084 1133/1133/1133 1132/1132/1132
f 1084/1084/1084 1085/1085/1085 1133/1133/1133
f 1085/1085/1085 1134/1134/1134 1133/1133/1133
f 1085/1085/1085 1086/1086/1086 1134/1134/1134
f 1086/1086/1086 1135/1135/1135 1134/1134/1134
f 1086/1086/1086 1087/1087/1087 1135/1135/1135
f 1087/1087/1087 1136/1136/1136 1135/1135/1135
f 1087/1087/1087 1088/1088/1088 1136/1136/1136
f 1088/1088/1088 1137/1137/1137 1136/1136/1136
f 1088/1088/1088 1089/1089/1089 1137/1137/1137
f 1089/1089/1089 1138/1138/1138 1137/1137/1137
f 1089/1089/1089 1090/1090/1090 1138/1138/1138
f 1090/1090/1090 1139/1139/1139 1138/1138/1138
f 1090/1090/1090 1091/1091/1091 1139/1139/1139
f 1091/1091/1091 1140/1140/1140 1139/1139/1139
f 1091/1091/1091 1092/1092/1092 1140/1140/1140
f 1092/1092/1092 1141/1141/1141 1140/1140/1140
f 1092/1092/1092 1093/1093/1093 1141/1141/1141
f 1093/1093/1093 1142/1142/1142 1141/1141/1141
f 1093/1093/1093 1094/1094/1094 1142/1142/1142
f 1094/1094/1094 1143/1143/1143 1142/1142/1142
f 1094/1094/1094 1095/1095/1095 1143/1143/1143
f 1095/1095/1095 1144/1144/1144 1143/1143/1143
f 1095/1095/1095 1096/1096/1096 1144/1144/1144
f 1096/1096/1096 1145/1145/1145 1144/1144/1144
f 1096/1096/1096 1097/1097/1097 1145/1145/1145
f 1097/1097/1097 1146/1146/1146 1145/1145/1145
f 1097/1097/1097 1098/1098/1098 1146/1146/1146
f 1098/1098/1098 1147/1147/1147 1146/1146/1146
f 1098/1098/1098 1099/1099/1099 1147/1147/1147
f 1099/1099/1099 1148/1148/1148 1147/1147/1147
f 1099/1099/1099 1100/1100/1100 1148/1148/1148
f 1100/1100/1100 1149/1149/1149 1148/1148/1148
f 1100/1100/1100 1101/1101/1101 1149/1149/1149
f 1101/1101/1101 1150/1150/1150 1149/1149/1149
f 1101/1101/1101 1102/1102/1102 1150/1150/1150
f 1102/1102/1102 1151/1151/1151 1150/1150/1150
f 1102/1102/1102 1103/1103/1103 1151/1151/1151
f 1103/1103/1103 1152/1152/1152 1151/1151/1151
f 1103/1103/1103 1104/1104/1104 1152/1152/1152
f 1104/1104/1104 1153/1153/1153 1152/1152/1152
f 1104/1104/1104 1105/1105/1105 1153/1153/1153
f 1105/1105/1105 1154/1154/1154 1153/1153/1153
f 1105/1105/1105 1106/1106/1106 1154/1154/1154
f 1106/1106/1106 1155/1155/1155 1154/1154/1154
f 1106/1106/1106 1107/1107/1107 1155/1155/1155
f 1107/1107/1107 1156/1156/1156 1155/1155/1155
f 1107/1107/1107 1108/1108/1108 1156/1156/1156
f 1108/1108/1108 1157/1157/1157 1156/1156/1156
f 1108/1108/1108 1109/1109/1109 1157/1157/1157
f 1109/1109/1109 1158/1158/1158 1157/1157/1157
f 1109/1109/1109 1110/1110/1110 1158/1158/1158
f 1110/1110/1110 1159/1159/1159 1158/1158/1158
f 1110/1110/1110 1111/1111/1111 1159/1159/1159
f 1111/1111/1111 1160/1160/1160 1159/1159/1159
f 1111/1111/1111 1112/1112/1112 1160/1160/1160
f 1112/1112/1112 1161/1161/1161 1160/1160/1160
f 1112/1112/1112 1113/1113/1113 1161/1161/1161
f 1113/1113/1113 1162/1162/1162 1161/1161/1161
f 1113/1113/1113 1114/1114/1114 1162/1162/1162
f 1114/1114/1114 1163/1163/1163 1162/1162/1162
f 1114/1114/1114 1115/1115/1115 1163/1163/1163
f 1115/1115/1115 1164/1164/1164 1163/1163/1163
f 1115/1115/1115 1116/1116/1116 1164/1164/1164
f 1116/1116/1116 1165/1165/1165 1164/1164/1164
f 1116/1116/1116 1117/1117/1117 1165/1165/1165
f 1117/1117/1117 1166/1166/1166 1165/1165/1165
f 1117/1117/1117 1118/1118/1118 1166/1166/1166
f 1118/1118/1118 1167/1167/1167 1166/1166/1166
f 1118/1118/1118 1119/1119/1119 1167/1167/1167
f 1119/1119/1119 1168/1168/1168 1167/1167/1167
f 1119/1119/1119 1120/1120/1120 1168/1168/1168
f 1120/1120/1120 1169/1169/1169 1168/1168/1168
f 1120/1120/1120 1121/1121/1121 1169/1169/1169
f 1121/1121/1121 1170/1170/1170 1169/1169/1169
f 1121/1121/1121 1122/1122/1122 1170/1170/1170
f 1122/1122/1122 1171/1171/1171 1170/1170/1170
f 1122/1122/1122 1123/1123/1123 1171/1171/1171
f 1123/1123/1123 1172/1172/1172 1171/1171/1171
f 1123/1123/1123 1124/1124/1124 1172/1172/1172
f 1124/1124/1124 1173/1173/1173 1172/1172/1172
f 1124/1124/1124 1125/1125/1125 1173/1173/1173
f 1125/1125/1125 1174/1174/1174 1173/1173/1173
f 1125/1125/1125 1126/1126/1126 1174/1174/1174
f 1126/1126/1126 1175/1175/1175 1174/1174/1174
f 1126/1126/1126 1127/1127/1127 1175/1175/1175
f 1127/1127/1127 1176/1176/1176 1175/1175/1175
f 1128/1128/1128 1129/1129/1129 1177/1177/1177
f 1129/1129/1129 1178/1178/1178 1177/1177/1177
f 1129/1129/1129 1130/1130/1130 1178/1178/1178
f 1130/1130/1130 1179/1179/1179 1178/1178/1178
f 1130/1130/1130 1131/1131/1131 1179/1179/1179
f 1131/1131/1131 1180/1180/1180 1179/1179/1179
f 1131/1131/1131 1132/1132/1132 1180/1180/1180
f 1132/1132/1132 1181/1181/1181 1180/1180/1180
f 1132/1132/1132 1133/1133/1133 1181/1181/1181
f 1133/1133/1133 1182/1182/1182 1181/1181/1181
f 1133/1133/1133 1134/1134/1134 1182/1182/1182
f 1134/1134/1134 1183/1183/1183 1182/1182/1182
f 1134/1134/1134 1135/1135/1135 1183/1183/1183
f 1135/1135/1135 1184/1184/1184 1183/1183/1183
f 1135/1135/1135 1136/1136/1136 1184/1184/1184
f 1136/1136/1136 1185/1185/1185 1184/1184/1184
f 1136/1136/1136 1137/1137/1137 1185/1185/1185
f 1137/1137/1137 1186/1186/1186 1185/1185/1185
f 1137/1137/1137 1138/1138/1138 1186/1186/1186
f 1138/1138/1138 1187/1187/1187 1186/1186/1186
f 1138/1138/1138 1139/1139/1139 1187/1187/1187
f 1139/1139/1139 1188/1188/1188 1187/1187/1187
f 1139/1139/1139 1140/1140/1140 1188/1188/1188
f 1140/1140/1140 1189/1189/1189 1188/1188/1188
f 1140/1140/1140 1141/1141/1141 1189/1189/1189
f 1141/1141/1141 1190/1190/1190 1189/1189/1189
f 1141/1141/1141 1142/1142/1142 1190/1190/1190
f 1142/1142/1142 1191/1191/1191 1190/1190/1190
f 1142/1142/1142 1143/1143/1143 1191/1191/1191
f 1143/1143/1143 1192/1192/1192 1191/1191/1191
f 1143/1143/1143 1144/1144/1144 1192/1192/1192
f 1144/1144/1144 1193/1193/1193 1192/1192/1192
f 1144/1144/1144 1145/1145/1145 1193/1193/1193
f 1145/1145/1145 1194/1194/1194 1193/1193/1193
f 1145/1145/1145 1146/1146/1146 1194/1194/1194
f 1146/1146/1146 1195/1195/1195 1194/1194/1194
f 1146/1146/1146 1147/1147/1147 1195/1195/1195
f 1147/1147/1147 1196/1196/1196 1195/1195/1195
f 1147/1147/1147 1148/1148/1148 1196/1196/1196
f 1148/1148/1148 1197/1197/1197 1196/1196/1196
f 1148/1148/1148 1149/1149/1149 1197/1197/1197
f 1149/1149/1149 1198/1198/1198 1197/1197/1197
f 1149/1149/1149 1150/1150/1150 1198/1198/1198
f 1150/1150/1150 1199/1199/1199 1198/1198/1198
f 1150/1150/1150 1151/1151/1151 1199/1199/1199
f 1151/1151/1151 1200/1200/1200 1199/1199/1199
f 1151/1151/1151 1152/1152/1152 1200/1200/1200
f 1152/1152/1152 1201/1201/1201 1200/1200/1200
f 1152/1152/1152 1153/1153/1153 1201/1201/1201
f 1153/1153/1153 1202/1202/1202 1201/1201/1201
f 1153/1153/1153 1154/1154/1154 1202/1202/1202
f 1154/1154/1154 1203/1203/1203 1202/1202/1202
f 1154/1154/1154 1155/1155/1155 1203/1203/1203
f 1155/1155/1155 1204/1204/1204 1203/1203/1203
f 1155/1155/1155 1156/1156/1156 1204/1204/1204
f 1156/1156/1156 1205/1205/1205 1204/1204/1204
f 1156/1156/1156 1157/1157/1157 1205/1205/1205
f 1157/1157/1157 1206/1206/1206 1205/1205/1205
f 1157/1157/1157 1158/1158/1158 1206/1206/1206
f 1158/1158/1158 1207/1207/1207 1206/1206/1206
f 1158/1158/1158 1159/1159/1159 1207/1207/1207
f 1159/1159/1159 1208/1208/1208 1207/1207/1207
f 1159/1159/1159 1160/1160/1160 1208/1208/1208
f 1160/1160/1160 1209/1209/1209 1208/1208/1208
f 1160/1160/1160 1161/1161/1161 1209/1209/1209
f 1161/1161/1161 1210/1210/1210 1209/1209/1209
f 1161/1161/1161 1162/1162/1162 1210/1210/1210
f 1162/1162/1162 1211/1211/1211 1210/1210/1210
f 1162/1162/1162 1163/1163/1163 1211/1211/1211
f 1163/1163/1163 1212/1212/1212 1211/1211/1211
f 1163/1163/1163 1164/1164/1164 1212/1212/1212
f 1164/1164/1164 1213/1213/1213 1212/1212/1212
f 1164/1164/1164 1165/1165/1165 1213/1213/1213
f 1165/1165/1165 1214/1214/1214 1213/1213/1213
f 1165/1165/1165 1166/1166/1166 1214/1214/1214
f 1166/1166/1166 1215/1215/1215 1214/1214/1214
f 1166/1166/1166 1167/1167/1167 1215/1215/1215
f 1167/1167/1167 1216/1216/1216 1215/1215/1215
f 1167/1167/1167 1168/1168/1168 1216/1216/1216
f 1168/1168/1168 1217/1217/1217 1216/1216/1216
f 1168/1168/1168 1169/1169/1169 1217/1217/1217
f 1169/1169/1169 1218/1218/1218 1217/1217/1217
f 1169/1169/1169 1170/1170/1170 1218/1218/1218
f 1170/1170/1170 1219/1219/1219 1218/1218/1218
f 1170/1170/1170 1171/1171/1171 1219/1219/1219
f 1171/1171/1171 1220/1220/1220 1219/1219/1219
f 1171/1171/1171 1172/1172/1172 1220/1220/1220
f 1172/1172/1172 1221/1221/1221 1220/1220/1220
f 1172/1172/1172 1173/1173/1173 1221/1221/1221
f 1173/1173/1173 1222/1222/1222 1221/1221/1221
f 1173/1173/1173 1174/1174/1174 1222/1222/1222
f 1174/1174/1174 1223/1223/1223 1222/1222/1222
f 1174/1174/1174 1175/1175/1175 1223/1223/1223
f 1175/1175/1175 1224/1224/1224 1223/1223/1223
f 1175/1175/1175 1176/1176/1176 1224/1224/1224
f 1176/1176/1176 1225/1225/1225 1224/1224/1224
f 1177/1177/1177 1178/1178/1178 1226/1226/1226
f 1178/1178/1178 1227/1227/1227 1226/1226/1226
f 1178/1178/1178 1179/1179/1179 1227/1227/1227
f 1179/1179/1179 1228/1228/1228 1227/1227/1227
f 1179/1179/1179 1180/1180/1180 1228/1228/1228
f 1180/1180/1180 1229/1229/1229 1228/1228/1228
f 1180/1180/1180 1181/1181/1181 1229/1229/1229
f 1181/1181/1181 1230/1230/1230 1229/1229/1229
f 1181/1181/1181 1182/1182/1182 1230/1230/1230
f 1182/1182/1182 1231/1231/1231 1230/1230/1230
f 1182/1182/1182 1183/1183/1183 1231/1231/1231
f 1183/1183/1183 1232/1232/1232 1231/1231/1231
f 1183/1183/1183 1184/1184/1184 1232/1232/1232
f 1184/1184/1184 1233/1233/1233 1232/1232/1232
f 1184/1184/1184 1185/1185/1185 1233/1233/1233
f 1185/1185/1185 1234/1234/1234 1233/1233/1233
f 1185/1185/1185 1186/1186/1186 1234/1234/1234
f 1186/1186/1186 1235/1235/1235 1234/1234/1234
f 1186/1186/1186 1187/1187/1187 1235/1235/1235
f 1187/1187/1187 1236/1236/1236 1235/1235/1235
f 1187/1187/1187 1188/1188/1188 1236/1236/1236
f 1188/1188/1188 1237/1237/1237 1236/1236/1236
f 1188/1188/1188 1189/1189/1189 1237/1237/1237
f 1189/1189/1189 1238/1238/1238 1237/1237/1237
f 1189/1189/1189 1190/1190/1190 1238/1238/1238
f 1190/1190/1190 1239/1239/1239 1238/1238/1238
f 1190/1190/1190 1191/1191/1191 1239/1239/1239
f 1191/1191/1191 1240/1240/1240 1239/1239/1239
f 1191/1191/1191 1192/1192/1192 1240/1240/1240
f 1192/1192/1192 1241/1241/1241 1240/1240/1240
f 1192/1192/1192 1193/1193/1193 1241/1241/1241
f 1193/1193/1193 1242/1242/1242 1241/1241/1241
f 1193/1193/1193 1194/1194/1194 1242/1242/1242
f 1194/1194/1194 1243/1243/1243 1242/1242/1242
f 1194/1194/1194 1195/1195/1195 1243/1243/1243
f 1195/1195/1195 1244/1244/1244 1243/1243/1243
f 1195/1195/1195 1196/1196/1196 1244/1244/1244
f 1196/1196/1196 1245/1245/1245 1244/1244/1244
f 1196/1196/1196 1197/1197/1197 1245/1245/1245
f 1197/1197/1197 1246/1246/1246 1245/1245/1245
f 1197/1197/1197 1198/1198/1198 1246/1246/1246
f 1198/1198/1198 1247/1247/1247 1246/1246/1246
f 1198/1198/1198 1199/1199/1199 1247/1247/1247
f 1199/1199/1199 1248/1248/1248 1247/1247/1247
f 1199/1199/1199 1200/1200/1200 1248/1248/1248
f 1200/1200/1200 1249/1249/1249 1248/1248/1248
f 1200/1200/1200 1201/1201/1201 1249/1249/1249
f 1201/1201/1201 1250/1250/1250 1249/1249/1249
f 1201/1201/1201 1202/1202/1202 1250/1250/1250
f 1202/1202/1202 1251/1251/1251 1250/1250/1250
f 1202/1202/1202 1203/1203/1203 1251/1251/1251
f 1203/1203/1203 1252/1252/1252 1251/1251/1251
f 1203/1203/1203 1204/1204/1204 1252/1252/1252
f 1204/1204/1204 1253/1253/1253 1252/1252/1252
f 1204/1204/1204 1205/1205/1205 1253/1253/1253
f 1205/1205/1205 1254/1254/1254 1253/1253/1253
f 1205/1205/1205 1206/1206/1206 1254/1254/1254
f 1206/1206/1206 1255/1255/1255 1254/1254/1254
f 1206/1206/1206 1207/1207/1207 1255/1255/1255
f 1207/1207/1207 1256/1256/1256 1255/1255/1255
f 1207/1207/1207 1208/1208/1208 1256/1256/1256
f 1208/1208/1208 1257/1257/1257 1256/1256/1256
f 1208/1208/1208 1209/1209/1209 1257/1257/1257
f 1209/1209/1209 1258/1258/1258 1257/1257/1257
f 1209/1209/1209 1210/1210/1210 1258/1258/1258
f 1210/1210/1210 1259/1259/1259 1258/1258/1258
f 1210/1210/1210 1211/1211/1211 1259/1259/1259
f 1211/1211/1211 1260/1260/1260 1259/1259/1259
f 1211/1211/1211 1212/1212/1212 1260/1260/1260
f 1212/1212/1212 1261/1261/1261 1260/1260/1260
f 1212/1212/1212 1213/1213/1213 1261/1261/1261
f 1213/1213/1213 1262/1262/1262 1261/1261/1261
f 1213/1213/1213 1214/1214/1214 1262/1262/1262
f 1214/1214/1214 1263/1263/1263 1262/1262/1262
f 1214/1214/1214 1215/1215/1215 1263/1263/1263
f 1215/1215/1215 1264/1264/1264 1263/1263/1263
f 1215/1215/1215 1216/1216/1216 1264/1264/1264
f 1216/1216/1216 1265/1265/1265 1264/1264/1264
f 1216/1216/1216 1217/1217/1217 1265/1265/1265
f 1217/1217/1217 1266/1266/1266 1265/1265/1265
f 1217/1217/1217 1218/1218/1218 1266/1266/1266
f 1218/1218/1218 1267/1267/1267 1266/1266/1266
f 1218/1218/1218 1219/1219/1219 1267/1267/1267
f 1219/1219/1219 1268/1268/1268 1267/1267/1267
f 1219/1219/1219 1220/1220/1220 1268/1268/1268
f 1220/1220/1220 1269/1269/1269 1268/1268/1268
f 1220/1220/1220 1221/1221/1221 1269/1269/1269
f 1221/1221/1221 1270/1270/1270 1269/1269/1269
f 1221/1221/1221 1222/1222/1222 1270/1270/1270
f 1222/1222/1222 1271/1271/1271 1270/1270/1270
f 1222/1222/1222 1223/1223/1223 1271/1271/1271
f 1223/1223/1223 1272/1272/1272 1271/1271/1271
f 1223/1223/1223 1224/1224/1224 1272/1272/1272
f 1224/1224/1224 1273/1273/1273 1272/1272/1272
f 1224/1224/1224 1225/1225/1225 1273/1273/1273
f 1225/1225/1225 1274/1274/1274 1273/1273/1273
f 1226/1226/1226 1227/1227/1227 1275/1275/1275
f 1227/1227/1227 1276/1276/1276 1275/1275/1275
f 1227/1227/1227 1228/1228/1228 1276/1276/1276
f 1228/1228/1228 1277/1277/1277 1276/1276/1276
f 1228/1228/1228 1229/1229/1229 1277/1277/1277
f 1229/1229/1229 1278/1278/1278 1277/1277/1277
f 1229/1229/1229 1230/1230/1230 1278/1278/1278
f 1230/1230/1230 1279/1279/1279 1278/1278/1278
f 1230/1230/1230 1231/1231/1231 1279/1279/1279
f 1231/1231/1231 1280/1280/1280 1279/1279/1279
f 1231/1231/1231 1232/1232/1232 1280/1280/1280
f 1232/1232/1232 1281/1281/1281 1280/1280/1280
f 1232/1232/1232 1233/1233/1233 1281/1281/1281
f 1233/1233/1233 1282/1282/1282 1281/1281/1281
f 1233/1233/1233 1234/1234/1234 1282/1282/1282
f 1234/1234/1234 1283/1283/1283 1282/1282/1282
f 1234/1234/1234 1235/1235/1235 1283/1283/1283
f 1235/1235/1235 1284/1284/1284 1283/1283/1283
f 1235/1235/1235 1236/1236/1236 1284/1284/1284
f 1236/1236/1236 1285/1285/1285 1284/1284/1284
f 1236/1236/1236 1237/1237/1237 1285/1285/1285
f 1237/1237/1237 1286/1286/1286 1285/1285/1285
f 1237/1237/1237 1238/1238/1238 1286/1286/1286
f 1238/1238/1238 1287/1287/1287 1286/1286/1286
f 1238/1238/1238 1239/1239/1239 1287/1287/1287
f 1239/1239/1239 1288/1288/1288 1287/1287/1287
f 1239/1239/1239 1240/1240/1240 1288/1288/1288
f 1240/1240/1240 1289/1289/1289 1288/1288/1288
f 1240/1240/1240 1241/1241/1241 1289/1289/1289
f 1241/1241/1241 1290/1290/1290 1289/1289/1289
f 1241/1241/1241 1242/1242/1242 1290/1290/1290
f 1242/1242/1242 1291/1291/1291 1290/1290/1290
f 1242/1242/1242 1243/1243/1243 1291/1291/1291
f 1243/1243/1243 1292/1292/1292 1291/1291/1291
f 1243/1243/1243 1244/1244/1244 1292/1292/1292
f 1244/1244/1244 1293/1293/1293 1292/1292/1292
f 1244/1244/1244 1245/1245/1245 1293/1293/1293
f 1245/1245/1245 1294/1294/1294 1293/1293/1293
f 1245/1245/1245 1246/1246/1246 1294/1294/1294
f 1246/1246/1246 1295/1295/1295 1294/1294/1294
f 1246/1246/1246 1247/1247/1247 1295/1295/1295
f 1247/1247/1247 1296/1296/1296 1295/1295/1295
f 1247/1247/1247 1248/1248/1248 1296/1296/1296
f 1248/1248/1248 1297/1297/1297 1296/1296/1296
f 1248/1248/1248 1249/1249/1249 1297/1297/1297
f 1249/1249/1249 1298/1298/1298 1297/1297/1297
f 1249/1249/1249 1250/1250/1250 1298/1298/1298
f 1250/1250/1250 1299/1299/1299 1298/1298/1298
f 1250/1250/1250 1251/1251/1251 1299/1299/1299
f 1251/1251/1251 1300/1300/1300 1299/1299/1299
f 1251/1251/1251 1252/1252/1252 1300/1300/1300
f 1252/1252/1252 1301/1301/1301 1300/1300/1300
f 1252/1252/1252 1253/1253/1253 1301/1301/1301
f 1253/1253/1253 1302/1302/1302 1301/1301/1301
f 1253/1253/1253 1254/1254/1254 1302/1302/1302
f 1254/1254/1254 1303/1303/1303 1302/1302/1302
f 1254/1254/1254 1255/1255/1255 1303/1303/1303
f 1255/1255/1255 1304/1304/1304 1303/1303/1303
f 1255/1255/1255 1256/1256/1256 1304/1304/1304
f 1256/1256/1256 1305/1305/1305 1304/1304/1304
f 1256/1256/1256 1257/1257/1257 1305/1305/1305
f 1257/1257/1257 1306/1306/1306 1305/1305/1305
f 1257/1257/1257 1258/1258/1258 1306/1306/1306
f 1258/1258/1258 1307/1307/1307 1306/1306/1306
f 1258/1258/1258 1259/1259/1259 1307/1307/1307
f 1259/1259/1259 1308/1308/1308 1307/1307/1307
f 1259/1259/1259 1260/1260/1260 1308/1308/1308
f 1260/1260/1260 1309/1309/1309 1308/1308/1308
f 1260/1260/1260 1261/1261/1261 1309/1309/1309
f 1261/1261/1261 1310/1310/1310 1309/1309/1309
f 1261/1261/1261 1262/1262/1262 1310/1310/1310
f 1262/1262/1262 1311/1311/1311 1310/1310/1310
f 1262/1262/1262 1263/1263/1263 1311/1311/1311
f 1263/1263/1263 1312/1312/1312 1311/1311/1311
f 1263/1263/1263 1264/1264/1264 1312/1312/1312
f 1264/1264/1264 1313/1313/1313 1312/1312/1312
f 1264/1264/1264 1265/1265/1265 1313/1313/1313
f 1265/1265/1265 1314/1314/1314 1313/1313/1313
f 1265/1265/1265 1266/1266/1266 1314/1314/1314
f 1266/1266/1266 1315/1315/1315 1314/1314/1314
f 1266/1266/1266 1267/1267/1267 1315/1315/1315
f 1267/1267/1267 1316/1316/1316 1315/1315/1315
f 1267/1267/1267 1268/1268/1268 1316/1316/1316
f 1268/1268/1268 1317/1317/1317 1316/1316/1316
f 1268/1268/1268 1269/1269/1269 1317/1317/1317
f 1269/1269/1269 1318/1318/1318 1317/1317/1317
f 1269/1269/1269 1270/1270/1270 1318/1318/1318
f 1270/1270/1270 1319/1319/1319 1318/1318/1318
f 1270/1270/1270 1271/1271/1271 1319/1319/1319
f 1271/1271/1271 1320/1320/1320 1319/1319/1319
f 1271/1271/1271 1272/1272/1272 1320/1320/1320
f 1272/1272/1272 1321/1321/1321 1320/1320/1320
f 1272/1272/1272 1273/1273/1273 1321/1321/1321
f 1273/1273/1273 1322/1322/1322 1321/1321/1321
f 1273/1273/1273 1274/1274/1274 1322/1322/1322
f 1274/1274/1274 1323/1323/1323 1322/1322/1322
f 1275/1275/1275 1276/1276/1276 1324/1324/1324
f 1276/1276/1276 1325/1325/1325 1324/1324/1324
f 1276/1276/1276 1277/1277/1277 1325/1325/1325
f 1277/1277/1277 1326/1326/1326 1325/1325/1325
f 1277/1277/1277 1278/1278/1278 1326/1326/1326
f 1278/1278/1278 1327/1327/1327 1326/1326/1326
f 1278/1278/1278 1279/1279/1279 1327/1327/1327
f 1279/1279/1279 1328/1328/1328 1327/1327/1327
f 1279/1279/1279 1280/1280/1280 1328/1328/1328
f 1280/1280/1280 1329/1329/1329 1328/1328/1328
f 1280/1280/1280 1281/1281/1281 1329/1329/1329
f 1281/1281/1281 1330/1330/1330 1329/1329/1329
f 1281/1281/1281 1282/1282/1282 1330/1330/1330
f 1282/1282/1282 1331/1331/1331 1330/1330/1330
f 1282/1282/1282 1283/1283/1283 1331/1331/1331
f 1283/1283/1283 1332/1332/1332 1331/1331/1331
f 1283/1283/1283 1284/1284/1284 1332/1332/1332
f 1284/1284/1284 1333/1333/1333 1332/1332/1332
f 1284/1284/1284 1285/1285/1285 1333/1333/1333
f 1285/1285/1285 1334/1334/1334 1333/1333/1333
f 1285/1285/1285 1286/1286/1286 1334/1334/1334
f 1286/1286/1286 1335/1335/1335 1334/1334/1334
f 1286/1286/1286 1287/1287/1287 1335/1335/1335
f 1287/1287/1287 1336/1336/1336 1335/1335/1335
f 1287/1287/1287 1288/1288/1288 1336/1336/1336
f 1288/1288/1288 1337/1337/1337 1336/1336/1336
f 1288/1288/1288 1289/1289/1289 1337/1337/1337
f 1289/1289/1289 1338/1338/1338 1337/1337/1337
f 1289/1289/1289 1290/1290/1290 1338/1338/1338
f 1290/1290/1290 1339/1339/1339 1338/1338/1338
f 1290/1290/1290 1291/1291/1291 1339/1339/1339
f 1291/1291/1291 1340/1340/1340 1339/1339/1339
f 1291/1291/1291 1292/1292/1292 1340/1340/1340
f 1292/1292/1292 1341/1341/1341 1340/1340/1340
f 1292/1292/1292 1293/1293/1293 1341/1341/1341
f 1293/1293/1293 1342/1342/1342 1341/1341/1341
f 1293/1293/1293 1294/1294/1294 1342/1342/1342
f 1294/1294/1294 1343/1343/1343 1342/1342/1342
f 1294/1294/1294 1295/1295/1295 1343/1343/1343
f 1295/1295/1295 1344/1344/1344 1343/1343/1343
f 1295/1295/1295 1296/1296/1296 1344/1344/1344
f 1296/1296/1296 1345/1345/1345 1344/1344/1344
f 1296/1296/1296 1297/1297/1297 1345/1345/1345
f 1297/1297/1297 1346/1346/1346 1345/1345/1345
f 1297/1297/1297 1298/1298/1298 1346/1346/1346
f 1298/1298/1298 1347/1347/1347 1346/1346/1346
f 1298/1298/1298 1299/1299/1299 1347/1347/1347
f 1299/1299/1299 1348/1348/1348 1347/1347/1347
f 1299/1299/1299 1300/1300/1300 1348/1348/1348
f 1300/1300/1300 1349/1349/1349 1348/1348/1348
f 1300/1300/1300 1301/1301/1301 1349/1349/1349
f 1301/1301/1301 1350/1350/1350 1349/1349/1349
f 1301/1301/1301 1302/1302/1302 1350/1350/1350
f 1302/1302/1302 1351/1351/1351 1350/1350/1350
f 1302/1302/1302 1303/1303/1303 1351/1351/1351
f 1303/1303/1303 1352/1352/1352 1351/1351/1351
f 1303/1303/1303 1304/1304/1304 1352/1352/1352
f 1304/1304/1304 1353/1353/1353 1352/1352/1352
f 1304/1304/1304 1305/1305/1305 1353/1353/1353
f 1305/1305/1305 1354/1354/1354 1353/1353/1353
f 1305/1305/1305 1306/1306/1306 1354/1354/1354
f 1306/1306/1306 1355/1355/1355 1354/1354/1354
f 1306/1306/1306 1307/1307/1307 1355/1355/1355
f 1307/1307/1307 1356/1356/1356 1355/1355/1355
f 1307/1307/1307 1308/1308/1308 1356/1356/1356
f 1308/1308/1308 1357/1357/1357 1356/1356/1356
f 1308/1308/1308 1309/1309/1309 1357/1357/1357
f 1309/1309/1309 1358/1358/1358 1357/1357/1357
f 1309/1309/1309 1310/1310/1310 1358/1358/1358
f 1310/1310/1310 1359/1359/1359 1358/1358/1358
f 1310/1310/1310 1311/1311/1311 1359/1359/1359
f 1311/1311/1311 1360/1360/1360 1359/1359/1359
f 1311/1311/1311 1312/1312/1312 1360/1360/1360
f 1312/1312/1312 1361/1361/1361 1360/1360/1360
f 1312/1312/1312 1313/1313/1313 1361/1361/1361
f 1313/1313/1313 1362/1362/1362 1361/1361/1361
f 1313/1313/1313 1314/1314/1314 1362/1362/1362
f 1314/1314/1314 1363/1363/1363 1362/1362/1362
f 1314/1314/1314 1315/1315/1315 1363/1363/1363
f 1315/1315/1315 1364/1364/1364 1363/1363/1363
f 1315/1315/1315 1316/1316/1316 1364/1364/1364
f 1316/1316/1316 1365/1365/1365 1364/1364/1364
f 1316/1316/1316 1317/1317/1317 1365/1365/1365
f 1317/1317/1317 1366/1366/1366 1365/1365/1365
f 1317/1317/1317 1318/1318/1318 1366/1366/1366
f 1318/1318/1318 1367/1367/1367 1366/1366/1366
f 1318/1318/1318 1319/1319/1319 1367/1367/1367
f 1319/1319/1319 1368/1368/1368 1367/1367/1367
f 1319/1319/1319 1320/1320/1320 1368/1368/1368
f 1320/1320/1320 1369/1369/1369 1368/1368/1368
f 1320/1320/1320 1321/1321/1321 1369/1369/1369
f 1321/1321/1321 1370/1370/1370 1369/1369/1369
f 1321/1321/1321 1322/1322/1322 1370/1370/1370
f 1322/1322/1322 1371/1371/1371 1370/1370/1370
f 1322/1322/1322 1323/1323/1323 1371/1371/1371
f 1323/1323/1323 1372/1372/1372 1371/1371/1371
f 1324/1324/1324 1325/1325/1325 1373/1373/1373
f 1325/1325/1325 1374/1374/1374 1373/1373/1373
f 1325/1325/1325 1326/1326/1326 1374/1374/1374
f 1326/1326/1326 1375/1375/1375 1374/1374/1374
f 1326/1326/1326 1327/1327/1327 1375/1375/1375
f 1327/1327/1327 1376/1376/1376 1375/1375/1375
f 1327/1327/1327 1328/1328/1328 1376/1376/1376
f 1328/1328/1328 1377/1377/1377 1376/1376/1376
f 1328/1328/1328 1329/1329/1329 1377/1377/1377
f 1329/1329/1329 1378/1378/1378 1377/1377/1377
f 1329/1329/1329 1330/1330/1330 1378/1378/1378
f 1330/1330/1330 1379/1379/1379 1378/1378/1378
f 1330/1330/1330 1331/1331/1331 1379/1379/1379
f 1331/1331/1331 1380/1380/1380 1379/1379/1379
f 1331/1331/1331 1332/1332/1332 1380/1380/1380
f 1332/1332/1332 1381/1381/1381 1380/1380/1380
f 1332/1332/1332 1333/1333/1333 1381/1381/1381
f 1333/1333/1333 1382/1382/1382 1381/1381/1381
f 1333/1333/1333 1334/1334/1334 1382/1382/1382
f 1334/1334/1334 1383/1383/1383 1382/1382/1382
f 1334/1334/1334 1335/1335/1335 1383/1383/1383
f 1335/1335/1335 1384/1384/1384 1383/1383/1383
f 1335/1335/1335 1336/1336/1336 1384/1384/1384
f 1336/1336/1336 1385/1385/1385 1384/1384/1384
f 1336/1336/1336 1337/1337/1337 1385/1385/1385
f 1337/1337/1337 1386/1386/1386 1385/1385/1385
f 1337/1337/1337 1338/1338/1338 1386/1386/1386
f 1338/1338/1338 1387/1387/1387 1386/1386/1386
f 1338/1338/1338 1339/1339/1339 1387/1387/1387
f 1339/1339/1339 1388/1388/1388 1387/1387/1387
f 1339/1339/1339 1340/1340/1340 1388/1388/1388
f 1340/1340/1340 1389/1389/1389 1388/1388/1388
f 1340/1340/1340 1341/1341/1341 1389/1389/1389
f 1341/1341/1341 1390/1390/1390 1389/1389/1389
f 1341/1341/1341 1342/1342/1342 1390/1390/1390
f 1342/1342/1342 1391/1391/1391 1390/1390/1390
f 1342/1342/1342 1343/1343/1343 1391/1391/1391
f 1343/1343/1343 1392/1392/1392 1391/1391/1391
f 1343/1343/1343 1344/1344/1344 1392/1392/1392
f 1344/1344/1344 1393/1393/1393 1392/1392/1392
f 1344/1344/1344 1345/1345/1345 1393/1393/1393
f 1345/1345/1345 1394/1394/1394 1393/1393/1393
f 1345/1345/1345 1346/1346/1346 1394/1394/1394
f 1346/1346/1346 1395/1395/1395 1394/1394/1394
f 1346/1346/1346 1347/1347/1347 1395/1395/1395
f 1347/1347/1347 1396/1396/1396 1395/1395/1395
f 1347/1347/1347 1348/1348/1348 1396/1396/1396
f 1348/1348/1348 1397/1397/1397 1396/1396/1396
f 1348/1348/1348 1349/1349/1349 1397/1397/1397
f 1349/1349/1349 1398/1398/1398 1397/1397/1397
f 1349/1349/1349 1350/1350/1350 1398/1398/1398
f 1350/1350/1350 1399/1399/1399 1398/1398/1398
f 1350/1350/1350 1351/1351/1351 1399/1399/1399
f 1351/1351/1351 1400/1400/1400 1399/1399/1399
f 1351/1351/1351 1352/1352/1352 1400/1400/1400
f 1352/1352/1352 1401/1401/1401 1400/1400/1400
f 1352/1352/1352 1353/1353/1353 1401/1401/1401
f 1353/1353/1353 1402/1402/1402 1401/1401/1401
f 1353/1353/1353 1354/1354/1354 1402/1402/1402
f 1354/1354/1354 1403/1403/1403 1402/1402/1402
f 1354/1354/1354 1355/1355/1355 1403/1403/1403
f 1355/1355/1355 1404/1404/1404 1403/1403/1403
f 1355/1355/1355 1356/1356/1356 1404/1404/1404
f 1356/1356/1356 1405/1405/1405 1404/1404/1404
f 1356/1356/1356 1357/1357/1357 1405/1405/1405
f 1357/1357/1357 1406/1406/1406 1405/1405/1405
f 1357/1357/1357 1358/1358/1358 1406/1406/1406
f 1358/1358/1358 1407/1407/1407 1406/1406/1406
f 1358/1358/1358 1359/1359/1359 1407/1407/1407
f 1359/1359/1359 1408/1408/1408 1407/1407/1407
f 1359/1359/1359 1360/1360/1360 1408/1408/1408
f 1360/1360/1360 1409/1409/1409 1408/1408/1408
f 1360/1360/1360 1361/1361/1361 1409/1409/1409
f 1361/1361/1361 1410/1410/1410 1409/1409/1409
f 1361/1361/1361 1362/1362/1362 1410/1410/1410
f 1362/1362/1362 1411/1411/1411 1410/1410/1410
f 1362/1362/1362 1363/1363/1363 1411/1411/1411
f 1363/1363/1363 1412/1412/1412 1411/1411/1411
f 1363/1363/1363 1364/1364/1364 1412/1412/1412
f 1364/1364/1364 1413/1413/1413 1412/1412/1412
f 1364/1364/1364 1365/1365/1365 1413/1413/1413
f 1365/1365/1365 1414/1414/1414 1413/1413/1413
f 1365/1365/1365 1366/1366/1366 1414/1414/1414
f 1366/1366/1366 1415/1415/1415 1414/1414/1414
f 1366/1366/1366 1367/1367/1367 1415/1415/1415
f 1367/1367/1367 1416/1416/1416 1415/1415/1415
f 1367/1367/1367 1368/1368/1368 1416/1416/1416
f 1368/1368/1368 1417/1417/1417 1416/1416/1416
f 1368/1368/1368 1369/1369/1369 1417/1417/1417
f 1369/1369/1369 1418/1418/1418 1417/1417/1417
f 1369/1369/1369 1370/1370/1370 1418/1418/1418
f 1370/1370/1370 1419/1419/1419 1418/1418/1418
f 1370/1370/1370 1371/1371/1371 1419/1419/1419
f 1371/1371/1371 1420/1420/1420 1419/1419/1419
f 1371/1371/1371 1372/1372/1372 1420/1420/1420
f 1372/1372/1372 1421/1421/1421 1420/1420/1420
f 1373/1373/1373 1374/1374/1374 1422/1422/1422
f 1374/1374/1374 1423/1423/1423 1422/1422/1422
f 1374/1374/1374 1375/1375/1375 1423/1423/1423
f 1375/1375/1375 1424/1424/1424 1423/1423/1423
f 1375/1375/1375 1376/1376/1376 1424/1424/1424
f 1376/1376/1376 1425/1425/1425 1424/1424/1424
f 1376/1376/1376 1377/1377/1377 1425/1425/1425
f 1377/1377/1377 1426/1426/1426 1425/1425/1425
f 1377/1377/1377 1378/1378/1378 1426/1426/1426
f 1378/1378/1378 1427/1427/1427 1426/1426/1426
f 1378/1378/1378 1379/1379/1379 1427/1427/1427
f 1379/1379/1379 1428/1428/1428 1427/1427/1427
f 1379/1379/1379 1380/1380/1380 1428/1428/1428
f 1380/1380/1380 1429/1429/1429 1428/1428/1428
f 1380/1380/1380 1381/1381/1381 1429/1429/1429
f 1381/1381/1381 1430/1430/1430 1429/1429/1429
f 1381/1381/1381 1382/1382/1382 1430/1430/1430
f 1382/1382/1382 1431/1431/1431 1430/1430/1430
f 1382/1382/1382 1383/1383/1383 1431/1431/1431
f 1383/1383/1383 1432/1432/1432 1431/1431/1431
f 1383/1383/1383 1384/1384/1384 1432/1432/1432
f 1384/1384/1384 1433/1433/1433 1432/1432/1432
f 1384/1384/1384 1385/1385/1385 1433/1433/1433
f 1385/1385/1385 1434/1434/1434 1433/1433/1433
f 1385/1385/1385 1386/1386/1386 1434/1434/1434
f 1386/1386/1386 1435/1435/1435 1434/1434/1434
f 1386/1386/1386 1387/1387/1387 1435/1435/1435
f 1387/1387/1387 1436/1436/1436 1435/1435/1435
f 1387/1387/1387 1388/1388/1388 1436/1436/1436
f 1388/1388/1388 1437/1437/1437 1436/1436/1436
f 1388/1388/1388 1389/1389/1389 1437/1437/1437
f 1389/1389/1389 1438/1438/1438 1437/1437/1437
f 1389/1389/1389 1390/1390/1390 1438/1438/1438
f 1390/1390/1390 1439/1439/1439 1438/1438/1438
f 1390/1390/1390 1391/1391/1391 1439/1439/1439
f 1391/1391/1391 1440/1440/1440 1439/1439/1439
f 1391/1391/1391 1392/1392/1392 1440/1440/1440
f 1392/1392/1392 1441/1441/1441 1440/1440/1440
f 1392/1392/1392 1393/1393/1393 1441/1441/1441
f 1393/1393/1393 1442/1442/1442 1441/1441/1441
f 1393/1393/1393 1394/1394/1394 1442/1442/1442
f 1394/1394/1394 1443/1443/1443 1442/1442/1442
f 1394/1394/1394 1395/1395/1395 1443/1443/1443
f 1395/1395/1395 1444/1444/1444 1443/1443/1443
f 1395/1395/1395 1396/1396/1396 1444/1444/1444
f 1396/1396/1396 1445/1445/1445 1444/1444/1444
f 1396/1396/1396 1397/1397/1397 1445/1445/1445
f 1397/1397/1397 1446/1446/1446 1445/1445/1445
f 1397/1397/1397 1398/1398/1398 1446/1446/1446
f 1398/1398/1398 1447/1447/1447 1446/1446/1446
f 1398/1398/1398 1399/1399/1399 1447/1447/1447
f 1399/1399/1399 1448/1448/1448 1447/1447/1447
f 1399/1399/1399 1400/1400/1400 1448/1448/1448
f 1400/1400/1400 1449/1449/1449 1448/1448/1448
f 1400/1400/1400 1401/1401/1401 1449/1449/1449
f 1401/1401/1401 1450/1450/1450 1449/1449/1449
f 1401/1401/1401 1402/1402/1402 1450/1450/1450
f 1402/1402/1402 1451/1451/1451 1450/1450/1450
f 1402/1402/1402 1403/1403/1403 1451/1451/1451
f 1403/1403/1403 1452/1452/1452 1451/1451/1451
f 1403/1403/1403 1404/1404/1404 1452/1452/1452
f 1404/1404/1404 1453/1453/1453 1452/1452/1452
f 1404/1404/1404 1405/1405/1405 1453/1453/1453
f 1405/1405/1405 1454/1454/1454 1453/1453/1453
f 1405/1405/1405 1406/1406/1406 1454/1454/1454
f 1406/1406/1406 1455/1455/1455 1454/1454/1454
f 1406/1406/1406 1407/1407/1407 1455/1455/1455
f 1407/1407/1407 1456/1456/1456 1455/1455/1455
f 1407/1407/1407 1408/1408/1408 1456/1456/1456
f 1408/1408/1408 1457/1457/1457 1456/1456/1456
f 1408/1408/1408 1409/1409/1409 1457/1457/1457
f 1409/1409/1409 1458/1458/1458 1457/1457/1457
f 1409/1409/1409 1410/1410/1410 1458/1458/1458
f 1410/1410/1410 1459/1459/1459 1458/1458/1458
f 1410/1410/1410 1411/1411/1411 1459/1459/1459
f 1411/1411/1411 1460/1460/1460 1459/1459/1459
f 1411/1411/1411 1412/1412/1412 1460/1460/1460
f 1412/1412/1412 1461/1461/1461 1460/1460/1460
f 1412/1412/1412 1413/1413/1413 1461/1461/1461
f 1413/1413/1413 1462/1462/1462 1461/1461/1461
f 1413/1413/1413 1414/1414/1414 1462/1462/1462
f 1414/1414/1414 1463/1463/1463 1462/1462/1462
f 1414/1414/1414 1415/1415/1415 1463/1463/1463
f 1415/1415/1415 1464/1464/1464 1463/1463/1463
f 1415/1415/1415 1416/1416/1416 1464/1464/1464
f 1416/1416/1416 1465/1465/1465 1464/1464/1464
f 1416/1416/1416 1417/1417/1417 1465/1465/1465
f 1417/1417/1417 1466/1466/1466 1465/1465/1465
f 1417/1417/1417 1418/1418/1418 1466/1466/1466
f 1418/1418/1418 1467/1467/1467 1466/1466/1466
f 1418/1418/1418 1419/1419/1419 1467/1467/1467
f 1419/1419/1419 1468/1468/1468 1467/1467/1467
f 1419/1419/1419 1420/1420/1420 1468/1468/1468
f 1420/1420/1420 1469/1469/1469 1468/1468/1468
f 1420/1420/1420 1421/1421/1421 1469/1469/1469
f 1421/1421/1421 1470/1470/1470 1469/1469/1469
f 1422/1422/1422 1423/1423/1423 1471/1471/1471
f 1423/1423/1423 1472/1472/1472 1471/1471/1471
f 1423/1423/1423 1424/1424/1424 1472/1472/1472
f 1424/1424/1424 1473/1473/1473 1472/1472/1472
f 1424/1424/1424 1425/1425/1425 1473/1473/1473
f 1425/1425/1425 1474/1474/1474 1473/1473/1473
f 1425/1425/1425 1426/1426/1426 1474/1474/1474
f 1426/1426/1426 1475/1475/1475 1474/1474/1474
f 1426/1426/1426 1427/1427/1427 1475/1475/1475
f 1427/1427/1427 1476/1476/1476 1475/1475/1475
f 1427/1427/1427 1428/1428/1428 1476/1476/1476
f 1428/1428/1428 1477/1477/1477 1476/1476/1476
f 1428/1428/1428 1429/1429/1429 1477/1477/1477
f 1429/1429/1429 1478/1478/1478 1477/1477/1477
f 1429/1429/1429 1430/1430/1430 1478/1478/1478
f 1430/1430/1430 1479/1479/1479 1478/1478/1478
f 1430/1430/1430 1431/1431/1431 1479/1479/1479
f 1431/1431/1431 1480/1480/1480 1479/1479/1479
f 1431/1431/1431 1432/1432/1432 1480/1480/1480
f 1432/1432/1432 1481/1481/1481 1480/1480/1480
f 1432/1432/1432 1433/1433/1433 1481/1481/1481
f 1433/1433/1433 1482/1482/1482 1481/1481/1481
f 1433/1433/1433 1434/1434/1434 1482/1482/1482
f 1434/1434/1434 1483/1483/1483 1482/1482/1482
f 1434/1434/1434 1435/1435/1435 1483/1483/1483
f 1435/1435/1435 1484/1484/1484 1483/1483/1483
f 1435/1435/1435 1436/1436/1436 1484/1484/1484
f 1436/1436/1436 1485/1485/1485 1484/1484/1484
f 1436/1436/1436 1437/1437/1437 1485/1485/1485
f 1437/1437/1437 1486/1486/1486 1485/1485/1485
f 1437/1437/1437 1438/1438/1438 1486/1486/1486
f 1438/1438/1438 1487/1487/1487 1486/1486/1486
f 1438/1438/1438 1439/1439/1439 1487/1487/1487
f 1439/1439/1439 1488/1488/1488 1487/1487/1487
f 1439/1439/1439 1440/1440/1440 1488/1488/1488
f 1440/1440/1440 1489/1489/1489 1488/1488/1488
f 1440/1440/1440 1441/1441/1441 1489/1489/1489
f 1441/1441/1441 1490/1490/1490 1489/1489/1489
f 1441/1441/1441 1442/1442/1442 1490/1490/1490
f 1442/1442/1442 1491/1491/1491 1490/1490/1490
f 1442/1442/1442 1443/1443/1443 1491/1491/1491
f 1443/1443/1443 1492/1492/1492 1491/1491/1491
f 1443/1443/1443 1444/1444/1444 1492/1492/1492
f 1444/1444/1444 1493/1493/1493 1492/1492/1492
f 1444/1444/1444 1445/1445/1445 1493/1493/1493
f 1445/1445/1445 1494/1494/1494 1493/1493/1493
f 1445/1445/1445 1446/1446/1446 1494/1494/1494
f 1446/1446/1446 1495/1495/1495 1494/1494/1494
f 1446/1446/1446 1447/1447/1447 1495/1495/1495
f 1447/1447/1447 1496/1496/1496 1495/1495/1495
f 1447/1447/1447 1448/1448/1448 1496/1496/1496
f 1448/1448/1448 1497/1497/1497 1496/1496/1496
f 1448/1448/1448 1449/1449/1449 1497/1497/1497
f 1449/1449/1449 1498/1498/1498 1497/1497/1497
f 1449/1449/1449 1450/1450/1450 1498/1498/1498
f 1450/1450/1450 1499/1499/1499 1498/1498/1498
f 1450/1450/1450 1451/1451/1451 1499/1499/1499
f 1451/1451/1451 1500/1500/1500 1499/1499/1499
f 1451/1451/1451 1452/1452/1452 1500/1500/1500
f 1452/1452/1452 1501/1501/1501 1500/1500/1500
f 1452/1452/1452 1453/1453/1453 1501/1501/1501
f 1453/1453/1453 1502/1502/1502 1501/1501/1501
f 1453/1453/1453 1454/1454/1454 1502/1502/1502
f 1454/1454/1454 1503/1503/1503 1502/1502/1502
f 1454/1454/1454 1455/1455/1455 1503/1503/1503
f 1455/1455/1455 1504/1504/1504 1503/1503/1503
f 1455/1455/1455 1456/1456/1456 1504/1504/1504
f 1456/1456/1456 1505/1505/1505 1504/1504/1504
f 1456/1456/1456 1457/1457/1457 1505/1505/1505
f 1457/1457/1457 1506/1506/1506 1505/1505/1505
f 1457/1457/1457 1458/1458/1458 1506/1506/1506
f 1458/1458/1458 1507/1507/1507 1506/1506/1506
f 1458/1458/1458 1459/1459/1459 1507/1507/1507
f 1459/1459/1459 1508/1508/1508 1507/1507/1507
f 1459/1459/1459 1460/1460/1460 1508/1508/1508
f 1460/1460/1460 1509/1509/1509 1508/1508/1508
f 1460/1460/1460 1461/1461/1461 1509/1509/1509
f 1461/1461/1461 1510/1510/1510 1509/1509/1509
f 1461/1461/1461 1462/1462/1462 1510/1510/1510
f 1462/1462/1462 1511/1511/1511 1510/1510/1510
f 1462/1462/1462 1463/1463/1463 1511/1511/1511
f 1463/1463/1463 1512/1512/1512 1511/1511/1511
f 1463/1463/1463 1464/1464/1464 1512/1512/1512
f 1464/1464/1464 1513/1513/1513 1512/1512/1512
f 1464/1464/1464 1465/1465/1465 1513/1513/1513
f 1465/1465/1465 1514/1514/1514 1513/1513/1513
f 1465/1465/1465 1466/1466/1466 1514/1514/1514
f 1466/1466/1466 1515/1515/1515 1514/1514/1514
f 1466/1466/1466 1467/1467/1467 1515/1515/1515
f 1467/1467/1467 1516/1516/1516 1515/1515/1515
f 1467/1467/1467 1468/1468/1468 1516/1516/1516
f 1468/1468/1468 1517/1517/1517 1516/1516/1516
f 1468/1468/1468 1469/1469/1469 1517/1517/1517
f 1469/1469/1469 1518/1518/1518 1517/1517/1517
f 1469/1469/1469 1470/1470/1470 1518/1518/1518
f 1470/1470/1470 1519/1519/1519 1518/1518/1518
