# Starward Reimagined / GPL-3.0-or-later
mtllib asteroid-5.mtl
s 1
o asteroid-5_part_0
usemtl part_0
v 0 1.031174 0
v 0 1.031174 0
v 0 1.031174 0
v 0 1.031174 0
v 0 1.031174 0
v 0 1.031174 0
v 0 1.031174 0
v 0 1.031174 0
v 0 1.031174 0
v 0 1.031174 0
v 0 1.031174 0
v 0 1.031174 0
v 0 1.031174 0
v 0 1.031174 0
v 0 1.031174 0
v 0 1.031174 0
v 0 1.031174 0
v 0 1.031174 0
v 0 1.031174 0
v 0 1.031174 0
v 0 1.031174 0
v 0 1.031174 0
v 0 1.031174 0
v 0 1.031174 0
v 0 1.031174 0
v 0 1.031174 0
v 0 1.031174 0
v 0 1.031174 0
v 0 1.031174 0
v 0 1.031174 0
v 0 1.031174 0
v 0 1.031174 0
v 0 1.031174 0
v 0 1.031174 0
v 0 1.031174 0
v 0 1.031174 0
v 0 1.031174 0
v 0 1.031174 0
v 0 1.031174 0
v 0 1.031174 0
v 0 1.031174 0
v 0 1.031174 0
v 0 1.031174 0
v 0 1.031174 0
v 0 1.031174 0
v 0 1.031174 0
v 0 1.031174 0
v 0 1.031174 0
v 0 1.031174 0
v 0.1084117 1.037413 0
v 0.1093316 1.03609 0.01379997
v 0.1076054 1.034331 0.02731736
v 0.1031036 1.032203 0.04030767
v 0.09596948 1.029826 0.05254326
v 0.08659216 1.027311 0.06381638
v 0.07552783 1.024715 0.07393856
v 0.06338865 1.022034 0.08273993
v 0.05072725 1.019232 0.09007137
v 0.03794537 1.016291 0.09581126
v 0.02524612 1.013286 0.09987544
v 0.01263995 1.010437 0.1022259
v -4.246203e-09 1.008118 0.1028713
v -0.01284586 1.006762 0.1018541
v -0.02600599 1.006704 0.09922668
v -0.03942471 1.007983 0.09502798
v -0.05281915 1.010235 0.08927627
v -0.06568073 1.012741 0.08198757
v -0.07735241 1.014648 0.07321221
v -0.08716603 1.015267 0.06306815
v -0.09459759 1.014302 0.05175121
v -0.09938764 1.011919 0.03951558
v -0.1015872 1.008627 0.02663849
v -0.10152 1.005069 0.01338677
v -0.0996785 1.001827 -8.937181e-09
v -0.09658989 0.9993114 -0.01331011
v -0.09268729 0.9977376 -0.02635094
v -0.0882173 0.9971808 -0.03894006
v -0.08320197 0.9976471 -0.05090142
v -0.07746103 0.9991348 -0.06206609
v -0.07068642 1.001669 -0.07227571
v -0.06254899 1.0053 -0.08138516
v -0.05281058 1.010067 -0.08926146
v -0.04141334 1.015935 -0.0957777
v -0.0285259 1.022712 -0.1008045
v -0.01453691 1.029981 -0.1042031
v 1.330314e-09 1.037097 -0.1058284
v 0.01445905 1.043264 -0.105547
v 0.02825311 1.047734 -0.1032709
v 0.04094125 1.050036 -0.09899255
v 0.05230533 1.050162 -0.09280469
v 0.06236883 1.048591 -0.08488984
v 0.07134263 1.046117 -0.07548279
v 0.07950824 1.043555 -0.06482548
v 0.08707494 1.041473 -0.05313745
v 0.09406242 1.040048 -0.04061403
v 0.100251 1.039121 -0.02744385
v 0.105213 1.038354 -0.01383008
v 0.1084117 1.037413 1.850928e-08
v 0.2190661 1.016621 0
v 0.2170637 1.003935 0.0270421
v 0.2098422 0.9923504 0.05300278
v 0.1977395 0.9825871 0.07759756
v 0.1814737 0.9749714 0.1006003
v 0.1620655 0.9697108 0.1218223
v 0.1406512 0.9670395 0.1411128
v 0.1182371 0.9671971 0.1583503
v 0.09547784 0.9702498 0.173401
v 0.07256058 0.975788 0.1860408
v 0.04926049 0.9826515 0.1958757
v 0.02516956 0.9889782 0.2023451
v -8.591609e-09 0.9928995 0.2049003
v -0.02622422 0.9937484 0.203321
v -0.05319734 0.9928294 0.1979045
v -0.08044324 0.9925963 0.1892454
v -0.1072424 0.9944206 0.1777207
v -0.1324137 0.9970371 0.1632358
v -0.1543824 0.9976084 0.1455735
v -0.17176 0.9945419 0.1249417
v -0.1839972 0.9890918 0.1020573
v -0.1914922 0.984202 0.07772506
v -0.1951365 0.9821069 0.05245563
v -0.1958085 0.9830542 0.02647964
v -0.1941651 0.9858018 -1.77849e-08
v -0.1906582 0.9888399 -0.02663552
v -0.1855499 0.9912162 -0.05294225
v -0.1788576 0.9926732 -0.07839409
v -0.1703078 0.9933908 -0.1025008
v -0.1593831 0.9936841 -0.124834
v -0.1454817 0.9938154 -0.1450201
v -0.1281371 0.9939525 -0.1627307
v -0.1072268 0.9942701 -0.1776939
v -0.08309157 0.9951742 -0.1897369
v -0.05650422 0.9975401 -0.1988436
v -0.02847819 1.002691 -0.2051506
v 2.589382e-09 1.011767 -0.2087939
v 0.02814095 1.024549 -0.2096229
v 0.05530437 1.038604 -0.207029
v 0.08086941 1.050041 -0.2001976
v 0.1043202 1.055946 -0.1887164
v 0.1255664 1.056496 -0.1729705
v 0.1450599 1.054455 -0.1538686
v 0.1633614 1.052365 -0.1322059
v 0.1804899 1.050364 -0.1083794
v 0.1957018 1.046639 -0.08265588
v 0.2078485 1.039552 -0.05552381
v 0.2158746 1.02908 -0.02771934
v 0.2190661 1.016621 3.668182e-08
v 0.3253301 0.9754024 0
v 0.319112 0.9617245 0.03959927
v 0.3050118 0.9486307 0.07745193
v 0.2841639 0.9368511 0.1130965
v 0.2580939 0.9265687 0.1461459
v 0.2286026 0.9180422 0.1762985
v 0.1974672 0.9119439 0.2034192
v 0.1660367 0.9092987 0.2275684
v 0.134879 0.9110354 0.2488885
v 0.1036506 0.917199 0.2673116
v 0.0713535 0.9263062 0.2822521
v 0.03696802 0.9359928 0.2927386
v -1.278533e-08 0.9453735 0.2982238
v -0.03956759 0.9563426 0.2991031
v -0.08137035 0.9699401 0.2955477
v -0.1238684 0.9813883 0.2860191
v -0.1640205 0.9839957 0.2688207
v -0.1993639 0.979557 0.2451519
v -0.2297727 0.9777195 0.2180912
v -0.2555361 0.9828777 0.1887493
v -0.275303 0.9895613 0.1560816
v -0.2878083 0.9921387 0.1197707
v -0.293999 0.9915411 0.08095536
v -0.2960455 0.9912595 0.04081535
v -0.2953585 0.9921893 -2.736264e-08
v -0.2921942 0.9928465 -0.04088075
v -0.2862931 0.9919372 -0.08098781
v -0.2772572 0.9894959 -0.1194517
v -0.2645217 0.9864224 -0.1555864
v -0.2473324 0.9836587 -0.1888994
v -0.2249296 0.9816932 -0.2189776
v -0.1968708 0.9804755 -0.2453817
v -0.1633496 0.9797425 -0.2676587
v -0.1253497 0.9797593 -0.2855444
v -0.08445408 0.9820241 -0.2992298
v -0.04228211 0.9887119 -0.3092268
v 3.830482e-09 1.000102 -0.3154882
v 0.04150214 1.012548 -0.3166818
v 0.08123409 1.021636 -0.3112999
v 0.1187431 1.028318 -0.2996964
v 0.1547941 1.037298 -0.2833825
v 0.1898379 1.04714 -0.2620657
v 0.2223131 1.049015 -0.2339944
v 0.2504374 1.038848 -0.1994977
v 0.274548 1.023122 -0.161375
v 0.2955832 1.009593 -0.1218779
v 0.3125451 0.9990395 -0.08156753
v 0.3230366 0.9881734 -0.04068818
v 0.3253301 0.9754024 5.379937e-08
v 0.4269806 0.9316366 0
v 0.4182804 0.9263915 0.05226829
v 0.4007646 0.9243119 0.1034096
v 0.3736232 0.9195272 0.1521074
v 0.3388824 0.9111594 0.1969293
v 0.2996057 0.9005891 0.2369844
v 0.2583427 0.8890865 0.2717534
v 0.2166023 0.877265 0.3008454
v 0.1751202 0.8664001 0.324336
v 0.1342525 0.8612053 0.3439284
v 0.09331714 0.8696316 0.363099
v 0.04945305 0.8925301 0.3825053
v -1.735913e-08 0.9128278 0.3945798
v -0.05318405 0.9156824 0.3924275
v -0.1079535 0.9210517 0.3845685
v -0.1657585 0.9479191 0.3785581
v -0.2205844 0.9644596 0.3610444
v -0.2644088 0.9551917 0.3275693
v -0.3045973 0.9610112 0.2937375
v -0.3431127 0.9844816 0.2590601
v -0.3672932 0.9870534 0.2133323
v -0.3789095 0.9757379 0.1614056
v -0.3902535 0.9785427 0.1094767
v -0.4006161 0.9889218 0.05579628
v -0.4026825 0.9877205 -3.732541e-08
v -0.3958386 0.9732572 -0.05491254
v -0.383803 0.9547479 -0.1068148
v -0.3685411 0.938871 -0.1553072
v -0.3494645 0.9276248 -0.2004879
v -0.3252067 0.9213634 -0.2424511
v -0.2948487 0.9207712 -0.281438
v -0.2581687 0.9269612 -0.317888
v -0.2152798 0.9399163 -0.3518567
v -0.1662482 0.9553974 -0.3815447
v -0.1118539 0.9642614 -0.40261
v -0.05519647 0.9622574 -0.4123878
v 4.9358e-09 0.9634427 -0.4164586
v 0.05399198 0.9838794 -0.4216542
v 0.1075009 1.004756 -0.4195177
v 0.1565012 1.000221 -0.3994451
v 0.2031224 0.9959619 -0.3728373
v 0.2534327 1.012711 -0.3472948
v 0.298585 1.0124 -0.3094446
v 0.3329144 0.9868124 -0.2596735
v 0.3676182 0.9761184 -0.2109688
v 0.4022099 0.9802046 -0.1621446
v 0.4233594 0.9700811 -0.10853
v 0.4293031 0.947595 -0.05346443
v 0.4269806 0.9316366 7.041207e-08
v 0.5306588 0.9003518 0
v 0.5135031 0.8914198 0.0652202
v 0.4845795 0.8811398 0.1278331
v 0.4469712 0.8700877 0.1866401
v 0.4037865 0.8585603 0.2406262
v 0.3579206 0.8473159 0.289131
v 0.3116695 0.8380309 0.3321599
v 0.2660819 0.8328315 0.3703616
v 0.2204852 0.8330467 0.4043916
v 0.1727251 0.8377996 0.4338681
v 0.1205004 0.8444488 0.4572138
v 0.06285349 0.8520867 0.4735376
v -2.177205e-08 0.8618319 0.4830863
v -0.06680617 0.8706352 0.4838457
v -0.1347634 0.8772132 0.4749535
v -0.2025179 0.8910452 0.4614421
v -0.2683067 0.9109749 0.4422208
v -0.3274534 0.9270408 0.4122566
v -0.3789109 0.9421303 0.3734205
v -0.4198216 0.9510378 0.3245241
v -0.4476114 0.9488395 0.2659286
v -0.4674518 0.9451103 0.2027328
v -0.4815705 0.9411312 0.1365364
v -0.4888442 0.9326918 0.06823978
v -0.4907075 0.9217781 -4.517032e-08
v -0.4879877 0.9106693 -0.06662861
v -0.4791513 0.8988184 -0.130398
v -0.462442 0.8859902 -0.1900513
v -0.4370608 0.873585 -0.2448371
v -0.402979 0.8637178 -0.294728
v -0.3606338 0.8581733 -0.3401435
v -0.3108569 0.8579224 -0.3815195
v -0.2549603 0.8633549 -0.4191043
v -0.1946938 0.8750528 -0.4531603
v -0.1316151 0.8933568 -0.4836942
v -0.06644311 0.915122 -0.5085689
v 6.062251e-09 0.9336985 -0.52337
v 0.06620874 0.9473902 -0.5265015
v 0.1313804 0.9572865 -0.5183079
v 0.1938118 0.9565832 -0.495382
v 0.2527672 0.94823 -0.4603058
v 0.311023 0.9440526 -0.4198218
v 0.366908 0.9395512 -0.3723981
v 0.4188683 0.9349225 -0.3190251
v 0.466355 0.9339309 -0.26175
v 0.5025994 0.9280593 -0.1990754
v 0.5245953 0.917202 -0.1330647
v 0.5341408 0.9080738 -0.06643846
v 0.5306588 0.9003518 8.82407e-08
v 0.5988452 0.8195793 0
v 0.5852036 0.8251147 0.07596891
v 0.5533711 0.8199949 0.1497032
v 0.5105686 0.80958 0.2185362
v 0.462685 0.7978585 0.2813972
v 0.4125244 0.7857715 0.3374172
v 0.3624146 0.7759842 0.3870452
v 0.3136599 0.7730755 0.4326258
v 0.2640564 0.7780793 0.4753115
v 0.2083908 0.7836676 0.5107061
v 0.1452616 0.7878447 0.5367947
v 0.07686728 0.8087492 0.5655959
v -2.690708e-08 0.8322175 0.5870305
v -0.07949795 0.8148278 0.5698469
v -0.1572452 0.8119244 0.5532013
v -0.2357319 0.830653 0.5413258
v -0.3052487 0.8360981 0.5107539
v -0.3841257 0.8828738 0.4940707
v -0.4399279 0.8898296 0.443829
v -0.4826255 0.8885453 0.3815491
v -0.5200766 0.891808 0.3145323
v -0.5322707 0.8653737 0.2335968
v -0.5599951 0.8712772 0.1590656
v -0.5872934 0.8824041 0.08124351
v -0.5925095 0.8693726 -5.361106e-08
v -0.5904173 0.8559132 -0.07880457
v -0.5841188 0.8494804 -0.1550864
v -0.5656038 0.8417835 -0.227229
v -0.5320569 0.8305222 -0.2929173
v -0.4853932 0.8187521 -0.3515794
v -0.4279762 0.8086649 -0.4033457
v -0.3618754 0.8000997 -0.4477489
v -0.2907578 0.7950116 -0.4856551
v -0.2198983 0.8029552 -0.5232757
v -0.1497344 0.8279871 -0.5641456
v -0.07558917 0.8471157 -0.5924274
v 6.876097e-09 0.8579042 -0.6051494
v 0.07800066 0.8957966 -0.6264722
v 0.1566929 0.907661 -0.6184309
v 0.227183 0.8842423 -0.5762493
v 0.3011285 0.8831915 -0.5395222
v 0.3614205 0.8533414 -0.4775438
v 0.4335029 0.8613053 -0.4296015
v 0.5031702 0.8730105 -0.3748784
v 0.5494305 0.8589624 -0.3029478
v 0.5963143 0.8664156 -0.2338782
v 0.6090958 0.8445781 -0.1541912
v 0.6016706 0.8177029 -0.07528622
v 0.5988452 0.8195793 1.01081e-07
v 0.6490178 0.7328829 0
v 0.6445574 0.7520608 0.08581258
v 0.6262602 0.7666835 0.1734653
v 0.5926501 0.7716576 0.2581455
v 0.5475076 0.7681242 0.3357389
v 0.4938977 0.7573051 0.4030122
v 0.4348435 0.7419904 0.4586523
v 0.3729212 0.7267736 0.5040413
v 0.3084958 0.7153443 0.5415593
v 0.2405611 0.7107244 0.5740065
v 0.1692406 0.7229977 0.6104934
v 0.0902878 0.753433 0.6530004
v -3.098305e-08 0.7659062 0.669539
v -0.09188663 0.7601357 0.6588096
v -0.1794574 0.7546504 0.6372206
v -0.2577255 0.7443889 0.6011952
v -0.3428635 0.7748756 0.5866281
v -0.4257083 0.808323 0.5605984
v -0.4817741 0.8044094 0.4972358
v -0.5282547 0.7995358 0.4254859
v -0.5712559 0.7994932 0.34945
v -0.6119058 0.8028078 0.2685662
v -0.6471854 0.8049686 0.1821274
v -0.6888556 0.8208157 0.09365764
v -0.7094884 0.8211542 -6.275518e-08
v -0.7052318 0.8053284 -0.09189062
v -0.6866665 0.7881953 -0.1783326
v -0.6542814 0.7722702 -0.2583504
v -0.6076908 0.7577744 -0.3312151
v -0.5496837 0.7474281 -0.3977562
v -0.4832747 0.7433069 -0.4594661
v -0.4102647 0.7449203 -0.5166265
v -0.3324963 0.7511572 -0.5686718
v -0.2519515 0.7615122 -0.6150247
v -0.1682243 0.7685329 -0.6489429
v -0.0832864 0.7677723 -0.6654282
v 7.729576e-09 0.7864062 -0.6874595
v 0.08777024 0.8143739 -0.7058178
v 0.1764808 0.818527 -0.6911575
v 0.264244 0.8159003 -0.6589503
v 0.3374975 0.7816963 -0.5917919
v 0.4160283 0.7733941 -0.536374
v 0.4919368 0.7708234 -0.4764749
v 0.5683596 0.7816647 -0.4159756
v 0.6214865 0.7759971 -0.3391799
v 0.6444976 0.7528478 -0.251853
v 0.659341 0.7423301 -0.1679551
v 0.6540503 0.7286314 -0.08313891
v 0.6490178 0.7328829 1.120184e-07
v 0.7119759 0.6688955 0
v 0.7086639 0.6863195 0.09659385
v 0.694293 0.7012938 0.1957139
v 0.6707273 0.7139546 0.294602
v 0.6341374 0.7195386 0.3879265
v 0.5825982 0.7151265 0.4694133
v 0.5179239 0.7018126 0.5350958
v 0.444464 0.6846533 0.5856832
v 0.366608 0.6713986 0.6269552
v 0.2845502 0.6661724 0.663632
v 0.1953506 0.6653111 0.6929373
v 0.1005928 0.6740732 0.7206113
v -3.441033e-08 0.6896287 0.7436023
v -0.101543 0.6874043 0.7348627
v -0.1980109 0.6870024 0.7155293
v -0.2836307 0.6798303 0.6772379
v -0.3686064 0.6923006 0.6464736
v -0.4413802 0.6958417 0.5952542
v -0.4828656 0.6679902 0.509308
v -0.5510867 0.6848702 0.4495528
v -0.6473671 0.7337062 0.3955648
v -0.6925299 0.7292601 0.3009174
v -0.7461798 0.7389529 0.2062235
v -0.7844567 0.7413312 0.1043362
v -0.7958615 0.7294971 -6.876597e-08
v -0.7917222 0.7171695 -0.1009358
v -0.7668917 0.7016361 -0.1958096
v -0.7205061 0.6826043 -0.2816658
v -0.6595845 0.6658923 -0.3590041
v -0.5958988 0.6625159 -0.4348795
v -0.5263491 0.6678188 -0.5091773
v -0.4448443 0.6701609 -0.5732858
v -0.364361 0.6844262 -0.6391203
v -0.2773144 0.6954816 -0.6928297
v -0.1872206 0.7055411 -0.7348378
v -0.09418526 0.7098672 -0.7588766
v 8.56838e-09 0.7068245 -0.7621439
v 0.09606714 0.7166555 -0.7661334
v 0.1932398 0.7149492 -0.7446365
v 0.2906216 0.7118438 -0.7091293
v 0.3785207 0.6934949 -0.6475887
v 0.4657097 0.686062 -0.5868882
v 0.5423298 0.6766192 -0.515887
v 0.6122828 0.6750879 -0.4431317
v 0.6537716 0.6596673 -0.3556478
v 0.6821255 0.6506571 -0.2684833
v 0.6953566 0.6451119 -0.1800347
v 0.7022806 0.6493906 -0.09139609
v 0.7119759 0.6688955 1.261067e-07
v 0.7487832 0.5816948 0
v 0.7533655 0.5996096 0.1045847
v 0.7400435 0.6092171 0.2107027
v 0.7201831 0.6186669 0.3163722
v 0.6919398 0.6272978 0.4191269
v 0.6468824 0.6291583 0.5118102
v 0.5837862 0.6235097 0.5891556
v 0.5086326 0.6167723 0.6538728
v 0.4252479 0.6151076 0.7118419
v 0.3281798 0.6107844 0.7540585
v 0.2210592 0.6032833 0.7786942
v 0.1128307 0.6115646 0.8102383
v -3.673566e-08 0.5995266 0.8011435
v -0.10864 0.603879 0.8000559
v -0.2128104 0.6096286 0.7868844
v -0.3124605 0.6194974 0.7648154
v -0.3888681 0.6033612 0.6982483
v -0.472382 0.6116623 0.6484555
v -0.5242851 0.5907345 0.5581862
v -0.6296716 0.6292654 0.5118971
v -0.6750681 0.6127188 0.4093861
v -0.7817766 0.6522156 0.3335282
v -0.8118463 0.6346499 0.2194988
v -0.8617849 0.6419918 0.1119769
v -0.8761806 0.6343285 -7.410382e-08
v -0.8636802 0.6209301 -0.1083035
v -0.8397799 0.6147308 -0.2126099
v -0.7903404 0.6048511 -0.3093072
v -0.7200965 0.5928528 -0.3961127
v -0.6290619 0.5743893 -0.4672566
v -0.5245402 0.5494441 -0.5191711
v -0.4753917 0.5928698 -0.6285325
v -0.3832426 0.594942 -0.6885051
v -0.2937746 0.6054499 -0.7474729
v -0.2037362 0.6249524 -0.8066639
v -0.102778 0.6245741 -0.827474
v 9.58537e-09 0.6309116 -0.8430831
v 0.1044246 0.617671 -0.8183283
v 0.2072028 0.604779 -0.7806247
v 0.3110487 0.5997765 -0.7404685
v 0.4227952 0.6114367 -0.7075937
v 0.5111007 0.5973138 -0.6332439
v 0.5889993 0.5874661 -0.5550978
v 0.629611 0.5585655 -0.454384
v 0.6917318 0.5683426 -0.3797361
v 0.7190076 0.5634133 -0.2881168
v 0.7563744 0.5803089 -0.2007044
v 0.7489718 0.5738008 -0.1000827
v 0.7487832 0.5816948 1.359101e-07
v 0.7750943 0.487686 0
v 0.7814469 0.4993491 0.1096037
v 0.7891595 0.5156919 0.224445
v 0.7784101 0.5255514 0.3382037
v 0.7543317 0.5334243 0.448504
v 0.7123715 0.5380027 0.5507507
v 0.6482148 0.5371456 0.6387052
v 0.5640761 0.5322089 0.7100228
v 0.462544 0.5233625 0.7621787
v 0.3510686 0.5149073 0.7999592
v 0.2426974 0.527782 0.8572782
v 0.1217964 0.5303836 0.8842646
v -3.897389e-08 0.5147696 0.8656381
v -0.1144953 0.5176009 0.8629528
v -0.2249348 0.5248148 0.8524587
v -0.3324947 0.5354905 0.8319373
v -0.4187338 0.5247776 0.7642393
v -0.476983 0.4965781 0.6624875
v -0.578304 0.5161957 0.6137944
v -0.6783445 0.5329785 0.5456073
v -0.7625695 0.539081 0.4532602
v -0.8273746 0.5365869 0.3453051
v -0.887556 0.5384249 0.234339
v -0.9247932 0.5358821 0.1176224
v -0.9713024 0.5508449 -8.097993e-08
v -0.9515753 0.5401212 -0.118553
v -0.9020267 0.5254842 -0.2287072
v -0.840721 0.5166296 -0.3324624
v -0.7660233 0.5105526 -0.4292734
v -0.6915945 0.5143626 -0.5265505
v -0.5887249 0.5031102 -0.5982348
v -0.5077019 0.514761 -0.6867453
v -0.4126594 0.5175532 -0.7537184
v -0.3175291 0.5240601 -0.8141792
v -0.2126521 0.5184433 -0.8421095
v -0.1091794 0.5219314 -0.8701728
v 1.045398e-08 0.5367697 -0.9026335
v 0.1129981 0.5188459 -0.8650285
v 0.2245443 0.5079217 -0.825019
v 0.3363605 0.5038762 -0.7828213
v 0.4560519 0.5156413 -0.7509341
v 0.5643603 0.5206617 -0.6946174
v 0.6146331 0.4870539 -0.5791425
v 0.6761844 0.4823302 -0.493759
v 0.7262155 0.4832179 -0.4062901
v 0.7874187 0.5028021 -0.323564
v 0.7957716 0.497913 -0.2167069
v 0.8039094 0.5009972 -0.1099651
v 0.7750943 0.4876861 1.433898e-07
v 0.8561074 0.417597 0
v 0.8361109 0.4108381 0.116936
v 0.840484 0.418565 0.2362321
v 0.8402269 0.4290569 0.3580423
v 0.8214557 0.437612 0.4771324
v 0.7810915 0.4443586 0.5898756
v 0.7120632 0.4459811 0.6876717
v 0.6107663 0.4380056 0.75775
v 0.4882666 0.4228254 0.7984936
v 0.3698851 0.4191475 0.8444265
v 0.2504913 0.4242954 0.8936999
v 0.1225016 0.4183983 0.9045617
v -4.138314e-08 0.4315318 0.9410063
v -0.1187758 0.4244407 0.9176252
v -0.2379923 0.4375026 0.9215186
v -0.3431089 0.4332519 0.8728417
v -0.4348155 0.4237987 0.8003317
v -0.5285781 0.4222839 0.7305515
v -0.6074988 0.4135205 0.6376198
v -0.7169902 0.4264389 0.5660875
v -0.8105794 0.4318527 0.4708531
v -0.8869292 0.4331053 0.3614204
v -0.9684034 0.443943 0.2505549
v -1.007843 0.4440799 0.1263974
v -1.01986 0.4426942 -8.439333e-08
v -1.007977 0.4421313 -0.1258429
v -0.9360592 0.4248714 -0.2397915
v -0.8489609 0.4094042 -0.3416423
v -0.7658866 0.4029316 -0.43932
v -0.687371 0.4044632 -0.5369155
v -0.611241 0.4122318 -0.6356328
v -0.5338634 0.4242544 -0.7339604
v -0.4482202 0.4360932 -0.8235494
v -0.3408497 0.4325559 -0.8714396
v -0.2258843 0.4197651 -0.8841579
v -0.1177977 0.4258606 -0.9206948
v 1.075196e-08 0.416107 -0.9073707
v 0.1231626 0.4255746 -0.9200765
v 0.2423727 0.4136257 -0.8712262
v 0.3690957 0.4202124 -0.8465718
v 0.487583 0.4221984 -0.7973096
v 0.5829812 0.4150637 -0.7180606
v 0.6415678 0.3965463 -0.6114464
v 0.7140473 0.4007499 -0.5319859
v 0.7738697 0.4071589 -0.4439289
v 0.8204594 0.41439 -0.3458029
v 0.8365574 0.412985 -0.2330826
v 0.8506674 0.4155601 -0.1182796
v 0.8561073 0.417597 1.592178e-07
v 0.9308869 0.3296999 0
v 0.9190379 0.3247476 0.1266574
v 0.8831 0.3146403 0.243331
v 0.864489 0.3146519 0.3597964
v 0.8460246 0.3210368 0.4796358
v 0.8077478 0.3283367 0.5972462
v 0.7384017 0.3324631 0.7024496
v 0.6385676 0.3320148 0.7870655
v 0.5217876 0.3310879 0.8567631
v 0.3897214 0.3263005 0.9007822
v 0.2462647 0.3097638 0.8940488
v 0.1231837 0.3143431 0.931235
v -4.105564e-08 0.3202354 0.9568771
v -0.127707 0.3398411 1.006772
v -0.242596 0.3307057 0.954492
v -0.3511231 0.3261052 0.9002432
v -0.4596706 0.3258359 0.8431723
v -0.5615506 0.3232347 0.7662516
v -0.6613848 0.3216974 0.6797032
v -0.7385746 0.3130577 0.5694534
v -0.842725 0.3197617 0.4777309
v -0.97337 0.340192 0.3890007
v -1.026227 0.338544 0.2618171
v -1.069823 0.3420858 0.1334195
v -1.037957 0.3292078 -8.599664e-08
v -0.9976635 0.3222447 -0.1256813
v -0.9457308 0.3190003 -0.2467031
v -0.860775 0.3103098 -0.3548313
v -0.7711959 0.3039227 -0.4540669
v -0.6923439 0.3044603 -0.553815
v -0.6220927 0.3114467 -0.6580449
v -0.5489047 0.3207993 -0.7604783
v -0.457875 0.3246342 -0.8400626
v -0.3542055 0.3242844 -0.8952169
v -0.2496783 0.3315178 -0.9568359
v -0.1239948 0.31942 -0.9462752
v 1.141783e-08 0.3145357 -0.9398462
v 0.1256789 0.3098356 -0.9178815
v 0.2673588 0.3286932 -0.9486834
v 0.3938236 0.3253711 -0.8982165
v 0.4991413 0.31593 -0.8175387
v 0.6013173 0.3160531 -0.749227
v 0.6839968 0.3150595 -0.6656779
v 0.7574413 0.3180198 -0.5784796
v 0.7933561 0.3124862 -0.4668609
v 0.8165814 0.3082021 -0.3524212
v 0.8870932 0.3243697 -0.2508551
v 0.9066662 0.3250881 -0.1267897
v 0.9308869 0.3296999 1.722504e-07
v 0.9525137 0.2180855 0
v 0.955807 0.2165952 0.1291323
v 0.944546 0.2147598 0.2538853
v 0.9131341 0.2120978 0.3707355
v 0.8791646 0.2136572 0.4879506
v 0.8323838 0.2181068 0.6064634
v 0.760564 0.2226532 0.7191216
v 0.661531 0.2257992 0.8182336
v 0.5333117 0.2239707 0.8859519
v 0.3852069 0.2148453 0.9066287
v 0.2519779 0.2124739 0.9374273
v 0.1224235 0.2096317 0.9493226
v -4.198807e-08 0.2188994 0.9998454
v -0.1278435 0.2260305 1.023585
v -0.2556234 0.2290614 1.010611
v -0.3577056 0.2167553 0.9146887
v -0.4806774 0.2200211 0.8703286
v -0.593336 0.2189173 0.7932954
v -0.6817392 0.2117514 0.6839111
v -0.7729259 0.2090069 0.5811605
v -0.9037824 0.2198807 0.5021639
v -0.9990683 0.2251535 0.3935561
v -1.083507 0.2327524 0.2751558
v -1.073143 0.2248621 0.1340608
v -1.073285 0.2254291 -9.001666e-08
v -1.009518 0.2173925 -0.1296077
v -0.9339706 0.2110179 -0.249462
v -0.8602818 0.2081514 -0.3638375
v -0.7802243 0.2058401 -0.470098
v -0.7033924 0.205705 -0.5719795
v -0.6297264 0.2078062 -0.671169
v -0.5493745 0.2096874 -0.7598489
v -0.4636843 0.2125804 -0.840896
v -0.3750048 0.220072 -0.9286854
v -0.2578526 0.2187882 -0.965286
v -0.1313613 0.2160453 -0.978367
v 1.185074e-08 0.2089744 -0.9545121
v 0.1328444 0.2112239 -0.956533
v 0.2708804 0.2163041 -0.9543262
v 0.4123607 0.2237995 -0.9444148
v 0.5124553 0.2148384 -0.8498276
v 0.597113 0.2092123 -0.7581275
v 0.704529 0.2174626 -0.7023566
v 0.7603387 0.2141116 -0.5953544
v 0.7815953 0.2061867 -0.4708893
v 0.8465657 0.2122093 -0.3709304
v 0.8901196 0.2145826 -0.2536756
v 0.9608233 0.2242832 -0.1337154
v 0.9525137 0.2180855 1.741686e-07
v 0.9757264 0.108257 0
v 0.975386 0.1066729 0.1286159
v 0.9805374 0.1075799 0.2571995
v 0.9822429 0.1106495 0.3911397
v 0.9541439 0.1133712 0.5236191
v 0.8907578 0.115091 0.6471894
v 0.7884997 0.1146877 0.7491082
v 0.6518046 0.111226 0.8151087
v 0.5061983 0.1069719 0.8557425
v 0.37941 0.1071622 0.9145337
v 0.2511599 0.1073687 0.9579973
v 0.1272724 0.1100053 1.007454
v -4.290699e-08 0.1121665 1.03611
v -0.1287353 0.1132294 1.036981
v -0.2514658 0.1112124 0.9922931
v -0.3811176 0.1125001 0.9600882
v -0.4828494 0.1071714 0.8573384
v -0.5474171 0.09751742 0.714647
v -0.721166 0.1080948 0.706045
v -0.8305678 0.1088887 0.6123119
v -0.9170102 0.1087293 0.5021799
v -1.018682 0.1129083 0.3991241
v -1.061327 0.1129187 0.2699633
v -1.107843 0.1162811 0.1402004
v -1.07339 0.1135748 -9.171691e-08
v -1.041051 0.1135048 -0.1368532
v -0.956701 0.1095384 -0.2618822
v -0.8514926 0.1042219 -0.3684185
v -0.7600695 0.1009137 -0.4660826
v -0.6868947 0.1001881 -0.5633863
v -0.6280431 0.1021836 -0.6674348
v -0.5724453 0.1064849 -0.7803646
v -0.4972306 0.1102852 -0.8822477
v -0.3831975 0.1085719 -0.9265647
v -0.2614987 0.1070632 -0.9552712
v -0.1333084 0.1061184 -0.9718564
v 1.231137e-08 0.1058646 -0.9778978
v 0.136347 0.1066272 -0.9765157
v 0.2744758 0.1087752 -0.9705461
v 0.3966745 0.1075294 -0.9176673
v 0.5195056 0.1098531 -0.8787915
v 0.6209786 0.1102608 -0.8080356
v 0.6728981 0.105335 -0.6880186
v 0.7336463 0.1045566 -0.5879514
v 0.8061191 0.1066701 -0.492669
v 0.8389575 0.1047641 -0.370335
v 0.9029878 0.1072342 -0.2563729
v 0.921603 0.105317 -0.1269806
v 0.9757264 0.108257 1.74845e-07
v 0.9486465 -4.271065e-08 0
v 1.016373 -4.512099e-08 0.1308111
v 1.037639 -4.64552e-08 0.2670538
v 1.020077 -4.721491e-08 0.4013165
v 0.9765371 -4.806662e-08 0.533804
v 0.895604 -4.832971e-08 0.6534758
v 0.7767394 -4.754621e-08 0.7467394
v 0.6384529 -4.618488e-08 0.8138317
v 0.4985854 -4.489535e-08 0.8635753
v 0.3621815 -4.364444e-08 0.8955966
v 0.2500712 -4.541115e-08 0.974259
v 0.1312824 -4.777933e-08 1.052148
v -4.369408e-08 -4.770626e-08 1.059604
v -0.1257802 -4.588137e-08 1.010353
v -0.2556745 -4.638587e-08 0.995171
v -0.3814446 -4.591074e-08 0.9421018
v -0.4996156 -4.498811e-08 0.8653595
v -0.5901045 -4.260913e-08 0.750823
v -0.717858 -4.379713e-08 0.687858
v -0.8511589 -4.580745e-08 0.6193716
v -0.945442 -4.645006e-08 0.5158513
v -0.9760462 -4.506919e-08 0.3830782
v -1.04738 -4.690924e-08 0.2696638
v -1.066821 -4.741188e-08 0.1374525
v -1.077149 -4.849619e-08 -9.416737e-08
v -1.005231 -4.668255e-08 -0.1353383
v -0.9365879 -4.556542e-08 -0.261939
v -0.863224 -4.456258e-08 -0.3787723
v -0.7809396 -4.330067e-08 -0.4808757
v -0.707849 -4.26661e-08 -0.5768972
v -0.6478123 -4.31575e-08 -0.6778125
v -0.5838299 -4.421261e-08 -0.7790779
v -0.4988863 -4.492245e-08 -0.8640966
v -0.396434 -4.560676e-08 -0.9358642
v -0.2658259 -4.433145e-08 -0.9510952
v -0.1326074 -4.324496e-08 -0.9522966
v 1.252255e-08 -4.457789e-08 -0.9901197
v 0.1382285 -4.518369e-08 -0.9949893
v 0.2607328 -4.344541e-08 -0.9320856
v 0.38782 -4.459326e-08 -0.9150665
v 0.514409 -4.632021e-08 -0.8909828
v 0.6032068 -4.564568e-08 -0.8043304
v 0.6631478 -4.413392e-08 -0.6931474
v 0.7199186 -4.335105e-08 -0.5861582
v 0.7863098 -4.357985e-08 -0.4839759
v 0.8580697 -4.43114e-08 -0.3766373
v 0.8637119 -4.216858e-08 -0.2424114
v 0.918248 -4.273253e-08 -0.1238862
v 0.9486466 -4.271065e-08 1.658666e-07
v 0.9867837 -0.1041993 0
v 1.008704 -0.1054562 0.1271487
v 1.02901 -0.1092969 0.261304
v 1.035645 -0.1148962 0.4061508
v 0.9760072 -0.1161044 0.5362418
v 0.8985786 -0.1181694 0.6644988
v 0.7568089 -0.1135519 0.741688
v 0.6122223 -0.1090421 0.7991027
v 0.4762911 -0.1057517 0.8459794
v 0.3656527 -0.1081255 0.922753
v 0.2485659 -0.1099997 0.9814703
v 0.1278172 -0.1124684 1.030009
v -4.307283e-08 -0.1125774 1.039904
v -0.1281992 -0.1107741 1.014492
v -0.2490244 -0.1064757 0.9500274
v -0.3789364 -0.1070284 0.9133899
v -0.4939733 -0.1043252 0.8345677
v -0.5990124 -0.101838 0.7463085
v -0.7325601 -0.1061236 0.6931686
v -0.8453213 -0.1088912 0.6123244
v -0.9113014 -0.1080159 0.498884
v -0.9800659 -0.1103946 0.3902377
v -0.988362 -0.1084571 0.259296
v -1.012633 -0.1107402 0.1335194
v -0.9776 -0.10846 -8.758631e-08
v -0.9671223 -0.1102875 -0.1329738
v -0.9180303 -0.1089204 -0.2604041
v -0.8464224 -0.105639 -0.3734271
v -0.7739756 -0.1026522 -0.4741112
v -0.7023671 -0.1002886 -0.5639504
v -0.6362029 -0.09971722 -0.651324
v -0.5759445 -0.1022525 -0.7493461
v -0.5028391 -0.1062448 -0.8499241
v -0.3925638 -0.1063669 -0.9077445
v -0.2699135 -0.1068673 -0.9535213
v -0.1364374 -0.1067028 -0.9772068
v 1.229014e-08 -0.1056721 -0.9761175
v 0.1318275 -0.10489 -0.960604
v 0.2587233 -0.1059023 -0.9449115
v 0.3694097 -0.1046716 -0.8932766
v 0.4869784 -0.1080657 -0.8644904
v 0.5911132 -0.1098049 -0.804693
v 0.6496717 -0.1054951 -0.6890628
v 0.7151576 -0.1040449 -0.5850729
v 0.7876747 -0.1043647 -0.4820201
v 0.8184525 -0.1003506 -0.3547328
v 0.8842639 -0.1014202 -0.2424722
v 0.9133687 -0.09956315 -0.120043
v 0.9867837 -0.1041993 1.682912e-07
v 0.9860997 -0.2063414 0
v 1.020061 -0.2131404 0.1270725
v 1.025902 -0.2196961 0.2597207
v 0.9785181 -0.2202838 0.3850441
v 0.8569763 -0.2080481 0.4751403
v 0.7867739 -0.2128286 0.5917867
v 0.708739 -0.2201112 0.710911
v 0.5913507 -0.2182034 0.7907082
v 0.4788872 -0.2192374 0.8672282
v 0.3575245 -0.2166519 0.914252
v 0.2442569 -0.2194466 0.9681904
v 0.1221513 -0.2164834 0.9803504
v -4.222401e-08 -0.2200813 1.005243
v -0.1280251 -0.2190271 0.9918695
v -0.2554815 -0.2154377 0.950503
v -0.36089 -0.2009336 0.8479224
v -0.4871927 -0.2037768 0.8060713
v -0.6298743 -0.2144144 0.7769778
v -0.7184748 -0.2096217 0.6770324
v -0.7995009 -0.2090325 0.5812313
v -0.8957375 -0.217847 0.4975191
v -0.9376451 -0.2179063 0.3808881
v -0.9670684 -0.2198648 0.2599201
v -0.9208397 -0.2088737 0.1245286
v -0.9188831 -0.2107228 -8.41442e-08
v -0.8879713 -0.208196 -0.1241247
v -0.8665348 -0.2092371 -0.2473566
v -0.8455501 -0.2119687 -0.3705097
v -0.7972752 -0.2101507 -0.4799423
v -0.7266585 -0.2048174 -0.5695111
v -0.6453352 -0.1991353 -0.6431634
v -0.5595858 -0.1957163 -0.7092212
v -0.4766616 -0.1991656 -0.7878311
v -0.3920572 -0.2121843 -0.8953993
v -0.2718775 -0.2171481 -0.9580495
v -0.1364294 -0.217238 -0.9837676
v 1.182423e-08 -0.2084879 -0.9522895
v 0.1257879 -0.2066962 -0.9360289
v 0.2459543 -0.2087232 -0.9208792
v 0.3684477 -0.2163206 -0.912854
v 0.4586926 -0.2103949 -0.8322502
v 0.5460474 -0.2084909 -0.755513
v 0.6638135 -0.2183602 -0.7052554
v 0.729441 -0.2128934 -0.5919668
v 0.755595 -0.1996138 -0.4558779
v 0.82336 -0.1994021 -0.3485439
v 0.8749977 -0.1976514 -0.2336597
v 0.9649205 -0.2075445 -0.1237359
v 0.9860997 -0.2063415 1.647894e-07
v 0.9895554 -0.3130094 0
v 1.004398 -0.3200016 0.1248063
v 0.9773786 -0.3216197 0.2487284
v 0.9264288 -0.3231882 0.3695573
v 0.8032162 -0.3044941 0.4549204
v 0.7408612 -0.3140226 0.5712084
v 0.6745506 -0.3279289 0.6928691
v 0.5510384 -0.3174559 0.7525519
v 0.4522286 -0.320855 0.8302826
v 0.3511017 -0.3260867 0.9001915
v 0.2327051 -0.3179165 0.9175786
v 0.1212732 -0.3233456 0.9579042
v -4.127201e-08 -0.3218923 0.9618272
v -0.1293476 -0.3301468 0.9780526
v -0.2476659 -0.3115758 0.8992782
v -0.3639316 -0.3037466 0.8385199
v -0.4861907 -0.3072618 0.7951072
v -0.6035699 -0.312775 0.7414557
v -0.7098684 -0.3189587 0.6739164
v -0.7727457 -0.3135717 0.5703879
v -0.8364834 -0.3173499 0.4741272
v -0.9076255 -0.3302779 0.377664
v -0.9000272 -0.3205054 0.2478665
v -0.903825 -0.3196126 0.1246544
v -0.8679084 -0.3086233 -8.061944e-08
v -0.8605084 -0.3095076 -0.1207135
v -0.8644189 -0.3165138 -0.24478
v -0.835351 -0.3150015 -0.3601959
v -0.782033 -0.3081108 -0.4603238
v -0.7145683 -0.2999345 -0.5455822
v -0.6411356 -0.2947739 -0.6228172
v -0.5648436 -0.2960019 -0.7016937
v -0.4763203 -0.3006553 -0.7780115
v -0.3749367 -0.3088546 -0.8526209
v -0.265468 -0.3262492 -0.9416289
v -0.1295568 -0.3197801 -0.9473416
v 1.14004e-08 -0.3140468 -0.9383848
v 0.1182785 -0.3047623 -0.9028515
v 0.2407355 -0.3199539 -0.9234592
v 0.3459121 -0.3170315 -0.8751937
v 0.4387933 -0.3118623 -0.807012
v 0.5420563 -0.3170346 -0.7515532
v 0.6359724 -0.3180158 -0.6719239
v 0.7230638 -0.3174192 -0.5773867
v 0.7707416 -0.3037472 -0.4538043
v 0.8050666 -0.2901301 -0.3317561
v 0.8913102 -0.3001451 -0.2321206
v 0.9350588 -0.3011123 -0.1174387
v 0.9895554 -0.3130094 1.635304e-07
v 0.9308773 -0.4018883 0
v 0.9268149 -0.4066013 0.11573
v 0.9287989 -0.4251404 0.239943
v 0.9198618 -0.4494523 0.3750618
v 0.8171736 -0.4353446 0.4746602
v 0.7337307 -0.4361157 0.5789332
v 0.6332747 -0.4302373 0.6633957
v 0.5218134 -0.417188 0.7217355
v 0.4161151 -0.4066475 0.7679418
v 0.326971 -0.4139133 0.8338813
v 0.2331442 -0.4289127 0.9034253
v 0.1191156 -0.4256355 0.920208
v -4.152666e-08 -0.4330377 0.9442899
v -0.1217379 -0.4157148 0.8987598
v -0.2480153 -0.4199085 0.8844596
v -0.364432 -0.4126129 0.8312615
v -0.4709534 -0.4069462 0.7685059
v -0.5782358 -0.4135001 0.7153554
v -0.6604776 -0.412526 0.6360861
v -0.7541296 -0.4287738 0.5691868
v -0.8096661 -0.4313692 0.4703258
v -0.8324589 -0.4252012 0.3548245
v -0.8602875 -0.4279671 0.2415383
v -0.8638346 -0.4236616 0.1205857
v -0.8700799 -0.4240047 -8.083043e-08
v -0.8835595 -0.4307742 -0.1226104
v -0.856952 -0.4226677 -0.2385478
v -0.816965 -0.4126557 -0.3443555
v -0.7671646 -0.4036085 -0.4400579
v -0.7032251 -0.3944944 -0.5236821
v -0.6294947 -0.3887167 -0.5993739
v -0.552228 -0.3918971 -0.6779822
v -0.4684081 -0.4046119 -0.7640977
v -0.3610245 -0.4105409 -0.8270875
v -0.2401762 -0.4097347 -0.8630304
v -0.122703 -0.4239619 -0.9165897
v 1.074961e-08 -0.4160168 -0.9071738
v 0.1170223 -0.4231348 -0.9148015
v 0.2197965 -0.4089779 -0.8614362
v 0.3275327 -0.4165972 -0.8392885
v 0.4337568 -0.422828 -0.7984982
v 0.524287 -0.4170405 -0.7214801
v 0.620713 -0.4183746 -0.6451039
v 0.6850685 -0.4031323 -0.5351484
v 0.761793 -0.4007639 -0.4369563
v 0.8262857 -0.398149 -0.3322499
v 0.8630595 -0.3902139 -0.2202308
v 0.9013139 -0.3927949 -0.1118
v 0.9308773 -0.4018883 1.532285e-07
v 0.8511907 -0.4794181 0
v 0.8604587 -0.4972943 0.1091527
v 0.8560776 -0.5190454 0.2259045
v 0.8172762 -0.5300871 0.3411224
v 0.7561069 -0.5346434 0.4495288
v 0.6742181 -0.5298857 0.5424412
v 0.5840445 -0.5210237 0.6195349
v 0.493502 -0.5127149 0.6840155
v 0.4038519 -0.5070781 0.7384632
v 0.3137294 -0.5063305 0.7866341
v 0.2257966 -0.526795 0.8556747
v 0.1178416 -0.5328476 0.8883722
v -3.902598e-08 -0.5154783 0.8668295
v -0.1180684 -0.5133983 0.855946
v -0.2375895 -0.5160461 0.8382154
v -0.3577773 -0.5253323 0.8161553
v -0.4573523 -0.5171878 0.7531861
v -0.5250622 -0.4940982 0.6591789
v -0.6263249 -0.5187365 0.6168153
v -0.7068629 -0.5338737 0.5465236
v -0.7768419 -0.5488814 0.4615003
v -0.7932323 -0.5350921 0.3443431
v -0.8153383 -0.5318089 0.2314595
v -0.8264757 -0.5263576 0.1155318
v -0.8663731 -0.541967 -7.967477e-08
v -0.8604889 -0.5349339 -0.1174144
v -0.8390621 -0.5245649 -0.228307
v -0.8097734 -0.5171912 -0.3328236
v -0.7614818 -0.5074342 -0.4266513
v -0.6965368 -0.4975859 -0.5093763
v -0.619141 -0.4908453 -0.5836508
v -0.53031 -0.4873996 -0.6502421
v -0.4351192 -0.4907454 -0.7146777
v -0.3364578 -0.5040283 -0.7830576
v -0.2244034 -0.507599 -0.8244948
v -0.1129333 -0.5185528 -0.8645397
v 1.046178e-08 -0.5371588 -0.9032876
v 0.1087825 -0.5201217 -0.8671553
v 0.2087583 -0.509496 -0.827576
v 0.3065312 -0.5069695 -0.7876268
v 0.4160299 -0.521562 -0.7595563
v 0.5225281 -0.5292441 -0.7060671
v 0.577671 -0.4938138 -0.5871802
v 0.6563639 -0.4879549 -0.4995168
v 0.7256668 -0.4828412 -0.4059733
v 0.8083458 -0.4957909 -0.3190521
v 0.8384827 -0.4863635 -0.2116802
v 0.8662798 -0.4889609 -0.1073232
v 0.8511907 -0.4794181 1.409589e-07
v 0.8054756 -0.5814171 0
v 0.8055554 -0.5995501 0.1045743
v 0.7791325 -0.6093054 0.2107332
v 0.7403597 -0.6186683 0.316373
v 0.6915005 -0.6269181 0.4188733
v 0.6285711 -0.6282276 0.511053
v 0.5539101 -0.622087 0.5878113
v 0.4752216 -0.615153 0.6521562
v 0.3957683 -0.6136888 0.7102
v 0.3075284 -0.6098526 0.7529082
v 0.2104762 -0.6028796 0.7781731
v 0.1099695 -0.6115028 0.8101563
v -3.673632e-08 -0.599538 0.8011587
v -0.1114724 -0.6037762 0.7999196
v -0.2231724 -0.6093934 0.7865808
v -0.332514 -0.6192598 0.7645221
v -0.4173678 -0.6033136 0.698193
v -0.4985746 -0.6044083 0.6407651
v -0.5634664 -0.6020051 0.5688359
v -0.6526707 -0.6346181 0.5162514
v -0.7038516 -0.6375908 0.4260042
v -0.7592044 -0.6502739 0.3325352
v -0.7729207 -0.6346883 0.219512
v -0.8093231 -0.6418461 0.1119515
v -0.818887 -0.6341562 -7.40837e-08
v -0.8113086 -0.6208524 -0.1082899
v -0.8008117 -0.6147362 -0.2126118
v -0.7700546 -0.6047614 -0.3092613
v -0.7196736 -0.5924875 -0.3958685
v -0.6579347 -0.5852823 -0.4761178
v -0.5874027 -0.5857769 -0.5535018
v -0.5050219 -0.5898414 -0.6253219
v -0.4104289 -0.5929284 -0.6861747
v -0.313142 -0.6038707 -0.7455233
v -0.213851 -0.6240026 -0.8054378
v -0.105566 -0.6242167 -0.8270006
v 9.586367e-09 -0.6309744 -0.8431668
v 0.1016291 -0.6179851 -0.8187445
v 0.1969279 -0.6052662 -0.7812535
v 0.2912131 -0.6004401 -0.7412878
v 0.3948326 -0.6122885 -0.7085795
v 0.4798075 -0.5982979 -0.6342871
v 0.5613833 -0.5884353 -0.5560135
v 0.6130914 -0.5593249 -0.4550017
v 0.6921893 -0.5687379 -0.3800002
v 0.7391756 -0.5634078 -0.288114
v 0.7949607 -0.5800077 -0.2006002
v 0.8007199 -0.5734079 -0.1000142
v 0.8054757 -0.5814172 1.358452e-07
v 0.730252 -0.66865 0
v 0.7254977 -0.6861801 0.0965742
v 0.7082118 -0.7024989 0.1960502
v 0.6827161 -0.7194092 0.2968526
v 0.646148 -0.7324008 0.3948609
v 0.5955644 -0.7368642 0.4836819
v 0.5307556 -0.7308013 0.557198
v 0.4548144 -0.7163082 0.612762
v 0.3727447 -0.6999766 0.6536413
v 0.2866787 -0.6872172 0.6845964
v 0.1953161 -0.6773465 0.7054722
v 0.1003499 -0.6789282 0.7258012
v -3.443514e-08 -0.6901551 0.7441697
v -0.1022809 -0.6860667 0.7334326
v -0.2007315 -0.6845923 0.713019
v -0.2883942 -0.6754881 0.6729121
v -0.3737335 -0.6846154 0.6392969
v -0.4475417 -0.6893422 0.5896941
v -0.5160909 -0.6994088 0.5332628
v -0.5650729 -0.6946397 0.4559655
v -0.6182532 -0.7025286 0.3787558
v -0.6721176 -0.7153502 0.2951777
v -0.7229269 -0.7287861 0.2033862
v -0.7600355 -0.7343737 0.103357
v -0.7719775 -0.7245421 -6.829887e-08
v -0.770847 -0.713529 -0.1004234
v -0.7526793 -0.7001494 -0.1953947
v -0.7171593 -0.6858252 -0.2829948
v -0.6700698 -0.677121 -0.3650578
v -0.6151206 -0.6784057 -0.4453096
v -0.5523368 -0.6897445 -0.5258945
v -0.4791023 -0.7064652 -0.6043418
v -0.3927484 -0.7198849 -0.6722318
v -0.2957268 -0.7242172 -0.7214555
v -0.1957605 -0.7239832 -0.7540455
v -0.09617996 -0.71746 -0.7669933
v 8.546856e-09 -0.7051507 -0.7603389
v 0.09390894 -0.7079017 -0.756775
v 0.1858944 -0.7007878 -0.7298869
v 0.2764044 -0.6932754 -0.6906315
v 0.3573623 -0.6714449 -0.6269982
v 0.4395449 -0.6620876 -0.5663793
v 0.5151385 -0.6531152 -0.4979662
v 0.589284 -0.6547832 -0.4298035
v 0.6397773 -0.6446812 -0.3475682
v 0.6797208 -0.641663 -0.2647719
v 0.7038547 -0.6411126 -0.1789186
v 0.7180857 -0.6482887 -0.09124099
v 0.730252 -0.66865 1.260604e-07
v 0.6250117 -0.7245188 0
v 0.6280097 -0.7506117 0.08564723
v 0.6212301 -0.7742302 0.1751728
v 0.6029581 -0.791729 0.2648601
v 0.5745025 -0.8037817 0.3513244
v 0.5346785 -0.8087983 0.4304152
v 0.4823113 -0.8052784 0.497773
v 0.4180677 -0.7939653 0.5506408
v 0.3438116 -0.7770448 0.5882704
v 0.2605133 -0.7527226 0.6079258
v 0.1733566 -0.7276858 0.6144519
v 0.09353521 -0.7745851 0.671333
v -3.107636e-08 -0.7683482 0.6716737
v -0.09020251 -0.7526843 0.6523514
v -0.1729086 -0.7392096 0.6241825
v -0.2440659 -0.7212008 0.5824676
v -0.3207946 -0.7434823 0.5628614
v -0.3887669 -0.7565494 0.5246917
v -0.452801 -0.7710415 0.4766099
v -0.4936843 -0.7569972 0.4028483
v -0.5314345 -0.7468933 0.3264592
v -0.5822029 -0.758722 0.253818
v -0.6267949 -0.7673166 0.1736085
v -0.6776413 -0.790233 0.09016805
v -0.7056308 -0.7976443 -6.095848e-08
v -0.7068432 -0.789544 -0.09008956
v -0.6931689 -0.7823921 -0.1770196
v -0.666579 -0.7801887 -0.2609994
v -0.6269154 -0.7831683 -0.3423145
v -0.5753492 -0.7917432 -0.4213392
v -0.5122674 -0.8037139 -0.496806
v -0.4376278 -0.813982 -0.564523
v -0.3536305 -0.8186063 -0.6197349
v -0.2647246 -0.8173378 -0.6601114
v -0.1735998 -0.8057951 -0.6804069
v -0.08428062 -0.7837937 -0.6793141
v 7.684716e-09 -0.7821027 -0.6836976
v 0.08611688 -0.7925757 -0.6869253
v 0.1713828 -0.7824914 -0.6607293
v 0.2543697 -0.7687401 -0.620862
v 0.3217869 -0.7266555 -0.5501226
v 0.3939945 -0.7143466 -0.4954226
v 0.4641297 -0.7123343 -0.4403205
v 0.5364571 -0.7283565 -0.3876068
v 0.587789 -0.7314861 -0.3197247
v 0.6111376 -0.7188503 -0.2404796
v 0.6278133 -0.7184961 -0.1625626
v 0.6254768 -0.7133068 -0.08139034
v 0.6250117 -0.7245188 1.1074e-07
v 0.5451004 -0.8021621 0
v 0.5460946 -0.823494 0.07581966
v 0.5360466 -0.8361287 0.1526487
v 0.5194232 -0.8456598 0.2282754
v 0.4974444 -0.8547594 0.3014655
v 0.4674288 -0.86139 0.3698884
v 0.4272393 -0.8643906 0.4311404
v 0.376513 -0.8651456 0.4841496
v 0.3149046 -0.8634765 0.5274786
v 0.2415503 -0.8522078 0.5553727
v 0.1589725 -0.8213853 0.5596473
v 0.08224718 -0.8446893 0.5907304
v -2.70616e-08 -0.8372292 0.5905656
v -0.07614835 -0.8009396 0.5601341
v -0.1441014 -0.7814901 0.5324649
v -0.2088616 -0.7854117 0.5118426
v -0.2638583 -0.7775177 0.4749683
v -0.3307849 -0.812956 0.4549435
v -0.3802414 -0.8117251 0.404872
v -0.4239355 -0.8061623 0.346173
v -0.469943 -0.8097399 0.2855876
v -0.4965799 -0.7881148 0.2127417
v -0.5413342 -0.8023286 0.1464779
v -0.5846382 -0.8243064 0.0758944
v -0.6021212 -0.8242238 -5.082688e-08
v -0.6075332 -0.8260861 -0.07605836
v -0.6046142 -0.8380008 -0.1529906
v -0.5868499 -0.8518929 -0.2299579
v -0.5527209 -0.8643492 -0.3048477
v -0.5046008 -0.8755674 -0.3759764
v -0.4446321 -0.883619 -0.4407312
v -0.3747071 -0.8842833 -0.4948593
v -0.2989745 -0.8770843 -0.5357914
v -0.2238088 -0.8717436 -0.568104
v -0.1507174 -0.8749318 -0.596131
v -0.07540334 -0.8675897 -0.6067457
v 6.819069e-09 -0.8511245 -0.6003671
v 0.07712491 -0.8637927 -0.6040902
v 0.1544991 -0.8540842 -0.5819265
v 0.2227709 -0.8135961 -0.53021
v 0.292718 -0.8005698 -0.4890504
v 0.3465359 -0.7643772 -0.4277579
v 0.40966 -0.7719426 -0.3850291
v 0.4687031 -0.7889278 -0.3387725
v 0.5041303 -0.7848068 -0.2767937
v 0.5417758 -0.8052199 -0.2173591
v 0.5488471 -0.7977127 -0.1456351
v 0.5411475 -0.785462 -0.07231779
v 0.5451004 -0.8021621 9.893283e-08
v 0.4669988 -0.8794815 0
v 0.4662919 -0.892111 0.06527078
v 0.461772 -0.9045643 0.1312314
v 0.4526871 -0.9165997 0.1966173
v 0.4369188 -0.9268128 0.2597552
v 0.4120066 -0.9334643 0.3185276
v 0.3762842 -0.9355033 0.3707938
v 0.3294723 -0.9329572 0.4148878
v 0.2726433 -0.9264479 0.4497321
v 0.2078829 -0.9160557 0.4743943
v 0.1382788 -0.9014442 0.4880731
v 0.06782899 -0.8846161 0.4916156
v -2.195177e-08 -0.8691669 0.4871979
v -0.06298061 -0.8538226 0.4745024
v -0.1196 -0.8382419 0.4538531
v -0.1715552 -0.832345 0.4310433
v -0.221128 -0.8353398 0.4055048
v -0.2677779 -0.8378017 0.3725719
v -0.3137636 -0.8433142 0.334254
v -0.3579163 -0.8473061 0.2891276
v -0.3972902 -0.8451779 0.2368757
v -0.4347055 -0.8464024 0.1815593
v -0.4687054 -0.8518212 0.1235796
v -0.4941966 -0.8566792 0.06267837
v -0.5094583 -0.8625298 -4.226695e-08
v -0.5137384 -0.8713616 -0.0637527
v -0.5056714 -0.8822506 -0.1279944
v -0.4850045 -0.8940835 -0.1917873
v -0.453044 -0.9065102 -0.254065
v -0.4117733 -0.918968 -0.3135811
v -0.3631468 -0.9300623 -0.3686373
v -0.3089254 -0.9379055 -0.4170882
v -0.2508086 -0.9412414 -0.4569134
v -0.1904187 -0.940766 -0.487191
v -0.1286753 -0.938642 -0.5082133
v -0.06527703 -0.9346589 -0.5194263
v 6.00676e-09 -0.9253965 -0.5187165
v 0.06621628 -0.9120181 -0.5068439
v 0.1322588 -0.8977919 -0.4860955
v 0.1952045 -0.8774323 -0.4543925
v 0.2525914 -0.8549023 -0.4150012
v 0.3056428 -0.8426419 -0.3747244
v 0.3519836 -0.8363487 -0.331493
v 0.3906214 -0.8359289 -0.2852454
v 0.4228767 -0.8443657 -0.2366478
v 0.4448535 -0.8520266 -0.1827659
v 0.4568619 -0.8576511 -0.1244253
v 0.463756 -0.8670665 -0.0634382
v 0.4669988 -0.8794816 8.619529e-08
v 0.3712579 -0.9150227 0
v 0.375957 -0.9313828 0.05254988
v 0.3788425 -0.9512134 0.1064192
v 0.3755931 -0.9674338 0.160032
v 0.363761 -0.977618 0.211293
v 0.3420529 -0.9813916 0.258247
v 0.3099031 -0.9783704 0.2990433
v 0.2677797 -0.9680023 0.3319624
v 0.2177215 -0.951214 0.3560858
v 0.1633399 -0.9332985 0.3727192
v 0.1082357 -0.9235748 0.3856219
v 0.05369327 -0.9247095 0.3962961
v -1.75231e-08 -0.9215059 0.3983308
v -0.04991762 -0.9007629 0.3860334
v -0.09489412 -0.8837276 0.3689844
v -0.1390745 -0.8903559 0.3555698
v -0.1801322 -0.8895901 0.333017
v -0.2137959 -0.8666003 0.297188
v -0.2503201 -0.8628396 0.2637308
v -0.2929872 -0.8812895 0.2319057
v -0.3285699 -0.8836119 0.1909754
v -0.3565558 -0.8767902 0.1450377
v -0.3858467 -0.8885835 0.0994123
v -0.4121272 -0.9120342 0.05145816
v -0.4251717 -0.9274521 -3.50479e-08
v -0.422824 -0.9324771 -0.05261165
v -0.4088818 -0.9354075 -0.104651
v -0.386811 -0.9416458 -0.1557661
v -0.3584007 -0.9514964 -0.2056473
v -0.3248491 -0.9632948 -0.253485
v -0.2873556 -0.9756616 -0.2982154
v -0.2469339 -0.9880149 -0.3388254
v -0.2038687 -0.9994149 -0.3741298
v -0.1574109 -1.005722 -0.4016419
v -0.1068455 -0.9988995 -0.4170724
v -0.05357898 -0.9765633 -0.4185186
v 4.892322e-09 -0.9550082 -0.4128126
v 0.05464797 -0.9525325 -0.4082199
v 0.1105151 -0.952293 -0.3976126
v 0.1620484 -0.9300077 -0.371405
v 0.2093548 -0.9125025 -0.3415942
v 0.2566577 -0.9212196 -0.3159189
v 0.29412 -0.918387 -0.2807091
v 0.3164029 -0.8956918 -0.2356956
v 0.3364529 -0.892867 -0.1929756
v 0.3566604 -0.9091215 -0.150386
v 0.3670724 -0.9146777 -0.1023316
v 0.3689842 -0.9105961 -0.05137689
v 0.371258 -0.9150227 6.915639e-08
v 0.287815 -0.9682761 0
v 0.2897119 -0.9710085 0.03998155
v 0.2886875 -0.9741094 0.07953218
v 0.2834824 -0.9772957 0.117979
v 0.2726049 -0.9796847 0.1545237
v 0.2549429 -0.9805076 0.1882942
v 0.2301872 -0.9795778 0.2185057
v 0.1989436 -0.9773683 0.2446041
v 0.1625495 -0.9746695 0.2662728
v 0.1227152 -0.9718357 0.2832351
v 0.08121956 -0.968093 0.2949848
v 0.03980345 -0.9620723 0.3008951
v -1.290461e-08 -0.9540235 0.3009525
v -0.03742062 -0.9469832 0.2961759
v -0.07272029 -0.9430466 0.287353
v -0.1062048 -0.9383569 0.2734779
v -0.1373964 -0.9269956 0.2532487
v -0.1664372 -0.9113844 0.2280905
v -0.1951706 -0.9016482 0.2011227
v -0.224714 -0.9025041 0.1733146
v -0.2531951 -0.9086368 0.1433175
v -0.2776191 -0.9143944 0.1103855
v -0.2964442 -0.9205132 0.07515622
v -0.3092272 -0.9301189 0.03829788
v -0.3152898 -0.9435741 -2.602193e-08
v -0.3138156 -0.9586906 -0.03947438
v -0.3046995 -0.9732915 -0.07946548
v -0.2888117 -0.9863586 -0.119073
v -0.2675783 -0.9976104 -0.1573511
v -0.24241 -1.006773 -0.1933382
v -0.2143294 -1.013224 -0.226011
v -0.183872 -1.016074 -0.2542909
v -0.1512199 -1.014637 -0.2771917
v -0.116442 -1.009258 -0.2941417
v -0.07963219 -1.002018 -0.3053221
v -0.04082413 -0.9960852 -0.3115329
v 3.803764e-09 -0.992999 -0.3132476
v 0.04235481 -0.9904733 -0.3097777
v 0.08472998 -0.9854013 -0.3002588
v 0.1253642 -0.979878 -0.2855789
v 0.1633138 -0.9795155 -0.2675968
v 0.1974537 -0.9835104 -0.2461413
v 0.2253067 -0.9833835 -0.2193546
v 0.2451995 -0.9751358 -0.1872626
v 0.2586931 -0.9650868 -0.1522212
v 0.2688434 -0.9606264 -0.1159666
v 0.2771763 -0.9620172 -0.07854483
v 0.2835912 -0.9653394 -0.03974798
v 0.287815 -0.9682761 5.340633e-08
v 0.200984 -1.018845 0
v 0.2023548 -1.015051 0.02734151
v 0.2011042 -1.012046 0.05405469
v 0.1964095 -1.009994 0.07976194
v 0.1875004 -1.008694 0.1040798
v 0.173945 -1.007888 0.1266183
v 0.1558191 -1.007454 0.1470102
v 0.1337182 -1.007421 0.1649358
v 0.1086243 -1.007814 0.1801143
v 0.08168814 -1.008361 0.192251
v 0.05401844 -1.008203 0.2009689
v 0.02655186 -1.005914 0.2058101
v -8.657048e-09 -1.000154 0.2063974
v -0.02521952 -0.9908319 0.2027242
v -0.04910974 -0.9798297 0.1953132
v -0.07211518 -0.9701483 0.1849654
v -0.0947964 -0.9636458 0.1722206
v -0.1172656 -0.959464 0.1570842
v -0.1389058 -0.9550787 0.1393674
v -0.158692 -0.9491057 0.1192336
v -0.1757413 -0.942897 0.09729072
v -0.1895017 -0.9393799 0.0741853
v -0.1995379 -0.9406574 0.05024174
v -0.2053604 -0.9467342 0.02550131
v -0.2065601 -0.9560201 -1.72476e-08
v -0.2030837 -0.9665645 -0.0260355
v -0.1953596 -0.9768991 -0.05217753
v -0.1841789 -0.9862012 -0.07788294
v -0.17043 -0.994075 -0.1025714
v -0.154836 -1.000293 -0.1256642
v -0.1377936 -1.00466 -0.1466026
v -0.119351 -1.007022 -0.1648704
v -0.09931131 -1.007403 -0.1800408
v -0.07741123 -1.006253 -0.1918491
v -0.05349267 -1.004687 -0.2002681
v -0.02759893 -1.004431 -0.2055066
v 2.578031e-09 -1.007155 -0.2078421
v 0.02876234 -1.013236 -0.2073082
v 0.05774938 -1.020851 -0.2034901
v 0.08557954 -1.026677 -0.1957431
v 0.1107367 -1.028287 -0.1837732
v 0.1321919 -1.02623 -0.1680151
v 0.1498145 -1.023508 -0.1493527
v 0.1641445 -1.022767 -0.1284875
v 0.1757971 -1.024106 -0.1056701
v 0.1851266 -1.025554 -0.08099075
v 0.1923235 -1.025198 -0.05475714
v 0.1975749 -1.022646 -0.02754601
v 0.200984 -1.018845 3.676207e-08
v 0.1039402 -1.043591 0
v 0.1055463 -1.044865 0.01391686
v 0.1052248 -1.045532 0.02761319
v 0.1025537 -1.045503 0.04082705
v 0.09728899 -1.044757 0.05330508
v 0.08943456 -1.043288 0.06480888
v 0.07925869 -1.041067 0.07511848
v 0.06725264 -1.038045 0.0840361
v 0.0540408 -1.034179 0.09139226
v 0.04026461 -1.029491 0.0970557
v 0.02646637 -1.024135 0.1009448
v 0.01300148 -1.018448 0.1030363
v -4.267729e-09 -1.012943 0.1033638
v -0.01261042 -1.008219 0.1020015
v -0.02502139 -1.004776 0.09903672
v -0.03741946 -1.002823 0.09454159
v -0.04985576 -1.002151 0.08856186
v -0.06215489 -1.002173 0.08113207
v -0.07389937 -1.002145 0.07231009
v -0.08449859 -1.00145 0.0622099
v -0.09331874 -0.9998308 0.05101286
v -0.09982724 -0.997449 0.03895053
v -0.1037066 -0.9947748 0.02627265
v -0.1049092 -0.9923773 0.01321774
v -0.1036484 -0.9907343 -8.838222e-09
v -0.1003335 -0.9901236 -0.01318774
v -0.09547012 -0.9906172 -0.02616289
v -0.08954574 -0.9921386 -0.03874316
v -0.08292798 -0.9945464 -0.05074323
v -0.07579653 -0.9977072 -0.06197742
v -0.06812616 -1.00154 -0.0722664
v -0.05972436 -1.00602 -0.08144352
v -0.05031523 -1.011156 -0.08935773
v -0.03964804 -1.01692 -0.09587059
v -0.02760432 -1.02317 -0.1008497
v -0.01427671 -1.029578 -0.1041624
v 1.328508e-09 -1.035612 -0.1056769
v 0.01467859 -1.040614 -0.1052789
v 0.02908757 -1.043976 -0.1029005
v 0.04256272 -1.045367 -0.0985524
v 0.05458796 -1.044903 -0.09233996
v 0.06490099 -1.043162 -0.08445036
v 0.07352478 -1.041005 -0.07511402
v 0.08071119 -1.039282 -0.06455999
v 0.08681647 -1.038548 -0.05298823
v 0.09215406 -1.038939 -0.04057072
v 0.09687391 -1.040213 -0.02747268
v 0.1009006 -1.04192 -0.01387758
v 0.1039402 -1.043591 1.86195e-08
v -8.767424e-08 -1.032963 0
v -8.891432e-08 -1.032963 -1.144379e-08
v -8.826947e-08 -1.032963 -2.269176e-08
v -8.547764e-08 -1.032963 -3.355148e-08
v -8.047073e-08 -1.032963 -4.383712e-08
v -7.340131e-08 -1.032963 -5.337269e-08
v -6.461773e-08 -1.032963 -6.199505e-08
v -5.459467e-08 -1.032963 -6.955665e-08
v -4.383712e-08 -1.032963 -7.592812e-08
v -3.278331e-08 -1.032963 -8.100043e-08
v -2.17318e-08 -1.032963 -8.468681e-08
v -1.081124e-08 -1.032963 -8.692417e-08
v 3.60308e-15 -1.032963 -8.767424e-08
v 1.081126e-08 -1.032963 -8.692417e-08
v 2.173179e-08 -1.032963 -8.468681e-08
v 3.278332e-08 -1.032963 -8.100043e-08
v 4.383712e-08 -1.032963 -7.592812e-08
v 5.459467e-08 -1.032963 -6.955665e-08
v 6.461774e-08 -1.032963 -6.199505e-08
v 7.340132e-08 -1.032963 -5.337268e-08
v 8.047073e-08 -1.032963 -4.383712e-08
v 8.547764e-08 -1.032963 -3.355147e-08
v 8.826946e-08 -1.032963 -2.269175e-08
v 8.891432e-08 -1.032963 -1.144377e-08
v 8.767423e-08 -1.032963 7.664726e-15
v 8.493403e-08 -1.032963 1.144379e-08
v 8.110415e-08 -1.032963 2.269179e-08
v 7.652323e-08 -1.032963 3.355148e-08
v 7.13855e-08 -1.032963 4.383712e-08
v 6.571199e-08 -1.032963 5.337271e-08
v 5.937235e-08 -1.032963 6.199506e-08
v 5.215073e-08 -1.032963 6.955664e-08
v 4.383711e-08 -1.032963 7.592812e-08
v 3.431962e-08 -1.032963 8.100044e-08
v 2.365173e-08 -1.032963 8.468681e-08
v 1.20763e-08 -1.032963 8.692417e-08
v -1.108055e-15 -1.032963 8.767424e-08
v -1.207635e-08 -1.032963 8.692417e-08
v -2.365177e-08 -1.032963 8.46868e-08
v -3.431965e-08 -1.032963 8.100042e-08
v -4.383711e-08 -1.032963 7.592812e-08
v -5.215073e-08 -1.032963 6.955664e-08
v -5.937238e-08 -1.032963 6.199503e-08
v -6.5712e-08 -1.032963 5.337269e-08
v -7.138551e-08 -1.032963 4.38371e-08
v -7.652324e-08 -1.032963 3.355148e-08
v -8.110417e-08 -1.032963 2.269175e-08
v -8.493404e-08 -1.032963 1.144375e-08
v -8.767425e-08 -1.032963 -1.532945e-14
vt 0 0
vt 0.02083333 0
vt 0.04166667 0
vt 0.0625 0
vt 0.08333334 0
vt 0.1041667 0
vt 0.125 0
vt 0.1458333 0
vt 0.1666667 0
vt 0.1875 0
vt 0.2083333 0
vt 0.2291667 0
vt 0.25 0
vt 0.2708333 0
vt 0.2916667 0
vt 0.3125 0
vt 0.3333333 0
vt 0.3541667 0
vt 0.375 0
vt 0.3958333 0
vt 0.4166667 0
vt 0.4375 0
vt 0.4583333 0
vt 0.4791667 0
vt 0.5 0
vt 0.5208333 0
vt 0.5416667 0
vt 0.5625 0
vt 0.5833333 0
vt 0.6041667 0
vt 0.625 0
vt 0.6458333 0
vt 0.6666667 0
vt 0.6875 0
vt 0.7083333 0
vt 0.7291667 0
vt 0.75 0
vt 0.7708333 0
vt 0.7916667 0
vt 0.8125 0
vt 0.8333333 0
vt 0.8541667 0
vt 0.875 0
vt 0.8958333 0
vt 0.9166667 0
vt 0.9375 0
vt 0.9583333 0
vt 0.9791667 0
vt 1 0
vt 0 0.03333334
vt 0.02083333 0.03333334
vt 0.04166667 0.03333334
vt 0.0625 0.03333334
vt 0.08333334 0.03333334
vt 0.1041667 0.03333334
vt 0.125 0.03333334
vt 0.1458333 0.03333334
vt 0.1666667 0.03333334
vt 0.1875 0.03333334
vt 0.2083333 0.03333334
vt 0.2291667 0.03333334
vt 0.25 0.03333334
vt 0.2708333 0.03333334
vt 0.2916667 0.03333334
vt 0.3125 0.03333334
vt 0.3333333 0.03333334
vt 0.3541667 0.03333334
vt 0.375 0.03333334
vt 0.3958333 0.03333334
vt 0.4166667 0.03333334
vt 0.4375 0.03333334
vt 0.4583333 0.03333334
vt 0.4791667 0.03333334
vt 0.5 0.03333334
vt 0.5208333 0.03333334
vt 0.5416667 0.03333334
vt 0.5625 0.03333334
vt 0.5833333 0.03333334
vt 0.6041667 0.03333334
vt 0.625 0.03333334
vt 0.6458333 0.03333334
vt 0.6666667 0.03333334
vt 0.6875 0.03333334
vt 0.7083333 0.03333334
vt 0.7291667 0.03333334
vt 0.75 0.03333334
vt 0.7708333 0.03333334
vt 0.7916667 0.03333334
vt 0.8125 0.03333334
vt 0.8333333 0.03333334
vt 0.8541667 0.03333334
vt 0.875 0.03333334
vt 0.8958333 0.03333334
vt 0.9166667 0.03333334
vt 0.9375 0.03333334
vt 0.9583333 0.03333334
vt 0.9791667 0.03333334
vt 1 0.03333334
vt 0 0.06666667
vt 0.02083333 0.06666667
vt 0.04166667 0.06666667
vt 0.0625 0.06666667
vt 0.08333334 0.06666667
vt 0.1041667 0.06666667
vt 0.125 0.06666667
vt 0.1458333 0.06666667
vt 0.1666667 0.06666667
vt 0.1875 0.06666667
vt 0.2083333 0.06666667
vt 0.2291667 0.06666667
vt 0.25 0.06666667
vt 0.2708333 0.06666667
vt 0.2916667 0.06666667
vt 0.3125 0.06666667
vt 0.3333333 0.06666667
vt 0.3541667 0.06666667
vt 0.375 0.06666667
vt 0.3958333 0.06666667
vt 0.4166667 0.06666667
vt 0.4375 0.06666667
vt 0.4583333 0.06666667
vt 0.4791667 0.06666667
vt 0.5 0.06666667
vt 0.5208333 0.06666667
vt 0.5416667 0.06666667
vt 0.5625 0.06666667
vt 0.5833333 0.06666667
vt 0.6041667 0.06666667
vt 0.625 0.06666667
vt 0.6458333 0.06666667
vt 0.6666667 0.06666667
vt 0.6875 0.06666667
vt 0.7083333 0.06666667
vt 0.7291667 0.06666667
vt 0.75 0.06666667
vt 0.7708333 0.06666667
vt 0.7916667 0.06666667
vt 0.8125 0.06666667
vt 0.8333333 0.06666667
vt 0.8541667 0.06666667
vt 0.875 0.06666667
vt 0.8958333 0.06666667
vt 0.9166667 0.06666667
vt 0.9375 0.06666667
vt 0.9583333 0.06666667
vt 0.9791667 0.06666667
vt 1 0.06666667
vt 0 0.1
vt 0.02083333 0.1
vt 0.04166667 0.1
vt 0.0625 0.1
vt 0.08333334 0.1
vt 0.1041667 0.1
vt 0.125 0.1
vt 0.1458333 0.1
vt 0.1666667 0.1
vt 0.1875 0.1
vt 0.2083333 0.1
vt 0.2291667 0.1
vt 0.25 0.1
vt 0.2708333 0.1
vt 0.2916667 0.1
vt 0.3125 0.1
vt 0.3333333 0.1
vt 0.3541667 0.1
vt 0.375 0.1
vt 0.3958333 0.1
vt 0.4166667 0.1
vt 0.4375 0.1
vt 0.4583333 0.1
vt 0.4791667 0.1
vt 0.5 0.1
vt 0.5208333 0.1
vt 0.5416667 0.1
vt 0.5625 0.1
vt 0.5833333 0.1
vt 0.6041667 0.1
vt 0.625 0.1
vt 0.6458333 0.1
vt 0.6666667 0.1
vt 0.6875 0.1
vt 0.7083333 0.1
vt 0.7291667 0.1
vt 0.75 0.1
vt 0.7708333 0.1
vt 0.7916667 0.1
vt 0.8125 0.1
vt 0.8333333 0.1
vt 0.8541667 0.1
vt 0.875 0.1
vt 0.8958333 0.1
vt 0.9166667 0.1
vt 0.9375 0.1
vt 0.9583333 0.1
vt 0.9791667 0.1
vt 1 0.1
vt 0 0.1333333
vt 0.02083333 0.1333333
vt 0.04166667 0.1333333
vt 0.0625 0.1333333
vt 0.08333334 0.1333333
vt 0.1041667 0.1333333
vt 0.125 0.1333333
vt 0.1458333 0.1333333
vt 0.1666667 0.1333333
vt 0.1875 0.1333333
vt 0.2083333 0.1333333
vt 0.2291667 0.1333333
vt 0.25 0.1333333
vt 0.2708333 0.1333333
vt 0.2916667 0.1333333
vt 0.3125 0.1333333
vt 0.3333333 0.1333333
vt 0.3541667 0.1333333
vt 0.375 0.1333333
vt 0.3958333 0.1333333
vt 0.4166667 0.1333333
vt 0.4375 0.1333333
vt 0.4583333 0.1333333
vt 0.4791667 0.1333333
vt 0.5 0.1333333
vt 0.5208333 0.1333333
vt 0.5416667 0.1333333
vt 0.5625 0.1333333
vt 0.5833333 0.1333333
vt 0.6041667 0.1333333
vt 0.625 0.1333333
vt 0.6458333 0.1333333
vt 0.6666667 0.1333333
vt 0.6875 0.1333333
vt 0.7083333 0.1333333
vt 0.7291667 0.1333333
vt 0.75 0.1333333
vt 0.7708333 0.1333333
vt 0.7916667 0.1333333
vt 0.8125 0.1333333
vt 0.8333333 0.1333333
vt 0.8541667 0.1333333
vt 0.875 0.1333333
vt 0.8958333 0.1333333
vt 0.9166667 0.1333333
vt 0.9375 0.1333333
vt 0.9583333 0.1333333
vt 0.9791667 0.1333333
vt 1 0.1333333
vt 0 0.1666667
vt 0.02083333 0.1666667
vt 0.04166667 0.1666667
vt 0.0625 0.1666667
vt 0.08333334 0.1666667
vt 0.1041667 0.1666667
vt 0.125 0.1666667
vt 0.1458333 0.1666667
vt 0.1666667 0.1666667
vt 0.1875 0.1666667
vt 0.2083333 0.1666667
vt 0.2291667 0.1666667
vt 0.25 0.1666667
vt 0.2708333 0.1666667
vt 0.2916667 0.1666667
vt 0.3125 0.1666667
vt 0.3333333 0.1666667
vt 0.3541667 0.1666667
vt 0.375 0.1666667
vt 0.3958333 0.1666667
vt 0.4166667 0.1666667
vt 0.4375 0.1666667
vt 0.4583333 0.1666667
vt 0.4791667 0.1666667
vt 0.5 0.1666667
vt 0.5208333 0.1666667
vt 0.5416667 0.1666667
vt 0.5625 0.1666667
vt 0.5833333 0.1666667
vt 0.6041667 0.1666667
vt 0.625 0.1666667
vt 0.6458333 0.1666667
vt 0.6666667 0.1666667
vt 0.6875 0.1666667
vt 0.7083333 0.1666667
vt 0.7291667 0.1666667
vt 0.75 0.1666667
vt 0.7708333 0.1666667
vt 0.7916667 0.1666667
vt 0.8125 0.1666667
vt 0.8333333 0.1666667
vt 0.8541667 0.1666667
vt 0.875 0.1666667
vt 0.8958333 0.1666667
vt 0.9166667 0.1666667
vt 0.9375 0.1666667
vt 0.9583333 0.1666667
vt 0.9791667 0.1666667
vt 1 0.1666667
vt 0 0.2
vt 0.02083333 0.2
vt 0.04166667 0.2
vt 0.0625 0.2
vt 0.08333334 0.2
vt 0.1041667 0.2
vt 0.125 0.2
vt 0.1458333 0.2
vt 0.1666667 0.2
vt 0.1875 0.2
vt 0.2083333 0.2
vt 0.2291667 0.2
vt 0.25 0.2
vt 0.2708333 0.2
vt 0.2916667 0.2
vt 0.3125 0.2
vt 0.3333333 0.2
vt 0.3541667 0.2
vt 0.375 0.2
vt 0.3958333 0.2
vt 0.4166667 0.2
vt 0.4375 0.2
vt 0.4583333 0.2
vt 0.4791667 0.2
vt 0.5 0.2
vt 0.5208333 0.2
vt 0.5416667 0.2
vt 0.5625 0.2
vt 0.5833333 0.2
vt 0.6041667 0.2
vt 0.625 0.2
vt 0.6458333 0.2
vt 0.6666667 0.2
vt 0.6875 0.2
vt 0.7083333 0.2
vt 0.7291667 0.2
vt 0.75 0.2
vt 0.7708333 0.2
vt 0.7916667 0.2
vt 0.8125 0.2
vt 0.8333333 0.2
vt 0.8541667 0.2
vt 0.875 0.2
vt 0.8958333 0.2
vt 0.9166667 0.2
vt 0.9375 0.2
vt 0.9583333 0.2
vt 0.9791667 0.2
vt 1 0.2
vt 0 0.2333333
vt 0.02083333 0.2333333
vt 0.04166667 0.2333333
vt 0.0625 0.2333333
vt 0.08333334 0.2333333
vt 0.1041667 0.2333333
vt 0.125 0.2333333
vt 0.1458333 0.2333333
vt 0.1666667 0.2333333
vt 0.1875 0.2333333
vt 0.2083333 0.2333333
vt 0.2291667 0.2333333
vt 0.25 0.2333333
vt 0.2708333 0.2333333
vt 0.2916667 0.2333333
vt 0.3125 0.2333333
vt 0.3333333 0.2333333
vt 0.3541667 0.2333333
vt 0.375 0.2333333
vt 0.3958333 0.2333333
vt 0.4166667 0.2333333
vt 0.4375 0.2333333
vt 0.4583333 0.2333333
vt 0.4791667 0.2333333
vt 0.5 0.2333333
vt 0.5208333 0.2333333
vt 0.5416667 0.2333333
vt 0.5625 0.2333333
vt 0.5833333 0.2333333
vt 0.6041667 0.2333333
vt 0.625 0.2333333
vt 0.6458333 0.2333333
vt 0.6666667 0.2333333
vt 0.6875 0.2333333
vt 0.7083333 0.2333333
vt 0.7291667 0.2333333
vt 0.75 0.2333333
vt 0.7708333 0.2333333
vt 0.7916667 0.2333333
vt 0.8125 0.2333333
vt 0.8333333 0.2333333
vt 0.8541667 0.2333333
vt 0.875 0.2333333
vt 0.8958333 0.2333333
vt 0.9166667 0.2333333
vt 0.9375 0.2333333
vt 0.9583333 0.2333333
vt 0.9791667 0.2333333
vt 1 0.2333333
vt 0 0.2666667
vt 0.02083333 0.2666667
vt 0.04166667 0.2666667
vt 0.0625 0.2666667
vt 0.08333334 0.2666667
vt 0.1041667 0.2666667
vt 0.125 0.2666667
vt 0.1458333 0.2666667
vt 0.1666667 0.2666667
vt 0.1875 0.2666667
vt 0.2083333 0.2666667
vt 0.2291667 0.2666667
vt 0.25 0.2666667
vt 0.2708333 0.2666667
vt 0.2916667 0.2666667
vt 0.3125 0.2666667
vt 0.3333333 0.2666667
vt 0.3541667 0.2666667
vt 0.375 0.2666667
vt 0.3958333 0.2666667
vt 0.4166667 0.2666667
vt 0.4375 0.2666667
vt 0.4583333 0.2666667
vt 0.4791667 0.2666667
vt 0.5 0.2666667
vt 0.5208333 0.2666667
vt 0.5416667 0.2666667
vt 0.5625 0.2666667
vt 0.5833333 0.2666667
vt 0.6041667 0.2666667
vt 0.625 0.2666667
vt 0.6458333 0.2666667
vt 0.6666667 0.2666667
vt 0.6875 0.2666667
vt 0.7083333 0.2666667
vt 0.7291667 0.2666667
vt 0.75 0.2666667
vt 0.7708333 0.2666667
vt 0.7916667 0.2666667
vt 0.8125 0.2666667
vt 0.8333333 0.2666667
vt 0.8541667 0.2666667
vt 0.875 0.2666667
vt 0.8958333 0.2666667
vt 0.9166667 0.2666667
vt 0.9375 0.2666667
vt 0.9583333 0.2666667
vt 0.9791667 0.2666667
vt 1 0.2666667
vt 0 0.3
vt 0.02083333 0.3
vt 0.04166667 0.3
vt 0.0625 0.3
vt 0.08333334 0.3
vt 0.1041667 0.3
vt 0.125 0.3
vt 0.1458333 0.3
vt 0.1666667 0.3
vt 0.1875 0.3
vt 0.2083333 0.3
vt 0.2291667 0.3
vt 0.25 0.3
vt 0.2708333 0.3
vt 0.2916667 0.3
vt 0.3125 0.3
vt 0.3333333 0.3
vt 0.3541667 0.3
vt 0.375 0.3
vt 0.3958333 0.3
vt 0.4166667 0.3
vt 0.4375 0.3
vt 0.4583333 0.3
vt 0.4791667 0.3
vt 0.5 0.3
vt 0.5208333 0.3
vt 0.5416667 0.3
vt 0.5625 0.3
vt 0.5833333 0.3
vt 0.6041667 0.3
vt 0.625 0.3
vt 0.6458333 0.3
vt 0.6666667 0.3
vt 0.6875 0.3
vt 0.7083333 0.3
vt 0.7291667 0.3
vt 0.75 0.3
vt 0.7708333 0.3
vt 0.7916667 0.3
vt 0.8125 0.3
vt 0.8333333 0.3
vt 0.8541667 0.3
vt 0.875 0.3
vt 0.8958333 0.3
vt 0.9166667 0.3
vt 0.9375 0.3
vt 0.9583333 0.3
vt 0.9791667 0.3
vt 1 0.3
vt 0 0.3333333
vt 0.02083333 0.3333333
vt 0.04166667 0.3333333
vt 0.0625 0.3333333
vt 0.08333334 0.3333333
vt 0.1041667 0.3333333
vt 0.125 0.3333333
vt 0.1458333 0.3333333
vt 0.1666667 0.3333333
vt 0.1875 0.3333333
vt 0.2083333 0.3333333
vt 0.2291667 0.3333333
vt 0.25 0.3333333
vt 0.2708333 0.3333333
vt 0.2916667 0.3333333
vt 0.3125 0.3333333
vt 0.3333333 0.3333333
vt 0.3541667 0.3333333
vt 0.375 0.3333333
vt 0.3958333 0.3333333
vt 0.4166667 0.3333333
vt 0.4375 0.3333333
vt 0.4583333 0.3333333
vt 0.4791667 0.3333333
vt 0.5 0.3333333
vt 0.5208333 0.3333333
vt 0.5416667 0.3333333
vt 0.5625 0.3333333
vt 0.5833333 0.3333333
vt 0.6041667 0.3333333
vt 0.625 0.3333333
vt 0.6458333 0.3333333
vt 0.6666667 0.3333333
vt 0.6875 0.3333333
vt 0.7083333 0.3333333
vt 0.7291667 0.3333333
vt 0.75 0.3333333
vt 0.7708333 0.3333333
vt 0.7916667 0.3333333
vt 0.8125 0.3333333
vt 0.8333333 0.3333333
vt 0.8541667 0.3333333
vt 0.875 0.3333333
vt 0.8958333 0.3333333
vt 0.9166667 0.3333333
vt 0.9375 0.3333333
vt 0.9583333 0.3333333
vt 0.9791667 0.3333333
vt 1 0.3333333
vt 0 0.3666667
vt 0.02083333 0.3666667
vt 0.04166667 0.3666667
vt 0.0625 0.3666667
vt 0.08333334 0.3666667
vt 0.1041667 0.3666667
vt 0.125 0.3666667
vt 0.1458333 0.3666667
vt 0.1666667 0.3666667
vt 0.1875 0.3666667
vt 0.2083333 0.3666667
vt 0.2291667 0.3666667
vt 0.25 0.3666667
vt 0.2708333 0.3666667
vt 0.2916667 0.3666667
vt 0.3125 0.3666667
vt 0.3333333 0.3666667
vt 0.3541667 0.3666667
vt 0.375 0.3666667
vt 0.3958333 0.3666667
vt 0.4166667 0.3666667
vt 0.4375 0.3666667
vt 0.4583333 0.3666667
vt 0.4791667 0.3666667
vt 0.5 0.3666667
vt 0.5208333 0.3666667
vt 0.5416667 0.3666667
vt 0.5625 0.3666667
vt 0.5833333 0.3666667
vt 0.6041667 0.3666667
vt 0.625 0.3666667
vt 0.6458333 0.3666667
vt 0.6666667 0.3666667
vt 0.6875 0.3666667
vt 0.7083333 0.3666667
vt 0.7291667 0.3666667
vt 0.75 0.3666667
vt 0.7708333 0.3666667
vt 0.7916667 0.3666667
vt 0.8125 0.3666667
vt 0.8333333 0.3666667
vt 0.8541667 0.3666667
vt 0.875 0.3666667
vt 0.8958333 0.3666667
vt 0.9166667 0.3666667
vt 0.9375 0.3666667
vt 0.9583333 0.3666667
vt 0.9791667 0.3666667
vt 1 0.3666667
vt 0 0.4
vt 0.02083333 0.4
vt 0.04166667 0.4
vt 0.0625 0.4
vt 0.08333334 0.4
vt 0.1041667 0.4
vt 0.125 0.4
vt 0.1458333 0.4
vt 0.1666667 0.4
vt 0.1875 0.4
vt 0.2083333 0.4
vt 0.2291667 0.4
vt 0.25 0.4
vt 0.2708333 0.4
vt 0.2916667 0.4
vt 0.3125 0.4
vt 0.3333333 0.4
vt 0.3541667 0.4
vt 0.375 0.4
vt 0.3958333 0.4
vt 0.4166667 0.4
vt 0.4375 0.4
vt 0.4583333 0.4
vt 0.4791667 0.4
vt 0.5 0.4
vt 0.5208333 0.4
vt 0.5416667 0.4
vt 0.5625 0.4
vt 0.5833333 0.4
vt 0.6041667 0.4
vt 0.625 0.4
vt 0.6458333 0.4
vt 0.6666667 0.4
vt 0.6875 0.4
vt 0.7083333 0.4
vt 0.7291667 0.4
vt 0.75 0.4
vt 0.7708333 0.4
vt 0.7916667 0.4
vt 0.8125 0.4
vt 0.8333333 0.4
vt 0.8541667 0.4
vt 0.875 0.4
vt 0.8958333 0.4
vt 0.9166667 0.4
vt 0.9375 0.4
vt 0.9583333 0.4
vt 0.9791667 0.4
vt 1 0.4
vt 0 0.4333333
vt 0.02083333 0.4333333
vt 0.04166667 0.4333333
vt 0.0625 0.4333333
vt 0.08333334 0.4333333
vt 0.1041667 0.4333333
vt 0.125 0.4333333
vt 0.1458333 0.4333333
vt 0.1666667 0.4333333
vt 0.1875 0.4333333
vt 0.2083333 0.4333333
vt 0.2291667 0.4333333
vt 0.25 0.4333333
vt 0.2708333 0.4333333
vt 0.2916667 0.4333333
vt 0.3125 0.4333333
vt 0.3333333 0.4333333
vt 0.3541667 0.4333333
vt 0.375 0.4333333
vt 0.3958333 0.4333333
vt 0.4166667 0.4333333
vt 0.4375 0.4333333
vt 0.4583333 0.4333333
vt 0.4791667 0.4333333
vt 0.5 0.4333333
vt 0.5208333 0.4333333
vt 0.5416667 0.4333333
vt 0.5625 0.4333333
vt 0.5833333 0.4333333
vt 0.6041667 0.4333333
vt 0.625 0.4333333
vt 0.6458333 0.4333333
vt 0.6666667 0.4333333
vt 0.6875 0.4333333
vt 0.7083333 0.4333333
vt 0.7291667 0.4333333
vt 0.75 0.4333333
vt 0.7708333 0.4333333
vt 0.7916667 0.4333333
vt 0.8125 0.4333333
vt 0.8333333 0.4333333
vt 0.8541667 0.4333333
vt 0.875 0.4333333
vt 0.8958333 0.4333333
vt 0.9166667 0.4333333
vt 0.9375 0.4333333
vt 0.9583333 0.4333333
vt 0.9791667 0.4333333
vt 1 0.4333333
vt 0 0.4666667
vt 0.02083333 0.4666667
vt 0.04166667 0.4666667
vt 0.0625 0.4666667
vt 0.08333334 0.4666667
vt 0.1041667 0.4666667
vt 0.125 0.4666667
vt 0.1458333 0.4666667
vt 0.1666667 0.4666667
vt 0.1875 0.4666667
vt 0.2083333 0.4666667
vt 0.2291667 0.4666667
vt 0.25 0.4666667
vt 0.2708333 0.4666667
vt 0.2916667 0.4666667
vt 0.3125 0.4666667
vt 0.3333333 0.4666667
vt 0.3541667 0.4666667
vt 0.375 0.4666667
vt 0.3958333 0.4666667
vt 0.4166667 0.4666667
vt 0.4375 0.4666667
vt 0.4583333 0.4666667
vt 0.4791667 0.4666667
vt 0.5 0.4666667
vt 0.5208333 0.4666667
vt 0.5416667 0.4666667
vt 0.5625 0.4666667
vt 0.5833333 0.4666667
vt 0.6041667 0.4666667
vt 0.625 0.4666667
vt 0.6458333 0.4666667
vt 0.6666667 0.4666667
vt 0.6875 0.4666667
vt 0.7083333 0.4666667
vt 0.7291667 0.4666667
vt 0.75 0.4666667
vt 0.7708333 0.4666667
vt 0.7916667 0.4666667
vt 0.8125 0.4666667
vt 0.8333333 0.4666667
vt 0.8541667 0.4666667
vt 0.875 0.4666667
vt 0.8958333 0.4666667
vt 0.9166667 0.4666667
vt 0.9375 0.4666667
vt 0.9583333 0.4666667
vt 0.9791667 0.4666667
vt 1 0.4666667
vt 0 0.5
vt 0.02083333 0.5
vt 0.04166667 0.5
vt 0.0625 0.5
vt 0.08333334 0.5
vt 0.1041667 0.5
vt 0.125 0.5
vt 0.1458333 0.5
vt 0.1666667 0.5
vt 0.1875 0.5
vt 0.2083333 0.5
vt 0.2291667 0.5
vt 0.25 0.5
vt 0.2708333 0.5
vt 0.2916667 0.5
vt 0.3125 0.5
vt 0.3333333 0.5
vt 0.3541667 0.5
vt 0.375 0.5
vt 0.3958333 0.5
vt 0.4166667 0.5
vt 0.4375 0.5
vt 0.4583333 0.5
vt 0.4791667 0.5
vt 0.5 0.5
vt 0.5208333 0.5
vt 0.5416667 0.5
vt 0.5625 0.5
vt 0.5833333 0.5
vt 0.6041667 0.5
vt 0.625 0.5
vt 0.6458333 0.5
vt 0.6666667 0.5
vt 0.6875 0.5
vt 0.7083333 0.5
vt 0.7291667 0.5
vt 0.75 0.5
vt 0.7708333 0.5
vt 0.7916667 0.5
vt 0.8125 0.5
vt 0.8333333 0.5
vt 0.8541667 0.5
vt 0.875 0.5
vt 0.8958333 0.5
vt 0.9166667 0.5
vt 0.9375 0.5
vt 0.9583333 0.5
vt 0.9791667 0.5
vt 1 0.5
vt 0 0.5333334
vt 0.02083333 0.5333334
vt 0.04166667 0.5333334
vt 0.0625 0.5333334
vt 0.08333334 0.5333334
vt 0.1041667 0.5333334
vt 0.125 0.5333334
vt 0.1458333 0.5333334
vt 0.1666667 0.5333334
vt 0.1875 0.5333334
vt 0.2083333 0.5333334
vt 0.2291667 0.5333334
vt 0.25 0.5333334
vt 0.2708333 0.5333334
vt 0.2916667 0.5333334
vt 0.3125 0.5333334
vt 0.3333333 0.5333334
vt 0.3541667 0.5333334
vt 0.375 0.5333334
vt 0.3958333 0.5333334
vt 0.4166667 0.5333334
vt 0.4375 0.5333334
vt 0.4583333 0.5333334
vt 0.4791667 0.5333334
vt 0.5 0.5333334
vt 0.5208333 0.5333334
vt 0.5416667 0.5333334
vt 0.5625 0.5333334
vt 0.5833333 0.5333334
vt 0.6041667 0.5333334
vt 0.625 0.5333334
vt 0.6458333 0.5333334
vt 0.6666667 0.5333334
vt 0.6875 0.5333334
vt 0.7083333 0.5333334
vt 0.7291667 0.5333334
vt 0.75 0.5333334
vt 0.7708333 0.5333334
vt 0.7916667 0.5333334
vt 0.8125 0.5333334
vt 0.8333333 0.5333334
vt 0.8541667 0.5333334
vt 0.875 0.5333334
vt 0.8958333 0.5333334
vt 0.9166667 0.5333334
vt 0.9375 0.5333334
vt 0.9583333 0.5333334
vt 0.9791667 0.5333334
vt 1 0.5333334
vt 0 0.5666667
vt 0.02083333 0.5666667
vt 0.04166667 0.5666667
vt 0.0625 0.5666667
vt 0.08333334 0.5666667
vt 0.1041667 0.5666667
vt 0.125 0.5666667
vt 0.1458333 0.5666667
vt 0.1666667 0.5666667
vt 0.1875 0.5666667
vt 0.2083333 0.5666667
vt 0.2291667 0.5666667
vt 0.25 0.5666667
vt 0.2708333 0.5666667
vt 0.2916667 0.5666667
vt 0.3125 0.5666667
vt 0.3333333 0.5666667
vt 0.3541667 0.5666667
vt 0.375 0.5666667
vt 0.3958333 0.5666667
vt 0.4166667 0.5666667
vt 0.4375 0.5666667
vt 0.4583333 0.5666667
vt 0.4791667 0.5666667
vt 0.5 0.5666667
vt 0.5208333 0.5666667
vt 0.5416667 0.5666667
vt 0.5625 0.5666667
vt 0.5833333 0.5666667
vt 0.6041667 0.5666667
vt 0.625 0.5666667
vt 0.6458333 0.5666667
vt 0.6666667 0.5666667
vt 0.6875 0.5666667
vt 0.7083333 0.5666667
vt 0.7291667 0.5666667
vt 0.75 0.5666667
vt 0.7708333 0.5666667
vt 0.7916667 0.5666667
vt 0.8125 0.5666667
vt 0.8333333 0.5666667
vt 0.8541667 0.5666667
vt 0.875 0.5666667
vt 0.8958333 0.5666667
vt 0.9166667 0.5666667
vt 0.9375 0.5666667
vt 0.9583333 0.5666667
vt 0.9791667 0.5666667
vt 1 0.5666667
vt 0 0.6
vt 0.02083333 0.6
vt 0.04166667 0.6
vt 0.0625 0.6
vt 0.08333334 0.6
vt 0.1041667 0.6
vt 0.125 0.6
vt 0.1458333 0.6
vt 0.1666667 0.6
vt 0.1875 0.6
vt 0.2083333 0.6
vt 0.2291667 0.6
vt 0.25 0.6
vt 0.2708333 0.6
vt 0.2916667 0.6
vt 0.3125 0.6
vt 0.3333333 0.6
vt 0.3541667 0.6
vt 0.375 0.6
vt 0.3958333 0.6
vt 0.4166667 0.6
vt 0.4375 0.6
vt 0.4583333 0.6
vt 0.4791667 0.6
vt 0.5 0.6
vt 0.5208333 0.6
vt 0.5416667 0.6
vt 0.5625 0.6
vt 0.5833333 0.6
vt 0.6041667 0.6
vt 0.625 0.6
vt 0.6458333 0.6
vt 0.6666667 0.6
vt 0.6875 0.6
vt 0.7083333 0.6
vt 0.7291667 0.6
vt 0.75 0.6
vt 0.7708333 0.6
vt 0.7916667 0.6
vt 0.8125 0.6
vt 0.8333333 0.6
vt 0.8541667 0.6
vt 0.875 0.6
vt 0.8958333 0.6
vt 0.9166667 0.6
vt 0.9375 0.6
vt 0.9583333 0.6
vt 0.9791667 0.6
vt 1 0.6
vt 0 0.6333333
vt 0.02083333 0.6333333
vt 0.04166667 0.6333333
vt 0.0625 0.6333333
vt 0.08333334 0.6333333
vt 0.1041667 0.6333333
vt 0.125 0.6333333
vt 0.1458333 0.6333333
vt 0.1666667 0.6333333
vt 0.1875 0.6333333
vt 0.2083333 0.6333333
vt 0.2291667 0.6333333
vt 0.25 0.6333333
vt 0.2708333 0.6333333
vt 0.2916667 0.6333333
vt 0.3125 0.6333333
vt 0.3333333 0.6333333
vt 0.3541667 0.6333333
vt 0.375 0.6333333
vt 0.3958333 0.6333333
vt 0.4166667 0.6333333
vt 0.4375 0.6333333
vt 0.4583333 0.6333333
vt 0.4791667 0.6333333
vt 0.5 0.6333333
vt 0.5208333 0.6333333
vt 0.5416667 0.6333333
vt 0.5625 0.6333333
vt 0.5833333 0.6333333
vt 0.6041667 0.6333333
vt 0.625 0.6333333
vt 0.6458333 0.6333333
vt 0.6666667 0.6333333
vt 0.6875 0.6333333
vt 0.7083333 0.6333333
vt 0.7291667 0.6333333
vt 0.75 0.6333333
vt 0.7708333 0.6333333
vt 0.7916667 0.6333333
vt 0.8125 0.6333333
vt 0.8333333 0.6333333
vt 0.8541667 0.6333333
vt 0.875 0.6333333
vt 0.8958333 0.6333333
vt 0.9166667 0.6333333
vt 0.9375 0.6333333
vt 0.9583333 0.6333333
vt 0.9791667 0.6333333
vt 1 0.6333333
vt 0 0.6666667
vt 0.02083333 0.6666667
vt 0.04166667 0.6666667
vt 0.0625 0.6666667
vt 0.08333334 0.6666667
vt 0.1041667 0.6666667
vt 0.125 0.6666667
vt 0.1458333 0.6666667
vt 0.1666667 0.6666667
vt 0.1875 0.6666667
vt 0.2083333 0.6666667
vt 0.2291667 0.6666667
vt 0.25 0.6666667
vt 0.2708333 0.6666667
vt 0.2916667 0.6666667
vt 0.3125 0.6666667
vt 0.3333333 0.6666667
vt 0.3541667 0.6666667
vt 0.375 0.6666667
vt 0.3958333 0.6666667
vt 0.4166667 0.6666667
vt 0.4375 0.6666667
vt 0.4583333 0.6666667
vt 0.4791667 0.6666667
vt 0.5 0.6666667
vt 0.5208333 0.6666667
vt 0.5416667 0.6666667
vt 0.5625 0.6666667
vt 0.5833333 0.6666667
vt 0.6041667 0.6666667
vt 0.625 0.6666667
vt 0.6458333 0.6666667
vt 0.6666667 0.6666667
vt 0.6875 0.6666667
vt 0.7083333 0.6666667
vt 0.7291667 0.6666667
vt 0.75 0.6666667
vt 0.7708333 0.6666667
vt 0.7916667 0.6666667
vt 0.8125 0.6666667
vt 0.8333333 0.6666667
vt 0.8541667 0.6666667
vt 0.875 0.6666667
vt 0.8958333 0.6666667
vt 0.9166667 0.6666667
vt 0.9375 0.6666667
vt 0.9583333 0.6666667
vt 0.9791667 0.6666667
vt 1 0.6666667
vt 0 0.7
vt 0.02083333 0.7
vt 0.04166667 0.7
vt 0.0625 0.7
vt 0.08333334 0.7
vt 0.1041667 0.7
vt 0.125 0.7
vt 0.1458333 0.7
vt 0.1666667 0.7
vt 0.1875 0.7
vt 0.2083333 0.7
vt 0.2291667 0.7
vt 0.25 0.7
vt 0.2708333 0.7
vt 0.2916667 0.7
vt 0.3125 0.7
vt 0.3333333 0.7
vt 0.3541667 0.7
vt 0.375 0.7
vt 0.3958333 0.7
vt 0.4166667 0.7
vt 0.4375 0.7
vt 0.4583333 0.7
vt 0.4791667 0.7
vt 0.5 0.7
vt 0.5208333 0.7
vt 0.5416667 0.7
vt 0.5625 0.7
vt 0.5833333 0.7
vt 0.6041667 0.7
vt 0.625 0.7
vt 0.6458333 0.7
vt 0.6666667 0.7
vt 0.6875 0.7
vt 0.7083333 0.7
vt 0.7291667 0.7
vt 0.75 0.7
vt 0.7708333 0.7
vt 0.7916667 0.7
vt 0.8125 0.7
vt 0.8333333 0.7
vt 0.8541667 0.7
vt 0.875 0.7
vt 0.8958333 0.7
vt 0.9166667 0.7
vt 0.9375 0.7
vt 0.9583333 0.7
vt 0.9791667 0.7
vt 1 0.7
vt 0 0.7333333
vt 0.02083333 0.7333333
vt 0.04166667 0.7333333
vt 0.0625 0.7333333
vt 0.08333334 0.7333333
vt 0.1041667 0.7333333
vt 0.125 0.7333333
vt 0.1458333 0.7333333
vt 0.1666667 0.7333333
vt 0.1875 0.7333333
vt 0.2083333 0.7333333
vt 0.2291667 0.7333333
vt 0.25 0.7333333
vt 0.2708333 0.7333333
vt 0.2916667 0.7333333
vt 0.3125 0.7333333
vt 0.3333333 0.7333333
vt 0.3541667 0.7333333
vt 0.375 0.7333333
vt 0.3958333 0.7333333
vt 0.4166667 0.7333333
vt 0.4375 0.7333333
vt 0.4583333 0.7333333
vt 0.4791667 0.7333333
vt 0.5 0.7333333
vt 0.5208333 0.7333333
vt 0.5416667 0.7333333
vt 0.5625 0.7333333
vt 0.5833333 0.7333333
vt 0.6041667 0.7333333
vt 0.625 0.7333333
vt 0.6458333 0.7333333
vt 0.6666667 0.7333333
vt 0.6875 0.7333333
vt 0.7083333 0.7333333
vt 0.7291667 0.7333333
vt 0.75 0.7333333
vt 0.7708333 0.7333333
vt 0.7916667 0.7333333
vt 0.8125 0.7333333
vt 0.8333333 0.7333333
vt 0.8541667 0.7333333
vt 0.875 0.7333333
vt 0.8958333 0.7333333
vt 0.9166667 0.7333333
vt 0.9375 0.7333333
vt 0.9583333 0.7333333
vt 0.9791667 0.7333333
vt 1 0.7333333
vt 0 0.7666667
vt 0.02083333 0.7666667
vt 0.04166667 0.7666667
vt 0.0625 0.7666667
vt 0.08333334 0.7666667
vt 0.1041667 0.7666667
vt 0.125 0.7666667
vt 0.1458333 0.7666667
vt 0.1666667 0.7666667
vt 0.1875 0.7666667
vt 0.2083333 0.7666667
vt 0.2291667 0.7666667
vt 0.25 0.7666667
vt 0.2708333 0.7666667
vt 0.2916667 0.7666667
vt 0.3125 0.7666667
vt 0.3333333 0.7666667
vt 0.3541667 0.7666667
vt 0.375 0.7666667
vt 0.3958333 0.7666667
vt 0.4166667 0.7666667
vt 0.4375 0.7666667
vt 0.4583333 0.7666667
vt 0.4791667 0.7666667
vt 0.5 0.7666667
vt 0.5208333 0.7666667
vt 0.5416667 0.7666667
vt 0.5625 0.7666667
vt 0.5833333 0.7666667
vt 0.6041667 0.7666667
vt 0.625 0.7666667
vt 0.6458333 0.7666667
vt 0.6666667 0.7666667
vt 0.6875 0.7666667
vt 0.7083333 0.7666667
vt 0.7291667 0.7666667
vt 0.75 0.7666667
vt 0.7708333 0.7666667
vt 0.7916667 0.7666667
vt 0.8125 0.7666667
vt 0.8333333 0.7666667
vt 0.8541667 0.7666667
vt 0.875 0.7666667
vt 0.8958333 0.7666667
vt 0.9166667 0.7666667
vt 0.9375 0.7666667
vt 0.9583333 0.7666667
vt 0.9791667 0.7666667
vt 1 0.7666667
vt 0 0.8
vt 0.02083333 0.8
vt 0.04166667 0.8
vt 0.0625 0.8
vt 0.08333334 0.8
vt 0.1041667 0.8
vt 0.125 0.8
vt 0.1458333 0.8
vt 0.1666667 0.8
vt 0.1875 0.8
vt 0.2083333 0.8
vt 0.2291667 0.8
vt 0.25 0.8
vt 0.2708333 0.8
vt 0.2916667 0.8
vt 0.3125 0.8
vt 0.3333333 0.8
vt 0.3541667 0.8
vt 0.375 0.8
vt 0.3958333 0.8
vt 0.4166667 0.8
vt 0.4375 0.8
vt 0.4583333 0.8
vt 0.4791667 0.8
vt 0.5 0.8
vt 0.5208333 0.8
vt 0.5416667 0.8
vt 0.5625 0.8
vt 0.5833333 0.8
vt 0.6041667 0.8
vt 0.625 0.8
vt 0.6458333 0.8
vt 0.6666667 0.8
vt 0.6875 0.8
vt 0.7083333 0.8
vt 0.7291667 0.8
vt 0.75 0.8
vt 0.7708333 0.8
vt 0.7916667 0.8
vt 0.8125 0.8
vt 0.8333333 0.8
vt 0.8541667 0.8
vt 0.875 0.8
vt 0.8958333 0.8
vt 0.9166667 0.8
vt 0.9375 0.8
vt 0.9583333 0.8
vt 0.9791667 0.8
vt 1 0.8
vt 0 0.8333333
vt 0.02083333 0.8333333
vt 0.04166667 0.8333333
vt 0.0625 0.8333333
vt 0.08333334 0.8333333
vt 0.1041667 0.8333333
vt 0.125 0.8333333
vt 0.1458333 0.8333333
vt 0.1666667 0.8333333
vt 0.1875 0.8333333
vt 0.2083333 0.8333333
vt 0.2291667 0.8333333
vt 0.25 0.8333333
vt 0.2708333 0.8333333
vt 0.2916667 0.8333333
vt 0.3125 0.8333333
vt 0.3333333 0.8333333
vt 0.3541667 0.8333333
vt 0.375 0.8333333
vt 0.3958333 0.8333333
vt 0.4166667 0.8333333
vt 0.4375 0.8333333
vt 0.4583333 0.8333333
vt 0.4791667 0.8333333
vt 0.5 0.8333333
vt 0.5208333 0.8333333
vt 0.5416667 0.8333333
vt 0.5625 0.8333333
vt 0.5833333 0.8333333
vt 0.6041667 0.8333333
vt 0.625 0.8333333
vt 0.6458333 0.8333333
vt 0.6666667 0.8333333
vt 0.6875 0.8333333
vt 0.7083333 0.8333333
vt 0.7291667 0.8333333
vt 0.75 0.8333333
vt 0.7708333 0.8333333
vt 0.7916667 0.8333333
vt 0.8125 0.8333333
vt 0.8333333 0.8333333
vt 0.8541667 0.8333333
vt 0.875 0.8333333
vt 0.8958333 0.8333333
vt 0.9166667 0.8333333
vt 0.9375 0.8333333
vt 0.9583333 0.8333333
vt 0.9791667 0.8333333
vt 1 0.8333333
vt 0 0.8666667
vt 0.02083333 0.8666667
vt 0.04166667 0.8666667
vt 0.0625 0.8666667
vt 0.08333334 0.8666667
vt 0.1041667 0.8666667
vt 0.125 0.8666667
vt 0.1458333 0.8666667
vt 0.1666667 0.8666667
vt 0.1875 0.8666667
vt 0.2083333 0.8666667
vt 0.2291667 0.8666667
vt 0.25 0.8666667
vt 0.2708333 0.8666667
vt 0.2916667 0.8666667
vt 0.3125 0.8666667
vt 0.3333333 0.8666667
vt 0.3541667 0.8666667
vt 0.375 0.8666667
vt 0.3958333 0.8666667
vt 0.4166667 0.8666667
vt 0.4375 0.8666667
vt 0.4583333 0.8666667
vt 0.4791667 0.8666667
vt 0.5 0.8666667
vt 0.5208333 0.8666667
vt 0.5416667 0.8666667
vt 0.5625 0.8666667
vt 0.5833333 0.8666667
vt 0.6041667 0.8666667
vt 0.625 0.8666667
vt 0.6458333 0.8666667
vt 0.6666667 0.8666667
vt 0.6875 0.8666667
vt 0.7083333 0.8666667
vt 0.7291667 0.8666667
vt 0.75 0.8666667
vt 0.7708333 0.8666667
vt 0.7916667 0.8666667
vt 0.8125 0.8666667
vt 0.8333333 0.8666667
vt 0.8541667 0.8666667
vt 0.875 0.8666667
vt 0.8958333 0.8666667
vt 0.9166667 0.8666667
vt 0.9375 0.8666667
vt 0.9583333 0.8666667
vt 0.9791667 0.8666667
vt 1 0.8666667
vt 0 0.9
vt 0.02083333 0.9
vt 0.04166667 0.9
vt 0.0625 0.9
vt 0.08333334 0.9
vt 0.1041667 0.9
vt 0.125 0.9
vt 0.1458333 0.9
vt 0.1666667 0.9
vt 0.1875 0.9
vt 0.2083333 0.9
vt 0.2291667 0.9
vt 0.25 0.9
vt 0.2708333 0.9
vt 0.2916667 0.9
vt 0.3125 0.9
vt 0.3333333 0.9
vt 0.3541667 0.9
vt 0.375 0.9
vt 0.3958333 0.9
vt 0.4166667 0.9
vt 0.4375 0.9
vt 0.4583333 0.9
vt 0.4791667 0.9
vt 0.5 0.9
vt 0.5208333 0.9
vt 0.5416667 0.9
vt 0.5625 0.9
vt 0.5833333 0.9
vt 0.6041667 0.9
vt 0.625 0.9
vt 0.6458333 0.9
vt 0.6666667 0.9
vt 0.6875 0.9
vt 0.7083333 0.9
vt 0.7291667 0.9
vt 0.75 0.9
vt 0.7708333 0.9
vt 0.7916667 0.9
vt 0.8125 0.9
vt 0.8333333 0.9
vt 0.8541667 0.9
vt 0.875 0.9
vt 0.8958333 0.9
vt 0.9166667 0.9
vt 0.9375 0.9
vt 0.9583333 0.9
vt 0.9791667 0.9
vt 1 0.9
vt 0 0.9333333
vt 0.02083333 0.9333333
vt 0.04166667 0.9333333
vt 0.0625 0.9333333
vt 0.08333334 0.9333333
vt 0.1041667 0.9333333
vt 0.125 0.9333333
vt 0.1458333 0.9333333
vt 0.1666667 0.9333333
vt 0.1875 0.9333333
vt 0.2083333 0.9333333
vt 0.2291667 0.9333333
vt 0.25 0.9333333
vt 0.2708333 0.9333333
vt 0.2916667 0.9333333
vt 0.3125 0.9333333
vt 0.3333333 0.9333333
vt 0.3541667 0.9333333
vt 0.375 0.9333333
vt 0.3958333 0.9333333
vt 0.4166667 0.9333333
vt 0.4375 0.9333333
vt 0.4583333 0.9333333
vt 0.4791667 0.9333333
vt 0.5 0.9333333
vt 0.5208333 0.9333333
vt 0.5416667 0.9333333
vt 0.5625 0.9333333
vt 0.5833333 0.9333333
vt 0.6041667 0.9333333
vt 0.625 0.9333333
vt 0.6458333 0.9333333
vt 0.6666667 0.9333333
vt 0.6875 0.9333333
vt 0.7083333 0.9333333
vt 0.7291667 0.9333333
vt 0.75 0.9333333
vt 0.7708333 0.9333333
vt 0.7916667 0.9333333
vt 0.8125 0.9333333
vt 0.8333333 0.9333333
vt 0.8541667 0.9333333
vt 0.875 0.9333333
vt 0.8958333 0.9333333
vt 0.9166667 0.9333333
vt 0.9375 0.9333333
vt 0.9583333 0.9333333
vt 0.9791667 0.9333333
vt 1 0.9333333
vt 0 0.9666666
vt 0.02083333 0.9666666
vt 0.04166667 0.9666666
vt 0.0625 0.9666666
vt 0.08333334 0.9666666
vt 0.1041667 0.9666666
vt 0.125 0.9666666
vt 0.1458333 0.9666666
vt 0.1666667 0.9666666
vt 0.1875 0.9666666
vt 0.2083333 0.9666666
vt 0.2291667 0.9666666
vt 0.25 0.9666666
vt 0.2708333 0.9666666
vt 0.2916667 0.9666666
vt 0.3125 0.9666666
vt 0.3333333 0.9666666
vt 0.3541667 0.9666666
vt 0.375 0.9666666
vt 0.3958333 0.9666666
vt 0.4166667 0.9666666
vt 0.4375 0.9666666
vt 0.4583333 0.9666666
vt 0.4791667 0.9666666
vt 0.5 0.9666666
vt 0.5208333 0.9666666
vt 0.5416667 0.9666666
vt 0.5625 0.9666666
vt 0.5833333 0.9666666
vt 0.6041667 0.9666666
vt 0.625 0.9666666
vt 0.6458333 0.9666666
vt 0.6666667 0.9666666
vt 0.6875 0.9666666
vt 0.7083333 0.9666666
vt 0.7291667 0.9666666
vt 0.75 0.9666666
vt 0.7708333 0.9666666
vt 0.7916667 0.9666666
vt 0.8125 0.9666666
vt 0.8333333 0.9666666
vt 0.8541667 0.9666666
vt 0.875 0.9666666
vt 0.8958333 0.9666666
vt 0.9166667 0.9666666
vt 0.9375 0.9666666
vt 0.9583333 0.9666666
vt 0.9791667 0.9666666
vt 1 0.9666666
vt 0 1
vt 0.02083333 1
vt 0.04166667 1
vt 0.0625 1
vt 0.08333334 1
vt 0.1041667 1
vt 0.125 1
vt 0.1458333 1
vt 0.1666667 1
vt 0.1875 1
vt 0.2083333 1
vt 0.2291667 1
vt 0.25 1
vt 0.2708333 1
vt 0.2916667 1
vt 0.3125 1
vt 0.3333333 1
vt 0.3541667 1
vt 0.375 1
vt 0.3958333 1
vt 0.4166667 1
vt 0.4375 1
vt 0.4583333 1
vt 0.4791667 1
vt 0.5 1
vt 0.5208333 1
vt 0.5416667 1
vt 0.5625 1
vt 0.5833333 1
vt 0.6041667 1
vt 0.625 1
vt 0.6458333 1
vt 0.6666667 1
vt 0.6875 1
vt 0.7083333 1
vt 0.7291667 1
vt 0.75 1
vt 0.7708333 1
vt 0.7916667 1
vt 0.8125 1
vt 0.8333333 1
vt 0.8541667 1
vt 0.875 1
vt 0.8958333 1
vt 0.9166667 1
vt 0.9375 1
vt 0.9583333 1
vt 0.9791667 1
vt 1 1
vn 0 1 0
vn 0 1 0
vn 0 1 0
vn 0 1 0
vn 0 1 0
vn 0 1 0
vn 0 1 0
vn 0 1 0
vn 0 1 0
vn 0 1 0
vn 0 1 0
vn 0 1 0
vn 0 1 0
vn 0 1 0
vn 0 1 0
vn 0 1 0
vn 0 1 0
vn 0 1 0
vn 0 1 0
vn 0 1 0
vn 0 1 0
vn 0 1 0
vn 0 1 0
vn 0 1 0
vn 0 1 0
vn 0 1 0
vn 0 1 0
vn 0 1 0
vn 0 1 0
vn 0 1 0
vn 0 1 0
vn 0 1 0
vn 0 1 0
vn 0 1 0
vn 0 1 0
vn 0 1 0
vn 0 1 0
vn 0 1 0
vn 0 1 0
vn 0 1 0
vn 0 1 0
vn 0 1 0
vn 0 1 0
vn 0 1 0
vn 0 1 0
vn 0 1 0
vn 0 1 0
vn 0 1 0
vn 0 1 0
vn -0.1541713 0.9827777 0.101879
vn -0.1446622 0.9836409 0.1073472
vn -0.1284677 0.9850612 0.1146761
vn -0.1139309 0.9855686 0.1251969
vn -0.1051517 0.9858476 0.1305669
vn -0.1070226 0.9855526 0.1312716
vn -0.1198097 0.9849411 0.1246461
vn -0.1430047 0.983206 0.1133829
vn -0.1698449 0.9806271 0.09758662
vn -0.1965936 0.9767642 0.08533882
vn -0.2087279 0.9746581 0.08046187
vn -0.1956582 0.97672 0.08795358
vn -0.149462 0.9824136 0.1119138
vn -0.07725558 0.9853796 0.1518507
vn -0.003297789 0.9801739 0.1981121
vn 0.04723324 0.9711041 0.2339356
vn 0.06188485 0.9669132 0.2474857
vn 0.03384713 0.9723536 0.2310474
vn -0.03650222 0.9825491 0.1823868
vn -0.1430706 0.9846144 0.1003257
vn -0.262924 0.9648004 -0.005598509
vn -0.3670157 0.9230648 -0.1151125
vn -0.4361438 0.8766046 -0.2033296
vn -0.4714742 0.8432911 -0.258016
vn -0.4845104 0.8303822 -0.2751638
vn -0.4876449 0.8329556 -0.2615102
vn -0.4887634 0.8414483 -0.2303805
vn -0.4945292 0.8477644 -0.1916673
vn -0.5047693 0.8480108 -0.1615101
vn -0.5200813 0.8418896 -0.1440047
vn -0.5347215 0.8323717 -0.1457065
vn -0.5437317 0.8234032 -0.162367
vn -0.5416858 0.819056 -0.1890071
vn -0.530345 0.8210562 -0.2111892
vn -0.5067624 0.8335242 -0.2200664
vn -0.4727741 0.8566256 -0.2065849
vn -0.4219734 0.8907398 -0.1688817
vn -0.3468942 0.9317285 -0.1074541
vn -0.2430715 0.9696788 -0.02528405
vn -0.1236545 0.9902965 0.06342305
vn -0.01595522 0.9895843 0.1430675
vn 0.04658801 0.9799935 0.1935005
vn 0.05527444 0.9761442 0.2099695
vn 0.01851428 0.9806477 0.1949032
vn -0.03712138 0.9856293 0.1647934
vn -0.09202028 0.9868224 0.1330935
vn -0.1308164 0.9848963 0.1134304
vn -0.1513923 0.9831264 0.1026788
vn -0.1541717 0.9827799 0.1018572
vn 0.4544622 0.8106718 0.3691549
vn 0.4553669 0.7751068 0.4380073
vn 0.4340499 0.7567337 0.4888301
vn 0.4098178 0.7489633 0.5206758
vn 0.394847 0.7443085 0.53861
vn 0.3948053 0.7381695 0.5470235
vn 0.411509 0.7284553 0.5477346
vn 0.4379112 0.717701 0.5414232
vn 0.4600286 0.7131644 0.528933
vn 0.4553723 0.7286507 0.5115703
vn 0.3983018 0.7786738 0.4847915
vn 0.2685322 0.8629923 0.4279424
vn 0.09175947 0.9443494 0.3158868
vn -0.0393802 0.9827965 0.1804445
vn -0.06174254 0.9931884 0.09881631
vn -0.01036951 0.9946104 0.103163
vn 0.02470193 0.9882135 0.1510758
vn -0.0253413 0.9861419 0.1639572
vn -0.1500619 0.9843097 0.09282123
vn -0.2574387 0.9657345 -0.03289713
vn -0.2584874 0.9581842 -0.1227486
vn -0.1424099 0.9830424 -0.11553
vn 0.02814479 0.9994076 -0.01980476
vn 0.1530297 0.9847345 0.08294556
vn 0.1988437 0.9709238 0.1332973
vn 0.1906678 0.972545 0.1334244
vn 0.156097 0.9818415 0.1078008
vn 0.1150074 0.9904023 0.07665873
vn 0.079234 0.995504 0.05190162
vn 0.05290708 0.9978416 0.03889746
vn 0.03781001 0.9986051 0.03685339
vn 0.02744547 0.998668 0.04369406
vn 0.009831944 0.9985067 0.05373789
vn -0.03392322 0.9979144 0.05491989
vn -0.1194218 0.9924846 0.02670093
vn -0.2458195 0.9683227 -0.04386249
vn -0.3709187 0.9176548 -0.14258
vn -0.4336271 0.8718737 -0.2276045
vn -0.399664 0.8784134 -0.2620279
vn -0.2613206 0.9406953 -0.2163421
vn -0.07293364 0.9931285 -0.09152366
vn 0.03745333 0.9988139 0.03111593
vn 0.0383926 0.9962566 0.07745282
vn 0.01921289 0.9976466 0.0658195
vn 0.06306715 0.9962578 0.05910053
vn 0.179528 0.9786609 0.09996284
vn 0.3152498 0.9310358 0.1838203
vn 0.4123705 0.8663511 0.2817559
vn 0.4544443 0.8106657 0.3691903
vn 0.246543 0.9150687 0.3191643
vn 0.285503 0.878458 0.3831443
vn 0.3001032 0.8502544 0.4324414
vn 0.2898303 0.8348287 0.468038
vn 0.2755131 0.8257786 0.4921201
vn 0.2765722 0.8158548 0.5078275
vn 0.3014118 0.803731 0.5129985
vn 0.3464143 0.7953675 0.497381
vn 0.3929272 0.8023463 0.4492757
vn 0.4102085 0.8315524 0.3744993
vn 0.3770563 0.872653 0.310331
vn 0.3087553 0.8959073 0.3194062
vn 0.2549003 0.8728341 0.4161568
vn 0.2408298 0.8348836 0.494945
vn 0.2214382 0.8745639 0.4313968
vn 0.1077283 0.9686226 0.2239751
vn -0.0909126 0.9940532 0.05994272
vn -0.2057575 0.9752716 0.0806796
vn -0.09950575 0.9810033 0.1665268
vn 0.1089995 0.982598 0.1504007
vn 0.1697086 0.9834354 0.06367062
vn 0.06297047 0.998002 -0.005175286
vn -0.0643754 0.9977964 -0.01606645
vn -0.08175632 0.9965712 0.01271957
vn -0.02060936 0.9994574 0.02569637
vn 0.03083581 0.9995203 0.002888395
vn 0.04114315 0.9984545 -0.0373636
vn 0.02081185 0.9971534 -0.07247072
vn -0.009131981 0.9958035 -0.0910604
vn -0.03051573 0.9951069 -0.09397323
vn -0.03695872 0.9954956 -0.08730823
vn -0.03533775 0.9958624 -0.08372212
vn -0.0442262 0.9936399 -0.1035559
vn -0.08435969 0.9828178 -0.1641727
vn -0.1642588 0.9553526 -0.2456023
vn -0.2570913 0.9265004 -0.2747746
vn -0.3035358 0.9296074 -0.2090363
vn -0.2578039 0.9584491 -0.1221172
vn -0.1480673 0.9780442 -0.1466481
vn -0.0750875 0.9530888 -0.2932299
vn -0.08275253 0.9265056 -0.3670689
vn -0.03338686 0.9684566 -0.2469355
vn 0.1815757 0.9827129 -0.03613368
vn 0.4158911 0.9069825 0.06646305
vn 0.4961318 0.8664501 0.05583402
vn 0.4155983 0.907438 0.06192248
vn 0.2841511 0.9487121 0.1385764
vn 0.2255109 0.9450538 0.2366816
vn 0.2465497 0.915066 0.3191669
vn 0.2835861 0.9374329 0.2019865
vn 0.03092408 0.9982353 0.05069472
vn -0.07127665 0.9971117 0.02622841
vn -0.08381952 0.9927701 0.08591817
vn -0.08413231 0.9848743 0.151474
vn -0.1083974 0.9787171 0.1742496
vn -0.1584492 0.9756323 0.1517748
vn -0.2018187 0.9727052 0.1145158
vn -0.1576404 0.9800309 0.121198
vn 0.1173974 0.964579 0.2362316
vn 0.4993153 0.7726067 0.3921265
vn 0.5558428 0.7012914 0.446351
vn 0.2361378 0.8979045 0.3714923
vn -0.07291948 0.9552719 0.286598
vn 0.1950844 0.8299728 0.5225775
vn 0.2998531 0.761016 0.5752763
vn -0.1518694 0.9523438 0.2645318
vn -0.2892269 0.9532884 0.08711547
vn 0.1969724 0.9173002 0.3460669
vn 0.1543512 0.9461217 0.2846569
vn -0.3463393 0.9346738 -0.08021212
vn -0.3369168 0.9400907 -0.05212258
vn -0.02380733 0.9795737 0.1996712
vn -0.08171934 0.988243 0.1292195
vn -0.3991832 0.9015132 -0.1671132
vn -0.5863895 0.7280255 -0.3551426
vn -0.6266727 0.664429 -0.4072044
vn -0.6110056 0.6726506 -0.4173888
vn -0.5900223 0.6840837 -0.4288393
vn -0.5887039 0.6674156 -0.4560529
vn -0.605168 0.6230722 -0.4955327
vn -0.6152949 0.581655 -0.5320618
vn -0.5834655 0.6071133 -0.539427
vn -0.4400152 0.7661729 -0.468365
vn -0.1193255 0.9580509 -0.260576
vn 0.06262003 0.9895324 -0.1300167
vn -0.2004508 0.9377156 -0.283741
vn -0.432754 0.8018094 -0.4120992
vn -0.09642131 0.94794 -0.3035009
vn 0.3330262 0.9304902 -0.1525831
vn 0.06572146 0.8944672 -0.4422773
vn 0.02877181 0.8566633 -0.515073
vn 0.5422602 0.8309999 -0.1240691
vn 0.5928546 0.8052971 -0.004483538
vn 0.2358319 0.9469294 -0.2184218
vn 0.2050407 0.9712234 -0.1211752
vn 0.4617335 0.8639052 0.2011717
vn 0.4955195 0.8098217 0.3140849
vn 0.2835323 0.9374515 0.2019755
vn 0.6729335 0.7138336 0.1939127
vn 0.6995042 0.6225512 0.3508902
vn 0.5905346 0.6724574 0.4461726
vn 0.4482853 0.7565392 0.4761184
vn 0.3407193 0.8077703 0.4810588
vn 0.2916275 0.8233386 0.4868954
vn 0.304798 0.8117002 0.4982378
vn 0.3667378 0.7740272 0.5161254
vn 0.4134613 0.7386178 0.5324411
vn 0.3604915 0.7950025 0.4878699
vn 0.2174088 0.9371685 0.2728526
vn 0.165703 0.9792022 0.1170707
vn 0.1759887 0.905757 0.3855286
vn 0.03617758 0.7779863 0.6272388
vn 0.02493947 0.8772291 0.4794238
vn 0.0896211 0.797254 0.596954
vn -0.0546833 0.723184 0.6884873
vn 0.02788142 0.9341953 0.355671
vn -0.03950654 0.9365149 0.348395
vn -0.4436019 0.8393605 0.3141517
vn -0.4017284 0.9121056 0.08171766
vn -0.4826902 0.8712189 0.08937559
vn -0.7292401 0.6820894 0.05443437
vn -0.6555499 0.7516273 -0.07287595
vn -0.3986133 0.9047636 -0.1500348
vn -0.2940641 0.9374276 -0.1864293
vn -0.3347771 0.9083266 -0.2507331
vn -0.3899131 0.8570804 -0.3367209
vn -0.4169981 0.8086187 -0.4150283
vn -0.4257116 0.7720642 -0.4718967
vn -0.4209886 0.7559127 -0.5013627
vn -0.400853 0.7741687 -0.4898772
vn -0.3846045 0.8135322 -0.4361706
vn -0.4179032 0.8037504 -0.4234882
vn -0.4684098 0.6956474 -0.5446715
vn -0.4080476 0.644966 -0.6461548
vn -0.2607455 0.8428231 -0.4708089
vn -0.169065 0.9530962 -0.2510473
vn 0.03122485 0.877331 -0.4788688
vn 0.3245009 0.8288597 -0.455731
vn 0.3211289 0.8888136 -0.3269354
vn 0.4528483 0.6966236 -0.5564567
vn 0.507381 0.7374675 -0.4457648
vn 0.3028503 0.9217503 -0.2421943
vn 0.4380983 0.8519018 -0.2869378
vn 0.5378184 0.8351451 -0.1152563
vn 0.3799521 0.9231625 0.05837397
vn 0.4539988 0.887219 0.08202221
vn 0.6728087 0.7139521 0.1939095
vn 0.6800447 0.7320532 -0.04046598
vn 0.725695 0.6502755 0.224741
vn 0.7129076 0.535529 0.4527379
vn 0.6226807 0.574251 0.5315117
vn 0.5110447 0.654427 0.557278
vn 0.4547644 0.6712037 0.5853844
vn 0.4934284 0.6192627 0.6107718
vn 0.5622303 0.5755506 0.5938339
vn 0.5068156 0.67541 0.5356857
vn 0.2583027 0.8692524 0.4215211
vn 0.2738813 0.8769502 0.3949017
vn 0.5183579 0.6861535 0.5103906
vn 0.06498851 0.8894944 0.452301
vn -0.3942314 0.8719445 0.2903349
vn 0.1421962 0.6716934 0.7270545
vn -0.2116171 0.7332305 0.646213
vn 0.05098915 0.7007492 0.7115833
vn 0.1354906 0.6949571 0.7061707
vn -0.6622191 0.7126885 0.2313893
vn -0.3706608 0.7783133 0.5067929
vn -0.822288 0.5645472 0.07161714
vn -0.7974116 0.6025622 0.0324594
vn -0.3340908 0.8598143 0.3861383
vn -0.5226812 0.8499237 0.06658874
vn -0.5666184 0.804195 -0.1794829
vn -0.3246643 0.9383625 -0.1186127
vn -0.1415156 0.9849315 -0.09941514
vn -0.1029072 0.9787212 -0.1775243
vn -0.1083529 0.960161 -0.2575862
vn -0.09216446 0.955987 -0.2785582
vn -0.04336808 0.9694185 -0.2415512
vn -0.01695404 0.9765856 -0.2144602
vn -0.1532545 0.9347432 -0.320575
vn -0.4859206 0.6871435 -0.5401065
vn -0.5459963 0.579119 -0.6054001
vn -0.2176365 0.808367 -0.5469709
vn -0.3418299 0.7192772 -0.6048079
vn -0.4485147 0.5970044 -0.6651468
vn 0.4207403 0.8233981 -0.38078
vn 0.3592882 0.7638472 -0.5361431
vn 0.5069469 0.6710253 -0.5410453
vn 0.6782242 0.6283401 -0.3810523
vn 0.1334441 0.6430172 -0.7541364
vn 0.6241584 0.7143126 -0.3165182
vn 0.510372 0.7766945 -0.3691422
vn 0.6141643 0.7373362 -0.281314
vn 0.8970038 0.3820408 0.2223262
vn 0.8542993 0.5041431 0.1265409
vn 0.6800436 0.7320521 -0.04050351
vn 0.844267 0.5300574 -0.07907309
vn 0.4307214 0.890879 -0.1442699
vn 0.3240323 0.946024 -0.006458872
vn 0.3255385 0.9330136 0.1533307
vn 0.2606696 0.9259919 0.2731126
vn 0.148991 0.9267024 0.3449991
vn 0.04383077 0.9346961 0.352735
vn -0.02172902 0.9578968 0.2862892
vn -0.002622858 0.9694374 0.2453249
vn 0.2314317 0.8565808 0.4612036
vn 0.5466477 0.5196943 0.6565778
vn 0.4593222 0.7203147 0.5197787
vn -0.0520406 0.8179821 0.5728848
vn -0.1205103 0.6659867 0.7361651
vn -0.3141765 0.8788502 0.3590479
vn -0.1785683 0.5571098 0.8110129
vn 0.1389291 0.7256448 0.673898
vn -0.1568524 0.5540122 0.8175988
vn -0.6970389 0.3166584 0.6433228
vn -0.8469691 0.1193901 0.5180631
vn -0.6215771 0.7413754 0.252991
vn -0.5434166 0.8174317 0.1910598
vn -0.5768021 0.7260177 0.3744299
vn -0.3076065 0.9200873 0.2425236
vn -0.5077857 0.8588557 -0.06723528
vn -0.7324716 0.6413363 -0.2284149
vn -0.6989278 0.6322466 -0.3343116
vn -0.5717868 0.6935442 -0.4382423
vn -0.4814272 0.7193513 -0.500761
vn -0.4448712 0.7294792 -0.519567
vn -0.4380389 0.7283835 -0.5268581
vn -0.4475368 0.688815 -0.5703023
vn -0.4483823 0.6586089 -0.6043076
vn -0.344141 0.8199024 -0.4575227
vn -0.09138665 0.9579934 -0.2718402
vn -0.1384913 0.7662829 -0.6274
vn -0.4458495 0.5200657 -0.7285259
vn -0.113522 0.7300079 -0.6739445
vn 0.2016752 0.428369 -0.8808106
vn 0.4850791 0.7212494 -0.4944669
vn 0.7099601 0.4604025 -0.5329036
vn 0.3420129 0.7240632 -0.5989656
vn 0.5752348 0.5145347 -0.6358923
vn 0.4498879 0.5880225 -0.6721833
vn 0.8861709 0.4258542 -0.1826178
vn 0.9419175 0.2734388 -0.1949942
vn 0.8594365 0.5095024 0.04214601
vn 0.9540912 0.27151 0.1264605
vn 0.8442929 0.5300034 -0.07915729
vn 0.9150107 0.3841554 -0.1232076
vn 0.9027403 0.4295398 0.02357018
vn 0.6743143 0.738225 0.0180036
vn 0.5131153 0.8556115 0.06813075
vn 0.3928151 0.9001319 0.1883052
vn 0.2237062 0.9287881 0.2954796
vn 0.05067139 0.9425474 0.3302074
vn -0.01850029 0.9476222 0.3188572
vn 0.09241037 0.9105796 0.4028711
vn 0.2035756 0.793502 0.5735082
vn 0.1310101 0.9036316 0.4077823
vn 0.2969815 0.8049216 0.5137151
vn 0.09730496 0.3944642 0.9137449
vn -0.1365113 0.8104194 0.5697238
vn -0.2447781 0.5853189 0.7729719
vn -0.199173 0.904975 0.375966
vn -0.2588255 0.4336009 0.8631337
vn -0.8470017 0.4665692 0.2547573
vn -0.922949 0.09662134 0.3725983
vn -0.06282714 0.6034299 0.7949372
vn -0.8043893 0.5928413 0.03869329
vn -0.4652127 0.8370103 0.2880815
vn -0.5793641 0.7132567 0.3944645
vn -0.8486785 0.5091324 0.1432791
vn -0.6453171 0.7604553 -0.07261988
vn -0.7068407 0.6825569 -0.1857209
vn -0.8026444 0.4339662 -0.4091888
vn -0.7406119 0.3383937 -0.580503
vn -0.6729693 0.3361939 -0.6588522
vn -0.5698187 0.8122038 -0.1250269
vn -0.6768107 0.299042 -0.672682
vn -0.6741331 0.2835605 -0.6820103
vn -0.5427585 0.5451511 -0.6389239
vn -0.3319765 0.8277903 -0.4522775
vn -0.3174309 0.7198266 -0.6173226
vn -0.06192367 0.6752698 -0.7349669
vn -0.04424165 0.8666227 -0.4969987
vn 0.01112564 0.303043 -0.952912
vn 0.3077214 0.5103312 -0.8030378
vn 0.4270293 0.2511254 -0.8686668
vn 0.5259404 0.7327676 -0.431785
vn 0.5118025 0.4983557 -0.6997856
vn 0.577614 0.6629645 -0.4762774
vn 0.7841589 0.1576404 -0.6002036
vn 0.9008067 0.3798163 -0.210445
vn 0.919202 0.3022549 -0.2524077
vn 0.8962877 0.4430961 -0.01828222
vn 0.5718638 0.7936929 -0.2074207
vn 0.9149696 0.3842352 -0.1232639
vn 0.846266 0.5003238 -0.1830571
vn 0.9931118 0.1106262 0.03861172
vn 0.9775705 0.143463 0.1541889
vn 0.8982781 0.4121364 0.1524466
vn 0.7504095 0.6186088 0.2328276
vn 0.5880008 0.7050183 0.3964898
vn 0.477283 0.6804017 0.5561064
vn 0.4876315 0.5574438 0.6719167
vn 0.4401128 0.5058673 0.7418889
vn 0.1025927 0.7849538 0.611001
vn 0.1169737 0.895129 0.4301874
vn 0.1747243 0.626924 0.759235
vn -0.2777361 0.7114596 0.6455137
vn 0.2221944 0.4016733 0.888419
vn -0.3001824 0.7465487 0.593764
vn -0.06184585 0.6810204 0.7296481
vn -0.7161928 0.6064748 0.3453351
vn -0.2419259 -0.09426172 0.9657053
vn -0.300467 0.8430005 0.4461722
vn -0.8084377 0.566245 0.1606086
vn -0.5137274 0.2681324 0.8149781
vn -0.8586712 0.482404 -0.1731188
vn -0.7372695 0.6295577 0.2451341
vn -0.7935551 0.5139962 0.3256964
vn -0.8280463 0.5445907 -0.1332677
vn -0.5426766 0.8277051 -0.1428509
vn -0.5172041 0.8220416 -0.2382172
vn -0.57434 0.6648569 -0.4775969
vn -0.5664406 0.5636567 -0.6011957
vn 0.06420091 0.07388233 -0.9951983
vn -0.9833934 -0.1008865 -0.1508621
vn -0.09768027 0.7749765 -0.6243957
vn -0.3411164 0.7981209 -0.4966313
vn -0.586718 0.4467775 -0.6753902
vn -0.4329326 0.27364 -0.8588891
vn -0.01566208 0.6945832 -0.7192419
vn -0.1723449 0.4988118 -0.8494022
vn 0.5552613 0.5329515 -0.6384729
vn 0.1169677 0.2242013 -0.967498
vn 0.498605 0.4435765 -0.7447369
vn 0.1533193 0.472222 -0.8680435
vn 0.6193731 0.7316416 -0.2847414
vn 0.8102456 0.3038991 -0.5011461
vn 0.7838421 0.4671435 -0.409107
vn 0.8426021 0.2968733 -0.4493195
vn 0.5140436 0.8106281 -0.2804305
vn 0.8207529 0.5367448 -0.1956263
vn 0.862514 0.4796157 0.1613639
vn 0.8463168 0.5002411 -0.1830484
vn 0.8552784 0.5045227 0.118134
vn 0.7615185 0.6137926 -0.2082026
vn 0.8995464 0.4360158 -0.02658036
vn 0.9262987 0.3582147 0.116846
vn 0.8794885 0.4144126 0.2340133
vn 0.7752456 0.4727116 0.4189727
vn 0.6332925 0.4715531 0.6136598
vn 0.4699022 0.468563 0.7480914
vn 0.244929 0.5562139 0.7941259
vn 0.301148 0.5376897 0.7875276
vn 0.5123206 0.2881124 0.8090235
vn -0.2089889 0.5846018 0.7839416
vn 0.06811438 0.5768798 0.8139841
vn -0.2997564 0.6146379 0.7296344
vn 0.3435425 0.4722279 0.8117754
vn -0.6759155 0.5148606 0.5273109
vn -0.5649112 0.4708789 0.6776049
vn -0.7134609 0.5315663 0.4565204
vn -0.4430576 0.4258231 0.7889073
vn -0.1024848 0.06935485 0.9923139
vn -0.6688889 0.7025686 0.2428687
vn -0.6294971 0.5182881 0.5788878
vn -0.8641214 0.4841682 0.1373881
vn -0.5811895 0.7083397 0.4005918
vn -0.7668278 0.6334315 0.1036322
vn -0.7980034 0.4753538 -0.3704449
vn -0.7020175 0.5766566 -0.4178979
vn -0.6437205 0.5919048 -0.4850492
vn -0.6136812 0.5711086 -0.5451884
vn -0.3353073 0.8617287 -0.3807791
vn -0.2832479 0.954928 0.08878712
vn -0.3782523 0.7971159 -0.4706711
vn -0.4537678 0.6501348 -0.6094421
vn -0.4129319 0.4712738 -0.7793512
vn -0.02589261 0.53417 -0.8449805
vn -0.4995095 0.2184519 -0.8383133
vn 0.1955244 0.3431282 -0.9187129
vn 0.1741678 0.4306759 -0.8855416
vn 0.6289513 0.5014295 -0.5941286
vn -0.1628607 0.4060873 -0.899205
vn 0.5068271 0.5662693 -0.6499733
vn 0.6112626 0.4594387 -0.6444178
vn 0.7610954 -0.2372828 -0.6036809
vn 0.8206354 0.496326 -0.2832282
vn 0.2659015 0.6777051 -0.6855744
vn 0.892535 0.4484336 -0.04784019
vn 0.7262269 0.6414633 -0.2472235
vn 0.9220708 0.310078 0.2315969
vn 0.8552784 0.5045227 0.1181352
vn 0.7501121 0.6323392 0.1935949
vn 0.7567103 0.6528986 0.03336362
vn 0.7607555 0.6407552 -0.1033634
vn 0.8562112 0.5159914 0.02559827
vn 0.8879674 0.4192187 0.1891285
vn 0.8102838 0.4432584 0.3833566
vn 0.5777605 0.563904 0.5900891
vn 0.2467462 0.6661672 0.7038023
vn 0.1550324 0.6104413 0.7767409
vn 0.453619 0.2846054 0.8445293
vn 0.1686035 0.2216776 0.9604332
vn 0.2128316 0.09593067 0.9723683
vn 0.04437606 0.4388461 0.8974658
vn 0.04905656 0.6302898 0.7748086
vn -0.3873501 0.5236027 0.758815
vn -0.1128391 0.2097322 0.9712259
vn -0.8405473 0.3497053 0.4137468
vn -0.4630189 0.6696335 0.5806931
vn -0.3621758 0.4746524 0.8022056
vn -0.8418757 0.1942247 0.5035099
vn -0.4950899 0.2938542 0.8176404
vn -0.7975163 0.5370127 0.2749276
vn -0.5300285 0.6621088 0.5297942
vn -0.8849548 0.465603 -0.008311022
vn -0.8944635 0.4264193 0.1345427
vn -0.9183331 0.1411984 -0.3697666
vn -0.7814893 -0.07082907 -0.6198853
vn -0.7571846 -0.03974997 -0.6519904
vn -0.7680605 0.05317459 -0.6381658
vn -0.7855397 0.1116607 -0.6086537
vn -0.7933389 0.1137419 -0.5980604
vn -0.7753627 0.1054215 -0.6226549
vn -0.6118918 0.2961794 -0.7333936
vn -0.04684327 0.5985569 -0.7997096
vn -0.2036874 0.5207332 -0.8290647
vn -0.1288289 0.3757692 -0.9177149
vn 0.03784708 0.1196077 -0.9920996
vn 0.1790156 0.257426 -0.9495711
vn 0.06369922 0.5739537 -0.8164065
vn 0.4947596 0.663949 -0.5607004
vn 0.1351096 0.3008054 -0.9440665
vn 0.3195216 0.1197222 -0.9399855
vn 0.2547624 0.8656781 -0.4309265
vn 0.3549078 0.6844696 -0.6368216
vn 0.9538894 0.2768997 -0.1158521
vn 0.7436038 0.3164916 -0.5889708
vn 0.9567671 0.2526544 0.1440916
vn 0.6509932 0.7096301 -0.2695053
vn 0.7501118 0.6323391 0.1935967
vn 0.7855938 0.6022548 -0.1418858
vn 0.8669749 0.3953599 0.3033894
vn 0.9302912 0.2830563 0.2333186
vn 0.937362 0.3332552 0.1014568
vn 0.920476 0.348956 0.1759364
vn 0.859797 0.3407049 0.3803542
vn 0.7044758 0.3254281 0.6307222
vn 0.5359599 0.2838508 0.7950948
vn 0.4394838 0.3004095 0.8465271
vn 0.05034294 0.4471145 0.893059
vn -0.03252842 0.2263332 0.9735066
vn 0.4199756 0.07466429 0.9044588
vn 0.1889113 0.2535646 0.9486926
vn 0.158306 0.4943732 0.854713
vn -0.3958212 0.3489688 0.8494388
vn -0.7667405 0.1973882 0.6108575
vn -0.06635917 0.2797923 0.9577644
vn -0.6230711 0.4589045 0.6333948
vn -0.867347 0.3983415 0.2983845
vn -0.4313885 0.195288 0.8807761
vn -0.6919243 0.3134798 0.6503623
vn -0.531528 0.5345034 0.6571029
vn -0.8636289 0.4373075 0.2508133
vn -0.9330353 0.34958 0.08508283
vn -0.9293635 0.0006399304 -0.3691655
vn -0.9556543 0.1044103 -0.2753603
vn -0.8402517 0.1120842 -0.530485
vn -0.7427378 0.00664136 -0.6695494
vn -0.7564423 -0.0430644 -0.6526412
vn -0.8100891 -0.05018853 -0.5841547
vn -0.8357779 -0.01603491 -0.5488335
vn -0.7656937 0.09963623 -0.6354414
vn -0.5076949 0.2253851 -0.8315333
vn -0.4984338 0.1857227 -0.8468003
vn -0.3256134 0.3849443 -0.8635935
vn 0.3306892 0.3567612 -0.8737083
vn -0.08440967 0.1581171 -0.9838059
vn 0.07712315 0.1311295 -0.9883608
vn 0.008132783 0.4607394 -0.8874983
vn 0.202514 0.4512676 -0.8691062
vn 0.8755891 0.1978045 -0.4407008
vn 0.4189926 0.2583047 -0.8704734
vn 0.4189685 0.395719 -0.8172343
vn 0.9772478 0.2095075 -0.03306584
vn 0.8284269 0.1643559 -0.5354401
vn 0.9708291 -0.003702433 -0.2397439
vn 0.7665362 0.4126111 -0.4921121
vn 0.8931083 0.4466152 -0.05378169
vn 0.7855993 0.602259 -0.1418378
vn 0.9945301 0.05136031 0.09095021
vn 0.9361234 0.3495513 -0.03855965
vn 0.8807787 0.4258837 0.2070071
vn 0.8785467 0.4064339 0.2509326
vn 0.8849864 0.3801409 0.2688717
vn 0.8609276 0.2922839 0.4163819
vn 0.7764729 0.1421736 0.6139027
vn 0.6158093 0.04017868 0.7868701
vn 0.2780813 0.06042353 0.9586552
vn 0.09056022 0.03353822 0.9953261
vn 0.29329 0.239163 0.9256252
vn -0.04557251 0.4708381 0.8810418
vn 0.5856636 0.2494498 0.7712153
vn -0.1691121 0.1115174 0.9792676
vn -0.4972588 0.224569 0.8380349
vn -0.2948714 0.2835366 0.9125009
vn -0.8314971 -0.04548518 0.5536639
vn -0.4803906 -0.2938603 0.8263601
vn -0.6285353 0.2004843 0.7514982
vn -0.7944576 0.4344127 0.4244089
vn -0.4153363 0.3392702 0.8440329
vn -0.7443659 0.1178728 0.6572864
vn -0.9764159 0.1598454 0.1451262
vn -0.9886074 0.1504468 0.004606931
vn -0.9333884 0.290243 -0.2110575
vn -0.8276342 0.1172833 -0.5488773
vn -0.8446699 0.1453539 -0.5151747
vn -0.7990769 0.1928519 -0.5694597
vn -0.7771707 0.1746295 -0.6045744
vn -0.7950081 0.1834813 -0.5781839
vn -0.762207 0.2513959 -0.5965237
vn -0.6693755 0.273286 -0.6908337
vn -0.7060013 0.1700705 -0.6874869
vn -0.6083785 0.1529581 -0.7787679
vn -0.01219917 0.03968852 -0.9991376
vn -0.1910961 0.007278291 -0.9815443
vn 0.4372953 0.2584197 -0.8613896
vn -0.3193553 0.2531774 -0.9131886
vn 0.02204552 0.03385631 -0.9991835
vn 0.6618448 0.1166312 -0.7405125
vn 0.3903326 0.3206583 -0.8630288
vn 0.6593021 0.2397855 -0.7126175
vn 0.8650963 0.004975628 -0.5015813
vn 0.763747 -0.0491058 -0.6436452
vn 0.9976398 -0.01550853 -0.06689128
vn 0.8232549 0.2405376 -0.5141917
vn 0.8520569 0.04044435 -0.5218844
vn 0.97495 0.08765342 -0.2044249
vn 0.9945275 0.05130259 0.09101138
vn 0.9823596 -0.02769054 -0.1849404
vn 0.975686 0.2146205 0.04444053
vn 0.8784546 0.4710802 -0.08000585
vn 0.8170394 0.5737264 0.05731236
vn 0.7847947 0.5610985 0.2631842
vn 0.722829 0.4633464 0.512668
vn 0.5499181 0.2786368 0.7873701
vn 0.3054453 0.01952557 0.9520094
vn 0.3008174 -0.2429057 0.9222287
vn 0.4626632 -0.1930979 0.8652491
vn 0.1625224 0.2205958 0.9617297
vn 0.5189729 0.4161725 0.7466376
vn -0.236456 0.3504272 0.9062502
vn 0.139303 -0.1041558 0.984757
vn -0.350084 -0.1217234 0.9287759
vn -0.6742968 0.2501738 0.6947927
vn -0.7396507 0.05901311 0.6703986
vn -0.2424013 -0.2949011 0.92427
vn -0.9777019 0.1589089 0.1372842
vn -0.3686143 0.3852351 0.8460009
vn -0.8061999 0.1457225 0.5734168
vn -0.8959918 -0.1505532 0.417771
vn -0.8496611 -0.1597684 0.5025437
vn -0.9952496 0.02242218 -0.09473895
vn -0.9774666 0.06780469 -0.1999038
vn -0.9194238 0.1119458 -0.3769988
vn -0.7386696 0.01912962 -0.6737962
vn -0.7075688 -0.04243497 -0.7053693
vn -0.7596943 -0.06450225 -0.6470735
vn -0.8364264 -0.06094575 -0.5446801
vn -0.8941104 0.008335372 -0.4477691
vn -0.8763808 0.152889 -0.4567074
vn -0.6162055 0.2839884 -0.7346029
vn -0.1360898 0.1181456 -0.9836265
vn -0.3505112 -0.1588832 -0.9229833
vn 0.1710065 -0.131646 -0.9764354
vn -0.3572468 0.119521 -0.9263312
vn 0.3586028 0.2473676 -0.9001186
vn 0.08907957 -0.1195905 -0.988819
vn 0.08574761 -0.237338 -0.9676353
vn 0.7719647 0.1723404 -0.6118572
vn 0.6837297 0.2536424 -0.6842363
vn 0.6792399 -0.2423462 -0.6927493
vn 0.9480126 -0.2641683 -0.1774465
vn 0.7835968 0.1475346 -0.6034979
vn 0.8971464 0.0545288 -0.4383548
vn 0.9701113 -0.1786586 -0.1642112
vn 0.8841773 -0.281472 -0.3728324
vn 0.9823706 -0.02769084 -0.1848822
vn 0.9020836 0.03426896 -0.4301986
vn 0.9233441 0.1450695 -0.3555143
vn 0.9734402 0.2268769 0.03067602
vn 0.9515362 0.2285631 0.2057613
vn 0.8958446 0.139818 0.4217977
vn 0.7289034 0.007052906 0.6845803
vn 0.5065281 -0.09970776 0.856439
vn 0.3783538 -0.1411053 0.914843
vn 0.269203 -0.08293195 0.9595062
vn 0.2858742 0.02879735 0.9578344
vn 0.7397467 0.07747594 0.6684102
vn 0.1045984 0.1120003 0.9881878
vn 0.1187724 0.01863636 0.9927466
vn -0.5953268 -0.0952865 0.7978136
vn -0.0504304 -0.2114981 0.9760765
vn -0.2120647 -0.23243 0.9492128
vn -0.9077033 -0.09021755 0.4097996
vn -0.4151648 0.3706874 0.8308003
vn -0.10727 -0.01503087 0.9941163
vn -0.8475859 0.05921871 0.5273438
vn -0.8857594 -0.03341021 0.4629407
vn -0.8297005 -0.1860256 0.5263001
vn -0.927952 -0.3365716 0.160077
vn -0.8729409 -0.4069472 0.2690133
vn -0.8789551 -0.3930619 -0.2700747
vn -0.8195885 -0.3012778 -0.4873463
vn -0.8692054 -0.1650678 -0.4660842
vn -0.8038516 0.001949915 -0.5948268
vn -0.7671182 0.08998023 -0.635164
vn -0.8283237 0.07341497 -0.555419
vn -0.8731014 -0.006073039 -0.487501
vn -0.7871277 -0.0878792 -0.6104977
vn -0.6293172 -0.11056 -0.7692441
vn -0.4547626 -0.06048886 -0.8885561
vn 0.1840933 -0.01152044 -0.9828413
vn -0.4025803 0.03581286 -0.9146839
vn 0.09220336 -0.009754743 -0.9956924
vn -0.1146343 -0.08240271 -0.9899843
vn 0.5588363 -0.1627084 -0.8131592
vn 0.3135399 -0.1677608 -0.9346384
vn -0.0627742 -0.06590126 -0.9958496
vn 0.9077451 -0.1386563 -0.395946
vn 0.9876136 -0.1126727 -0.1091992
vn 0.4809999 -0.05985112 -0.8746753
vn 0.88385 -0.1149424 -0.4534285
vn 0.9800494 -0.1273133 -0.1526254
vn 0.9140619 -0.1396258 -0.3807828
vn 0.9769503 -0.07253175 -0.2007666
vn 0.9021134 0.03438686 -0.4301268
vn 0.9239773 0.1755364 -0.339784
vn 0.9893843 0.08901773 -0.1148677
vn 0.9830012 -0.1249568 -0.1345156
vn 0.9841276 0.08435623 -0.1561309
vn 0.4810224 -0.7928549 0.374164
vn 0.5492705 -0.7843137 0.2883644
vn 0.4079263 -0.4316876 0.8045135
vn 0.2825371 -0.238295 0.9291869
vn 0.4280165 0.08186905 0.9000552
vn 0.6113927 0.1525574 0.7764826
vn 0.2415939 -0.0760415 0.9673935
vn 0.4850992 -0.3106918 0.8174041
vn -0.3971417 -0.309223 0.8640947
vn -0.04491651 -0.03863656 0.9982433
vn -0.4381358 -0.1426115 0.8875241
vn -0.5999882 -0.4701328 0.647294
vn -0.2500931 -0.2333899 0.9396716
vn -0.5283017 0.2759547 0.802961
vn -0.7291069 -0.03724116 0.6833858
vn -0.4035703 -0.3493539 0.8456258
vn -0.897456 -0.2002149 0.3930479
vn -0.9757815 -0.1406887 0.167503
vn -0.8801833 -0.3530699 0.3172052
vn -0.7824351 -0.6021317 -0.1588484
vn -0.7526755 -0.651779 -0.09308016
vn -0.8003646 -0.5828119 -0.1405236
vn -0.8329022 -0.2846573 -0.474599
vn -0.826816 0.01816461 -0.5621791
vn -0.7855816 0.1652406 -0.5962861
vn -0.7709049 0.147949 -0.6195295
vn -0.825287 -0.01680323 -0.5644634
vn -0.8403531 -0.2450457 -0.4834867
vn -0.6301336 -0.4249662 -0.6498734
vn -0.2642854 -0.2641222 -0.9275736
vn -0.42633 0.1542045 -0.891327
vn 0.1659499 0.153237 -0.9741556
vn -0.278328 -0.1340123 -0.9510911
vn 0.4510199 -0.3436184 -0.8237157
vn 0.1315047 -0.05642272 -0.9897085
vn 0.03630607 0.08007061 -0.9961278
vn 0.6867183 -0.4113749 -0.5993235
vn 0.5872985 -0.4097982 -0.6979584
vn 0.6664156 0.1207384 -0.7357394
vn 0.9749407 0.1220714 -0.1859822
vn 0.7833186 -0.297751 -0.5456704
vn 0.8827993 -0.2235484 -0.4131485
vn 0.9722138 0.09459385 -0.2141318
vn 0.8290552 0.2841806 -0.4815693
vn 0.923986 0.1755366 -0.3397602
vn 0.9697293 0.1843087 -0.1601732
vn 0.9643494 -0.1111251 -0.2401697
vn 0.9579813 -0.2426391 0.1529645
vn 0.4757849 -0.4362758 0.7637357
vn 0.3767079 -0.7370631 0.5610964
vn 0.7182952 -0.6519544 0.2429143
vn 0.1637788 -0.03899731 0.985726
vn 0.5982422 -0.23974 0.7646117
vn 0.4531346 -0.2034652 0.8679118
vn 0.3314873 -0.1014924 0.9379848
vn 0.421845 -0.2535552 0.8704922
vn -0.155068 -0.4401011 0.8844575
vn 0.4017763 -0.2770557 0.8728207
vn -0.4219192 -0.1189866 0.8987916
vn -0.5897556 -0.2403083 0.7709996
vn -0.2391352 -0.3350901 0.9113336
vn -0.5199196 -0.1737014 0.836368
vn -0.4148933 -0.02945013 0.9093933
vn -0.551892 -0.1046758 0.8273199
vn -0.8773967 -0.362538 0.3142313
vn -0.5736231 -0.3961583 0.7169485
vn -0.9171091 -0.2531638 0.3079268
vn -0.9103513 -0.359852 -0.2043696
vn -0.8849021 -0.4414528 -0.1485525
vn -0.8119884 -0.5779508 -0.08153492
vn -0.88328 -0.3960541 -0.2509138
vn -0.9413728 -0.3240154 -0.09397567
vn -0.9284664 -0.2650558 -0.2601839
vn -0.8304337 -0.1926734 -0.5227398
vn -0.6974009 -0.2057591 -0.6865094
vn -0.5866157 -0.3078417 -0.7490765
vn -0.5719449 -0.3573227 -0.7383763
vn -0.760299 -0.2213151 -0.6107087
vn -0.72187 -0.1983154 -0.6630043
vn -0.1699727 -0.1099826 -0.9792922
vn -0.1939703 -0.02867363 -0.9805883
vn 0.5206516 -0.2437773 -0.8182265
vn -0.2222807 -0.2558272 -0.9408208
vn 0.07724602 -0.024087 -0.9967211
vn 0.6784464 -0.1670426 -0.7154071
vn 0.2737776 -0.3384763 -0.9002665
vn 0.5532933 -0.3063313 -0.7746146
vn 0.8243443 -0.09795304 -0.5575497
vn 0.7688931 -0.002480112 -0.6393726
vn 0.9967327 -0.0004137809 -0.08077027
vn 0.8254753 -0.2175916 -0.5208113
vn 0.7914576 0.05805674 -0.6084607
vn 0.9132981 0.09125564 -0.3969369
vn 0.9697389 0.1843134 -0.1601097
vn 0.8078842 -0.4446655 -0.3867762
vn 0.9459296 -0.2994778 0.1246203
vn 0.9374399 -0.2572368 0.234597
vn 0.6675274 -0.2485911 0.7018616
vn 0.5744441 -0.004018439 0.818534
vn 0.9319395 -0.2613843 0.2513304
vn 0.02652385 -0.3323922 0.9427682
vn 0.5114558 -0.3809389 0.7702587
vn 0.6244559 -0.397834 0.672148
vn 0.2896331 -0.553823 0.7806362
vn 0.095342 -0.3360925 0.9369908
vn 0.3687348 -0.1543049 0.9166377
vn -0.07105789 -0.267083 0.9610502
vn -0.1051373 -0.4637351 0.8797135
vn -0.5050626 -0.2270578 0.8326804
vn -0.713505 -0.05980387 0.6980932
vn 0.06709348 -0.1708414 0.9830115
vn -0.4781761 -0.3707602 0.7961686
vn -0.8768697 -0.3307164 0.3488928
vn -0.5187664 -0.1764955 0.8364992
vn -0.889452 -0.3135754 0.332484
vn -0.7313868 -0.5759323 0.3652058
vn -0.9111353 -0.3903577 -0.1321119
vn -0.9467388 -0.3097815 -0.08787018
vn -0.9594253 0.02940918 -0.2804251
vn -0.9890033 -0.1050104 0.1041409
vn -0.9846436 -0.1472909 -0.09371494
vn -0.9245762 -0.06843718 -0.3748004
vn -0.8284467 -0.04353734 -0.5583732
vn -0.7401451 -0.03296267 -0.6716389
vn -0.7190347 -0.02234856 -0.6946148
vn -0.7041093 -0.1097731 -0.7015554
vn -0.5794473 -0.2578048 -0.7731608
vn -0.6432348 -0.2363649 -0.7282724
vn -0.4557385 -0.4476576 -0.7693537
vn 0.2648543 -0.415302 -0.8702738
vn 0.001030088 -0.1481811 -0.9889597
vn 0.2112337 -0.05437859 -0.9759218
vn 0.06180665 -0.3615019 -0.9303206
vn 0.1792019 -0.3362551 -0.9245644
vn 0.8708801 -0.1485796 -0.4684997
vn 0.3383766 -0.2012213 -0.9192449
vn 0.4055281 -0.3565718 -0.8416671
vn 0.9716106 -0.2108974 -0.1072156
vn 0.8304335 -0.08038101 -0.5512885
vn 0.9290883 0.1549996 -0.3358127
vn 0.7479755 -0.2347485 -0.6208267
vn 0.9220794 -0.2479802 -0.2971118
vn 0.807883 -0.4446648 -0.3867794
vn 0.8231625 -0.5677797 0.005458583
vn 0.7516843 -0.6537129 -0.08735131
vn 0.692257 -0.718312 -0.06934135
vn 0.7315474 -0.5929629 0.3365019
vn 0.7302256 -0.1523452 0.6660042
vn 0.8463396 -0.08178834 0.5263269
vn 0.3364492 -0.5570058 0.7593066
vn 0.2389568 -0.6547468 0.7170818
vn 0.3226699 -0.6421561 0.6953558
vn 0.6954427 -0.3192883 0.6437504
vn 0.3221596 -0.3493329 0.8798748
vn 0.1948493 -0.2102359 0.9580368
vn -0.1265769 -0.4523269 0.8828243
vn -0.1545314 -0.5497831 0.820889
vn -0.4723893 -0.3361612 0.8147663
vn -0.1052648 0.01694287 0.9942999
vn -0.7693518 -0.2196422 0.5998792
vn -0.3625934 -0.5703264 0.7370575
vn -0.3175645 -0.4113427 0.8543711
vn -0.9256152 -0.1879252 0.3285128
vn -0.7050246 -0.2830806 0.6502352
vn -0.9196413 -0.3761995 -0.1128446
vn -0.7637704 -0.548475 0.340338
vn -0.974907 -0.1595352 -0.1552574
vn -0.9663311 -0.1249546 0.2249237
vn -0.9946874 0.06987545 -0.07559314
vn -0.9405679 0.1650904 -0.2967781
vn -0.9190772 0.02427976 -0.393329
vn -0.8276836 -0.148079 -0.5413064
vn -0.720992 -0.1932995 -0.6654366
vn -0.6954039 -0.1115731 -0.7099048
vn -0.7308462 -0.03654856 -0.681563
vn -0.6653348 -0.2282796 -0.7107869
vn -0.2329038 -0.6174625 -0.7513294
vn -0.362861 -0.5575151 -0.7466652
vn -0.208629 -0.4173795 -0.8844593
vn 0.05554862 -0.1079511 -0.9926031
vn 0.2551041 -0.1646657 -0.9527892
vn 0.1111529 -0.43679 -0.8926699
vn 0.5671766 -0.5213537 -0.6375743
vn 0.08803077 -0.1723801 -0.9810891
vn 0.7687057 -0.1283319 -0.6265959
vn 0.7783495 -0.4776079 -0.407508
vn 0.4280151 -0.6239921 -0.6537865
vn 0.9582928 -0.1531306 -0.2413006
vn 0.7402039 -0.1180796 -0.6619331
vn 0.9965779 -0.05887406 -0.0580203
vn 0.6960391 -0.5462868 -0.4659403
vn 0.8231624 -0.5677796 0.005468879
vn 0.8499939 -0.5264499 0.01900203
vn 0.680998 -0.6971033 -0.2242517
vn 0.7767357 -0.6264468 0.06516225
vn 0.7759371 -0.5367314 0.3314227
vn 0.6069626 -0.6901959 0.3939874
vn 0.6076108 -0.4183814 0.6751046
vn 0.569555 -0.2518599 0.7824153
vn 0.5340516 -0.2062011 0.8199207
vn 0.4196154 -0.3823812 0.82323
vn 0.5007003 -0.4597337 0.7334468
vn 0.6360785 -0.3013466 0.7103482
vn -0.2144085 -0.6520087 0.7272646
vn 0.003572912 -0.5937698 0.804627
vn -0.3675781 -0.5225006 0.7693371
vn 0.250664 -0.3065327 0.9182621
vn -0.6472117 -0.3751615 0.6636046
vn -0.4966252 -0.3369618 0.7998876
vn -0.6601676 -0.5171427 0.5447405
vn -0.4241497 -0.4297913 0.7971051
vn -0.3101899 -0.4675807 0.8277382
vn -0.9518321 -0.3045839 0.03527467
vn -0.839597 -0.4019452 0.3653997
vn -0.983332 -0.1640345 -0.0784272
vn -0.8339881 -0.4137428 0.3650765
vn -0.9550678 -0.2507766 0.1579767
vn -0.9673383 -0.1680987 -0.1897353
vn -0.8742021 -0.4358259 -0.2140715
vn -0.7437752 -0.5793219 -0.3334434
vn -0.6407079 -0.5900211 -0.4912929
vn -0.5630961 -0.5896209 -0.5790251
vn -0.4868062 -0.6145922 -0.6207224
vn -0.444936 -0.5980279 -0.6666293
vn -0.5526027 -0.408508 -0.7264651
vn -0.5142235 -0.2877817 -0.8079332
vn -0.1728708 -0.4613363 -0.870221
vn -0.5372769 -0.207469 -0.8174902
vn 0.1633011 -0.3425415 -0.9252017
vn 0.186511 -0.3924075 -0.9006831
vn 0.6893846 -0.4038601 -0.60137
vn -0.1999312 -0.3561985 -0.9127706
vn 0.5238185 -0.4931742 -0.6945455
vn 0.5959511 -0.4203307 -0.6842255
vn 0.7889446 -0.5075219 -0.3463928
vn 0.8067107 -0.4513995 -0.3813874
vn 0.3307338 -0.6118461 -0.718512
vn 0.9141202 -0.3401444 -0.2206491
vn 0.7727997 -0.4946641 -0.3976029
vn 0.9592185 -0.2700072 0.08364224
vn 0.8499582 -0.526509 0.01895513
vn 0.7209856 -0.6622084 -0.2041076
vn 0.9254885 -0.3698111 0.0819199
vn 0.896293 -0.3564167 0.2638673
vn 0.8120924 -0.5094249 0.2845915
vn 0.7379236 -0.554144 0.3852184
vn 0.6716277 -0.4733192 0.569987
vn 0.6148099 -0.3042169 0.7276406
vn 0.6042669 -0.1150233 0.788436
vn 0.5416491 -0.1216584 0.8317544
vn 0.1885705 -0.6105667 0.7691876
vn 0.1563359 -0.8492995 0.5042316
vn 0.1878716 -0.613886 0.7667127
vn -0.2782185 -0.7135392 0.6430057
vn 0.2064525 -0.3751781 0.9036696
vn -0.2878131 -0.7172187 0.6346346
vn -0.06921248 -0.6362993 0.7683312
vn -0.6477427 -0.6897534 0.3235269
vn -0.5432253 -0.3182499 0.776932
vn -0.3587474 -0.6576081 0.662459
vn -0.5055168 -0.6144035 0.6057732
vn -0.3853942 -0.8386808 0.3848192
vn -0.8911834 -0.4050608 0.2042498
vn -0.859021 -0.4858471 0.1613553
vn -0.9256462 -0.2541673 0.2803176
vn -0.9671988 -0.2356715 -0.09479134
vn -0.7189677 -0.6887951 -0.09298871
vn -0.6499757 -0.7402872 -0.1717742
vn -0.6965235 -0.5947958 -0.401339
vn -0.698212 -0.4658732 -0.5435644
vn -0.6985317 -0.3872746 -0.601724
vn -0.666372 -0.3644971 -0.6504539
vn -0.551914 -0.4265729 -0.7165379
vn -0.4632458 -0.4480716 -0.7646144
vn -0.5691664 -0.174108 -0.8035771
vn -0.4050665 -0.1079978 -0.9078864
vn -0.02979906 -0.6283646 -0.777348
vn -0.1773971 -0.5111971 -0.8409565
vn 0.5687697 -0.5723625 -0.5906794
vn 0.1120453 -0.3207549 -0.9405117
vn 0.5167073 -0.5280677 -0.6739125
vn 0.1071053 -0.6236582 -0.7743248
vn 0.5595635 -0.7995648 -0.2181398
vn 0.7608166 -0.4028479 -0.5087942
vn 0.6777125 -0.5851697 -0.4452889
vn 0.733666 -0.3934774 -0.5539944
vn 0.4323067 -0.8333138 -0.3445275
vn 0.7226655 -0.6195629 -0.3064252
vn 0.7741073 -0.6271439 0.08630379
vn 0.7209746 -0.6621937 -0.2041937
vn 0.7080213 -0.6829829 -0.179556
vn 0.7466857 -0.6650717 -0.01183924
vn 0.5991179 -0.800607 -0.009281107
vn 0.5779441 -0.8147715 0.04613088
vn 0.6021547 -0.7730539 0.199493
vn 0.5379906 -0.7489311 0.38687
vn 0.3628917 -0.7655594 0.5312517
vn 0.2004339 -0.7662198 0.610519
vn 0.1971929 -0.6482701 0.7354324
vn 0.1773977 -0.5208789 0.8349943
vn 0.05950103 -0.7831074 0.6190335
vn 0.2371009 -0.7469764 0.6211356
vn 0.05857359 -0.3822074 0.9222184
vn -0.1433044 -0.8416302 0.5206944
vn -0.2350932 -0.6862706 0.6883051
vn -0.1652932 -0.9598452 0.2266612
vn -0.2177593 -0.6467936 0.7309166
vn -0.3308294 -0.815088 0.4755876
vn -0.6021139 -0.5077547 0.6161526
vn -0.272446 -0.9195446 -0.2832152
vn -0.02485866 -0.8773406 0.479224
vn -0.2810687 -0.9332476 0.2237172
vn -0.4867626 -0.7852436 0.3826941
vn -0.8779905 -0.4496933 0.1640384
vn -0.6956853 -0.7169327 -0.04505058
vn -0.7992247 -0.5846407 -0.13941
vn -0.9013032 -0.2915718 -0.3203723
vn -0.8598234 -0.2145152 -0.4633433
vn -0.8199093 -0.2094529 -0.5328022
vn -0.802957 -0.1688982 -0.5716061
vn -0.7717606 -0.1029449 -0.6275253
vn -0.6928906 -0.09243769 -0.715093
vn -0.5355522 -0.2777974 -0.7975039
vn -0.2994836 -0.6088264 -0.734602
vn -0.1946915 -0.5499067 -0.8122179
vn 0.08003021 -0.5809433 -0.8100001
vn 0.07661828 -0.8780543 -0.472388
vn 0.08698638 -0.4210691 -0.9028478
vn 0.3518129 -0.679492 -0.643831
vn 0.4677205 -0.4508971 -0.7602167
vn 0.4446405 -0.8710468 -0.2087398
vn 0.4126625 -0.7422867 -0.5279396
vn 0.3879183 -0.8657474 -0.3162291
vn 0.6844015 -0.3585165 -0.6348705
vn 0.723067 -0.647429 -0.2408521
vn 0.7202201 -0.6061794 -0.3373865
vn 0.6473935 -0.7566972 -0.09105571
vn 0.3345062 -0.9125168 -0.2354121
vn 0.7080733 -0.682923 -0.1795785
vn 0.6030133 -0.7633231 -0.2317604
vn 0.3325987 -0.9035195 -0.2702419
vn 0.3737419 -0.9148656 -0.1527676
vn 0.5223364 -0.8527227 -0.005357538
vn 0.5910992 -0.7915497 0.1550834
vn 0.5403981 -0.7747944 0.3281214
vn 0.379962 -0.7965588 0.4702371
vn 0.162239 -0.8394749 0.518614
vn 0.005793081 -0.8395274 0.5432864
vn -0.3352109 -0.7029484 0.6272936
vn 0.3954467 -0.8427101 0.365324
vn 0.7254543 -0.6604258 0.1937881
vn -0.208939 -0.7855167 0.5825016
vn -0.2403082 -0.7177073 0.6535659
vn -0.3620338 -0.9177929 0.1630576
vn -0.2256176 -0.7713045 0.5951354
vn 0.1598556 -0.8813041 0.4446901
vn -0.3016043 -0.7558015 0.5812048
vn -0.2261717 -0.9117328 0.3429137
vn -0.9759436 -0.1893959 -0.1079968
vn -0.3727782 -0.5576965 0.7416273
vn -0.2292743 -0.9597944 0.1619508
vn -0.3315982 -0.8508065 0.4076407
vn -0.1011337 -0.9593186 0.26359
vn -0.4143958 -0.9099011 0.01887278
vn -0.7792752 -0.6132628 -0.1289917
vn -0.7908523 -0.5726119 -0.2160282
vn -0.7167165 -0.6356329 -0.2868595
vn -0.676154 -0.6543708 -0.3385479
vn -0.6532185 -0.6489857 -0.3900298
vn -0.6098494 -0.6347649 -0.4745073
vn -0.5306435 -0.588085 -0.610388
vn -0.4105095 -0.5532697 -0.7248272
vn -0.1948968 -0.7220051 -0.6638704
vn 0.1470276 -0.8781741 -0.4551847
vn 0.1758312 -0.6985095 -0.6936627
vn -0.2053402 -0.5890382 -0.7815814
vn 0.1052197 -0.8224657 -0.5589984
vn 0.3424369 -0.5666936 -0.7493967
vn 0.5089528 -0.820294 -0.2609307
vn 0.7232772 -0.5875711 -0.362809
vn 0.206599 -0.910724 -0.3576292
vn 0.4371834 -0.7305863 -0.5245134
vn 0.2064508 -0.7797758 -0.5910397
vn 0.7259156 -0.6732455 -0.1406666
vn 0.7922338 -0.5727134 -0.2106299
vn 0.5770592 -0.816685 -0.005330233
vn 0.7748637 -0.6298092 0.05409935
vn 0.6030373 -0.7632961 -0.2317867
vn 0.5189058 -0.8008884 -0.2988558
vn 0.6925167 -0.7129547 -0.1100744
vn 0.8265497 -0.5572297 0.07944044
vn 0.8436162 -0.5157632 0.1493323
vn 0.8114153 -0.5383198 0.2276341
vn 0.7564167 -0.5421043 0.3660011
vn 0.6835923 -0.5020297 0.529781
vn 0.575711 -0.4803421 0.661686
vn 0.3539982 -0.590816 0.7249978
vn -0.295879 -0.3217018 0.8994241
vn 0.138057 -0.3990991 0.9064547
vn 0.3389523 -0.6273591 0.7010934
vn -0.230775 -0.8554198 0.463681
vn -0.5879468 -0.7888124 0.179147
vn -0.0564814 -0.7889977 0.6117945
vn -0.3874901 -0.840326 0.3790826
vn -0.006127481 -0.8663405 0.4994164
vn 0.1729942 -0.830484 0.5294992
vn -0.508696 -0.8609448 -0.001552438
vn -0.1385034 -0.92045 0.3654978
vn -0.6253365 -0.7739215 0.09999932
vn -0.5895545 -0.7913975 0.1616031
vn -0.06369815 -0.8926831 0.4461608
vn -0.3335887 -0.9112994 0.2413543
vn -0.4961541 -0.867965 0.0216323
vn -0.2829114 -0.9530941 0.1075773
vn -0.1708767 -0.9727801 0.1565251
vn -0.2121416 -0.972571 0.09540301
vn -0.2725011 -0.9621547 0.001237162
vn -0.2697163 -0.9603922 -0.07000019
vn -0.1872807 -0.9747586 -0.1215386
vn -0.07462911 -0.9774186 -0.1976954
vn -0.06574176 -0.92682 -0.3697064
vn -0.2575707 -0.7377417 -0.6240149
vn -0.2447812 -0.6447957 -0.7241
vn 0.2058483 -0.7859119 -0.5830686
vn 0.06650303 -0.774782 -0.6287211
vn -0.1688977 -0.7106913 -0.6829286
vn 0.5881647 -0.7760603 -0.2275801
vn 0.4917641 -0.789932 -0.3662999
vn 0.5673227 -0.717876 -0.4034838
vn 0.6909851 -0.6723872 -0.265396
vn -0.009743613 -0.7203101 -0.6935837
vn 0.5106522 -0.8204073 -0.257228
vn 0.2994007 -0.8751874 -0.3800083
vn 0.3936481 -0.8556612 -0.3359838
vn 0.7947989 -0.5551538 0.2451508
vn 0.7140196 -0.6998993 -0.01780822
vn 0.5189278 -0.8008644 -0.2988816
vn 0.6795612 -0.7170238 -0.1551563
vn 0.7799189 -0.6198354 -0.08677892
vn 0.7550818 -0.6538741 -0.04795971
vn 0.6859595 -0.7276385 -0.001332871
vn 0.6036178 -0.7928138 0.08421259
vn 0.5062516 -0.8372504 0.2066915
vn 0.3982337 -0.8494582 0.3461658
vn 0.2954611 -0.823199 0.4848157
vn 0.1825071 -0.7844661 0.5927092
vn 0.01763903 -0.8080941 0.5887893
vn -0.1658048 -0.9093981 0.3814498
vn -0.2285541 -0.9538774 0.1946302
vn -0.2466073 -0.8849134 0.3951117
vn -0.3653322 -0.7489599 0.5528033
vn -0.3485229 -0.8715655 0.3448267
vn -0.2036775 -0.8595348 0.4687382
vn -0.287248 -0.7789475 0.5574312
vn -0.08170471 -0.9782608 0.1906049
vn -0.05923639 -0.9721042 0.2269462
vn -0.3733863 -0.8724812 0.3152131
vn -0.265461 -0.9521929 0.1511922
vn -0.3217128 -0.904933 0.2785628
vn -0.6127008 -0.695501 0.3753349
vn -0.5874691 -0.768742 0.2528156
vn -0.3564934 -0.9200308 0.1626525
vn -0.29973 -0.9435592 0.1409184
vn -0.3887071 -0.9182 0.07626039
vn -0.4689564 -0.8827942 -0.02746669
vn -0.4979846 -0.8582437 -0.1242136
vn -0.4873984 -0.8488036 -0.204879
vn -0.4394045 -0.8550615 -0.2753062
vn -0.3446819 -0.8803959 -0.325726
vn -0.222193 -0.9107707 -0.3480333
vn -0.1449313 -0.9031587 -0.4041032
vn -0.1188835 -0.8052924 -0.5808364
vn 0.008281209 -0.7173641 -0.6966493
vn 0.207419 -0.8559715 -0.4735929
vn 0.2468543 -0.9447545 -0.2156433
vn 0.3721002 -0.8272132 -0.4210223
vn 0.5387888 -0.7451936 -0.392929
vn 0.4775799 -0.8336722 -0.2773233
vn 0.5463026 -0.6314056 -0.5503458
vn 0.565432 -0.68907 -0.453287
vn 0.2713503 -0.914003 -0.3016083
vn 0.3934912 -0.8395069 -0.3746903
vn 0.4906795 -0.8422304 -0.223342
vn 0.3039344 -0.9400095 -0.1549389
vn 0.4043134 -0.8927693 -0.1987302
vn 0.6795458 -0.7170376 -0.1551602
vn 0.3895905 -0.8930254 -0.2252219
vn 0.1321926 -0.9261042 -0.3533498
vn 0.04364817 -0.9437527 -0.3277586
vn 0.03488346 -0.9701179 -0.2401132
vn 0.01333155 -0.9906105 -0.1360627
vn -0.06268132 -0.9968211 -0.04918177
vn -0.1749812 -0.9845718 0.0001516815
vn -0.2748831 -0.9611943 0.0233438
vn -0.3090478 -0.9484614 0.0700755
vn -0.2100525 -0.9533224 0.2169203
vn 0.04576495 -0.8913055 0.4510877
vn 0.1210752 -0.8352346 0.5363991
vn -0.2454838 -0.8944495 0.3737617
vn -0.5216445 -0.8225526 0.2264826
vn -0.2487954 -0.8281359 0.5022866
vn -0.01263696 -0.7965473 0.6044442
vn -0.5171007 -0.8353438 0.1865682
vn -0.571034 -0.8194847 0.04863318
vn 0.02468603 -0.9249469 0.3792938
vn 0.03260408 -0.9371961 0.3472756
vn -0.4239675 -0.8972456 0.1232956
vn -0.3760432 -0.8963721 0.2347522
vn -0.05270801 -0.8921842 0.4485859
vn -0.1094791 -0.8951242 0.4321655
vn -0.4432961 -0.8751525 0.1938986
vn -0.6533216 -0.753499 -0.07355453
vn -0.6820183 -0.7073146 -0.1858958
vn -0.6479293 -0.7333195 -0.2059859
vn -0.6066097 -0.7662216 -0.2119649
vn -0.5831824 -0.7747645 -0.2442096
vn -0.5774795 -0.7561009 -0.307943
vn -0.5638961 -0.7325591 -0.3812851
vn -0.4797589 -0.7647545 -0.4300955
vn -0.2008448 -0.8981007 -0.3912502
vn 0.2483105 -0.9465017 -0.206098
vn 0.4423891 -0.8904193 -0.1069834
vn 0.2525247 -0.9234979 -0.2887609
vn -0.02860486 -0.8698298 -0.492522
vn 0.2922702 -0.8932706 -0.3415344
vn 0.5801802 -0.7917856 -0.1909619
vn 0.3262632 -0.7851907 -0.5263344
vn 0.2174671 -0.7440349 -0.6317596
vn 0.7006062 -0.6908916 -0.1783812
vn 0.7432545 -0.6677661 -0.04075965
vn 0.3293198 -0.8464315 -0.4184523
vn 0.2693532 -0.8862455 -0.3768525
vn 0.5837682 -0.811759 -0.01618904
vn 0.6301584 -0.7762033 0.02022162
vn 0.3895904 -0.893025 -0.225224
vn 0.4078447 -0.9082978 -0.09304713
vn 0.4440997 -0.8931297 -0.07137863
vn 0.4443152 -0.8948618 -0.04250324
vn 0.399265 -0.9167705 0.01092594
vn 0.3255796 -0.9416724 0.08515397
vn 0.2482822 -0.9543117 0.1662685
vn 0.1844091 -0.9527609 0.2413298
vn 0.1365268 -0.9451919 0.2966022
vn 0.09277191 -0.9436594 0.3176481
vn 0.03470536 -0.9533569 0.2998436
vn -0.05005195 -0.96073 0.2729337
vn -0.1478548 -0.9421544 0.3008058
vn -0.2154083 -0.8862658 0.4100394
vn -0.2197079 -0.832997 0.5077839
vn -0.2264164 -0.8583137 0.4604708
vn -0.3389707 -0.9067646 0.2507524
vn -0.5057536 -0.8564774 0.1032462
vn -0.5684646 -0.8037255 0.1757081
vn -0.424985 -0.8452317 0.3239925
vn -0.1705864 -0.927581 0.332406
vn -0.06917705 -0.9646776 0.2541882
vn -0.1505383 -0.9575475 0.2458474
vn -0.2435682 -0.9228091 0.2984929
vn -0.2331078 -0.909503 0.3441873
vn -0.1579768 -0.9204244 0.3575783
vn -0.09488083 -0.9349546 0.3418443
vn -0.06966288 -0.9488165 0.3080492
vn -0.06689903 -0.9613234 0.2671738
vn -0.06335256 -0.9716166 0.2279204
vn -0.04205334 -0.9802778 0.1930984
vn 0.003843652 -0.987343 0.1585533
vn 0.06974705 -0.9909644 0.1145647
vn 0.134444 -0.9897261 0.04865251
vn 0.1667154 -0.9846483 -0.05170873
vn 0.1429367 -0.9740945 -0.1752404
vn 0.08223323 -0.9627313 -0.257655
vn 0.0535421 -0.9693821 -0.239649
vn 0.1095902 -0.9767736 -0.1841288
vn 0.2125592 -0.9471923 -0.2400945
vn 0.2570457 -0.871197 -0.4182624
vn 0.2140168 -0.8260456 -0.5213879
vn 0.2309106 -0.8723412 -0.4309306
vn 0.4264176 -0.8798075 -0.210016
vn 0.6385772 -0.7670867 -0.06162163
vn 0.7020926 -0.7090667 -0.06550117
vn 0.6189572 -0.7740106 -0.1334157
vn 0.468263 -0.869044 -0.1596631
vn 0.3911048 -0.9113635 -0.1282716
vn 0.4078447 -0.9082977 -0.09304803
vn 0.6031364 -0.7952631 0.06150764
vn 0.5925679 -0.7994692 0.09855177
vn 0.5490788 -0.8241834 0.1386881
vn 0.4854281 -0.8544354 0.1852021
vn 0.4169057 -0.8776505 0.2364727
vn 0.3564586 -0.8886184 0.2886081
vn 0.3110402 -0.8877255 0.3394075
vn 0.2770695 -0.8792837 0.3874181
vn 0.2422559 -0.87075 0.4279097
vn 0.1852798 -0.8718909 0.4532965
vn 0.08016401 -0.8901657 0.4485295
vn -0.09042067 -0.9147188 0.3938447
vn -0.2889034 -0.9142582 0.284019
vn -0.4249891 -0.8892966 0.1689256
vn -0.4546165 -0.8829284 0.1173086
vn -0.403839 -0.9013829 0.1562787
vn -0.3487766 -0.9049321 0.2438294
vn -0.3710329 -0.8805314 0.294956
vn -0.4554752 -0.8481969 0.2703781
vn -0.5198218 -0.830828 0.1987717
vn -0.5022293 -0.8530476 0.1416886
vn -0.3876406 -0.9100227 0.1469472
vn -0.2137621 -0.951547 0.2210522
vn -0.06705915 -0.9477901 0.3117642
vn 0.006278774 -0.9297394 0.3681647
vn 0.02523341 -0.9242963 0.380841
vn 0.01977569 -0.9316597 0.3627937
vn 0.01198473 -0.944481 0.3283475
vn 0.01328295 -0.9568381 0.290318
vn 0.02855988 -0.9667262 0.2542142
vn 0.05977406 -0.9733879 0.2212307
vn 0.09957839 -0.9763424 0.1919364
vn 0.1304667 -0.9776385 0.1649286
vn 0.1272862 -0.9830005 0.1323189
vn 0.06875998 -0.9949523 0.07308866
vn -0.04296752 -0.9985004 -0.03392357
vn -0.1608821 -0.9704857 -0.1796509
vn -0.211508 -0.9263181 -0.3117678
vn -0.156809 -0.911524 -0.3801776
vn -0.005190348 -0.9342363 -0.3566169
vn 0.1725946 -0.9532384 -0.2480881
vn 0.2689856 -0.9530905 -0.1387997
vn 0.2604351 -0.9590045 -0.1117323
vn 0.2214145 -0.962984 -0.1537451
vn 0.2473997 -0.9519148 -0.1806976
vn 0.3560097 -0.9235294 -0.1426551
vn 0.4837304 -0.8730335 -0.06178559
vn 0.5703757 -0.8212957 0.01204593
vn 0.6031437 -0.7952576 0.06150678
vn -0.16757 -0.9827323 -0.07847068
vn -0.1757035 -0.9825323 -0.06130755
vn -0.1782897 -0.9830602 -0.0424907
vn -0.181812 -0.9830211 -0.02477644
vn -0.1889392 -0.9818863 -0.01419006
vn -0.2056057 -0.9786149 -0.006257805
vn -0.2306929 -0.9730197 -0.003672201
vn -0.2635767 -0.9646313 -0.003718695
vn -0.3028869 -0.9530235 -0.002386444
vn -0.3429787 -0.9393401 0.002424881
vn -0.3754483 -0.926719 0.01518127
vn -0.3923773 -0.918937 0.03993748
vn -0.3799885 -0.921603 0.07909967
vn -0.3343996 -0.9325979 0.1357871
vn -0.266268 -0.9421157 0.203763
vn -0.2056597 -0.9422819 0.2642139
vn -0.1781233 -0.9369378 0.3006987
vn -0.1960132 -0.9320163 0.3048352
vn -0.255144 -0.9267011 0.2759106
vn -0.3419256 -0.9145039 0.2162628
vn -0.4345451 -0.8910642 0.131054
vn -0.5103131 -0.8593736 0.03252137
vn -0.5558333 -0.8291185 -0.06009901
vn -0.5724779 -0.8091167 -0.1326625
vn -0.5688698 -0.8040324 -0.1729711
vn -0.5559848 -0.8113777 -0.1804084
vn -0.5422801 -0.823781 -0.1652788
vn -0.5342502 -0.834031 -0.1377283
vn -0.5337622 -0.8379523 -0.1137278
vn -0.5414228 -0.8347601 -0.1001847
vn -0.5533975 -0.8266406 -0.1020622
vn -0.5617101 -0.8186468 -0.119579
vn -0.5559924 -0.8172005 -0.1518418
vn -0.5345815 -0.8244412 -0.1857943
vn -0.4932279 -0.8436233 -0.2121934
vn -0.4365153 -0.8727406 -0.2185826
vn -0.3609027 -0.9104652 -0.2019958
vn -0.2621773 -0.9516134 -0.1602967
vn -0.1438358 -0.9848201 -0.09716337
vn -0.0212439 -0.9994599 -0.02507442
vn 0.08352612 -0.9956933 0.0402287
vn 0.1444089 -0.9861918 0.08106664
vn 0.151292 -0.9846674 0.08683888
vn 0.1049393 -0.9930102 0.05402239
vn 0.02926186 -0.9995715 -0.0007498057
vn -0.04790298 -0.9975199 -0.05156892
vn -0.1078782 -0.9908616 -0.08096692
vn -0.147173 -0.9851684 -0.08822382
vn -0.1675672 -0.9827316 -0.07848429
vn 0 1 0
vn 0 1 0
vn 0 1 0
vn 0 1 0
vn 0 1 0
vn 0 1 0
vn 0 1 0
vn 0 1 0
vn 0 1 0
vn 0 1 0
vn 0 1 0
vn 0 1 0
vn 0 1 0
vn 0 1 0
vn 0 1 0
vn 0 1 0
vn 0 1 0
vn 0 1 0
vn 0 1 0
vn 0 1 0
vn 0 1 0
vn 0 1 0
vn 0 1 0
vn 0 1 0
vn 0 1 0
vn 0 1 0
vn 0 1 0
vn 0 1 0
vn 0 1 0
vn 0 1 0
vn 0 1 0
vn 0 1 0
vn 0 1 0
vn 0 1 0
vn 0 1 0
vn 0 1 0
vn 0 1 0
vn 0 1 0
vn 0 1 0
vn 0 1 0
vn 0 1 0
vn 0 1 0
vn 0 1 0
vn 0 1 0
vn 0 1 0
vn 0 1 0
vn 0 1 0
vn 0 1 0
vn 0 1 0
f 1/1/1 2/2/2 50/50/50
f 2/2/2 51/51/51 50/50/50
f 2/2/2 3/3/3 51/51/51
f 3/3/3 52/52/52 51/51/51
f 3/3/3 4/4/4 52/52/52
f 4/4/4 53/53/53 52/52/52
f 4/4/4 5/5/5 53/53/53
f 5/5/5 54/54/54 53/53/53
f 5/5/5 6/6/6 54/54/54
f 6/6/6 55/55/55 54/54/54
f 6/6/6 7/7/7 55/55/55
f 7/7/7 56/56/56 55/55/55
f 7/7/7 8/8/8 56/56/56
f 8/8/8 57/57/57 56/56/56
f 8/8/8 9/9/9 57/57/57
f 9/9/9 58/58/58 57/57/57
f 9/9/9 10/10/10 58/58/58
f 10/10/10 59/59/59 58/58/58
f 10/10/10 11/11/11 59/59/59
f 11/11/11 60/60/60 59/59/59
f 11/11/11 12/12/12 60/60/60
f 12/12/12 61/61/61 60/60/60
f 12/12/12 13/13/13 61/61/61
f 13/13/13 62/62/62 61/61/61
f 13/13/13 14/14/14 62/62/62
f 14/14/14 63/63/63 62/62/62
f 14/14/14 15/15/15 63/63/63
f 15/15/15 64/64/64 63/63/63
f 15/15/15 16/16/16 64/64/64
f 16/16/16 65/65/65 64/64/64
f 16/16/16 17/17/17 65/65/65
f 17/17/17 66/66/66 65/65/65
f 17/17/17 18/18/18 66/66/66
f 18/18/18 67/67/67 66/66/66
f 18/18/18 19/19/19 67/67/67
f 19/19/19 68/68/68 67/67/67
f 19/19/19 20/20/20 68/68/68
f 20/20/20 69/69/69 68/68/68
f 20/20/20 21/21/21 69/69/69
f 21/21/21 70/70/70 69/69/69
f 21/21/21 22/22/22 70/70/70
f 22/22/22 71/71/71 70/70/70
f 22/22/22 23/23/23 71/71/71
f 23/23/23 72/72/72 71/71/71
f 23/23/23 24/24/24 72/72/72
f 24/24/24 73/73/73 72/72/72
f 24/24/24 25/25/25 73/73/73
f 25/25/25 74/74/74 73/73/73
f 25/25/25 26/26/26 74/74/74
f 26/26/26 75/75/75 74/74/74
f 26/26/26 27/27/27 75/75/75
f 27/27/27 76/76/76 75/75/75
f 27/27/27 28/28/28 76/76/76
f 28/28/28 77/77/77 76/76/76
f 28/28/28 29/29/29 77/77/77
f 29/29/29 78/78/78 77/77/77
f 29/29/29 30/30/30 78/78/78
f 30/30/30 79/79/79 78/78/78
f 30/30/30 31/31/31 79/79/79
f 31/31/31 80/80/80 79/79/79
f 31/31/31 32/32/32 80/80/80
f 32/32/32 81/81/81 80/80/80
f 32/32/32 33/33/33 81/81/81
f 33/33/33 82/82/82 81/81/81
f 33/33/33 34/34/34 82/82/82
f 34/34/34 83/83/83 82/82/82
f 34/34/34 35/35/35 83/83/83
f 35/35/35 84/84/84 83/83/83
f 35/35/35 36/36/36 84/84/84
f 36/36/36 85/85/85 84/84/84
f 36/36/36 37/37/37 85/85/85
f 37/37/37 86/86/86 85/85/85
f 37/37/37 38/38/38 86/86/86
f 38/38/38 87/87/87 86/86/86
f 38/38/38 39/39/39 87/87/87
f 39/39/39 88/88/88 87/87/87
f 39/39/39 40/40/40 88/88/88
f 40/40/40 89/89/89 88/88/88
f 40/40/40 41/41/41 89/89/89
f 41/41/41 90/90/90 89/89/89
f 41/41/41 42/42/42 90/90/90
f 42/42/42 91/91/91 90/90/90
f 42/42/42 43/43/43 91/91/91
f 43/43/43 92/92/92 91/91/91
f 43/43/43 44/44/44 92/92/92
f 44/44/44 93/93/93 92/92/92
f 44/44/44 45/45/45 93/93/93
f 45/45/45 94/94/94 93/93/93
f 45/45/45 46/46/46 94/94/94
f 46/46/46 95/95/95 94/94/94
f 46/46/46 47/47/47 95/95/95
f 47/47/47 96/96/96 95/95/95
f 47/47/47 48/48/48 96/96/96
f 48/48/48 97/97/97 96/96/96
f 48/48/48 49/49/49 97/97/97
f 49/49/49 98/98/98 97/97/97
f 50/50/50 51/51/51 99/99/99
f 51/51/51 100/100/100 99/99/99
f 51/51/51 52/52/52 100/100/100
f 52/52/52 101/101/101 100/100/100
f 52/52/52 53/53/53 101/101/101
f 53/53/53 102/102/102 101/101/101
f 53/53/53 54/54/54 102/102/102
f 54/54/54 103/103/103 102/102/102
f 54/54/54 55/55/55 103/103/103
f 55/55/55 104/104/104 103/103/103
f 55/55/55 56/56/56 104/104/104
f 56/56/56 105/105/105 104/104/104
f 56/56/56 57/57/57 105/105/105
f 57/57/57 106/106/106 105/105/105
f 57/57/57 58/58/58 106/106/106
f 58/58/58 107/107/107 106/106/106
f 58/58/58 59/59/59 107/107/107
f 59/59/59 108/108/108 107/107/107
f 59/59/59 60/60/60 108/108/108
f 60/60/60 109/109/109 108/108/108
f 60/60/60 61/61/61 109/109/109
f 61/61/61 110/110/110 109/109/109
f 61/61/61 62/62/62 110/110/110
f 62/62/62 111/111/111 110/110/110
f 62/62/62 63/63/63 111/111/111
f 63/63/63 112/112/112 111/111/111
f 63/63/63 64/64/64 112/112/112
f 64/64/64 113/113/113 112/112/112
f 64/64/64 65/65/65 113/113/113
f 65/65/65 114/114/114 113/113/113
f 65/65/65 66/66/66 114/114/114
f 66/66/66 115/115/115 114/114/114
f 66/66/66 67/67/67 115/115/115
f 67/67/67 116/116/116 115/115/115
f 67/67/67 68/68/68 116/116/116
f 68/68/68 117/117/117 116/116/116
f 68/68/68 69/69/69 117/117/117
f 69/69/69 118/118/118 117/117/117
f 69/69/69 70/70/70 118/118/118
f 70/70/70 119/119/119 118/118/118
f 70/70/70 71/71/71 119/119/119
f 71/71/71 120/120/120 119/119/119
f 71/71/71 72/72/72 120/120/120
f 72/72/72 121/121/121 120/120/120
f 72/72/72 73/73/73 121/121/121
f 73/73/73 122/122/122 121/121/121
f 73/73/73 74/74/74 122/122/122
f 74/74/74 123/123/123 122/122/122
f 74/74/74 75/75/75 123/123/123
f 75/75/75 124/124/124 123/123/123
f 75/75/75 76/76/76 124/124/124
f 76/76/76 125/125/125 124/124/124
f 76/76/76 77/77/77 125/125/125
f 77/77/77 126/126/126 125/125/125
f 77/77/77 78/78/78 126/126/126
f 78/78/78 127/127/127 126/126/126
f 78/78/78 79/79/79 127/127/127
f 79/79/79 128/128/128 127/127/127
f 79/79/79 80/80/80 128/128/128
f 80/80/80 129/129/129 128/128/128
f 80/80/80 81/81/81 129/129/129
f 81/81/81 130/130/130 129/129/129
f 81/81/81 82/82/82 130/130/130
f 82/82/82 131/131/131 130/130/130
f 82/82/82 83/83/83 131/131/131
f 83/83/83 132/132/132 131/131/131
f 83/83/83 84/84/84 132/132/132
f 84/84/84 133/133/133 132/132/132
f 84/84/84 85/85/85 133/133/133
f 85/85/85 134/134/134 133/133/133
f 85/85/85 86/86/86 134/134/134
f 86/86/86 135/135/135 134/134/134
f 86/86/86 87/87/87 135/135/135
f 87/87/87 136/136/136 135/135/135
f 87/87/87 88/88/88 136/136/136
f 88/88/88 137/137/137 136/136/136
f 88/88/88 89/89/89 137/137/137
f 89/89/89 138/138/138 137/137/137
f 89/89/89 90/90/90 138/138/138
f 90/90/90 139/139/139 138/138/138
f 90/90/90 91/91/91 139/139/139
f 91/91/91 140/140/140 139/139/139
f 91/91/91 92/92/92 140/140/140
f 92/92/92 141/141/141 140/140/140
f 92/92/92 93/93/93 141/141/141
f 93/93/93 142/142/142 141/141/141
f 93/93/93 94/94/94 142/142/142
f 94/94/94 143/143/143 142/142/142
f 94/94/94 95/95/95 143/143/143
f 95/95/95 144/144/144 143/143/143
f 95/95/95 96/96/96 144/144/144
f 96/96/96 145/145/145 144/144/144
f 96/96/96 97/97/97 145/145/145
f 97/97/97 146/146/146 145/145/145
f 97/97/97 98/98/98 146/146/146
f 98/98/98 147/147/147 146/146/146
f 99/99/99 100/100/100 148/148/148
f 100/100/100 149/149/149 148/148/148
f 100/100/100 101/101/101 149/149/149
f 101/101/101 150/150/150 149/149/149
f 101/101/101 102/102/102 150/150/150
f 102/102/102 151/151/151 150/150/150
f 102/102/102 103/103/103 151/151/151
f 103/103/103 152/152/152 151/151/151
f 103/103/103 104/104/104 152/152/152
f 104/104/104 153/153/153 152/152/152
f 104/104/104 105/105/105 153/153/153
f 105/105/105 154/154/154 153/153/153
f 105/105/105 106/106/106 154/154/154
f 106/106/106 155/155/155 154/154/154
f 106/106/106 107/107/107 155/155/155
f 107/107/107 156/156/156 155/155/155
f 107/107/107 108/108/108 156/156/156
f 108/108/108 157/157/157 156/156/156
f 108/108/108 109/109/109 157/157/157
f 109/109/109 158/158/158 157/157/157
f 109/109/109 110/110/110 158/158/158
f 110/110/110 159/159/159 158/158/158
f 110/110/110 111/111/111 159/159/159
f 111/111/111 160/160/160 159/159/159
f 111/111/111 112/112/112 160/160/160
f 112/112/112 161/161/161 160/160/160
f 112/112/112 113/113/113 161/161/161
f 113/113/113 162/162/162 161/161/161
f 113/113/113 114/114/114 162/162/162
f 114/114/114 163/163/163 162/162/162
f 114/114/114 115/115/115 163/163/163
f 115/115/115 164/164/164 163/163/163
f 115/115/115 116/116/116 164/164/164
f 116/116/116 165/165/165 164/164/164
f 116/116/116 117/117/117 165/165/165
f 117/117/117 166/166/166 165/165/165
f 117/117/117 118/118/118 166/166/166
f 118/118/118 167/167/167 166/166/166
f 118/118/118 119/119/119 167/167/167
f 119/119/119 168/168/168 167/167/167
f 119/119/119 120/120/120 168/168/168
f 120/120/120 169/169/169 168/168/168
f 120/120/120 121/121/121 169/169/169
f 121/121/121 170/170/170 169/169/169
f 121/121/121 122/122/122 170/170/170
f 122/122/122 171/171/171 170/170/170
f 122/122/122 123/123/123 171/171/171
f 123/123/123 172/172/172 171/171/171
f 123/123/123 124/124/124 172/172/172
f 124/124/124 173/173/173 172/172/172
f 124/124/124 125/125/125 173/173/173
f 125/125/125 174/174/174 173/173/173
f 125/125/125 126/126/126 174/174/174
f 126/126/126 175/175/175 174/174/174
f 126/126/126 127/127/127 175/175/175
f 127/127/127 176/176/176 175/175/175
f 127/127/127 128/128/128 176/176/176
f 128/128/128 177/177/177 176/176/176
f 128/128/128 129/129/129 177/177/177
f 129/129/129 178/178/178 177/177/177
f 129/129/129 130/130/130 178/178/178
f 130/130/130 179/179/179 178/178/178
f 130/130/130 131/131/131 179/179/179
f 131/131/131 180/180/180 179/179/179
f 131/131/131 132/132/132 180/180/180
f 132/132/132 181/181/181 180/180/180
f 132/132/132 133/133/133 181/181/181
f 133/133/133 182/182/182 181/181/181
f 133/133/133 134/134/134 182/182/182
f 134/134/134 183/183/183 182/182/182
f 134/134/134 135/135/135 183/183/183
f 135/135/135 184/184/184 183/183/183
f 135/135/135 136/136/136 184/184/184
f 136/136/136 185/185/185 184/184/184
f 136/136/136 137/137/137 185/185/185
f 137/137/137 186/186/186 185/185/185
f 137/137/137 138/138/138 186/186/186
f 138/138/138 187/187/187 186/186/186
f 138/138/138 139/139/139 187/187/187
f 139/139/139 188/188/188 187/187/187
f 139/139/139 140/140/140 188/188/188
f 140/140/140 189/189/189 188/188/188
f 140/140/140 141/141/141 189/189/189
f 141/141/141 190/190/190 189/189/189
f 141/141/141 142/142/142 190/190/190
f 142/142/142 191/191/191 190/190/190
f 142/142/142 143/143/143 191/191/191
f 143/143/143 192/192/192 191/191/191
f 143/143/143 144/144/144 192/192/192
f 144/144/144 193/193/193 192/192/192
f 144/144/144 145/145/145 193/193/193
f 145/145/145 194/194/194 193/193/193
f 145/145/145 146/146/146 194/194/194
f 146/146/146 195/195/195 194/194/194
f 146/146/146 147/147/147 195/195/195
f 147/147/147 196/196/196 195/195/195
f 148/148/148 149/149/149 197/197/197
f 149/149/149 198/198/198 197/197/197
f 149/149/149 150/150/150 198/198/198
f 150/150/150 199/199/199 198/198/198
f 150/150/150 151/151/151 199/199/199
f 151/151/151 200/200/200 199/199/199
f 151/151/151 152/152/152 200/200/200
f 152/152/152 201/201/201 200/200/200
f 152/152/152 153/153/153 201/201/201
f 153/153/153 202/202/202 201/201/201
f 153/153/153 154/154/154 202/202/202
f 154/154/154 203/203/203 202/202/202
f 154/154/154 155/155/155 203/203/203
f 155/155/155 204/204/204 203/203/203
f 155/155/155 156/156/156 204/204/204
f 156/156/156 205/205/205 204/204/204
f 156/156/156 157/157/157 205/205/205
f 157/157/157 206/206/206 205/205/205
f 157/157/157 158/158/158 206/206/206
f 158/158/158 207/207/207 206/206/206
f 158/158/158 159/159/159 207/207/207
f 159/159/159 208/208/208 207/207/207
f 159/159/159 160/160/160 208/208/208
f 160/160/160 209/209/209 208/208/208
f 160/160/160 161/161/161 209/209/209
f 161/161/161 210/210/210 209/209/209
f 161/161/161 162/162/162 210/210/210
f 162/162/162 211/211/211 210/210/210
f 162/162/162 163/163/163 211/211/211
f 163/163/163 212/212/212 211/211/211
f 163/163/163 164/164/164 212/212/212
f 164/164/164 213/213/213 212/212/212
f 164/164/164 165/165/165 213/213/213
f 165/165/165 214/214/214 213/213/213
f 165/165/165 166/166/166 214/214/214
f 166/166/166 215/215/215 214/214/214
f 166/166/166 167/167/167 215/215/215
f 167/167/167 216/216/216 215/215/215
f 167/167/167 168/168/168 216/216/216
f 168/168/168 217/217/217 216/216/216
f 168/168/168 169/169/169 217/217/217
f 169/169/169 218/218/218 217/217/217
f 169/169/169 170/170/170 218/218/218
f 170/170/170 219/219/219 218/218/218
f 170/170/170 171/171/171 219/219/219
f 171/171/171 220/220/220 219/219/219
f 171/171/171 172/172/172 220/220/220
f 172/172/172 221/221/221 220/220/220
f 172/172/172 173/173/173 221/221/221
f 173/173/173 222/222/222 221/221/221
f 173/173/173 174/174/174 222/222/222
f 174/174/174 223/223/223 222/222/222
f 174/174/174 175/175/175 223/223/223
f 175/175/175 224/224/224 223/223/223
f 175/175/175 176/176/176 224/224/224
f 176/176/176 225/225/225 224/224/224
f 176/176/176 177/177/177 225/225/225
f 177/177/177 226/226/226 225/225/225
f 177/177/177 178/178/178 226/226/226
f 178/178/178 227/227/227 226/226/226
f 178/178/178 179/179/179 227/227/227
f 179/179/179 228/228/228 227/227/227
f 179/179/179 180/180/180 228/228/228
f 180/180/180 229/229/229 228/228/228
f 180/180/180 181/181/181 229/229/229
f 181/181/181 230/230/230 229/229/229
f 181/181/181 182/182/182 230/230/230
f 182/182/182 231/231/231 230/230/230
f 182/182/182 183/183/183 231/231/231
f 183/183/183 232/232/232 231/231/231
f 183/183/183 184/184/184 232/232/232
f 184/184/184 233/233/233 232/232/232
f 184/184/184 185/185/185 233/233/233
f 185/185/185 234/234/234 233/233/233
f 185/185/185 186/186/186 234/234/234
f 186/186/186 235/235/235 234/234/234
f 186/186/186 187/187/187 235/235/235
f 187/187/187 236/236/236 235/235/235
f 187/187/187 188/188/188 236/236/236
f 188/188/188 237/237/237 236/236/236
f 188/188/188 189/189/189 237/237/237
f 189/189/189 238/238/238 237/237/237
f 189/189/189 190/190/190 238/238/238
f 190/190/190 239/239/239 238/238/238
f 190/190/190 191/191/191 239/239/239
f 191/191/191 240/240/240 239/239/239
f 191/191/191 192/192/192 240/240/240
f 192/192/192 241/241/241 240/240/240
f 192/192/192 193/193/193 241/241/241
f 193/193/193 242/242/242 241/241/241
f 193/193/193 194/194/194 242/242/242
f 194/194/194 243/243/243 242/242/242
f 194/194/194 195/195/195 243/243/243
f 195/195/195 244/244/244 243/243/243
f 195/195/195 196/196/196 244/244/244
f 196/196/196 245/245/245 244/244/244
f 197/197/197 198/198/198 246/246/246
f 198/198/198 247/247/247 246/246/246
f 198/198/198 199/199/199 247/247/247
f 199/199/199 248/248/248 247/247/247
f 199/199/199 200/200/200 248/248/248
f 200/200/200 249/249/249 248/248/248
f 200/200/200 201/201/201 249/249/249
f 201/201/201 250/250/250 249/249/249
f 201/201/201 202/202/202 250/250/250
f 202/202/202 251/251/251 250/250/250
f 202/202/202 203/203/203 251/251/251
f 203/203/203 252/252/252 251/251/251
f 203/203/203 204/204/204 252/252/252
f 204/204/204 253/253/253 252/252/252
f 204/204/204 205/205/205 253/253/253
f 205/205/205 254/254/254 253/253/253
f 205/205/205 206/206/206 254/254/254
f 206/206/206 255/255/255 254/254/254
f 206/206/206 207/207/207 255/255/255
f 207/207/207 256/256/256 255/255/255
f 207/207/207 208/208/208 256/256/256
f 208/208/208 257/257/257 256/256/256
f 208/208/208 209/209/209 257/257/257
f 209/209/209 258/258/258 257/257/257
f 209/209/209 210/210/210 258/258/258
f 210/210/210 259/259/259 258/258/258
f 210/210/210 211/211/211 259/259/259
f 211/211/211 260/260/260 259/259/259
f 211/211/211 212/212/212 260/260/260
f 212/212/212 261/261/261 260/260/260
f 212/212/212 213/213/213 261/261/261
f 213/213/213 262/262/262 261/261/261
f 213/213/213 214/214/214 262/262/262
f 214/214/214 263/263/263 262/262/262
f 214/214/214 215/215/215 263/263/263
f 215/215/215 264/264/264 263/263/263
f 215/215/215 216/216/216 264/264/264
f 216/216/216 265/265/265 264/264/264
f 216/216/216 217/217/217 265/265/265
f 217/217/217 266/266/266 265/265/265
f 217/217/217 218/218/218 266/266/266
f 218/218/218 267/267/267 266/266/266
f 218/218/218 219/219/219 267/267/267
f 219/219/219 268/268/268 267/267/267
f 219/219/219 220/220/220 268/268/268
f 220/220/220 269/269/269 268/268/268
f 220/220/220 221/221/221 269/269/269
f 221/221/221 270/270/270 269/269/269
f 221/221/221 222/222/222 270/270/270
f 222/222/222 271/271/271 270/270/270
f 222/222/222 223/223/223 271/271/271
f 223/223/223 272/272/272 271/271/271
f 223/223/223 224/224/224 272/272/272
f 224/224/224 273/273/273 272/272/272
f 224/224/224 225/225/225 273/273/273
f 225/225/225 274/274/274 273/273/273
f 225/225/225 226/226/226 274/274/274
f 226/226/226 275/275/275 274/274/274
f 226/226/226 227/227/227 275/275/275
f 227/227/227 276/276/276 275/275/275
f 227/227/227 228/228/228 276/276/276
f 228/228/228 277/277/277 276/276/276
f 228/228/228 229/229/229 277/277/277
f 229/229/229 278/278/278 277/277/277
f 229/229/229 230/230/230 278/278/278
f 230/230/230 279/279/279 278/278/278
f 230/230/230 231/231/231 279/279/279
f 231/231/231 280/280/280 279/279/279
f 231/231/231 232/232/232 280/280/280
f 232/232/232 281/281/281 280/280/280
f 232/232/232 233/233/233 281/281/281
f 233/233/233 282/282/282 281/281/281
f 233/233/233 234/234/234 282/282/282
f 234/234/234 283/283/283 282/282/282
f 234/234/234 235/235/235 283/283/283
f 235/235/235 284/284/284 283/283/283
f 235/235/235 236/236/236 284/284/284
f 236/236/236 285/285/285 284/284/284
f 236/236/236 237/237/237 285/285/285
f 237/237/237 286/286/286 285/285/285
f 237/237/237 238/238/238 286/286/286
f 238/238/238 287/287/287 286/286/286
f 238/238/238 239/239/239 287/287/287
f 239/239/239 288/288/288 287/287/287
f 239/239/239 240/240/240 288/288/288
f 240/240/240 289/289/289 288/288/288
f 240/240/240 241/241/241 289/289/289
f 241/241/241 290/290/290 289/289/289
f 241/241/241 242/242/242 290/290/290
f 242/242/242 291/291/291 290/290/290
f 242/242/242 243/243/243 291/291/291
f 243/243/243 292/292/292 291/291/291
f 243/243/243 244/244/244 292/292/292
f 244/244/244 293/293/293 292/292/292
f 244/244/244 245/245/245 293/293/293
f 245/245/245 294/294/294 293/293/293
f 246/246/246 247/247/247 295/295/295
f 247/247/247 296/296/296 295/295/295
f 247/247/247 248/248/248 296/296/296
f 248/248/248 297/297/297 296/296/296
f 248/248/248 249/249/249 297/297/297
f 249/249/249 298/298/298 297/297/297
f 249/249/249 250/250/250 298/298/298
f 250/250/250 299/299/299 298/298/298
f 250/250/250 251/251/251 299/299/299
f 251/251/251 300/300/300 299/299/299
f 251/251/251 252/252/252 300/300/300
f 252/252/252 301/301/301 300/300/300
f 252/252/252 253/253/253 301/301/301
f 253/253/253 302/302/302 301/301/301
f 253/253/253 254/254/254 302/302/302
f 254/254/254 303/303/303 302/302/302
f 254/254/254 255/255/255 303/303/303
f 255/255/255 304/304/304 303/303/303
f 255/255/255 256/256/256 304/304/304
f 256/256/256 305/305/305 304/304/304
f 256/256/256 257/257/257 305/305/305
f 257/257/257 306/306/306 305/305/305
f 257/257/257 258/258/258 306/306/306
f 258/258/258 307/307/307 306/306/306
f 258/258/258 259/259/259 307/307/307
f 259/259/259 308/308/308 307/307/307
f 259/259/259 260/260/260 308/308/308
f 260/260/260 309/309/309 308/308/308
f 260/260/260 261/261/261 309/309/309
f 261/261/261 310/310/310 309/309/309
f 261/261/261 262/262/262 310/310/310
f 262/262/262 311/311/311 310/310/310
f 262/262/262 263/263/263 311/311/311
f 263/263/263 312/312/312 311/311/311
f 263/263/263 264/264/264 312/312/312
f 264/264/264 313/313/313 312/312/312
f 264/264/264 265/265/265 313/313/313
f 265/265/265 314/314/314 313/313/313
f 265/265/265 266/266/266 314/314/314
f 266/266/266 315/315/315 314/314/314
f 266/266/266 267/267/267 315/315/315
f 267/267/267 316/316/316 315/315/315
f 267/267/267 268/268/268 316/316/316
f 268/268/268 317/317/317 316/316/316
f 268/268/268 269/269/269 317/317/317
f 269/269/269 318/318/318 317/317/317
f 269/269/269 270/270/270 318/318/318
f 270/270/270 319/319/319 318/318/318
f 270/270/270 271/271/271 319/319/319
f 271/271/271 320/320/320 319/319/319
f 271/271/271 272/272/272 320/320/320
f 272/272/272 321/321/321 320/320/320
f 272/272/272 273/273/273 321/321/321
f 273/273/273 322/322/322 321/321/321
f 273/273/273 274/274/274 322/322/322
f 274/274/274 323/323/323 322/322/322
f 274/274/274 275/275/275 323/323/323
f 275/275/275 324/324/324 323/323/323
f 275/275/275 276/276/276 324/324/324
f 276/276/276 325/325/325 324/324/324
f 276/276/276 277/277/277 325/325/325
f 277/277/277 326/326/326 325/325/325
f 277/277/277 278/278/278 326/326/326
f 278/278/278 327/327/327 326/326/326
f 278/278/278 279/279/279 327/327/327
f 279/279/279 328/328/328 327/327/327
f 279/279/279 280/280/280 328/328/328
f 280/280/280 329/329/329 328/328/328
f 280/280/280 281/281/281 329/329/329
f 281/281/281 330/330/330 329/329/329
f 281/281/281 282/282/282 330/330/330
f 282/282/282 331/331/331 330/330/330
f 282/282/282 283/283/283 331/331/331
f 283/283/283 332/332/332 331/331/331
f 283/283/283 284/284/284 332/332/332
f 284/284/284 333/333/333 332/332/332
f 284/284/284 285/285/285 333/333/333
f 285/285/285 334/334/334 333/333/333
f 285/285/285 286/286/286 334/334/334
f 286/286/286 335/335/335 334/334/334
f 286/286/286 287/287/287 335/335/335
f 287/287/287 336/336/336 335/335/335
f 287/287/287 288/288/288 336/336/336
f 288/288/288 337/337/337 336/336/336
f 288/288/288 289/289/289 337/337/337
f 289/289/289 338/338/338 337/337/337
f 289/289/289 290/290/290 338/338/338
f 290/290/290 339/339/339 338/338/338
f 290/290/290 291/291/291 339/339/339
f 291/291/291 340/340/340 339/339/339
f 291/291/291 292/292/292 340/340/340
f 292/292/292 341/341/341 340/340/340
f 292/292/292 293/293/293 341/341/341
f 293/293/293 342/342/342 341/341/341
f 293/293/293 294/294/294 342/342/342
f 294/294/294 343/343/343 342/342/342
f 295/295/295 296/296/296 344/344/344
f 296/296/296 345/345/345 344/344/344
f 296/296/296 297/297/297 345/345/345
f 297/297/297 346/346/346 345/345/345
f 297/297/297 298/298/298 346/346/346
f 298/298/298 347/347/347 346/346/346
f 298/298/298 299/299/299 347/347/347
f 299/299/299 348/348/348 347/347/347
f 299/299/299 300/300/300 348/348/348
f 300/300/300 349/349/349 348/348/348
f 300/300/300 301/301/301 349/349/349
f 301/301/301 350/350/350 349/349/349
f 301/301/301 302/302/302 350/350/350
f 302/302/302 351/351/351 350/350/350
f 302/302/302 303/303/303 351/351/351
f 303/303/303 352/352/352 351/351/351
f 303/303/303 304/304/304 352/352/352
f 304/304/304 353/353/353 352/352/352
f 304/304/304 305/305/305 353/353/353
f 305/305/305 354/354/354 353/353/353
f 305/305/305 306/306/306 354/354/354
f 306/306/306 355/355/355 354/354/354
f 306/306/306 307/307/307 355/355/355
f 307/307/307 356/356/356 355/355/355
f 307/307/307 308/308/308 356/356/356
f 308/308/308 357/357/357 356/356/356
f 308/308/308 309/309/309 357/357/357
f 309/309/309 358/358/358 357/357/357
f 309/309/309 310/310/310 358/358/358
f 310/310/310 359/359/359 358/358/358
f 310/310/310 311/311/311 359/359/359
f 311/311/311 360/360/360 359/359/359
f 311/311/311 312/312/312 360/360/360
f 312/312/312 361/361/361 360/360/360
f 312/312/312 313/313/313 361/361/361
f 313/313/313 362/362/362 361/361/361
f 313/313/313 314/314/314 362/362/362
f 314/314/314 363/363/363 362/362/362
f 314/314/314 315/315/315 363/363/363
f 315/315/315 364/364/364 363/363/363
f 315/315/315 316/316/316 364/364/364
f 316/316/316 365/365/365 364/364/364
f 316/316/316 317/317/317 365/365/365
f 317/317/317 366/366/366 365/365/365
f 317/317/317 318/318/318 366/366/366
f 318/318/318 367/367/367 366/366/366
f 318/318/318 319/319/319 367/367/367
f 319/319/319 368/368/368 367/367/367
f 319/319/319 320/320/320 368/368/368
f 320/320/320 369/369/369 368/368/368
f 320/320/320 321/321/321 369/369/369
f 321/321/321 370/370/370 369/369/369
f 321/321/321 322/322/322 370/370/370
f 322/322/322 371/371/371 370/370/370
f 322/322/322 323/323/323 371/371/371
f 323/323/323 372/372/372 371/371/371
f 323/323/323 324/324/324 372/372/372
f 324/324/324 373/373/373 372/372/372
f 324/324/324 325/325/325 373/373/373
f 325/325/325 374/374/374 373/373/373
f 325/325/325 326/326/326 374/374/374
f 326/326/326 375/375/375 374/374/374
f 326/326/326 327/327/327 375/375/375
f 327/327/327 376/376/376 375/375/375
f 327/327/327 328/328/328 376/376/376
f 328/328/328 377/377/377 376/376/376
f 328/328/328 329/329/329 377/377/377
f 329/329/329 378/378/378 377/377/377
f 329/329/329 330/330/330 378/378/378
f 330/330/330 379/379/379 378/378/378
f 330/330/330 331/331/331 379/379/379
f 331/331/331 380/380/380 379/379/379
f 331/331/331 332/332/332 380/380/380
f 332/332/332 381/381/381 380/380/380
f 332/332/332 333/333/333 381/381/381
f 333/333/333 382/382/382 381/381/381
f 333/333/333 334/334/334 382/382/382
f 334/334/334 383/383/383 382/382/382
f 334/334/334 335/335/335 383/383/383
f 335/335/335 384/384/384 383/383/383
f 335/335/335 336/336/336 384/384/384
f 336/336/336 385/385/385 384/384/384
f 336/336/336 337/337/337 385/385/385
f 337/337/337 386/386/386 385/385/385
f 337/337/337 338/338/338 386/386/386
f 338/338/338 387/387/387 386/386/386
f 338/338/338 339/339/339 387/387/387
f 339/339/339 388/388/388 387/387/387
f 339/339/339 340/340/340 388/388/388
f 340/340/340 389/389/389 388/388/388
f 340/340/340 341/341/341 389/389/389
f 341/341/341 390/390/390 389/389/389
f 341/341/341 342/342/342 390/390/390
f 342/342/342 391/391/391 390/390/390
f 342/342/342 343/343/343 391/391/391
f 343/343/343 392/392/392 391/391/391
f 344/344/344 345/345/345 393/393/393
f 345/345/345 394/394/394 393/393/393
f 345/345/345 346/346/346 394/394/394
f 346/346/346 395/395/395 394/394/394
f 346/346/346 347/347/347 395/395/395
f 347/347/347 396/396/396 395/395/395
f 347/347/347 348/348/348 396/396/396
f 348/348/348 397/397/397 396/396/396
f 348/348/348 349/349/349 397/397/397
f 349/349/349 398/398/398 397/397/397
f 349/349/349 350/350/350 398/398/398
f 350/350/350 399/399/399 398/398/398
f 350/350/350 351/351/351 399/399/399
f 351/351/351 400/400/400 399/399/399
f 351/351/351 352/352/352 400/400/400
f 352/352/352 401/401/401 400/400/400
f 352/352/352 353/353/353 401/401/401
f 353/353/353 402/402/402 401/401/401
f 353/353/353 354/354/354 402/402/402
f 354/354/354 403/403/403 402/402/402
f 354/354/354 355/355/355 403/403/403
f 355/355/355 404/404/404 403/403/403
f 355/355/355 356/356/356 404/404/404
f 356/356/356 405/405/405 404/404/404
f 356/356/356 357/357/357 405/405/405
f 357/357/357 406/406/406 405/405/405
f 357/357/357 358/358/358 406/406/406
f 358/358/358 407/407/407 406/406/406
f 358/358/358 359/359/359 407/407/407
f 359/359/359 408/408/408 407/407/407
f 359/359/359 360/360/360 408/408/408
f 360/360/360 409/409/409 408/408/408
f 360/360/360 361/361/361 409/409/409
f 361/361/361 410/410/410 409/409/409
f 361/361/361 362/362/362 410/410/410
f 362/362/362 411/411/411 410/410/410
f 362/362/362 363/363/363 411/411/411
f 363/363/363 412/412/412 411/411/411
f 363/363/363 364/364/364 412/412/412
f 364/364/364 413/413/413 412/412/412
f 364/364/364 365/365/365 413/413/413
f 365/365/365 414/414/414 413/413/413
f 365/365/365 366/366/366 414/414/414
f 366/366/366 415/415/415 414/414/414
f 366/366/366 367/367/367 415/415/415
f 367/367/367 416/416/416 415/415/415
f 367/367/367 368/368/368 416/416/416
f 368/368/368 417/417/417 416/416/416
f 368/368/368 369/369/369 417/417/417
f 369/369/369 418/418/418 417/417/417
f 369/369/369 370/370/370 418/418/418
f 370/370/370 419/419/419 418/418/418
f 370/370/370 371/371/371 419/419/419
f 371/371/371 420/420/420 419/419/419
f 371/371/371 372/372/372 420/420/420
f 372/372/372 421/421/421 420/420/420
f 372/372/372 373/373/373 421/421/421
f 373/373/373 422/422/422 421/421/421
f 373/373/373 374/374/374 422/422/422
f 374/374/374 423/423/423 422/422/422
f 374/374/374 375/375/375 423/423/423
f 375/375/375 424/424/424 423/423/423
f 375/375/375 376/376/376 424/424/424
f 376/376/376 425/425/425 424/424/424
f 376/376/376 377/377/377 425/425/425
f 377/377/377 426/426/426 425/425/425
f 377/377/377 378/378/378 426/426/426
f 378/378/378 427/427/427 426/426/426
f 378/378/378 379/379/379 427/427/427
f 379/379/379 428/428/428 427/427/427
f 379/379/379 380/380/380 428/428/428
f 380/380/380 429/429/429 428/428/428
f 380/380/380 381/381/381 429/429/429
f 381/381/381 430/430/430 429/429/429
f 381/381/381 382/382/382 430/430/430
f 382/382/382 431/431/431 430/430/430
f 382/382/382 383/383/383 431/431/431
f 383/383/383 432/432/432 431/431/431
f 383/383/383 384/384/384 432/432/432
f 384/384/384 433/433/433 432/432/432
f 384/384/384 385/385/385 433/433/433
f 385/385/385 434/434/434 433/433/433
f 385/385/385 386/386/386 434/434/434
f 386/386/386 435/435/435 434/434/434
f 386/386/386 387/387/387 435/435/435
f 387/387/387 436/436/436 435/435/435
f 387/387/387 388/388/388 436/436/436
f 388/388/388 437/437/437 436/436/436
f 388/388/388 389/389/389 437/437/437
f 389/389/389 438/438/438 437/437/437
f 389/389/389 390/390/390 438/438/438
f 390/390/390 439/439/439 438/438/438
f 390/390/390 391/391/391 439/439/439
f 391/391/391 440/440/440 439/439/439
f 391/391/391 392/392/392 440/440/440
f 392/392/392 441/441/441 440/440/440
f 393/393/393 394/394/394 442/442/442
f 394/394/394 443/443/443 442/442/442
f 394/394/394 395/395/395 443/443/443
f 395/395/395 444/444/444 443/443/443
f 395/395/395 396/396/396 444/444/444
f 396/396/396 445/445/445 444/444/444
f 396/396/396 397/397/397 445/445/445
f 397/397/397 446/446/446 445/445/445
f 397/397/397 398/398/398 446/446/446
f 398/398/398 447/447/447 446/446/446
f 398/398/398 399/399/399 447/447/447
f 399/399/399 448/448/448 447/447/447
f 399/399/399 400/400/400 448/448/448
f 400/400/400 449/449/449 448/448/448
f 400/400/400 401/401/401 449/449/449
f 401/401/401 450/450/450 449/449/449
f 401/401/401 402/402/402 450/450/450
f 402/402/402 451/451/451 450/450/450
f 402/402/402 403/403/403 451/451/451
f 403/403/403 452/452/452 451/451/451
f 403/403/403 404/404/404 452/452/452
f 404/404/404 453/453/453 452/452/452
f 404/404/404 405/405/405 453/453/453
f 405/405/405 454/454/454 453/453/453
f 405/405/405 406/406/406 454/454/454
f 406/406/406 455/455/455 454/454/454
f 406/406/406 407/407/407 455/455/455
f 407/407/407 456/456/456 455/455/455
f 407/407/407 408/408/408 456/456/456
f 408/408/408 457/457/457 456/456/456
f 408/408/408 409/409/409 457/457/457
f 409/409/409 458/458/458 457/457/457
f 409/409/409 410/410/410 458/458/458
f 410/410/410 459/459/459 458/458/458
f 410/410/410 411/411/411 459/459/459
f 411/411/411 460/460/460 459/459/459
f 411/411/411 412/412/412 460/460/460
f 412/412/412 461/461/461 460/460/460
f 412/412/412 413/413/413 461/461/461
f 413/413/413 462/462/462 461/461/461
f 413/413/413 414/414/414 462/462/462
f 414/414/414 463/463/463 462/462/462
f 414/414/414 415/415/415 463/463/463
f 415/415/415 464/464/464 463/463/463
f 415/415/415 416/416/416 464/464/464
f 416/416/416 465/465/465 464/464/464
f 416/416/416 417/417/417 465/465/465
f 417/417/417 466/466/466 465/465/465
f 417/417/417 418/418/418 466/466/466
f 418/418/418 467/467/467 466/466/466
f 418/418/418 419/419/419 467/467/467
f 419/419/419 468/468/468 467/467/467
f 419/419/419 420/420/420 468/468/468
f 420/420/420 469/469/469 468/468/468
f 420/420/420 421/421/421 469/469/469
f 421/421/421 470/470/470 469/469/469
f 421/421/421 422/422/422 470/470/470
f 422/422/422 471/471/471 470/470/470
f 422/422/422 423/423/423 471/471/471
f 423/423/423 472/472/472 471/471/471
f 423/423/423 424/424/424 472/472/472
f 424/424/424 473/473/473 472/472/472
f 424/424/424 425/425/425 473/473/473
f 425/425/425 474/474/474 473/473/473
f 425/425/425 426/426/426 474/474/474
f 426/426/426 475/475/475 474/474/474
f 426/426/426 427/427/427 475/475/475
f 427/427/427 476/476/476 475/475/475
f 427/427/427 428/428/428 476/476/476
f 428/428/428 477/477/477 476/476/476
f 428/428/428 429/429/429 477/477/477
f 429/429/429 478/478/478 477/477/477
f 429/429/429 430/430/430 478/478/478
f 430/430/430 479/479/479 478/478/478
f 430/430/430 431/431/431 479/479/479
f 431/431/431 480/480/480 479/479/479
f 431/431/431 432/432/432 480/480/480
f 432/432/432 481/481/481 480/480/480
f 432/432/432 433/433/433 481/481/481
f 433/433/433 482/482/482 481/481/481
f 433/433/433 434/434/434 482/482/482
f 434/434/434 483/483/483 482/482/482
f 434/434/434 435/435/435 483/483/483
f 435/435/435 484/484/484 483/483/483
f 435/435/435 436/436/436 484/484/484
f 436/436/436 485/485/485 484/484/484
f 436/436/436 437/437/437 485/485/485
f 437/437/437 486/486/486 485/485/485
f 437/437/437 438/438/438 486/486/486
f 438/438/438 487/487/487 486/486/486
f 438/438/438 439/439/439 487/487/487
f 439/439/439 488/488/488 487/487/487
f 439/439/439 440/440/440 488/488/488
f 440/440/440 489/489/489 488/488/488
f 440/440/440 441/441/441 489/489/489
f 441/441/441 490/490/490 489/489/489
f 442/442/442 443/443/443 491/491/491
f 443/443/443 492/492/492 491/491/491
f 443/443/443 444/444/444 492/492/492
f 444/444/444 493/493/493 492/492/492
f 444/444/444 445/445/445 493/493/493
f 445/445/445 494/494/494 493/493/493
f 445/445/445 446/446/446 494/494/494
f 446/446/446 495/495/495 494/494/494
f 446/446/446 447/447/447 495/495/495
f 447/447/447 496/496/496 495/495/495
f 447/447/447 448/448/448 496/496/496
f 448/448/448 497/497/497 496/496/496
f 448/448/448 449/449/449 497/497/497
f 449/449/449 498/498/498 497/497/497
f 449/449/449 450/450/450 498/498/498
f 450/450/450 499/499/499 498/498/498
f 450/450/450 451/451/451 499/499/499
f 451/451/451 500/500/500 499/499/499
f 451/451/451 452/452/452 500/500/500
f 452/452/452 501/501/501 500/500/500
f 452/452/452 453/453/453 501/501/501
f 453/453/453 502/502/502 501/501/501
f 453/453/453 454/454/454 502/502/502
f 454/454/454 503/503/503 502/502/502
f 454/454/454 455/455/455 503/503/503
f 455/455/455 504/504/504 503/503/503
f 455/455/455 456/456/456 504/504/504
f 456/456/456 505/505/505 504/504/504
f 456/456/456 457/457/457 505/505/505
f 457/457/457 506/506/506 505/505/505
f 457/457/457 458/458/458 506/506/506
f 458/458/458 507/507/507 506/506/506
f 458/458/458 459/459/459 507/507/507
f 459/459/459 508/508/508 507/507/507
f 459/459/459 460/460/460 508/508/508
f 460/460/460 509/509/509 508/508/508
f 460/460/460 461/461/461 509/509/509
f 461/461/461 510/510/510 509/509/509
f 461/461/461 462/462/462 510/510/510
f 462/462/462 511/511/511 510/510/510
f 462/462/462 463/463/463 511/511/511
f 463/463/463 512/512/512 511/511/511
f 463/463/463 464/464/464 512/512/512
f 464/464/464 513/513/513 512/512/512
f 464/464/464 465/465/465 513/513/513
f 465/465/465 514/514/514 513/513/513
f 465/465/465 466/466/466 514/514/514
f 466/466/466 515/515/515 514/514/514
f 466/466/466 467/467/467 515/515/515
f 467/467/467 516/516/516 515/515/515
f 467/467/467 468/468/468 516/516/516
f 468/468/468 517/517/517 516/516/516
f 468/468/468 469/469/469 517/517/517
f 469/469/469 518/518/518 517/517/517
f 469/469/469 470/470/470 518/518/518
f 470/470/470 519/519/519 518/518/518
f 470/470/470 471/471/471 519/519/519
f 471/471/471 520/520/520 519/519/519
f 471/471/471 472/472/472 520/520/520
f 472/472/472 521/521/521 520/520/520
f 472/472/472 473/473/473 521/521/521
f 473/473/473 522/522/522 521/521/521
f 473/473/473 474/474/474 522/522/522
f 474/474/474 523/523/523 522/522/522
f 474/474/474 475/475/475 523/523/523
f 475/475/475 524/524/524 523/523/523
f 475/475/475 476/476/476 524/524/524
f 476/476/476 525/525/525 524/524/524
f 476/476/476 477/477/477 525/525/525
f 477/477/477 526/526/526 525/525/525
f 477/477/477 478/478/478 526/526/526
f 478/478/478 527/527/527 526/526/526
f 478/478/478 479/479/479 527/527/527
f 479/479/479 528/528/528 527/527/527
f 479/479/479 480/480/480 528/528/528
f 480/480/480 529/529/529 528/528/528
f 480/480/480 481/481/481 529/529/529
f 481/481/481 530/530/530 529/529/529
f 481/481/481 482/482/482 530/530/530
f 482/482/482 531/531/531 530/530/530
f 482/482/482 483/483/483 531/531/531
f 483/483/483 532/532/532 531/531/531
f 483/483/483 484/484/484 532/532/532
f 484/484/484 533/533/533 532/532/532
f 484/484/484 485/485/485 533/533/533
f 485/485/485 534/534/534 533/533/533
f 485/485/485 486/486/486 534/534/534
f 486/486/486 535/535/535 534/534/534
f 486/486/486 487/487/487 535/535/535
f 487/487/487 536/536/536 535/535/535
f 487/487/487 488/488/488 536/536/536
f 488/488/488 537/537/537 536/536/536
f 488/488/488 489/489/489 537/537/537
f 489/489/489 538/538/538 537/537/537
f 489/489/489 490/490/490 538/538/538
f 490/490/490 539/539/539 538/538/538
f 491/491/491 492/492/492 540/540/540
f 492/492/492 541/541/541 540/540/540
f 492/492/492 493/493/493 541/541/541
f 493/493/493 542/542/542 541/541/541
f 493/493/493 494/494/494 542/542/542
f 494/494/494 543/543/543 542/542/542
f 494/494/494 495/495/495 543/543/543
f 495/495/495 544/544/544 543/543/543
f 495/495/495 496/496/496 544/544/544
f 496/496/496 545/545/545 544/544/544
f 496/496/496 497/497/497 545/545/545
f 497/497/497 546/546/546 545/545/545
f 497/497/497 498/498/498 546/546/546
f 498/498/498 547/547/547 546/546/546
f 498/498/498 499/499/499 547/547/547
f 499/499/499 548/548/548 547/547/547
f 499/499/499 500/500/500 548/548/548
f 500/500/500 549/549/549 548/548/548
f 500/500/500 501/501/501 549/549/549
f 501/501/501 550/550/550 549/549/549
f 501/501/501 502/502/502 550/550/550
f 502/502/502 551/551/551 550/550/550
f 502/502/502 503/503/503 551/551/551
f 503/503/503 552/552/552 551/551/551
f 503/503/503 504/504/504 552/552/552
f 504/504/504 553/553/553 552/552/552
f 504/504/504 505/505/505 553/553/553
f 505/505/505 554/554/554 553/553/553
f 505/505/505 506/506/506 554/554/554
f 506/506/506 555/555/555 554/554/554
f 506/506/506 507/507/507 555/555/555
f 507/507/507 556/556/556 555/555/555
f 507/507/507 508/508/508 556/556/556
f 508/508/508 557/557/557 556/556/556
f 508/508/508 509/509/509 557/557/557
f 509/509/509 558/558/558 557/557/557
f 509/509/509 510/510/510 558/558/558
f 510/510/510 559/559/559 558/558/558
f 510/510/510 511/511/511 559/559/559
f 511/511/511 560/560/560 559/559/559
f 511/511/511 512/512/512 560/560/560
f 512/512/512 561/561/561 560/560/560
f 512/512/512 513/513/513 561/561/561
f 513/513/513 562/562/562 561/561/561
f 513/513/513 514/514/514 562/562/562
f 514/514/514 563/563/563 562/562/562
f 514/514/514 515/515/515 563/563/563
f 515/515/515 564/564/564 563/563/563
f 515/515/515 516/516/516 564/564/564
f 516/516/516 565/565/565 564/564/564
f 516/516/516 517/517/517 565/565/565
f 517/517/517 566/566/566 565/565/565
f 517/517/517 518/518/518 566/566/566
f 518/518/518 567/567/567 566/566/566
f 518/518/518 519/519/519 567/567/567
f 519/519/519 568/568/568 567/567/567
f 519/519/519 520/520/520 568/568/568
f 520/520/520 569/569/569 568/568/568
f 520/520/520 521/521/521 569/569/569
f 521/521/521 570/570/570 569/569/569
f 521/521/521 522/522/522 570/570/570
f 522/522/522 571/571/571 570/570/570
f 522/522/522 523/523/523 571/571/571
f 523/523/523 572/572/572 571/571/571
f 523/523/523 524/524/524 572/572/572
f 524/524/524 573/573/573 572/572/572
f 524/524/524 525/525/525 573/573/573
f 525/525/525 574/574/574 573/573/573
f 525/525/525 526/526/526 574/574/574
f 526/526/526 575/575/575 574/574/574
f 526/526/526 527/527/527 575/575/575
f 527/527/527 576/576/576 575/575/575
f 527/527/527 528/528/528 576/576/576
f 528/528/528 577/577/577 576/576/576
f 528/528/528 529/529/529 577/577/577
f 529/529/529 578/578/578 577/577/577
f 529/529/529 530/530/530 578/578/578
f 530/530/530 579/579/579 578/578/578
f 530/530/530 531/531/531 579/579/579
f 531/531/531 580/580/580 579/579/579
f 531/531/531 532/532/532 580/580/580
f 532/532/532 581/581/581 580/580/580
f 532/532/532 533/533/533 581/581/581
f 533/533/533 582/582/582 581/581/581
f 533/533/533 534/534/534 582/582/582
f 534/534/534 583/583/583 582/582/582
f 534/534/534 535/535/535 583/583/583
f 535/535/535 584/584/584 583/583/583
f 535/535/535 536/536/536 584/584/584
f 536/536/536 585/585/585 584/584/584
f 536/536/536 537/537/537 585/585/585
f 537/537/537 586/586/586 585/585/585
f 537/537/537 538/538/538 586/586/586
f 538/538/538 587/587/587 586/586/586
f 538/538/538 539/539/539 587/587/587
f 539/539/539 588/588/588 587/587/587
f 540/540/540 541/541/541 589/589/589
f 541/541/541 590/590/590 589/589/589
f 541/541/541 542/542/542 590/590/590
f 542/542/542 591/591/591 590/590/590
f 542/542/542 543/543/543 591/591/591
f 543/543/543 592/592/592 591/591/591
f 543/543/543 544/544/544 592/592/592
f 544/544/544 593/593/593 592/592/592
f 544/544/544 545/545/545 593/593/593
f 545/545/545 594/594/594 593/593/593
f 545/545/545 546/546/546 594/594/594
f 546/546/546 595/595/595 594/594/594
f 546/546/546 547/547/547 595/595/595
f 547/547/547 596/596/596 595/595/595
f 547/547/547 548/548/548 596/596/596
f 548/548/548 597/597/597 596/596/596
f 548/548/548 549/549/549 597/597/597
f 549/549/549 598/598/598 597/597/597
f 549/549/549 550/550/550 598/598/598
f 550/550/550 599/599/599 598/598/598
f 550/550/550 551/551/551 599/599/599
f 551/551/551 600/600/600 599/599/599
f 551/551/551 552/552/552 600/600/600
f 552/552/552 601/601/601 600/600/600
f 552/552/552 553/553/553 601/601/601
f 553/553/553 602/602/602 601/601/601
f 553/553/553 554/554/554 602/602/602
f 554/554/554 603/603/603 602/602/602
f 554/554/554 555/555/555 603/603/603
f 555/555/555 604/604/604 603/603/603
f 555/555/555 556/556/556 604/604/604
f 556/556/556 605/605/605 604/604/604
f 556/556/556 557/557/557 605/605/605
f 557/557/557 606/606/606 605/605/605
f 557/557/557 558/558/558 606/606/606
f 558/558/558 607/607/607 606/606/606
f 558/558/558 559/559/559 607/607/607
f 559/559/559 608/608/608 607/607/607
f 559/559/559 560/560/560 608/608/608
f 560/560/560 609/609/609 608/608/608
f 560/560/560 561/561/561 609/609/609
f 561/561/561 610/610/610 609/609/609
f 561/561/561 562/562/562 610/610/610
f 562/562/562 611/611/611 610/610/610
f 562/562/562 563/563/563 611/611/611
f 563/563/563 612/612/612 611/611/611
f 563/563/563 564/564/564 612/612/612
f 564/564/564 613/613/613 612/612/612
f 564/564/564 565/565/565 613/613/613
f 565/565/565 614/614/614 613/613/613
f 565/565/565 566/566/566 614/614/614
f 566/566/566 615/615/615 614/614/614
f 566/566/566 567/567/567 615/615/615
f 567/567/567 616/616/616 615/615/615
f 567/567/567 568/568/568 616/616/616
f 568/568/568 617/617/617 616/616/616
f 568/568/568 569/569/569 617/617/617
f 569/569/569 618/618/618 617/617/617
f 569/569/569 570/570/570 618/618/618
f 570/570/570 619/619/619 618/618/618
f 570/570/570 571/571/571 619/619/619
f 571/571/571 620/620/620 619/619/619
f 571/571/571 572/572/572 620/620/620
f 572/572/572 621/621/621 620/620/620
f 572/572/572 573/573/573 621/621/621
f 573/573/573 622/622/622 621/621/621
f 573/573/573 574/574/574 622/622/622
f 574/574/574 623/623/623 622/622/622
f 574/574/574 575/575/575 623/623/623
f 575/575/575 624/624/624 623/623/623
f 575/575/575 576/576/576 624/624/624
f 576/576/576 625/625/625 624/624/624
f 576/576/576 577/577/577 625/625/625
f 577/577/577 626/626/626 625/625/625
f 577/577/577 578/578/578 626/626/626
f 578/578/578 627/627/627 626/626/626
f 578/578/578 579/579/579 627/627/627
f 579/579/579 628/628/628 627/627/627
f 579/579/579 580/580/580 628/628/628
f 580/580/580 629/629/629 628/628/628
f 580/580/580 581/581/581 629/629/629
f 581/581/581 630/630/630 629/629/629
f 581/581/581 582/582/582 630/630/630
f 582/582/582 631/631/631 630/630/630
f 582/582/582 583/583/583 631/631/631
f 583/583/583 632/632/632 631/631/631
f 583/583/583 584/584/584 632/632/632
f 584/584/584 633/633/633 632/632/632
f 584/584/584 585/585/585 633/633/633
f 585/585/585 634/634/634 633/633/633
f 585/585/585 586/586/586 634/634/634
f 586/586/586 635/635/635 634/634/634
f 586/586/586 587/587/587 635/635/635
f 587/587/587 636/636/636 635/635/635
f 587/587/587 588/588/588 636/636/636
f 588/588/588 637/637/637 636/636/636
f 589/589/589 590/590/590 638/638/638
f 590/590/590 639/639/639 638/638/638
f 590/590/590 591/591/591 639/639/639
f 591/591/591 640/640/640 639/639/639
f 591/591/591 592/592/592 640/640/640
f 592/592/592 641/641/641 640/640/640
f 592/592/592 593/593/593 641/641/641
f 593/593/593 642/642/642 641/641/641
f 593/593/593 594/594/594 642/642/642
f 594/594/594 643/643/643 642/642/642
f 594/594/594 595/595/595 643/643/643
f 595/595/595 644/644/644 643/643/643
f 595/595/595 596/596/596 644/644/644
f 596/596/596 645/645/645 644/644/644
f 596/596/596 597/597/597 645/645/645
f 597/597/597 646/646/646 645/645/645
f 597/597/597 598/598/598 646/646/646
f 598/598/598 647/647/647 646/646/646
f 598/598/598 599/599/599 647/647/647
f 599/599/599 648/648/648 647/647/647
f 599/599/599 600/600/600 648/648/648
f 600/600/600 649/649/649 648/648/648
f 600/600/600 601/601/601 649/649/649
f 601/601/601 650/650/650 649/649/649
f 601/601/601 602/602/602 650/650/650
f 602/602/602 651/651/651 650/650/650
f 602/602/602 603/603/603 651/651/651
f 603/603/603 652/652/652 651/651/651
f 603/603/603 604/604/604 652/652/652
f 604/604/604 653/653/653 652/652/652
f 604/604/604 605/605/605 653/653/653
f 605/605/605 654/654/654 653/653/653
f 605/605/605 606/606/606 654/654/654
f 606/606/606 655/655/655 654/654/654
f 606/606/606 607/607/607 655/655/655
f 607/607/607 656/656/656 655/655/655
f 607/607/607 608/608/608 656/656/656
f 608/608/608 657/657/657 656/656/656
f 608/608/608 609/609/609 657/657/657
f 609/609/609 658/658/658 657/657/657
f 609/609/609 610/610/610 658/658/658
f 610/610/610 659/659/659 658/658/658
f 610/610/610 611/611/611 659/659/659
f 611/611/611 660/660/660 659/659/659
f 611/611/611 612/612/612 660/660/660
f 612/612/612 661/661/661 660/660/660
f 612/612/612 613/613/613 661/661/661
f 613/613/613 662/662/662 661/661/661
f 613/613/613 614/614/614 662/662/662
f 614/614/614 663/663/663 662/662/662
f 614/614/614 615/615/615 663/663/663
f 615/615/615 664/664/664 663/663/663
f 615/615/615 616/616/616 664/664/664
f 616/616/616 665/665/665 664/664/664
f 616/616/616 617/617/617 665/665/665
f 617/617/617 666/666/666 665/665/665
f 617/617/617 618/618/618 666/666/666
f 618/618/618 667/667/667 666/666/666
f 618/618/618 619/619/619 667/667/667
f 619/619/619 668/668/668 667/667/667
f 619/619/619 620/620/620 668/668/668
f 620/620/620 669/669/669 668/668/668
f 620/620/620 621/621/621 669/669/669
f 621/621/621 670/670/670 669/669/669
f 621/621/621 622/622/622 670/670/670
f 622/622/622 671/671/671 670/670/670
f 622/622/622 623/623/623 671/671/671
f 623/623/623 672/672/672 671/671/671
f 623/623/623 624/624/624 672/672/672
f 624/624/624 673/673/673 672/672/672
f 624/624/624 625/625/625 673/673/673
f 625/625/625 674/674/674 673/673/673
f 625/625/625 626/626/626 674/674/674
f 626/626/626 675/675/675 674/674/674
f 626/626/626 627/627/627 675/675/675
f 627/627/627 676/676/676 675/675/675
f 627/627/627 628/628/628 676/676/676
f 628/628/628 677/677/677 676/676/676
f 628/628/628 629/629/629 677/677/677
f 629/629/629 678/678/678 677/677/677
f 629/629/629 630/630/630 678/678/678
f 630/630/630 679/679/679 678/678/678
f 630/630/630 631/631/631 679/679/679
f 631/631/631 680/680/680 679/679/679
f 631/631/631 632/632/632 680/680/680
f 632/632/632 681/681/681 680/680/680
f 632/632/632 633/633/633 681/681/681
f 633/633/633 682/682/682 681/681/681
f 633/633/633 634/634/634 682/682/682
f 634/634/634 683/683/683 682/682/682
f 634/634/634 635/635/635 683/683/683
f 635/635/635 684/684/684 683/683/683
f 635/635/635 636/636/636 684/684/684
f 636/636/636 685/685/685 684/684/684
f 636/636/636 637/637/637 685/685/685
f 637/637/637 686/686/686 685/685/685
f 638/638/638 639/639/639 687/687/687
f 639/639/639 688/688/688 687/687/687
f 639/639/639 640/640/640 688/688/688
f 640/640/640 689/689/689 688/688/688
f 640/640/640 641/641/641 689/689/689
f 641/641/641 690/690/690 689/689/689
f 641/641/641 642/642/642 690/690/690
f 642/642/642 691/691/691 690/690/690
f 642/642/642 643/643/643 691/691/691
f 643/643/643 692/692/692 691/691/691
f 643/643/643 644/644/644 692/692/692
f 644/644/644 693/693/693 692/692/692
f 644/644/644 645/645/645 693/693/693
f 645/645/645 694/694/694 693/693/693
f 645/645/645 646/646/646 694/694/694
f 646/646/646 695/695/695 694/694/694
f 646/646/646 647/647/647 695/695/695
f 647/647/647 696/696/696 695/695/695
f 647/647/647 648/648/648 696/696/696
f 648/648/648 697/697/697 696/696/696
f 648/648/648 649/649/649 697/697/697
f 649/649/649 698/698/698 697/697/697
f 649/649/649 650/650/650 698/698/698
f 650/650/650 699/699/699 698/698/698
f 650/650/650 651/651/651 699/699/699
f 651/651/651 700/700/700 699/699/699
f 651/651/651 652/652/652 700/700/700
f 652/652/652 701/701/701 700/700/700
f 652/652/652 653/653/653 701/701/701
f 653/653/653 702/702/702 701/701/701
f 653/653/653 654/654/654 702/702/702
f 654/654/654 703/703/703 702/702/702
f 654/654/654 655/655/655 703/703/703
f 655/655/655 704/704/704 703/703/703
f 655/655/655 656/656/656 704/704/704
f 656/656/656 705/705/705 704/704/704
f 656/656/656 657/657/657 705/705/705
f 657/657/657 706/706/706 705/705/705
f 657/657/657 658/658/658 706/706/706
f 658/658/658 707/707/707 706/706/706
f 658/658/658 659/659/659 707/707/707
f 659/659/659 708/708/708 707/707/707
f 659/659/659 660/660/660 708/708/708
f 660/660/660 709/709/709 708/708/708
f 660/660/660 661/661/661 709/709/709
f 661/661/661 710/710/710 709/709/709
f 661/661/661 662/662/662 710/710/710
f 662/662/662 711/711/711 710/710/710
f 662/662/662 663/663/663 711/711/711
f 663/663/663 712/712/712 711/711/711
f 663/663/663 664/664/664 712/712/712
f 664/664/664 713/713/713 712/712/712
f 664/664/664 665/665/665 713/713/713
f 665/665/665 714/714/714 713/713/713
f 665/665/665 666/666/666 714/714/714
f 666/666/666 715/715/715 714/714/714
f 666/666/666 667/667/667 715/715/715
f 667/667/667 716/716/716 715/715/715
f 667/667/667 668/668/668 716/716/716
f 668/668/668 717/717/717 716/716/716
f 668/668/668 669/669/669 717/717/717
f 669/669/669 718/718/718 717/717/717
f 669/669/669 670/670/670 718/718/718
f 670/670/670 719/719/719 718/718/718
f 670/670/670 671/671/671 719/719/719
f 671/671/671 720/720/720 719/719/719
f 671/671/671 672/672/672 720/720/720
f 672/672/672 721/721/721 720/720/720
f 672/672/672 673/673/673 721/721/721
f 673/673/673 722/722/722 721/721/721
f 673/673/673 674/674/674 722/722/722
f 674/674/674 723/723/723 722/722/722
f 674/674/674 675/675/675 723/723/723
f 675/675/675 724/724/724 723/723/723
f 675/675/675 676/676/676 724/724/724
f 676/676/676 725/725/725 724/724/724
f 676/676/676 677/677/677 725/725/725
f 677/677/677 726/726/726 725/725/725
f 677/677/677 678/678/678 726/726/726
f 678/678/678 727/727/727 726/726/726
f 678/678/678 679/679/679 727/727/727
f 679/679/679 728/728/728 727/727/727
f 679/679/679 680/680/680 728/728/728
f 680/680/680 729/729/729 728/728/728
f 680/680/680 681/681/681 729/729/729
f 681/681/681 730/730/730 729/729/729
f 681/681/681 682/682/682 730/730/730
f 682/682/682 731/731/731 730/730/730
f 682/682/682 683/683/683 731/731/731
f 683/683/683 732/732/732 731/731/731
f 683/683/683 684/684/684 732/732/732
f 684/684/684 733/733/733 732/732/732
f 684/684/684 685/685/685 733/733/733
f 685/685/685 734/734/734 733/733/733
f 685/685/685 686/686/686 734/734/734
f 686/686/686 735/735/735 734/734/734
f 687/687/687 688/688/688 736/736/736
f 688/688/688 737/737/737 736/736/736
f 688/688/688 689/689/689 737/737/737
f 689/689/689 738/738/738 737/737/737
f 689/689/689 690/690/690 738/738/738
f 690/690/690 739/739/739 738/738/738
f 690/690/690 691/691/691 739/739/739
f 691/691/691 740/740/740 739/739/739
f 691/691/691 692/692/692 740/740/740
f 692/692/692 741/741/741 740/740/740
f 692/692/692 693/693/693 741/741/741
f 693/693/693 742/742/742 741/741/741
f 693/693/693 694/694/694 742/742/742
f 694/694/694 743/743/743 742/742/742
f 694/694/694 695/695/695 743/743/743
f 695/695/695 744/744/744 743/743/743
f 695/695/695 696/696/696 744/744/744
f 696/696/696 745/745/745 744/744/744
f 696/696/696 697/697/697 745/745/745
f 697/697/697 746/746/746 745/745/745
f 697/697/697 698/698/698 746/746/746
f 698/698/698 747/747/747 746/746/746
f 698/698/698 699/699/699 747/747/747
f 699/699/699 748/748/748 747/747/747
f 699/699/699 700/700/700 748/748/748
f 700/700/700 749/749/749 748/748/748
f 700/700/700 701/701/701 749/749/749
f 701/701/701 750/750/750 749/749/749
f 701/701/701 702/702/702 750/750/750
f 702/702/702 751/751/751 750/750/750
f 702/702/702 703/703/703 751/751/751
f 703/703/703 752/752/752 751/751/751
f 703/703/703 704/704/704 752/752/752
f 704/704/704 753/753/753 752/752/752
f 704/704/704 705/705/705 753/753/753
f 705/705/705 754/754/754 753/753/753
f 705/705/705 706/706/706 754/754/754
f 706/706/706 755/755/755 754/754/754
f 706/706/706 707/707/707 755/755/755
f 707/707/707 756/756/756 755/755/755
f 707/707/707 708/708/708 756/756/756
f 708/708/708 757/757/757 756/756/756
f 708/708/708 709/709/709 757/757/757
f 709/709/709 758/758/758 757/757/757
f 709/709/709 710/710/710 758/758/758
f 710/710/710 759/759/759 758/758/758
f 710/710/710 711/711/711 759/759/759
f 711/711/711 760/760/760 759/759/759
f 711/711/711 712/712/712 760/760/760
f 712/712/712 761/761/761 760/760/760
f 712/712/712 713/713/713 761/761/761
f 713/713/713 762/762/762 761/761/761
f 713/713/713 714/714/714 762/762/762
f 714/714/714 763/763/763 762/762/762
f 714/714/714 715/715/715 763/763/763
f 715/715/715 764/764/764 763/763/763
f 715/715/715 716/716/716 764/764/764
f 716/716/716 765/765/765 764/764/764
f 716/716/716 717/717/717 765/765/765
f 717/717/717 766/766/766 765/765/765
f 717/717/717 718/718/718 766/766/766
f 718/718/718 767/767/767 766/766/766
f 718/718/718 719/719/719 767/767/767
f 719/719/719 768/768/768 767/767/767
f 719/719/719 720/720/720 768/768/768
f 720/720/720 769/769/769 768/768/768
f 720/720/720 721/721/721 769/769/769
f 721/721/721 770/770/770 769/769/769
f 721/721/721 722/722/722 770/770/770
f 722/722/722 771/771/771 770/770/770
f 722/722/722 723/723/723 771/771/771
f 723/723/723 772/772/772 771/771/771
f 723/723/723 724/724/724 772/772/772
f 724/724/724 773/773/773 772/772/772
f 724/724/724 725/725/725 773/773/773
f 725/725/725 774/774/774 773/773/773
f 725/725/725 726/726/726 774/774/774
f 726/726/726 775/775/775 774/774/774
f 726/726/726 727/727/727 775/775/775
f 727/727/727 776/776/776 775/775/775
f 727/727/727 728/728/728 776/776/776
f 728/728/728 777/777/777 776/776/776
f 728/728/728 729/729/729 777/777/777
f 729/729/729 778/778/778 777/777/777
f 729/729/729 730/730/730 778/778/778
f 730/730/730 779/779/779 778/778/778
f 730/730/730 731/731/731 779/779/779
f 731/731/731 780/780/780 779/779/779
f 731/731/731 732/732/732 780/780/780
f 732/732/732 781/781/781 780/780/780
f 732/732/732 733/733/733 781/781/781
f 733/733/733 782/782/782 781/781/781
f 733/733/733 734/734/734 782/782/782
f 734/734/734 783/783/783 782/782/782
f 734/734/734 735/735/735 783/783/783
f 735/735/735 784/784/784 783/783/783
f 736/736/736 737/737/737 785/785/785
f 737/737/737 786/786/786 785/785/785
f 737/737/737 738/738/738 786/786/786
f 738/738/738 787/787/787 786/786/786
f 738/738/738 739/739/739 787/787/787
f 739/739/739 788/788/788 787/787/787
f 739/739/739 740/740/740 788/788/788
f 740/740/740 789/789/789 788/788/788
f 740/740/740 741/741/741 789/789/789
f 741/741/741 790/790/790 789/789/789
f 741/741/741 742/742/742 790/790/790
f 742/742/742 791/791/791 790/790/790
f 742/742/742 743/743/743 791/791/791
f 743/743/743 792/792/792 791/791/791
f 743/743/743 744/744/744 792/792/792
f 744/744/744 793/793/793 792/792/792
f 744/744/744 745/745/745 793/793/793
f 745/745/745 794/794/794 793/793/793
f 745/745/745 746/746/746 794/794/794
f 746/746/746 795/795/795 794/794/794
f 746/746/746 747/747/747 795/795/795
f 747/747/747 796/796/796 795/795/795
f 747/747/747 748/748/748 796/796/796
f 748/748/748 797/797/797 796/796/796
f 748/748/748 749/749/749 797/797/797
f 749/749/749 798/798/798 797/797/797
f 749/749/749 750/750/750 798/798/798
f 750/750/750 799/799/799 798/798/798
f 750/750/750 751/751/751 799/799/799
f 751/751/751 800/800/800 799/799/799
f 751/751/751 752/752/752 800/800/800
f 752/752/752 801/801/801 800/800/800
f 752/752/752 753/753/753 801/801/801
f 753/753/753 802/802/802 801/801/801
f 753/753/753 754/754/754 802/802/802
f 754/754/754 803/803/803 802/802/802
f 754/754/754 755/755/755 803/803/803
f 755/755/755 804/804/804 803/803/803
f 755/755/755 756/756/756 804/804/804
f 756/756/756 805/805/805 804/804/804
f 756/756/756 757/757/757 805/805/805
f 757/757/757 806/806/806 805/805/805
f 757/757/757 758/758/758 806/806/806
f 758/758/758 807/807/807 806/806/806
f 758/758/758 759/759/759 807/807/807
f 759/759/759 808/808/808 807/807/807
f 759/759/759 760/760/760 808/808/808
f 760/760/760 809/809/809 808/808/808
f 760/760/760 761/761/761 809/809/809
f 761/761/761 810/810/810 809/809/809
f 761/761/761 762/762/762 810/810/810
f 762/762/762 811/811/811 810/810/810
f 762/762/762 763/763/763 811/811/811
f 763/763/763 812/812/812 811/811/811
f 763/763/763 764/764/764 812/812/812
f 764/764/764 813/813/813 812/812/812
f 764/764/764 765/765/765 813/813/813
f 765/765/765 814/814/814 813/813/813
f 765/765/765 766/766/766 814/814/814
f 766/766/766 815/815/815 814/814/814
f 766/766/766 767/767/767 815/815/815
f 767/767/767 816/816/816 815/815/815
f 767/767/767 768/768/768 816/816/816
f 768/768/768 817/817/817 816/816/816
f 768/768/768 769/769/769 817/817/817
f 769/769/769 818/818/818 817/817/817
f 769/769/769 770/770/770 818/818/818
f 770/770/770 819/819/819 818/818/818
f 770/770/770 771/771/771 819/819/819
f 771/771/771 820/820/820 819/819/819
f 771/771/771 772/772/772 820/820/820
f 772/772/772 821/821/821 820/820/820
f 772/772/772 773/773/773 821/821/821
f 773/773/773 822/822/822 821/821/821
f 773/773/773 774/774/774 822/822/822
f 774/774/774 823/823/823 822/822/822
f 774/774/774 775/775/775 823/823/823
f 775/775/775 824/824/824 823/823/823
f 775/775/775 776/776/776 824/824/824
f 776/776/776 825/825/825 824/824/824
f 776/776/776 777/777/777 825/825/825
f 777/777/777 826/826/826 825/825/825
f 777/777/777 778/778/778 826/826/826
f 778/778/778 827/827/827 826/826/826
f 778/778/778 779/779/779 827/827/827
f 779/779/779 828/828/828 827/827/827
f 779/779/779 780/780/780 828/828/828
f 780/780/780 829/829/829 828/828/828
f 780/780/780 781/781/781 829/829/829
f 781/781/781 830/830/830 829/829/829
f 781/781/781 782/782/782 830/830/830
f 782/782/782 831/831/831 830/830/830
f 782/782/782 783/783/783 831/831/831
f 783/783/783 832/832/832 831/831/831
f 783/783/783 784/784/784 832/832/832
f 784/784/784 833/833/833 832/832/832
f 785/785/785 786/786/786 834/834/834
f 786/786/786 835/835/835 834/834/834
f 786/786/786 787/787/787 835/835/835
f 787/787/787 836/836/836 835/835/835
f 787/787/787 788/788/788 836/836/836
f 788/788/788 837/837/837 836/836/836
f 788/788/788 789/789/789 837/837/837
f 789/789/789 838/838/838 837/837/837
f 789/789/789 790/790/790 838/838/838
f 790/790/790 839/839/839 838/838/838
f 790/790/790 791/791/791 839/839/839
f 791/791/791 840/840/840 839/839/839
f 791/791/791 792/792/792 840/840/840
f 792/792/792 841/841/841 840/840/840
f 792/792/792 793/793/793 841/841/841
f 793/793/793 842/842/842 841/841/841
f 793/793/793 794/794/794 842/842/842
f 794/794/794 843/843/843 842/842/842
f 794/794/794 795/795/795 843/843/843
f 795/795/795 844/844/844 843/843/843
f 795/795/795 796/796/796 844/844/844
f 796/796/796 845/845/845 844/844/844
f 796/796/796 797/797/797 845/845/845
f 797/797/797 846/846/846 845/845/845
f 797/797/797 798/798/798 846/846/846
f 798/798/798 847/847/847 846/846/846
f 798/798/798 799/799/799 847/847/847
f 799/799/799 848/848/848 847/847/847
f 799/799/799 800/800/800 848/848/848
f 800/800/800 849/849/849 848/848/848
f 800/800/800 801/801/801 849/849/849
f 801/801/801 850/850/850 849/849/849
f 801/801/801 802/802/802 850/850/850
f 802/802/802 851/851/851 850/850/850
f 802/802/802 803/803/803 851/851/851
f 803/803/803 852/852/852 851/851/851
f 803/803/803 804/804/804 852/852/852
f 804/804/804 853/853/853 852/852/852
f 804/804/804 805/805/805 853/853/853
f 805/805/805 854/854/854 853/853/853
f 805/805/805 806/806/806 854/854/854
f 806/806/806 855/855/855 854/854/854
f 806/806/806 807/807/807 855/855/855
f 807/807/807 856/856/856 855/855/855
f 807/807/807 808/808/808 856/856/856
f 808/808/808 857/857/857 856/856/856
f 808/808/808 809/809/809 857/857/857
f 809/809/809 858/858/858 857/857/857
f 809/809/809 810/810/810 858/858/858
f 810/810/810 859/859/859 858/858/858
f 810/810/810 811/811/811 859/859/859
f 811/811/811 860/860/860 859/859/859
f 811/811/811 812/812/812 860/860/860
f 812/812/812 861/861/861 860/860/860
f 812/812/812 813/813/813 861/861/861
f 813/813/813 862/862/862 861/861/861
f 813/813/813 814/814/814 862/862/862
f 814/814/814 863/863/863 862/862/862
f 814/814/814 815/815/815 863/863/863
f 815/815/815 864/864/864 863/863/863
f 815/815/815 816/816/816 864/864/864
f 816/816/816 865/865/865 864/864/864
f 816/816/816 817/817/817 865/865/865
f 817/817/817 866/866/866 865/865/865
f 817/817/817 818/818/818 866/866/866
f 818/818/818 867/867/867 866/866/866
f 818/818/818 819/819/819 867/867/867
f 819/819/819 868/868/868 867/867/867
f 819/819/819 820/820/820 868/868/868
f 820/820/820 869/869/869 868/868/868
f 820/820/820 821/821/821 869/869/869
f 821/821/821 870/870/870 869/869/869
f 821/821/821 822/822/822 870/870/870
f 822/822/822 871/871/871 870/870/870
f 822/822/822 823/823/823 871/871/871
f 823/823/823 872/872/872 871/871/871
f 823/823/823 824/824/824 872/872/872
f 824/824/824 873/873/873 872/872/872
f 824/824/824 825/825/825 873/873/873
f 825/825/825 874/874/874 873/873/873
f 825/825/825 826/826/826 874/874/874
f 826/826/826 875/875/875 874/874/874
f 826/826/826 827/827/827 875/875/875
f 827/827/827 876/876/876 875/875/875
f 827/827/827 828/828/828 876/876/876
f 828/828/828 877/877/877 876/876/876
f 828/828/828 829/829/829 877/877/877
f 829/829/829 878/878/878 877/877/877
f 829/829/829 830/830/830 878/878/878
f 830/830/830 879/879/879 878/878/878
f 830/830/830 831/831/831 879/879/879
f 831/831/831 880/880/880 879/879/879
f 831/831/831 832/832/832 880/880/880
f 832/832/832 881/881/881 880/880/880
f 832/832/832 833/833/833 881/881/881
f 833/833/833 882/882/882 881/881/881
f 834/834/834 835/835/835 883/883/883
f 835/835/835 884/884/884 883/883/883
f 835/835/835 836/836/836 884/884/884
f 836/836/836 885/885/885 884/884/884
f 836/836/836 837/837/837 885/885/885
f 837/837/837 886/886/886 885/885/885
f 837/837/837 838/838/838 886/886/886
f 838/838/838 887/887/887 886/886/886
f 838/838/838 839/839/839 887/887/887
f 839/839/839 888/888/888 887/887/887
f 839/839/839 840/840/840 888/888/888
f 840/840/840 889/889/889 888/888/888
f 840/840/840 841/841/841 889/889/889
f 841/841/841 890/890/890 889/889/889
f 841/841/841 842/842/842 890/890/890
f 842/842/842 891/891/891 890/890/890
f 842/842/842 843/843/843 891/891/891
f 843/843/843 892/892/892 891/891/891
f 843/843/843 844/844/844 892/892/892
f 844/844/844 893/893/893 892/892/892
f 844/844/844 845/845/845 893/893/893
f 845/845/845 894/894/894 893/893/893
f 845/845/845 846/846/846 894/894/894
f 846/846/846 895/895/895 894/894/894
f 846/846/846 847/847/847 895/895/895
f 847/847/847 896/896/896 895/895/895
f 847/847/847 848/848/848 896/896/896
f 848/848/848 897/897/897 896/896/896
f 848/848/848 849/849/849 897/897/897
f 849/849/849 898/898/898 897/897/897
f 849/849/849 850/850/850 898/898/898
f 850/850/850 899/899/899 898/898/898
f 850/850/850 851/851/851 899/899/899
f 851/851/851 900/900/900 899/899/899
f 851/851/851 852/852/852 900/900/900
f 852/852/852 901/901/901 900/900/900
f 852/852/852 853/853/853 901/901/901
f 853/853/853 902/902/902 901/901/901
f 853/853/853 854/854/854 902/902/902
f 854/854/854 903/903/903 902/902/902
f 854/854/854 855/855/855 903/903/903
f 855/855/855 904/904/904 903/903/903
f 855/855/855 856/856/856 904/904/904
f 856/856/856 905/905/905 904/904/904
f 856/856/856 857/857/857 905/905/905
f 857/857/857 906/906/906 905/905/905
f 857/857/857 858/858/858 906/906/906
f 858/858/858 907/907/907 906/906/906
f 858/858/858 859/859/859 907/907/907
f 859/859/859 908/908/908 907/907/907
f 859/859/859 860/860/860 908/908/908
f 860/860/860 909/909/909 908/908/908
f 860/860/860 861/861/861 909/909/909
f 861/861/861 910/910/910 909/909/909
f 861/861/861 862/862/862 910/910/910
f 862/862/862 911/911/911 910/910/910
f 862/862/862 863/863/863 911/911/911
f 863/863/863 912/912/912 911/911/911
f 863/863/863 864/864/864 912/912/912
f 864/864/864 913/913/913 912/912/912
f 864/864/864 865/865/865 913/913/913
f 865/865/865 914/914/914 913/913/913
f 865/865/865 866/866/866 914/914/914
f 866/866/866 915/915/915 914/914/914
f 866/866/866 867/867/867 915/915/915
f 867/867/867 916/916/916 915/915/915
f 867/867/867 868/868/868 916/916/916
f 868/868/868 917/917/917 916/916/916
f 868/868/868 869/869/869 917/917/917
f 869/869/869 918/918/918 917/917/917
f 869/869/869 870/870/870 918/918/918
f 870/870/870 919/919/919 918/918/918
f 870/870/870 871/871/871 919/919/919
f 871/871/871 920/920/920 919/919/919
f 871/871/871 872/872/872 920/920/920
f 872/872/872 921/921/921 920/920/920
f 872/872/872 873/873/873 921/921/921
f 873/873/873 922/922/922 921/921/921
f 873/873/873 874/874/874 922/922/922
f 874/874/874 923/923/923 922/922/922
f 874/874/874 875/875/875 923/923/923
f 875/875/875 924/924/924 923/923/923
f 875/875/875 876/876/876 924/924/924
f 876/876/876 925/925/925 924/924/924
f 876/876/876 877/877/877 925/925/925
f 877/877/877 926/926/926 925/925/925
f 877/877/877 878/878/878 926/926/926
f 878/878/878 927/927/927 926/926/926
f 878/878/878 879/879/879 927/927/927
f 879/879/879 928/928/928 927/927/927
f 879/879/879 880/880/880 928/928/928
f 880/880/880 929/929/929 928/928/928
f 880/880/880 881/881/881 929/929/929
f 881/881/881 930/930/930 929/929/929
f 881/881/881 882/882/882 930/930/930
f 882/882/882 931/931/931 930/930/930
f 883/883/883 884/884/884 932/932/932
f 884/884/884 933/933/933 932/932/932
f 884/884/884 885/885/885 933/933/933
f 885/885/885 934/934/934 933/933/933
f 885/885/885 886/886/886 934/934/934
f 886/886/886 935/935/935 934/934/934
f 886/886/886 887/887/887 935/935/935
f 887/887/887 936/936/936 935/935/935
f 887/887/887 888/888/888 936/936/936
f 888/888/888 937/937/937 936/936/936
f 888/888/888 889/889/889 937/937/937
f 889/889/889 938/938/938 937/937/937
f 889/889/889 890/890/890 938/938/938
f 890/890/890 939/939/939 938/938/938
f 890/890/890 891/891/891 939/939/939
f 891/891/891 940/940/940 939/939/939
f 891/891/891 892/892/892 940/940/940
f 892/892/892 941/941/941 940/940/940
f 892/892/892 893/893/893 941/941/941
f 893/893/893 942/942/942 941/941/941
f 893/893/893 894/894/894 942/942/942
f 894/894/894 943/943/943 942/942/942
f 894/894/894 895/895/895 943/943/943
f 895/895/895 944/944/944 943/943/943
f 895/895/895 896/896/896 944/944/944
f 896/896/896 945/945/945 944/944/944
f 896/896/896 897/897/897 945/945/945
f 897/897/897 946/946/946 945/945/945
f 897/897/897 898/898/898 946/946/946
f 898/898/898 947/947/947 946/946/946
f 898/898/898 899/899/899 947/947/947
f 899/899/899 948/948/948 947/947/947
f 899/899/899 900/900/900 948/948/948
f 900/900/900 949/949/949 948/948/948
f 900/900/900 901/901/901 949/949/949
f 901/901/901 950/950/950 949/949/949
f 901/901/901 902/902/902 950/950/950
f 902/902/902 951/951/951 950/950/950
f 902/902/902 903/903/903 951/951/951
f 903/903/903 952/952/952 951/951/951
f 903/903/903 904/904/904 952/952/952
f 904/904/904 953/953/953 952/952/952
f 904/904/904 905/905/905 953/953/953
f 905/905/905 954/954/954 953/953/953
f 905/905/905 906/906/906 954/954/954
f 906/906/906 955/955/955 954/954/954
f 906/906/906 907/907/907 955/955/955
f 907/907/907 956/956/956 955/955/955
f 907/907/907 908/908/908 956/956/956
f 908/908/908 957/957/957 956/956/956
f 908/908/908 909/909/909 957/957/957
f 909/909/909 958/958/958 957/957/957
f 909/909/909 910/910/910 958/958/958
f 910/910/910 959/959/959 958/958/958
f 910/910/910 911/911/911 959/959/959
f 911/911/911 960/960/960 959/959/959
f 911/911/911 912/912/912 960/960/960
f 912/912/912 961/961/961 960/960/960
f 912/912/912 913/913/913 961/961/961
f 913/913/913 962/962/962 961/961/961
f 913/913/913 914/914/914 962/962/962
f 914/914/914 963/963/963 962/962/962
f 914/914/914 915/915/915 963/963/963
f 915/915/915 964/964/964 963/963/963
f 915/915/915 916/916/916 964/964/964
f 916/916/916 965/965/965 964/964/964
f 916/916/916 917/917/917 965/965/965
f 917/917/917 966/966/966 965/965/965
f 917/917/917 918/918/918 966/966/966
f 918/918/918 967/967/967 966/966/966
f 918/918/918 919/919/919 967/967/967
f 919/919/919 968/968/968 967/967/967
f 919/919/919 920/920/920 968/968/968
f 920/920/920 969/969/969 968/968/968
f 920/920/920 921/921/921 969/969/969
f 921/921/921 970/970/970 969/969/969
f 921/921/921 922/922/922 970/970/970
f 922/922/922 971/971/971 970/970/970
f 922/922/922 923/923/923 971/971/971
f 923/923/923 972/972/972 971/971/971
f 923/923/923 924/924/924 972/972/972
f 924/924/924 973/973/973 972/972/972
f 924/924/924 925/925/925 973/973/973
f 925/925/925 974/974/974 973/973/973
f 925/925/925 926/926/926 974/974/974
f 926/926/926 975/975/975 974/974/974
f 926/926/926 927/927/927 975/975/975
f 927/927/927 976/976/976 975/975/975
f 927/927/927 928/928/928 976/976/976
f 928/928/928 977/977/977 976/976/976
f 928/928/928 929/929/929 977/977/977
f 929/929/929 978/978/978 977/977/977
f 929/929/929 930/930/930 978/978/978
f 930/930/930 979/979/979 978/978/978
f 930/930/930 931/931/931 979/979/979
f 931/931/931 980/980/980 979/979/979
f 932/932/932 933/933/933 981/981/981
f 933/933/933 982/982/982 981/981/981
f 933/933/933 934/934/934 982/982/982
f 934/934/934 983/983/983 982/982/982
f 934/934/934 935/935/935 983/983/983
f 935/935/935 984/984/984 983/983/983
f 935/935/935 936/936/936 984/984/984
f 936/936/936 985/985/985 984/984/984
f 936/936/936 937/937/937 985/985/985
f 937/937/937 986/986/986 985/985/985
f 937/937/937 938/938/938 986/986/986
f 938/938/938 987/987/987 986/986/986
f 938/938/938 939/939/939 987/987/987
f 939/939/939 988/988/988 987/987/987
f 939/939/939 940/940/940 988/988/988
f 940/940/940 989/989/989 988/988/988
f 940/940/940 941/941/941 989/989/989
f 941/941/941 990/990/990 989/989/989
f 941/941/941 942/942/942 990/990/990
f 942/942/942 991/991/991 990/990/990
f 942/942/942 943/943/943 991/991/991
f 943/943/943 992/992/992 991/991/991
f 943/943/943 944/944/944 992/992/992
f 944/944/944 993/993/993 992/992/992
f 944/944/944 945/945/945 993/993/993
f 945/945/945 994/994/994 993/993/993
f 945/945/945 946/946/946 994/994/994
f 946/946/946 995/995/995 994/994/994
f 946/946/946 947/947/947 995/995/995
f 947/947/947 996/996/996 995/995/995
f 947/947/947 948/948/948 996/996/996
f 948/948/948 997/997/997 996/996/996
f 948/948/948 949/949/949 997/997/997
f 949/949/949 998/998/998 997/997/997
f 949/949/949 950/950/950 998/998/998
f 950/950/950 999/999/999 998/998/998
f 950/950/950 951/951/951 999/999/999
f 951/951/951 1000/1000/1000 999/999/999
f 951/951/951 952/952/952 1000/1000/1000
f 952/952/952 1001/1001/1001 1000/1000/1000
f 952/952/952 953/953/953 1001/1001/1001
f 953/953/953 1002/1002/1002 1001/1001/1001
f 953/953/953 954/954/954 1002/1002/1002
f 954/954/954 1003/1003/1003 1002/1002/1002
f 954/954/954 955/955/955 1003/1003/1003
f 955/955/955 1004/1004/1004 1003/1003/1003
f 955/955/955 956/956/956 1004/1004/1004
f 956/956/956 1005/1005/1005 1004/1004/1004
f 956/956/956 957/957/957 1005/1005/1005
f 957/957/957 1006/1006/1006 1005/1005/1005
f 957/957/957 958/958/958 1006/1006/1006
f 958/958/958 1007/1007/1007 1006/1006/1006
f 958/958/958 959/959/959 1007/1007/1007
f 959/959/959 1008/1008/1008 1007/1007/1007
f 959/959/959 960/960/960 1008/1008/1008
f 960/960/960 1009/1009/1009 1008/1008/1008
f 960/960/960 961/961/961 1009/1009/1009
f 961/961/961 1010/1010/1010 1009/1009/1009
f 961/961/961 962/962/962 1010/1010/1010
f 962/962/962 1011/1011/1011 1010/1010/1010
f 962/962/962 963/963/963 1011/1011/1011
f 963/963/963 1012/1012/1012 1011/1011/1011
f 963/963/963 964/964/964 1012/1012/1012
f 964/964/964 1013/1013/1013 1012/1012/1012
f 964/964/964 965/965/965 1013/1013/1013
f 965/965/965 1014/1014/1014 1013/1013/1013
f 965/965/965 966/966/966 1014/1014/1014
f 966/966/966 1015/1015/1015 1014/1014/1014
f 966/966/966 967/967/967 1015/1015/1015
f 967/967/967 1016/1016/1016 1015/1015/1015
f 967/967/967 968/968/968 1016/1016/1016
f 968/968/968 1017/1017/1017 1016/1016/1016
f 968/968/968 969/969/969 1017/1017/1017
f 969/969/969 1018/1018/1018 1017/1017/1017
f 969/969/969 970/970/970 1018/1018/1018
f 970/970/970 1019/1019/1019 1018/1018/1018
f 970/970/970 971/971/971 1019/1019/1019
f 971/971/971 1020/1020/1020 1019/1019/1019
f 971/971/971 972/972/972 1020/1020/1020
f 972/972/972 1021/1021/1021 1020/1020/1020
f 972/972/972 973/973/973 1021/1021/1021
f 973/973/973 1022/1022/1022 1021/1021/1021
f 973/973/973 974/974/974 1022/1022/1022
f 974/974/974 1023/1023/1023 1022/1022/1022
f 974/974/974 975/975/975 1023/1023/1023
f 975/975/975 1024/1024/1024 1023/1023/1023
f 975/975/975 976/976/976 1024/1024/1024
f 976/976/976 1025/1025/1025 1024/1024/1024
f 976/976/976 977/977/977 1025/1025/1025
f 977/977/977 1026/1026/1026 1025/1025/1025
f 977/977/977 978/978/978 1026/1026/1026
f 978/978/978 1027/1027/1027 1026/1026/1026
f 978/978/978 979/979/979 1027/1027/1027
f 979/979/979 1028/1028/1028 1027/1027/1027
f 979/979/979 980/980/980 1028/1028/1028
f 980/980/980 1029/1029/1029 1028/1028/1028
f 981/981/981 982/982/982 1030/1030/1030
f 982/982/982 1031/1031/1031 1030/1030/1030
f 982/982/982 983/983/983 1031/1031/1031
f 983/983/983 1032/1032/1032 1031/1031/1031
f 983/983/983 984/984/984 1032/1032/1032
f 984/984/984 1033/1033/1033 1032/1032/1032
f 984/984/984 985/985/985 1033/1033/1033
f 985/985/985 1034/1034/1034 1033/1033/1033
f 985/985/985 986/986/986 1034/1034/1034
f 986/986/986 1035/1035/1035 1034/1034/1034
f 986/986/986 987/987/987 1035/1035/1035
f 987/987/987 1036/1036/1036 1035/1035/1035
f 987/987/987 988/988/988 1036/1036/1036
f 988/988/988 1037/1037/1037 1036/1036/1036
f 988/988/988 989/989/989 1037/1037/1037
f 989/989/989 1038/1038/1038 1037/1037/1037
f 989/989/989 990/990/990 1038/1038/1038
f 990/990/990 1039/1039/1039 1038/1038/1038
f 990/990/990 991/991/991 1039/1039/1039
f 991/991/991 1040/1040/1040 1039/1039/1039
f 991/991/991 992/992/992 1040/1040/1040
f 992/992/992 1041/1041/1041 1040/1040/1040
f 992/992/992 993/993/993 1041/1041/1041
f 993/993/993 1042/1042/1042 1041/1041/1041
f 993/993/993 994/994/994 1042/1042/1042
f 994/994/994 1043/1043/1043 1042/1042/1042
f 994/994/994 995/995/995 1043/1043/1043
f 995/995/995 1044/1044/1044 1043/1043/1043
f 995/995/995 996/996/996 1044/1044/1044
f 996/996/996 1045/1045/1045 1044/1044/1044
f 996/996/996 997/997/997 1045/1045/1045
f 997/997/997 1046/1046/1046 1045/1045/1045
f 997/997/997 998/998/998 1046/1046/1046
f 998/998/998 1047/1047/1047 1046/1046/1046
f 998/998/998 999/999/999 1047/1047/1047
f 999/999/999 1048/1048/1048 1047/1047/1047
f 999/999/999 1000/1000/1000 1048/1048/1048
f 1000/1000/1000 1049/1049/1049 1048/1048/1048
f 1000/1000/1000 1001/1001/1001 1049/1049/1049
f 1001/1001/1001 1050/1050/1050 1049/1049/1049
f 1001/1001/1001 1002/1002/1002 1050/1050/1050
f 1002/1002/1002 1051/1051/1051 1050/1050/1050
f 1002/1002/1002 1003/1003/1003 1051/1051/1051
f 1003/1003/1003 1052/1052/1052 1051/1051/1051
f 1003/1003/1003 1004/1004/1004 1052/1052/1052
f 1004/1004/1004 1053/1053/1053 1052/1052/1052
f 1004/1004/1004 1005/1005/1005 1053/1053/1053
f 1005/1005/1005 1054/1054/1054 1053/1053/1053
f 1005/1005/1005 1006/1006/1006 1054/1054/1054
f 1006/1006/1006 1055/1055/1055 1054/1054/1054
f 1006/1006/1006 1007/1007/1007 1055/1055/1055
f 1007/1007/1007 1056/1056/1056 1055/1055/1055
f 1007/1007/1007 1008/1008/1008 1056/1056/1056
f 1008/1008/1008 1057/1057/1057 1056/1056/1056
f 1008/1008/1008 1009/1009/1009 1057/1057/1057
f 1009/1009/1009 1058/1058/1058 1057/1057/1057
f 1009/1009/1009 1010/1010/1010 1058/1058/1058
f 1010/1010/1010 1059/1059/1059 1058/1058/1058
f 1010/1010/1010 1011/1011/1011 1059/1059/1059
f 1011/1011/1011 1060/1060/1060 1059/1059/1059
f 1011/1011/1011 1012/1012/1012 1060/1060/1060
f 1012/1012/1012 1061/1061/1061 1060/1060/1060
f 1012/1012/1012 1013/1013/1013 1061/1061/1061
f 1013/1013/1013 1062/1062/1062 1061/1061/1061
f 1013/1013/1013 1014/1014/1014 1062/1062/1062
f 1014/1014/1014 1063/1063/1063 1062/1062/1062
f 1014/1014/1014 1015/1015/1015 1063/1063/1063
f 1015/1015/1015 1064/1064/1064 1063/1063/1063
f 1015/1015/1015 1016/1016/1016 1064/1064/1064
f 1016/1016/1016 1065/1065/1065 1064/1064/1064
f 1016/1016/1016 1017/1017/1017 1065/1065/1065
f 1017/1017/1017 1066/1066/1066 1065/1065/1065
f 1017/1017/1017 1018/1018/1018 1066/1066/1066
f 1018/1018/1018 1067/1067/1067 1066/1066/1066
f 1018/1018/1018 1019/1019/1019 1067/1067/1067
f 1019/1019/1019 1068/1068/1068 1067/1067/1067
f 1019/1019/1019 1020/1020/1020 1068/1068/1068
f 1020/1020/1020 1069/1069/1069 1068/1068/1068
f 1020/1020/1020 1021/1021/1021 1069/1069/1069
f 1021/1021/1021 1070/1070/1070 1069/1069/1069
f 1021/1021/1021 1022/1022/1022 1070/1070/1070
f 1022/1022/1022 1071/1071/1071 1070/1070/1070
f 1022/1022/1022 1023/1023/1023 1071/1071/1071
f 1023/1023/1023 1072/1072/1072 1071/1071/1071
f 1023/1023/1023 1024/1024/1024 1072/1072/1072
f 1024/1024/1024 1073/1073/1073 1072/1072/1072
f 1024/1024/1024 1025/1025/1025 1073/1073/1073
f 1025/1025/1025 1074/1074/1074 1073/1073/1073
f 1025/1025/1025 1026/1026/1026 1074/1074/1074
f 1026/1026/1026 1075/1075/1075 1074/1074/1074
f 1026/1026/1026 1027/1027/1027 1075/1075/1075
f 1027/1027/1027 1076/1076/1076 1075/1075/1075
f 1027/1027/1027 1028/1028/1028 1076/1076/1076
f 1028/1028/1028 1077/1077/1077 1076/1076/1076
f 1028/1028/1028 1029/1029/1029 1077/1077/1077
f 1029/1029/1029 1078/1078/1078 1077/1077/1077
f 1030/1030/1030 1031/1031/1031 1079/1079/1079
f 1031/1031/1031 1080/1080/1080 1079/1079/1079
f 1031/1031/1031 1032/1032/1032 1080/1080/1080
f 1032/1032/1032 1081/1081/1081 1080/1080/1080
f 1032/1032/1032 1033/1033/1033 1081/1081/1081
f 1033/1033/1033 1082/1082/1082 1081/1081/1081
f 1033/1033/1033 1034/1034/1034 1082/1082/1082
f 1034/1034/1034 1083/1083/1083 1082/1082/1082
f 1034/1034/1034 1035/1035/1035 1083/1083/1083
f 1035/1035/1035 1084/1084/1084 1083/1083/1083
f 1035/1035/1035 1036/1036/1036 1084/1084/1084
f 1036/1036/1036 1085/1085/1085 1084/1084/1084
f 1036/1036/1036 1037/1037/1037 1085/1085/1085
f 1037/1037/1037 1086/1086/1086 1085/1085/1085
f 1037/1037/1037 1038/1038/1038 1086/1086/1086
f 1038/1038/1038 1087/1087/1087 1086/1086/1086
f 1038/1038/1038 1039/1039/1039 1087/1087/1087
f 1039/1039/1039 1088/1088/1088 1087/1087/1087
f 1039/1039/1039 1040/1040/1040 1088/1088/1088
f 1040/1040/1040 1089/1089/1089 1088/1088/1088
f 1040/1040/1040 1041/1041/1041 1089/1089/1089
f 1041/1041/1041 1090/1090/1090 1089/1089/1089
f 1041/1041/1041 1042/1042/1042 1090/1090/1090
f 1042/1042/1042 1091/1091/1091 1090/1090/1090
f 1042/1042/1042 1043/1043/1043 1091/1091/1091
f 1043/1043/1043 1092/1092/1092 1091/1091/1091
f 1043/1043/1043 1044/1044/1044 1092/1092/1092
f 1044/1044/1044 1093/1093/1093 1092/1092/1092
f 1044/1044/1044 1045/1045/1045 1093/1093/1093
f 1045/1045/1045 1094/1094/1094 1093/1093/1093
f 1045/1045/1045 1046/1046/1046 1094/1094/1094
f 1046/1046/1046 1095/1095/1095 1094/1094/1094
f 1046/1046/1046 1047/1047/1047 1095/1095/1095
f 1047/1047/1047 1096/1096/1096 1095/1095/1095
f 1047/1047/1047 1048/1048/1048 1096/1096/1096
f 1048/1048/1048 1097/1097/1097 1096/1096/1096
f 1048/1048/1048 1049/1049/1049 1097/1097/1097
f 1049/1049/1049 1098/1098/1098 1097/1097/1097
f 1049/1049/1049 1050/1050/1050 1098/1098/1098
f 1050/1050/1050 1099/1099/1099 1098/1098/1098
f 1050/1050/1050 1051/1051/1051 1099/1099/1099
f 1051/1051/1051 1100/1100/1100 1099/1099/1099
f 1051/1051/1051 1052/1052/1052 1100/1100/1100
f 1052/1052/1052 1101/1101/1101 1100/1100/1100
f 1052/1052/1052 1053/1053/1053 1101/1101/1101
f 1053/1053/1053 1102/1102/1102 1101/1101/1101
f 1053/1053/1053 1054/1054/1054 1102/1102/1102
f 1054/1054/1054 1103/1103/1103 1102/1102/1102
f 1054/1054/1054 1055/1055/1055 1103/1103/1103
f 1055/1055/1055 1104/1104/1104 1103/1103/1103
f 1055/1055/1055 1056/1056/1056 1104/1104/1104
f 1056/1056/1056 1105/1105/1105 1104/1104/1104
f 1056/1056/1056 1057/1057/1057 1105/1105/1105
f 1057/1057/1057 1106/1106/1106 1105/1105/1105
f 1057/1057/1057 1058/1058/1058 1106/1106/1106
f 1058/1058/1058 1107/1107/1107 1106/1106/1106
f 1058/1058/1058 1059/1059/1059 1107/1107/1107
f 1059/1059/1059 1108/1108/1108 1107/1107/1107
f 1059/1059/1059 1060/1060/1060 1108/1108/1108
f 1060/1060/1060 1109/1109/1109 1108/1108/1108
f 1060/1060/1060 1061/1061/1061 1109/1109/1109
f 1061/1061/1061 1110/1110/1110 1109/1109/1109
f 1061/1061/1061 1062/1062/1062 1110/1110/1110
f 1062/1062/1062 1111/1111/1111 1110/1110/1110
f 1062/1062/1062 1063/1063/1063 1111/1111/1111
f 1063/1063/1063 1112/1112/1112 1111/1111/1111
f 1063/1063/1063 1064/1064/1064 1112/1112/1112
f 1064/1064/1064 1113/1113/1113 1112/1112/1112
f 1064/1064/1064 1065/1065/1065 1113/1113/1113
f 1065/1065/1065 1114/1114/1114 1113/1113/1113
f 1065/1065/1065 1066/1066/1066 1114/1114/1114
f 1066/1066/1066 1115/1115/1115 1114/1114/1114
f 1066/1066/1066 1067/1067/1067 1115/1115/1115
f 1067/1067/1067 1116/1116/1116 1115/1115/1115
f 1067/1067/1067 1068/1068/1068 1116/1116/1116
f 1068/1068/1068 1117/1117/1117 1116/1116/1116
f 1068/1068/1068 1069/1069/1069 1117/1117/1117
f 1069/1069/1069 1118/1118/1118 1117/1117/1117
f 1069/1069/1069 1070/1070/1070 1118/1118/1118
f 1070/1070/1070 1119/1119/1119 1118/1118/1118
f 1070/1070/1070 1071/1071/1071 1119/1119/1119
f 1071/1071/1071 1120/1120/1120 1119/1119/1119
f 1071/1071/1071 1072/1072/1072 1120/1120/1120
f 1072/1072/1072 1121/1121/1121 1120/1120/1120
f 1072/1072/1072 1073/1073/1073 1121/1121/1121
f 1073/1073/1073 1122/1122/1122 1121/1121/1121
f 1073/1073/1073 1074/1074/1074 1122/1122/1122
f 1074/1074/1074 1123/1123/1123 1122/1122/1122
f 1074/1074/1074 1075/1075/1075 1123/1123/1123
f 1075/1075/1075 1124/1124/1124 1123/1123/1123
f 1075/1075/1075 1076/1076/1076 1124/1124/1124
f 1076/1076/1076 1125/1125/1125 1124/1124/1124
f 1076/1076/1076 1077/1077/1077 1125/1125/1125
f 1077/1077/1077 1126/1126/1126 1125/1125/1125
f 1077/1077/1077 1078/1078/1078 1126/1126/1126
f 1078/1078/1078 1127/1127/1127 1126/1126/1126
f 1079/1079/1079 1080/1080/1080 1128/1128/1128
f 1080/1080/1080 1129/1129/1129 1128/1128/1128
f 1080/1080/1080 1081/1081/1081 1129/1129/1129
f 1081/1081/1081 1130/1130/1130 1129/1129/1129
f 1081/1081/1081 1082/1082/1082 1130/1130/1130
f 1082/1082/1082 1131/1131/1131 1130/1130/1130
f 1082/1082/1082 1083/1083/1083 1131/1131/1131
f 1083/1083/1083 1132/1132/1132 1131/1131/1131
f 1083/1083/1083 1084/1084/1084 1132/1132/1132
f 1084/1084/1084 1133/1133/1133 1132/1132/1132
f 1084/1084/1084 1085/1085/1085 1133/1133/1133
f 1085/1085/1085 1134/1134/1134 1133/1133/1133
f 1085/1085/1085 1086/1086/1086 1134/1134/1134
f 1086/1086/1086 1135/1135/1135 1134/1134/1134
f 1086/1086/1086 1087/1087/1087 1135/1135/1135
f 1087/1087/1087 1136/1136/1136 1135/1135/1135
f 1087/1087/1087 1088/1088/1088 1136/1136/1136
f 1088/1088/1088 1137/1137/1137 1136/1136/1136
f 1088/1088/1088 1089/1089/1089 1137/1137/1137
f 1089/1089/1089 1138/1138/1138 1137/1137/1137
f 1089/1089/1089 1090/1090/1090 1138/1138/1138
f 1090/1090/1090 1139/1139/1139 1138/1138/1138
f 1090/1090/1090 1091/1091/1091 1139/1139/1139
f 1091/1091/1091 1140/1140/1140 1139/1139/1139
f 1091/1091/1091 1092/1092/1092 1140/1140/1140
f 1092/1092/1092 1141/1141/1141 1140/1140/1140
f 1092/1092/1092 1093/1093/1093 1141/1141/1141
f 1093/1093/1093 1142/1142/1142 1141/1141/1141
f 1093/1093/1093 1094/1094/1094 1142/1142/1142
f 1094/1094/1094 1143/1143/1143 1142/1142/1142
f 1094/1094/1094 1095/1095/1095 1143/1143/1143
f 1095/1095/1095 1144/1144/1144 1143/1143/1143
f 1095/1095/1095 1096/1096/1096 1144/1144/1144
f 1096/1096/1096 1145/1145/1145 1144/1144/1144
f 1096/1096/1096 1097/1097/1097 1145/1145/1145
f 1097/1097/1097 1146/1146/1146 1145/1145/1145
f 1097/1097/1097 1098/1098/1098 1146/1146/1146
f 1098/1098/1098 1147/1147/1147 1146/1146/1146
f 1098/1098/1098 1099/1099/1099 1147/1147/1147
f 1099/1099/1099 1148/1148/1148 1147/1147/1147
f 1099/1099/1099 1100/1100/1100 1148/1148/1148
f 1100/1100/1100 1149/1149/1149 1148/1148/1148
f 1100/1100/1100 1101/1101/1101 1149/1149/1149
f 1101/1101/1101 1150/1150/1150 1149/1149/1149
f 1101/1101/1101 1102/1102/1102 1150/1150/1150
f 1102/1102/1102 1151/1151/1151 1150/1150/1150
f 1102/1102/1102 1103/1103/1103 1151/1151/1151
f 1103/1103/1103 1152/1152/1152 1151/1151/1151
f 1103/1103/1103 1104/1104/1104 1152/1152/1152
f 1104/1104/1104 1153/1153/1153 1152/1152/1152
f 1104/1104/1104 1105/1105/1105 1153/1153/1153
f 1105/1105/1105 1154/1154/1154 1153/1153/1153
f 1105/1105/1105 1106/1106/1106 1154/1154/1154
f 1106/1106/1106 1155/1155/1155 1154/1154/1154
f 1106/1106/1106 1107/1107/1107 1155/1155/1155
f 1107/1107/1107 1156/1156/1156 1155/1155/1155
f 1107/1107/1107 1108/1108/1108 1156/1156/1156
f 1108/1108/1108 1157/1157/1157 1156/1156/1156
f 1108/1108/1108 1109/1109/1109 1157/1157/1157
f 1109/1109/1109 1158/1158/1158 1157/1157/1157
f 1109/1109/1109 1110/1110/1110 1158/1158/1158
f 1110/1110/1110 1159/1159/1159 1158/1158/1158
f 1110/1110/1110 1111/1111/1111 1159/1159/1159
f 1111/1111/1111 1160/1160/1160 1159/1159/1159
f 1111/1111/1111 1112/1112/1112 1160/1160/1160
f 1112/1112/1112 1161/1161/1161 1160/1160/1160
f 1112/1112/1112 1113/1113/1113 1161/1161/1161
f 1113/1113/1113 1162/1162/1162 1161/1161/1161
f 1113/1113/1113 1114/1114/1114 1162/1162/1162
f 1114/1114/1114 1163/1163/1163 1162/1162/1162
f 1114/1114/1114 1115/1115/1115 1163/1163/1163
f 1115/1115/1115 1164/1164/1164 1163/1163/1163
f 1115/1115/1115 1116/1116/1116 1164/1164/1164
f 1116/1116/1116 1165/1165/1165 1164/1164/1164
f 1116/1116/1116 1117/1117/1117 1165/1165/1165
f 1117/1117/1117 1166/1166/1166 1165/1165/1165
f 1117/1117/1117 1118/1118/1118 1166/1166/1166
f 1118/1118/1118 1167/1167/1167 1166/1166/1166
f 1118/1118/1118 1119/1119/1119 1167/1167/1167
f 1119/1119/1119 1168/1168/1168 1167/1167/1167
f 1119/1119/1119 1120/1120/1120 1168/1168/1168
f 1120/1120/1120 1169/1169/1169 1168/1168/1168
f 1120/1120/1120 1121/1121/1121 1169/1169/1169
f 1121/1121/1121 1170/1170/1170 1169/1169/1169
f 1121/1121/1121 1122/1122/1122 1170/1170/1170
f 1122/1122/1122 1171/1171/1171 1170/1170/1170
f 1122/1122/1122 1123/1123/1123 1171/1171/1171
f 1123/1123/1123 1172/1172/1172 1171/1171/1171
f 1123/1123/1123 1124/1124/1124 1172/1172/1172
f 1124/1124/1124 1173/1173/1173 1172/1172/1172
f 1124/1124/1124 1125/1125/1125 1173/1173/1173
f 1125/1125/1125 1174/1174/1174 1173/1173/1173
f 1125/1125/1125 1126/1126/1126 1174/1174/1174
f 1126/1126/1126 1175/1175/1175 1174/1174/1174
f 1126/1126/1126 1127/1127/1127 1175/1175/1175
f 1127/1127/1127 1176/1176/1176 1175/1175/1175
f 1128/1128/1128 1129/1129/1129 1177/1177/1177
f 1129/1129/1129 1178/1178/1178 1177/1177/1177
f 1129/1129/1129 1130/1130/1130 1178/1178/1178
f 1130/1130/1130 1179/1179/1179 1178/1178/1178
f 1130/1130/1130 1131/1131/1131 1179/1179/1179
f 1131/1131/1131 1180/1180/1180 1179/1179/1179
f 1131/1131/1131 1132/1132/1132 1180/1180/1180
f 1132/1132/1132 1181/1181/1181 1180/1180/1180
f 1132/1132/1132 1133/1133/1133 1181/1181/1181
f 1133/1133/1133 1182/1182/1182 1181/1181/1181
f 1133/1133/1133 1134/1134/1134 1182/1182/1182
f 1134/1134/1134 1183/1183/1183 1182/1182/1182
f 1134/1134/1134 1135/1135/1135 1183/1183/1183
f 1135/1135/1135 1184/1184/1184 1183/1183/1183
f 1135/1135/1135 1136/1136/1136 1184/1184/1184
f 1136/1136/1136 1185/1185/1185 1184/1184/1184
f 1136/1136/1136 1137/1137/1137 1185/1185/1185
f 1137/1137/1137 1186/1186/1186 1185/1185/1185
f 1137/1137/1137 1138/1138/1138 1186/1186/1186
f 1138/1138/1138 1187/1187/1187 1186/1186/1186
f 1138/1138/1138 1139/1139/1139 1187/1187/1187
f 1139/1139/1139 1188/1188/1188 1187/1187/1187
f 1139/1139/1139 1140/1140/1140 1188/1188/1188
f 1140/1140/1140 1189/1189/1189 1188/1188/1188
f 1140/1140/1140 1141/1141/1141 1189/1189/1189
f 1141/1141/1141 1190/1190/1190 1189/1189/1189
f 1141/1141/1141 1142/1142/1142 1190/1190/1190
f 1142/1142/1142 1191/1191/1191 1190/1190/1190
f 1142/1142/1142 1143/1143/1143 1191/1191/1191
f 1143/1143/1143 1192/1192/1192 1191/1191/1191
f 1143/1143/1143 1144/1144/1144 1192/1192/1192
f 1144/1144/1144 1193/1193/1193 1192/1192/1192
f 1144/1144/1144 1145/1145/1145 1193/1193/1193
f 1145/1145/1145 1194/1194/1194 1193/1193/1193
f 1145/1145/1145 1146/1146/1146 1194/1194/1194
f 1146/1146/1146 1195/1195/1195 1194/1194/1194
f 1146/1146/1146 1147/1147/1147 1195/1195/1195
f 1147/1147/1147 1196/1196/1196 1195/1195/1195
f 1147/1147/1147 1148/1148/1148 1196/1196/1196
f 1148/1148/1148 1197/1197/1197 1196/1196/1196
f 1148/1148/1148 1149/1149/1149 1197/1197/1197
f 1149/1149/1149 1198/1198/1198 1197/1197/1197
f 1149/1149/1149 1150/1150/1150 1198/1198/1198
f 1150/1150/1150 1199/1199/1199 1198/1198/1198
f 1150/1150/1150 1151/1151/1151 1199/1199/1199
f 1151/1151/1151 1200/1200/1200 1199/1199/1199
f 1151/1151/1151 1152/1152/1152 1200/1200/1200
f 1152/1152/1152 1201/1201/1201 1200/1200/1200
f 1152/1152/1152 1153/1153/1153 1201/1201/1201
f 1153/1153/1153 1202/1202/1202 1201/1201/1201
f 1153/1153/1153 1154/1154/1154 1202/1202/1202
f 1154/1154/1154 1203/1203/1203 1202/1202/1202
f 1154/1154/1154 1155/1155/1155 1203/1203/1203
f 1155/1155/1155 1204/1204/1204 1203/1203/1203
f 1155/1155/1155 1156/1156/1156 1204/1204/1204
f 1156/1156/1156 1205/1205/1205 1204/1204/1204
f 1156/1156/1156 1157/1157/1157 1205/1205/1205
f 1157/1157/1157 1206/1206/1206 1205/1205/1205
f 1157/1157/1157 1158/1158/1158 1206/1206/1206
f 1158/1158/1158 1207/1207/1207 1206/1206/1206
f 1158/1158/1158 1159/1159/1159 1207/1207/1207
f 1159/1159/1159 1208/1208/1208 1207/1207/1207
f 1159/1159/1159 1160/1160/1160 1208/1208/1208
f 1160/1160/1160 1209/1209/1209 1208/1208/1208
f 1160/1160/1160 1161/1161/1161 1209/1209/1209
f 1161/1161/1161 1210/1210/1210 1209/1209/1209
f 1161/1161/1161 1162/1162/1162 1210/1210/1210
f 1162/1162/1162 1211/1211/1211 1210/1210/1210
f 1162/1162/1162 1163/1163/1163 1211/1211/1211
f 1163/1163/1163 1212/1212/1212 1211/1211/1211
f 1163/1163/1163 1164/1164/1164 1212/1212/1212
f 1164/1164/1164 1213/1213/1213 1212/1212/1212
f 1164/1164/1164 1165/1165/1165 1213/1213/1213
f 1165/1165/1165 1214/1214/1214 1213/1213/1213
f 1165/1165/1165 1166/1166/1166 1214/1214/1214
f 1166/1166/1166 1215/1215/1215 1214/1214/1214
f 1166/1166/1166 1167/1167/1167 1215/1215/1215
f 1167/1167/1167 1216/1216/1216 1215/1215/1215
f 1167/1167/1167 1168/1168/1168 1216/1216/1216
f 1168/1168/1168 1217/1217/1217 1216/1216/1216
f 1168/1168/1168 1169/1169/1169 1217/1217/1217
f 1169/1169/1169 1218/1218/1218 1217/1217/1217
f 1169/1169/1169 1170/1170/1170 1218/1218/1218
f 1170/1170/1170 1219/1219/1219 1218/1218/1218
f 1170/1170/1170 1171/1171/1171 1219/1219/1219
f 1171/1171/1171 1220/1220/1220 1219/1219/1219
f 1171/1171/1171 1172/1172/1172 1220/1220/1220
f 1172/1172/1172 1221/1221/1221 1220/1220/1220
f 1172/1172/1172 1173/1173/1173 1221/1221/1221
f 1173/1173/1173 1222/1222/1222 1221/1221/1221
f 1173/1173/1173 1174/1174/1174 1222/1222/1222
f 1174/1174/1174 1223/1223/1223 1222/1222/1222
f 1174/1174/1174 1175/1175/1175 1223/1223/1223
f 1175/1175/1175 1224/1224/1224 1223/1223/1223
f 1175/1175/1175 1176/1176/1176 1224/1224/1224
f 1176/1176/1176 1225/1225/1225 1224/1224/1224
f 1177/1177/1177 1178/1178/1178 1226/1226/1226
f 1178/1178/1178 1227/1227/1227 1226/1226/1226
f 1178/1178/1178 1179/1179/1179 1227/1227/1227
f 1179/1179/1179 1228/1228/1228 1227/1227/1227
f 1179/1179/1179 1180/1180/1180 1228/1228/1228
f 1180/1180/1180 1229/1229/1229 1228/1228/1228
f 1180/1180/1180 1181/1181/1181 1229/1229/1229
f 1181/1181/1181 1230/1230/1230 1229/1229/1229
f 1181/1181/1181 1182/1182/1182 1230/1230/1230
f 1182/1182/1182 1231/1231/1231 1230/1230/1230
f 1182/1182/1182 1183/1183/1183 1231/1231/1231
f 1183/1183/1183 1232/1232/1232 1231/1231/1231
f 1183/1183/1183 1184/1184/1184 1232/1232/1232
f 1184/1184/1184 1233/1233/1233 1232/1232/1232
f 1184/1184/1184 1185/1185/1185 1233/1233/1233
f 1185/1185/1185 1234/1234/1234 1233/1233/1233
f 1185/1185/1185 1186/1186/1186 1234/1234/1234
f 1186/1186/1186 1235/1235/1235 1234/1234/1234
f 1186/1186/1186 1187/1187/1187 1235/1235/1235
f 1187/1187/1187 1236/1236/1236 1235/1235/1235
f 1187/1187/1187 1188/1188/1188 1236/1236/1236
f 1188/1188/1188 1237/1237/1237 1236/1236/1236
f 1188/1188/1188 1189/1189/1189 1237/1237/1237
f 1189/1189/1189 1238/1238/1238 1237/1237/1237
f 1189/1189/1189 1190/1190/1190 1238/1238/1238
f 1190/1190/1190 1239/1239/1239 1238/1238/1238
f 1190/1190/1190 1191/1191/1191 1239/1239/1239
f 1191/1191/1191 1240/1240/1240 1239/1239/1239
f 1191/1191/1191 1192/1192/1192 1240/1240/1240
f 1192/1192/1192 1241/1241/1241 1240/1240/1240
f 1192/1192/1192 1193/1193/1193 1241/1241/1241
f 1193/1193/1193 1242/1242/1242 1241/1241/1241
f 1193/1193/1193 1194/1194/1194 1242/1242/1242
f 1194/1194/1194 1243/1243/1243 1242/1242/1242
f 1194/1194/1194 1195/1195/1195 1243/1243/1243
f 1195/1195/1195 1244/1244/1244 1243/1243/1243
f 1195/1195/1195 1196/1196/1196 1244/1244/1244
f 1196/1196/1196 1245/1245/1245 1244/1244/1244
f 1196/1196/1196 1197/1197/1197 1245/1245/1245
f 1197/1197/1197 1246/1246/1246 1245/1245/1245
f 1197/1197/1197 1198/1198/1198 1246/1246/1246
f 1198/1198/1198 1247/1247/1247 1246/1246/1246
f 1198/1198/1198 1199/1199/1199 1247/1247/1247
f 1199/1199/1199 1248/1248/1248 1247/1247/1247
f 1199/1199/1199 1200/1200/1200 1248/1248/1248
f 1200/1200/1200 1249/1249/1249 1248/1248/1248
f 1200/1200/1200 1201/1201/1201 1249/1249/1249
f 1201/1201/1201 1250/1250/1250 1249/1249/1249
f 1201/1201/1201 1202/1202/1202 1250/1250/1250
f 1202/1202/1202 1251/1251/1251 1250/1250/1250
f 1202/1202/1202 1203/1203/1203 1251/1251/1251
f 1203/1203/1203 1252/1252/1252 1251/1251/1251
f 1203/1203/1203 1204/1204/1204 1252/1252/1252
f 1204/1204/1204 1253/1253/1253 1252/1252/1252
f 1204/1204/1204 1205/1205/1205 1253/1253/1253
f 1205/1205/1205 1254/1254/1254 1253/1253/1253
f 1205/1205/1205 1206/1206/1206 1254/1254/1254
f 1206/1206/1206 1255/1255/1255 1254/1254/1254
f 1206/1206/1206 1207/1207/1207 1255/1255/1255
f 1207/1207/1207 1256/1256/1256 1255/1255/1255
f 1207/1207/1207 1208/1208/1208 1256/1256/1256
f 1208/1208/1208 1257/1257/1257 1256/1256/1256
f 1208/1208/1208 1209/1209/1209 1257/1257/1257
f 1209/1209/1209 1258/1258/1258 1257/1257/1257
f 1209/1209/1209 1210/1210/1210 1258/1258/1258
f 1210/1210/1210 1259/1259/1259 1258/1258/1258
f 1210/1210/1210 1211/1211/1211 1259/1259/1259
f 1211/1211/1211 1260/1260/1260 1259/1259/1259
f 1211/1211/1211 1212/1212/1212 1260/1260/1260
f 1212/1212/1212 1261/1261/1261 1260/1260/1260
f 1212/1212/1212 1213/1213/1213 1261/1261/1261
f 1213/1213/1213 1262/1262/1262 1261/1261/1261
f 1213/1213/1213 1214/1214/1214 1262/1262/1262
f 1214/1214/1214 1263/1263/1263 1262/1262/1262
f 1214/1214/1214 1215/1215/1215 1263/1263/1263
f 1215/1215/1215 1264/1264/1264 1263/1263/1263
f 1215/1215/1215 1216/1216/1216 1264/1264/1264
f 1216/1216/1216 1265/1265/1265 1264/1264/1264
f 1216/1216/1216 1217/1217/1217 1265/1265/1265
f 1217/1217/1217 1266/1266/1266 1265/1265/1265
f 1217/1217/1217 1218/1218/1218 1266/1266/1266
f 1218/1218/1218 1267/1267/1267 1266/1266/1266
f 1218/1218/1218 1219/1219/1219 1267/1267/1267
f 1219/1219/1219 1268/1268/1268 1267/1267/1267
f 1219/1219/1219 1220/1220/1220 1268/1268/1268
f 1220/1220/1220 1269/1269/1269 1268/1268/1268
f 1220/1220/1220 1221/1221/1221 1269/1269/1269
f 1221/1221/1221 1270/1270/1270 1269/1269/1269
f 1221/1221/1221 1222/1222/1222 1270/1270/1270
f 1222/1222/1222 1271/1271/1271 1270/1270/1270
f 1222/1222/1222 1223/1223/1223 1271/1271/1271
f 1223/1223/1223 1272/1272/1272 1271/1271/1271
f 1223/1223/1223 1224/1224/1224 1272/1272/1272
f 1224/1224/1224 1273/1273/1273 1272/1272/1272
f 1224/1224/1224 1225/1225/1225 1273/1273/1273
f 1225/1225/1225 1274/1274/1274 1273/1273/1273
f 1226/1226/1226 1227/1227/1227 1275/1275/1275
f 1227/1227/1227 1276/1276/1276 1275/1275/1275
f 1227/1227/1227 1228/1228/1228 1276/1276/1276
f 1228/1228/1228 1277/1277/1277 1276/1276/1276
f 1228/1228/1228 1229/1229/1229 1277/1277/1277
f 1229/1229/1229 1278/1278/1278 1277/1277/1277
f 1229/1229/1229 1230/1230/1230 1278/1278/1278
f 1230/1230/1230 1279/1279/1279 1278/1278/1278
f 1230/1230/1230 1231/1231/1231 1279/1279/1279
f 1231/1231/1231 1280/1280/1280 1279/1279/1279
f 1231/1231/1231 1232/1232/1232 1280/1280/1280
f 1232/1232/1232 1281/1281/1281 1280/1280/1280
f 1232/1232/1232 1233/1233/1233 1281/1281/1281
f 1233/1233/1233 1282/1282/1282 1281/1281/1281
f 1233/1233/1233 1234/1234/1234 1282/1282/1282
f 1234/1234/1234 1283/1283/1283 1282/1282/1282
f 1234/1234/1234 1235/1235/1235 1283/1283/1283
f 1235/1235/1235 1284/1284/1284 1283/1283/1283
f 1235/1235/1235 1236/1236/1236 1284/1284/1284
f 1236/1236/1236 1285/1285/1285 1284/1284/1284
f 1236/1236/1236 1237/1237/1237 1285/1285/1285
f 1237/1237/1237 1286/1286/1286 1285/1285/1285
f 1237/1237/1237 1238/1238/1238 1286/1286/1286
f 1238/1238/1238 1287/1287/1287 1286/1286/1286
f 1238/1238/1238 1239/1239/1239 1287/1287/1287
f 1239/1239/1239 1288/1288/1288 1287/1287/1287
f 1239/1239/1239 1240/1240/1240 1288/1288/1288
f 1240/1240/1240 1289/1289/1289 1288/1288/1288
f 1240/1240/1240 1241/1241/1241 1289/1289/1289
f 1241/1241/1241 1290/1290/1290 1289/1289/1289
f 1241/1241/1241 1242/1242/1242 1290/1290/1290
f 1242/1242/1242 1291/1291/1291 1290/1290/1290
f 1242/1242/1242 1243/1243/1243 1291/1291/1291
f 1243/1243/1243 1292/1292/1292 1291/1291/1291
f 1243/1243/1243 1244/1244/1244 1292/1292/1292
f 1244/1244/1244 1293/1293/1293 1292/1292/1292
f 1244/1244/1244 1245/1245/1245 1293/1293/1293
f 1245/1245/1245 1294/1294/1294 1293/1293/1293
f 1245/1245/1245 1246/1246/1246 1294/1294/1294
f 1246/1246/1246 1295/1295/1295 1294/1294/1294
f 1246/1246/1246 1247/1247/1247 1295/1295/1295
f 1247/1247/1247 1296/1296/1296 1295/1295/1295
f 1247/1247/1247 1248/1248/1248 1296/1296/1296
f 1248/1248/1248 1297/1297/1297 1296/1296/1296
f 1248/1248/1248 1249/1249/1249 1297/1297/1297
f 1249/1249/1249 1298/1298/1298 1297/1297/1297
f 1249/1249/1249 1250/1250/1250 1298/1298/1298
f 1250/1250/1250 1299/1299/1299 1298/1298/1298
f 1250/1250/1250 1251/1251/1251 1299/1299/1299
f 1251/1251/1251 1300/1300/1300 1299/1299/1299
f 1251/1251/1251 1252/1252/1252 1300/1300/1300
f 1252/1252/1252 1301/1301/1301 1300/1300/1300
f 1252/1252/1252 1253/1253/1253 1301/1301/1301
f 1253/1253/1253 1302/1302/1302 1301/1301/1301
f 1253/1253/1253 1254/1254/1254 1302/1302/1302
f 1254/1254/1254 1303/1303/1303 1302/1302/1302
f 1254/1254/1254 1255/1255/1255 1303/1303/1303
f 1255/1255/1255 1304/1304/1304 1303/1303/1303
f 1255/1255/1255 1256/1256/1256 1304/1304/1304
f 1256/1256/1256 1305/1305/1305 1304/1304/1304
f 1256/1256/1256 1257/1257/1257 1305/1305/1305
f 1257/1257/1257 1306/1306/1306 1305/1305/1305
f 1257/1257/1257 1258/1258/1258 1306/1306/1306
f 1258/1258/1258 1307/1307/1307 1306/1306/1306
f 1258/1258/1258 1259/1259/1259 1307/1307/1307
f 1259/1259/1259 1308/1308/1308 1307/1307/1307
f 1259/1259/1259 1260/1260/1260 1308/1308/1308
f 1260/1260/1260 1309/1309/1309 1308/1308/1308
f 1260/1260/1260 1261/1261/1261 1309/1309/1309
f 1261/1261/1261 1310/1310/1310 1309/1309/1309
f 1261/1261/1261 1262/1262/1262 1310/1310/1310
f 1262/1262/1262 1311/1311/1311 1310/1310/1310
f 1262/1262/1262 1263/1263/1263 1311/1311/1311
f 1263/1263/1263 1312/1312/1312 1311/1311/1311
f 1263/1263/1263 1264/1264/1264 1312/1312/1312
f 1264/1264/1264 1313/1313/1313 1312/1312/1312
f 1264/1264/1264 1265/1265/1265 1313/1313/1313
f 1265/1265/1265 1314/1314/1314 1313/1313/1313
f 1265/1265/1265 1266/1266/1266 1314/1314/1314
f 1266/1266/1266 1315/1315/1315 1314/1314/1314
f 1266/1266/1266 1267/1267/1267 1315/1315/1315
f 1267/1267/1267 1316/1316/1316 1315/1315/1315
f 1267/1267/1267 1268/1268/1268 1316/1316/1316
f 1268/1268/1268 1317/1317/1317 1316/1316/1316
f 1268/1268/1268 1269/1269/1269 1317/1317/1317
f 1269/1269/1269 1318/1318/1318 1317/1317/1317
f 1269/1269/1269 1270/1270/1270 1318/1318/1318
f 1270/1270/1270 1319/1319/1319 1318/1318/1318
f 1270/1270/1270 1271/1271/1271 1319/1319/1319
f 1271/1271/1271 1320/1320/1320 1319/1319/1319
f 1271/1271/1271 1272/1272/1272 1320/1320/1320
f 1272/1272/1272 1321/1321/1321 1320/1320/1320
f 1272/1272/1272 1273/1273/1273 1321/1321/1321
f 1273/1273/1273 1322/1322/1322 1321/1321/1321
f 1273/1273/1273 1274/1274/1274 1322/1322/1322
f 1274/1274/1274 1323/1323/1323 1322/1322/1322
f 1275/1275/1275 1276/1276/1276 1324/1324/1324
f 1276/1276/1276 1325/1325/1325 1324/1324/1324
f 1276/1276/1276 1277/1277/1277 1325/1325/1325
f 1277/1277/1277 1326/1326/1326 1325/1325/1325
f 1277/1277/1277 1278/1278/1278 1326/1326/1326
f 1278/1278/1278 1327/1327/1327 1326/1326/1326
f 1278/1278/1278 1279/1279/1279 1327/1327/1327
f 1279/1279/1279 1328/1328/1328 1327/1327/1327
f 1279/1279/1279 1280/1280/1280 1328/1328/1328
f 1280/1280/1280 1329/1329/1329 1328/1328/1328
f 1280/1280/1280 1281/1281/1281 1329/1329/1329
f 1281/1281/1281 1330/1330/1330 1329/1329/1329
f 1281/1281/1281 1282/1282/1282 1330/1330/1330
f 1282/1282/1282 1331/1331/1331 1330/1330/1330
f 1282/1282/1282 1283/1283/1283 1331/1331/1331
f 1283/1283/1283 1332/1332/1332 1331/1331/1331
f 1283/1283/1283 1284/1284/1284 1332/1332/1332
f 1284/1284/1284 1333/1333/1333 1332/1332/1332
f 1284/1284/1284 1285/1285/1285 1333/1333/1333
f 1285/1285/1285 1334/1334/1334 1333/1333/1333
f 1285/1285/1285 1286/1286/1286 1334/1334/1334
f 1286/1286/1286 1335/1335/1335 1334/1334/1334
f 1286/1286/1286 1287/1287/1287 1335/1335/1335
f 1287/1287/1287 1336/1336/1336 1335/1335/1335
f 1287/1287/1287 1288/1288/1288 1336/1336/1336
f 1288/1288/1288 1337/1337/1337 1336/1336/1336
f 1288/1288/1288 1289/1289/1289 1337/1337/1337
f 1289/1289/1289 1338/1338/1338 1337/1337/1337
f 1289/1289/1289 1290/1290/1290 1338/1338/1338
f 1290/1290/1290 1339/1339/1339 1338/1338/1338
f 1290/1290/1290 1291/1291/1291 1339/1339/1339
f 1291/1291/1291 1340/1340/1340 1339/1339/1339
f 1291/1291/1291 1292/1292/1292 1340/1340/1340
f 1292/1292/1292 1341/1341/1341 1340/1340/1340
f 1292/1292/1292 1293/1293/1293 1341/1341/1341
f 1293/1293/1293 1342/1342/1342 1341/1341/1341
f 1293/1293/1293 1294/1294/1294 1342/1342/1342
f 1294/1294/1294 1343/1343/1343 1342/1342/1342
f 1294/1294/1294 1295/1295/1295 1343/1343/1343
f 1295/1295/1295 1344/1344/1344 1343/1343/1343
f 1295/1295/1295 1296/1296/1296 1344/1344/1344
f 1296/1296/1296 1345/1345/1345 1344/1344/1344
f 1296/1296/1296 1297/1297/1297 1345/1345/1345
f 1297/1297/1297 1346/1346/1346 1345/1345/1345
f 1297/1297/1297 1298/1298/1298 1346/1346/1346
f 1298/1298/1298 1347/1347/1347 1346/1346/1346
f 1298/1298/1298 1299/1299/1299 1347/1347/1347
f 1299/1299/1299 1348/1348/1348 1347/1347/1347
f 1299/1299/1299 1300/1300/1300 1348/1348/1348
f 1300/1300/1300 1349/1349/1349 1348/1348/1348
f 1300/1300/1300 1301/1301/1301 1349/1349/1349
f 1301/1301/1301 1350/1350/1350 1349/1349/1349
f 1301/1301/1301 1302/1302/1302 1350/1350/1350
f 1302/1302/1302 1351/1351/1351 1350/1350/1350
f 1302/1302/1302 1303/1303/1303 1351/1351/1351
f 1303/1303/1303 1352/1352/1352 1351/1351/1351
f 1303/1303/1303 1304/1304/1304 1352/1352/1352
f 1304/1304/1304 1353/1353/1353 1352/1352/1352
f 1304/1304/1304 1305/1305/1305 1353/1353/1353
f 1305/1305/1305 1354/1354/1354 1353/1353/1353
f 1305/1305/1305 1306/1306/1306 1354/1354/1354
f 1306/1306/1306 1355/1355/1355 1354/1354/1354
f 1306/1306/1306 1307/1307/1307 1355/1355/1355
f 1307/1307/1307 1356/1356/1356 1355/1355/1355
f 1307/1307/1307 1308/1308/1308 1356/1356/1356
f 1308/1308/1308 1357/1357/1357 1356/1356/1356
f 1308/1308/1308 1309/1309/1309 1357/1357/1357
f 1309/1309/1309 1358/1358/1358 1357/1357/1357
f 1309/1309/1309 1310/1310/1310 1358/1358/1358
f 1310/1310/1310 1359/1359/1359 1358/1358/1358
f 1310/1310/1310 1311/1311/1311 1359/1359/1359
f 1311/1311/1311 1360/1360/1360 1359/1359/1359
f 1311/1311/1311 1312/1312/1312 1360/1360/1360
f 1312/1312/1312 1361/1361/1361 1360/1360/1360
f 1312/1312/1312 1313/1313/1313 1361/1361/1361
f 1313/1313/1313 1362/1362/1362 1361/1361/1361
f 1313/1313/1313 1314/1314/1314 1362/1362/1362
f 1314/1314/1314 1363/1363/1363 1362/1362/1362
f 1314/1314/1314 1315/1315/1315 1363/1363/1363
f 1315/1315/1315 1364/1364/1364 1363/1363/1363
f 1315/1315/1315 1316/1316/1316 1364/1364/1364
f 1316/1316/1316 1365/1365/1365 1364/1364/1364
f 1316/1316/1316 1317/1317/1317 1365/1365/1365
f 1317/1317/1317 1366/1366/1366 1365/1365/1365
f 1317/1317/1317 1318/1318/1318 1366/1366/1366
f 1318/1318/1318 1367/1367/1367 1366/1366/1366
f 1318/1318/1318 1319/1319/1319 1367/1367/1367
f 1319/1319/1319 1368/1368/1368 1367/1367/1367
f 1319/1319/1319 1320/1320/1320 1368/1368/1368
f 1320/1320/1320 1369/1369/1369 1368/1368/1368
f 1320/1320/1320 1321/1321/1321 1369/1369/1369
f 1321/1321/1321 1370/1370/1370 1369/1369/1369
f 1321/1321/1321 1322/1322/1322 1370/1370/1370
f 1322/1322/1322 1371/1371/1371 1370/1370/1370
f 1322/1322/1322 1323/1323/1323 1371/1371/1371
f 1323/1323/1323 1372/1372/1372 1371/1371/1371
f 1324/1324/1324 1325/1325/1325 1373/1373/1373
f 1325/1325/1325 1374/1374/1374 1373/1373/1373
f 1325/1325/1325 1326/1326/1326 1374/1374/1374
f 1326/1326/1326 1375/1375/1375 1374/1374/1374
f 1326/1326/1326 1327/1327/1327 1375/1375/1375
f 1327/1327/1327 1376/1376/1376 1375/1375/1375
f 1327/1327/1327 1328/1328/1328 1376/1376/1376
f 1328/1328/1328 1377/1377/1377 1376/1376/1376
f 1328/1328/1328 1329/1329/1329 1377/1377/1377
f 1329/1329/1329 1378/1378/1378 1377/1377/1377
f 1329/1329/1329 1330/1330/1330 1378/1378/1378
f 1330/1330/1330 1379/1379/1379 1378/1378/1378
f 1330/1330/1330 1331/1331/1331 1379/1379/1379
f 1331/1331/1331 1380/1380/1380 1379/1379/1379
f 1331/1331/1331 1332/1332/1332 1380/1380/1380
f 1332/1332/1332 1381/1381/1381 1380/1380/1380
f 1332/1332/1332 1333/1333/1333 1381/1381/1381
f 1333/1333/1333 1382/1382/1382 1381/1381/1381
f 1333/1333/1333 1334/1334/1334 1382/1382/1382
f 1334/1334/1334 1383/1383/1383 1382/1382/1382
f 1334/1334/1334 1335/1335/1335 1383/1383/1383
f 1335/1335/1335 1384/1384/1384 1383/1383/1383
f 1335/1335/1335 1336/1336/1336 1384/1384/1384
f 1336/1336/1336 1385/1385/1385 1384/1384/1384
f 1336/1336/1336 1337/1337/1337 1385/1385/1385
f 1337/1337/1337 1386/1386/1386 1385/1385/1385
f 1337/1337/1337 1338/1338/1338 1386/1386/1386
f 1338/1338/1338 1387/1387/1387 1386/1386/1386
f 1338/1338/1338 1339/1339/1339 1387/1387/1387
f 1339/1339/1339 1388/1388/1388 1387/1387/1387
f 1339/1339/1339 1340/1340/1340 1388/1388/1388
f 1340/1340/1340 1389/1389/1389 1388/1388/1388
f 1340/1340/1340 1341/1341/1341 1389/1389/1389
f 1341/1341/1341 1390/1390/1390 1389/1389/1389
f 1341/1341/1341 1342/1342/1342 1390/1390/1390
f 1342/1342/1342 1391/1391/1391 1390/1390/1390
f 1342/1342/1342 1343/1343/1343 1391/1391/1391
f 1343/1343/1343 1392/1392/1392 1391/1391/1391
f 1343/1343/1343 1344/1344/1344 1392/1392/1392
f 1344/1344/1344 1393/1393/1393 1392/1392/1392
f 1344/1344/1344 1345/1345/1345 1393/1393/1393
f 1345/1345/1345 1394/1394/1394 1393/1393/1393
f 1345/1345/1345 1346/1346/1346 1394/1394/1394
f 1346/1346/1346 1395/1395/1395 1394/1394/1394
f 1346/1346/1346 1347/1347/1347 1395/1395/1395
f 1347/1347/1347 1396/1396/1396 1395/1395/1395
f 1347/1347/1347 1348/1348/1348 1396/1396/1396
f 1348/1348/1348 1397/1397/1397 1396/1396/1396
f 1348/1348/1348 1349/1349/1349 1397/1397/1397
f 1349/1349/1349 1398/1398/1398 1397/1397/1397
f 1349/1349/1349 1350/1350/1350 1398/1398/1398
f 1350/1350/1350 1399/1399/1399 1398/1398/1398
f 1350/1350/1350 1351/1351/1351 1399/1399/1399
f 1351/1351/1351 1400/1400/1400 1399/1399/1399
f 1351/1351/1351 1352/1352/1352 1400/1400/1400
f 1352/1352/1352 1401/1401/1401 1400/1400/1400
f 1352/1352/1352 1353/1353/1353 1401/1401/1401
f 1353/1353/1353 1402/1402/1402 1401/1401/1401
f 1353/1353/1353 1354/1354/1354 1402/1402/1402
f 1354/1354/1354 1403/1403/1403 1402/1402/1402
f 1354/1354/1354 1355/1355/1355 1403/1403/1403
f 1355/1355/1355 1404/1404/1404 1403/1403/1403
f 1355/1355/1355 1356/1356/1356 1404/1404/1404
f 1356/1356/1356 1405/1405/1405 1404/1404/1404
f 1356/1356/1356 1357/1357/1357 1405/1405/1405
f 1357/1357/1357 1406/1406/1406 1405/1405/1405
f 1357/1357/1357 1358/1358/1358 1406/1406/1406
f 1358/1358/1358 1407/1407/1407 1406/1406/1406
f 1358/1358/1358 1359/1359/1359 1407/1407/1407
f 1359/1359/1359 1408/1408/1408 1407/1407/1407
f 1359/1359/1359 1360/1360/1360 1408/1408/1408
f 1360/1360/1360 1409/1409/1409 1408/1408/1408
f 1360/1360/1360 1361/1361/1361 1409/1409/1409
f 1361/1361/1361 1410/1410/1410 1409/1409/1409
f 1361/1361/1361 1362/1362/1362 1410/1410/1410
f 1362/1362/1362 1411/1411/1411 1410/1410/1410
f 1362/1362/1362 1363/1363/1363 1411/1411/1411
f 1363/1363/1363 1412/1412/1412 1411/1411/1411
f 1363/1363/1363 1364/1364/1364 1412/1412/1412
f 1364/1364/1364 1413/1413/1413 1412/1412/1412
f 1364/1364/1364 1365/1365/1365 1413/1413/1413
f 1365/1365/1365 1414/1414/1414 1413/1413/1413
f 1365/1365/1365 1366/1366/1366 1414/1414/1414
f 1366/1366/1366 1415/1415/1415 1414/1414/1414
f 1366/1366/1366 1367/1367/1367 1415/1415/1415
f 1367/1367/1367 1416/1416/1416 1415/1415/1415
f 1367/1367/1367 1368/1368/1368 1416/1416/1416
f 1368/1368/1368 1417/1417/1417 1416/1416/1416
f 1368/1368/1368 1369/1369/1369 1417/1417/1417
f 1369/1369/1369 1418/1418/1418 1417/1417/1417
f 1369/1369/1369 1370/1370/1370 1418/1418/1418
f 1370/1370/1370 1419/1419/1419 1418/1418/1418
f 1370/1370/1370 1371/1371/1371 1419/1419/1419
f 1371/1371/1371 1420/1420/1420 1419/1419/1419
f 1371/1371/1371 1372/1372/1372 1420/1420/1420
f 1372/1372/1372 1421/1421/1421 1420/1420/1420
f 1373/1373/1373 1374/1374/1374 1422/1422/1422
f 1374/1374/1374 1423/1423/1423 1422/1422/1422
f 1374/1374/1374 1375/1375/1375 1423/1423/1423
f 1375/1375/1375 1424/1424/1424 1423/1423/1423
f 1375/1375/1375 1376/1376/1376 1424/1424/1424
f 1376/1376/1376 1425/1425/1425 1424/1424/1424
f 1376/1376/1376 1377/1377/1377 1425/1425/1425
f 1377/1377/1377 1426/1426/1426 1425/1425/1425
f 1377/1377/1377 1378/1378/1378 1426/1426/1426
f 1378/1378/1378 1427/1427/1427 1426/1426/1426
f 1378/1378/1378 1379/1379/1379 1427/1427/1427
f 1379/1379/1379 1428/1428/1428 1427/1427/1427
f 1379/1379/1379 1380/1380/1380 1428/1428/1428
f 1380/1380/1380 1429/1429/1429 1428/1428/1428
f 1380/1380/1380 1381/1381/1381 1429/1429/1429
f 1381/1381/1381 1430/1430/1430 1429/1429/1429
f 1381/1381/1381 1382/1382/1382 1430/1430/1430
f 1382/1382/1382 1431/1431/1431 1430/1430/1430
f 1382/1382/1382 1383/1383/1383 1431/1431/1431
f 1383/1383/1383 1432/1432/1432 1431/1431/1431
f 1383/1383/1383 1384/1384/1384 1432/1432/1432
f 1384/1384/1384 1433/1433/1433 1432/1432/1432
f 1384/1384/1384 1385/1385/1385 1433/1433/1433
f 1385/1385/1385 1434/1434/1434 1433/1433/1433
f 1385/1385/1385 1386/1386/1386 1434/1434/1434
f 1386/1386/1386 1435/1435/1435 1434/1434/1434
f 1386/1386/1386 1387/1387/1387 1435/1435/1435
f 1387/1387/1387 1436/1436/1436 1435/1435/1435
f 1387/1387/1387 1388/1388/1388 1436/1436/1436
f 1388/1388/1388 1437/1437/1437 1436/1436/1436
f 1388/1388/1388 1389/1389/1389 1437/1437/1437
f 1389/1389/1389 1438/1438/1438 1437/1437/1437
f 1389/1389/1389 1390/1390/1390 1438/1438/1438
f 1390/1390/1390 1439/1439/1439 1438/1438/1438
f 1390/1390/1390 1391/1391/1391 1439/1439/1439
f 1391/1391/1391 1440/1440/1440 1439/1439/1439
f 1391/1391/1391 1392/1392/1392 1440/1440/1440
f 1392/1392/1392 1441/1441/1441 1440/1440/1440
f 1392/1392/1392 1393/1393/1393 1441/1441/1441
f 1393/1393/1393 1442/1442/1442 1441/1441/1441
f 1393/1393/1393 1394/1394/1394 1442/1442/1442
f 1394/1394/1394 1443/1443/1443 1442/1442/1442
f 1394/1394/1394 1395/1395/1395 1443/1443/1443
f 1395/1395/1395 1444/1444/1444 1443/1443/1443
f 1395/1395/1395 1396/1396/1396 1444/1444/1444
f 1396/1396/1396 1445/1445/1445 1444/1444/1444
f 1396/1396/1396 1397/1397/1397 1445/1445/1445
f 1397/1397/1397 1446/1446/1446 1445/1445/1445
f 1397/1397/1397 1398/1398/1398 1446/1446/1446
f 1398/1398/1398 1447/1447/1447 1446/1446/1446
f 1398/1398/1398 1399/1399/1399 1447/1447/1447
f 1399/1399/1399 1448/1448/1448 1447/1447/1447
f 1399/1399/1399 1400/1400/1400 1448/1448/1448
f 1400/1400/1400 1449/1449/1449 1448/1448/1448
f 1400/1400/1400 1401/1401/1401 1449/1449/1449
f 1401/1401/1401 1450/1450/1450 1449/1449/1449
f 1401/1401/1401 1402/1402/1402 1450/1450/1450
f 1402/1402/1402 1451/1451/1451 1450/1450/1450
f 1402/1402/1402 1403/1403/1403 1451/1451/1451
f 1403/1403/1403 1452/1452/1452 1451/1451/1451
f 1403/1403/1403 1404/1404/1404 1452/1452/1452
f 1404/1404/1404 1453/1453/1453 1452/1452/1452
f 1404/1404/1404 1405/1405/1405 1453/1453/1453
f 1405/1405/1405 1454/1454/1454 1453/1453/1453
f 1405/1405/1405 1406/1406/1406 1454/1454/1454
f 1406/1406/1406 1455/1455/1455 1454/1454/1454
f 1406/1406/1406 1407/1407/1407 1455/1455/1455
f 1407/1407/1407 1456/1456/1456 1455/1455/1455
f 1407/1407/1407 1408/1408/1408 1456/1456/1456
f 1408/1408/1408 1457/1457/1457 1456/1456/1456
f 1408/1408/1408 1409/1409/1409 1457/1457/1457
f 1409/1409/1409 1458/1458/1458 1457/1457/1457
f 1409/1409/1409 1410/1410/1410 1458/1458/1458
f 1410/1410/1410 1459/1459/1459 1458/1458/1458
f 1410/1410/1410 1411/1411/1411 1459/1459/1459
f 1411/1411/1411 1460/1460/1460 1459/1459/1459
f 1411/1411/1411 1412/1412/1412 1460/1460/1460
f 1412/1412/1412 1461/1461/1461 1460/1460/1460
f 1412/1412/1412 1413/1413/1413 1461/1461/1461
f 1413/1413/1413 1462/1462/1462 1461/1461/1461
f 1413/1413/1413 1414/1414/1414 1462/1462/1462
f 1414/1414/1414 1463/1463/1463 1462/1462/1462
f 1414/1414/1414 1415/1415/1415 1463/1463/1463
f 1415/1415/1415 1464/1464/1464 1463/1463/1463
f 1415/1415/1415 1416/1416/1416 1464/1464/1464
f 1416/1416/1416 1465/1465/1465 1464/1464/1464
f 1416/1416/1416 1417/1417/1417 1465/1465/1465
f 1417/1417/1417 1466/1466/1466 1465/1465/1465
f 1417/1417/1417 1418/1418/1418 1466/1466/1466
f 1418/1418/1418 1467/1467/1467 1466/1466/1466
f 1418/1418/1418 1419/1419/1419 1467/1467/1467
f 1419/1419/1419 1468/1468/1468 1467/1467/1467
f 1419/1419/1419 1420/1420/1420 1468/1468/1468
f 1420/1420/1420 1469/1469/1469 1468/1468/1468
f 1420/1420/1420 1421/1421/1421 1469/1469/1469
f 1421/1421/1421 1470/1470/1470 1469/1469/1469
f 1422/1422/1422 1423/1423/1423 1471/1471/1471
f 1423/1423/1423 1472/1472/1472 1471/1471/1471
f 1423/1423/1423 1424/1424/1424 1472/1472/1472
f 1424/1424/1424 1473/1473/1473 1472/1472/1472
f 1424/1424/1424 1425/1425/1425 1473/1473/1473
f 1425/1425/1425 1474/1474/1474 1473/1473/1473
f 1425/1425/1425 1426/1426/1426 1474/1474/1474
f 1426/1426/1426 1475/1475/1475 1474/1474/1474
f 1426/1426/1426 1427/1427/1427 1475/1475/1475
f 1427/1427/1427 1476/1476/1476 1475/1475/1475
f 1427/1427/1427 1428/1428/1428 1476/1476/1476
f 1428/1428/1428 1477/1477/1477 1476/1476/1476
f 1428/1428/1428 1429/1429/1429 1477/1477/1477
f 1429/1429/1429 1478/1478/1478 1477/1477/1477
f 1429/1429/1429 1430/1430/1430 1478/1478/1478
f 1430/1430/1430 1479/1479/1479 1478/1478/1478
f 1430/1430/1430 1431/1431/1431 1479/1479/1479
f 1431/1431/1431 1480/1480/1480 1479/1479/1479
f 1431/1431/1431 1432/1432/1432 1480/1480/1480
f 1432/1432/1432 1481/1481/1481 1480/1480/1480
f 1432/1432/1432 1433/1433/1433 1481/1481/1481
f 1433/1433/1433 1482/1482/1482 1481/1481/1481
f 1433/1433/1433 1434/1434/1434 1482/1482/1482
f 1434/1434/1434 1483/1483/1483 1482/1482/1482
f 1434/1434/1434 1435/1435/1435 1483/1483/1483
f 1435/1435/1435 1484/1484/1484 1483/1483/1483
f 1435/1435/1435 1436/1436/1436 1484/1484/1484
f 1436/1436/1436 1485/1485/1485 1484/1484/1484
f 1436/1436/1436 1437/1437/1437 1485/1485/1485
f 1437/1437/1437 1486/1486/1486 1485/1485/1485
f 1437/1437/1437 1438/1438/1438 1486/1486/1486
f 1438/1438/1438 1487/1487/1487 1486/1486/1486
f 1438/1438/1438 1439/1439/1439 1487/1487/1487
f 1439/1439/1439 1488/1488/1488 1487/1487/1487
f 1439/1439/1439 1440/1440/1440 1488/1488/1488
f 1440/1440/1440 1489/1489/1489 1488/1488/1488
f 1440/1440/1440 1441/1441/1441 1489/1489/1489
f 1441/1441/1441 1490/1490/1490 1489/1489/1489
f 1441/1441/1441 1442/1442/1442 1490/1490/1490
f 1442/1442/1442 1491/1491/1491 1490/1490/1490
f 1442/1442/1442 1443/1443/1443 1491/1491/1491
f 1443/1443/1443 1492/1492/1492 1491/1491/1491
f 1443/1443/1443 1444/1444/1444 1492/1492/1492
f 1444/1444/1444 1493/1493/1493 1492/1492/1492
f 1444/1444/1444 1445/1445/1445 1493/1493/1493
f 1445/1445/1445 1494/1494/1494 1493/1493/1493
f 1445/1445/1445 1446/1446/1446 1494/1494/1494
f 1446/1446/1446 1495/1495/1495 1494/1494/1494
f 1446/1446/1446 1447/1447/1447 1495/1495/1495
f 1447/1447/1447 1496/1496/1496 1495/1495/1495
f 1447/1447/1447 1448/1448/1448 1496/1496/1496
f 1448/1448/1448 1497/1497/1497 1496/1496/1496
f 1448/1448/1448 1449/1449/1449 1497/1497/1497
f 1449/1449/1449 1498/1498/1498 1497/1497/1497
f 1449/1449/1449 1450/1450/1450 1498/1498/1498
f 1450/1450/1450 1499/1499/1499 1498/1498/1498
f 1450/1450/1450 1451/1451/1451 1499/1499/1499
f 1451/1451/1451 1500/1500/1500 1499/1499/1499
f 1451/1451/1451 1452/1452/1452 1500/1500/1500
f 1452/1452/1452 1501/1501/1501 1500/1500/1500
f 1452/1452/1452 1453/1453/1453 1501/1501/1501
f 1453/1453/1453 1502/1502/1502 1501/1501/1501
f 1453/1453/1453 1454/1454/1454 1502/1502/1502
f 1454/1454/1454 1503/1503/1503 1502/1502/1502
f 1454/1454/1454 1455/1455/1455 1503/1503/1503
f 1455/1455/1455 1504/1504/1504 1503/1503/1503
f 1455/1455/1455 1456/1456/1456 1504/1504/1504
f 1456/1456/1456 1505/1505/1505 1504/1504/1504
f 1456/1456/1456 1457/1457/1457 1505/1505/1505
f 1457/1457/1457 1506/1506/1506 1505/1505/1505
f 1457/1457/1457 1458/1458/1458 1506/1506/1506
f 1458/1458/1458 1507/1507/1507 1506/1506/1506
f 1458/1458/1458 1459/1459/1459 1507/1507/1507
f 1459/1459/1459 1508/1508/1508 1507/1507/1507
f 1459/1459/1459 1460/1460/1460 1508/1508/1508
f 1460/1460/1460 1509/1509/1509 1508/1508/1508
f 1460/1460/1460 1461/1461/1461 1509/1509/1509
f 1461/1461/1461 1510/1510/1510 1509/1509/1509
f 1461/1461/1461 1462/1462/1462 1510/1510/1510
f 1462/1462/1462 1511/1511/1511 1510/1510/1510
f 1462/1462/1462 1463/1463/1463 1511/1511/1511
f 1463/1463/1463 1512/1512/1512 1511/1511/1511
f 1463/1463/1463 1464/1464/1464 1512/1512/1512
f 1464/1464/1464 1513/1513/1513 1512/1512/1512
f 1464/1464/1464 1465/1465/1465 1513/1513/1513
f 1465/1465/1465 1514/1514/1514 1513/1513/1513
f 1465/1465/1465 1466/1466/1466 1514/1514/1514
f 1466/1466/1466 1515/1515/1515 1514/1514/1514
f 1466/1466/1466 1467/1467/1467 1515/1515/1515
f 1467/1467/1467 1516/1516/1516 1515/1515/1515
f 1467/1467/1467 1468/1468/1468 1516/1516/1516
f 1468/1468/1468 1517/1517/1517 1516/1516/1516
f 1468/1468/1468 1469/1469/1469 1517/1517/1517
f 1469/1469/1469 1518/1518/1518 1517/1517/1517
f 1469/1469/1469 1470/1470/1470 1518/1518/1518
f 1470/1470/1470 1519/1519/1519 1518/1518/1518
