# Starward Reimagined / GPL-3.0-or-later
mtllib asteroid-1.mtl
s 1
o asteroid-1_part_0
usemtl part_0
v 0 0.854309 0
v 0 0.854309 0
v 0 0.854309 0
v 0 0.854309 0
v 0 0.854309 0
v 0 0.854309 0
v 0 0.854309 0
v 0 0.854309 0
v 0 0.854309 0
v 0 0.854309 0
v 0 0.854309 0
v 0 0.854309 0
v 0 0.854309 0
v 0 0.854309 0
v 0 0.854309 0
v 0 0.854309 0
v 0 0.854309 0
v 0 0.854309 0
v 0 0.854309 0
v 0 0.854309 0
v 0 0.854309 0
v 0 0.854309 0
v 0 0.854309 0
v 0 0.854309 0
v 0 0.854309 0
v 0 0.854309 0
v 0 0.854309 0
v 0 0.854309 0
v 0 0.854309 0
v 0 0.854309 0
v 0 0.854309 0
v 0 0.854309 0
v 0 0.854309 0
v 0 0.854309 0
v 0 0.854309 0
v 0 0.854309 0
v 0 0.854309 0
v 0 0.854309 0
v 0 0.854309 0
v 0 0.854309 0
v 0 0.854309 0
v 0 0.854309 0
v 0 0.854309 0
v 0 0.854309 0
v 0 0.854309 0
v 0 0.854309 0
v 0 0.854309 0
v 0 0.854309 0
v 0 0.854309 0
v 0.1040515 0.8401707 0
v 0.1052142 0.8407679 0.0132579
v 0.1038486 0.8414639 0.02631072
v 0.09977619 0.8420483 0.0389294
v 0.09309601 0.8423887 0.05088427
v 0.084167 0.8424259 0.06195549
v 0.07353148 0.842166 0.0719422
v 0.06180073 0.8416804 0.08067051
v 0.04953184 0.8411148 0.08800086
v 0.03712611 0.8407002 0.0938334
v 0.02477272 0.8407419 0.09810869
v 0.01245218 0.8415688 0.1007997
v -4.20352e-09 0.8434341 0.1018948
v -0.01278309 0.8463916 0.1013773
v -0.02600216 0.8501999 0.09921237
v -0.0395597 0.8543228 0.09535386
v -0.05310627 0.8580585 0.08977357
v -0.0660738 0.8607665 0.08249981
v -0.07778446 0.8620906 0.07364426
v -0.08759864 0.8620689 0.0634001
v -0.09505121 0.8610766 0.05201311
v -0.09993595 0.8596406 0.0397427
v -0.1023201 0.8582274 0.02683487
v -0.1024972 0.8571005 0.01351544
v -0.1008968 0.8562887 -9.043692e-09
v -0.09797531 0.8556454 -0.01349251
v -0.09411069 0.8549471 -0.02673234
v -0.08952367 0.8539835 -0.03948118
v -0.08424229 0.8526162 -0.05150205
v -0.07812026 0.8508075 -0.06257194
v -0.07090491 0.8486279 -0.07249421
v -0.06233688 0.8462527 -0.08110874
v -0.05225413 0.8439516 -0.08829765
v -0.04067083 0.8420594 -0.09398512
v -0.02780913 0.8409202 -0.0981295
v -0.01407668 0.8407977 -0.1007073
v 1.281005e-09 0.8417666 -0.1016934
v 0.0138665 0.8436266 -0.1010462
v 0.02703102 0.8458948 -0.09870998
v 0.03913777 0.847914 -0.09463856
v 0.05001188 0.8490619 -0.08883232
v 0.05966796 0.8489786 -0.08137
v 0.06827489 0.8477017 -0.07241506
v 0.07607593 0.8456386 -0.06219177
v 0.08327679 0.8433878 -0.05094459
v 0.08993486 0.8415063 -0.03890434
v 0.09589016 0.8403345 -0.02627538
v 0.1007673 0.8399396 -0.01324479
v 0.1040515 0.8401707 1.774693e-08
v 0.2172051 0.851082 0
v 0.2171151 0.8481955 0.02704886
v 0.2113663 0.8446575 0.05341118
v 0.2003566 0.8415468 0.0786816
v 0.1848809 0.8396229 0.1025674
v 0.1659792 0.8392677 0.1248254
v 0.1447442 0.840512 0.1452059
v 0.1221179 0.8430454 0.1634079
v 0.09873589 0.846202 0.1790441
v 0.07487826 0.8489983 0.1916362
v 0.0505482 0.8503708 0.2006815
v 0.02562761 0.849714 0.2058243
v -8.686484e-09 0.8475465 0.2070708
v -0.02642586 0.8457026 0.2048526
v -0.05369081 0.8464074 0.1997462
v -0.08157814 0.8505452 0.1919853
v -0.1092877 0.8566908 0.1812634
v -0.1353978 0.8622214 0.1671247
v -0.1583644 0.8656894 0.1495555
v -0.1771827 0.8680267 0.1291027
v -0.1915905 0.871334 0.1064413
v -0.2017359 0.8766987 0.08196814
v -0.207818 0.8832833 0.05585362
v -0.2100608 0.8891853 0.02835599
v -0.2088625 0.8928245 -1.906979e-08
v -0.2048086 0.8936515 -0.02849846
v -0.1984747 0.8920087 -0.05640545
v -0.1901821 0.8886418 -0.08308483
v -0.179875 0.8842943 -0.1080245
v -0.1671715 0.8795068 -0.1308102
v -0.1515484 0.8745528 -0.1510868
v -0.1325801 0.8694254 -0.1685211
v -0.1101641 0.863865 -0.1827813
v -0.08467256 0.8574936 -0.1935538
v -0.05698228 0.8501425 -0.2006277
v -0.02833138 0.8423292 -0.2040355
v 2.533866e-09 0.8355446 -0.2041385
v 0.02706983 0.831808 -0.201487
v 0.05246359 0.8323431 -0.1964271
v 0.07613373 0.8362769 -0.1887647
v 0.09808336 0.8408604 -0.1779139
v 0.1183003 0.8435262 -0.163501
v 0.136991 0.8439499 -0.1457998
v 0.1546492 0.8439435 -0.1255208
v 0.1716337 0.845344 -0.1032663
v 0.1876144 0.8482248 -0.07930598
v 0.2014756 0.8510631 -0.05381619
v 0.2117551 0.8522164 -0.02717699
v 0.2172051 0.851082 3.635644e-08
v 0.3233231 0.8185098 0
v 0.3181363 0.8096952 0.03947081
v 0.3048643 0.8008619 0.07741242
v 0.2849847 0.7936997 0.1134365
v 0.260293 0.789435 0.1474155
v 0.2325378 0.7887151 0.1793181
v 0.2031246 0.7917054 0.2090766
v 0.1728569 0.7980465 0.2364567
v 0.141814 0.8066533 0.2609002
v 0.1094972 0.8156291 0.2814264
v 0.07526485 0.8228784 0.2968495
v 0.03939213 0.8403236 0.3111515
v -1.332405e-08 0.8315191 0.3105482
v -0.0406381 0.8297446 0.3072343
v -0.08311535 0.8373225 0.3020601
v -0.127473 0.8541605 0.2947214
v -0.1674755 0.8496441 0.2748049
v -0.2043644 0.8493872 0.2516687
v -0.2390548 0.8609889 0.2273732
v -0.2685808 0.8742238 0.1987588
v -0.2902931 0.8821895 0.1647361
v -0.3039885 0.8849136 0.1264728
v -0.3115616 0.8861997 0.08566125
v -0.3145814 0.8873371 0.04325564
v -0.313538 0.8867399 -2.895194e-08
v -0.3086354 0.8830205 -0.04304527
v -0.3002169 0.8764475 -0.08471871
v -0.2884829 0.8683222 -0.1241016
v -0.273201 0.8600264 -0.1605974
v -0.2537707 0.8525868 -0.1938397
v -0.2295189 0.8465753 -0.2235669
v -0.2000213 0.8420259 -0.2494875
v -0.1653658 0.8383468 -0.271151
v -0.1263466 0.8345389 -0.2879511
v -0.084512 0.8300759 -0.2994459
v -0.04183848 0.8260251 -0.3058571
v 3.741035e-09 0.8246619 -0.3079872
v 0.04010232 0.8265436 -0.3060491
v 0.07790861 0.8285324 -0.298889
v 0.1129183 0.8278246 -0.2856343
v 0.1457318 0.8276339 -0.267686
v 0.1782325 0.8334321 -0.2469412
v 0.2110154 0.843281 -0.2226968
v 0.2419479 0.8488212 -0.1929834
v 0.268719 0.8461684 -0.1580096
v 0.290898 0.8391843 -0.1199372
v 0.3083939 0.8323416 -0.08045522
v 0.3198155 0.8259717 -0.04026411
v 0.3233231 0.8185098 5.344846e-08
v 0.4203062 0.7738743 0
v 0.4049346 0.7561827 0.05051128
v 0.3836057 0.7460176 0.09881189
v 0.3565431 0.7405628 0.1450326
v 0.3245482 0.7372772 0.1886534
v 0.2893604 0.7354571 0.2291229
v 0.2526989 0.7353797 0.2661096
v 0.2156481 0.737928 0.2996019
v 0.1785457 0.745201 0.3302692
v 0.1406548 0.7601177 0.3593851
v 0.09985264 0.7838855 0.3874899
v 0.05215827 0.7943833 0.4030534
v -1.739312e-08 0.7725484 0.3953572
v -0.05122532 0.7441172 0.3775494
v -0.1064045 0.766281 0.3787876
v -0.1678989 0.8115991 0.3837256
v -0.2259697 0.8356872 0.3703721
v -0.269352 0.8226796 0.3340114
v -0.3162332 0.8438833 0.3053735
v -0.352769 0.8553361 0.2664696
v -0.3732238 0.8471062 0.2167563
v -0.3898878 0.8473867 0.165953
v -0.4060777 0.8585482 0.1137168
v -0.4131468 0.8599999 0.05744598
v -0.4094216 0.8474569 -3.791457e-08
v -0.400535 0.831328 -0.05553083
v -0.3896908 0.8183484 -0.1083924
v -0.3756931 0.8081539 -0.1582697
v -0.3561052 0.7985114 -0.204322
v -0.3293862 0.7885334 -0.2456582
v -0.2953175 0.7790344 -0.2819068
v -0.2548388 0.7722788 -0.3135485
v -0.2095819 0.771642 -0.3419877
v -0.1608528 0.7794364 -0.3685191
v -0.1088477 0.7917765 -0.3913906
v -0.05416899 0.7973986 -0.4045833
v 4.804351e-09 0.7922421 -0.4054356
v 0.05147971 0.7934338 -0.4025716
v 0.1026163 0.8117986 -0.4012878
v 0.1520792 0.8222675 -0.3887697
v 0.1960618 0.8136558 -0.360608
v 0.2418096 0.8180881 -0.3321472
v 0.2913571 0.8351598 -0.3022166
v 0.3314321 0.8298704 -0.2585362
v 0.3621092 0.8120582 -0.2077882
v 0.3932024 0.8088885 -0.1584135
v 0.4184213 0.8093994 -0.1072069
v 0.4269682 0.7957938 -0.05315703
v 0.4203062 0.7738743 6.924508e-08
v 0.5230841 0.7490772 0
v 0.5045046 0.7392699 0.06403551
v 0.4744877 0.72852 0.125129
v 0.4368398 0.7184038 0.1824435
v 0.395555 0.7108691 0.2358738
v 0.3535305 0.7073556 0.2857624
v 0.3119856 0.7085251 0.332476
v 0.2703107 0.7139275 0.3758728
v 0.2264847 0.7217225 0.4147831
v 0.1782254 0.7293144 0.447147
v 0.1243194 0.7355069 0.4714663
v 0.06537293 0.7488098 0.4926746
v -2.222629e-08 0.7436144 0.4934782
v -0.06721962 0.7401639 0.4869862
v -0.1366788 0.7520987 0.4821018
v -0.2106679 0.7847223 0.4811178
v -0.2743049 0.7875412 0.4526099
v -0.3308626 0.7914734 0.4166996
v -0.3785024 0.7949095 0.373012
v -0.4146656 0.7935106 0.3205678
v -0.442557 0.7926524 0.2630104
v -0.466471 0.7966974 0.2023266
v -0.4842983 0.7991915 0.1372673
v -0.4959647 0.7986302 0.06917723
v -0.5031956 0.7974074 -4.626207e-08
v -0.504733 0.7946571 -0.06883317
v -0.4980425 0.7886672 -0.1354598
v -0.4814917 0.7794315 -0.1979419
v -0.4543864 0.7680292 -0.2548401
v -0.4168087 0.7558159 -0.3053398
v -0.3697075 0.7442014 -0.3492172
v -0.3147976 0.7344074 -0.3866551
v -0.2542821 0.7271976 -0.4179297
v -0.1906826 0.7233272 -0.4434762
v -0.1264844 0.7247112 -0.4645462
v -0.06300947 0.7333269 -0.4824878
v 5.732215e-09 0.746953 -0.4956937
v 0.06287242 0.7617061 -0.5011596
v 0.1262914 0.7789528 -0.4993154
v 0.1904178 0.7946235 -0.4871883
v 0.2521389 0.7990385 -0.4592175
v 0.3110097 0.7973709 -0.4198045
v 0.3667954 0.7933617 -0.3722855
v 0.4161615 0.7845507 -0.3169481
v 0.460431 0.7785465 -0.2583298
v 0.4972593 0.7751849 -0.1968634
v 0.520188 0.7678486 -0.1318838
v 0.5283849 0.7582655 -0.06568068
v 0.5230841 0.7490772 8.691632e-08
v 0.6075198 0.7026535 0
v 0.5855045 0.6973049 0.07600851
v 0.5508617 0.6895061 0.1490308
v 0.5055035 0.6772552 0.2164381
v 0.4573295 0.6665143 0.2783051
v 0.4113857 0.6619912 0.3365434
v 0.3684367 0.6656411 0.3930673
v 0.3252678 0.6758193 0.4477535
v 0.2760293 0.6858865 0.4960491
v 0.2173103 0.6898429 0.5322397
v 0.151642 0.6949805 0.5606065
v 0.07941053 0.7064502 0.5849138
v -2.672255e-08 0.697886 0.582809
v -0.07888623 0.6826407 0.5652005
v -0.1617119 0.7064658 0.5698712
v -0.2406062 0.7168717 0.5530934
v -0.3150476 0.7296863 0.5277262
v -0.3827174 0.7429582 0.4922354
v -0.4208021 0.7192151 0.4247032
v -0.4671345 0.7271376 0.3696624
v -0.4991407 0.7243266 0.3024449
v -0.5306065 0.7287898 0.2329075
v -0.5749405 0.7544609 0.1630702
v -0.5944821 0.7540142 0.08218993
v -0.6002271 0.743566 -5.428575e-08
v -0.6069604 0.7429362 -0.08098251
v -0.6040612 0.7422448 -0.16043
v -0.5838529 0.734674 -0.2347881
v -0.5475636 0.7229501 -0.3018701
v -0.4983816 0.7111713 -0.3615457
v -0.4388493 0.7014602 -0.4142189
v -0.3706565 0.693085 -0.4591926
v -0.2956139 0.6831449 -0.4940663
v -0.2184894 0.6738158 -0.5198743
v -0.1449688 0.6773192 -0.5463601
v -0.07286535 0.6905364 -0.5717379
v 6.526079e-09 0.68949 -0.5757974
v 0.07219192 0.7033542 -0.5823504
v 0.1520017 0.7449608 -0.6009232
v 0.229089 0.7528481 -0.5808507
v 0.3090786 0.7650365 -0.5532922
v 0.3795025 0.7563514 -0.5011088
v 0.4345708 0.7293187 -0.4306693
v 0.5030289 0.737184 -0.37477
v 0.5494122 0.725506 -0.3029372
v 0.5957745 0.7311271 -0.2336546
v 0.6308485 0.7403483 -0.1600198
v 0.6258329 0.719864 -0.07846725
v 0.6075198 0.7026535 1.025977e-07
v 0.6704623 0.6397574 0
v 0.6406752 0.6314524 0.08530147
v 0.6063799 0.6277004 0.1681384
v 0.5634157 0.621214 0.2460363
v 0.5150972 0.6126434 0.3170268
v 0.4659598 0.6056395 0.3815747
v 0.4180464 0.6037773 0.4418553
v 0.3697048 0.6087717 0.4998496
v 0.3163601 0.6194205 0.5551808
v 0.254197 0.6347497 0.6069264
v 0.1808286 0.6539482 0.6537404
v 0.09346535 0.6599171 0.6771364
v -3.074152e-08 0.6415917 0.6640136
v -0.0907115 0.6333574 0.6498836
v -0.1780621 0.632214 0.6320131
v -0.2647502 0.6464923 0.6181543
v -0.3486882 0.6657627 0.5967168
v -0.4111872 0.65971 0.541674
v -0.4648838 0.6563727 0.4803455
v -0.5044174 0.6463044 0.4071949
v -0.5626617 0.6657115 0.3444882
v -0.611414 0.6775855 0.2683625
v -0.6563142 0.6890566 0.1845734
v -0.6903141 0.6947318 0.09384966
v -0.6966711 0.6812119 -6.163466e-08
v -0.6926373 0.6679546 -0.09023251
v -0.6817473 0.6608363 -0.1770145
v -0.6544665 0.6524996 -0.2584271
v -0.6089099 0.6414222 -0.331919
v -0.5484354 0.6298025 -0.3967983
v -0.4780588 0.6207143 -0.4542501
v -0.4022121 0.6164232 -0.5061321
v -0.3239301 0.6179186 -0.5538347
v -0.2455227 0.626987 -0.5995042
v -0.166134 0.6413456 -0.6411418
v -0.08271699 0.6442916 -0.6611031
v 7.438213e-09 0.6406378 -0.6630263
v 0.08391437 0.6593258 -0.6765296
v 0.1728262 0.6777339 -0.6775184
v 0.2695945 0.7026679 -0.6718674
v 0.3605654 0.7048458 -0.6317467
v 0.4363318 0.6854813 -0.5628341
v 0.5061392 0.6704909 -0.4906772
v 0.5685312 0.66045 -0.4161073
v 0.6376066 0.6734391 -0.3484868
v 0.6766382 0.6695147 -0.2651661
v 0.7007759 0.6684648 -0.1790576
v 0.6976518 0.6579387 -0.08887913
v 0.6704623 0.6397574 1.157679e-07
v 0.7276947 0.5773028 0
v 0.7154472 0.5850664 0.0974869
v 0.6880202 0.5872678 0.1940331
v 0.6491388 0.5847443 0.2856598
v 0.6014485 0.5781974 0.3690536
v 0.5471233 0.5690112 0.4421924
v 0.4892232 0.5609977 0.506395
v 0.4294872 0.5590274 0.566165
v 0.3654551 0.5652975 0.6249583
v 0.2907025 0.5752831 0.678485
v 0.2027051 0.5842214 0.7203848
v 0.1047044 0.5940389 0.7518424
v -3.487261e-08 0.5907865 0.754178
v -0.1012964 0.5791429 0.7329893
v -0.1964571 0.5755811 0.7097308
v -0.2832416 0.573429 0.6762984
v -0.3663642 0.5812458 0.6425899
v -0.4343424 0.5786936 0.5860823
v -0.4991984 0.5823187 0.5256408
v -0.5582365 0.5855424 0.4550391
v -0.6265945 0.6009429 0.3835717
v -0.6821291 0.6071583 0.2966093
v -0.7355937 0.6155789 0.203387
v -0.7646577 0.6105296 0.1017296
v -0.7773613 0.601685 -6.714863e-08
v -0.7864231 0.6015778 -0.1002381
v -0.7694817 0.5947446 -0.1965036
v -0.7292082 0.5839471 -0.2852703
v -0.6690236 0.5709909 -0.3644538
v -0.5938745 0.5576019 -0.4333262
v -0.5113039 0.5474125 -0.4941322
v -0.4284255 0.5449306 -0.5518883
v -0.3473488 0.5514545 -0.6096543
v -0.2652096 0.5626671 -0.663606
v -0.180898 0.5768065 -0.7112419
v -0.09316556 0.593477 -0.7511312
v 8.585713e-09 0.5981652 -0.7635975
v 0.09592928 0.6045031 -0.7650863
v 0.1965724 0.6139758 -0.7570741
v 0.2997226 0.6198959 -0.7311011
v 0.3997366 0.6190066 -0.6843358
v 0.4858324 0.605383 -0.6131125
v 0.5621856 0.5935102 -0.5357429
v 0.6280143 0.5857531 -0.4552029
v 0.6835095 0.5840936 -0.372817
v 0.7157815 0.5781208 -0.282424
v 0.7356277 0.5775596 -0.1908253
v 0.7324284 0.5723345 -0.09536511
v 0.7276947 0.5773028 1.288551e-07
v 0.7817858 0.5121951 0
v 0.7895958 0.5295648 0.1093545
v 0.7787486 0.5399097 0.2210737
v 0.7451593 0.5396513 0.3267177
v 0.6980519 0.5343145 0.4226557
v 0.6409845 0.5267259 0.5072845
v 0.5768404 0.5204449 0.5822098
v 0.5067704 0.5190294 0.651446
v 0.4249064 0.5191252 0.7112504
v 0.3270956 0.5141144 0.7514409
v 0.2238543 0.5163959 0.7891259
v 0.1140429 0.5224347 0.8194461
v -3.738479e-08 0.5157831 0.815994
v -0.1127991 0.530214 0.8316479
v -0.2134993 0.5166116 0.7894555
v -0.304996 0.5109354 0.7467945
v -0.3724535 0.4888842 0.6698174
v -0.4575841 0.5012818 0.6291705
v -0.5365989 0.5099774 0.5705001
v -0.6163253 0.5208821 0.5016562
v -0.6785338 0.5200687 0.411387
v -0.7414514 0.5233111 0.3168249
v -0.7826477 0.5169563 0.211675
v -0.8347965 0.5250586 0.1084239
v -0.8937249 0.5468816 -7.563759e-08
v -0.8889476 0.5405841 -0.11163
v -0.8704227 0.5392911 -0.2208207
v -0.8149714 0.5277454 -0.3195096
v -0.7363262 0.5126049 -0.4054829
v -0.6476604 0.4999819 -0.4815277
v -0.5578424 0.4938628 -0.5524732
v -0.469525 0.4946819 -0.6208868
v -0.3782826 0.4962536 -0.6799141
v -0.2848661 0.4966849 -0.7259658
v -0.1964831 0.5101588 -0.7795949
v -0.1016127 0.52191 -0.8186231
v 9.517543e-09 0.5293108 -0.8373953
v 0.1097086 0.5473104 -0.8584639
v 0.2168007 0.5342728 -0.8164444
v 0.324476 0.5287858 -0.7728849
v 0.4219678 0.5154102 -0.7061605
v 0.525422 0.5193973 -0.6519077
v 0.6084589 0.5136044 -0.5745573
v 0.6574079 0.4939448 -0.4757133
v 0.696487 0.483527 -0.3824815
v 0.7213209 0.4774756 -0.289075
v 0.7572681 0.4907487 -0.2009439
v 0.7831274 0.5064425 -0.1045794
v 0.7817859 0.5121952 1.416804e-07
v 0.8281898 0.4385986 0
v 0.8188362 0.4407228 0.1145261
v 0.8240225 0.4537137 0.2337866
v 0.8111565 0.4617159 0.3517677
v 0.7743363 0.462165 0.4600537
v 0.7179753 0.4579774 0.5550506
v 0.6461598 0.4522457 0.6366501
v 0.5609335 0.4469427 0.7059273
v 0.4623393 0.4418579 0.7618241
v 0.3580075 0.4440293 0.8167111
v 0.246384 0.452951 0.8710366
v 0.1197817 0.440241 0.8689615
v -4.008163e-08 0.4475345 0.8909801
v -0.1184483 0.4524089 0.8929788
v -0.2340705 0.4610199 0.8865534
v -0.3175471 0.4326879 0.7958506
v -0.397883 0.4223123 0.7281246
v -0.4751921 0.4179621 0.6601536
v -0.5792332 0.4366701 0.6147236
v -0.662821 0.4403574 0.5336957
v -0.7191701 0.4301686 0.4282035
v -0.8088208 0.4431462 0.3376198
v -0.8547919 0.4377483 0.2255599
v -0.9136628 0.4469993 0.116157
v -1.002926 0.4811611 -8.374455e-08
v -0.9615906 0.4612929 -0.1198715
v -0.9227096 0.454611 -0.2342492
v -0.8582834 0.4459248 -0.3397369
v -0.7703447 0.4337499 -0.4317684
v -0.675781 0.4244496 -0.5144164
v -0.585194 0.422449 -0.5947039
v -0.4973012 0.4262164 -0.6731908
v -0.4069396 0.4314105 -0.7438114
v -0.3166346 0.4414787 -0.8120198
v -0.2173137 0.4469553 -0.8595068
v -0.1078286 0.4356563 -0.8599122
v 1.044702e-08 0.4530947 -0.9020496
v 0.1171936 0.4543937 -0.8968964
v 0.2396373 0.4583124 -0.8813467
v 0.3384583 0.4283576 -0.7878857
v 0.4484721 0.4279271 -0.7378055
v 0.5532008 0.4305744 -0.680074
v 0.6333539 0.4246934 -0.5978632
v 0.6821753 0.4111981 -0.498356
v 0.693318 0.3890744 -0.3872968
v 0.7537905 0.406414 -0.3096348
v 0.7816418 0.4132197 -0.2129209
v 0.8282827 0.4355207 -0.1131739
v 0.8281899 0.4385986 1.526734e-07
v 0.8644807 0.355971 0
v 0.8601406 0.3564068 0.1200995
v 0.8582375 0.3606646 0.2409891
v 0.8600302 0.3707101 0.3662451
v 0.8373281 0.3767327 0.4862964
v 0.7812771 0.3754227 0.590018
v 0.6948342 0.3672646 0.6704428
v 0.5884864 0.3557894 0.7287142
v 0.4801486 0.3508548 0.7844328
v 0.3748964 0.3591096 0.8565249
v 0.2517817 0.3603168 0.8985161
v 0.1263136 0.3647168 0.9335166
v -4.221491e-08 0.3718686 0.960035
v -0.1236706 0.373034 0.9548049
v -0.2387801 0.3707201 0.9244588
v -0.3425519 0.3653868 0.8714967
v -0.41872 0.3454968 0.7724534
v -0.5152789 0.3482242 0.7132196
v -0.6053404 0.3481019 0.6354613
v -0.6882589 0.3461681 0.5440411
v -0.7942633 0.357471 0.4614329
v -0.8674984 0.3576802 0.3533719
v -0.9846934 0.3815134 0.2549198
v -1.015166 0.3779576 0.1273615
v -1.040539 0.3819361 -8.620113e-08
v -1.014472 0.3759882 -0.126698
v -0.9456061 0.3627004 -0.2423496
v -0.8670028 0.3533717 -0.3491155
v -0.7757149 0.3447362 -0.4449944
v -0.6789921 0.3375431 -0.5304862
v -0.5872055 0.3350293 -0.6115972
v -0.5040393 0.339374 -0.6950929
v -0.4282655 0.3528918 -0.788987
v -0.3431748 0.3677162 -0.877053
v -0.231927 0.3636025 -0.9067097
v -0.1197428 0.3654797 -0.9354693
v 1.106069e-08 0.3614973 -0.93326
v 0.1246995 0.3640269 -0.9317505
v 0.246516 0.355574 -0.8866891
v 0.3699106 0.3557614 -0.848539
v 0.469933 0.3429408 -0.7667389
v 0.5722834 0.3437809 -0.704119
v 0.653005 0.3412121 -0.6228837
v 0.6893328 0.3264308 -0.5130218
v 0.7472828 0.3320193 -0.4285789
v 0.7721509 0.3297648 -0.3257928
v 0.8227505 0.3432953 -0.2293831
v 0.8295693 0.3427643 -0.115502
v 0.8644807 0.355971 1.606819e-07
v 0.8890473 0.2666572 0
v 0.9347441 0.2787795 0.1287251
v 0.9364904 0.2813889 0.2576369
v 0.9215212 0.2832242 0.38342
v 0.8923392 0.2862846 0.5063756
v 0.8328562 0.2862794 0.6165125
v 0.7400773 0.2814882 0.7041252
v 0.6264958 0.2748342 0.7713334
v 0.5043539 0.2698005 0.8265671
v 0.3717964 0.2623723 0.8575076
v 0.2480495 0.2635944 0.9007096
v 0.1305834 0.2815387 0.9874415
v -4.354951e-08 0.2866179 1.01393
v -0.1291814 0.2902435 1.017972
v -0.2361058 0.2722455 0.9302705
v -0.3405387 0.2676296 0.8746902
v -0.4691847 0.2805995 0.8596513
v -0.5380877 0.2621284 0.7356741
v -0.6178452 0.2543192 0.6361638
v -0.7404089 0.265081 0.5708609
v -0.844199 0.2705711 0.4785818
v -0.9493951 0.2800111 0.37907
v -0.99187 0.2759002 0.2526113
v -1.044929 0.2818484 0.130142
v -1.046001 0.2803425 -8.669986e-08
v -1.050939 0.2873771 -0.132695
v -0.9959731 0.2841503 -0.2601655
v -0.8991142 0.2738371 -0.370712
v -0.7942263 0.2642288 -0.4673636
v -0.6941994 0.2578266 -0.5552387
v -0.6058739 0.2565828 -0.6418262
v -0.5285408 0.2615104 -0.7339395
v -0.4472708 0.2682103 -0.8216955
v -0.3468102 0.2684474 -0.877363
v -0.2453775 0.2753226 -0.9407849
v -0.1299622 0.2827248 -0.9916016
v 1.187934e-08 0.2766159 -0.9785475
v 0.1288875 0.2686546 -0.9422532
v 0.2569714 0.2662891 -0.9099172
v 0.3839574 0.2675401 -0.8743974
v 0.5074686 0.2715614 -0.831962
v 0.5800343 0.2570747 -0.7214906
v 0.6426293 0.2495807 -0.6243104
v 0.7343953 0.2604071 -0.5607958
v 0.771953 0.2569585 -0.4545038
v 0.8007877 0.2554936 -0.3458793
v 0.8208451 0.2545945 -0.2331039
v 0.8595686 0.2611606 -0.1205892
v 0.8890474 0.2666572 1.649349e-07
v 0.9399257 0.1818803 0
v 0.9635362 0.184391 0.1301499
v 0.9938077 0.1908301 0.267085
v 0.9887166 0.1942792 0.4020428
v 0.9495895 0.1955057 0.5286105
v 0.8794991 0.1952083 0.6426163
v 0.7789723 0.1928805 0.7375298
v 0.6524419 0.1879625 0.8063884
v 0.5078362 0.179757 0.8418271
v 0.372588 0.1753734 0.8761641
v 0.254728 0.1814332 0.947691
v 0.1285402 0.1857334 0.9957837
v -4.50577e-08 0.1978819 1.070071
v -0.1309347 0.1952985 1.047065
v -0.2296236 0.1749024 0.9135783
v -0.3330668 0.1711784 0.8552055
v -0.4708346 0.1822027 0.8532804
v -0.5658945 0.1765748 0.7575331
v -0.6522593 0.1711483 0.6544312
v -0.7599997 0.1735269 0.5712419
v -0.9009508 0.1851198 0.500529
v -0.9720006 0.1847603 0.3823443
v -1.022921 0.1849976 0.2589217
v -1.056371 0.1868037 0.1318527
v -1.079894 0.1916332 -9.059447e-08
v -1.043337 0.1899307 -0.13406
v -0.9994422 0.1907728 -0.2670051
v -0.9206866 0.1879079 -0.3888579
v -0.8179767 0.1819263 -0.4918943
v -0.718282 0.1772215 -0.5834047
v -0.6310558 0.1758733 -0.6724985
v -0.5466291 0.1762806 -0.7562711
v -0.4532313 0.1756922 -0.8227908
v -0.3612614 0.1792449 -0.8955059
v -0.2584236 0.1852097 -0.9674173
v -0.1335014 0.1855169 -0.9946228
v 1.26191e-08 0.1884277 -1.018946
v 0.1332456 0.1789808 -0.9595804
v 0.2633306 0.1773092 -0.92615
v 0.4028232 0.1844258 -0.9213893
v 0.5091398 0.1802392 -0.8440853
v 0.5867856 0.1735762 -0.7446685
v 0.6620908 0.1725835 -0.6599185
v 0.7236403 0.1722974 -0.5671948
v 0.7838346 0.1746358 -0.4721821
v 0.8066391 0.171253 -0.3543923
v 0.8303582 0.1698082 -0.2376626
v 0.8946603 0.1771024 -0.1250049
v 0.9399257 0.1818803 1.719676e-07
v 0.9602034 0.09002092 0
v 0.9948611 0.09189855 0.1311798
v 0.9989223 0.09260891 0.2621258
v 0.9974331 0.09496467 0.3974316
v 0.9609393 0.09647761 0.5275423
v 0.8774461 0.09567852 0.6369749
v 0.7571609 0.0928195 0.7177694
v 0.6234701 0.08969208 0.7781824
v 0.5027813 0.08972999 0.849824
v 0.3882626 0.09263095 0.9359058
v 0.2585527 0.09330194 0.9855875
v 0.1331576 0.09704005 1.052156
v -4.313984e-08 0.09522966 1.041437
v -0.1330292 0.09864856 1.069597
v -0.2376321 0.08904929 0.940665
v -0.3401235 0.08522902 0.8611197
v -0.4797179 0.08995073 0.8519145
v -0.5708682 0.08589162 0.7452091
v -0.685078 0.08663657 0.669957
v -0.8055555 0.0890911 0.5931193
v -0.888456 0.08882436 0.4856941
v -0.9840681 0.09194326 0.3847868
v -1.05028 0.09433215 0.2670032
v -1.065392 0.09430286 0.1346117
v -1.053797 0.09414061 -9.000411e-08
v -1.026878 0.09456581 -0.1349872
v -0.9496791 0.09185802 -0.2600007
v -0.8737794 0.09023793 -0.37765
v -0.788201 0.08820809 -0.4823243
v -0.7081578 0.08707568 -0.5797021
v -0.6057559 0.08342829 -0.6451477
v -0.5350367 0.08432453 -0.7316127
v -0.4721624 0.088569 -0.8388283
v -0.3843067 0.09197143 -0.9292425
v -0.26472 0.09157008 -0.9672931
v -0.1382638 0.09310555 -1.009497
v 1.240268e-08 0.09011979 -0.9855551
v 0.1394488 0.09223672 -1.000076
v 0.2737699 0.09162864 -0.9679116
v 0.3921903 0.08975431 -0.9068415
v 0.5094098 0.09094223 -0.861305
v 0.5994055 0.08989245 -0.7799209
v 0.6583574 0.08709192 -0.673478
v 0.7174414 0.08644708 -0.575517
v 0.7557949 0.08478642 -0.4636143
v 0.8063166 0.08525941 -0.3568147
v 0.876223 0.08804277 -0.2492013
v 0.9047627 0.08740389 -0.1247635
v 0.9602035 0.09002093 1.721309e-07
v 0.9595222 -3.648958e-08 0
v 1.002016 -3.75612e-08 0.1289209
v 1.041687 -3.939825e-08 0.2681386
v 1.024545 -4.006445e-08 0.4031671
v 0.9598334 -3.986647e-08 0.5241601
v 0.8581167 -3.902525e-08 0.6247108
v 0.7365559 -3.799928e-08 0.7065558
v 0.6151515 -3.755491e-08 0.7834648
v 0.4967103 -3.77787e-08 0.8603276
v 0.3820293 -3.883709e-08 0.9435136
v 0.2697642 -4.125054e-08 1.047755
v 0.1310473 -4.028881e-08 1.050362
v -4.288348e-08 -3.959036e-08 1.04106
v -0.1238287 -3.818561e-08 0.9955302
v -0.2563803 -3.928401e-08 0.9978052
v -0.3649465 -3.713948e-08 0.9022717
v -0.4523985 -3.440844e-08 0.7835771
v -0.5896122 -3.595949e-08 0.7501814
v -0.7280621 -3.754248e-08 0.6980621
v -0.8062006 -3.653668e-08 0.5848739
v -0.8959249 -3.706012e-08 0.4872625
v -0.9773 -3.811976e-08 0.3835975
v -1.030196 -3.894581e-08 0.2650592
v -1.041846 -3.908897e-08 0.1341645
v -0.9999999 -3.80289e-08 -8.742277e-08
v -0.9444715 -3.710033e-08 -0.1273391
v -0.9147833 -3.762884e-08 -0.2560965
v -0.8512458 -3.714719e-08 -0.3738108
v -0.7321128 -3.443028e-08 -0.4526855
v -0.6765148 -3.453638e-08 -0.5528536
v -0.6246573 -3.520813e-08 -0.6546575
v -0.5516858 -3.533661e-08 -0.7371868
v -0.4749605 -3.612447e-08 -0.822656
v -0.3869073 -3.75755e-08 -0.9128644
v -0.2767699 -3.905305e-08 -0.9919389
v -0.1354707 -3.736151e-08 -0.9740453
v 1.257151e-08 -3.78093e-08 -0.9942251
v 0.1379884 -3.809493e-08 -0.993166
v 0.2762835 -3.89815e-08 -0.9901215
v 0.3909939 -3.798156e-08 -0.9227291
v 0.4850585 -3.689249e-08 -0.8401461
v 0.6009802 -3.841599e-08 -0.8014286
v 0.6797543 -3.817129e-08 -0.7097539
v 0.6896234 -3.516472e-08 -0.5629119
v 0.7437007 -3.493912e-08 -0.4593755
v 0.8300525 -3.627483e-08 -0.3650322
v 0.8778829 -3.617604e-08 -0.2462085
v 0.9389056 -3.688683e-08 -0.1266058
v 0.9595222 -3.648958e-08 1.677682e-07
v 1.003801 -0.08956905 0
v 1.044467 -0.09237312 0.131857
v 1.040605 -0.09341646 0.264411
v 1.015403 -0.09504484 0.3977664
v 0.947745 -0.09508469 0.5199247
v 0.8404748 -0.09311607 0.6199142
v 0.7147051 -0.09046804 0.6995842
v 0.5922565 -0.0891045 0.7730829
v 0.4876852 -0.09140801 0.8657146
v 0.3831253 -0.09550434 0.9649355
v 0.2555057 -0.09536421 1.00737
v 0.1300952 -0.09659348 1.047312
v -4.149817e-08 -0.09179561 1.00388
v -0.1247092 -0.09112152 0.9879827
v -0.2416328 -0.08732432 0.9224415
v -0.3571841 -0.085205 0.8608752
v -0.4797647 -0.08552083 0.8099577
v -0.5965285 -0.08564541 0.7430714
v -0.7212075 -0.0881703 0.681816
v -0.8368863 -0.09100384 0.6058521
v -0.8957884 -0.08959875 0.4899275
v -0.9526502 -0.09053247 0.3788818
v -0.976582 -0.09049422 0.2561396
v -0.9591569 -0.08860576 0.1264792
v -0.9353577 -0.08774921 -8.389336e-08
v -0.9214461 -0.0889428 -0.1269605
v -0.8794262 -0.08834621 -0.2500601
v -0.8242077 -0.08703036 -0.3642254
v -0.7127126 -0.0802377 -0.4387411
v -0.6919885 -0.0835136 -0.5559866
v -0.6579714 -0.08704221 -0.6730926
v -0.5603457 -0.08402556 -0.7290174
v -0.4819641 -0.08592308 -0.8137675
v -0.3863515 -0.08835945 -0.8927467
v -0.2651319 -0.0885772 -0.9356762
v -0.1383843 -0.09149154 -0.9919946
v 1.233929e-08 -0.08963389 -0.9802392
v 0.1369895 -0.09221268 -0.9998136
v 0.2650908 -0.09170111 -0.968675
v 0.3765536 -0.09011891 -0.9105234
v 0.4912685 -0.09206334 -0.8719211
v 0.5859821 -0.0919771 -0.7980061
v 0.6547294 -0.08976152 -0.6941205
v 0.7235964 -0.08885527 -0.5915481
v 0.7682481 -0.08610149 -0.4708041
v 0.8226275 -0.08517536 -0.3564622
v 0.8980805 -0.08697353 -0.2461744
v 0.936559 -0.08623587 -0.123096
v 1.003801 -0.08956905 1.712665e-07
v 1.021531 -0.1808405 0
v 1.049654 -0.1855509 0.1309685
v 1.061836 -0.1924479 0.2693491
v 1.015005 -0.1933682 0.4001573
v 0.9242782 -0.1901011 0.5139971
v 0.8153411 -0.1864266 0.6137072
v 0.7048699 -0.1849073 0.7070418
v 0.5949107 -0.1853892 0.7953478
v 0.4758382 -0.1840534 0.8619472
v 0.3583505 -0.1833963 0.9162459
v 0.2469122 -0.187255 0.9781
v 0.1231418 -0.1842581 0.9878736
v -4.261685e-08 -0.1875558 1.01423
v -0.1209629 -0.174998 0.9382268
v -0.2360752 -0.168106 0.8780778
v -0.3596226 -0.1691082 0.8448626
v -0.4870363 -0.1720643 0.8058004
v -0.6104196 -0.1751975 0.751624
v -0.7107152 -0.1750298 0.6692727
v -0.807924 -0.1785248 0.5876945
v -0.908501 -0.1867321 0.5048881
v -0.9166968 -0.1798638 0.372211
v -0.8999594 -0.1728632 0.2419383
v -0.8818236 -0.16915 0.1193921
v -0.8865216 -0.1720047 -8.131506e-08
v -0.8713838 -0.1727609 -0.121941
v -0.8842415 -0.1801241 -0.2521011
v -0.8807662 -0.1860904 -0.3850967
v -0.8169675 -0.1817109 -0.4913116
v -0.7722468 -0.1836273 -0.6044921
v -0.6974534 -0.1818317 -0.6952817
v -0.5900159 -0.1745576 -0.7488785
v -0.4728629 -0.1668223 -0.7812517
v -0.3674325 -0.1673242 -0.8359499
v -0.2601446 -0.1750333 -0.9142616
v -0.1336612 -0.1795705 -0.9627416
v 1.247879e-08 -0.1862519 -1.007179
v 0.1287537 -0.1787899 -0.9585566
v 0.2483757 -0.1780303 -0.929916
v 0.3762571 -0.1864911 -0.9317076
v 0.4778895 -0.1848121 -0.8655003
v 0.5624586 -0.1810892 -0.7769004
v 0.6537943 -0.1818199 -0.6952362
v 0.7333373 -0.1807308 -0.5949566
v 0.8080388 -0.1798043 -0.4861563
v 0.8422834 -0.1722147 -0.3563823
v 0.8788834 -0.1676922 -0.2347009
v 0.9600226 -0.174391 -0.123091
v 1.021531 -0.1808405 1.709844e-07
v 0.9946051 -0.265814 0
v 1.037608 -0.2797614 0.1291784
v 1.011549 -0.2816596 0.2578845
v 0.9452145 -0.2787321 0.3773386
v 0.8569143 -0.2747217 0.485923
v 0.7538595 -0.2698739 0.5811823
v 0.6489697 -0.266762 0.6672881
v 0.5521556 -0.2686611 0.7540079
v 0.4581457 -0.2743587 0.8405313
v 0.3478524 -0.2730323 0.8923471
v 0.2354518 -0.2715313 0.9278294
v 0.123975 -0.2789685 0.9784265
v -4.11144e-08 -0.2708703 0.9582213
v -0.1221501 -0.2632743 0.9233822
v -0.2340005 -0.2482505 0.8482783
v -0.3534028 -0.2487853 0.8131011
v -0.4922539 -0.2629597 0.8056089
v -0.5912842 -0.2584837 0.7254446
v -0.6825464 -0.2584893 0.6465944
v -0.789661 -0.2708886 0.5833674
v -0.8463732 -0.271281 0.4798371
v -0.8812965 -0.2709168 0.3667582
v -0.8494077 -0.2559042 0.2343031
v -0.8464898 -0.2536167 0.1171061
v -0.8279345 -0.249382 -7.712481e-08
v -0.8573864 -0.2605386 -0.1203024
v -0.8652662 -0.2675946 -0.245007
v -0.8507276 -0.270774 -0.366565
v -0.8217322 -0.2732072 -0.4832441
v -0.7528803 -0.2669937 -0.5749801
v -0.6767784 -0.2632328 -0.6584601
v -0.5790464 -0.2566161 -0.720203
v -0.4730683 -0.252113 -0.7723789
v -0.3565697 -0.2473098 -0.808279
v -0.2480897 -0.2565892 -0.8767721
v -0.1298374 -0.2707131 -0.9494724
v 1.165749e-08 -0.271357 -0.9599432
v 0.1231488 -0.2679682 -0.9398451
v 0.2392409 -0.26862 -0.9178812
v 0.3532255 -0.2731861 -0.8928498
v 0.4711902 -0.2817336 -0.8631251
v 0.551025 -0.2719511 -0.7632414
v 0.6321058 -0.2670696 -0.6680574
v 0.7469978 -0.2766393 -0.5957519
v 0.8064358 -0.2682141 -0.4744123
v 0.8546746 -0.26024 -0.3523045
v 0.8937987 -0.2542489 -0.2327874
v 0.9516151 -0.2590581 -0.1196184
v 0.9946052 -0.2658141 1.644133e-07
v 0.9736262 -0.3560178 0
v 0.958893 -0.3559726 0.1199532
v 0.9242311 -0.3572674 0.2387191
v 0.8749366 -0.360799 0.3564532
v 0.797394 -0.3588714 0.4632404
v 0.7018288 -0.3527938 0.554454
v 0.6035317 -0.3471113 0.6336527
v 0.5107774 -0.3453601 0.7073532
v 0.4276814 -0.3524393 0.7879753
v 0.3451295 -0.3679959 0.8777198
v 0.236533 -0.3673572 0.9160724
v 0.1198043 -0.3615612 0.9254393
v -4.033729e-08 -0.3552301 0.9170801
v -0.1199272 -0.3457642 0.8850058
v -0.2378693 -0.3394955 0.8465944
v -0.354122 -0.338082 0.806371
v -0.4512594 -0.3284744 0.734395
v -0.5673203 -0.3423217 0.7011301
v -0.6636782 -0.3501976 0.6392868
v -0.728978 -0.3498881 0.5498872
v -0.7905742 -0.3558211 0.459303
v -0.8005232 -0.3457611 0.3415962
v -0.8383907 -0.3527059 0.2356711
v -0.8236461 -0.3421488 0.1152948
v -0.8432153 -0.347734 -7.848185e-08
v -0.8393999 -0.3466051 -0.1167966
v -0.8260376 -0.3446135 -0.2302643
v -0.8188502 -0.3493442 -0.3451364
v -0.7922241 -0.3521204 -0.454526
v -0.7341648 -0.3483199 -0.547423
v -0.6489488 -0.3389904 -0.6188281
v -0.5511724 -0.3303483 -0.6766066
v -0.4549621 -0.331343 -0.7408085
v -0.3545274 -0.3401912 -0.8114019
v -0.2349905 -0.3383258 -0.8436775
v -0.1192538 -0.3478678 -0.8903901
v 1.078873e-08 -0.3526635 -0.9104542
v 0.118726 -0.3624611 -0.9277425
v 0.2293765 -0.3597848 -0.8971892
v 0.3410767 -0.3655922 -0.8719866
v 0.436002 -0.3588853 -0.802387
v 0.5447821 -0.3652983 -0.7481897
v 0.6430925 -0.3656437 -0.6674834
v 0.7034976 -0.3495077 -0.5492896
v 0.7868239 -0.349705 -0.4514079
v 0.8355659 -0.3401914 -0.3360938
v 0.9076458 -0.3474778 -0.2321777
v 0.9315339 -0.343585 -0.1157785
v 0.9736262 -0.3560178 1.60703e-07
v 0.9193965 -0.4392048 0
v 0.8973378 -0.4387287 0.1140079
v 0.8739628 -0.4477176 0.2306969
v 0.8215266 -0.4500543 0.342883
v 0.7443647 -0.4447815 0.4427495
v 0.6586502 -0.4377169 0.5304955
v 0.5758343 -0.4342558 0.6113247
v 0.4971401 -0.4360717 0.6887568
v 0.415178 -0.4396868 0.7580806
v 0.3289116 -0.4476047 0.8232871
v 0.231679 -0.4563787 0.8776279
v 0.1146794 -0.4379064 0.8643531
v -3.915429e-08 -0.4368784 0.8697649
v -0.1183672 -0.434797 0.8582156
v -0.2400621 -0.4406821 0.847443
v -0.3356004 -0.4146188 0.7626156
v -0.4308178 -0.4101918 0.7072271
v -0.5195479 -0.4127952 0.6519925
v -0.6239888 -0.4364966 0.6144792
v -0.6913624 -0.441128 0.5346296
v -0.7144014 -0.4274028 0.4254502
v -0.759365 -0.433558 0.3303148
v -0.7873933 -0.4346661 0.2239717
v -0.8330213 -0.4479095 0.1163935
v -0.8526238 -0.4508718 -7.847277e-08
v -0.8400697 -0.4414924 -0.1147262
v -0.837872 -0.4424603 -0.2279882
v -0.8207651 -0.4428268 -0.3373766
v -0.7766279 -0.4373943 -0.4353959
v -0.71073 -0.4292771 -0.5202671
v -0.6295715 -0.4220068 -0.5940813
v -0.5360381 -0.4164133 -0.6577072
v -0.4332674 -0.4126528 -0.7114702
v -0.3307187 -0.4181996 -0.7692019
v -0.2224503 -0.4249582 -0.8172056
v -0.1080672 -0.4192752 -0.8275782
v 1.023112e-08 -0.4440011 -0.8839453
v 0.1121548 -0.4523033 -0.8927701
v 0.2252893 -0.462433 -0.8892704
v 0.3141714 -0.4382453 -0.8060721
v 0.4187387 -0.4432639 -0.764248
v 0.5265529 -0.4503523 -0.7113122
v 0.6193218 -0.4466915 -0.6288309
v 0.6882216 -0.4323261 -0.5239621
v 0.7232819 -0.4064534 -0.4045963
v 0.8078333 -0.4184962 -0.3188398
v 0.8565224 -0.4201928 -0.2165139
v 0.9170107 -0.4387076 -0.1140021
v 0.9193964 -0.4392048 1.528843e-07
v 0.8387694 -0.5121447 0
v 0.8414217 -0.5292825 0.1092962
v 0.816706 -0.5392438 0.220801
v 0.7637392 -0.53856 0.326057
v 0.6960605 -0.5328611 0.421506
v 0.6216533 -0.5251272 0.5057448
v 0.5497906 -0.5217696 0.5836917
v 0.4636844 -0.5076159 0.6371206
v 0.3961302 -0.5188161 0.7108269
v 0.3069318 -0.5141329 0.7514679
v 0.2134542 -0.5165015 0.7892873
v 0.1111654 -0.5223032 0.8192397
v -3.734741e-08 -0.5152425 0.8151385
v -0.1154616 -0.5293042 0.8302209
v -0.2235034 -0.5155388 0.7878161
v -0.3245817 -0.5099621 0.7453719
v -0.400453 -0.4882115 0.6688956
v -0.4893763 -0.5009688 0.6287776
v -0.565069 -0.5099223 0.5704384
v -0.6336328 -0.5208684 0.5016431
v -0.6782417 -0.5198556 0.4112184
v -0.7204173 -0.5227235 0.3164691
v -0.7594542 -0.5272836 0.2159037
v -0.8093382 -0.5421515 0.1119535
v -0.8218006 -0.5374882 -7.433842e-08
v -0.8349743 -0.5394973 -0.1114056
v -0.8304327 -0.5386269 -0.2205487
v -0.79452 -0.5275564 -0.3193951
v -0.7364949 -0.512728 -0.4055802
v -0.6651161 -0.5000864 -0.4816284
v -0.586065 -0.4935866 -0.5521641
v -0.5007749 -0.4938058 -0.6197871
v -0.4056742 -0.4948123 -0.6779394
v -0.3039872 -0.4949443 -0.7234217
v -0.2062388 -0.5084796 -0.7770287
v -0.1041912 -0.5205936 -0.8165582
v 9.502614e-09 -0.5285195 -0.8361433
v 0.106811 -0.5470813 -0.8581045
v 0.206483 -0.5345799 -0.8169137
v 0.3047853 -0.5295855 -0.7740539
v 0.3944105 -0.5166421 -0.7078483
v 0.4948296 -0.5209563 -0.6538643
v 0.5818516 -0.5153248 -0.5764818
v 0.6421883 -0.495622 -0.4773286
v 0.6984665 -0.4849718 -0.3836243
v 0.7430935 -0.4785686 -0.2897368
v 0.7973277 -0.4914584 -0.2012345
v 0.8362868 -0.5070104 -0.1046967
v 0.8387694 -0.5121447 1.416665e-07
v 0.7309369 -0.5653185 0
v 0.7418585 -0.5925158 0.09872813
v 0.7194595 -0.6024945 0.1990639
v 0.6822895 -0.6072946 0.296676
v 0.632329 -0.6061301 0.3868825
v 0.5713966 -0.5985368 0.4651374
v 0.5080853 -0.592164 0.5345277
v 0.4242218 -0.5656707 0.572893
v 0.3631546 -0.5762175 0.6370307
v 0.2856359 -0.5783306 0.682079
v 0.1992901 -0.5841554 0.7203032
v 0.1039639 -0.5951533 0.7532526
v -3.514871e-08 -0.5957345 0.7604944
v -0.1037051 -0.5880408 0.7442507
v -0.2034214 -0.5863895 0.723058
v -0.2945774 -0.583215 0.6878397
v -0.3797219 -0.5876495 0.6496692
v -0.4465537 -0.5809886 0.5884066
v -0.5079155 -0.5817058 0.5250874
v -0.5629344 -0.584623 0.4543245
v -0.6284611 -0.6026313 0.3846493
v -0.6830643 -0.6135096 0.2997119
v -0.73598 -0.6261625 0.2068837
v -0.7646018 -0.6239042 0.1039581
v -0.7809028 -0.6189835 -6.907915e-08
v -0.7849071 -0.6137986 -0.1022744
v -0.7656407 -0.6018998 -0.1988676
v -0.7250887 -0.5860126 -0.2862792
v -0.6685533 -0.5705655 -0.3641822
v -0.6011136 -0.5591918 -0.4345616
v -0.5279906 -0.5556285 -0.5015485
v -0.4524017 -0.5623648 -0.569545
v -0.3731596 -0.5773685 -0.6383032
v -0.2867012 -0.593242 -0.6996656
v -0.1941807 -0.6067384 -0.7481497
v -0.09816121 -0.6179004 -0.7820424
v 8.824813e-09 -0.6138719 -0.783648
v 0.09593672 -0.6101061 -0.7721775
v 0.1916714 -0.6094127 -0.7514473
v 0.2863392 -0.6059188 -0.7146163
v 0.3764328 -0.5970206 -0.6600294
v 0.4537701 -0.5775441 -0.584918
v 0.5251305 -0.5627298 -0.5079582
v 0.5915965 -0.5553528 -0.431578
v 0.6537347 -0.5571615 -0.3556265
v 0.6973004 -0.5568929 -0.2720537
v 0.7303998 -0.5630499 -0.1860313
v 0.7175247 -0.5471405 -0.09116713
v 0.7309369 -0.5653186 1.261802e-07
v 0.6633734 -0.6490384 0
v 0.6456031 -0.6511577 0.08796342
v 0.6303151 -0.6630493 0.1776071
v 0.6040528 -0.6698869 0.2653135
v 0.5664423 -0.6699296 0.3466709
v 0.5193628 -0.6645067 0.4186631
v 0.4648096 -0.6562712 0.4802712
v 0.4040575 -0.6483938 0.5323825
v 0.3371291 -0.6434252 0.5766959
v 0.2641057 -0.6448654 0.6165987
v 0.1842453 -0.6552975 0.6550892
v 0.09410828 -0.6585035 0.6756859
v -3.074922e-08 -0.641762 0.6641898
v -0.09029036 -0.6364128 0.6530187
v -0.1761847 -0.6366114 0.6364091
v -0.2599476 -0.649269 0.6208094
v -0.339621 -0.6643713 0.5954697
v -0.3978451 -0.6534362 0.5365226
v -0.4495323 -0.6468015 0.4733411
v -0.4914865 -0.6367288 0.4011619
v -0.5573566 -0.6597925 0.3414253
v -0.6175687 -0.6778495 0.268467
v -0.6744998 -0.6958418 0.1863909
v -0.7158937 -0.704758 0.09520407
v -0.7246968 -0.6921605 -6.262528e-08
v -0.7172892 -0.6770768 -0.0914648
v -0.697255 -0.6649428 -0.1781145
v -0.6604534 -0.652588 -0.2584621
v -0.60928 -0.6418352 -0.3321327
v -0.5492761 -0.6369992 -0.4013325
v -0.4844011 -0.640787 -0.4689397
v -0.4154722 -0.6523726 -0.5356492
v -0.3415103 -0.6680225 -0.5987422
v -0.2626355 -0.6850979 -0.6550679
v -0.1784922 -0.6988878 -0.6986658
v -0.08844072 -0.6928349 -0.7109132
v 7.847866e-09 -0.6738306 -0.6973791
v 0.08668051 -0.6736295 -0.6912065
v 0.1744028 -0.6722136 -0.6719999
v 0.2659135 -0.6784707 -0.648731
v 0.348201 -0.6648213 -0.5958731
v 0.4132648 -0.6339663 -0.5205362
v 0.4724109 -0.6129963 -0.4486017
v 0.5264543 -0.6030312 -0.3799313
v 0.5913371 -0.621816 -0.3217732
v 0.6313004 -0.6282713 -0.2488313
v 0.6615533 -0.6406357 -0.1716032
v 0.6710907 -0.6469558 -0.0873955
v 0.6633735 -0.6490386 1.174474e-07
v 0.5750145 -0.7133751 0
v 0.5738474 -0.729092 0.07947339
v 0.5636561 -0.7404719 0.1600466
v 0.5418121 -0.7433137 0.2375492
v 0.5113443 -0.7412007 0.3094907
v 0.4736764 -0.7370118 0.3746824
v 0.4285035 -0.732257 0.4324045
v 0.3746939 -0.7271759 0.4817789
v 0.3104235 -0.7186124 0.5197171
v 0.2366444 -0.7044749 0.5435287
v 0.1593223 -0.69541 0.560953
v 0.08055042 -0.6979094 0.5778422
v -2.62493e-08 -0.6849216 0.5719823
v -0.07518749 -0.6677068 0.5528357
v -0.1504876 -0.6896397 0.5562983
v -0.2195904 -0.6969775 0.5377442
v -0.2843154 -0.705731 0.510401
v -0.3451952 -0.7150173 0.4737234
v -0.38216 -0.688881 0.4067906
v -0.4346964 -0.6971753 0.3544302
v -0.4798925 -0.6977122 0.2913319
v -0.5289174 -0.7076022 0.2261363
v -0.5908817 -0.7391188 0.1597541
v -0.6235048 -0.7432014 0.08101127
v -0.6344741 -0.73493 -5.365525e-08
v -0.6378299 -0.734354 -0.080047
v -0.6250886 -0.7332079 -0.1584767
v -0.5927532 -0.7272114 -0.2324032
v -0.5465631 -0.721567 -0.3012925
v -0.4927026 -0.7215983 -0.3668466
v -0.4341059 -0.728532 -0.4302049
v -0.370462 -0.7385687 -0.489327
v -0.3004982 -0.7444875 -0.5384306
v -0.2263869 -0.7443941 -0.5743281
v -0.1526687 -0.7480481 -0.6034135
v -0.07750226 -0.7520742 -0.6226887
v 6.970839e-09 -0.7341513 -0.6130943
v 0.07675324 -0.7262017 -0.6012672
v 0.1593983 -0.7440776 -0.6002105
v 0.2361624 -0.7291155 -0.5625399
v 0.3117285 -0.7217376 -0.5219774
v 0.3735181 -0.698714 -0.4629219
v 0.4166931 -0.6639394 -0.3920622
v 0.4719479 -0.6712735 -0.3412623
v 0.5063954 -0.666027 -0.2781015
v 0.5447817 -0.6840333 -0.2186043
v 0.5781507 -0.7101238 -0.153487
v 0.5792031 -0.7094116 -0.07732789
v 0.5750145 -0.7133751 1.041632e-07
v 0.4838467 -0.7682509 0
v 0.482732 -0.7785178 0.06743516
v 0.475354 -0.785238 0.1348707
v 0.4610797 -0.787904 0.2000936
v 0.4390912 -0.7866217 0.2610094
v 0.4083844 -0.7815802 0.3157482
v 0.361591 -0.7588704 0.3561006
v 0.3135127 -0.7485268 0.3940889
v 0.2628651 -0.7530645 0.4327958
v 0.1996858 -0.7414785 0.4546048
v 0.1329557 -0.7304221 0.468207
v 0.06573997 -0.723083 0.4757479
v -2.154458e-08 -0.7201135 0.4778825
v -0.06277046 -0.7187638 0.4729061
v -0.1219329 -0.7216122 0.4625597
v -0.1784541 -0.7302147 0.4476989
v -0.2308052 -0.7347432 0.4222662
v -0.2788627 -0.7350963 0.387018
v -0.3251973 -0.7366798 0.3456877
v -0.3684151 -0.7356271 0.2971836
v -0.4107563 -0.7373191 0.2446503
v -0.4535079 -0.7455899 0.1893476
v -0.4902422 -0.7530975 0.1293503
v -0.5164863 -0.7574807 0.06561287
v -0.5308206 -0.7607351 -4.41345e-08
v -0.531062 -0.7623345 -0.06603339
v -0.5162042 -0.7616337 -0.1308166
v -0.4879859 -0.7600595 -0.1930223
v -0.4496925 -0.7598616 -0.2521301
v -0.40462 -0.7626289 -0.3080922
v -0.3551946 -0.76864 -0.3606851
v -0.3026539 -0.7766876 -0.4089151
v -0.2472827 -0.7844026 -0.4508062
v -0.1891437 -0.7896075 -0.4841131
v -0.1285882 -0.7923266 -0.5078883
v -0.06568171 -0.7941412 -0.5225002
v 6.10361e-09 -0.793884 -0.5268382
v 0.06789854 -0.7897666 -0.519622
v 0.1369706 -0.7857622 -0.5036804
v 0.2051938 -0.7804666 -0.4785087
v 0.2673617 -0.7666164 -0.4405842
v 0.3216431 -0.7513521 -0.3955764
v 0.3676348 -0.7397838 -0.3471442
v 0.4032765 -0.7301129 -0.294956
v 0.4324549 -0.729868 -0.2421778
v 0.4561745 -0.738138 -0.1874552
v 0.4713706 -0.7470579 -0.1283129
v 0.4798226 -0.7567961 -0.0655534
v 0.4838467 -0.7682509 8.914107e-08
v 0.3842054 -0.7981833 0
v 0.3801724 -0.7950104 0.05310486
v 0.3755782 -0.7968484 0.1055445
v 0.3671787 -0.799356 0.1565466
v 0.3518215 -0.7988154 0.2043997
v 0.3278384 -0.7939317 0.2473398
v 0.2949745 -0.785136 0.2841147
v 0.2542854 -0.7743179 0.3143763
v 0.2079231 -0.7651593 0.3391145
v 0.1582679 -0.762422 0.3604746
v 0.1064974 -0.7669823 0.3791341
v 0.05291862 -0.7694684 0.390412
v -1.70844e-08 -0.7587482 0.3882947
v -0.04885398 -0.7449154 0.3779543
v -0.09524298 -0.7490834 0.3702864
v -0.1402703 -0.7581542 0.3584567
v -0.1791984 -0.7477517 0.3313995
v -0.2169436 -0.7420868 0.3012903
v -0.2619839 -0.7610387 0.2753946
v -0.3043552 -0.7723897 0.2406286
v -0.3372494 -0.7659358 0.1959865
v -0.3702792 -0.7696155 0.1507222
v -0.4031015 -0.7854574 0.1040357
v -0.4234027 -0.792582 0.0529426
v -0.4268307 -0.7866237 -3.519293e-08
v -0.4180386 -0.7781947 -0.05198164
v -0.4011501 -0.7744604 -0.1025793
v -0.3774219 -0.7755123 -0.151877
v -0.3475944 -0.7793084 -0.1994083
v -0.3130573 -0.7846133 -0.2444369
v -0.275456 -0.7912189 -0.2863159
v -0.2361062 -0.7997811 -0.3247144
v -0.1955844 -0.8117904 -0.3597811
v -0.15317 -0.8278385 -0.3914036
v -0.1067354 -0.8428994 -0.4166615
v -0.0549514 -0.8454102 -0.4289433
v 5.046322e-09 -0.8318925 -0.4257268
v 0.0557312 -0.8207829 -0.4164479
v 0.1132057 -0.8246776 -0.407654
v 0.1688849 -0.8204488 -0.3879097
v 0.216522 -0.7987651 -0.3540083
v 0.2613917 -0.7933131 -0.3220884
v 0.3046458 -0.8048124 -0.2912349
v 0.3335789 -0.7988601 -0.2488752
v 0.3502661 -0.7853366 -0.2009507
v 0.3675481 -0.7909268 -0.1548958
v 0.3824719 -0.8037449 -0.1064579
v 0.3870395 -0.8047298 -0.05375391
v 0.3842054 -0.7981833 7.14202e-08
v 0.2962348 -0.8404089 0
v 0.2966495 -0.8389086 0.0408949
v 0.2932872 -0.8355423 0.08076468
v 0.2854362 -0.8311453 0.1187883
v 0.2722285 -0.826337 0.1543064
v 0.2529581 -0.8214971 0.1867713
v 0.2274151 -0.8169132 0.2157336
v 0.1960289 -0.8127241 0.2408056
v 0.159818 -0.808637 0.2615418
v 0.1202661 -0.8037351 0.2773225
v 0.07921456 -0.796967 0.2875021
v 0.03862803 -0.7885119 0.2919669
v -1.24928e-08 -0.7805998 0.2915314
v -0.03623005 -0.775456 0.2871326
v -0.07032133 -0.7717358 0.2784
v -0.1023866 -0.7658772 0.26426
v -0.1329386 -0.759124 0.2455276
v -0.1638958 -0.7586321 0.2247784
v -0.1967875 -0.7677091 0.2027396
v -0.2300574 -0.7803436 0.1774147
v -0.2602988 -0.7894529 0.1474189
v -0.2854186 -0.7949572 0.1136162
v -0.3047515 -0.800549 0.07738215
v -0.3172957 -0.8074249 0.03936011
v -0.32162 -0.8139493 -2.657534e-08
v -0.317133 -0.8187273 -0.03991113
v -0.3046716 -0.8220231 -0.07945799
v -0.2860247 -0.8250605 -0.1179186
v -0.2631608 -0.8289839 -0.1548007
v -0.2376619 -0.834356 -0.1896948
v -0.2104251 -0.8410459 -0.2221067
v -0.1815918 -0.848208 -0.2513193
v -0.1507156 -0.8543231 -0.2763183
v -0.1171715 -0.8575847 -0.2959029
v -0.08065417 -0.8569376 -0.3091362
v -0.04140694 -0.8533093 -0.3159598
v 3.850565e-09 -0.8492556 -0.3171723
v 0.04281196 -0.8459913 -0.3132502
v 0.08559797 -0.8413089 -0.3034981
v 0.1261943 -0.833472 -0.287583
v 0.1632015 -0.8267563 -0.2674022
v 0.1967333 -0.8275637 -0.2452025
v 0.2263705 -0.8346533 -0.2204184
v 0.2500604 -0.8400639 -0.1909925
v 0.2667173 -0.8399798 -0.156854
v 0.2780221 -0.8380048 -0.1197686
v 0.2863699 -0.8380626 -0.08100824
v 0.2925953 -0.8397008 -0.04093338
v 0.2962348 -0.8404089 5.487848e-08
v 0.2011663 -0.861324 0
v 0.2029928 -0.8600067 0.02742551
v 0.201614 -0.8569946 0.05419128
v 0.1963956 -0.8530404 0.07975619
v 0.1867977 -0.8486825 0.1036741
v 0.1725672 -0.8442149 0.1255611
v 0.1538786 -0.8397247 0.1450698
v 0.1313633 -0.8350952 0.1618668
v 0.106023 -0.8299664 0.1756088
v 0.07907151 -0.823736 0.1859338
v 0.05175249 -0.8157547 0.1925123
v 0.02515404 -0.8058228 0.1951926
v -8.12334e-09 -0.7948155 0.1941876
v -0.02355893 -0.7848437 0.1901108
v -0.04599358 -0.7783434 0.1836835
v -0.06808856 -0.7763786 0.1752443
v -0.09036414 -0.7776706 0.1645437
v -0.1126943 -0.7796859 0.1511268
v -0.1344657 -0.7810159 0.1349273
v -0.154995 -0.7825987 0.1163968
v -0.1736447 -0.7865185 0.09608024
v -0.1895851 -0.7938264 0.07421985
v -0.2016843 -0.8036309 0.05081685
v -0.2088217 -0.8139583 0.025957
v -0.2103783 -0.8231404 -1.758141e-08
v -0.2064983 -0.8305154 -0.02648504
v -0.1979865 -0.8362791 -0.05288141
v -0.1859797 -0.8409831 -0.07862886
v -0.171586 -0.8451194 -0.1032388
v -0.1556135 -0.848919 -0.1262608
v -0.1384333 -0.8522993 -0.1472422
v -0.1199887 -0.8548787 -0.1657014
v -0.09993801 -0.856043 -0.1811262
v -0.0778959 -0.8551258 -0.1930192
v -0.05369231 -0.8517762 -0.2010131
v -0.02753711 -0.8464645 -0.2050371
v 2.549118e-09 -0.8407798 -0.2054175
v 0.02816066 -0.836973 -0.202738
v 0.0561261 -0.8366017 -0.197432
v 0.08296104 -0.8391872 -0.1894215
v 0.1075399 -0.842384 -0.1782362
v 0.1287967 -0.8439878 -0.1635904
v 0.1462623 -0.8439547 -0.1458005
v 0.1603401 -0.8442629 -0.1255683
v 0.1719381 -0.8467833 -0.1034421
v 0.1817956 -0.8514878 -0.07961101
v 0.1901251 -0.8566286 -0.05416809
v 0.196715 -0.8602385 -0.0274328
v 0.2011663 -0.861324 3.679394e-08
v 0.09785579 -0.8311161 0
v 0.0993494 -0.8308193 0.01310103
v 0.0990499 -0.8302031 0.02595863
v 0.09651723 -0.8290104 0.03832664
v 0.09149473 -0.8270833 0.04995976
v 0.08398485 -0.8243644 0.06062718
v 0.07426489 -0.8208897 0.07012468
v 0.06283949 -0.8167886 0.07828479
v 0.05034167 -0.8122906 0.08498517
v 0.03740563 -0.80773 0.09015351
v 0.02454288 -0.8035293 0.09376626
v 0.01205376 -0.800141 0.09583766
v -3.96329e-09 -0.7979422 0.096399
v -0.01175105 -0.7971043 0.09547393
v -0.02342042 -0.7974927 0.09306183
v -0.03518274 -0.7986642 0.08914165
v -0.04704796 -0.7999938 0.08369862
v -0.05880155 -0.8008997 0.07676192
v -0.07002064 -0.8010674 0.06843136
v -0.08015426 -0.8005583 0.05887638
v -0.0886354 -0.7997537 0.04830893
v -0.0949904 -0.7991697 0.03694704
v -0.09892201 -0.7992456 0.02499064
v -0.1003553 -0.8002017 0.01261821
v -0.09944117 -0.8020084 -8.470413e-09
v -0.09651609 -0.8044462 -0.01268516
v -0.09202422 -0.8072053 -0.02523956
v -0.08641578 -0.8099771 -0.03744669
v -0.08004688 -0.8125162 -0.04907983
v -0.07310801 -0.8146727 -0.05991444
v -0.06560135 -0.8164051 -0.06974159
v -0.05737371 -0.8177829 -0.07838009
v -0.04819494 -0.8189822 -0.08568528
v -0.03785936 -0.8202627 -0.09155234
v -0.02628123 -0.8219165 -0.09591192
v -0.01355983 -0.8241814 -0.09871712
v 1.259923e-09 -0.8271325 -0.09992547
v 0.01391584 -0.8305939 -0.09948518
v 0.02759674 -0.8341256 -0.09733663
v 0.0404428 -0.8371259 -0.09343448
v 0.05195692 -0.839031 -0.08778287
v 0.06184289 -0.8395355 -0.08046495
v 0.07005848 -0.8387189 -0.07164772
v 0.07679813 -0.8370126 -0.06155739
v 0.08240104 -0.8350171 -0.05043897
v 0.08721171 -0.8332691 -0.03852352
v 0.09144086 -0.8320677 -0.0260169
v 0.09507404 -0.8314227 -0.0131105
v 0.09785579 -0.8311161 1.755567e-08
v -8.26122e-08 -0.8221269 0
v -8.389559e-08 -0.8221269 -1.078306e-08
v -8.337991e-08 -0.8221269 -2.138161e-08
v -8.080092e-08 -0.8221269 -3.161432e-08
v -7.608688e-08 -0.8221269 -4.13061e-08
v -6.938532e-08 -0.8221269 -5.029112e-08
v -6.103833e-08 -0.8221269 -5.841565e-08
v -5.151309e-08 -0.8221269 -6.554066e-08
v -4.130609e-08 -0.8221269 -7.154426e-08
v -3.084615e-08 -0.8221269 -7.632372e-08
v -2.042164e-08 -0.8221269 -7.979726e-08
v -1.015051e-08 -0.8221269 -8.190544e-08
v 3.381812e-15 -0.8221269 -8.26122e-08
v 1.015053e-08 -0.8221269 -8.190544e-08
v 2.042164e-08 -0.8221269 -7.979726e-08
v 3.084616e-08 -0.8221269 -7.632372e-08
v 4.13061e-08 -0.8221269 -7.154426e-08
v 5.15131e-08 -0.8221269 -6.554066e-08
v 6.103833e-08 -0.8221269 -5.841565e-08
v 6.938534e-08 -0.8221269 -5.02911e-08
v 7.608688e-08 -0.8221269 -4.13061e-08
v 8.080093e-08 -0.8221269 -3.161431e-08
v 8.33799e-08 -0.8221269 -2.13816e-08
v 8.389559e-08 -0.8221269 -1.078305e-08
v 8.26122e-08 -0.8221269 7.222187e-15
v 7.99153e-08 -0.8221269 1.078306e-08
v 7.62146e-08 -0.8221269 2.138163e-08
v 7.184651e-08 -0.8221269 3.161432e-08
v 6.700164e-08 -0.8221269 4.130609e-08
v 6.1696e-08 -0.8221269 5.029113e-08
v 5.579295e-08 -0.8221269 5.841565e-08
v 4.906915e-08 -0.8221268 6.554065e-08
v 4.130609e-08 -0.8221269 7.154426e-08
v 3.238246e-08 -0.8221269 7.632373e-08
v 2.234158e-08 -0.8221269 7.979726e-08
v 1.141557e-08 -0.8221269 8.190544e-08
v -1.047691e-15 -0.8221269 8.26122e-08
v -1.141562e-08 -0.8221269 8.190544e-08
v -2.234161e-08 -0.8221269 7.979725e-08
v -3.238249e-08 -0.8221268 7.632371e-08
v -4.130609e-08 -0.8221268 7.154426e-08
v -4.906915e-08 -0.8221268 6.554065e-08
v -5.579297e-08 -0.8221268 5.841562e-08
v -6.169601e-08 -0.8221268 5.029111e-08
v -6.700166e-08 -0.8221269 4.130608e-08
v -7.184653e-08 -0.8221269 3.161432e-08
v -7.621462e-08 -0.8221269 2.138159e-08
v -7.99153e-08 -0.8221269 1.078302e-08
v -8.26122e-08 -0.8221269 -1.444437e-14
vt 0 0
vt 0.02083333 0
vt 0.04166667 0
vt 0.0625 0
vt 0.08333334 0
vt 0.1041667 0
vt 0.125 0
vt 0.1458333 0
vt 0.1666667 0
vt 0.1875 0
vt 0.2083333 0
vt 0.2291667 0
vt 0.25 0
vt 0.2708333 0
vt 0.2916667 0
vt 0.3125 0
vt 0.3333333 0
vt 0.3541667 0
vt 0.375 0
vt 0.3958333 0
vt 0.4166667 0
vt 0.4375 0
vt 0.4583333 0
vt 0.4791667 0
vt 0.5 0
vt 0.5208333 0
vt 0.5416667 0
vt 0.5625 0
vt 0.5833333 0
vt 0.6041667 0
vt 0.625 0
vt 0.6458333 0
vt 0.6666667 0
vt 0.6875 0
vt 0.7083333 0
vt 0.7291667 0
vt 0.75 0
vt 0.7708333 0
vt 0.7916667 0
vt 0.8125 0
vt 0.8333333 0
vt 0.8541667 0
vt 0.875 0
vt 0.8958333 0
vt 0.9166667 0
vt 0.9375 0
vt 0.9583333 0
vt 0.9791667 0
vt 1 0
vt 0 0.03333334
vt 0.02083333 0.03333334
vt 0.04166667 0.03333334
vt 0.0625 0.03333334
vt 0.08333334 0.03333334
vt 0.1041667 0.03333334
vt 0.125 0.03333334
vt 0.1458333 0.03333334
vt 0.1666667 0.03333334
vt 0.1875 0.03333334
vt 0.2083333 0.03333334
vt 0.2291667 0.03333334
vt 0.25 0.03333334
vt 0.2708333 0.03333334
vt 0.2916667 0.03333334
vt 0.3125 0.03333334
vt 0.3333333 0.03333334
vt 0.3541667 0.03333334
vt 0.375 0.03333334
vt 0.3958333 0.03333334
vt 0.4166667 0.03333334
vt 0.4375 0.03333334
vt 0.4583333 0.03333334
vt 0.4791667 0.03333334
vt 0.5 0.03333334
vt 0.5208333 0.03333334
vt 0.5416667 0.03333334
vt 0.5625 0.03333334
vt 0.5833333 0.03333334
vt 0.6041667 0.03333334
vt 0.625 0.03333334
vt 0.6458333 0.03333334
vt 0.6666667 0.03333334
vt 0.6875 0.03333334
vt 0.7083333 0.03333334
vt 0.7291667 0.03333334
vt 0.75 0.03333334
vt 0.7708333 0.03333334
vt 0.7916667 0.03333334
vt 0.8125 0.03333334
vt 0.8333333 0.03333334
vt 0.8541667 0.03333334
vt 0.875 0.03333334
vt 0.8958333 0.03333334
vt 0.9166667 0.03333334
vt 0.9375 0.03333334
vt 0.9583333 0.03333334
vt 0.9791667 0.03333334
vt 1 0.03333334
vt 0 0.06666667
vt 0.02083333 0.06666667
vt 0.04166667 0.06666667
vt 0.0625 0.06666667
vt 0.08333334 0.06666667
vt 0.1041667 0.06666667
vt 0.125 0.06666667
vt 0.1458333 0.06666667
vt 0.1666667 0.06666667
vt 0.1875 0.06666667
vt 0.2083333 0.06666667
vt 0.2291667 0.06666667
vt 0.25 0.06666667
vt 0.2708333 0.06666667
vt 0.2916667 0.06666667
vt 0.3125 0.06666667
vt 0.3333333 0.06666667
vt 0.3541667 0.06666667
vt 0.375 0.06666667
vt 0.3958333 0.06666667
vt 0.4166667 0.06666667
vt 0.4375 0.06666667
vt 0.4583333 0.06666667
vt 0.4791667 0.06666667
vt 0.5 0.06666667
vt 0.5208333 0.06666667
vt 0.5416667 0.06666667
vt 0.5625 0.06666667
vt 0.5833333 0.06666667
vt 0.6041667 0.06666667
vt 0.625 0.06666667
vt 0.6458333 0.06666667
vt 0.6666667 0.06666667
vt 0.6875 0.06666667
vt 0.7083333 0.06666667
vt 0.7291667 0.06666667
vt 0.75 0.06666667
vt 0.7708333 0.06666667
vt 0.7916667 0.06666667
vt 0.8125 0.06666667
vt 0.8333333 0.06666667
vt 0.8541667 0.06666667
vt 0.875 0.06666667
vt 0.8958333 0.06666667
vt 0.9166667 0.06666667
vt 0.9375 0.06666667
vt 0.9583333 0.06666667
vt 0.9791667 0.06666667
vt 1 0.06666667
vt 0 0.1
vt 0.02083333 0.1
vt 0.04166667 0.1
vt 0.0625 0.1
vt 0.08333334 0.1
vt 0.1041667 0.1
vt 0.125 0.1
vt 0.1458333 0.1
vt 0.1666667 0.1
vt 0.1875 0.1
vt 0.2083333 0.1
vt 0.2291667 0.1
vt 0.25 0.1
vt 0.2708333 0.1
vt 0.2916667 0.1
vt 0.3125 0.1
vt 0.3333333 0.1
vt 0.3541667 0.1
vt 0.375 0.1
vt 0.3958333 0.1
vt 0.4166667 0.1
vt 0.4375 0.1
vt 0.4583333 0.1
vt 0.4791667 0.1
vt 0.5 0.1
vt 0.5208333 0.1
vt 0.5416667 0.1
vt 0.5625 0.1
vt 0.5833333 0.1
vt 0.6041667 0.1
vt 0.625 0.1
vt 0.6458333 0.1
vt 0.6666667 0.1
vt 0.6875 0.1
vt 0.7083333 0.1
vt 0.7291667 0.1
vt 0.75 0.1
vt 0.7708333 0.1
vt 0.7916667 0.1
vt 0.8125 0.1
vt 0.8333333 0.1
vt 0.8541667 0.1
vt 0.875 0.1
vt 0.8958333 0.1
vt 0.9166667 0.1
vt 0.9375 0.1
vt 0.9583333 0.1
vt 0.9791667 0.1
vt 1 0.1
vt 0 0.1333333
vt 0.02083333 0.1333333
vt 0.04166667 0.1333333
vt 0.0625 0.1333333
vt 0.08333334 0.1333333
vt 0.1041667 0.1333333
vt 0.125 0.1333333
vt 0.1458333 0.1333333
vt 0.1666667 0.1333333
vt 0.1875 0.1333333
vt 0.2083333 0.1333333
vt 0.2291667 0.1333333
vt 0.25 0.1333333
vt 0.2708333 0.1333333
vt 0.2916667 0.1333333
vt 0.3125 0.1333333
vt 0.3333333 0.1333333
vt 0.3541667 0.1333333
vt 0.375 0.1333333
vt 0.3958333 0.1333333
vt 0.4166667 0.1333333
vt 0.4375 0.1333333
vt 0.4583333 0.1333333
vt 0.4791667 0.1333333
vt 0.5 0.1333333
vt 0.5208333 0.1333333
vt 0.5416667 0.1333333
vt 0.5625 0.1333333
vt 0.5833333 0.1333333
vt 0.6041667 0.1333333
vt 0.625 0.1333333
vt 0.6458333 0.1333333
vt 0.6666667 0.1333333
vt 0.6875 0.1333333
vt 0.7083333 0.1333333
vt 0.7291667 0.1333333
vt 0.75 0.1333333
vt 0.7708333 0.1333333
vt 0.7916667 0.1333333
vt 0.8125 0.1333333
vt 0.8333333 0.1333333
vt 0.8541667 0.1333333
vt 0.875 0.1333333
vt 0.8958333 0.1333333
vt 0.9166667 0.1333333
vt 0.9375 0.1333333
vt 0.9583333 0.1333333
vt 0.9791667 0.1333333
vt 1 0.1333333
vt 0 0.1666667
vt 0.02083333 0.1666667
vt 0.04166667 0.1666667
vt 0.0625 0.1666667
vt 0.08333334 0.1666667
vt 0.1041667 0.1666667
vt 0.125 0.1666667
vt 0.1458333 0.1666667
vt 0.1666667 0.1666667
vt 0.1875 0.1666667
vt 0.2083333 0.1666667
vt 0.2291667 0.1666667
vt 0.25 0.1666667
vt 0.2708333 0.1666667
vt 0.2916667 0.1666667
vt 0.3125 0.1666667
vt 0.3333333 0.1666667
vt 0.3541667 0.1666667
vt 0.375 0.1666667
vt 0.3958333 0.1666667
vt 0.4166667 0.1666667
vt 0.4375 0.1666667
vt 0.4583333 0.1666667
vt 0.4791667 0.1666667
vt 0.5 0.1666667
vt 0.5208333 0.1666667
vt 0.5416667 0.1666667
vt 0.5625 0.1666667
vt 0.5833333 0.1666667
vt 0.6041667 0.1666667
vt 0.625 0.1666667
vt 0.6458333 0.1666667
vt 0.6666667 0.1666667
vt 0.6875 0.1666667
vt 0.7083333 0.1666667
vt 0.7291667 0.1666667
vt 0.75 0.1666667
vt 0.7708333 0.1666667
vt 0.7916667 0.1666667
vt 0.8125 0.1666667
vt 0.8333333 0.1666667
vt 0.8541667 0.1666667
vt 0.875 0.1666667
vt 0.8958333 0.1666667
vt 0.9166667 0.1666667
vt 0.9375 0.1666667
vt 0.9583333 0.1666667
vt 0.9791667 0.1666667
vt 1 0.1666667
vt 0 0.2
vt 0.02083333 0.2
vt 0.04166667 0.2
vt 0.0625 0.2
vt 0.08333334 0.2
vt 0.1041667 0.2
vt 0.125 0.2
vt 0.1458333 0.2
vt 0.1666667 0.2
vt 0.1875 0.2
vt 0.2083333 0.2
vt 0.2291667 0.2
vt 0.25 0.2
vt 0.2708333 0.2
vt 0.2916667 0.2
vt 0.3125 0.2
vt 0.3333333 0.2
vt 0.3541667 0.2
vt 0.375 0.2
vt 0.3958333 0.2
vt 0.4166667 0.2
vt 0.4375 0.2
vt 0.4583333 0.2
vt 0.4791667 0.2
vt 0.5 0.2
vt 0.5208333 0.2
vt 0.5416667 0.2
vt 0.5625 0.2
vt 0.5833333 0.2
vt 0.6041667 0.2
vt 0.625 0.2
vt 0.6458333 0.2
vt 0.6666667 0.2
vt 0.6875 0.2
vt 0.7083333 0.2
vt 0.7291667 0.2
vt 0.75 0.2
vt 0.7708333 0.2
vt 0.7916667 0.2
vt 0.8125 0.2
vt 0.8333333 0.2
vt 0.8541667 0.2
vt 0.875 0.2
vt 0.8958333 0.2
vt 0.9166667 0.2
vt 0.9375 0.2
vt 0.9583333 0.2
vt 0.9791667 0.2
vt 1 0.2
vt 0 0.2333333
vt 0.02083333 0.2333333
vt 0.04166667 0.2333333
vt 0.0625 0.2333333
vt 0.08333334 0.2333333
vt 0.1041667 0.2333333
vt 0.125 0.2333333
vt 0.1458333 0.2333333
vt 0.1666667 0.2333333
vt 0.1875 0.2333333
vt 0.2083333 0.2333333
vt 0.2291667 0.2333333
vt 0.25 0.2333333
vt 0.2708333 0.2333333
vt 0.2916667 0.2333333
vt 0.3125 0.2333333
vt 0.3333333 0.2333333
vt 0.3541667 0.2333333
vt 0.375 0.2333333
vt 0.3958333 0.2333333
vt 0.4166667 0.2333333
vt 0.4375 0.2333333
vt 0.4583333 0.2333333
vt 0.4791667 0.2333333
vt 0.5 0.2333333
vt 0.5208333 0.2333333
vt 0.5416667 0.2333333
vt 0.5625 0.2333333
vt 0.5833333 0.2333333
vt 0.6041667 0.2333333
vt 0.625 0.2333333
vt 0.6458333 0.2333333
vt 0.6666667 0.2333333
vt 0.6875 0.2333333
vt 0.7083333 0.2333333
vt 0.7291667 0.2333333
vt 0.75 0.2333333
vt 0.7708333 0.2333333
vt 0.7916667 0.2333333
vt 0.8125 0.2333333
vt 0.8333333 0.2333333
vt 0.8541667 0.2333333
vt 0.875 0.2333333
vt 0.8958333 0.2333333
vt 0.9166667 0.2333333
vt 0.9375 0.2333333
vt 0.9583333 0.2333333
vt 0.9791667 0.2333333
vt 1 0.2333333
vt 0 0.2666667
vt 0.02083333 0.2666667
vt 0.04166667 0.2666667
vt 0.0625 0.2666667
vt 0.08333334 0.2666667
vt 0.1041667 0.2666667
vt 0.125 0.2666667
vt 0.1458333 0.2666667
vt 0.1666667 0.2666667
vt 0.1875 0.2666667
vt 0.2083333 0.2666667
vt 0.2291667 0.2666667
vt 0.25 0.2666667
vt 0.2708333 0.2666667
vt 0.2916667 0.2666667
vt 0.3125 0.2666667
vt 0.3333333 0.2666667
vt 0.3541667 0.2666667
vt 0.375 0.2666667
vt 0.3958333 0.2666667
vt 0.4166667 0.2666667
vt 0.4375 0.2666667
vt 0.4583333 0.2666667
vt 0.4791667 0.2666667
vt 0.5 0.2666667
vt 0.5208333 0.2666667
vt 0.5416667 0.2666667
vt 0.5625 0.2666667
vt 0.5833333 0.2666667
vt 0.6041667 0.2666667
vt 0.625 0.2666667
vt 0.6458333 0.2666667
vt 0.6666667 0.2666667
vt 0.6875 0.2666667
vt 0.7083333 0.2666667
vt 0.7291667 0.2666667
vt 0.75 0.2666667
vt 0.7708333 0.2666667
vt 0.7916667 0.2666667
vt 0.8125 0.2666667
vt 0.8333333 0.2666667
vt 0.8541667 0.2666667
vt 0.875 0.2666667
vt 0.8958333 0.2666667
vt 0.9166667 0.2666667
vt 0.9375 0.2666667
vt 0.9583333 0.2666667
vt 0.9791667 0.2666667
vt 1 0.2666667
vt 0 0.3
vt 0.02083333 0.3
vt 0.04166667 0.3
vt 0.0625 0.3
vt 0.08333334 0.3
vt 0.1041667 0.3
vt 0.125 0.3
vt 0.1458333 0.3
vt 0.1666667 0.3
vt 0.1875 0.3
vt 0.2083333 0.3
vt 0.2291667 0.3
vt 0.25 0.3
vt 0.2708333 0.3
vt 0.2916667 0.3
vt 0.3125 0.3
vt 0.3333333 0.3
vt 0.3541667 0.3
vt 0.375 0.3
vt 0.3958333 0.3
vt 0.4166667 0.3
vt 0.4375 0.3
vt 0.4583333 0.3
vt 0.4791667 0.3
vt 0.5 0.3
vt 0.5208333 0.3
vt 0.5416667 0.3
vt 0.5625 0.3
vt 0.5833333 0.3
vt 0.6041667 0.3
vt 0.625 0.3
vt 0.6458333 0.3
vt 0.6666667 0.3
vt 0.6875 0.3
vt 0.7083333 0.3
vt 0.7291667 0.3
vt 0.75 0.3
vt 0.7708333 0.3
vt 0.7916667 0.3
vt 0.8125 0.3
vt 0.8333333 0.3
vt 0.8541667 0.3
vt 0.875 0.3
vt 0.8958333 0.3
vt 0.9166667 0.3
vt 0.9375 0.3
vt 0.9583333 0.3
vt 0.9791667 0.3
vt 1 0.3
vt 0 0.3333333
vt 0.02083333 0.3333333
vt 0.04166667 0.3333333
vt 0.0625 0.3333333
vt 0.08333334 0.3333333
vt 0.1041667 0.3333333
vt 0.125 0.3333333
vt 0.1458333 0.3333333
vt 0.1666667 0.3333333
vt 0.1875 0.3333333
vt 0.2083333 0.3333333
vt 0.2291667 0.3333333
vt 0.25 0.3333333
vt 0.2708333 0.3333333
vt 0.2916667 0.3333333
vt 0.3125 0.3333333
vt 0.3333333 0.3333333
vt 0.3541667 0.3333333
vt 0.375 0.3333333
vt 0.3958333 0.3333333
vt 0.4166667 0.3333333
vt 0.4375 0.3333333
vt 0.4583333 0.3333333
vt 0.4791667 0.3333333
vt 0.5 0.3333333
vt 0.5208333 0.3333333
vt 0.5416667 0.3333333
vt 0.5625 0.3333333
vt 0.5833333 0.3333333
vt 0.6041667 0.3333333
vt 0.625 0.3333333
vt 0.6458333 0.3333333
vt 0.6666667 0.3333333
vt 0.6875 0.3333333
vt 0.7083333 0.3333333
vt 0.7291667 0.3333333
vt 0.75 0.3333333
vt 0.7708333 0.3333333
vt 0.7916667 0.3333333
vt 0.8125 0.3333333
vt 0.8333333 0.3333333
vt 0.8541667 0.3333333
vt 0.875 0.3333333
vt 0.8958333 0.3333333
vt 0.9166667 0.3333333
vt 0.9375 0.3333333
vt 0.9583333 0.3333333
vt 0.9791667 0.3333333
vt 1 0.3333333
vt 0 0.3666667
vt 0.02083333 0.3666667
vt 0.04166667 0.3666667
vt 0.0625 0.3666667
vt 0.08333334 0.3666667
vt 0.1041667 0.3666667
vt 0.125 0.3666667
vt 0.1458333 0.3666667
vt 0.1666667 0.3666667
vt 0.1875 0.3666667
vt 0.2083333 0.3666667
vt 0.2291667 0.3666667
vt 0.25 0.3666667
vt 0.2708333 0.3666667
vt 0.2916667 0.3666667
vt 0.3125 0.3666667
vt 0.3333333 0.3666667
vt 0.3541667 0.3666667
vt 0.375 0.3666667
vt 0.3958333 0.3666667
vt 0.4166667 0.3666667
vt 0.4375 0.3666667
vt 0.4583333 0.3666667
vt 0.4791667 0.3666667
vt 0.5 0.3666667
vt 0.5208333 0.3666667
vt 0.5416667 0.3666667
vt 0.5625 0.3666667
vt 0.5833333 0.3666667
vt 0.6041667 0.3666667
vt 0.625 0.3666667
vt 0.6458333 0.3666667
vt 0.6666667 0.3666667
vt 0.6875 0.3666667
vt 0.7083333 0.3666667
vt 0.7291667 0.3666667
vt 0.75 0.3666667
vt 0.7708333 0.3666667
vt 0.7916667 0.3666667
vt 0.8125 0.3666667
vt 0.8333333 0.3666667
vt 0.8541667 0.3666667
vt 0.875 0.3666667
vt 0.8958333 0.3666667
vt 0.9166667 0.3666667
vt 0.9375 0.3666667
vt 0.9583333 0.3666667
vt 0.9791667 0.3666667
vt 1 0.3666667
vt 0 0.4
vt 0.02083333 0.4
vt 0.04166667 0.4
vt 0.0625 0.4
vt 0.08333334 0.4
vt 0.1041667 0.4
vt 0.125 0.4
vt 0.1458333 0.4
vt 0.1666667 0.4
vt 0.1875 0.4
vt 0.2083333 0.4
vt 0.2291667 0.4
vt 0.25 0.4
vt 0.2708333 0.4
vt 0.2916667 0.4
vt 0.3125 0.4
vt 0.3333333 0.4
vt 0.3541667 0.4
vt 0.375 0.4
vt 0.3958333 0.4
vt 0.4166667 0.4
vt 0.4375 0.4
vt 0.4583333 0.4
vt 0.4791667 0.4
vt 0.5 0.4
vt 0.5208333 0.4
vt 0.5416667 0.4
vt 0.5625 0.4
vt 0.5833333 0.4
vt 0.6041667 0.4
vt 0.625 0.4
vt 0.6458333 0.4
vt 0.6666667 0.4
vt 0.6875 0.4
vt 0.7083333 0.4
vt 0.7291667 0.4
vt 0.75 0.4
vt 0.7708333 0.4
vt 0.7916667 0.4
vt 0.8125 0.4
vt 0.8333333 0.4
vt 0.8541667 0.4
vt 0.875 0.4
vt 0.8958333 0.4
vt 0.9166667 0.4
vt 0.9375 0.4
vt 0.9583333 0.4
vt 0.9791667 0.4
vt 1 0.4
vt 0 0.4333333
vt 0.02083333 0.4333333
vt 0.04166667 0.4333333
vt 0.0625 0.4333333
vt 0.08333334 0.4333333
vt 0.1041667 0.4333333
vt 0.125 0.4333333
vt 0.1458333 0.4333333
vt 0.1666667 0.4333333
vt 0.1875 0.4333333
vt 0.2083333 0.4333333
vt 0.2291667 0.4333333
vt 0.25 0.4333333
vt 0.2708333 0.4333333
vt 0.2916667 0.4333333
vt 0.3125 0.4333333
vt 0.3333333 0.4333333
vt 0.3541667 0.4333333
vt 0.375 0.4333333
vt 0.3958333 0.4333333
vt 0.4166667 0.4333333
vt 0.4375 0.4333333
vt 0.4583333 0.4333333
vt 0.4791667 0.4333333
vt 0.5 0.4333333
vt 0.5208333 0.4333333
vt 0.5416667 0.4333333
vt 0.5625 0.4333333
vt 0.5833333 0.4333333
vt 0.6041667 0.4333333
vt 0.625 0.4333333
vt 0.6458333 0.4333333
vt 0.6666667 0.4333333
vt 0.6875 0.4333333
vt 0.7083333 0.4333333
vt 0.7291667 0.4333333
vt 0.75 0.4333333
vt 0.7708333 0.4333333
vt 0.7916667 0.4333333
vt 0.8125 0.4333333
vt 0.8333333 0.4333333
vt 0.8541667 0.4333333
vt 0.875 0.4333333
vt 0.8958333 0.4333333
vt 0.9166667 0.4333333
vt 0.9375 0.4333333
vt 0.9583333 0.4333333
vt 0.9791667 0.4333333
vt 1 0.4333333
vt 0 0.4666667
vt 0.02083333 0.4666667
vt 0.04166667 0.4666667
vt 0.0625 0.4666667
vt 0.08333334 0.4666667
vt 0.1041667 0.4666667
vt 0.125 0.4666667
vt 0.1458333 0.4666667
vt 0.1666667 0.4666667
vt 0.1875 0.4666667
vt 0.2083333 0.4666667
vt 0.2291667 0.4666667
vt 0.25 0.4666667
vt 0.2708333 0.4666667
vt 0.2916667 0.4666667
vt 0.3125 0.4666667
vt 0.3333333 0.4666667
vt 0.3541667 0.4666667
vt 0.375 0.4666667
vt 0.3958333 0.4666667
vt 0.4166667 0.4666667
vt 0.4375 0.4666667
vt 0.4583333 0.4666667
vt 0.4791667 0.4666667
vt 0.5 0.4666667
vt 0.5208333 0.4666667
vt 0.5416667 0.4666667
vt 0.5625 0.4666667
vt 0.5833333 0.4666667
vt 0.6041667 0.4666667
vt 0.625 0.4666667
vt 0.6458333 0.4666667
vt 0.6666667 0.4666667
vt 0.6875 0.4666667
vt 0.7083333 0.4666667
vt 0.7291667 0.4666667
vt 0.75 0.4666667
vt 0.7708333 0.4666667
vt 0.7916667 0.4666667
vt 0.8125 0.4666667
vt 0.8333333 0.4666667
vt 0.8541667 0.4666667
vt 0.875 0.4666667
vt 0.8958333 0.4666667
vt 0.9166667 0.4666667
vt 0.9375 0.4666667
vt 0.9583333 0.4666667
vt 0.9791667 0.4666667
vt 1 0.4666667
vt 0 0.5
vt 0.02083333 0.5
vt 0.04166667 0.5
vt 0.0625 0.5
vt 0.08333334 0.5
vt 0.1041667 0.5
vt 0.125 0.5
vt 0.1458333 0.5
vt 0.1666667 0.5
vt 0.1875 0.5
vt 0.2083333 0.5
vt 0.2291667 0.5
vt 0.25 0.5
vt 0.2708333 0.5
vt 0.2916667 0.5
vt 0.3125 0.5
vt 0.3333333 0.5
vt 0.3541667 0.5
vt 0.375 0.5
vt 0.3958333 0.5
vt 0.4166667 0.5
vt 0.4375 0.5
vt 0.4583333 0.5
vt 0.4791667 0.5
vt 0.5 0.5
vt 0.5208333 0.5
vt 0.5416667 0.5
vt 0.5625 0.5
vt 0.5833333 0.5
vt 0.6041667 0.5
vt 0.625 0.5
vt 0.6458333 0.5
vt 0.6666667 0.5
vt 0.6875 0.5
vt 0.7083333 0.5
vt 0.7291667 0.5
vt 0.75 0.5
vt 0.7708333 0.5
vt 0.7916667 0.5
vt 0.8125 0.5
vt 0.8333333 0.5
vt 0.8541667 0.5
vt 0.875 0.5
vt 0.8958333 0.5
vt 0.9166667 0.5
vt 0.9375 0.5
vt 0.9583333 0.5
vt 0.9791667 0.5
vt 1 0.5
vt 0 0.5333334
vt 0.02083333 0.5333334
vt 0.04166667 0.5333334
vt 0.0625 0.5333334
vt 0.08333334 0.5333334
vt 0.1041667 0.5333334
vt 0.125 0.5333334
vt 0.1458333 0.5333334
vt 0.1666667 0.5333334
vt 0.1875 0.5333334
vt 0.2083333 0.5333334
vt 0.2291667 0.5333334
vt 0.25 0.5333334
vt 0.2708333 0.5333334
vt 0.2916667 0.5333334
vt 0.3125 0.5333334
vt 0.3333333 0.5333334
vt 0.3541667 0.5333334
vt 0.375 0.5333334
vt 0.3958333 0.5333334
vt 0.4166667 0.5333334
vt 0.4375 0.5333334
vt 0.4583333 0.5333334
vt 0.4791667 0.5333334
vt 0.5 0.5333334
vt 0.5208333 0.5333334
vt 0.5416667 0.5333334
vt 0.5625 0.5333334
vt 0.5833333 0.5333334
vt 0.6041667 0.5333334
vt 0.625 0.5333334
vt 0.6458333 0.5333334
vt 0.6666667 0.5333334
vt 0.6875 0.5333334
vt 0.7083333 0.5333334
vt 0.7291667 0.5333334
vt 0.75 0.5333334
vt 0.7708333 0.5333334
vt 0.7916667 0.5333334
vt 0.8125 0.5333334
vt 0.8333333 0.5333334
vt 0.8541667 0.5333334
vt 0.875 0.5333334
vt 0.8958333 0.5333334
vt 0.9166667 0.5333334
vt 0.9375 0.5333334
vt 0.9583333 0.5333334
vt 0.9791667 0.5333334
vt 1 0.5333334
vt 0 0.5666667
vt 0.02083333 0.5666667
vt 0.04166667 0.5666667
vt 0.0625 0.5666667
vt 0.08333334 0.5666667
vt 0.1041667 0.5666667
vt 0.125 0.5666667
vt 0.1458333 0.5666667
vt 0.1666667 0.5666667
vt 0.1875 0.5666667
vt 0.2083333 0.5666667
vt 0.2291667 0.5666667
vt 0.25 0.5666667
vt 0.2708333 0.5666667
vt 0.2916667 0.5666667
vt 0.3125 0.5666667
vt 0.3333333 0.5666667
vt 0.3541667 0.5666667
vt 0.375 0.5666667
vt 0.3958333 0.5666667
vt 0.4166667 0.5666667
vt 0.4375 0.5666667
vt 0.4583333 0.5666667
vt 0.4791667 0.5666667
vt 0.5 0.5666667
vt 0.5208333 0.5666667
vt 0.5416667 0.5666667
vt 0.5625 0.5666667
vt 0.5833333 0.5666667
vt 0.6041667 0.5666667
vt 0.625 0.5666667
vt 0.6458333 0.5666667
vt 0.6666667 0.5666667
vt 0.6875 0.5666667
vt 0.7083333 0.5666667
vt 0.7291667 0.5666667
vt 0.75 0.5666667
vt 0.7708333 0.5666667
vt 0.7916667 0.5666667
vt 0.8125 0.5666667
vt 0.8333333 0.5666667
vt 0.8541667 0.5666667
vt 0.875 0.5666667
vt 0.8958333 0.5666667
vt 0.9166667 0.5666667
vt 0.9375 0.5666667
vt 0.9583333 0.5666667
vt 0.9791667 0.5666667
vt 1 0.5666667
vt 0 0.6
vt 0.02083333 0.6
vt 0.04166667 0.6
vt 0.0625 0.6
vt 0.08333334 0.6
vt 0.1041667 0.6
vt 0.125 0.6
vt 0.1458333 0.6
vt 0.1666667 0.6
vt 0.1875 0.6
vt 0.2083333 0.6
vt 0.2291667 0.6
vt 0.25 0.6
vt 0.2708333 0.6
vt 0.2916667 0.6
vt 0.3125 0.6
vt 0.3333333 0.6
vt 0.3541667 0.6
vt 0.375 0.6
vt 0.3958333 0.6
vt 0.4166667 0.6
vt 0.4375 0.6
vt 0.4583333 0.6
vt 0.4791667 0.6
vt 0.5 0.6
vt 0.5208333 0.6
vt 0.5416667 0.6
vt 0.5625 0.6
vt 0.5833333 0.6
vt 0.6041667 0.6
vt 0.625 0.6
vt 0.6458333 0.6
vt 0.6666667 0.6
vt 0.6875 0.6
vt 0.7083333 0.6
vt 0.7291667 0.6
vt 0.75 0.6
vt 0.7708333 0.6
vt 0.7916667 0.6
vt 0.8125 0.6
vt 0.8333333 0.6
vt 0.8541667 0.6
vt 0.875 0.6
vt 0.8958333 0.6
vt 0.9166667 0.6
vt 0.9375 0.6
vt 0.9583333 0.6
vt 0.9791667 0.6
vt 1 0.6
vt 0 0.6333333
vt 0.02083333 0.6333333
vt 0.04166667 0.6333333
vt 0.0625 0.6333333
vt 0.08333334 0.6333333
vt 0.1041667 0.6333333
vt 0.125 0.6333333
vt 0.1458333 0.6333333
vt 0.1666667 0.6333333
vt 0.1875 0.6333333
vt 0.2083333 0.6333333
vt 0.2291667 0.6333333
vt 0.25 0.6333333
vt 0.2708333 0.6333333
vt 0.2916667 0.6333333
vt 0.3125 0.6333333
vt 0.3333333 0.6333333
vt 0.3541667 0.6333333
vt 0.375 0.6333333
vt 0.3958333 0.6333333
vt 0.4166667 0.6333333
vt 0.4375 0.6333333
vt 0.4583333 0.6333333
vt 0.4791667 0.6333333
vt 0.5 0.6333333
vt 0.5208333 0.6333333
vt 0.5416667 0.6333333
vt 0.5625 0.6333333
vt 0.5833333 0.6333333
vt 0.6041667 0.6333333
vt 0.625 0.6333333
vt 0.6458333 0.6333333
vt 0.6666667 0.6333333
vt 0.6875 0.6333333
vt 0.7083333 0.6333333
vt 0.7291667 0.6333333
vt 0.75 0.6333333
vt 0.7708333 0.6333333
vt 0.7916667 0.6333333
vt 0.8125 0.6333333
vt 0.8333333 0.6333333
vt 0.8541667 0.6333333
vt 0.875 0.6333333
vt 0.8958333 0.6333333
vt 0.9166667 0.6333333
vt 0.9375 0.6333333
vt 0.9583333 0.6333333
vt 0.9791667 0.6333333
vt 1 0.6333333
vt 0 0.6666667
vt 0.02083333 0.6666667
vt 0.04166667 0.6666667
vt 0.0625 0.6666667
vt 0.08333334 0.6666667
vt 0.1041667 0.6666667
vt 0.125 0.6666667
vt 0.1458333 0.6666667
vt 0.1666667 0.6666667
vt 0.1875 0.6666667
vt 0.2083333 0.6666667
vt 0.2291667 0.6666667
vt 0.25 0.6666667
vt 0.2708333 0.6666667
vt 0.2916667 0.6666667
vt 0.3125 0.6666667
vt 0.3333333 0.6666667
vt 0.3541667 0.6666667
vt 0.375 0.6666667
vt 0.3958333 0.6666667
vt 0.4166667 0.6666667
vt 0.4375 0.6666667
vt 0.4583333 0.6666667
vt 0.4791667 0.6666667
vt 0.5 0.6666667
vt 0.5208333 0.6666667
vt 0.5416667 0.6666667
vt 0.5625 0.6666667
vt 0.5833333 0.6666667
vt 0.6041667 0.6666667
vt 0.625 0.6666667
vt 0.6458333 0.6666667
vt 0.6666667 0.6666667
vt 0.6875 0.6666667
vt 0.7083333 0.6666667
vt 0.7291667 0.6666667
vt 0.75 0.6666667
vt 0.7708333 0.6666667
vt 0.7916667 0.6666667
vt 0.8125 0.6666667
vt 0.8333333 0.6666667
vt 0.8541667 0.6666667
vt 0.875 0.6666667
vt 0.8958333 0.6666667
vt 0.9166667 0.6666667
vt 0.9375 0.6666667
vt 0.9583333 0.6666667
vt 0.9791667 0.6666667
vt 1 0.6666667
vt 0 0.7
vt 0.02083333 0.7
vt 0.04166667 0.7
vt 0.0625 0.7
vt 0.08333334 0.7
vt 0.1041667 0.7
vt 0.125 0.7
vt 0.1458333 0.7
vt 0.1666667 0.7
vt 0.1875 0.7
vt 0.2083333 0.7
vt 0.2291667 0.7
vt 0.25 0.7
vt 0.2708333 0.7
vt 0.2916667 0.7
vt 0.3125 0.7
vt 0.3333333 0.7
vt 0.3541667 0.7
vt 0.375 0.7
vt 0.3958333 0.7
vt 0.4166667 0.7
vt 0.4375 0.7
vt 0.4583333 0.7
vt 0.4791667 0.7
vt 0.5 0.7
vt 0.5208333 0.7
vt 0.5416667 0.7
vt 0.5625 0.7
vt 0.5833333 0.7
vt 0.6041667 0.7
vt 0.625 0.7
vt 0.6458333 0.7
vt 0.6666667 0.7
vt 0.6875 0.7
vt 0.7083333 0.7
vt 0.7291667 0.7
vt 0.75 0.7
vt 0.7708333 0.7
vt 0.7916667 0.7
vt 0.8125 0.7
vt 0.8333333 0.7
vt 0.8541667 0.7
vt 0.875 0.7
vt 0.8958333 0.7
vt 0.9166667 0.7
vt 0.9375 0.7
vt 0.9583333 0.7
vt 0.9791667 0.7
vt 1 0.7
vt 0 0.7333333
vt 0.02083333 0.7333333
vt 0.04166667 0.7333333
vt 0.0625 0.7333333
vt 0.08333334 0.7333333
vt 0.1041667 0.7333333
vt 0.125 0.7333333
vt 0.1458333 0.7333333
vt 0.1666667 0.7333333
vt 0.1875 0.7333333
vt 0.2083333 0.7333333
vt 0.2291667 0.7333333
vt 0.25 0.7333333
vt 0.2708333 0.7333333
vt 0.2916667 0.7333333
vt 0.3125 0.7333333
vt 0.3333333 0.7333333
vt 0.3541667 0.7333333
vt 0.375 0.7333333
vt 0.3958333 0.7333333
vt 0.4166667 0.7333333
vt 0.4375 0.7333333
vt 0.4583333 0.7333333
vt 0.4791667 0.7333333
vt 0.5 0.7333333
vt 0.5208333 0.7333333
vt 0.5416667 0.7333333
vt 0.5625 0.7333333
vt 0.5833333 0.7333333
vt 0.6041667 0.7333333
vt 0.625 0.7333333
vt 0.6458333 0.7333333
vt 0.6666667 0.7333333
vt 0.6875 0.7333333
vt 0.7083333 0.7333333
vt 0.7291667 0.7333333
vt 0.75 0.7333333
vt 0.7708333 0.7333333
vt 0.7916667 0.7333333
vt 0.8125 0.7333333
vt 0.8333333 0.7333333
vt 0.8541667 0.7333333
vt 0.875 0.7333333
vt 0.8958333 0.7333333
vt 0.9166667 0.7333333
vt 0.9375 0.7333333
vt 0.9583333 0.7333333
vt 0.9791667 0.7333333
vt 1 0.7333333
vt 0 0.7666667
vt 0.02083333 0.7666667
vt 0.04166667 0.7666667
vt 0.0625 0.7666667
vt 0.08333334 0.7666667
vt 0.1041667 0.7666667
vt 0.125 0.7666667
vt 0.1458333 0.7666667
vt 0.1666667 0.7666667
vt 0.1875 0.7666667
vt 0.2083333 0.7666667
vt 0.2291667 0.7666667
vt 0.25 0.7666667
vt 0.2708333 0.7666667
vt 0.2916667 0.7666667
vt 0.3125 0.7666667
vt 0.3333333 0.7666667
vt 0.3541667 0.7666667
vt 0.375 0.7666667
vt 0.3958333 0.7666667
vt 0.4166667 0.7666667
vt 0.4375 0.7666667
vt 0.4583333 0.7666667
vt 0.4791667 0.7666667
vt 0.5 0.7666667
vt 0.5208333 0.7666667
vt 0.5416667 0.7666667
vt 0.5625 0.7666667
vt 0.5833333 0.7666667
vt 0.6041667 0.7666667
vt 0.625 0.7666667
vt 0.6458333 0.7666667
vt 0.6666667 0.7666667
vt 0.6875 0.7666667
vt 0.7083333 0.7666667
vt 0.7291667 0.7666667
vt 0.75 0.7666667
vt 0.7708333 0.7666667
vt 0.7916667 0.7666667
vt 0.8125 0.7666667
vt 0.8333333 0.7666667
vt 0.8541667 0.7666667
vt 0.875 0.7666667
vt 0.8958333 0.7666667
vt 0.9166667 0.7666667
vt 0.9375 0.7666667
vt 0.9583333 0.7666667
vt 0.9791667 0.7666667
vt 1 0.7666667
vt 0 0.8
vt 0.02083333 0.8
vt 0.04166667 0.8
vt 0.0625 0.8
vt 0.08333334 0.8
vt 0.1041667 0.8
vt 0.125 0.8
vt 0.1458333 0.8
vt 0.1666667 0.8
vt 0.1875 0.8
vt 0.2083333 0.8
vt 0.2291667 0.8
vt 0.25 0.8
vt 0.2708333 0.8
vt 0.2916667 0.8
vt 0.3125 0.8
vt 0.3333333 0.8
vt 0.3541667 0.8
vt 0.375 0.8
vt 0.3958333 0.8
vt 0.4166667 0.8
vt 0.4375 0.8
vt 0.4583333 0.8
vt 0.4791667 0.8
vt 0.5 0.8
vt 0.5208333 0.8
vt 0.5416667 0.8
vt 0.5625 0.8
vt 0.5833333 0.8
vt 0.6041667 0.8
vt 0.625 0.8
vt 0.6458333 0.8
vt 0.6666667 0.8
vt 0.6875 0.8
vt 0.7083333 0.8
vt 0.7291667 0.8
vt 0.75 0.8
vt 0.7708333 0.8
vt 0.7916667 0.8
vt 0.8125 0.8
vt 0.8333333 0.8
vt 0.8541667 0.8
vt 0.875 0.8
vt 0.8958333 0.8
vt 0.9166667 0.8
vt 0.9375 0.8
vt 0.9583333 0.8
vt 0.9791667 0.8
vt 1 0.8
vt 0 0.8333333
vt 0.02083333 0.8333333
vt 0.04166667 0.8333333
vt 0.0625 0.8333333
vt 0.08333334 0.8333333
vt 0.1041667 0.8333333
vt 0.125 0.8333333
vt 0.1458333 0.8333333
vt 0.1666667 0.8333333
vt 0.1875 0.8333333
vt 0.2083333 0.8333333
vt 0.2291667 0.8333333
vt 0.25 0.8333333
vt 0.2708333 0.8333333
vt 0.2916667 0.8333333
vt 0.3125 0.8333333
vt 0.3333333 0.8333333
vt 0.3541667 0.8333333
vt 0.375 0.8333333
vt 0.3958333 0.8333333
vt 0.4166667 0.8333333
vt 0.4375 0.8333333
vt 0.4583333 0.8333333
vt 0.4791667 0.8333333
vt 0.5 0.8333333
vt 0.5208333 0.8333333
vt 0.5416667 0.8333333
vt 0.5625 0.8333333
vt 0.5833333 0.8333333
vt 0.6041667 0.8333333
vt 0.625 0.8333333
vt 0.6458333 0.8333333
vt 0.6666667 0.8333333
vt 0.6875 0.8333333
vt 0.7083333 0.8333333
vt 0.7291667 0.8333333
vt 0.75 0.8333333
vt 0.7708333 0.8333333
vt 0.7916667 0.8333333
vt 0.8125 0.8333333
vt 0.8333333 0.8333333
vt 0.8541667 0.8333333
vt 0.875 0.8333333
vt 0.8958333 0.8333333
vt 0.9166667 0.8333333
vt 0.9375 0.8333333
vt 0.9583333 0.8333333
vt 0.9791667 0.8333333
vt 1 0.8333333
vt 0 0.8666667
vt 0.02083333 0.8666667
vt 0.04166667 0.8666667
vt 0.0625 0.8666667
vt 0.08333334 0.8666667
vt 0.1041667 0.8666667
vt 0.125 0.8666667
vt 0.1458333 0.8666667
vt 0.1666667 0.8666667
vt 0.1875 0.8666667
vt 0.2083333 0.8666667
vt 0.2291667 0.8666667
vt 0.25 0.8666667
vt 0.2708333 0.8666667
vt 0.2916667 0.8666667
vt 0.3125 0.8666667
vt 0.3333333 0.8666667
vt 0.3541667 0.8666667
vt 0.375 0.8666667
vt 0.3958333 0.8666667
vt 0.4166667 0.8666667
vt 0.4375 0.8666667
vt 0.4583333 0.8666667
vt 0.4791667 0.8666667
vt 0.5 0.8666667
vt 0.5208333 0.8666667
vt 0.5416667 0.8666667
vt 0.5625 0.8666667
vt 0.5833333 0.8666667
vt 0.6041667 0.8666667
vt 0.625 0.8666667
vt 0.6458333 0.8666667
vt 0.6666667 0.8666667
vt 0.6875 0.8666667
vt 0.7083333 0.8666667
vt 0.7291667 0.8666667
vt 0.75 0.8666667
vt 0.7708333 0.8666667
vt 0.7916667 0.8666667
vt 0.8125 0.8666667
vt 0.8333333 0.8666667
vt 0.8541667 0.8666667
vt 0.875 0.8666667
vt 0.8958333 0.8666667
vt 0.9166667 0.8666667
vt 0.9375 0.8666667
vt 0.9583333 0.8666667
vt 0.9791667 0.8666667
vt 1 0.8666667
vt 0 0.9
vt 0.02083333 0.9
vt 0.04166667 0.9
vt 0.0625 0.9
vt 0.08333334 0.9
vt 0.1041667 0.9
vt 0.125 0.9
vt 0.1458333 0.9
vt 0.1666667 0.9
vt 0.1875 0.9
vt 0.2083333 0.9
vt 0.2291667 0.9
vt 0.25 0.9
vt 0.2708333 0.9
vt 0.2916667 0.9
vt 0.3125 0.9
vt 0.3333333 0.9
vt 0.3541667 0.9
vt 0.375 0.9
vt 0.3958333 0.9
vt 0.4166667 0.9
vt 0.4375 0.9
vt 0.4583333 0.9
vt 0.4791667 0.9
vt 0.5 0.9
vt 0.5208333 0.9
vt 0.5416667 0.9
vt 0.5625 0.9
vt 0.5833333 0.9
vt 0.6041667 0.9
vt 0.625 0.9
vt 0.6458333 0.9
vt 0.6666667 0.9
vt 0.6875 0.9
vt 0.7083333 0.9
vt 0.7291667 0.9
vt 0.75 0.9
vt 0.7708333 0.9
vt 0.7916667 0.9
vt 0.8125 0.9
vt 0.8333333 0.9
vt 0.8541667 0.9
vt 0.875 0.9
vt 0.8958333 0.9
vt 0.9166667 0.9
vt 0.9375 0.9
vt 0.9583333 0.9
vt 0.9791667 0.9
vt 1 0.9
vt 0 0.9333333
vt 0.02083333 0.9333333
vt 0.04166667 0.9333333
vt 0.0625 0.9333333
vt 0.08333334 0.9333333
vt 0.1041667 0.9333333
vt 0.125 0.9333333
vt 0.1458333 0.9333333
vt 0.1666667 0.9333333
vt 0.1875 0.9333333
vt 0.2083333 0.9333333
vt 0.2291667 0.9333333
vt 0.25 0.9333333
vt 0.2708333 0.9333333
vt 0.2916667 0.9333333
vt 0.3125 0.9333333
vt 0.3333333 0.9333333
vt 0.3541667 0.9333333
vt 0.375 0.9333333
vt 0.3958333 0.9333333
vt 0.4166667 0.9333333
vt 0.4375 0.9333333
vt 0.4583333 0.9333333
vt 0.4791667 0.9333333
vt 0.5 0.9333333
vt 0.5208333 0.9333333
vt 0.5416667 0.9333333
vt 0.5625 0.9333333
vt 0.5833333 0.9333333
vt 0.6041667 0.9333333
vt 0.625 0.9333333
vt 0.6458333 0.9333333
vt 0.6666667 0.9333333
vt 0.6875 0.9333333
vt 0.7083333 0.9333333
vt 0.7291667 0.9333333
vt 0.75 0.9333333
vt 0.7708333 0.9333333
vt 0.7916667 0.9333333
vt 0.8125 0.9333333
vt 0.8333333 0.9333333
vt 0.8541667 0.9333333
vt 0.875 0.9333333
vt 0.8958333 0.9333333
vt 0.9166667 0.9333333
vt 0.9375 0.9333333
vt 0.9583333 0.9333333
vt 0.9791667 0.9333333
vt 1 0.9333333
vt 0 0.9666666
vt 0.02083333 0.9666666
vt 0.04166667 0.9666666
vt 0.0625 0.9666666
vt 0.08333334 0.9666666
vt 0.1041667 0.9666666
vt 0.125 0.9666666
vt 0.1458333 0.9666666
vt 0.1666667 0.9666666
vt 0.1875 0.9666666
vt 0.2083333 0.9666666
vt 0.2291667 0.9666666
vt 0.25 0.9666666
vt 0.2708333 0.9666666
vt 0.2916667 0.9666666
vt 0.3125 0.9666666
vt 0.3333333 0.9666666
vt 0.3541667 0.9666666
vt 0.375 0.9666666
vt 0.3958333 0.9666666
vt 0.4166667 0.9666666
vt 0.4375 0.9666666
vt 0.4583333 0.9666666
vt 0.4791667 0.9666666
vt 0.5 0.9666666
vt 0.5208333 0.9666666
vt 0.5416667 0.9666666
vt 0.5625 0.9666666
vt 0.5833333 0.9666666
vt 0.6041667 0.9666666
vt 0.625 0.9666666
vt 0.6458333 0.9666666
vt 0.6666667 0.9666666
vt 0.6875 0.9666666
vt 0.7083333 0.9666666
vt 0.7291667 0.9666666
vt 0.75 0.9666666
vt 0.7708333 0.9666666
vt 0.7916667 0.9666666
vt 0.8125 0.9666666
vt 0.8333333 0.9666666
vt 0.8541667 0.9666666
vt 0.875 0.9666666
vt 0.8958333 0.9666666
vt 0.9166667 0.9666666
vt 0.9375 0.9666666
vt 0.9583333 0.9666666
vt 0.9791667 0.9666666
vt 1 0.9666666
vt 0 1
vt 0.02083333 1
vt 0.04166667 1
vt 0.0625 1
vt 0.08333334 1
vt 0.1041667 1
vt 0.125 1
vt 0.1458333 1
vt 0.1666667 1
vt 0.1875 1
vt 0.2083333 1
vt 0.2291667 1
vt 0.25 1
vt 0.2708333 1
vt 0.2916667 1
vt 0.3125 1
vt 0.3333333 1
vt 0.3541667 1
vt 0.375 1
vt 0.3958333 1
vt 0.4166667 1
vt 0.4375 1
vt 0.4583333 1
vt 0.4791667 1
vt 0.5 1
vt 0.5208333 1
vt 0.5416667 1
vt 0.5625 1
vt 0.5833333 1
vt 0.6041667 1
vt 0.625 1
vt 0.6458333 1
vt 0.6666667 1
vt 0.6875 1
vt 0.7083333 1
vt 0.7291667 1
vt 0.75 1
vt 0.7708333 1
vt 0.7916667 1
vt 0.8125 1
vt 0.8333333 1
vt 0.8541667 1
vt 0.875 1
vt 0.8958333 1
vt 0.9166667 1
vt 0.9375 1
vt 0.9583333 1
vt 0.9791667 1
vt 1 1
vn 0 1 0
vn 0 1 0
vn 0 1 0
vn 0 1 0
vn 0 1 0
vn 0 1 0
vn 0 1 0
vn 0 1 0
vn 0 1 0
vn 0 1 0
vn 0 1 0
vn 0 1 0
vn 0 1 0
vn 0 1 0
vn 0 1 0
vn 0 1 0
vn 0 1 0
vn 0 1 0
vn 0 1 0
vn 0 1 0
vn 0 1 0
vn 0 1 0
vn 0 1 0
vn 0 1 0
vn 0 1 0
vn 0 1 0
vn 0 1 0
vn 0 1 0
vn 0 1 0
vn 0 1 0
vn 0 1 0
vn 0 1 0
vn 0 1 0
vn 0 1 0
vn 0 1 0
vn 0 1 0
vn 0 1 0
vn 0 1 0
vn 0 1 0
vn 0 1 0
vn 0 1 0
vn 0 1 0
vn 0 1 0
vn 0 1 0
vn 0 1 0
vn 0 1 0
vn 0 1 0
vn 0 1 0
vn 0 1 0
vn -0.07880201 0.996667 -0.02110168
vn -0.1190199 0.9915083 -0.0523979
vn -0.1442868 0.9861529 -0.08175389
vn -0.1559509 0.9820102 -0.1064671
vn -0.1572441 0.9797634 -0.1238466
vn -0.1519339 0.9796646 -0.1310474
vn -0.14069 0.9816821 -0.1284784
vn -0.1227707 0.9856489 -0.1158604
vn -0.09314562 0.9912562 -0.09346119
vn -0.04473234 0.9970589 -0.06223154
vn 0.02486125 0.9994633 -0.02133119
vn 0.1100361 0.9935583 0.02709223
vn 0.1903724 0.9787222 0.0765588
vn 0.2437593 0.9628103 0.1165234
vn 0.2599604 0.9560264 0.1357723
vn 0.2414048 0.9618533 0.1286933
vn 0.1960261 0.9759241 0.0956342
vn 0.1342945 0.9899873 0.04347553
vn 0.07019863 0.9974083 -0.01577588
vn 0.01941107 0.9974179 -0.06914356
vn -0.005366985 0.9943078 -0.1064112
vn 0.00317106 0.9929994 -0.1180774
vn 0.04217669 0.9939078 -0.1018258
vn 0.09898356 0.9929988 -0.0644649
vn 0.158044 0.9871536 -0.02344998
vn 0.208813 0.9779248 0.007769612
vn 0.2480696 0.9685108 0.02117575
vn 0.275746 0.9610234 0.01995756
vn 0.2909486 0.9566708 0.01140056
vn 0.2916785 0.9565164 0.0003819343
vn 0.2729969 0.9619749 -0.008773736
vn 0.2326862 0.9723542 -0.01960872
vn 0.1723842 0.9842831 -0.03834708
vn 0.09893402 0.9926543 -0.06963938
vn 0.02138919 0.9936459 -0.1105004
vn -0.04999388 0.9871901 -0.1515139
vn -0.1050308 0.9778048 -0.1812904
vn -0.134065 0.9723572 -0.1911757
vn -0.1293102 0.9757265 -0.1767386
vn -0.08491815 0.9870392 -0.136171
vn -0.007121022 0.9973242 -0.07275775
vn 0.07903038 0.9968722 -0.0001146355
vn 0.1419278 0.9880196 0.0606124
vn 0.1632222 0.9821877 0.09309037
vn 0.1446259 0.9848951 0.09521041
vn 0.09767984 0.9924116 0.07468651
vn 0.03702524 0.9983334 0.04426886
vn -0.02497571 0.9996235 0.01136778
vn -0.07880139 0.9966669 -0.02110506
vn 0.1516506 0.9864058 0.06328987
vn 0.2509985 0.9563892 0.1493969
vn 0.3148081 0.921528 0.2273368
vn 0.3471593 0.8938878 0.2836285
vn 0.358837 0.8788915 0.314302
vn 0.3582816 0.8770173 0.3201174
vn 0.346269 0.8872603 0.3047409
vn 0.3172752 0.9087476 0.2711354
vn 0.2586922 0.9402131 0.2215351
vn 0.1612918 0.9746002 0.1553687
vn 0.0373736 0.9965152 0.07457085
vn -0.06471212 0.997885 -0.006158417
vn -0.09014544 0.9942551 -0.0577121
vn -0.02594917 0.9984065 -0.05011298
vn 0.08381277 0.9962424 0.02183039
vn 0.1581489 0.9810286 0.1121248
vn 0.1529801 0.9757624 0.1564758
vn 0.09678277 0.9866855 0.1307094
vn 0.06024276 0.9958861 0.06768934
vn 0.1021618 0.9941074 0.03624357
vn 0.2059327 0.9759226 0.07188115
vn 0.2946092 0.9453612 0.1396339
vn 0.3187582 0.9308301 0.1787417
vn 0.2838276 0.9449909 0.1625853
vn 0.2142273 0.972012 0.09643339
vn 0.1372407 0.9905096 0.007473045
vn 0.0748706 0.9942967 -0.07595021
vn 0.03623749 0.9896377 -0.1389395
vn 0.02107485 0.9833917 -0.1802683
vn 0.02774538 0.9786901 -0.2034599
vn 0.0550367 0.9764524 -0.2085947
vn 0.1011694 0.9760531 -0.1925753
vn 0.1603111 0.9753305 -0.1517593
vn 0.2196845 0.9714879 -0.0891622
vn 0.2599681 0.9654054 -0.02022465
vn 0.2583343 0.965574 0.03050034
vn 0.1950689 0.9801114 0.03646756
vn 0.06568091 0.997683 -0.01774012
vn -0.07621256 0.9910129 -0.1099321
vn -0.134598 0.9753795 -0.1746948
vn -0.0842258 0.9829242 -0.1636032
vn 0.0006567104 0.9963369 -0.08551221
vn 0.0196376 0.9997681 -0.00883191
vn -0.04151037 0.9990916 0.00963899
vn -0.1116662 0.993571 -0.01863538
vn -0.1270295 0.9906764 -0.04923305
vn -0.07268433 0.9961182 -0.04965549
vn 0.03207092 0.9994401 -0.009533192
vn 0.1516483 0.9864054 0.06330223
vn 0.2490385 0.9474239 0.2009172
vn 0.2985369 0.9103867 0.2864819
vn 0.3642324 0.8599035 0.3576324
vn 0.4169807 0.8135756 0.4052428
vn 0.4517204 0.7848827 0.4241556
vn 0.4737173 0.7778654 0.4129375
vn 0.4832577 0.7921516 0.3727705
vn 0.4714887 0.8258648 0.3092665
vn 0.4245046 0.8736337 0.2378234
vn 0.3369639 0.9221467 0.1900022
vn 0.2525194 0.9503287 0.1819598
vn 0.3962932 0.918089 -0.008017062
vn -0.2399805 0.5750914 0.7820994
vn 0.02156551 0.7662264 0.6422088
vn 0.1068278 0.809473 0.5773572
vn 0.1993435 0.6943151 0.6915119
vn -0.2501369 0.9331859 -0.2580613
vn 0.04136118 0.9594988 0.27866
vn 0.1726529 0.9426147 0.2857768
vn 0.1708885 0.963688 0.2051894
vn 0.005760683 0.9919199 0.1267348
vn -0.1835556 0.9794865 0.08314825
vn -0.2386137 0.9692364 0.06036833
vn -0.1910919 0.9813988 0.01844754
vn -0.1481293 0.9873087 -0.05726535
vn -0.1523825 0.9774525 -0.1461724
vn -0.1861247 0.9564831 -0.224717
vn -0.2207863 0.9328758 -0.2845983
vn -0.2382138 0.9144301 -0.3272185
vn -0.2313011 0.9060346 -0.3544025
vn -0.1984629 0.9108341 -0.3619306
vn -0.1414463 0.9282302 -0.3440664
vn -0.0683667 0.949347 -0.3067024
vn 0.001904945 0.9610078 -0.2765147
vn 0.04395411 0.9572247 -0.2859878
vn 0.03689805 0.9456366 -0.3231254
vn -0.01277396 0.9509726 -0.3090114
vn -0.04709734 0.981907 -0.1834137
vn -0.009017196 0.9992888 -0.0366151
vn 0.05540839 0.9982202 -0.0220557
vn 0.02139335 0.9884522 -0.1500155
vn -0.1094985 0.9668469 -0.2306885
vn -0.1472701 0.9772173 -0.1528333
vn -0.01401808 0.9995216 -0.02756856
vn 0.1914273 0.9811209 0.02751959
vn 0.3072371 0.9513815 0.02187691
vn 0.2981217 0.9536247 0.04151634
vn 0.2517587 0.9613426 0.1115252
vn 0.2490384 0.9474236 0.2009192
vn 0.4928817 0.7596142 0.4243276
vn 0.3597765 0.8555867 0.3721994
vn 0.1757494 0.9557174 0.2360434
vn 0.06567091 0.9888338 0.133772
vn 0.0357853 0.9953826 0.08906689
vn 0.05387083 0.9955871 0.07683939
vn 0.11433 0.9892122 0.09158628
vn 0.2448518 0.9576367 0.1515906
vn 0.4555455 0.8496802 0.2655595
vn 0.6151451 0.6923603 0.3771391
vn 0.7777826 0.5433825 0.3158954
vn -0.2833368 0.8512785 0.4416391
vn -0.5932388 0.7630696 0.2565007
vn -0.2540179 0.821872 0.5099032
vn 0.5581657 0.5795015 0.5938258
vn 0.3666211 0.8123096 0.4535881
vn 0.1303909 0.9419013 0.3095484
vn 0.02206275 0.9339508 0.35672
vn 0.126036 0.8796533 0.4586121
vn -0.3839464 0.9035882 0.1900357
vn -0.5851856 0.8088266 0.05794317
vn -0.3160751 0.9101001 0.2679822
vn -0.276661 0.934761 0.2228916
vn -0.5361196 0.8393525 -0.08979488
vn -0.6422538 0.711506 -0.2850779
vn -0.5799515 0.7518594 -0.31363
vn -0.4215587 0.8606383 -0.2856397
vn -0.2629926 0.9248943 -0.2746005
vn -0.1654442 0.9402654 -0.2975384
vn -0.1331869 0.9294311 -0.3441208
vn -0.1674718 0.8946608 -0.4141682
vn -0.2719661 0.8146452 -0.512238
vn -0.4034131 0.685796 -0.6057571
vn -0.4633021 0.6125901 -0.6403784
vn -0.3592222 0.7257453 -0.5867309
vn -0.03087268 0.9231057 -0.3833052
vn 0.1250126 0.9598608 -0.251076
vn -0.1892637 0.9095837 -0.3699144
vn -0.3187625 0.8772517 -0.3589149
vn 0.086888 0.9923803 -0.08736122
vn 0.1919905 0.9811313 -0.02282519
vn -0.1527903 0.9406214 -0.3031279
vn 0.003767102 0.9653165 -0.2610552
vn 0.4289813 0.9027387 0.03221597
vn 0.3842819 0.9231716 -0.009032944
vn 0.1433087 0.9785618 -0.1479173
vn 0.2416532 0.9701372 0.02091704
vn 0.4641457 0.829455 0.3107624
vn 0.4928216 0.7596682 0.4243008
vn 0.1713195 0.9704875 0.1697165
vn 0.3381199 0.897624 0.2827476
vn 0.4103396 0.8247966 0.3890142
vn 0.399306 0.8133357 0.4231309
vn 0.3833238 0.8305421 0.4040577
vn 0.3959924 0.8429102 0.3642697
vn 0.4278462 0.8425677 0.3271501
vn 0.4382587 0.8457125 0.3044662
vn 0.3747297 0.8848625 0.2767599
vn 0.2394104 0.9499906 0.2005006
vn 0.1547665 0.9754832 0.1564609
vn 0.6134205 0.5413558 0.5750211
vn -0.1770356 0.9414096 0.2870649
vn 0.01226204 0.9858475 0.1671954
vn 0.2761836 0.9478813 0.1588831
vn 0.5036408 0.8296884 0.2407553
vn -0.2086065 0.869411 0.4478927
vn -0.1483549 0.9447136 0.292416
vn -0.4955093 0.7394872 0.4556635
vn -0.6246258 0.7181198 0.3068332
vn -0.5008234 0.8283651 0.2509724
vn -0.659802 0.7002957 0.2724836
vn -0.6463272 0.749312 0.1441965
vn -0.3615785 0.93169 0.03485281
vn -0.2511622 0.9679314 -0.005129854
vn -0.3321454 0.9407037 -0.06896456
vn -0.3982908 0.8998774 -0.1777219
vn -0.3839778 0.8753604 -0.2937775
vn -0.3293141 0.8594797 -0.3909565
vn -0.2758446 0.8410752 -0.465298
vn -0.2359633 0.8219562 -0.5183718
vn -0.1964493 0.8197068 -0.5380414
vn -0.1426561 0.8604022 -0.4892415
vn -0.1105662 0.9199542 -0.3761109
vn -0.1818272 0.9116917 -0.3684524
vn -0.2922857 0.7611529 -0.5789779
vn -0.2617054 0.6998213 -0.6646506
vn -0.2303133 0.8892691 -0.3951663
vn -0.2368709 0.9226112 -0.3044351
vn -0.02528383 0.9112635 -0.4110471
vn 0.09476972 0.9843587 -0.1485151
vn 0.1620591 0.9720239 -0.1700191
vn 0.4357122 0.8370681 -0.3308655
vn 0.3623714 0.9196359 -0.1515151
vn 0.2793466 0.9496019 -0.1422033
vn 0.4347327 0.8894173 -0.1412242
vn 0.3275759 0.9431447 0.05632227
vn 0.1247828 0.98264 0.1372875
vn 0.1713194 0.9704872 0.1697181
vn 0.474555 0.8536345 0.2147223
vn 0.3783699 0.9043726 0.1973483
vn 0.483327 0.7774088 0.4025301
vn 0.5691438 0.6167013 0.5438335
vn 0.618861 0.543303 0.5673034
vn 0.6622813 0.5417305 0.5176017
vn 0.6712584 0.6080789 0.4238541
vn 0.5614409 0.7658228 0.3135276
vn 0.2937297 0.9318169 0.213167
vn 0.1300277 0.9706595 0.2022696
vn 0.2824244 0.8840402 0.3724371
vn 0.1771112 0.8470747 0.5010948
vn -0.3295385 0.8740251 0.3570499
vn -0.004175195 0.7509248 0.6603746
vn 0.224666 0.6043448 0.7643903
vn -0.2496318 0.8004126 0.5449988
vn 0.09108717 0.7177511 0.6903163
vn -0.6215708 0.7045287 0.3424748
vn -0.7098918 0.626632 0.3215371
vn -0.4912095 0.6802754 0.5440024
vn -0.7998229 0.5794776 0.1564902
vn -0.2723655 0.8336077 0.4805364
vn -0.3261804 0.8836398 0.3358378
vn -0.6333525 0.7720622 -0.05276929
vn -0.5077096 0.8614119 -0.01416414
vn -0.3535327 0.9347101 0.03649111
vn -0.3989772 0.9108091 -0.1060384
vn -0.4868698 0.8137347 -0.3174803
vn -0.5038407 0.7159931 -0.4832168
vn -0.452676 0.6827832 -0.5734907
vn -0.3407779 0.7434425 -0.5754682
vn -0.1543446 0.8722506 -0.4640655
vn 0.01526844 0.9488836 -0.3152567
vn -0.04287046 0.9419382 -0.3330387
vn -0.336411 0.7996522 -0.4973772
vn -0.202432 0.8570154 -0.4738628
vn 0.06989594 0.9272561 -0.3678462
vn -0.481429 0.6600557 -0.5766737
vn -0.2970909 0.786615 -0.5412705
vn 0.1377251 0.9361651 -0.3234606
vn -0.0009357928 0.872333 -0.4889112
vn 0.6142849 0.7845495 -0.08447572
vn 0.3912152 0.83575 -0.3853215
vn 0.3887029 0.8332514 -0.3931949
vn 0.5262142 0.8376763 -0.1462774
vn 0.1500382 0.9182965 -0.3663607
vn 0.4762641 0.8792658 0.00800481
vn 0.6558347 0.6731544 0.3416782
vn 0.4745886 0.8536264 0.2146805
vn 0.8761358 0.3254651 0.3556101
vn 0.6585181 0.7009687 0.2738555
vn 0.2887685 0.9378182 0.1926392
vn 0.1673351 0.9636354 0.2083405
vn 0.1648378 0.9566286 0.240188
vn 0.2083628 0.9484532 0.2387915
vn 0.2793408 0.938966 0.2007774
vn 0.368267 0.9095883 0.192428
vn 0.4927156 0.8028929 0.3355508
vn 0.5794023 0.5886864 0.5636855
vn 0.4292395 0.7166597 0.5496837
vn -0.07946353 0.9360812 0.3426916
vn -0.2846643 0.7609297 0.5830542
vn -0.05967801 0.849586 0.5240633
vn -0.1701346 0.7816145 0.6001108
vn 0.1176153 0.526238 0.842164
vn -0.3743892 0.7174524 0.5874478
vn -0.6217885 0.4268491 0.6566422
vn -0.6600457 0.7044098 0.2610489
vn -0.669652 0.5226534 0.5276361
vn -0.2064547 0.8659112 0.4556033
vn -0.6011823 0.7044545 0.3772583
vn -0.49759 0.7819753 0.3753916
vn -0.8989386 0.2953563 -0.3235338
vn -0.9162975 0.0638203 0.3953808
vn -0.779507 0.6172468 -0.1066545
vn -0.5821891 0.7906188 -0.1896783
vn -0.4531913 0.8320698 -0.3198087
vn -0.4033026 0.7965233 -0.4504416
vn -0.372367 0.7547438 -0.5400969
vn -0.3542688 0.738121 -0.5741699
vn -0.3715506 0.7060844 -0.6028226
vn -0.4389466 0.5805961 -0.6857361
vn -0.4889294 0.5347263 -0.6892139
vn -0.2980262 0.8642847 -0.4052066
vn 0.05274088 0.9660216 -0.253023
vn -0.1121304 0.8094749 -0.5763482
vn -0.2923444 0.8686637 -0.3999477
vn -0.09432255 0.7347748 -0.6717211
vn -0.09374692 0.7110555 -0.6968583
vn 0.53232 0.7473931 -0.3975412
vn 0.530669 0.6841276 -0.5003598
vn 0.5808732 0.7827959 -0.2231971
vn 0.4789099 0.6329623 -0.6082795
vn 0.414703 0.8368416 -0.357376
vn 0.8411963 0.475519 -0.2574306
vn 0.7343895 0.6698691 -0.1093047
vn 0.808211 0.5170212 0.281929
vn 0.8762132 0.3253378 0.355536
vn 0.6257931 0.779188 -0.03534137
vn 0.7124093 0.6931187 0.1098161
vn 0.4346219 0.8864504 0.1590901
vn 0.1655592 0.9772055 0.1328897
vn 0.04960258 0.9892738 0.1373932
vn 0.01852663 0.9882253 0.1518801
vn 0.07581753 0.9832947 0.165479
vn 0.2679202 0.9329447 0.240485
vn 0.479526 0.7568089 0.4441792
vn 0.4000999 0.7428659 0.5367219
vn 0.2666247 0.8505782 0.4532417
vn 0.208581 0.5670373 0.7968454
vn -0.197456 0.7555215 0.6246586
vn -0.1162535 0.9217867 0.3698573
vn -0.2829897 0.7365658 0.6143188
vn -0.1107676 0.7904893 0.6023765
vn -0.5503142 0.2234762 0.8044953
vn -0.4648565 0.624508 0.6276131
vn -0.692521 0.4793507 0.539108
vn -0.2448098 0.861689 0.4444776
vn -0.6541858 0.5289906 0.5405645
vn -0.4844336 0.7875401 0.380926
vn -0.6686183 0.6321799 0.3915332
vn -0.07121819 0.919394 -0.3868368
vn -0.1639405 0.9365748 0.3097601
vn -0.6395475 0.7663645 -0.06053499
vn -0.6213537 0.7362634 -0.268022
vn -0.4491693 0.8055021 -0.3865399
vn -0.3202919 0.8331548 -0.4508506
vn -0.2762134 0.8174408 -0.5054668
vn -0.3377287 0.7465383 -0.5732538
vn -0.4874994 0.5632591 -0.6671458
vn -0.5495254 0.4495285 -0.7042343
vn -0.439 0.7049226 -0.5571024
vn -0.3948907 0.8058671 -0.4411798
vn -0.3189212 0.597219 -0.7359475
vn 0.0009385985 0.9155141 -0.4022847
vn -0.1337638 0.8448544 -0.5180042
vn 0.1375667 0.6996155 -0.7011516
vn 0.1633721 0.5442386 -0.8228693
vn 0.6004435 0.3857698 -0.7004636
vn 0.5203836 0.6305672 -0.5758352
vn 0.6889351 0.601637 -0.4042294
vn 0.5832618 0.5997856 -0.54778
vn 0.9095646 0.1869852 -0.3711182
vn 0.8907512 0.3422695 -0.2990217
vn 0.9981937 0.01360763 -0.0585159
vn 0.7634295 0.6433747 0.05696033
vn 0.6257074 0.7792538 -0.03540659
vn 0.6083845 0.7829217 -0.1300075
vn 0.701723 0.702261 -0.1200602
vn 0.8341064 0.5267358 0.1637558
vn 0.7323031 0.6013637 0.3195214
vn 0.564966 0.7305427 0.3835636
vn 0.4595295 0.7767647 0.4306614
vn 0.4564078 0.7558947 0.4693775
vn 0.4559995 0.7342888 0.5028763
vn 0.2478483 0.8404204 0.4819385
vn 0.07823934 0.9218444 0.3795809
vn 0.3285673 0.7030571 0.6306778
vn 0.02150134 0.5408857 0.8408212
vn 0.08496621 0.762033 0.6419396
vn -0.02571261 0.6896654 0.7236715
vn -0.2691626 0.9061844 0.3261616
vn -0.6495072 0.4972221 0.5752484
vn -0.4102815 0.5562729 0.7226546
vn -0.6236327 0.3383116 0.7047181
vn -0.1138556 0.6842313 0.7203224
vn -0.7629406 0.5737859 0.2978111
vn -0.526547 0.5575896 0.6417493
vn -0.8112987 0.4542341 0.3680568
vn -0.752385 0.580542 0.3112682
vn -0.8057717 0.2371304 0.5426795
vn -0.3676742 0.9163391 -0.1585512
vn -0.3990176 0.9165246 0.0277065
vn -0.6260139 0.7284536 -0.2783201
vn -0.660037 0.4826689 -0.5756577
vn -0.5924117 0.3944441 -0.7024688
vn -0.5474806 0.3995264 -0.7352848
vn -0.5360261 0.4774399 -0.6962235
vn -0.4483638 0.6810586 -0.5789034
vn -0.2033711 0.9021658 -0.3804433
vn -0.217839 0.9173017 -0.3333224
vn -0.5361325 0.5285057 -0.6582125
vn -0.1378873 0.6010284 -0.7872432
vn -0.3624706 0.6395234 -0.6779563
vn 0.1598374 0.635554 -0.7553299
vn 0.223886 0.7074389 -0.670377
vn 0.6456477 0.247059 -0.7225655
vn 0.2487504 0.2955557 -0.922372
vn 0.7062533 0.4374343 -0.5566486
vn 0.5213675 0.5177138 -0.6783425
vn 0.9663949 0.2373791 -0.09865125
vn 0.8593047 0.02411363 -0.5108954
vn 0.9879171 0.0828549 -0.1309772
vn 0.6912416 0.4832224 -0.5372906
vn 0.9298335 0.3675727 -0.01732194
vn 0.608304 0.7829835 -0.1300123
vn 0.9772931 0.1230935 0.1724709
vn 0.8961533 0.4385173 -0.06791186
vn 0.8556383 0.5152926 -0.04854538
vn 0.8573363 0.4837774 0.1758803
vn 0.7803364 0.5014554 0.3736545
vn 0.6689908 0.5264635 0.5246785
vn 0.5632183 0.5399027 0.625532
vn 0.4261828 0.5978708 0.67891
vn 0.319243 0.647926 0.691575
vn 0.4752212 0.4796091 0.7376584
vn 0.2058614 0.5320424 0.8213112
vn -0.1454061 0.7415051 0.6550018
vn 0.3522908 0.5111604 0.7839683
vn -0.1630107 0.7189318 0.6756957
vn -0.1714512 0.6027048 0.7793276
vn -0.732092 0.5907435 0.33921
vn -0.6835825 0.5370052 0.494308
vn -0.009920218 0.545448 0.8380859
vn -0.7365268 0.448467 0.5063652
vn -0.5204376 0.4451381 0.7286952
vn -0.8129372 0.5223883 0.2573784
vn -0.3979151 0.5350918 0.7452117
vn -0.5124832 0.8471455 -0.1403767
vn -0.1986359 0.7848746 0.5869547
vn -0.8005077 0.5906488 0.1015941
vn -0.7736797 0.5744825 -0.2671883
vn -0.7329702 0.579399 -0.3564429
vn -0.708649 0.3604477 -0.6065427
vn -0.6506039 0.1887122 -0.7355966
vn -0.6359742 0.1792413 -0.7506061
vn -0.6316556 0.3602664 -0.6864542
vn -0.5074961 0.6569365 -0.5575681
vn -0.4138099 0.7711414 -0.4838412
vn -0.5082561 0.6491778 -0.565901
vn -0.05153919 0.7299286 -0.6815776
vn -0.08711865 0.6807569 -0.7273104
vn -0.3442848 0.2977626 -0.8903962
vn 0.1449856 0.4450729 -0.8836794
vn 0.4597161 0.329258 -0.8247729
vn 0.5102472 0.4689463 -0.7209281
vn 0.6163904 0.3898171 -0.6841824
vn 0.1526797 0.3436318 -0.92661
vn 0.9432396 0.2605619 -0.2059285
vn 0.9027808 0.2357793 -0.3597153
vn 0.8963347 0.3895709 -0.2117042
vn 0.7269434 0.4313834 -0.5342861
vn 0.793684 0.5033001 -0.3416941
vn 0.8597928 0.3875331 -0.3325274
vn 0.9772713 0.1231601 0.1725468
vn 0.9148786 0.3775633 -0.1429796
vn 0.9211086 0.3793213 0.08760336
vn 0.7852258 0.6140129 -0.08005354
vn 0.6856243 0.7278414 -0.01289542
vn 0.6102132 0.7680408 0.1943021
vn 0.4775175 0.774995 0.4139564
vn 0.325242 0.7388579 0.5901751
vn 0.2953631 0.5916748 0.7501211
vn 0.523025 0.1725174 0.8346752
vn 0.5233256 0.01219873 0.8520455
vn 0.1254637 0.3065431 0.9435519
vn 0.4351334 0.4035378 0.8048704
vn -0.1647981 0.7410299 0.6509351
vn 0.2323711 0.4444027 0.8651648
vn -0.6134081 0.4420587 0.6544575
vn -0.4169942 0.6862415 0.5959769
vn -0.4726286 0.7206334 0.5072571
vn -0.7217677 0.5363339 0.43749
vn -0.3425729 0.1916564 0.9197346
vn -0.8049714 0.3465824 0.4815618
vn -0.4781443 0.6659294 0.5726396
vn -0.5052803 0.6554598 0.561306
vn -0.7808987 0.1987488 0.5921961
vn -0.4590546 0.8354689 0.302094
vn -0.9133189 0.3876342 0.1248536
vn -0.8764124 0.1855796 -0.4443664
vn -0.7795379 0.302845 -0.5482752
vn -0.6501777 0.487108 -0.5830908
vn -0.5463449 0.5461733 -0.6349819
vn -0.5211822 0.5625087 -0.6418357
vn -0.5778844 0.5300432 -0.6205673
vn -0.7153266 0.3412919 -0.6097769
vn -0.799365 0.1217095 -0.5883898
vn -0.5231755 0.3390436 -0.7818804
vn -0.03411283 0.5678998 -0.8223906
vn -0.31091 0.5492684 -0.7756541
vn 0.2956677 0.5452141 -0.7844248
vn -0.1273767 0.06007798 -0.9900333
vn 0.5321022 0.175067 -0.8283831
vn 0.4265074 0.5700802 -0.7022108
vn 0.2208942 0.5932955 -0.7740842
vn 0.8662128 0.2119354 -0.4525028
vn 0.642385 0.1723287 -0.7467559
vn 0.8521785 0.4417742 -0.2804056
vn 0.7557477 0.63056 -0.1767467
vn 0.6476003 0.514248 -0.5622837
vn 0.9948775 0.0762314 -0.06639074
vn 0.936318 0.2000198 -0.2886186
vn 0.9148176 0.3777104 -0.1429815
vn 0.7664214 0.5093452 -0.3913639
vn 0.7600154 0.6283259 -0.1660819
vn 0.8490971 0.5232789 0.0722035
vn 0.8509912 0.5117659 0.1179392
vn 0.7895471 0.5502875 0.2716601
vn 0.6571681 0.5441642 0.521551
vn 0.4935613 0.4699266 0.7318239
vn 0.4104705 0.3680093 0.834316
vn 0.307132 0.3565262 0.88236
vn 0.1232889 0.288577 0.9494858
vn 0.586078 -0.03073204 0.8096716
vn 0.3796875 0.3830069 0.8421063
vn 0.2640043 0.4540837 0.8509464
vn -0.1863372 0.7011281 0.6882572
vn -0.3227682 -0.2698032 0.9072083
vn -0.461023 -0.1693697 0.871075
vn -0.6885481 0.7043847 0.1724637
vn -0.6009523 0.3437944 0.721569
vn -0.8765267 0.1653059 0.4520785
vn -0.3436465 0.3776637 0.8598123
vn -0.4687803 0.5000159 0.7281684
vn -0.8370619 0.4853679 0.2524783
vn -0.800728 0.267501 0.5359832
vn -0.9866545 0.1483668 0.06708391
vn -0.9745865 0.2034198 0.09381644
vn -0.8980517 0.4231037 -0.1203594
vn -0.7745138 0.2819566 -0.566241
vn -0.6730543 0.2251817 -0.7044793
vn -0.6212905 0.2777457 -0.7327042
vn -0.6291671 0.3132269 -0.7113633
vn -0.7087687 0.2825278 -0.6463938
vn -0.7648551 0.2519772 -0.5928779
vn -0.6081163 0.32223 -0.7255083
vn -0.3851666 0.2056051 -0.8996517
vn -0.639721 0.09791332 -0.7623452
vn 0.05327435 0.4788644 -0.8762709
vn -0.04170471 0.3574676 -0.9329939
vn 0.5988761 0.2532422 -0.7597472
vn -0.1189001 0.1154307 -0.9861737
vn 0.2924938 0.4172044 -0.860458
vn 0.733722 0.5030679 -0.4566999
vn 0.5639378 0.2151561 -0.7972967
vn 0.8594748 0.04646863 -0.5090616
vn 0.7259014 0.4608665 -0.5105577
vn 0.7317597 0.424915 -0.5328931
vn 0.9882556 0.02141089 0.1513028
vn 0.8211172 0.1760716 -0.5429229
vn 0.9728341 0.2165344 -0.08189442
vn 0.7664356 0.5093548 -0.3913237
vn 0.9642482 0.2409625 -0.1102843
vn 0.9191129 0.2939495 -0.2623453
vn 0.9043149 0.4112377 -0.1144467
vn 0.9219102 0.3528044 0.1600331
vn 0.8898085 0.2231784 0.3980356
vn 0.772146 0.08889804 0.6291962
vn 0.5881026 0.02860969 0.8082802
vn 0.3476933 0.1223025 0.9295975
vn 0.1357151 0.258644 0.9563915
vn 0.4133716 0.3226553 0.8514796
vn 0.4024607 0.5284964 0.7474737
vn 0.4604983 0.2592556 0.8489569
vn 0.1622906 0.180014 0.9701839
vn -0.6918453 0.0003724946 0.7220457
vn -0.9349946 0.0002377314 0.3546619
vn 0.3616135 -0.2091094 0.9085753
vn 0.1258108 -0.2843956 0.9504161
vn -0.9293112 0.193655 0.3144495
vn -0.3345143 0.3958492 0.8552214
vn -0.4554428 0.214064 0.8641462
vn -0.8018904 0.1768347 0.5707024
vn -0.721901 0.1931011 0.664508
vn -0.9718402 0.2351846 0.01465776
vn -0.8535398 0.2809077 0.4388176
vn -0.9859208 0.02093519 -0.1658969
vn -0.9487212 -0.1694586 -0.2668555
vn -0.9094809 -0.07130368 -0.4095854
vn -0.7606932 -0.0409462 -0.6478189
vn -0.6744554 -0.06195932 -0.7357113
vn -0.6918928 -0.05050119 -0.7202319
vn -0.7287139 0.04143691 -0.6835635
vn -0.6381126 0.1962389 -0.7445151
vn -0.5270735 0.2374444 -0.8159741
vn -0.6804245 0.2371186 -0.6933955
vn -0.2961035 0.3099419 -0.9034703
vn -0.3345677 -0.04748192 -0.9411747
vn 0.3206604 0.1206658 -0.9394768
vn 0.1013138 0.2475354 -0.9635672
vn 0.4420904 0.40412 -0.8007765
vn 0.03440221 0.2006947 -0.9790496
vn 0.558785 0.03856576 -0.8284153
vn 0.9641588 0.184776 -0.1904093
vn 0.5118372 0.3892265 -0.7658495
vn 0.6476197 -0.07721385 -0.7580414
vn 0.9803497 -0.1945443 0.03266509
vn 0.8519121 0.1616902 -0.4980985
vn 0.9679502 0.2240309 -0.1135019
vn 0.7312296 0.3726251 -0.5713614
vn 0.9642707 0.2408989 -0.110226
vn 0.8865322 0.1022282 -0.4512317
vn 0.9944913 0.08512683 -0.06116052
vn 0.9881794 0.1485014 -0.03806505
vn 0.9722953 0.2112172 0.1001452
vn 0.8904427 0.1163869 0.4399613
vn 0.671803 -0.08414429 0.7359351
vn 0.4456659 -0.2452705 0.8609439
vn 0.399475 -0.3053474 0.8643973
vn 0.6070031 -0.1092646 0.7871522
vn 0.4509872 0.4232816 0.7857755
vn 0.3117387 0.5529585 0.7726939
vn 0.3252735 0.3320796 0.8853928
vn -0.1348299 -0.2185113 0.9664749
vn -0.06091615 -0.2254694 0.972344
vn -0.5345191 0.5521535 0.6398562
vn -0.5242032 0.5055187 0.6853187
vn -0.08228586 -0.1666932 0.9825693
vn -0.2419506 -0.05718655 0.9686019
vn -0.7063504 0.4836743 0.5168446
vn -0.6795828 0.2526639 0.6887149
vn -0.527909 -0.1500315 0.8359441
vn -0.9542688 -0.01998108 0.2982818
vn -0.8106778 0.1892221 0.5540728
vn -0.9716764 -0.1093298 -0.2095042
vn -0.9307371 -0.3656487 0.005437496
vn -0.79469 -0.4857394 -0.36404
vn -0.7152818 -0.5047445 -0.483327
vn -0.9523803 0.05517174 -0.2998796
vn -0.4218128 -0.775944 -0.4690254
vn -0.5906892 0.05318139 -0.8051447
vn -0.6987253 -0.2367346 -0.6750849
vn -0.8124574 -0.2079827 -0.5446616
vn -0.8545043 0.02881903 -0.5186442
vn -0.4377847 0.2928938 -0.8500339
vn -0.3354251 0.1628341 -0.9278874
vn -0.02621999 -0.09177817 -0.9954342
vn -0.04910504 -0.2666498 -0.9625418
vn 0.2906192 0.2610175 -0.920549
vn -0.05705125 0.3734801 -0.9258822
vn 0.6414714 -0.1047139 -0.7599667
vn 0.6812004 -0.1330305 -0.719909
vn 0.3221144 0.3763559 -0.8686763
vn 0.9395494 0.1760817 -0.2936704
vn 0.9547565 -0.2624666 -0.1398259
vn 0.6399049 -0.2515606 -0.7261122
vn 0.9755412 0.1021589 -0.1946351
vn 0.7771408 0.3530017 -0.521001
vn 0.9761832 0.135267 -0.1696147
vn 0.8865649 0.1022311 -0.4511669
vn 0.962905 0.2438391 -0.1155704
vn 0.8874439 0.2553366 -0.3837273
vn 0.9699057 0.229597 -0.08104356
vn 0.9440072 0.1004365 0.3142657
vn 0.7926598 -0.08008955 0.6043807
vn 0.6009724 -0.2009873 0.7735866
vn 0.5145425 -0.2152976 0.8299958
vn 0.5452343 -0.1194678 0.8297271
vn 0.5329481 0.04483809 0.8449591
vn 0.6762902 0.1156055 0.7275075
vn 0.5021012 0.1017607 0.858801
vn -0.2505763 -0.02201031 0.9678466
vn -0.1181772 -0.214965 0.9694453
vn -0.0556967 -0.3528206 0.9340319
vn -0.7026847 0.4943908 0.5116757
vn -0.1661971 0.6348168 0.7545768
vn -0.6468419 -0.162779 0.7450494
vn -0.5190948 0.07275452 0.8516145
vn -0.3243896 0.1433161 0.9350037
vn -0.7900918 0.205574 0.5774897
vn -0.9300967 0.05813432 0.3626854
vn -0.5867428 -0.1330357 0.7987705
vn -0.9212752 -0.3879306 -0.02760165
vn -0.8508161 -0.5226627 0.05418292
vn -0.7412208 -0.5205933 -0.4237623
vn -0.8200947 -0.5358612 -0.2007423
vn -0.8787554 -0.3873175 -0.2788801
vn -0.4733513 -0.3840699 -0.7927352
vn -0.5083336 -0.567663 -0.6475767
vn -0.9404055 -0.1121869 -0.3210164
vn -0.3378805 0.36387 -0.8680066
vn -0.7742726 0.1146137 -0.6223871
vn -0.7031971 -0.07183488 -0.7073568
vn -0.7262692 -0.142364 -0.672507
vn -0.1979967 -0.1745709 -0.9645322
vn 0.09277027 -0.1005396 -0.9905986
vn -0.0305015 -0.02761078 -0.9991533
vn -0.3070456 0.003432154 -0.9516886
vn 0.650744 -0.0311316 -0.7586587
vn 0.4436804 -0.02606708 -0.8958059
vn 0.1840673 0.03848815 -0.9821598
vn 0.8412406 -0.007105061 -0.5406142
vn 0.917857 0.0318996 -0.3956275
vn 0.8932642 0.08127432 -0.4421239
vn 0.9687511 0.08286618 -0.2337829
vn 0.6409246 0.052119 -0.7658324
vn 0.9660404 0.1078234 -0.2348192
vn 0.9048601 0.1529261 -0.3972933
vn 0.9628984 0.2439104 -0.1154755
vn 0.8300755 0.2870261 -0.4781116
vn 0.9313992 0.3598763 -0.05463264
vn 0.9709578 0.2232843 0.08593611
vn 0.9450734 -0.07189325 0.3188536
vn 0.7511311 -0.2548168 0.6089914
vn 0.5706 -0.2459914 0.7835202
vn 0.4943503 -0.08706193 0.8648919
vn 0.5629416 0.1145371 0.8185219
vn 0.733845 0.07078397 0.6756191
vn 0.5140883 -0.2735095 0.8129611
vn 0.2173627 -0.4408244 0.8708773
vn 0.1021224 -0.3851244 0.917197
vn -0.3645008 -0.07298417 0.9283386
vn -0.3655024 -0.3228453 0.8730286
vn -0.1034392 -0.5808226 0.8074314
vn -0.749469 -0.2226399 0.6234804
vn -0.3911435 0.2636983 0.8817427
vn -0.09975395 0.06862877 0.9926426
vn -0.7508641 -0.198331 0.6299745
vn -0.7722818 0.008683716 0.6352208
vn -0.679751 0.1974158 0.7063749
vn -0.9579889 -0.2853577 -0.02878116
vn -0.6828338 -0.6893998 0.2417974
vn -0.7009442 -0.643643 -0.3072475
vn -0.8022094 -0.596659 0.02140651
vn -0.9071321 -0.3303617 -0.2607155
vn -0.9541809 0.01791823 -0.2986934
vn -0.7074902 0.2524508 -0.6600957
vn -0.5877848 0.5218462 -0.6182117
vn -0.8493136 0.5259625 -0.04505521
vn -0.02954173 0.2972908 -0.9543298
vn -0.6213916 0.3660369 -0.6927406
vn -0.756384 -0.08452407 -0.6486439
vn -0.3591208 -0.5416122 -0.7600582
vn -0.3801051 -0.4229143 -0.8225957
vn -0.1311914 -0.08276585 -0.9878961
vn -0.1112551 0.2103706 -0.9712706
vn 0.2855709 -0.2725766 -0.9187771
vn -0.06807543 -0.350062 -0.9342496
vn 0.6437454 0.04890157 -0.7636757
vn 0.6447682 0.1012593 -0.7576414
vn 0.2806553 -0.2474734 -0.9273562
vn 0.917704 -0.1553649 -0.3656242
vn 0.927303 0.3234455 -0.188394
vn 0.6329656 0.3769643 -0.6762046
vn 0.9699171 0.1041821 -0.2200161
vn 0.7986252 -0.153418 -0.5819457
vn 0.9391153 0.2268755 -0.2580505
vn 0.8301219 0.2869188 -0.4780954
vn 0.9735979 0.09895235 -0.2057074
vn 0.9745623 -0.02762913 -0.2224071
vn 0.9544164 -0.2806188 0.1016978
vn 0.8055002 -0.3340461 0.4894718
vn 0.6711912 -0.3197283 0.6687872
vn 0.6169125 -0.2889148 0.7320842
vn 0.6220216 -0.2677024 0.7358156
vn 0.5535535 -0.30498 0.7749618
vn 0.3668213 -0.3321004 0.8689945
vn 0.4859671 -0.3377546 0.8060756
vn 0.2458055 -0.5323961 0.810021
vn 0.136539 -0.3128189 0.9399476
vn -0.1762294 -0.269325 0.9467879
vn -0.4511666 -0.2262508 0.863284
vn -0.6563343 -0.432926 0.6179
vn 0.1706984 -0.2622228 0.9497901
vn -0.3385826 0.1303178 0.9318686
vn -0.8449984 -0.08542632 0.5279018
vn -0.2656408 -0.3409439 0.9017717
vn -0.5763365 -0.1964684 0.7932443
vn -0.9520218 -0.2383278 0.1919748
vn -0.8875045 -0.4128371 0.2046983
vn -0.781405 -0.4896632 -0.3868285
vn -0.7109626 -0.6803716 0.1778387
vn -0.840187 -0.5195467 -0.1554258
vn -0.9576142 -0.2854261 0.03882154
vn -0.9721981 -0.2176175 0.08644892
vn -0.6182417 0.4044557 -0.6739383
vn -0.5850371 0.1331327 -0.8000046
vn -0.9899225 -0.1260638 0.06450833
vn -0.3624407 -0.1095999 -0.9255402
vn -0.3153985 -0.1930057 -0.9291247
vn -0.2435843 -0.3258172 -0.9135152
vn -0.6071779 -0.3585989 -0.7090429
vn -0.3805448 -0.4679495 -0.7976271
vn -0.4751116 -0.07712288 -0.8765393
vn 0.2205605 -0.1974474 -0.9551793
vn 0.05557976 -0.2592384 -0.9642128
vn 0.4549946 -0.3877508 -0.8016416
vn -0.025788 -0.1089036 -0.9937178
vn 0.4829474 0.006539309 -0.8756249
vn 0.9296383 -0.2461332 -0.2742101
vn 0.4838598 -0.2888148 -0.8261148
vn 0.6323214 0.1617568 -0.7576308
vn 0.95281 0.2964191 -0.06548902
vn 0.8440748 0.05758728 -0.5331243
vn 0.9667678 0.08932278 -0.2395441
vn 0.7326226 -0.09927084 -0.6733569
vn 0.9735852 0.09895106 -0.2057681
vn 0.8037766 -0.3886863 -0.4504066
vn 0.7893146 -0.6076972 -0.08767328
vn 0.7696745 -0.5447759 0.3328972
vn 0.6738515 -0.5648795 0.4762723
vn 0.5616056 -0.6046661 0.5647814
vn 0.4956647 -0.607507 0.6206865
vn 0.5212112 -0.5727835 0.6326594
vn 0.6170111 -0.4939969 0.6125882
vn 0.5460635 -0.4799165 0.6866548
vn 0.1935263 -0.4029761 0.8945155
vn 0.4874278 -0.06190271 0.8709663
vn 0.04866875 -0.4120257 0.9098715
vn -0.07331687 -0.4274616 0.9010556
vn -0.6660724 -0.3524691 0.6573532
vn -0.07335159 -0.02489896 0.9969953
vn -0.3680311 -0.208757 0.906076
vn -0.2642551 -0.5517719 0.7910228
vn -0.3500695 -0.3429627 0.8716812
vn -0.8486754 -0.2052809 0.4874525
vn -0.4272735 -0.4811419 0.765467
vn -0.6551901 -0.6305473 0.4160962
vn -0.8327504 -0.4901392 -0.2574694
vn -0.9325141 -0.3588455 0.04058872
vn -0.9484783 -0.1866679 -0.2560157
vn -0.9623432 -0.2410291 0.1257001
vn -0.873487 -0.4331267 0.22231
vn -0.9536667 -0.2968699 -0.04886786
vn -0.9327717 -0.3525068 -0.07534
vn -0.542654 -0.1939561 -0.8172562
vn -0.6380648 -0.7392337 -0.2154225
vn -0.5286947 -0.3747426 -0.7616101
vn -0.4535232 -0.3284875 -0.8285003
vn -0.3246458 -0.3651219 -0.87252
vn -0.2968241 -0.2517611 -0.921147
vn -0.6914611 -0.150809 -0.7064971
vn -0.132276 -0.5752201 -0.8072329
vn -0.2014104 -0.4193904 -0.8851811
vn 0.5695564 -0.276804 -0.7739413
vn -0.1999921 -0.06324416 -0.9777542
vn 0.2343307 -0.33145 -0.9139093
vn 0.7129262 -0.4580647 -0.5309548
vn 0.4742016 -0.1459662 -0.868232
vn 0.7823277 -0.02326382 -0.6224325
vn 0.7149788 -0.3832656 -0.5847331
vn 0.7531909 -0.2979636 -0.5864479
vn 0.9908363 0.1341399 -0.01581129
vn 0.7819654 0.03276893 -0.6224599
vn 0.9733733 0.002384302 -0.2292135
vn 0.8038082 -0.3886702 -0.4503642
vn 0.8873907 -0.4392948 -0.1398495
vn 0.8370457 -0.4929518 0.237388
vn 0.6635157 -0.7248566 0.1852831
vn 0.5354285 -0.7934258 0.2894683
vn 0.4599852 -0.7639321 0.4525718
vn 0.4094919 -0.7364424 0.5384877
vn 0.4024785 -0.7263881 0.5571098
vn 0.5095372 -0.6230614 0.5934361
vn 0.7439595 -0.2539253 0.618099
vn 0.6418359 -0.1512267 0.7517827
vn -0.01696858 -0.4136416 0.9102817
vn 0.2044121 -0.4113756 0.8882487
vn -0.4229311 -0.5910283 0.6868879
vn 0.07129274 -0.1807788 0.9809365
vn -0.6131346 -0.008126116 0.7899367
vn -0.2600706 -0.2805187 0.923944
vn -0.255978 -0.6630542 0.7034447
vn -0.5557564 -0.585191 0.5904967
vn -0.2625917 -0.2752478 0.9248158
vn -0.8518306 -0.470129 0.231005
vn -0.619427 -0.7404422 0.2608749
vn -0.7193714 -0.6684233 0.1889842
vn -0.9510251 -0.3069005 0.03692385
vn -0.9980692 0.06200261 -0.003694968
vn -0.9886109 0.03381763 0.1466457
vn -0.9727811 0.1834329 -0.1415962
vn -0.9978354 -0.03093708 -0.05803045
vn -0.9133662 -0.3974962 -0.08808551
vn -0.6508735 -0.737235 -0.1812408
vn -0.300689 -0.8298585 -0.4700225
vn -0.3592077 -0.6703 -0.6493595
vn -0.4325719 -0.4329706 -0.7908337
vn -0.6138366 -0.08326012 -0.7850302
vn -0.4459189 -0.2396527 -0.8623937
vn -0.1443823 -0.5249737 -0.8387827
vn -0.4613469 -0.5219039 -0.7174785
vn 0.1285061 -0.5861312 -0.7999603
vn -0.2656476 -0.06663375 -0.9617647
vn 0.4935431 -0.1589488 -0.8550735
vn 0.373154 -0.5367978 -0.7567061
vn 0.1325339 -0.557873 -0.8192756
vn 0.8104537 -0.2135258 -0.5455012
vn 0.5701301 -0.2127507 -0.7935294
vn 0.7882052 -0.4756951 -0.3904443
vn 0.7311254 -0.6270362 -0.268852
vn 0.6463484 -0.4586956 -0.6097803
vn 0.9731825 -0.05026457 -0.2244758
vn 0.9038329 -0.1946947 -0.381025
vn 0.8873829 -0.439291 -0.1399107
vn 0.9002528 -0.3792287 0.2138474
vn 0.7738385 -0.6288423 0.07570586
vn 0.7552433 -0.626062 0.1940466
vn 0.7571492 -0.433202 0.4889389
vn 0.7056952 -0.2680407 0.6558571
vn 0.6789384 -0.1840135 0.7107614
vn 0.6878074 -0.2097901 0.6949166
vn 0.6327012 -0.4163489 0.6529493
vn 0.4894117 -0.6315391 0.6013606
vn 0.5580274 -0.5393352 0.6306528
vn 0.1543701 -0.6118281 0.775781
vn -0.2823144 -0.686717 0.6698645
vn 0.2225823 -0.3033918 0.9265045
vn -0.2775596 -0.3818026 0.8815824
vn -0.1987869 -0.1845353 0.9625126
vn -0.7210417 -0.3923997 0.5710704
vn -0.5916544 -0.407058 0.69588
vn 0.05918863 -0.4383323 0.896862
vn -0.6958149 -0.5573775 0.4529591
vn -0.5782584 -0.5500886 0.6025113
vn -0.8836792 -0.4656702 -0.04756473
vn -0.7035132 -0.4846323 0.5198084
vn -0.925555 -0.3349317 0.176547
vn -0.8541208 -0.2745557 0.4416979
vn -0.9857523 0.151899 -0.07224273
vn -0.9971792 0.05576023 -0.05024572
vn -0.9891329 -0.1413693 -0.04038451
vn -0.9374226 -0.2039286 -0.282227
vn -0.8030797 -0.292746 -0.5190017
vn -0.6445336 -0.4037553 -0.6492751
vn -0.5080723 -0.5135133 -0.691496
vn -0.3683769 -0.6259656 -0.6873614
vn -0.3510554 -0.616407 -0.7048422
vn -0.5114889 -0.3760389 -0.7726409
vn -0.1513527 -0.4716968 -0.868674
vn -0.2325463 -0.4855976 -0.8426846
vn -0.4518707 -0.182417 -0.8732336
vn 0.02644302 -0.4263897 -0.904153
vn 0.4074203 -0.3677547 -0.8359218
vn 0.4521647 -0.5486196 -0.7032521
vn 0.5453514 -0.5197545 -0.6576071
vn 0.05251041 -0.5580329 -0.8281558
vn 0.8550795 -0.4568337 -0.2452388
vn 0.7620258 -0.506533 -0.4034119
vn 0.7110153 -0.6491789 -0.2702296
vn 0.5727924 -0.6128047 -0.5444074
vn 0.6441402 -0.6617066 -0.383703
vn 0.7339411 -0.5738812 -0.3633054
vn 0.9001883 -0.3793931 0.2138271
vn 0.4594788 -0.8800783 -0.1197554
vn 0.5999301 -0.7964194 -0.07615843
vn 0.8015367 -0.5252944 0.2856652
vn 0.7758332 -0.3933841 0.4932868
vn 0.712271 -0.3638571 0.6002316
vn 0.665768 -0.3278209 0.6702883
vn 0.9501539 0.0340872 0.3099123
vn 0.3885615 -0.8712277 0.2999705
vn 0.2507314 -0.6989971 0.6697289
vn 0.09013087 -0.9215471 0.3776603
vn 0.3512697 -0.7074134 0.6133318
vn 0.01949427 -0.5028345 0.8641629
vn 0.08152418 -0.6391665 0.7647353
vn -0.04891625 -0.4481642 0.892612
vn -0.3264719 -0.7736431 0.54304
vn -0.6359581 -0.3113279 0.706139
vn -0.4202187 -0.4214124 0.8036342
vn -0.6105061 -0.3671664 0.7017629
vn -0.1156089 -0.6901581 0.7143644
vn -0.7617002 -0.6237423 0.1753807
vn -0.6270263 -0.5203527 0.5797166
vn -0.9710322 -0.15992 0.1775448
vn -0.7146186 -0.4355322 0.5473866
vn -0.9610935 -0.1627008 0.2232214
vn -0.861522 -0.5029635 0.06933642
vn -0.7880135 -0.6090758 0.08978563
vn -0.898041 -0.3897484 -0.2040063
vn -0.8074008 -0.3438486 -0.47945
vn -0.6538624 -0.4412141 -0.6146497
vn -0.5618037 -0.5006536 -0.6585761
vn -0.5513168 -0.4953682 -0.6713123
vn -0.5046272 -0.5308886 -0.6808148
vn -0.3221544 -0.6829602 -0.6555775
vn -0.3436516 -0.6429478 -0.6844865
vn -0.5180647 -0.1071857 -0.848599
vn -0.1602051 -0.2293537 -0.9600683
vn -0.3762321 -0.4485327 -0.8107206
vn 0.1649417 -0.5782295 -0.7990274
vn 0.2177969 -0.7593229 -0.613183
vn 0.6702845 -0.3754814 -0.6401034
vn 0.1734348 -0.6008309 -0.780335
vn 0.5781981 -0.7171074 -0.389158
vn 0.2951137 -0.84201 -0.451583
vn 0.7924319 -0.6070575 -0.05943853
vn 0.669533 -0.4734547 -0.5723341
vn 0.790861 -0.5687895 -0.2258704
vn 0.4091019 -0.7438174 -0.5285559
vn 0.7982406 -0.5834573 -0.1496315
vn 0.4594788 -0.8800782 -0.1197566
vn 0.2719996 -0.7793833 -0.5644271
vn 0.661625 -0.7497361 -0.01217574
vn 0.5679752 -0.8151858 0.1134735
vn 0.4172167 -0.8921998 0.1729445
vn 0.3290714 -0.9061983 0.2655497
vn 0.2663575 -0.8900841 0.3698703
vn 0.4432528 -0.8960913 -0.02339789
vn 0.6448393 -0.1375154 0.7518455
vn 0.09825569 -0.6626407 0.7424642
vn 0.3738082 -0.6434837 0.6679791
vn 0.2721225 -0.8316189 0.4841069
vn 0.255224 -0.566023 0.7838869
vn -0.1336719 -0.7631121 0.632291
vn -0.07276064 -0.9159603 0.3946172
vn -0.2689679 -0.728758 0.6297364
vn -0.1486008 -0.7890201 0.5961251
vn -0.5786608 -0.3281994 0.7466169
vn -0.4565316 -0.7259871 0.5143166
vn -0.6422513 -0.6331333 0.4320364
vn -0.1929215 -0.8916749 0.4095084
vn -0.6277419 -0.5509391 0.5499147
vn -0.517944 -0.7294381 0.4468268
vn -0.893311 -0.2158087 0.394236
vn -0.8599187 -0.49428 0.1273861
vn -0.6863187 -0.7247555 0.06079677
vn -0.8486118 -0.5189414 -0.1027515
vn -0.7439449 -0.5750574 -0.3403749
vn -0.4824518 -0.7583187 -0.4383984
vn -0.3368343 -0.8293802 -0.4457256
vn -0.3505005 -0.8135768 -0.4639421
vn -0.4912337 -0.6892112 -0.5326136
vn -0.6439642 -0.4099277 -0.6459639
vn -0.6411728 -0.2139602 -0.7369658
vn -0.522644 -0.3834491 -0.7614526
vn -0.4145842 -0.5205919 -0.746394
vn -0.2080046 -0.2968436 -0.9319968
vn 0.1558303 -0.7861497 -0.5980682
vn 0.03234707 -0.8052851 -0.5920048
vn 0.2873189 -0.7192487 -0.6325577
vn 0.2550035 -0.6836535 -0.6838065
vn 0.6520984 -0.5315784 -0.540548
vn 0.4368439 -0.83213 -0.3416536
vn 0.5192675 -0.8286583 -0.2090137
vn 0.3124397 -0.8708328 -0.3795151
vn 0.7355449 -0.5493704 -0.3964415
vn 0.5931396 -0.7183538 -0.3635289
vn 0.8810487 -0.4287906 -0.1997291
vn 0.3051706 -0.8535131 0.422358
vn 0.2719951 -0.7793703 -0.5644472
vn 0.9822989 -0.1154382 -0.1475223
vn 0.6795586 -0.7335274 -0.0117392
vn 0.4729744 -0.8810465 0.007224209
vn 0.4314794 -0.8929986 0.1279804
vn 0.4401968 -0.8539045 0.2776218
vn 0.414055 -0.8142766 0.4068315
vn 0.3531645 -0.8021665 0.4814602
vn 0.3101116 -0.792433 0.5252435
vn 0.3476717 -0.6899801 0.6348637
vn 0.4320824 -0.5024211 0.7489178
vn 0.3472077 -0.7099958 0.6126603
vn -0.08320139 -0.9531596 0.2907993
vn -0.239131 -0.8445446 0.4791252
vn -0.004621886 -0.9292075 0.3695297
vn -0.124932 -0.9025947 0.4119645
vn 0.1350548 -0.6877522 0.7132722
vn -0.3305213 -0.8742607 0.3555615
vn -0.5654452 -0.6760554 0.4724625
vn -0.4872935 -0.8665012 0.1082624
vn -0.4885365 -0.7240183 0.4869595
vn -0.04237985 -0.9053894 0.4224617
vn -0.4351061 -0.7841495 0.4424843
vn -0.3796592 -0.8203169 0.427714
vn -0.4909865 -0.8670525 0.08457173
vn -0.8340306 -0.5401675 -0.1123039
vn -0.788199 -0.5827234 -0.197929
vn -0.5400593 -0.7881064 -0.2953376
vn -0.4106421 -0.8322296 -0.3725144
vn -0.4190834 -0.8000207 -0.4293437
vn -0.4784414 -0.7540658 -0.4499764
vn -0.5391832 -0.7129064 -0.4483816
vn -0.5836529 -0.6442024 -0.4943204
vn -0.6003723 -0.493904 -0.6289769
vn -0.5498805 -0.4278848 -0.7173187
vn -0.2721825 -0.7593091 -0.5910724
vn 0.2118883 -0.872418 -0.4404432
vn 0.1820424 -0.6915498 -0.6990132
vn 0.005791611 -0.878996 -0.4767941
vn 0.2059678 -0.7334136 -0.6478286
vn 0.1202927 -0.7763383 -0.6187313
vn 0.6568621 -0.7028129 -0.2731048
vn 0.60844 -0.6997574 -0.3743533
vn 0.5678827 -0.8159057 -0.1086611
vn 0.3746675 -0.7271518 -0.5752169
vn 0.2282393 -0.9008881 -0.3691985
vn 0.6831999 -0.6384248 -0.3544737
vn 0.5272573 -0.8036455 -0.2759594
vn 0.9283961 -0.09408797 0.3594832
vn 0.9822995 -0.1154382 -0.1475185
vn 0.4913973 -0.860831 -0.1322827
vn 0.4545295 -0.87866 -0.1461492
vn 0.6186156 -0.7832575 0.0618268
vn 0.731696 -0.6293514 0.2617974
vn 0.7425944 -0.5400511 0.3961042
vn 0.6878894 -0.5254728 0.5006862
vn 0.5625324 -0.5988438 0.5700382
vn 0.3394541 -0.7636018 0.549257
vn 0.02588235 -0.9116052 0.4102513
vn -0.105031 -0.9454295 0.3084339
vn 0.07917774 -0.9098295 0.4073589
vn 0.05787673 -0.9022787 0.4272513
vn -0.3490004 -0.9142977 0.2055685
vn -0.003934679 -0.8976218 0.440749
vn 0.2730913 -0.777554 0.5664194
vn -0.206927 -0.9477956 0.2426204
vn 0.1641575 -0.871415 0.4622642
vn -0.470469 -0.8781459 0.08671113
vn -0.4943742 -0.855594 0.1534704
vn -0.212559 -0.8648077 0.4548917
vn -0.517956 -0.8293726 0.2094344
vn 0.008139048 -0.9054183 0.4244426
vn -0.05613811 -0.9471926 0.315713
vn -0.4106431 -0.9117579 -0.008359429
vn -0.2975036 -0.9544222 -0.02387121
vn -0.1743775 -0.9846619 0.005794156
vn -0.2635396 -0.9559875 -0.1289759
vn -0.409894 -0.8554897 -0.3164244
vn -0.5029027 -0.7551736 -0.4204781
vn -0.5379973 -0.7253068 -0.4295218
vn -0.5021229 -0.7801761 -0.3730922
vn -0.3565284 -0.8904436 -0.2828387
vn -0.1579283 -0.9617101 -0.2239919
vn -0.1232754 -0.9453861 -0.3017423
vn -0.2697339 -0.8214234 -0.5025008
vn 0.01633168 -0.8540612 -0.5199161
vn 0.3655842 -0.8454798 -0.3892456
vn -0.1343952 -0.7274495 -0.6728709
vn 0.0630087 -0.8198003 -0.5691727
vn 0.4372382 -0.8540685 -0.2817622
vn 0.2478978 -0.850989 -0.462995
vn 0.7707125 -0.6339827 -0.06378391
vn 0.5360708 -0.7454011 -0.3962391
vn 0.4598791 -0.7627758 -0.4546254
vn 0.5645923 -0.7932301 -0.2280823
vn 0.09520564 -0.8277624 -0.5529425
vn 0.4386996 -0.8712953 -0.2199709
vn 0.6617916 -0.7437478 0.09418659
vn 0.4915388 -0.8607483 -0.1322954
vn 0.2348592 -0.9570512 -0.169983
vn 0.4069792 -0.908803 -0.09189738
vn 0.4831941 -0.8753665 0.01603252
vn 0.4462532 -0.8872071 0.1171396
vn 0.3561227 -0.9104933 0.2101874
vn 0.2561269 -0.919805 0.2972502
vn -0.1824315 -0.6733164 0.7164941
vn 0.6545042 -0.7465094 0.1197834
vn -0.00635645 -0.9183753 0.3956596
vn -0.1009313 -0.9576848 0.2695418
vn -0.1175749 -0.9805206 0.1573388
vn -0.04571409 -0.9526674 0.3005582
vn -0.03447902 -0.8256205 0.5631714
vn -0.0609043 -0.9100839 0.4099243
vn 0.06558605 -0.9722201 0.2246925
vn 0.006893531 -0.9255393 0.3785889
vn -0.08798413 -0.9819212 0.1675995
vn -0.02056698 -0.9981744 0.05678865
vn -0.2946988 -0.9046397 0.3078631
vn -0.3463246 -0.9020345 0.2576684
vn -0.160402 -0.9594914 0.2316191
vn -0.3163243 -0.8759214 0.3642811
vn -0.3207571 -0.9146466 0.2460418
vn -0.06493257 -0.9949363 0.07671665
vn -0.007059004 -0.9991243 0.0412416
vn -0.1304546 -0.9914137 -0.008979061
vn -0.253241 -0.9610814 -0.1104145
vn -0.3064547 -0.9327326 -0.1899881
vn -0.329265 -0.9174075 -0.2234908
vn -0.3522096 -0.906282 -0.2336694
vn -0.3702537 -0.8965223 -0.2432281
vn -0.3528455 -0.9005632 -0.2539411
vn -0.2691239 -0.9331902 -0.2381774
vn -0.1524018 -0.9696466 -0.1912047
vn -0.1070783 -0.9649858 -0.2394505
vn -0.09478869 -0.8602981 -0.5009016
vn 0.04196313 -0.7757073 -0.6296962
vn 0.1331591 -0.9160675 -0.3782709
vn 0.1299286 -0.9437447 -0.3040797
vn 0.3199662 -0.8495685 -0.4193507
vn 0.3848496 -0.9077417 -0.167021
vn 0.4230541 -0.8795434 -0.2177815
vn 0.6546331 -0.6524255 -0.3818331
vn 0.564158 -0.7892405 -0.2425394
vn 0.422818 -0.8535932 -0.3043083
vn 0.5467671 -0.7755099 -0.3156424
vn 0.4072258 -0.8904958 -0.2029395
vn 0.1814554 -0.9666029 -0.1809777
vn 0.2348523 -0.9570526 -0.1699847
vn 0.5827974 -0.8013465 0.1348741
vn 0.3849385 -0.9224067 0.03143622
vn 0.1267082 -0.9910318 -0.0424382
vn -0.0430073 -0.9983584 -0.03782661
vn -0.1347596 -0.9908783 0.0003193405
vn -0.1812375 -0.9824883 0.04324147
vn -0.1866318 -0.977969 0.09351612
vn -0.1307358 -0.9760038 0.1741398
vn 0.018103 -0.9478543 0.3181894
vn 0.2150681 -0.8532653 0.4750622
vn 0.24956 -0.8223251 0.5113719
vn -0.02417912 -0.9315619 0.362778
vn -0.3233672 -0.9328218 0.1589884
vn -0.1860463 -0.9532526 0.23811
vn 0.1858215 -0.9041896 0.3845928
vn -0.06662297 -0.9872118 0.1448248
vn -0.3266894 -0.9414243 -0.0836327
vn 0.07996894 -0.9776201 0.194587
vn 0.229849 -0.9158103 0.3293341
vn -0.2054141 -0.9658479 0.1579331
vn -0.3657596 -0.9202666 0.13903
vn -0.06733663 -0.9440512 0.3228516
vn -0.03853993 -0.9526355 0.3016624
vn -0.3227885 -0.9446638 0.05846412
vn -0.5000274 -0.8469304 -0.1807807
vn -0.4561934 -0.8602634 -0.2276721
vn -0.3250758 -0.9334581 -0.1515974
vn -0.2222825 -0.9725561 -0.06874139
vn -0.1857199 -0.9821017 -0.03137626
vn -0.2035591 -0.9783681 -0.03687136
vn -0.2703341 -0.9591354 -0.08353929
vn -0.3889774 -0.9040446 -0.1772007
vn -0.5179524 -0.8023135 -0.2966788
vn -0.5446303 -0.7466747 -0.3819093
vn -0.3412684 -0.8630427 -0.3724153
vn 0.1069027 -0.9727837 -0.2055815
vn 0.3031037 -0.9448748 -0.1238542
vn 0.08775245 -0.9523792 -0.292016
vn -0.01824537 -0.9393998 -0.3423377
vn 0.3409722 -0.9362597 -0.08459114
vn 0.4325881 -0.9000891 -0.05202931
vn 0.0838253 -0.9093969 -0.4073947
vn 0.215745 -0.8956206 -0.3889958
vn 0.6407286 -0.7675078 -0.01997035
vn 0.5836163 -0.8055201 -0.1026131
vn 0.2620377 -0.8927354 -0.3665512
vn 0.3438923 -0.914136 -0.2146939
vn 0.571681 -0.816634 0.07930794
vn 0.5827973 -0.8013464 0.1348754
vn 0.2135583 -0.9769264 -0.002759136
vn 0.2231522 -0.9723219 0.06923281
vn 0.2500607 -0.9590046 0.1333409
vn 0.2586935 -0.946493 0.1929475
vn 0.2382413 -0.9391792 0.2473529
vn 0.1971633 -0.9370328 0.288264
vn 0.1448852 -0.9412194 0.3051464
vn 0.0835028 -0.9530168 0.2911809
vn 0.01099723 -0.9683226 0.2494603
vn -0.07103529 -0.9761433 0.2051788
vn -0.1488078 -0.9685495 0.1994193
vn -0.1958103 -0.9487913 0.2478981
vn -0.1871083 -0.9375252 0.2933207
vn -0.1469542 -0.9618789 0.2306372
vn -0.1510834 -0.9865602 0.06223121
vn -0.2090106 -0.9773985 -0.03173129
vn -0.2039755 -0.9764876 0.06975711
vn -0.02467838 -0.9686861 0.2470591
vn 0.1677705 -0.9501553 0.262789
vn 0.185062 -0.9648106 0.1867955
vn 0.04540484 -0.9848856 0.1671489
vn -0.1127503 -0.971181 0.2099879
vn -0.157149 -0.9597758 0.2326685
vn -0.1207956 -0.9715981 0.2034837
vn -0.09869193 -0.984943 0.1419404
vn -0.1257939 -0.9896797 0.06862979
vn -0.1832359 -0.9830689 -0.000370202
vn -0.2418358 -0.969052 -0.04953521
vn -0.2849177 -0.9559546 -0.07051752
vn -0.3041066 -0.9503309 -0.06626069
vn -0.2918551 -0.9554495 -0.0440092
vn -0.239104 -0.9708946 -0.0138911
vn -0.1456488 -0.9892774 0.01080611
vn -0.03348853 -0.9993799 0.01088426
vn 0.05736057 -0.9978846 -0.03059689
vn 0.09544472 -0.9903719 -0.1002687
vn 0.08740208 -0.9879596 -0.1276587
vn 0.0868493 -0.994784 -0.05349805
vn 0.1371446 -0.9896294 0.04272073
vn 0.2051995 -0.9785454 0.0184957
vn 0.1896018 -0.9707728 -0.147144
vn 0.05316391 -0.9581391 -0.2813239
vn -0.02232246 -0.9677747 -0.250826
vn 0.09650446 -0.9855947 -0.1388889
vn 0.3083166 -0.9490951 -0.06449322
vn 0.4080573 -0.9101041 -0.07211036
vn 0.3585319 -0.9286176 -0.09552136
vn 0.2615491 -0.9626915 -0.06940507
vn 0.2135583 -0.9769264 -0.002748405
vn 0.01078848 -0.9999204 0.006549479
vn 0.08606317 -0.9928155 0.08312931
vn 0.1249584 -0.9808384 0.1494704
vn 0.1293576 -0.970511 0.2034089
vn 0.109938 -0.9636348 0.2435602
vn 0.07702369 -0.9602374 0.2683497
vn 0.03458841 -0.9600437 0.2777042
vn -0.02016907 -0.9627665 0.2695811
vn -0.09397348 -0.966213 0.240003
vn -0.1898372 -0.9642375 0.1849543
vn -0.2963915 -0.948901 0.1083465
vn -0.3812948 -0.9240379 0.02771827
vn -0.4070297 -0.9130191 -0.02688971
vn -0.346666 -0.9377035 -0.02312871
vn -0.2055574 -0.97694 0.05774499
vn -0.07127033 -0.9824547 0.1723464
vn -0.03781838 -0.9707793 0.2369756
vn -0.07628024 -0.9711997 0.2257267
vn -0.09239828 -0.9800717 0.1758462
vn -0.02552492 -0.9885392 0.1487913
vn 0.0982618 -0.9789812 0.1787191
vn 0.1974845 -0.9487513 0.2467203
vn 0.2247911 -0.92471 0.3072141
vn 0.1883533 -0.9253699 0.3289585
vn 0.116686 -0.9455781 0.303754
vn 0.0379139 -0.9685115 0.246065
vn -0.02764777 -0.9828932 0.1820895
vn -0.07152108 -0.9885893 0.132574
vn -0.09329671 -0.9901799 0.1041128
vn -0.09284937 -0.9913144 0.09313855
vn -0.06653253 -0.9933167 0.09431621
vn -0.009857567 -0.9943852 0.1053605
vn 0.07292168 -0.9891504 0.1275302
vn 0.1592285 -0.973927 0.1615939
vn 0.2176062 -0.9555185 0.1990779
vn 0.2234068 -0.9490057 0.2224354
vn 0.1669821 -0.9636884 0.2083789
vn 0.05785034 -0.9889399 0.1365696
vn -0.05505284 -0.9982903 0.01963834
vn -0.09940863 -0.9918876 -0.07922687
vn -0.05642308 -0.9932184 -0.1016545
vn 0.01437505 -0.9985436 -0.05200072
vn 0.02094882 -0.9997752 -0.003280709
vn -0.06112805 -0.9978953 -0.02164348
vn -0.1613546 -0.9829742 -0.08790045
vn -0.201698 -0.9702916 -0.1336125
vn -0.1682195 -0.9777639 -0.12522
vn -0.08528033 -0.9938623 -0.07046263
vn 0.0107883 -0.9999204 0.00654997
vn -0.2915779 -0.9541981 0.06699514
vn -0.3424442 -0.9383553 0.04713045
vn -0.3759875 -0.9263297 0.02338361
vn -0.3924496 -0.9197627 -0.004461449
vn -0.394866 -0.9182011 -0.03142557
vn -0.3881681 -0.920229 -0.05004166
vn -0.3768574 -0.9245958 -0.05568723
vn -0.3632126 -0.9305879 -0.04563729
vn -0.3455194 -0.938189 -0.02043969
vn -0.3192987 -0.9474666 0.01885347
vn -0.2761393 -0.9585953 0.06958572
vn -0.2111792 -0.968864 0.1292514
vn -0.1278663 -0.9733133 0.190556
vn -0.04939239 -0.9689017 0.2424663
vn -0.00187595 -0.962099 0.2726941
vn 0.001788741 -0.9614012 0.2751446
vn -0.03337153 -0.9673724 0.2511514
vn -0.09098004 -0.9737725 0.2085421
vn -0.1516937 -0.9756081 0.1586757
vn -0.1980244 -0.973681 0.1128354
vn -0.2178437 -0.9727794 0.07902209
vn -0.20542 -0.9765127 0.06500414
vn -0.1630222 -0.983677 0.07617944
vn -0.1007361 -0.9884954 0.1128233
vn -0.03420371 -0.9859934 0.1632396
vn 0.02343314 -0.9770241 0.2118369
vn 0.0670807 -0.9667515 0.2467626
vn 0.09682862 -0.9595385 0.2644049
vn 0.1135885 -0.9566609 0.2681374
vn 0.1170003 -0.9581718 0.2611855
vn 0.1034838 -0.9634014 0.2472831
vn 0.06925379 -0.9714444 0.2269357
vn 0.01393593 -0.9801973 0.1975326
vn -0.05531389 -0.9862353 0.1558219
vn -0.1256852 -0.9866588 0.1034789
vn -0.1867415 -0.981163 0.04946606
vn -0.2290791 -0.9733957 0.004863136
vn -0.2480894 -0.9685099 -0.02098414
vn -0.2393432 -0.9706652 -0.02288757
vn -0.2023088 -0.9793217 -0.0004418374
vn -0.1393398 -0.9892594 0.04416166
vn -0.06741209 -0.992698 0.1000315
vn -0.01157668 -0.9886838 0.1495671
vn 0.007278775 -0.9843516 0.1760651
vn -0.01677545 -0.9847322 0.1732661
vn -0.07467753 -0.9861467 0.1481146
vn -0.1494779 -0.9819421 0.1159576
vn -0.225312 -0.9703169 0.08786165
vn -0.2915759 -0.9541995 0.06698403
vn 0 1 0
vn 0 1 0
vn 0 1 0
vn 0 1 0
vn 0 1 0
vn 0 1 0
vn 0 1 0
vn 0 1 0
vn 0 1 0
vn 0 1 0
vn 0 1 0
vn 0 1 0
vn 0 1 0
vn 0 1 0
vn 0 1 0
vn 0 1 0
vn 0 1 0
vn 0 1 0
vn 0 1 0
vn 0 1 0
vn 0 1 0
vn 0 1 0
vn 0 1 0
vn 0 1 0
vn 0 1 0
vn 0 1 0
vn 0 1 0
vn 0 1 0
vn 0 1 0
vn 0 1 0
vn 0 1 0
vn 0 1 0
vn 0 1 0
vn 0 1 0
vn 0 1 0
vn 0 1 0
vn 0 1 0
vn 0 1 0
vn 0 1 0
vn 0 1 0
vn 0 1 0
vn 0 1 0
vn 0 1 0
vn 0 1 0
vn 0 1 0
vn 0 1 0
vn 0 1 0
vn 0 1 0
vn 0 1 0
f 1/1/1 2/2/2 50/50/50
f 2/2/2 51/51/51 50/50/50
f 2/2/2 3/3/3 51/51/51
f 3/3/3 52/52/52 51/51/51
f 3/3/3 4/4/4 52/52/52
f 4/4/4 53/53/53 52/52/52
f 4/4/4 5/5/5 53/53/53
f 5/5/5 54/54/54 53/53/53
f 5/5/5 6/6/6 54/54/54
f 6/6/6 55/55/55 54/54/54
f 6/6/6 7/7/7 55/55/55
f 7/7/7 56/56/56 55/55/55
f 7/7/7 8/8/8 56/56/56
f 8/8/8 57/57/57 56/56/56
f 8/8/8 9/9/9 57/57/57
f 9/9/9 58/58/58 57/57/57
f 9/9/9 10/10/10 58/58/58
f 10/10/10 59/59/59 58/58/58
f 10/10/10 11/11/11 59/59/59
f 11/11/11 60/60/60 59/59/59
f 11/11/11 12/12/12 60/60/60
f 12/12/12 61/61/61 60/60/60
f 12/12/12 13/13/13 61/61/61
f 13/13/13 62/62/62 61/61/61
f 13/13/13 14/14/14 62/62/62
f 14/14/14 63/63/63 62/62/62
f 14/14/14 15/15/15 63/63/63
f 15/15/15 64/64/64 63/63/63
f 15/15/15 16/16/16 64/64/64
f 16/16/16 65/65/65 64/64/64
f 16/16/16 17/17/17 65/65/65
f 17/17/17 66/66/66 65/65/65
f 17/17/17 18/18/18 66/66/66
f 18/18/18 67/67/67 66/66/66
f 18/18/18 19/19/19 67/67/67
f 19/19/19 68/68/68 67/67/67
f 19/19/19 20/20/20 68/68/68
f 20/20/20 69/69/69 68/68/68
f 20/20/20 21/21/21 69/69/69
f 21/21/21 70/70/70 69/69/69
f 21/21/21 22/22/22 70/70/70
f 22/22/22 71/71/71 70/70/70
f 22/22/22 23/23/23 71/71/71
f 23/23/23 72/72/72 71/71/71
f 23/23/23 24/24/24 72/72/72
f 24/24/24 73/73/73 72/72/72
f 24/24/24 25/25/25 73/73/73
f 25/25/25 74/74/74 73/73/73
f 25/25/25 26/26/26 74/74/74
f 26/26/26 75/75/75 74/74/74
f 26/26/26 27/27/27 75/75/75
f 27/27/27 76/76/76 75/75/75
f 27/27/27 28/28/28 76/76/76
f 28/28/28 77/77/77 76/76/76
f 28/28/28 29/29/29 77/77/77
f 29/29/29 78/78/78 77/77/77
f 29/29/29 30/30/30 78/78/78
f 30/30/30 79/79/79 78/78/78
f 30/30/30 31/31/31 79/79/79
f 31/31/31 80/80/80 79/79/79
f 31/31/31 32/32/32 80/80/80
f 32/32/32 81/81/81 80/80/80
f 32/32/32 33/33/33 81/81/81
f 33/33/33 82/82/82 81/81/81
f 33/33/33 34/34/34 82/82/82
f 34/34/34 83/83/83 82/82/82
f 34/34/34 35/35/35 83/83/83
f 35/35/35 84/84/84 83/83/83
f 35/35/35 36/36/36 84/84/84
f 36/36/36 85/85/85 84/84/84
f 36/36/36 37/37/37 85/85/85
f 37/37/37 86/86/86 85/85/85
f 37/37/37 38/38/38 86/86/86
f 38/38/38 87/87/87 86/86/86
f 38/38/38 39/39/39 87/87/87
f 39/39/39 88/88/88 87/87/87
f 39/39/39 40/40/40 88/88/88
f 40/40/40 89/89/89 88/88/88
f 40/40/40 41/41/41 89/89/89
f 41/41/41 90/90/90 89/89/89
f 41/41/41 42/42/42 90/90/90
f 42/42/42 91/91/91 90/90/90
f 42/42/42 43/43/43 91/91/91
f 43/43/43 92/92/92 91/91/91
f 43/43/43 44/44/44 92/92/92
f 44/44/44 93/93/93 92/92/92
f 44/44/44 45/45/45 93/93/93
f 45/45/45 94/94/94 93/93/93
f 45/45/45 46/46/46 94/94/94
f 46/46/46 95/95/95 94/94/94
f 46/46/46 47/47/47 95/95/95
f 47/47/47 96/96/96 95/95/95
f 47/47/47 48/48/48 96/96/96
f 48/48/48 97/97/97 96/96/96
f 48/48/48 49/49/49 97/97/97
f 49/49/49 98/98/98 97/97/97
f 50/50/50 51/51/51 99/99/99
f 51/51/51 100/100/100 99/99/99
f 51/51/51 52/52/52 100/100/100
f 52/52/52 101/101/101 100/100/100
f 52/52/52 53/53/53 101/101/101
f 53/53/53 102/102/102 101/101/101
f 53/53/53 54/54/54 102/102/102
f 54/54/54 103/103/103 102/102/102
f 54/54/54 55/55/55 103/103/103
f 55/55/55 104/104/104 103/103/103
f 55/55/55 56/56/56 104/104/104
f 56/56/56 105/105/105 104/104/104
f 56/56/56 57/57/57 105/105/105
f 57/57/57 106/106/106 105/105/105
f 57/57/57 58/58/58 106/106/106
f 58/58/58 107/107/107 106/106/106
f 58/58/58 59/59/59 107/107/107
f 59/59/59 108/108/108 107/107/107
f 59/59/59 60/60/60 108/108/108
f 60/60/60 109/109/109 108/108/108
f 60/60/60 61/61/61 109/109/109
f 61/61/61 110/110/110 109/109/109
f 61/61/61 62/62/62 110/110/110
f 62/62/62 111/111/111 110/110/110
f 62/62/62 63/63/63 111/111/111
f 63/63/63 112/112/112 111/111/111
f 63/63/63 64/64/64 112/112/112
f 64/64/64 113/113/113 112/112/112
f 64/64/64 65/65/65 113/113/113
f 65/65/65 114/114/114 113/113/113
f 65/65/65 66/66/66 114/114/114
f 66/66/66 115/115/115 114/114/114
f 66/66/66 67/67/67 115/115/115
f 67/67/67 116/116/116 115/115/115
f 67/67/67 68/68/68 116/116/116
f 68/68/68 117/117/117 116/116/116
f 68/68/68 69/69/69 117/117/117
f 69/69/69 118/118/118 117/117/117
f 69/69/69 70/70/70 118/118/118
f 70/70/70 119/119/119 118/118/118
f 70/70/70 71/71/71 119/119/119
f 71/71/71 120/120/120 119/119/119
f 71/71/71 72/72/72 120/120/120
f 72/72/72 121/121/121 120/120/120
f 72/72/72 73/73/73 121/121/121
f 73/73/73 122/122/122 121/121/121
f 73/73/73 74/74/74 122/122/122
f 74/74/74 123/123/123 122/122/122
f 74/74/74 75/75/75 123/123/123
f 75/75/75 124/124/124 123/123/123
f 75/75/75 76/76/76 124/124/124
f 76/76/76 125/125/125 124/124/124
f 76/76/76 77/77/77 125/125/125
f 77/77/77 126/126/126 125/125/125
f 77/77/77 78/78/78 126/126/126
f 78/78/78 127/127/127 126/126/126
f 78/78/78 79/79/79 127/127/127
f 79/79/79 128/128/128 127/127/127
f 79/79/79 80/80/80 128/128/128
f 80/80/80 129/129/129 128/128/128
f 80/80/80 81/81/81 129/129/129
f 81/81/81 130/130/130 129/129/129
f 81/81/81 82/82/82 130/130/130
f 82/82/82 131/131/131 130/130/130
f 82/82/82 83/83/83 131/131/131
f 83/83/83 132/132/132 131/131/131
f 83/83/83 84/84/84 132/132/132
f 84/84/84 133/133/133 132/132/132
f 84/84/84 85/85/85 133/133/133
f 85/85/85 134/134/134 133/133/133
f 85/85/85 86/86/86 134/134/134
f 86/86/86 135/135/135 134/134/134
f 86/86/86 87/87/87 135/135/135
f 87/87/87 136/136/136 135/135/135
f 87/87/87 88/88/88 136/136/136
f 88/88/88 137/137/137 136/136/136
f 88/88/88 89/89/89 137/137/137
f 89/89/89 138/138/138 137/137/137
f 89/89/89 90/90/90 138/138/138
f 90/90/90 139/139/139 138/138/138
f 90/90/90 91/91/91 139/139/139
f 91/91/91 140/140/140 139/139/139
f 91/91/91 92/92/92 140/140/140
f 92/92/92 141/141/141 140/140/140
f 92/92/92 93/93/93 141/141/141
f 93/93/93 142/142/142 141/141/141
f 93/93/93 94/94/94 142/142/142
f 94/94/94 143/143/143 142/142/142
f 94/94/94 95/95/95 143/143/143
f 95/95/95 144/144/144 143/143/143
f 95/95/95 96/96/96 144/144/144
f 96/96/96 145/145/145 144/144/144
f 96/96/96 97/97/97 145/145/145
f 97/97/97 146/146/146 145/145/145
f 97/97/97 98/98/98 146/146/146
f 98/98/98 147/147/147 146/146/146
f 99/99/99 100/100/100 148/148/148
f 100/100/100 149/149/149 148/148/148
f 100/100/100 101/101/101 149/149/149
f 101/101/101 150/150/150 149/149/149
f 101/101/101 102/102/102 150/150/150
f 102/102/102 151/151/151 150/150/150
f 102/102/102 103/103/103 151/151/151
f 103/103/103 152/152/152 151/151/151
f 103/103/103 104/104/104 152/152/152
f 104/104/104 153/153/153 152/152/152
f 104/104/104 105/105/105 153/153/153
f 105/105/105 154/154/154 153/153/153
f 105/105/105 106/106/106 154/154/154
f 106/106/106 155/155/155 154/154/154
f 106/106/106 107/107/107 155/155/155
f 107/107/107 156/156/156 155/155/155
f 107/107/107 108/108/108 156/156/156
f 108/108/108 157/157/157 156/156/156
f 108/108/108 109/109/109 157/157/157
f 109/109/109 158/158/158 157/157/157
f 109/109/109 110/110/110 158/158/158
f 110/110/110 159/159/159 158/158/158
f 110/110/110 111/111/111 159/159/159
f 111/111/111 160/160/160 159/159/159
f 111/111/111 112/112/112 160/160/160
f 112/112/112 161/161/161 160/160/160
f 112/112/112 113/113/113 161/161/161
f 113/113/113 162/162/162 161/161/161
f 113/113/113 114/114/114 162/162/162
f 114/114/114 163/163/163 162/162/162
f 114/114/114 115/115/115 163/163/163
f 115/115/115 164/164/164 163/163/163
f 115/115/115 116/116/116 164/164/164
f 116/116/116 165/165/165 164/164/164
f 116/116/116 117/117/117 165/165/165
f 117/117/117 166/166/166 165/165/165
f 117/117/117 118/118/118 166/166/166
f 118/118/118 167/167/167 166/166/166
f 118/118/118 119/119/119 167/167/167
f 119/119/119 168/168/168 167/167/167
f 119/119/119 120/120/120 168/168/168
f 120/120/120 169/169/169 168/168/168
f 120/120/120 121/121/121 169/169/169
f 121/121/121 170/170/170 169/169/169
f 121/121/121 122/122/122 170/170/170
f 122/122/122 171/171/171 170/170/170
f 122/122/122 123/123/123 171/171/171
f 123/123/123 172/172/172 171/171/171
f 123/123/123 124/124/124 172/172/172
f 124/124/124 173/173/173 172/172/172
f 124/124/124 125/125/125 173/173/173
f 125/125/125 174/174/174 173/173/173
f 125/125/125 126/126/126 174/174/174
f 126/126/126 175/175/175 174/174/174
f 126/126/126 127/127/127 175/175/175
f 127/127/127 176/176/176 175/175/175
f 127/127/127 128/128/128 176/176/176
f 128/128/128 177/177/177 176/176/176
f 128/128/128 129/129/129 177/177/177
f 129/129/129 178/178/178 177/177/177
f 129/129/129 130/130/130 178/178/178
f 130/130/130 179/179/179 178/178/178
f 130/130/130 131/131/131 179/179/179
f 131/131/131 180/180/180 179/179/179
f 131/131/131 132/132/132 180/180/180
f 132/132/132 181/181/181 180/180/180
f 132/132/132 133/133/133 181/181/181
f 133/133/133 182/182/182 181/181/181
f 133/133/133 134/134/134 182/182/182
f 134/134/134 183/183/183 182/182/182
f 134/134/134 135/135/135 183/183/183
f 135/135/135 184/184/184 183/183/183
f 135/135/135 136/136/136 184/184/184
f 136/136/136 185/185/185 184/184/184
f 136/136/136 137/137/137 185/185/185
f 137/137/137 186/186/186 185/185/185
f 137/137/137 138/138/138 186/186/186
f 138/138/138 187/187/187 186/186/186
f 138/138/138 139/139/139 187/187/187
f 139/139/139 188/188/188 187/187/187
f 139/139/139 140/140/140 188/188/188
f 140/140/140 189/189/189 188/188/188
f 140/140/140 141/141/141 189/189/189
f 141/141/141 190/190/190 189/189/189
f 141/141/141 142/142/142 190/190/190
f 142/142/142 191/191/191 190/190/190
f 142/142/142 143/143/143 191/191/191
f 143/143/143 192/192/192 191/191/191
f 143/143/143 144/144/144 192/192/192
f 144/144/144 193/193/193 192/192/192
f 144/144/144 145/145/145 193/193/193
f 145/145/145 194/194/194 193/193/193
f 145/145/145 146/146/146 194/194/194
f 146/146/146 195/195/195 194/194/194
f 146/146/146 147/147/147 195/195/195
f 147/147/147 196/196/196 195/195/195
f 148/148/148 149/149/149 197/197/197
f 149/149/149 198/198/198 197/197/197
f 149/149/149 150/150/150 198/198/198
f 150/150/150 199/199/199 198/198/198
f 150/150/150 151/151/151 199/199/199
f 151/151/151 200/200/200 199/199/199
f 151/151/151 152/152/152 200/200/200
f 152/152/152 201/201/201 200/200/200
f 152/152/152 153/153/153 201/201/201
f 153/153/153 202/202/202 201/201/201
f 153/153/153 154/154/154 202/202/202
f 154/154/154 203/203/203 202/202/202
f 154/154/154 155/155/155 203/203/203
f 155/155/155 204/204/204 203/203/203
f 155/155/155 156/156/156 204/204/204
f 156/156/156 205/205/205 204/204/204
f 156/156/156 157/157/157 205/205/205
f 157/157/157 206/206/206 205/205/205
f 157/157/157 158/158/158 206/206/206
f 158/158/158 207/207/207 206/206/206
f 158/158/158 159/159/159 207/207/207
f 159/159/159 208/208/208 207/207/207
f 159/159/159 160/160/160 208/208/208
f 160/160/160 209/209/209 208/208/208
f 160/160/160 161/161/161 209/209/209
f 161/161/161 210/210/210 209/209/209
f 161/161/161 162/162/162 210/210/210
f 162/162/162 211/211/211 210/210/210
f 162/162/162 163/163/163 211/211/211
f 163/163/163 212/212/212 211/211/211
f 163/163/163 164/164/164 212/212/212
f 164/164/164 213/213/213 212/212/212
f 164/164/164 165/165/165 213/213/213
f 165/165/165 214/214/214 213/213/213
f 165/165/165 166/166/166 214/214/214
f 166/166/166 215/215/215 214/214/214
f 166/166/166 167/167/167 215/215/215
f 167/167/167 216/216/216 215/215/215
f 167/167/167 168/168/168 216/216/216
f 168/168/168 217/217/217 216/216/216
f 168/168/168 169/169/169 217/217/217
f 169/169/169 218/218/218 217/217/217
f 169/169/169 170/170/170 218/218/218
f 170/170/170 219/219/219 218/218/218
f 170/170/170 171/171/171 219/219/219
f 171/171/171 220/220/220 219/219/219
f 171/171/171 172/172/172 220/220/220
f 172/172/172 221/221/221 220/220/220
f 172/172/172 173/173/173 221/221/221
f 173/173/173 222/222/222 221/221/221
f 173/173/173 174/174/174 222/222/222
f 174/174/174 223/223/223 222/222/222
f 174/174/174 175/175/175 223/223/223
f 175/175/175 224/224/224 223/223/223
f 175/175/175 176/176/176 224/224/224
f 176/176/176 225/225/225 224/224/224
f 176/176/176 177/177/177 225/225/225
f 177/177/177 226/226/226 225/225/225
f 177/177/177 178/178/178 226/226/226
f 178/178/178 227/227/227 226/226/226
f 178/178/178 179/179/179 227/227/227
f 179/179/179 228/228/228 227/227/227
f 179/179/179 180/180/180 228/228/228
f 180/180/180 229/229/229 228/228/228
f 180/180/180 181/181/181 229/229/229
f 181/181/181 230/230/230 229/229/229
f 181/181/181 182/182/182 230/230/230
f 182/182/182 231/231/231 230/230/230
f 182/182/182 183/183/183 231/231/231
f 183/183/183 232/232/232 231/231/231
f 183/183/183 184/184/184 232/232/232
f 184/184/184 233/233/233 232/232/232
f 184/184/184 185/185/185 233/233/233
f 185/185/185 234/234/234 233/233/233
f 185/185/185 186/186/186 234/234/234
f 186/186/186 235/235/235 234/234/234
f 186/186/186 187/187/187 235/235/235
f 187/187/187 236/236/236 235/235/235
f 187/187/187 188/188/188 236/236/236
f 188/188/188 237/237/237 236/236/236
f 188/188/188 189/189/189 237/237/237
f 189/189/189 238/238/238 237/237/237
f 189/189/189 190/190/190 238/238/238
f 190/190/190 239/239/239 238/238/238
f 190/190/190 191/191/191 239/239/239
f 191/191/191 240/240/240 239/239/239
f 191/191/191 192/192/192 240/240/240
f 192/192/192 241/241/241 240/240/240
f 192/192/192 193/193/193 241/241/241
f 193/193/193 242/242/242 241/241/241
f 193/193/193 194/194/194 242/242/242
f 194/194/194 243/243/243 242/242/242
f 194/194/194 195/195/195 243/243/243
f 195/195/195 244/244/244 243/243/243
f 195/195/195 196/196/196 244/244/244
f 196/196/196 245/245/245 244/244/244
f 197/197/197 198/198/198 246/246/246
f 198/198/198 247/247/247 246/246/246
f 198/198/198 199/199/199 247/247/247
f 199/199/199 248/248/248 247/247/247
f 199/199/199 200/200/200 248/248/248
f 200/200/200 249/249/249 248/248/248
f 200/200/200 201/201/201 249/249/249
f 201/201/201 250/250/250 249/249/249
f 201/201/201 202/202/202 250/250/250
f 202/202/202 251/251/251 250/250/250
f 202/202/202 203/203/203 251/251/251
f 203/203/203 252/252/252 251/251/251
f 203/203/203 204/204/204 252/252/252
f 204/204/204 253/253/253 252/252/252
f 204/204/204 205/205/205 253/253/253
f 205/205/205 254/254/254 253/253/253
f 205/205/205 206/206/206 254/254/254
f 206/206/206 255/255/255 254/254/254
f 206/206/206 207/207/207 255/255/255
f 207/207/207 256/256/256 255/255/255
f 207/207/207 208/208/208 256/256/256
f 208/208/208 257/257/257 256/256/256
f 208/208/208 209/209/209 257/257/257
f 209/209/209 258/258/258 257/257/257
f 209/209/209 210/210/210 258/258/258
f 210/210/210 259/259/259 258/258/258
f 210/210/210 211/211/211 259/259/259
f 211/211/211 260/260/260 259/259/259
f 211/211/211 212/212/212 260/260/260
f 212/212/212 261/261/261 260/260/260
f 212/212/212 213/213/213 261/261/261
f 213/213/213 262/262/262 261/261/261
f 213/213/213 214/214/214 262/262/262
f 214/214/214 263/263/263 262/262/262
f 214/214/214 215/215/215 263/263/263
f 215/215/215 264/264/264 263/263/263
f 215/215/215 216/216/216 264/264/264
f 216/216/216 265/265/265 264/264/264
f 216/216/216 217/217/217 265/265/265
f 217/217/217 266/266/266 265/265/265
f 217/217/217 218/218/218 266/266/266
f 218/218/218 267/267/267 266/266/266
f 218/218/218 219/219/219 267/267/267
f 219/219/219 268/268/268 267/267/267
f 219/219/219 220/220/220 268/268/268
f 220/220/220 269/269/269 268/268/268
f 220/220/220 221/221/221 269/269/269
f 221/221/221 270/270/270 269/269/269
f 221/221/221 222/222/222 270/270/270
f 222/222/222 271/271/271 270/270/270
f 222/222/222 223/223/223 271/271/271
f 223/223/223 272/272/272 271/271/271
f 223/223/223 224/224/224 272/272/272
f 224/224/224 273/273/273 272/272/272
f 224/224/224 225/225/225 273/273/273
f 225/225/225 274/274/274 273/273/273
f 225/225/225 226/226/226 274/274/274
f 226/226/226 275/275/275 274/274/274
f 226/226/226 227/227/227 275/275/275
f 227/227/227 276/276/276 275/275/275
f 227/227/227 228/228/228 276/276/276
f 228/228/228 277/277/277 276/276/276
f 228/228/228 229/229/229 277/277/277
f 229/229/229 278/278/278 277/277/277
f 229/229/229 230/230/230 278/278/278
f 230/230/230 279/279/279 278/278/278
f 230/230/230 231/231/231 279/279/279
f 231/231/231 280/280/280 279/279/279
f 231/231/231 232/232/232 280/280/280
f 232/232/232 281/281/281 280/280/280
f 232/232/232 233/233/233 281/281/281
f 233/233/233 282/282/282 281/281/281
f 233/233/233 234/234/234 282/282/282
f 234/234/234 283/283/283 282/282/282
f 234/234/234 235/235/235 283/283/283
f 235/235/235 284/284/284 283/283/283
f 235/235/235 236/236/236 284/284/284
f 236/236/236 285/285/285 284/284/284
f 236/236/236 237/237/237 285/285/285
f 237/237/237 286/286/286 285/285/285
f 237/237/237 238/238/238 286/286/286
f 238/238/238 287/287/287 286/286/286
f 238/238/238 239/239/239 287/287/287
f 239/239/239 288/288/288 287/287/287
f 239/239/239 240/240/240 288/288/288
f 240/240/240 289/289/289 288/288/288
f 240/240/240 241/241/241 289/289/289
f 241/241/241 290/290/290 289/289/289
f 241/241/241 242/242/242 290/290/290
f 242/242/242 291/291/291 290/290/290
f 242/242/242 243/243/243 291/291/291
f 243/243/243 292/292/292 291/291/291
f 243/243/243 244/244/244 292/292/292
f 244/244/244 293/293/293 292/292/292
f 244/244/244 245/245/245 293/293/293
f 245/245/245 294/294/294 293/293/293
f 246/246/246 247/247/247 295/295/295
f 247/247/247 296/296/296 295/295/295
f 247/247/247 248/248/248 296/296/296
f 248/248/248 297/297/297 296/296/296
f 248/248/248 249/249/249 297/297/297
f 249/249/249 298/298/298 297/297/297
f 249/249/249 250/250/250 298/298/298
f 250/250/250 299/299/299 298/298/298
f 250/250/250 251/251/251 299/299/299
f 251/251/251 300/300/300 299/299/299
f 251/251/251 252/252/252 300/300/300
f 252/252/252 301/301/301 300/300/300
f 252/252/252 253/253/253 301/301/301
f 253/253/253 302/302/302 301/301/301
f 253/253/253 254/254/254 302/302/302
f 254/254/254 303/303/303 302/302/302
f 254/254/254 255/255/255 303/303/303
f 255/255/255 304/304/304 303/303/303
f 255/255/255 256/256/256 304/304/304
f 256/256/256 305/305/305 304/304/304
f 256/256/256 257/257/257 305/305/305
f 257/257/257 306/306/306 305/305/305
f 257/257/257 258/258/258 306/306/306
f 258/258/258 307/307/307 306/306/306
f 258/258/258 259/259/259 307/307/307
f 259/259/259 308/308/308 307/307/307
f 259/259/259 260/260/260 308/308/308
f 260/260/260 309/309/309 308/308/308
f 260/260/260 261/261/261 309/309/309
f 261/261/261 310/310/310 309/309/309
f 261/261/261 262/262/262 310/310/310
f 262/262/262 311/311/311 310/310/310
f 262/262/262 263/263/263 311/311/311
f 263/263/263 312/312/312 311/311/311
f 263/263/263 264/264/264 312/312/312
f 264/264/264 313/313/313 312/312/312
f 264/264/264 265/265/265 313/313/313
f 265/265/265 314/314/314 313/313/313
f 265/265/265 266/266/266 314/314/314
f 266/266/266 315/315/315 314/314/314
f 266/266/266 267/267/267 315/315/315
f 267/267/267 316/316/316 315/315/315
f 267/267/267 268/268/268 316/316/316
f 268/268/268 317/317/317 316/316/316
f 268/268/268 269/269/269 317/317/317
f 269/269/269 318/318/318 317/317/317
f 269/269/269 270/270/270 318/318/318
f 270/270/270 319/319/319 318/318/318
f 270/270/270 271/271/271 319/319/319
f 271/271/271 320/320/320 319/319/319
f 271/271/271 272/272/272 320/320/320
f 272/272/272 321/321/321 320/320/320
f 272/272/272 273/273/273 321/321/321
f 273/273/273 322/322/322 321/321/321
f 273/273/273 274/274/274 322/322/322
f 274/274/274 323/323/323 322/322/322
f 274/274/274 275/275/275 323/323/323
f 275/275/275 324/324/324 323/323/323
f 275/275/275 276/276/276 324/324/324
f 276/276/276 325/325/325 324/324/324
f 276/276/276 277/277/277 325/325/325
f 277/277/277 326/326/326 325/325/325
f 277/277/277 278/278/278 326/326/326
f 278/278/278 327/327/327 326/326/326
f 278/278/278 279/279/279 327/327/327
f 279/279/279 328/328/328 327/327/327
f 279/279/279 280/280/280 328/328/328
f 280/280/280 329/329/329 328/328/328
f 280/280/280 281/281/281 329/329/329
f 281/281/281 330/330/330 329/329/329
f 281/281/281 282/282/282 330/330/330
f 282/282/282 331/331/331 330/330/330
f 282/282/282 283/283/283 331/331/331
f 283/283/283 332/332/332 331/331/331
f 283/283/283 284/284/284 332/332/332
f 284/284/284 333/333/333 332/332/332
f 284/284/284 285/285/285 333/333/333
f 285/285/285 334/334/334 333/333/333
f 285/285/285 286/286/286 334/334/334
f 286/286/286 335/335/335 334/334/334
f 286/286/286 287/287/287 335/335/335
f 287/287/287 336/336/336 335/335/335
f 287/287/287 288/288/288 336/336/336
f 288/288/288 337/337/337 336/336/336
f 288/288/288 289/289/289 337/337/337
f 289/289/289 338/338/338 337/337/337
f 289/289/289 290/290/290 338/338/338
f 290/290/290 339/339/339 338/338/338
f 290/290/290 291/291/291 339/339/339
f 291/291/291 340/340/340 339/339/339
f 291/291/291 292/292/292 340/340/340
f 292/292/292 341/341/341 340/340/340
f 292/292/292 293/293/293 341/341/341
f 293/293/293 342/342/342 341/341/341
f 293/293/293 294/294/294 342/342/342
f 294/294/294 343/343/343 342/342/342
f 295/295/295 296/296/296 344/344/344
f 296/296/296 345/345/345 344/344/344
f 296/296/296 297/297/297 345/345/345
f 297/297/297 346/346/346 345/345/345
f 297/297/297 298/298/298 346/346/346
f 298/298/298 347/347/347 346/346/346
f 298/298/298 299/299/299 347/347/347
f 299/299/299 348/348/348 347/347/347
f 299/299/299 300/300/300 348/348/348
f 300/300/300 349/349/349 348/348/348
f 300/300/300 301/301/301 349/349/349
f 301/301/301 350/350/350 349/349/349
f 301/301/301 302/302/302 350/350/350
f 302/302/302 351/351/351 350/350/350
f 302/302/302 303/303/303 351/351/351
f 303/303/303 352/352/352 351/351/351
f 303/303/303 304/304/304 352/352/352
f 304/304/304 353/353/353 352/352/352
f 304/304/304 305/305/305 353/353/353
f 305/305/305 354/354/354 353/353/353
f 305/305/305 306/306/306 354/354/354
f 306/306/306 355/355/355 354/354/354
f 306/306/306 307/307/307 355/355/355
f 307/307/307 356/356/356 355/355/355
f 307/307/307 308/308/308 356/356/356
f 308/308/308 357/357/357 356/356/356
f 308/308/308 309/309/309 357/357/357
f 309/309/309 358/358/358 357/357/357
f 309/309/309 310/310/310 358/358/358
f 310/310/310 359/359/359 358/358/358
f 310/310/310 311/311/311 359/359/359
f 311/311/311 360/360/360 359/359/359
f 311/311/311 312/312/312 360/360/360
f 312/312/312 361/361/361 360/360/360
f 312/312/312 313/313/313 361/361/361
f 313/313/313 362/362/362 361/361/361
f 313/313/313 314/314/314 362/362/362
f 314/314/314 363/363/363 362/362/362
f 314/314/314 315/315/315 363/363/363
f 315/315/315 364/364/364 363/363/363
f 315/315/315 316/316/316 364/364/364
f 316/316/316 365/365/365 364/364/364
f 316/316/316 317/317/317 365/365/365
f 317/317/317 366/366/366 365/365/365
f 317/317/317 318/318/318 366/366/366
f 318/318/318 367/367/367 366/366/366
f 318/318/318 319/319/319 367/367/367
f 319/319/319 368/368/368 367/367/367
f 319/319/319 320/320/320 368/368/368
f 320/320/320 369/369/369 368/368/368
f 320/320/320 321/321/321 369/369/369
f 321/321/321 370/370/370 369/369/369
f 321/321/321 322/322/322 370/370/370
f 322/322/322 371/371/371 370/370/370
f 322/322/322 323/323/323 371/371/371
f 323/323/323 372/372/372 371/371/371
f 323/323/323 324/324/324 372/372/372
f 324/324/324 373/373/373 372/372/372
f 324/324/324 325/325/325 373/373/373
f 325/325/325 374/374/374 373/373/373
f 325/325/325 326/326/326 374/374/374
f 326/326/326 375/375/375 374/374/374
f 326/326/326 327/327/327 375/375/375
f 327/327/327 376/376/376 375/375/375
f 327/327/327 328/328/328 376/376/376
f 328/328/328 377/377/377 376/376/376
f 328/328/328 329/329/329 377/377/377
f 329/329/329 378/378/378 377/377/377
f 329/329/329 330/330/330 378/378/378
f 330/330/330 379/379/379 378/378/378
f 330/330/330 331/331/331 379/379/379
f 331/331/331 380/380/380 379/379/379
f 331/331/331 332/332/332 380/380/380
f 332/332/332 381/381/381 380/380/380
f 332/332/332 333/333/333 381/381/381
f 333/333/333 382/382/382 381/381/381
f 333/333/333 334/334/334 382/382/382
f 334/334/334 383/383/383 382/382/382
f 334/334/334 335/335/335 383/383/383
f 335/335/335 384/384/384 383/383/383
f 335/335/335 336/336/336 384/384/384
f 336/336/336 385/385/385 384/384/384
f 336/336/336 337/337/337 385/385/385
f 337/337/337 386/386/386 385/385/385
f 337/337/337 338/338/338 386/386/386
f 338/338/338 387/387/387 386/386/386
f 338/338/338 339/339/339 387/387/387
f 339/339/339 388/388/388 387/387/387
f 339/339/339 340/340/340 388/388/388
f 340/340/340 389/389/389 388/388/388
f 340/340/340 341/341/341 389/389/389
f 341/341/341 390/390/390 389/389/389
f 341/341/341 342/342/342 390/390/390
f 342/342/342 391/391/391 390/390/390
f 342/342/342 343/343/343 391/391/391
f 343/343/343 392/392/392 391/391/391
f 344/344/344 345/345/345 393/393/393
f 345/345/345 394/394/394 393/393/393
f 345/345/345 346/346/346 394/394/394
f 346/346/346 395/395/395 394/394/394
f 346/346/346 347/347/347 395/395/395
f 347/347/347 396/396/396 395/395/395
f 347/347/347 348/348/348 396/396/396
f 348/348/348 397/397/397 396/396/396
f 348/348/348 349/349/349 397/397/397
f 349/349/349 398/398/398 397/397/397
f 349/349/349 350/350/350 398/398/398
f 350/350/350 399/399/399 398/398/398
f 350/350/350 351/351/351 399/399/399
f 351/351/351 400/400/400 399/399/399
f 351/351/351 352/352/352 400/400/400
f 352/352/352 401/401/401 400/400/400
f 352/352/352 353/353/353 401/401/401
f 353/353/353 402/402/402 401/401/401
f 353/353/353 354/354/354 402/402/402
f 354/354/354 403/403/403 402/402/402
f 354/354/354 355/355/355 403/403/403
f 355/355/355 404/404/404 403/403/403
f 355/355/355 356/356/356 404/404/404
f 356/356/356 405/405/405 404/404/404
f 356/356/356 357/357/357 405/405/405
f 357/357/357 406/406/406 405/405/405
f 357/357/357 358/358/358 406/406/406
f 358/358/358 407/407/407 406/406/406
f 358/358/358 359/359/359 407/407/407
f 359/359/359 408/408/408 407/407/407
f 359/359/359 360/360/360 408/408/408
f 360/360/360 409/409/409 408/408/408
f 360/360/360 361/361/361 409/409/409
f 361/361/361 410/410/410 409/409/409
f 361/361/361 362/362/362 410/410/410
f 362/362/362 411/411/411 410/410/410
f 362/362/362 363/363/363 411/411/411
f 363/363/363 412/412/412 411/411/411
f 363/363/363 364/364/364 412/412/412
f 364/364/364 413/413/413 412/412/412
f 364/364/364 365/365/365 413/413/413
f 365/365/365 414/414/414 413/413/413
f 365/365/365 366/366/366 414/414/414
f 366/366/366 415/415/415 414/414/414
f 366/366/366 367/367/367 415/415/415
f 367/367/367 416/416/416 415/415/415
f 367/367/367 368/368/368 416/416/416
f 368/368/368 417/417/417 416/416/416
f 368/368/368 369/369/369 417/417/417
f 369/369/369 418/418/418 417/417/417
f 369/369/369 370/370/370 418/418/418
f 370/370/370 419/419/419 418/418/418
f 370/370/370 371/371/371 419/419/419
f 371/371/371 420/420/420 419/419/419
f 371/371/371 372/372/372 420/420/420
f 372/372/372 421/421/421 420/420/420
f 372/372/372 373/373/373 421/421/421
f 373/373/373 422/422/422 421/421/421
f 373/373/373 374/374/374 422/422/422
f 374/374/374 423/423/423 422/422/422
f 374/374/374 375/375/375 423/423/423
f 375/375/375 424/424/424 423/423/423
f 375/375/375 376/376/376 424/424/424
f 376/376/376 425/425/425 424/424/424
f 376/376/376 377/377/377 425/425/425
f 377/377/377 426/426/426 425/425/425
f 377/377/377 378/378/378 426/426/426
f 378/378/378 427/427/427 426/426/426
f 378/378/378 379/379/379 427/427/427
f 379/379/379 428/428/428 427/427/427
f 379/379/379 380/380/380 428/428/428
f 380/380/380 429/429/429 428/428/428
f 380/380/380 381/381/381 429/429/429
f 381/381/381 430/430/430 429/429/429
f 381/381/381 382/382/382 430/430/430
f 382/382/382 431/431/431 430/430/430
f 382/382/382 383/383/383 431/431/431
f 383/383/383 432/432/432 431/431/431
f 383/383/383 384/384/384 432/432/432
f 384/384/384 433/433/433 432/432/432
f 384/384/384 385/385/385 433/433/433
f 385/385/385 434/434/434 433/433/433
f 385/385/385 386/386/386 434/434/434
f 386/386/386 435/435/435 434/434/434
f 386/386/386 387/387/387 435/435/435
f 387/387/387 436/436/436 435/435/435
f 387/387/387 388/388/388 436/436/436
f 388/388/388 437/437/437 436/436/436
f 388/388/388 389/389/389 437/437/437
f 389/389/389 438/438/438 437/437/437
f 389/389/389 390/390/390 438/438/438
f 390/390/390 439/439/439 438/438/438
f 390/390/390 391/391/391 439/439/439
f 391/391/391 440/440/440 439/439/439
f 391/391/391 392/392/392 440/440/440
f 392/392/392 441/441/441 440/440/440
f 393/393/393 394/394/394 442/442/442
f 394/394/394 443/443/443 442/442/442
f 394/394/394 395/395/395 443/443/443
f 395/395/395 444/444/444 443/443/443
f 395/395/395 396/396/396 444/444/444
f 396/396/396 445/445/445 444/444/444
f 396/396/396 397/397/397 445/445/445
f 397/397/397 446/446/446 445/445/445
f 397/397/397 398/398/398 446/446/446
f 398/398/398 447/447/447 446/446/446
f 398/398/398 399/399/399 447/447/447
f 399/399/399 448/448/448 447/447/447
f 399/399/399 400/400/400 448/448/448
f 400/400/400 449/449/449 448/448/448
f 400/400/400 401/401/401 449/449/449
f 401/401/401 450/450/450 449/449/449
f 401/401/401 402/402/402 450/450/450
f 402/402/402 451/451/451 450/450/450
f 402/402/402 403/403/403 451/451/451
f 403/403/403 452/452/452 451/451/451
f 403/403/403 404/404/404 452/452/452
f 404/404/404 453/453/453 452/452/452
f 404/404/404 405/405/405 453/453/453
f 405/405/405 454/454/454 453/453/453
f 405/405/405 406/406/406 454/454/454
f 406/406/406 455/455/455 454/454/454
f 406/406/406 407/407/407 455/455/455
f 407/407/407 456/456/456 455/455/455
f 407/407/407 408/408/408 456/456/456
f 408/408/408 457/457/457 456/456/456
f 408/408/408 409/409/409 457/457/457
f 409/409/409 458/458/458 457/457/457
f 409/409/409 410/410/410 458/458/458
f 410/410/410 459/459/459 458/458/458
f 410/410/410 411/411/411 459/459/459
f 411/411/411 460/460/460 459/459/459
f 411/411/411 412/412/412 460/460/460
f 412/412/412 461/461/461 460/460/460
f 412/412/412 413/413/413 461/461/461
f 413/413/413 462/462/462 461/461/461
f 413/413/413 414/414/414 462/462/462
f 414/414/414 463/463/463 462/462/462
f 414/414/414 415/415/415 463/463/463
f 415/415/415 464/464/464 463/463/463
f 415/415/415 416/416/416 464/464/464
f 416/416/416 465/465/465 464/464/464
f 416/416/416 417/417/417 465/465/465
f 417/417/417 466/466/466 465/465/465
f 417/417/417 418/418/418 466/466/466
f 418/418/418 467/467/467 466/466/466
f 418/418/418 419/419/419 467/467/467
f 419/419/419 468/468/468 467/467/467
f 419/419/419 420/420/420 468/468/468
f 420/420/420 469/469/469 468/468/468
f 420/420/420 421/421/421 469/469/469
f 421/421/421 470/470/470 469/469/469
f 421/421/421 422/422/422 470/470/470
f 422/422/422 471/471/471 470/470/470
f 422/422/422 423/423/423 471/471/471
f 423/423/423 472/472/472 471/471/471
f 423/423/423 424/424/424 472/472/472
f 424/424/424 473/473/473 472/472/472
f 424/424/424 425/425/425 473/473/473
f 425/425/425 474/474/474 473/473/473
f 425/425/425 426/426/426 474/474/474
f 426/426/426 475/475/475 474/474/474
f 426/426/426 427/427/427 475/475/475
f 427/427/427 476/476/476 475/475/475
f 427/427/427 428/428/428 476/476/476
f 428/428/428 477/477/477 476/476/476
f 428/428/428 429/429/429 477/477/477
f 429/429/429 478/478/478 477/477/477
f 429/429/429 430/430/430 478/478/478
f 430/430/430 479/479/479 478/478/478
f 430/430/430 431/431/431 479/479/479
f 431/431/431 480/480/480 479/479/479
f 431/431/431 432/432/432 480/480/480
f 432/432/432 481/481/481 480/480/480
f 432/432/432 433/433/433 481/481/481
f 433/433/433 482/482/482 481/481/481
f 433/433/433 434/434/434 482/482/482
f 434/434/434 483/483/483 482/482/482
f 434/434/434 435/435/435 483/483/483
f 435/435/435 484/484/484 483/483/483
f 435/435/435 436/436/436 484/484/484
f 436/436/436 485/485/485 484/484/484
f 436/436/436 437/437/437 485/485/485
f 437/437/437 486/486/486 485/485/485
f 437/437/437 438/438/438 486/486/486
f 438/438/438 487/487/487 486/486/486
f 438/438/438 439/439/439 487/487/487
f 439/439/439 488/488/488 487/487/487
f 439/439/439 440/440/440 488/488/488
f 440/440/440 489/489/489 488/488/488
f 440/440/440 441/441/441 489/489/489
f 441/441/441 490/490/490 489/489/489
f 442/442/442 443/443/443 491/491/491
f 443/443/443 492/492/492 491/491/491
f 443/443/443 444/444/444 492/492/492
f 444/444/444 493/493/493 492/492/492
f 444/444/444 445/445/445 493/493/493
f 445/445/445 494/494/494 493/493/493
f 445/445/445 446/446/446 494/494/494
f 446/446/446 495/495/495 494/494/494
f 446/446/446 447/447/447 495/495/495
f 447/447/447 496/496/496 495/495/495
f 447/447/447 448/448/448 496/496/496
f 448/448/448 497/497/497 496/496/496
f 448/448/448 449/449/449 497/497/497
f 449/449/449 498/498/498 497/497/497
f 449/449/449 450/450/450 498/498/498
f 450/450/450 499/499/499 498/498/498
f 450/450/450 451/451/451 499/499/499
f 451/451/451 500/500/500 499/499/499
f 451/451/451 452/452/452 500/500/500
f 452/452/452 501/501/501 500/500/500
f 452/452/452 453/453/453 501/501/501
f 453/453/453 502/502/502 501/501/501
f 453/453/453 454/454/454 502/502/502
f 454/454/454 503/503/503 502/502/502
f 454/454/454 455/455/455 503/503/503
f 455/455/455 504/504/504 503/503/503
f 455/455/455 456/456/456 504/504/504
f 456/456/456 505/505/505 504/504/504
f 456/456/456 457/457/457 505/505/505
f 457/457/457 506/506/506 505/505/505
f 457/457/457 458/458/458 506/506/506
f 458/458/458 507/507/507 506/506/506
f 458/458/458 459/459/459 507/507/507
f 459/459/459 508/508/508 507/507/507
f 459/459/459 460/460/460 508/508/508
f 460/460/460 509/509/509 508/508/508
f 460/460/460 461/461/461 509/509/509
f 461/461/461 510/510/510 509/509/509
f 461/461/461 462/462/462 510/510/510
f 462/462/462 511/511/511 510/510/510
f 462/462/462 463/463/463 511/511/511
f 463/463/463 512/512/512 511/511/511
f 463/463/463 464/464/464 512/512/512
f 464/464/464 513/513/513 512/512/512
f 464/464/464 465/465/465 513/513/513
f 465/465/465 514/514/514 513/513/513
f 465/465/465 466/466/466 514/514/514
f 466/466/466 515/515/515 514/514/514
f 466/466/466 467/467/467 515/515/515
f 467/467/467 516/516/516 515/515/515
f 467/467/467 468/468/468 516/516/516
f 468/468/468 517/517/517 516/516/516
f 468/468/468 469/469/469 517/517/517
f 469/469/469 518/518/518 517/517/517
f 469/469/469 470/470/470 518/518/518
f 470/470/470 519/519/519 518/518/518
f 470/470/470 471/471/471 519/519/519
f 471/471/471 520/520/520 519/519/519
f 471/471/471 472/472/472 520/520/520
f 472/472/472 521/521/521 520/520/520
f 472/472/472 473/473/473 521/521/521
f 473/473/473 522/522/522 521/521/521
f 473/473/473 474/474/474 522/522/522
f 474/474/474 523/523/523 522/522/522
f 474/474/474 475/475/475 523/523/523
f 475/475/475 524/524/524 523/523/523
f 475/475/475 476/476/476 524/524/524
f 476/476/476 525/525/525 524/524/524
f 476/476/476 477/477/477 525/525/525
f 477/477/477 526/526/526 525/525/525
f 477/477/477 478/478/478 526/526/526
f 478/478/478 527/527/527 526/526/526
f 478/478/478 479/479/479 527/527/527
f 479/479/479 528/528/528 527/527/527
f 479/479/479 480/480/480 528/528/528
f 480/480/480 529/529/529 528/528/528
f 480/480/480 481/481/481 529/529/529
f 481/481/481 530/530/530 529/529/529
f 481/481/481 482/482/482 530/530/530
f 482/482/482 531/531/531 530/530/530
f 482/482/482 483/483/483 531/531/531
f 483/483/483 532/532/532 531/531/531
f 483/483/483 484/484/484 532/532/532
f 484/484/484 533/533/533 532/532/532
f 484/484/484 485/485/485 533/533/533
f 485/485/485 534/534/534 533/533/533
f 485/485/485 486/486/486 534/534/534
f 486/486/486 535/535/535 534/534/534
f 486/486/486 487/487/487 535/535/535
f 487/487/487 536/536/536 535/535/535
f 487/487/487 488/488/488 536/536/536
f 488/488/488 537/537/537 536/536/536
f 488/488/488 489/489/489 537/537/537
f 489/489/489 538/538/538 537/537/537
f 489/489/489 490/490/490 538/538/538
f 490/490/490 539/539/539 538/538/538
f 491/491/491 492/492/492 540/540/540
f 492/492/492 541/541/541 540/540/540
f 492/492/492 493/493/493 541/541/541
f 493/493/493 542/542/542 541/541/541
f 493/493/493 494/494/494 542/542/542
f 494/494/494 543/543/543 542/542/542
f 494/494/494 495/495/495 543/543/543
f 495/495/495 544/544/544 543/543/543
f 495/495/495 496/496/496 544/544/544
f 496/496/496 545/545/545 544/544/544
f 496/496/496 497/497/497 545/545/545
f 497/497/497 546/546/546 545/545/545
f 497/497/497 498/498/498 546/546/546
f 498/498/498 547/547/547 546/546/546
f 498/498/498 499/499/499 547/547/547
f 499/499/499 548/548/548 547/547/547
f 499/499/499 500/500/500 548/548/548
f 500/500/500 549/549/549 548/548/548
f 500/500/500 501/501/501 549/549/549
f 501/501/501 550/550/550 549/549/549
f 501/501/501 502/502/502 550/550/550
f 502/502/502 551/551/551 550/550/550
f 502/502/502 503/503/503 551/551/551
f 503/503/503 552/552/552 551/551/551
f 503/503/503 504/504/504 552/552/552
f 504/504/504 553/553/553 552/552/552
f 504/504/504 505/505/505 553/553/553
f 505/505/505 554/554/554 553/553/553
f 505/505/505 506/506/506 554/554/554
f 506/506/506 555/555/555 554/554/554
f 506/506/506 507/507/507 555/555/555
f 507/507/507 556/556/556 555/555/555
f 507/507/507 508/508/508 556/556/556
f 508/508/508 557/557/557 556/556/556
f 508/508/508 509/509/509 557/557/557
f 509/509/509 558/558/558 557/557/557
f 509/509/509 510/510/510 558/558/558
f 510/510/510 559/559/559 558/558/558
f 510/510/510 511/511/511 559/559/559
f 511/511/511 560/560/560 559/559/559
f 511/511/511 512/512/512 560/560/560
f 512/512/512 561/561/561 560/560/560
f 512/512/512 513/513/513 561/561/561
f 513/513/513 562/562/562 561/561/561
f 513/513/513 514/514/514 562/562/562
f 514/514/514 563/563/563 562/562/562
f 514/514/514 515/515/515 563/563/563
f 515/515/515 564/564/564 563/563/563
f 515/515/515 516/516/516 564/564/564
f 516/516/516 565/565/565 564/564/564
f 516/516/516 517/517/517 565/565/565
f 517/517/517 566/566/566 565/565/565
f 517/517/517 518/518/518 566/566/566
f 518/518/518 567/567/567 566/566/566
f 518/518/518 519/519/519 567/567/567
f 519/519/519 568/568/568 567/567/567
f 519/519/519 520/520/520 568/568/568
f 520/520/520 569/569/569 568/568/568
f 520/520/520 521/521/521 569/569/569
f 521/521/521 570/570/570 569/569/569
f 521/521/521 522/522/522 570/570/570
f 522/522/522 571/571/571 570/570/570
f 522/522/522 523/523/523 571/571/571
f 523/523/523 572/572/572 571/571/571
f 523/523/523 524/524/524 572/572/572
f 524/524/524 573/573/573 572/572/572
f 524/524/524 525/525/525 573/573/573
f 525/525/525 574/574/574 573/573/573
f 525/525/525 526/526/526 574/574/574
f 526/526/526 575/575/575 574/574/574
f 526/526/526 527/527/527 575/575/575
f 527/527/527 576/576/576 575/575/575
f 527/527/527 528/528/528 576/576/576
f 528/528/528 577/577/577 576/576/576
f 528/528/528 529/529/529 577/577/577
f 529/529/529 578/578/578 577/577/577
f 529/529/529 530/530/530 578/578/578
f 530/530/530 579/579/579 578/578/578
f 530/530/530 531/531/531 579/579/579
f 531/531/531 580/580/580 579/579/579
f 531/531/531 532/532/532 580/580/580
f 532/532/532 581/581/581 580/580/580
f 532/532/532 533/533/533 581/581/581
f 533/533/533 582/582/582 581/581/581
f 533/533/533 534/534/534 582/582/582
f 534/534/534 583/583/583 582/582/582
f 534/534/534 535/535/535 583/583/583
f 535/535/535 584/584/584 583/583/583
f 535/535/535 536/536/536 584/584/584
f 536/536/536 585/585/585 584/584/584
f 536/536/536 537/537/537 585/585/585
f 537/537/537 586/586/586 585/585/585
f 537/537/537 538/538/538 586/586/586
f 538/538/538 587/587/587 586/586/586
f 538/538/538 539/539/539 587/587/587
f 539/539/539 588/588/588 587/587/587
f 540/540/540 541/541/541 589/589/589
f 541/541/541 590/590/590 589/589/589
f 541/541/541 542/542/542 590/590/590
f 542/542/542 591/591/591 590/590/590
f 542/542/542 543/543/543 591/591/591
f 543/543/543 592/592/592 591/591/591
f 543/543/543 544/544/544 592/592/592
f 544/544/544 593/593/593 592/592/592
f 544/544/544 545/545/545 593/593/593
f 545/545/545 594/594/594 593/593/593
f 545/545/545 546/546/546 594/594/594
f 546/546/546 595/595/595 594/594/594
f 546/546/546 547/547/547 595/595/595
f 547/547/547 596/596/596 595/595/595
f 547/547/547 548/548/548 596/596/596
f 548/548/548 597/597/597 596/596/596
f 548/548/548 549/549/549 597/597/597
f 549/549/549 598/598/598 597/597/597
f 549/549/549 550/550/550 598/598/598
f 550/550/550 599/599/599 598/598/598
f 550/550/550 551/551/551 599/599/599
f 551/551/551 600/600/600 599/599/599
f 551/551/551 552/552/552 600/600/600
f 552/552/552 601/601/601 600/600/600
f 552/552/552 553/553/553 601/601/601
f 553/553/553 602/602/602 601/601/601
f 553/553/553 554/554/554 602/602/602
f 554/554/554 603/603/603 602/602/602
f 554/554/554 555/555/555 603/603/603
f 555/555/555 604/604/604 603/603/603
f 555/555/555 556/556/556 604/604/604
f 556/556/556 605/605/605 604/604/604
f 556/556/556 557/557/557 605/605/605
f 557/557/557 606/606/606 605/605/605
f 557/557/557 558/558/558 606/606/606
f 558/558/558 607/607/607 606/606/606
f 558/558/558 559/559/559 607/607/607
f 559/559/559 608/608/608 607/607/607
f 559/559/559 560/560/560 608/608/608
f 560/560/560 609/609/609 608/608/608
f 560/560/560 561/561/561 609/609/609
f 561/561/561 610/610/610 609/609/609
f 561/561/561 562/562/562 610/610/610
f 562/562/562 611/611/611 610/610/610
f 562/562/562 563/563/563 611/611/611
f 563/563/563 612/612/612 611/611/611
f 563/563/563 564/564/564 612/612/612
f 564/564/564 613/613/613 612/612/612
f 564/564/564 565/565/565 613/613/613
f 565/565/565 614/614/614 613/613/613
f 565/565/565 566/566/566 614/614/614
f 566/566/566 615/615/615 614/614/614
f 566/566/566 567/567/567 615/615/615
f 567/567/567 616/616/616 615/615/615
f 567/567/567 568/568/568 616/616/616
f 568/568/568 617/617/617 616/616/616
f 568/568/568 569/569/569 617/617/617
f 569/569/569 618/618/618 617/617/617
f 569/569/569 570/570/570 618/618/618
f 570/570/570 619/619/619 618/618/618
f 570/570/570 571/571/571 619/619/619
f 571/571/571 620/620/620 619/619/619
f 571/571/571 572/572/572 620/620/620
f 572/572/572 621/621/621 620/620/620
f 572/572/572 573/573/573 621/621/621
f 573/573/573 622/622/622 621/621/621
f 573/573/573 574/574/574 622/622/622
f 574/574/574 623/623/623 622/622/622
f 574/574/574 575/575/575 623/623/623
f 575/575/575 624/624/624 623/623/623
f 575/575/575 576/576/576 624/624/624
f 576/576/576 625/625/625 624/624/624
f 576/576/576 577/577/577 625/625/625
f 577/577/577 626/626/626 625/625/625
f 577/577/577 578/578/578 626/626/626
f 578/578/578 627/627/627 626/626/626
f 578/578/578 579/579/579 627/627/627
f 579/579/579 628/628/628 627/627/627
f 579/579/579 580/580/580 628/628/628
f 580/580/580 629/629/629 628/628/628
f 580/580/580 581/581/581 629/629/629
f 581/581/581 630/630/630 629/629/629
f 581/581/581 582/582/582 630/630/630
f 582/582/582 631/631/631 630/630/630
f 582/582/582 583/583/583 631/631/631
f 583/583/583 632/632/632 631/631/631
f 583/583/583 584/584/584 632/632/632
f 584/584/584 633/633/633 632/632/632
f 584/584/584 585/585/585 633/633/633
f 585/585/585 634/634/634 633/633/633
f 585/585/585 586/586/586 634/634/634
f 586/586/586 635/635/635 634/634/634
f 586/586/586 587/587/587 635/635/635
f 587/587/587 636/636/636 635/635/635
f 587/587/587 588/588/588 636/636/636
f 588/588/588 637/637/637 636/636/636
f 589/589/589 590/590/590 638/638/638
f 590/590/590 639/639/639 638/638/638
f 590/590/590 591/591/591 639/639/639
f 591/591/591 640/640/640 639/639/639
f 591/591/591 592/592/592 640/640/640
f 592/592/592 641/641/641 640/640/640
f 592/592/592 593/593/593 641/641/641
f 593/593/593 642/642/642 641/641/641
f 593/593/593 594/594/594 642/642/642
f 594/594/594 643/643/643 642/642/642
f 594/594/594 595/595/595 643/643/643
f 595/595/595 644/644/644 643/643/643
f 595/595/595 596/596/596 644/644/644
f 596/596/596 645/645/645 644/644/644
f 596/596/596 597/597/597 645/645/645
f 597/597/597 646/646/646 645/645/645
f 597/597/597 598/598/598 646/646/646
f 598/598/598 647/647/647 646/646/646
f 598/598/598 599/599/599 647/647/647
f 599/599/599 648/648/648 647/647/647
f 599/599/599 600/600/600 648/648/648
f 600/600/600 649/649/649 648/648/648
f 600/600/600 601/601/601 649/649/649
f 601/601/601 650/650/650 649/649/649
f 601/601/601 602/602/602 650/650/650
f 602/602/602 651/651/651 650/650/650
f 602/602/602 603/603/603 651/651/651
f 603/603/603 652/652/652 651/651/651
f 603/603/603 604/604/604 652/652/652
f 604/604/604 653/653/653 652/652/652
f 604/604/604 605/605/605 653/653/653
f 605/605/605 654/654/654 653/653/653
f 605/605/605 606/606/606 654/654/654
f 606/606/606 655/655/655 654/654/654
f 606/606/606 607/607/607 655/655/655
f 607/607/607 656/656/656 655/655/655
f 607/607/607 608/608/608 656/656/656
f 608/608/608 657/657/657 656/656/656
f 608/608/608 609/609/609 657/657/657
f 609/609/609 658/658/658 657/657/657
f 609/609/609 610/610/610 658/658/658
f 610/610/610 659/659/659 658/658/658
f 610/610/610 611/611/611 659/659/659
f 611/611/611 660/660/660 659/659/659
f 611/611/611 612/612/612 660/660/660
f 612/612/612 661/661/661 660/660/660
f 612/612/612 613/613/613 661/661/661
f 613/613/613 662/662/662 661/661/661
f 613/613/613 614/614/614 662/662/662
f 614/614/614 663/663/663 662/662/662
f 614/614/614 615/615/615 663/663/663
f 615/615/615 664/664/664 663/663/663
f 615/615/615 616/616/616 664/664/664
f 616/616/616 665/665/665 664/664/664
f 616/616/616 617/617/617 665/665/665
f 617/617/617 666/666/666 665/665/665
f 617/617/617 618/618/618 666/666/666
f 618/618/618 667/667/667 666/666/666
f 618/618/618 619/619/619 667/667/667
f 619/619/619 668/668/668 667/667/667
f 619/619/619 620/620/620 668/668/668
f 620/620/620 669/669/669 668/668/668
f 620/620/620 621/621/621 669/669/669
f 621/621/621 670/670/670 669/669/669
f 621/621/621 622/622/622 670/670/670
f 622/622/622 671/671/671 670/670/670
f 622/622/622 623/623/623 671/671/671
f 623/623/623 672/672/672 671/671/671
f 623/623/623 624/624/624 672/672/672
f 624/624/624 673/673/673 672/672/672
f 624/624/624 625/625/625 673/673/673
f 625/625/625 674/674/674 673/673/673
f 625/625/625 626/626/626 674/674/674
f 626/626/626 675/675/675 674/674/674
f 626/626/626 627/627/627 675/675/675
f 627/627/627 676/676/676 675/675/675
f 627/627/627 628/628/628 676/676/676
f 628/628/628 677/677/677 676/676/676
f 628/628/628 629/629/629 677/677/677
f 629/629/629 678/678/678 677/677/677
f 629/629/629 630/630/630 678/678/678
f 630/630/630 679/679/679 678/678/678
f 630/630/630 631/631/631 679/679/679
f 631/631/631 680/680/680 679/679/679
f 631/631/631 632/632/632 680/680/680
f 632/632/632 681/681/681 680/680/680
f 632/632/632 633/633/633 681/681/681
f 633/633/633 682/682/682 681/681/681
f 633/633/633 634/634/634 682/682/682
f 634/634/634 683/683/683 682/682/682
f 634/634/634 635/635/635 683/683/683
f 635/635/635 684/684/684 683/683/683
f 635/635/635 636/636/636 684/684/684
f 636/636/636 685/685/685 684/684/684
f 636/636/636 637/637/637 685/685/685
f 637/637/637 686/686/686 685/685/685
f 638/638/638 639/639/639 687/687/687
f 639/639/639 688/688/688 687/687/687
f 639/639/639 640/640/640 688/688/688
f 640/640/640 689/689/689 688/688/688
f 640/640/640 641/641/641 689/689/689
f 641/641/641 690/690/690 689/689/689
f 641/641/641 642/642/642 690/690/690
f 642/642/642 691/691/691 690/690/690
f 642/642/642 643/643/643 691/691/691
f 643/643/643 692/692/692 691/691/691
f 643/643/643 644/644/644 692/692/692
f 644/644/644 693/693/693 692/692/692
f 644/644/644 645/645/645 693/693/693
f 645/645/645 694/694/694 693/693/693
f 645/645/645 646/646/646 694/694/694
f 646/646/646 695/695/695 694/694/694
f 646/646/646 647/647/647 695/695/695
f 647/647/647 696/696/696 695/695/695
f 647/647/647 648/648/648 696/696/696
f 648/648/648 697/697/697 696/696/696
f 648/648/648 649/649/649 697/697/697
f 649/649/649 698/698/698 697/697/697
f 649/649/649 650/650/650 698/698/698
f 650/650/650 699/699/699 698/698/698
f 650/650/650 651/651/651 699/699/699
f 651/651/651 700/700/700 699/699/699
f 651/651/651 652/652/652 700/700/700
f 652/652/652 701/701/701 700/700/700
f 652/652/652 653/653/653 701/701/701
f 653/653/653 702/702/702 701/701/701
f 653/653/653 654/654/654 702/702/702
f 654/654/654 703/703/703 702/702/702
f 654/654/654 655/655/655 703/703/703
f 655/655/655 704/704/704 703/703/703
f 655/655/655 656/656/656 704/704/704
f 656/656/656 705/705/705 704/704/704
f 656/656/656 657/657/657 705/705/705
f 657/657/657 706/706/706 705/705/705
f 657/657/657 658/658/658 706/706/706
f 658/658/658 707/707/707 706/706/706
f 658/658/658 659/659/659 707/707/707
f 659/659/659 708/708/708 707/707/707
f 659/659/659 660/660/660 708/708/708
f 660/660/660 709/709/709 708/708/708
f 660/660/660 661/661/661 709/709/709
f 661/661/661 710/710/710 709/709/709
f 661/661/661 662/662/662 710/710/710
f 662/662/662 711/711/711 710/710/710
f 662/662/662 663/663/663 711/711/711
f 663/663/663 712/712/712 711/711/711
f 663/663/663 664/664/664 712/712/712
f 664/664/664 713/713/713 712/712/712
f 664/664/664 665/665/665 713/713/713
f 665/665/665 714/714/714 713/713/713
f 665/665/665 666/666/666 714/714/714
f 666/666/666 715/715/715 714/714/714
f 666/666/666 667/667/667 715/715/715
f 667/667/667 716/716/716 715/715/715
f 667/667/667 668/668/668 716/716/716
f 668/668/668 717/717/717 716/716/716
f 668/668/668 669/669/669 717/717/717
f 669/669/669 718/718/718 717/717/717
f 669/669/669 670/670/670 718/718/718
f 670/670/670 719/719/719 718/718/718
f 670/670/670 671/671/671 719/719/719
f 671/671/671 720/720/720 719/719/719
f 671/671/671 672/672/672 720/720/720
f 672/672/672 721/721/721 720/720/720
f 672/672/672 673/673/673 721/721/721
f 673/673/673 722/722/722 721/721/721
f 673/673/673 674/674/674 722/722/722
f 674/674/674 723/723/723 722/722/722
f 674/674/674 675/675/675 723/723/723
f 675/675/675 724/724/724 723/723/723
f 675/675/675 676/676/676 724/724/724
f 676/676/676 725/725/725 724/724/724
f 676/676/676 677/677/677 725/725/725
f 677/677/677 726/726/726 725/725/725
f 677/677/677 678/678/678 726/726/726
f 678/678/678 727/727/727 726/726/726
f 678/678/678 679/679/679 727/727/727
f 679/679/679 728/728/728 727/727/727
f 679/679/679 680/680/680 728/728/728
f 680/680/680 729/729/729 728/728/728
f 680/680/680 681/681/681 729/729/729
f 681/681/681 730/730/730 729/729/729
f 681/681/681 682/682/682 730/730/730
f 682/682/682 731/731/731 730/730/730
f 682/682/682 683/683/683 731/731/731
f 683/683/683 732/732/732 731/731/731
f 683/683/683 684/684/684 732/732/732
f 684/684/684 733/733/733 732/732/732
f 684/684/684 685/685/685 733/733/733
f 685/685/685 734/734/734 733/733/733
f 685/685/685 686/686/686 734/734/734
f 686/686/686 735/735/735 734/734/734
f 687/687/687 688/688/688 736/736/736
f 688/688/688 737/737/737 736/736/736
f 688/688/688 689/689/689 737/737/737
f 689/689/689 738/738/738 737/737/737
f 689/689/689 690/690/690 738/738/738
f 690/690/690 739/739/739 738/738/738
f 690/690/690 691/691/691 739/739/739
f 691/691/691 740/740/740 739/739/739
f 691/691/691 692/692/692 740/740/740
f 692/692/692 741/741/741 740/740/740
f 692/692/692 693/693/693 741/741/741
f 693/693/693 742/742/742 741/741/741
f 693/693/693 694/694/694 742/742/742
f 694/694/694 743/743/743 742/742/742
f 694/694/694 695/695/695 743/743/743
f 695/695/695 744/744/744 743/743/743
f 695/695/695 696/696/696 744/744/744
f 696/696/696 745/745/745 744/744/744
f 696/696/696 697/697/697 745/745/745
f 697/697/697 746/746/746 745/745/745
f 697/697/697 698/698/698 746/746/746
f 698/698/698 747/747/747 746/746/746
f 698/698/698 699/699/699 747/747/747
f 699/699/699 748/748/748 747/747/747
f 699/699/699 700/700/700 748/748/748
f 700/700/700 749/749/749 748/748/748
f 700/700/700 701/701/701 749/749/749
f 701/701/701 750/750/750 749/749/749
f 701/701/701 702/702/702 750/750/750
f 702/702/702 751/751/751 750/750/750
f 702/702/702 703/703/703 751/751/751
f 703/703/703 752/752/752 751/751/751
f 703/703/703 704/704/704 752/752/752
f 704/704/704 753/753/753 752/752/752
f 704/704/704 705/705/705 753/753/753
f 705/705/705 754/754/754 753/753/753
f 705/705/705 706/706/706 754/754/754
f 706/706/706 755/755/755 754/754/754
f 706/706/706 707/707/707 755/755/755
f 707/707/707 756/756/756 755/755/755
f 707/707/707 708/708/708 756/756/756
f 708/708/708 757/757/757 756/756/756
f 708/708/708 709/709/709 757/757/757
f 709/709/709 758/758/758 757/757/757
f 709/709/709 710/710/710 758/758/758
f 710/710/710 759/759/759 758/758/758
f 710/710/710 711/711/711 759/759/759
f 711/711/711 760/760/760 759/759/759
f 711/711/711 712/712/712 760/760/760
f 712/712/712 761/761/761 760/760/760
f 712/712/712 713/713/713 761/761/761
f 713/713/713 762/762/762 761/761/761
f 713/713/713 714/714/714 762/762/762
f 714/714/714 763/763/763 762/762/762
f 714/714/714 715/715/715 763/763/763
f 715/715/715 764/764/764 763/763/763
f 715/715/715 716/716/716 764/764/764
f 716/716/716 765/765/765 764/764/764
f 716/716/716 717/717/717 765/765/765
f 717/717/717 766/766/766 765/765/765
f 717/717/717 718/718/718 766/766/766
f 718/718/718 767/767/767 766/766/766
f 718/718/718 719/719/719 767/767/767
f 719/719/719 768/768/768 767/767/767
f 719/719/719 720/720/720 768/768/768
f 720/720/720 769/769/769 768/768/768
f 720/720/720 721/721/721 769/769/769
f 721/721/721 770/770/770 769/769/769
f 721/721/721 722/722/722 770/770/770
f 722/722/722 771/771/771 770/770/770
f 722/722/722 723/723/723 771/771/771
f 723/723/723 772/772/772 771/771/771
f 723/723/723 724/724/724 772/772/772
f 724/724/724 773/773/773 772/772/772
f 724/724/724 725/725/725 773/773/773
f 725/725/725 774/774/774 773/773/773
f 725/725/725 726/726/726 774/774/774
f 726/726/726 775/775/775 774/774/774
f 726/726/726 727/727/727 775/775/775
f 727/727/727 776/776/776 775/775/775
f 727/727/727 728/728/728 776/776/776
f 728/728/728 777/777/777 776/776/776
f 728/728/728 729/729/729 777/777/777
f 729/729/729 778/778/778 777/777/777
f 729/729/729 730/730/730 778/778/778
f 730/730/730 779/779/779 778/778/778
f 730/730/730 731/731/731 779/779/779
f 731/731/731 780/780/780 779/779/779
f 731/731/731 732/732/732 780/780/780
f 732/732/732 781/781/781 780/780/780
f 732/732/732 733/733/733 781/781/781
f 733/733/733 782/782/782 781/781/781
f 733/733/733 734/734/734 782/782/782
f 734/734/734 783/783/783 782/782/782
f 734/734/734 735/735/735 783/783/783
f 735/735/735 784/784/784 783/783/783
f 736/736/736 737/737/737 785/785/785
f 737/737/737 786/786/786 785/785/785
f 737/737/737 738/738/738 786/786/786
f 738/738/738 787/787/787 786/786/786
f 738/738/738 739/739/739 787/787/787
f 739/739/739 788/788/788 787/787/787
f 739/739/739 740/740/740 788/788/788
f 740/740/740 789/789/789 788/788/788
f 740/740/740 741/741/741 789/789/789
f 741/741/741 790/790/790 789/789/789
f 741/741/741 742/742/742 790/790/790
f 742/742/742 791/791/791 790/790/790
f 742/742/742 743/743/743 791/791/791
f 743/743/743 792/792/792 791/791/791
f 743/743/743 744/744/744 792/792/792
f 744/744/744 793/793/793 792/792/792
f 744/744/744 745/745/745 793/793/793
f 745/745/745 794/794/794 793/793/793
f 745/745/745 746/746/746 794/794/794
f 746/746/746 795/795/795 794/794/794
f 746/746/746 747/747/747 795/795/795
f 747/747/747 796/796/796 795/795/795
f 747/747/747 748/748/748 796/796/796
f 748/748/748 797/797/797 796/796/796
f 748/748/748 749/749/749 797/797/797
f 749/749/749 798/798/798 797/797/797
f 749/749/749 750/750/750 798/798/798
f 750/750/750 799/799/799 798/798/798
f 750/750/750 751/751/751 799/799/799
f 751/751/751 800/800/800 799/799/799
f 751/751/751 752/752/752 800/800/800
f 752/752/752 801/801/801 800/800/800
f 752/752/752 753/753/753 801/801/801
f 753/753/753 802/802/802 801/801/801
f 753/753/753 754/754/754 802/802/802
f 754/754/754 803/803/803 802/802/802
f 754/754/754 755/755/755 803/803/803
f 755/755/755 804/804/804 803/803/803
f 755/755/755 756/756/756 804/804/804
f 756/756/756 805/805/805 804/804/804
f 756/756/756 757/757/757 805/805/805
f 757/757/757 806/806/806 805/805/805
f 757/757/757 758/758/758 806/806/806
f 758/758/758 807/807/807 806/806/806
f 758/758/758 759/759/759 807/807/807
f 759/759/759 808/808/808 807/807/807
f 759/759/759 760/760/760 808/808/808
f 760/760/760 809/809/809 808/808/808
f 760/760/760 761/761/761 809/809/809
f 761/761/761 810/810/810 809/809/809
f 761/761/761 762/762/762 810/810/810
f 762/762/762 811/811/811 810/810/810
f 762/762/762 763/763/763 811/811/811
f 763/763/763 812/812/812 811/811/811
f 763/763/763 764/764/764 812/812/812
f 764/764/764 813/813/813 812/812/812
f 764/764/764 765/765/765 813/813/813
f 765/765/765 814/814/814 813/813/813
f 765/765/765 766/766/766 814/814/814
f 766/766/766 815/815/815 814/814/814
f 766/766/766 767/767/767 815/815/815
f 767/767/767 816/816/816 815/815/815
f 767/767/767 768/768/768 816/816/816
f 768/768/768 817/817/817 816/816/816
f 768/768/768 769/769/769 817/817/817
f 769/769/769 818/818/818 817/817/817
f 769/769/769 770/770/770 818/818/818
f 770/770/770 819/819/819 818/818/818
f 770/770/770 771/771/771 819/819/819
f 771/771/771 820/820/820 819/819/819
f 771/771/771 772/772/772 820/820/820
f 772/772/772 821/821/821 820/820/820
f 772/772/772 773/773/773 821/821/821
f 773/773/773 822/822/822 821/821/821
f 773/773/773 774/774/774 822/822/822
f 774/774/774 823/823/823 822/822/822
f 774/774/774 775/775/775 823/823/823
f 775/775/775 824/824/824 823/823/823
f 775/775/775 776/776/776 824/824/824
f 776/776/776 825/825/825 824/824/824
f 776/776/776 777/777/777 825/825/825
f 777/777/777 826/826/826 825/825/825
f 777/777/777 778/778/778 826/826/826
f 778/778/778 827/827/827 826/826/826
f 778/778/778 779/779/779 827/827/827
f 779/779/779 828/828/828 827/827/827
f 779/779/779 780/780/780 828/828/828
f 780/780/780 829/829/829 828/828/828
f 780/780/780 781/781/781 829/829/829
f 781/781/781 830/830/830 829/829/829
f 781/781/781 782/782/782 830/830/830
f 782/782/782 831/831/831 830/830/830
f 782/782/782 783/783/783 831/831/831
f 783/783/783 832/832/832 831/831/831
f 783/783/783 784/784/784 832/832/832
f 784/784/784 833/833/833 832/832/832
f 785/785/785 786/786/786 834/834/834
f 786/786/786 835/835/835 834/834/834
f 786/786/786 787/787/787 835/835/835
f 787/787/787 836/836/836 835/835/835
f 787/787/787 788/788/788 836/836/836
f 788/788/788 837/837/837 836/836/836
f 788/788/788 789/789/789 837/837/837
f 789/789/789 838/838/838 837/837/837
f 789/789/789 790/790/790 838/838/838
f 790/790/790 839/839/839 838/838/838
f 790/790/790 791/791/791 839/839/839
f 791/791/791 840/840/840 839/839/839
f 791/791/791 792/792/792 840/840/840
f 792/792/792 841/841/841 840/840/840
f 792/792/792 793/793/793 841/841/841
f 793/793/793 842/842/842 841/841/841
f 793/793/793 794/794/794 842/842/842
f 794/794/794 843/843/843 842/842/842
f 794/794/794 795/795/795 843/843/843
f 795/795/795 844/844/844 843/843/843
f 795/795/795 796/796/796 844/844/844
f 796/796/796 845/845/845 844/844/844
f 796/796/796 797/797/797 845/845/845
f 797/797/797 846/846/846 845/845/845
f 797/797/797 798/798/798 846/846/846
f 798/798/798 847/847/847 846/846/846
f 798/798/798 799/799/799 847/847/847
f 799/799/799 848/848/848 847/847/847
f 799/799/799 800/800/800 848/848/848
f 800/800/800 849/849/849 848/848/848
f 800/800/800 801/801/801 849/849/849
f 801/801/801 850/850/850 849/849/849
f 801/801/801 802/802/802 850/850/850
f 802/802/802 851/851/851 850/850/850
f 802/802/802 803/803/803 851/851/851
f 803/803/803 852/852/852 851/851/851
f 803/803/803 804/804/804 852/852/852
f 804/804/804 853/853/853 852/852/852
f 804/804/804 805/805/805 853/853/853
f 805/805/805 854/854/854 853/853/853
f 805/805/805 806/806/806 854/854/854
f 806/806/806 855/855/855 854/854/854
f 806/806/806 807/807/807 855/855/855
f 807/807/807 856/856/856 855/855/855
f 807/807/807 808/808/808 856/856/856
f 808/808/808 857/857/857 856/856/856
f 808/808/808 809/809/809 857/857/857
f 809/809/809 858/858/858 857/857/857
f 809/809/809 810/810/810 858/858/858
f 810/810/810 859/859/859 858/858/858
f 810/810/810 811/811/811 859/859/859
f 811/811/811 860/860/860 859/859/859
f 811/811/811 812/812/812 860/860/860
f 812/812/812 861/861/861 860/860/860
f 812/812/812 813/813/813 861/861/861
f 813/813/813 862/862/862 861/861/861
f 813/813/813 814/814/814 862/862/862
f 814/814/814 863/863/863 862/862/862
f 814/814/814 815/815/815 863/863/863
f 815/815/815 864/864/864 863/863/863
f 815/815/815 816/816/816 864/864/864
f 816/816/816 865/865/865 864/864/864
f 816/816/816 817/817/817 865/865/865
f 817/817/817 866/866/866 865/865/865
f 817/817/817 818/818/818 866/866/866
f 818/818/818 867/867/867 866/866/866
f 818/818/818 819/819/819 867/867/867
f 819/819/819 868/868/868 867/867/867
f 819/819/819 820/820/820 868/868/868
f 820/820/820 869/869/869 868/868/868
f 820/820/820 821/821/821 869/869/869
f 821/821/821 870/870/870 869/869/869
f 821/821/821 822/822/822 870/870/870
f 822/822/822 871/871/871 870/870/870
f 822/822/822 823/823/823 871/871/871
f 823/823/823 872/872/872 871/871/871
f 823/823/823 824/824/824 872/872/872
f 824/824/824 873/873/873 872/872/872
f 824/824/824 825/825/825 873/873/873
f 825/825/825 874/874/874 873/873/873
f 825/825/825 826/826/826 874/874/874
f 826/826/826 875/875/875 874/874/874
f 826/826/826 827/827/827 875/875/875
f 827/827/827 876/876/876 875/875/875
f 827/827/827 828/828/828 876/876/876
f 828/828/828 877/877/877 876/876/876
f 828/828/828 829/829/829 877/877/877
f 829/829/829 878/878/878 877/877/877
f 829/829/829 830/830/830 878/878/878
f 830/830/830 879/879/879 878/878/878
f 830/830/830 831/831/831 879/879/879
f 831/831/831 880/880/880 879/879/879
f 831/831/831 832/832/832 880/880/880
f 832/832/832 881/881/881 880/880/880
f 832/832/832 833/833/833 881/881/881
f 833/833/833 882/882/882 881/881/881
f 834/834/834 835/835/835 883/883/883
f 835/835/835 884/884/884 883/883/883
f 835/835/835 836/836/836 884/884/884
f 836/836/836 885/885/885 884/884/884
f 836/836/836 837/837/837 885/885/885
f 837/837/837 886/886/886 885/885/885
f 837/837/837 838/838/838 886/886/886
f 838/838/838 887/887/887 886/886/886
f 838/838/838 839/839/839 887/887/887
f 839/839/839 888/888/888 887/887/887
f 839/839/839 840/840/840 888/888/888
f 840/840/840 889/889/889 888/888/888
f 840/840/840 841/841/841 889/889/889
f 841/841/841 890/890/890 889/889/889
f 841/841/841 842/842/842 890/890/890
f 842/842/842 891/891/891 890/890/890
f 842/842/842 843/843/843 891/891/891
f 843/843/843 892/892/892 891/891/891
f 843/843/843 844/844/844 892/892/892
f 844/844/844 893/893/893 892/892/892
f 844/844/844 845/845/845 893/893/893
f 845/845/845 894/894/894 893/893/893
f 845/845/845 846/846/846 894/894/894
f 846/846/846 895/895/895 894/894/894
f 846/846/846 847/847/847 895/895/895
f 847/847/847 896/896/896 895/895/895
f 847/847/847 848/848/848 896/896/896
f 848/848/848 897/897/897 896/896/896
f 848/848/848 849/849/849 897/897/897
f 849/849/849 898/898/898 897/897/897
f 849/849/849 850/850/850 898/898/898
f 850/850/850 899/899/899 898/898/898
f 850/850/850 851/851/851 899/899/899
f 851/851/851 900/900/900 899/899/899
f 851/851/851 852/852/852 900/900/900
f 852/852/852 901/901/901 900/900/900
f 852/852/852 853/853/853 901/901/901
f 853/853/853 902/902/902 901/901/901
f 853/853/853 854/854/854 902/902/902
f 854/854/854 903/903/903 902/902/902
f 854/854/854 855/855/855 903/903/903
f 855/855/855 904/904/904 903/903/903
f 855/855/855 856/856/856 904/904/904
f 856/856/856 905/905/905 904/904/904
f 856/856/856 857/857/857 905/905/905
f 857/857/857 906/906/906 905/905/905
f 857/857/857 858/858/858 906/906/906
f 858/858/858 907/907/907 906/906/906
f 858/858/858 859/859/859 907/907/907
f 859/859/859 908/908/908 907/907/907
f 859/859/859 860/860/860 908/908/908
f 860/860/860 909/909/909 908/908/908
f 860/860/860 861/861/861 909/909/909
f 861/861/861 910/910/910 909/909/909
f 861/861/861 862/862/862 910/910/910
f 862/862/862 911/911/911 910/910/910
f 862/862/862 863/863/863 911/911/911
f 863/863/863 912/912/912 911/911/911
f 863/863/863 864/864/864 912/912/912
f 864/864/864 913/913/913 912/912/912
f 864/864/864 865/865/865 913/913/913
f 865/865/865 914/914/914 913/913/913
f 865/865/865 866/866/866 914/914/914
f 866/866/866 915/915/915 914/914/914
f 866/866/866 867/867/867 915/915/915
f 867/867/867 916/916/916 915/915/915
f 867/867/867 868/868/868 916/916/916
f 868/868/868 917/917/917 916/916/916
f 868/868/868 869/869/869 917/917/917
f 869/869/869 918/918/918 917/917/917
f 869/869/869 870/870/870 918/918/918
f 870/870/870 919/919/919 918/918/918
f 870/870/870 871/871/871 919/919/919
f 871/871/871 920/920/920 919/919/919
f 871/871/871 872/872/872 920/920/920
f 872/872/872 921/921/921 920/920/920
f 872/872/872 873/873/873 921/921/921
f 873/873/873 922/922/922 921/921/921
f 873/873/873 874/874/874 922/922/922
f 874/874/874 923/923/923 922/922/922
f 874/874/874 875/875/875 923/923/923
f 875/875/875 924/924/924 923/923/923
f 875/875/875 876/876/876 924/924/924
f 876/876/876 925/925/925 924/924/924
f 876/876/876 877/877/877 925/925/925
f 877/877/877 926/926/926 925/925/925
f 877/877/877 878/878/878 926/926/926
f 878/878/878 927/927/927 926/926/926
f 878/878/878 879/879/879 927/927/927
f 879/879/879 928/928/928 927/927/927
f 879/879/879 880/880/880 928/928/928
f 880/880/880 929/929/929 928/928/928
f 880/880/880 881/881/881 929/929/929
f 881/881/881 930/930/930 929/929/929
f 881/881/881 882/882/882 930/930/930
f 882/882/882 931/931/931 930/930/930
f 883/883/883 884/884/884 932/932/932
f 884/884/884 933/933/933 932/932/932
f 884/884/884 885/885/885 933/933/933
f 885/885/885 934/934/934 933/933/933
f 885/885/885 886/886/886 934/934/934
f 886/886/886 935/935/935 934/934/934
f 886/886/886 887/887/887 935/935/935
f 887/887/887 936/936/936 935/935/935
f 887/887/887 888/888/888 936/936/936
f 888/888/888 937/937/937 936/936/936
f 888/888/888 889/889/889 937/937/937
f 889/889/889 938/938/938 937/937/937
f 889/889/889 890/890/890 938/938/938
f 890/890/890 939/939/939 938/938/938
f 890/890/890 891/891/891 939/939/939
f 891/891/891 940/940/940 939/939/939
f 891/891/891 892/892/892 940/940/940
f 892/892/892 941/941/941 940/940/940
f 892/892/892 893/893/893 941/941/941
f 893/893/893 942/942/942 941/941/941
f 893/893/893 894/894/894 942/942/942
f 894/894/894 943/943/943 942/942/942
f 894/894/894 895/895/895 943/943/943
f 895/895/895 944/944/944 943/943/943
f 895/895/895 896/896/896 944/944/944
f 896/896/896 945/945/945 944/944/944
f 896/896/896 897/897/897 945/945/945
f 897/897/897 946/946/946 945/945/945
f 897/897/897 898/898/898 946/946/946
f 898/898/898 947/947/947 946/946/946
f 898/898/898 899/899/899 947/947/947
f 899/899/899 948/948/948 947/947/947
f 899/899/899 900/900/900 948/948/948
f 900/900/900 949/949/949 948/948/948
f 900/900/900 901/901/901 949/949/949
f 901/901/901 950/950/950 949/949/949
f 901/901/901 902/902/902 950/950/950
f 902/902/902 951/951/951 950/950/950
f 902/902/902 903/903/903 951/951/951
f 903/903/903 952/952/952 951/951/951
f 903/903/903 904/904/904 952/952/952
f 904/904/904 953/953/953 952/952/952
f 904/904/904 905/905/905 953/953/953
f 905/905/905 954/954/954 953/953/953
f 905/905/905 906/906/906 954/954/954
f 906/906/906 955/955/955 954/954/954
f 906/906/906 907/907/907 955/955/955
f 907/907/907 956/956/956 955/955/955
f 907/907/907 908/908/908 956/956/956
f 908/908/908 957/957/957 956/956/956
f 908/908/908 909/909/909 957/957/957
f 909/909/909 958/958/958 957/957/957
f 909/909/909 910/910/910 958/958/958
f 910/910/910 959/959/959 958/958/958
f 910/910/910 911/911/911 959/959/959
f 911/911/911 960/960/960 959/959/959
f 911/911/911 912/912/912 960/960/960
f 912/912/912 961/961/961 960/960/960
f 912/912/912 913/913/913 961/961/961
f 913/913/913 962/962/962 961/961/961
f 913/913/913 914/914/914 962/962/962
f 914/914/914 963/963/963 962/962/962
f 914/914/914 915/915/915 963/963/963
f 915/915/915 964/964/964 963/963/963
f 915/915/915 916/916/916 964/964/964
f 916/916/916 965/965/965 964/964/964
f 916/916/916 917/917/917 965/965/965
f 917/917/917 966/966/966 965/965/965
f 917/917/917 918/918/918 966/966/966
f 918/918/918 967/967/967 966/966/966
f 918/918/918 919/919/919 967/967/967
f 919/919/919 968/968/968 967/967/967
f 919/919/919 920/920/920 968/968/968
f 920/920/920 969/969/969 968/968/968
f 920/920/920 921/921/921 969/969/969
f 921/921/921 970/970/970 969/969/969
f 921/921/921 922/922/922 970/970/970
f 922/922/922 971/971/971 970/970/970
f 922/922/922 923/923/923 971/971/971
f 923/923/923 972/972/972 971/971/971
f 923/923/923 924/924/924 972/972/972
f 924/924/924 973/973/973 972/972/972
f 924/924/924 925/925/925 973/973/973
f 925/925/925 974/974/974 973/973/973
f 925/925/925 926/926/926 974/974/974
f 926/926/926 975/975/975 974/974/974
f 926/926/926 927/927/927 975/975/975
f 927/927/927 976/976/976 975/975/975
f 927/927/927 928/928/928 976/976/976
f 928/928/928 977/977/977 976/976/976
f 928/928/928 929/929/929 977/977/977
f 929/929/929 978/978/978 977/977/977
f 929/929/929 930/930/930 978/978/978
f 930/930/930 979/979/979 978/978/978
f 930/930/930 931/931/931 979/979/979
f 931/931/931 980/980/980 979/979/979
f 932/932/932 933/933/933 981/981/981
f 933/933/933 982/982/982 981/981/981
f 933/933/933 934/934/934 982/982/982
f 934/934/934 983/983/983 982/982/982
f 934/934/934 935/935/935 983/983/983
f 935/935/935 984/984/984 983/983/983
f 935/935/935 936/936/936 984/984/984
f 936/936/936 985/985/985 984/984/984
f 936/936/936 937/937/937 985/985/985
f 937/937/937 986/986/986 985/985/985
f 937/937/937 938/938/938 986/986/986
f 938/938/938 987/987/987 986/986/986
f 938/938/938 939/939/939 987/987/987
f 939/939/939 988/988/988 987/987/987
f 939/939/939 940/940/940 988/988/988
f 940/940/940 989/989/989 988/988/988
f 940/940/940 941/941/941 989/989/989
f 941/941/941 990/990/990 989/989/989
f 941/941/941 942/942/942 990/990/990
f 942/942/942 991/991/991 990/990/990
f 942/942/942 943/943/943 991/991/991
f 943/943/943 992/992/992 991/991/991
f 943/943/943 944/944/944 992/992/992
f 944/944/944 993/993/993 992/992/992
f 944/944/944 945/945/945 993/993/993
f 945/945/945 994/994/994 993/993/993
f 945/945/945 946/946/946 994/994/994
f 946/946/946 995/995/995 994/994/994
f 946/946/946 947/947/947 995/995/995
f 947/947/947 996/996/996 995/995/995
f 947/947/947 948/948/948 996/996/996
f 948/948/948 997/997/997 996/996/996
f 948/948/948 949/949/949 997/997/997
f 949/949/949 998/998/998 997/997/997
f 949/949/949 950/950/950 998/998/998
f 950/950/950 999/999/999 998/998/998
f 950/950/950 951/951/951 999/999/999
f 951/951/951 1000/1000/1000 999/999/999
f 951/951/951 952/952/952 1000/1000/1000
f 952/952/952 1001/1001/1001 1000/1000/1000
f 952/952/952 953/953/953 1001/1001/1001
f 953/953/953 1002/1002/1002 1001/1001/1001
f 953/953/953 954/954/954 1002/1002/1002
f 954/954/954 1003/1003/1003 1002/1002/1002
f 954/954/954 955/955/955 1003/1003/1003
f 955/955/955 1004/1004/1004 1003/1003/1003
f 955/955/955 956/956/956 1004/1004/1004
f 956/956/956 1005/1005/1005 1004/1004/1004
f 956/956/956 957/957/957 1005/1005/1005
f 957/957/957 1006/1006/1006 1005/1005/1005
f 957/957/957 958/958/958 1006/1006/1006
f 958/958/958 1007/1007/1007 1006/1006/1006
f 958/958/958 959/959/959 1007/1007/1007
f 959/959/959 1008/1008/1008 1007/1007/1007
f 959/959/959 960/960/960 1008/1008/1008
f 960/960/960 1009/1009/1009 1008/1008/1008
f 960/960/960 961/961/961 1009/1009/1009
f 961/961/961 1010/1010/1010 1009/1009/1009
f 961/961/961 962/962/962 1010/1010/1010
f 962/962/962 1011/1011/1011 1010/1010/1010
f 962/962/962 963/963/963 1011/1011/1011
f 963/963/963 1012/1012/1012 1011/1011/1011
f 963/963/963 964/964/964 1012/1012/1012
f 964/964/964 1013/1013/1013 1012/1012/1012
f 964/964/964 965/965/965 1013/1013/1013
f 965/965/965 1014/1014/1014 1013/1013/1013
f 965/965/965 966/966/966 1014/1014/1014
f 966/966/966 1015/1015/1015 1014/1014/1014
f 966/966/966 967/967/967 1015/1015/1015
f 967/967/967 1016/1016/1016 1015/1015/1015
f 967/967/967 968/968/968 1016/1016/1016
f 968/968/968 1017/1017/1017 1016/1016/1016
f 968/968/968 969/969/969 1017/1017/1017
f 969/969/969 1018/1018/1018 1017/1017/1017
f 969/969/969 970/970/970 1018/1018/1018
f 970/970/970 1019/1019/1019 1018/1018/1018
f 970/970/970 971/971/971 1019/1019/1019
f 971/971/971 1020/1020/1020 1019/1019/1019
f 971/971/971 972/972/972 1020/1020/1020
f 972/972/972 1021/1021/1021 1020/1020/1020
f 972/972/972 973/973/973 1021/1021/1021
f 973/973/973 1022/1022/1022 1021/1021/1021
f 973/973/973 974/974/974 1022/1022/1022
f 974/974/974 1023/1023/1023 1022/1022/1022
f 974/974/974 975/975/975 1023/1023/1023
f 975/975/975 1024/1024/1024 1023/1023/1023
f 975/975/975 976/976/976 1024/1024/1024
f 976/976/976 1025/1025/1025 1024/1024/1024
f 976/976/976 977/977/977 1025/1025/1025
f 977/977/977 1026/1026/1026 1025/1025/1025
f 977/977/977 978/978/978 1026/1026/1026
f 978/978/978 1027/1027/1027 1026/1026/1026
f 978/978/978 979/979/979 1027/1027/1027
f 979/979/979 1028/1028/1028 1027/1027/1027
f 979/979/979 980/980/980 1028/1028/1028
f 980/980/980 1029/1029/1029 1028/1028/1028
f 981/981/981 982/982/982 1030/1030/1030
f 982/982/982 1031/1031/1031 1030/1030/1030
f 982/982/982 983/983/983 1031/1031/1031
f 983/983/983 1032/1032/1032 1031/1031/1031
f 983/983/983 984/984/984 1032/1032/1032
f 984/984/984 1033/1033/1033 1032/1032/1032
f 984/984/984 985/985/985 1033/1033/1033
f 985/985/985 1034/1034/1034 1033/1033/1033
f 985/985/985 986/986/986 1034/1034/1034
f 986/986/986 1035/1035/1035 1034/1034/1034
f 986/986/986 987/987/987 1035/1035/1035
f 987/987/987 1036/1036/1036 1035/1035/1035
f 987/987/987 988/988/988 1036/1036/1036
f 988/988/988 1037/1037/1037 1036/1036/1036
f 988/988/988 989/989/989 1037/1037/1037
f 989/989/989 1038/1038/1038 1037/1037/1037
f 989/989/989 990/990/990 1038/1038/1038
f 990/990/990 1039/1039/1039 1038/1038/1038
f 990/990/990 991/991/991 1039/1039/1039
f 991/991/991 1040/1040/1040 1039/1039/1039
f 991/991/991 992/992/992 1040/1040/1040
f 992/992/992 1041/1041/1041 1040/1040/1040
f 992/992/992 993/993/993 1041/1041/1041
f 993/993/993 1042/1042/1042 1041/1041/1041
f 993/993/993 994/994/994 1042/1042/1042
f 994/994/994 1043/1043/1043 1042/1042/1042
f 994/994/994 995/995/995 1043/1043/1043
f 995/995/995 1044/1044/1044 1043/1043/1043
f 995/995/995 996/996/996 1044/1044/1044
f 996/996/996 1045/1045/1045 1044/1044/1044
f 996/996/996 997/997/997 1045/1045/1045
f 997/997/997 1046/1046/1046 1045/1045/1045
f 997/997/997 998/998/998 1046/1046/1046
f 998/998/998 1047/1047/1047 1046/1046/1046
f 998/998/998 999/999/999 1047/1047/1047
f 999/999/999 1048/1048/1048 1047/1047/1047
f 999/999/999 1000/1000/1000 1048/1048/1048
f 1000/1000/1000 1049/1049/1049 1048/1048/1048
f 1000/1000/1000 1001/1001/1001 1049/1049/1049
f 1001/1001/1001 1050/1050/1050 1049/1049/1049
f 1001/1001/1001 1002/1002/1002 1050/1050/1050
f 1002/1002/1002 1051/1051/1051 1050/1050/1050
f 1002/1002/1002 1003/1003/1003 1051/1051/1051
f 1003/1003/1003 1052/1052/1052 1051/1051/1051
f 1003/1003/1003 1004/1004/1004 1052/1052/1052
f 1004/1004/1004 1053/1053/1053 1052/1052/1052
f 1004/1004/1004 1005/1005/1005 1053/1053/1053
f 1005/1005/1005 1054/1054/1054 1053/1053/1053
f 1005/1005/1005 1006/1006/1006 1054/1054/1054
f 1006/1006/1006 1055/1055/1055 1054/1054/1054
f 1006/1006/1006 1007/1007/1007 1055/1055/1055
f 1007/1007/1007 1056/1056/1056 1055/1055/1055
f 1007/1007/1007 1008/1008/1008 1056/1056/1056
f 1008/1008/1008 1057/1057/1057 1056/1056/1056
f 1008/1008/1008 1009/1009/1009 1057/1057/1057
f 1009/1009/1009 1058/1058/1058 1057/1057/1057
f 1009/1009/1009 1010/1010/1010 1058/1058/1058
f 1010/1010/1010 1059/1059/1059 1058/1058/1058
f 1010/1010/1010 1011/1011/1011 1059/1059/1059
f 1011/1011/1011 1060/1060/1060 1059/1059/1059
f 1011/1011/1011 1012/1012/1012 1060/1060/1060
f 1012/1012/1012 1061/1061/1061 1060/1060/1060
f 1012/1012/1012 1013/1013/1013 1061/1061/1061
f 1013/1013/1013 1062/1062/1062 1061/1061/1061
f 1013/1013/1013 1014/1014/1014 1062/1062/1062
f 1014/1014/1014 1063/1063/1063 1062/1062/1062
f 1014/1014/1014 1015/1015/1015 1063/1063/1063
f 1015/1015/1015 1064/1064/1064 1063/1063/1063
f 1015/1015/1015 1016/1016/1016 1064/1064/1064
f 1016/1016/1016 1065/1065/1065 1064/1064/1064
f 1016/1016/1016 1017/1017/1017 1065/1065/1065
f 1017/1017/1017 1066/1066/1066 1065/1065/1065
f 1017/1017/1017 1018/1018/1018 1066/1066/1066
f 1018/1018/1018 1067/1067/1067 1066/1066/1066
f 1018/1018/1018 1019/1019/1019 1067/1067/1067
f 1019/1019/1019 1068/1068/1068 1067/1067/1067
f 1019/1019/1019 1020/1020/1020 1068/1068/1068
f 1020/1020/1020 1069/1069/1069 1068/1068/1068
f 1020/1020/1020 1021/1021/1021 1069/1069/1069
f 1021/1021/1021 1070/1070/1070 1069/1069/1069
f 1021/1021/1021 1022/1022/1022 1070/1070/1070
f 1022/1022/1022 1071/1071/1071 1070/1070/1070
f 1022/1022/1022 1023/1023/1023 1071/1071/1071
f 1023/1023/1023 1072/1072/1072 1071/1071/1071
f 1023/1023/1023 1024/1024/1024 1072/1072/1072
f 1024/1024/1024 1073/1073/1073 1072/1072/1072
f 1024/1024/1024 1025/1025/1025 1073/1073/1073
f 1025/1025/1025 1074/1074/1074 1073/1073/1073
f 1025/1025/1025 1026/1026/1026 1074/1074/1074
f 1026/1026/1026 1075/1075/1075 1074/1074/1074
f 1026/1026/1026 1027/1027/1027 1075/1075/1075
f 1027/1027/1027 1076/1076/1076 1075/1075/1075
f 1027/1027/1027 1028/1028/1028 1076/1076/1076
f 1028/1028/1028 1077/1077/1077 1076/1076/1076
f 1028/1028/1028 1029/1029/1029 1077/1077/1077
f 1029/1029/1029 1078/1078/1078 1077/1077/1077
f 1030/1030/1030 1031/1031/1031 1079/1079/1079
f 1031/1031/1031 1080/1080/1080 1079/1079/1079
f 1031/1031/1031 1032/1032/1032 1080/1080/1080
f 1032/1032/1032 1081/1081/1081 1080/1080/1080
f 1032/1032/1032 1033/1033/1033 1081/1081/1081
f 1033/1033/1033 1082/1082/1082 1081/1081/1081
f 1033/1033/1033 1034/1034/1034 1082/1082/1082
f 1034/1034/1034 1083/1083/1083 1082/1082/1082
f 1034/1034/1034 1035/1035/1035 1083/1083/1083
f 1035/1035/1035 1084/1084/1084 1083/1083/1083
f 1035/1035/1035 1036/1036/1036 1084/1084/1084
f 1036/1036/1036 1085/1085/1085 1084/1084/1084
f 1036/1036/1036 1037/1037/1037 1085/1085/1085
f 1037/1037/1037 1086/1086/1086 1085/1085/1085
f 1037/1037/1037 1038/1038/1038 1086/1086/1086
f 1038/1038/1038 1087/1087/1087 1086/1086/1086
f 1038/1038/1038 1039/1039/1039 1087/1087/1087
f 1039/1039/1039 1088/1088/1088 1087/1087/1087
f 1039/1039/1039 1040/1040/1040 1088/1088/1088
f 1040/1040/1040 1089/1089/1089 1088/1088/1088
f 1040/1040/1040 1041/1041/1041 1089/1089/1089
f 1041/1041/1041 1090/1090/1090 1089/1089/1089
f 1041/1041/1041 1042/1042/1042 1090/1090/1090
f 1042/1042/1042 1091/1091/1091 1090/1090/1090
f 1042/1042/1042 1043/1043/1043 1091/1091/1091
f 1043/1043/1043 1092/1092/1092 1091/1091/1091
f 1043/1043/1043 1044/1044/1044 1092/1092/1092
f 1044/1044/1044 1093/1093/1093 1092/1092/1092
f 1044/1044/1044 1045/1045/1045 1093/1093/1093
f 1045/1045/1045 1094/1094/1094 1093/1093/1093
f 1045/1045/1045 1046/1046/1046 1094/1094/1094
f 1046/1046/1046 1095/1095/1095 1094/1094/1094
f 1046/1046/1046 1047/1047/1047 1095/1095/1095
f 1047/1047/1047 1096/1096/1096 1095/1095/1095
f 1047/1047/1047 1048/1048/1048 1096/1096/1096
f 1048/1048/1048 1097/1097/1097 1096/1096/1096
f 1048/1048/1048 1049/1049/1049 1097/1097/1097
f 1049/1049/1049 1098/1098/1098 1097/1097/1097
f 1049/1049/1049 1050/1050/1050 1098/1098/1098
f 1050/1050/1050 1099/1099/1099 1098/1098/1098
f 1050/1050/1050 1051/1051/1051 1099/1099/1099
f 1051/1051/1051 1100/1100/1100 1099/1099/1099
f 1051/1051/1051 1052/1052/1052 1100/1100/1100
f 1052/1052/1052 1101/1101/1101 1100/1100/1100
f 1052/1052/1052 1053/1053/1053 1101/1101/1101
f 1053/1053/1053 1102/1102/1102 1101/1101/1101
f 1053/1053/1053 1054/1054/1054 1102/1102/1102
f 1054/1054/1054 1103/1103/1103 1102/1102/1102
f 1054/1054/1054 1055/1055/1055 1103/1103/1103
f 1055/1055/1055 1104/1104/1104 1103/1103/1103
f 1055/1055/1055 1056/1056/1056 1104/1104/1104
f 1056/1056/1056 1105/1105/1105 1104/1104/1104
f 1056/1056/1056 1057/1057/1057 1105/1105/1105
f 1057/1057/1057 1106/1106/1106 1105/1105/1105
f 1057/1057/1057 1058/1058/1058 1106/1106/1106
f 1058/1058/1058 1107/1107/1107 1106/1106/1106
f 1058/1058/1058 1059/1059/1059 1107/1107/1107
f 1059/1059/1059 1108/1108/1108 1107/1107/1107
f 1059/1059/1059 1060/1060/1060 1108/1108/1108
f 1060/1060/1060 1109/1109/1109 1108/1108/1108
f 1060/1060/1060 1061/1061/1061 1109/1109/1109
f 1061/1061/1061 1110/1110/1110 1109/1109/1109
f 1061/1061/1061 1062/1062/1062 1110/1110/1110
f 1062/1062/1062 1111/1111/1111 1110/1110/1110
f 1062/1062/1062 1063/1063/1063 1111/1111/1111
f 1063/1063/1063 1112/1112/1112 1111/1111/1111
f 1063/1063/1063 1064/1064/1064 1112/1112/1112
f 1064/1064/1064 1113/1113/1113 1112/1112/1112
f 1064/1064/1064 1065/1065/1065 1113/1113/1113
f 1065/1065/1065 1114/1114/1114 1113/1113/1113
f 1065/1065/1065 1066/1066/1066 1114/1114/1114
f 1066/1066/1066 1115/1115/1115 1114/1114/1114
f 1066/1066/1066 1067/1067/1067 1115/1115/1115
f 1067/1067/1067 1116/1116/1116 1115/1115/1115
f 1067/1067/1067 1068/1068/1068 1116/1116/1116
f 1068/1068/1068 1117/1117/1117 1116/1116/1116
f 1068/1068/1068 1069/1069/1069 1117/1117/1117
f 1069/1069/1069 1118/1118/1118 1117/1117/1117
f 1069/1069/1069 1070/1070/1070 1118/1118/1118
f 1070/1070/1070 1119/1119/1119 1118/1118/1118
f 1070/1070/1070 1071/1071/1071 1119/1119/1119
f 1071/1071/1071 1120/1120/1120 1119/1119/1119
f 1071/1071/1071 1072/1072/1072 1120/1120/1120
f 1072/1072/1072 1121/1121/1121 1120/1120/1120
f 1072/1072/1072 1073/1073/1073 1121/1121/1121
f 1073/1073/1073 1122/1122/1122 1121/1121/1121
f 1073/1073/1073 1074/1074/1074 1122/1122/1122
f 1074/1074/1074 1123/1123/1123 1122/1122/1122
f 1074/1074/1074 1075/1075/1075 1123/1123/1123
f 1075/1075/1075 1124/1124/1124 1123/1123/1123
f 1075/1075/1075 1076/1076/1076 1124/1124/1124
f 1076/1076/1076 1125/1125/1125 1124/1124/1124
f 1076/1076/1076 1077/1077/1077 1125/1125/1125
f 1077/1077/1077 1126/1126/1126 1125/1125/1125
f 1077/1077/1077 1078/1078/1078 1126/1126/1126
f 1078/1078/1078 1127/1127/1127 1126/1126/1126
f 1079/1079/1079 1080/1080/1080 1128/1128/1128
f 1080/1080/1080 1129/1129/1129 1128/1128/1128
f 1080/1080/1080 1081/1081/1081 1129/1129/1129
f 1081/1081/1081 1130/1130/1130 1129/1129/1129
f 1081/1081/1081 1082/1082/1082 1130/1130/1130
f 1082/1082/1082 1131/1131/1131 1130/1130/1130
f 1082/1082/1082 1083/1083/1083 1131/1131/1131
f 1083/1083/1083 1132/1132/1132 1131/1131/1131
f 1083/1083/1083 1084/1084/1084 1132/1132/1132
f 1084/1084/1084 1133/1133/1133 1132/1132/1132
f 1084/1084/1084 1085/1085/1085 1133/1133/1133
f 1085/1085/1085 1134/1134/1134 1133/1133/1133
f 1085/1085/1085 1086/1086/1086 1134/1134/1134
f 1086/1086/1086 1135/1135/1135 1134/1134/1134
f 1086/1086/1086 1087/1087/1087 1135/1135/1135
f 1087/1087/1087 1136/1136/1136 1135/1135/1135
f 1087/1087/1087 1088/1088/1088 1136/1136/1136
f 1088/1088/1088 1137/1137/1137 1136/1136/1136
f 1088/1088/1088 1089/1089/1089 1137/1137/1137
f 1089/1089/1089 1138/1138/1138 1137/1137/1137
f 1089/1089/1089 1090/1090/1090 1138/1138/1138
f 1090/1090/1090 1139/1139/1139 1138/1138/1138
f 1090/1090/1090 1091/1091/1091 1139/1139/1139
f 1091/1091/1091 1140/1140/1140 1139/1139/1139
f 1091/1091/1091 1092/1092/1092 1140/1140/1140
f 1092/1092/1092 1141/1141/1141 1140/1140/1140
f 1092/1092/1092 1093/1093/1093 1141/1141/1141
f 1093/1093/1093 1142/1142/1142 1141/1141/1141
f 1093/1093/1093 1094/1094/1094 1142/1142/1142
f 1094/1094/1094 1143/1143/1143 1142/1142/1142
f 1094/1094/1094 1095/1095/1095 1143/1143/1143
f 1095/1095/1095 1144/1144/1144 1143/1143/1143
f 1095/1095/1095 1096/1096/1096 1144/1144/1144
f 1096/1096/1096 1145/1145/1145 1144/1144/1144
f 1096/1096/1096 1097/1097/1097 1145/1145/1145
f 1097/1097/1097 1146/1146/1146 1145/1145/1145
f 1097/1097/1097 1098/1098/1098 1146/1146/1146
f 1098/1098/1098 1147/1147/1147 1146/1146/1146
f 1098/1098/1098 1099/1099/1099 1147/1147/1147
f 1099/1099/1099 1148/1148/1148 1147/1147/1147
f 1099/1099/1099 1100/1100/1100 1148/1148/1148
f 1100/1100/1100 1149/1149/1149 1148/1148/1148
f 1100/1100/1100 1101/1101/1101 1149/1149/1149
f 1101/1101/1101 1150/1150/1150 1149/1149/1149
f 1101/1101/1101 1102/1102/1102 1150/1150/1150
f 1102/1102/1102 1151/1151/1151 1150/1150/1150
f 1102/1102/1102 1103/1103/1103 1151/1151/1151
f 1103/1103/1103 1152/1152/1152 1151/1151/1151
f 1103/1103/1103 1104/1104/1104 1152/1152/1152
f 1104/1104/1104 1153/1153/1153 1152/1152/1152
f 1104/1104/1104 1105/1105/1105 1153/1153/1153
f 1105/1105/1105 1154/1154/1154 1153/1153/1153
f 1105/1105/1105 1106/1106/1106 1154/1154/1154
f 1106/1106/1106 1155/1155/1155 1154/1154/1154
f 1106/1106/1106 1107/1107/1107 1155/1155/1155
f 1107/1107/1107 1156/1156/1156 1155/1155/1155
f 1107/1107/1107 1108/1108/1108 1156/1156/1156
f 1108/1108/1108 1157/1157/1157 1156/1156/1156
f 1108/1108/1108 1109/1109/1109 1157/1157/1157
f 1109/1109/1109 1158/1158/1158 1157/1157/1157
f 1109/1109/1109 1110/1110/1110 1158/1158/1158
f 1110/1110/1110 1159/1159/1159 1158/1158/1158
f 1110/1110/1110 1111/1111/1111 1159/1159/1159
f 1111/1111/1111 1160/1160/1160 1159/1159/1159
f 1111/1111/1111 1112/1112/1112 1160/1160/1160
f 1112/1112/1112 1161/1161/1161 1160/1160/1160
f 1112/1112/1112 1113/1113/1113 1161/1161/1161
f 1113/1113/1113 1162/1162/1162 1161/1161/1161
f 1113/1113/1113 1114/1114/1114 1162/1162/1162
f 1114/1114/1114 1163/1163/1163 1162/1162/1162
f 1114/1114/1114 1115/1115/1115 1163/1163/1163
f 1115/1115/1115 1164/1164/1164 1163/1163/1163
f 1115/1115/1115 1116/1116/1116 1164/1164/1164
f 1116/1116/1116 1165/1165/1165 1164/1164/1164
f 1116/1116/1116 1117/1117/1117 1165/1165/1165
f 1117/1117/1117 1166/1166/1166 1165/1165/1165
f 1117/1117/1117 1118/1118/1118 1166/1166/1166
f 1118/1118/1118 1167/1167/1167 1166/1166/1166
f 1118/1118/1118 1119/1119/1119 1167/1167/1167
f 1119/1119/1119 1168/1168/1168 1167/1167/1167
f 1119/1119/1119 1120/1120/1120 1168/1168/1168
f 1120/1120/1120 1169/1169/1169 1168/1168/1168
f 1120/1120/1120 1121/1121/1121 1169/1169/1169
f 1121/1121/1121 1170/1170/1170 1169/1169/1169
f 1121/1121/1121 1122/1122/1122 1170/1170/1170
f 1122/1122/1122 1171/1171/1171 1170/1170/1170
f 1122/1122/1122 1123/1123/1123 1171/1171/1171
f 1123/1123/1123 1172/1172/1172 1171/1171/1171
f 1123/1123/1123 1124/1124/1124 1172/1172/1172
f 1124/1124/1124 1173/1173/1173 1172/1172/1172
f 1124/1124/1124 1125/1125/1125 1173/1173/1173
f 1125/1125/1125 1174/1174/1174 1173/1173/1173
f 1125/1125/1125 1126/1126/1126 1174/1174/1174
f 1126/1126/1126 1175/1175/1175 1174/1174/1174
f 1126/1126/1126 1127/1127/1127 1175/1175/1175
f 1127/1127/1127 1176/1176/1176 1175/1175/1175
f 1128/1128/1128 1129/1129/1129 1177/1177/1177
f 1129/1129/1129 1178/1178/1178 1177/1177/1177
f 1129/1129/1129 1130/1130/1130 1178/1178/1178
f 1130/1130/1130 1179/1179/1179 1178/1178/1178
f 1130/1130/1130 1131/1131/1131 1179/1179/1179
f 1131/1131/1131 1180/1180/1180 1179/1179/1179
f 1131/1131/1131 1132/1132/1132 1180/1180/1180
f 1132/1132/1132 1181/1181/1181 1180/1180/1180
f 1132/1132/1132 1133/1133/1133 1181/1181/1181
f 1133/1133/1133 1182/1182/1182 1181/1181/1181
f 1133/1133/1133 1134/1134/1134 1182/1182/1182
f 1134/1134/1134 1183/1183/1183 1182/1182/1182
f 1134/1134/1134 1135/1135/1135 1183/1183/1183
f 1135/1135/1135 1184/1184/1184 1183/1183/1183
f 1135/1135/1135 1136/1136/1136 1184/1184/1184
f 1136/1136/1136 1185/1185/1185 1184/1184/1184
f 1136/1136/1136 1137/1137/1137 1185/1185/1185
f 1137/1137/1137 1186/1186/1186 1185/1185/1185
f 1137/1137/1137 1138/1138/1138 1186/1186/1186
f 1138/1138/1138 1187/1187/1187 1186/1186/1186
f 1138/1138/1138 1139/1139/1139 1187/1187/1187
f 1139/1139/1139 1188/1188/1188 1187/1187/1187
f 1139/1139/1139 1140/1140/1140 1188/1188/1188
f 1140/1140/1140 1189/1189/1189 1188/1188/1188
f 1140/1140/1140 1141/1141/1141 1189/1189/1189
f 1141/1141/1141 1190/1190/1190 1189/1189/1189
f 1141/1141/1141 1142/1142/1142 1190/1190/1190
f 1142/1142/1142 1191/1191/1191 1190/1190/1190
f 1142/1142/1142 1143/1143/1143 1191/1191/1191
f 1143/1143/1143 1192/1192/1192 1191/1191/1191
f 1143/1143/1143 1144/1144/1144 1192/1192/1192
f 1144/1144/1144 1193/1193/1193 1192/1192/1192
f 1144/1144/1144 1145/1145/1145 1193/1193/1193
f 1145/1145/1145 1194/1194/1194 1193/1193/1193
f 1145/1145/1145 1146/1146/1146 1194/1194/1194
f 1146/1146/1146 1195/1195/1195 1194/1194/1194
f 1146/1146/1146 1147/1147/1147 1195/1195/1195
f 1147/1147/1147 1196/1196/1196 1195/1195/1195
f 1147/1147/1147 1148/1148/1148 1196/1196/1196
f 1148/1148/1148 1197/1197/1197 1196/1196/1196
f 1148/1148/1148 1149/1149/1149 1197/1197/1197
f 1149/1149/1149 1198/1198/1198 1197/1197/1197
f 1149/1149/1149 1150/1150/1150 1198/1198/1198
f 1150/1150/1150 1199/1199/1199 1198/1198/1198
f 1150/1150/1150 1151/1151/1151 1199/1199/1199
f 1151/1151/1151 1200/1200/1200 1199/1199/1199
f 1151/1151/1151 1152/1152/1152 1200/1200/1200
f 1152/1152/1152 1201/1201/1201 1200/1200/1200
f 1152/1152/1152 1153/1153/1153 1201/1201/1201
f 1153/1153/1153 1202/1202/1202 1201/1201/1201
f 1153/1153/1153 1154/1154/1154 1202/1202/1202
f 1154/1154/1154 1203/1203/1203 1202/1202/1202
f 1154/1154/1154 1155/1155/1155 1203/1203/1203
f 1155/1155/1155 1204/1204/1204 1203/1203/1203
f 1155/1155/1155 1156/1156/1156 1204/1204/1204
f 1156/1156/1156 1205/1205/1205 1204/1204/1204
f 1156/1156/1156 1157/1157/1157 1205/1205/1205
f 1157/1157/1157 1206/1206/1206 1205/1205/1205
f 1157/1157/1157 1158/1158/1158 1206/1206/1206
f 1158/1158/1158 1207/1207/1207 1206/1206/1206
f 1158/1158/1158 1159/1159/1159 1207/1207/1207
f 1159/1159/1159 1208/1208/1208 1207/1207/1207
f 1159/1159/1159 1160/1160/1160 1208/1208/1208
f 1160/1160/1160 1209/1209/1209 1208/1208/1208
f 1160/1160/1160 1161/1161/1161 1209/1209/1209
f 1161/1161/1161 1210/1210/1210 1209/1209/1209
f 1161/1161/1161 1162/1162/1162 1210/1210/1210
f 1162/1162/1162 1211/1211/1211 1210/1210/1210
f 1162/1162/1162 1163/1163/1163 1211/1211/1211
f 1163/1163/1163 1212/1212/1212 1211/1211/1211
f 1163/1163/1163 1164/1164/1164 1212/1212/1212
f 1164/1164/1164 1213/1213/1213 1212/1212/1212
f 1164/1164/1164 1165/1165/1165 1213/1213/1213
f 1165/1165/1165 1214/1214/1214 1213/1213/1213
f 1165/1165/1165 1166/1166/1166 1214/1214/1214
f 1166/1166/1166 1215/1215/1215 1214/1214/1214
f 1166/1166/1166 1167/1167/1167 1215/1215/1215
f 1167/1167/1167 1216/1216/1216 1215/1215/1215
f 1167/1167/1167 1168/1168/1168 1216/1216/1216
f 1168/1168/1168 1217/1217/1217 1216/1216/1216
f 1168/1168/1168 1169/1169/1169 1217/1217/1217
f 1169/1169/1169 1218/1218/1218 1217/1217/1217
f 1169/1169/1169 1170/1170/1170 1218/1218/1218
f 1170/1170/1170 1219/1219/1219 1218/1218/1218
f 1170/1170/1170 1171/1171/1171 1219/1219/1219
f 1171/1171/1171 1220/1220/1220 1219/1219/1219
f 1171/1171/1171 1172/1172/1172 1220/1220/1220
f 1172/1172/1172 1221/1221/1221 1220/1220/1220
f 1172/1172/1172 1173/1173/1173 1221/1221/1221
f 1173/1173/1173 1222/1222/1222 1221/1221/1221
f 1173/1173/1173 1174/1174/1174 1222/1222/1222
f 1174/1174/1174 1223/1223/1223 1222/1222/1222
f 1174/1174/1174 1175/1175/1175 1223/1223/1223
f 1175/1175/1175 1224/1224/1224 1223/1223/1223
f 1175/1175/1175 1176/1176/1176 1224/1224/1224
f 1176/1176/1176 1225/1225/1225 1224/1224/1224
f 1177/1177/1177 1178/1178/1178 1226/1226/1226
f 1178/1178/1178 1227/1227/1227 1226/1226/1226
f 1178/1178/1178 1179/1179/1179 1227/1227/1227
f 1179/1179/1179 1228/1228/1228 1227/1227/1227
f 1179/1179/1179 1180/1180/1180 1228/1228/1228
f 1180/1180/1180 1229/1229/1229 1228/1228/1228
f 1180/1180/1180 1181/1181/1181 1229/1229/1229
f 1181/1181/1181 1230/1230/1230 1229/1229/1229
f 1181/1181/1181 1182/1182/1182 1230/1230/1230
f 1182/1182/1182 1231/1231/1231 1230/1230/1230
f 1182/1182/1182 1183/1183/1183 1231/1231/1231
f 1183/1183/1183 1232/1232/1232 1231/1231/1231
f 1183/1183/1183 1184/1184/1184 1232/1232/1232
f 1184/1184/1184 1233/1233/1233 1232/1232/1232
f 1184/1184/1184 1185/1185/1185 1233/1233/1233
f 1185/1185/1185 1234/1234/1234 1233/1233/1233
f 1185/1185/1185 1186/1186/1186 1234/1234/1234
f 1186/1186/1186 1235/1235/1235 1234/1234/1234
f 1186/1186/1186 1187/1187/1187 1235/1235/1235
f 1187/1187/1187 1236/1236/1236 1235/1235/1235
f 1187/1187/1187 1188/1188/1188 1236/1236/1236
f 1188/1188/1188 1237/1237/1237 1236/1236/1236
f 1188/1188/1188 1189/1189/1189 1237/1237/1237
f 1189/1189/1189 1238/1238/1238 1237/1237/1237
f 1189/1189/1189 1190/1190/1190 1238/1238/1238
f 1190/1190/1190 1239/1239/1239 1238/1238/1238
f 1190/1190/1190 1191/1191/1191 1239/1239/1239
f 1191/1191/1191 1240/1240/1240 1239/1239/1239
f 1191/1191/1191 1192/1192/1192 1240/1240/1240
f 1192/1192/1192 1241/1241/1241 1240/1240/1240
f 1192/1192/1192 1193/1193/1193 1241/1241/1241
f 1193/1193/1193 1242/1242/1242 1241/1241/1241
f 1193/1193/1193 1194/1194/1194 1242/1242/1242
f 1194/1194/1194 1243/1243/1243 1242/1242/1242
f 1194/1194/1194 1195/1195/1195 1243/1243/1243
f 1195/1195/1195 1244/1244/1244 1243/1243/1243
f 1195/1195/1195 1196/1196/1196 1244/1244/1244
f 1196/1196/1196 1245/1245/1245 1244/1244/1244
f 1196/1196/1196 1197/1197/1197 1245/1245/1245
f 1197/1197/1197 1246/1246/1246 1245/1245/1245
f 1197/1197/1197 1198/1198/1198 1246/1246/1246
f 1198/1198/1198 1247/1247/1247 1246/1246/1246
f 1198/1198/1198 1199/1199/1199 1247/1247/1247
f 1199/1199/1199 1248/1248/1248 1247/1247/1247
f 1199/1199/1199 1200/1200/1200 1248/1248/1248
f 1200/1200/1200 1249/1249/1249 1248/1248/1248
f 1200/1200/1200 1201/1201/1201 1249/1249/1249
f 1201/1201/1201 1250/1250/1250 1249/1249/1249
f 1201/1201/1201 1202/1202/1202 1250/1250/1250
f 1202/1202/1202 1251/1251/1251 1250/1250/1250
f 1202/1202/1202 1203/1203/1203 1251/1251/1251
f 1203/1203/1203 1252/1252/1252 1251/1251/1251
f 1203/1203/1203 1204/1204/1204 1252/1252/1252
f 1204/1204/1204 1253/1253/1253 1252/1252/1252
f 1204/1204/1204 1205/1205/1205 1253/1253/1253
f 1205/1205/1205 1254/1254/1254 1253/1253/1253
f 1205/1205/1205 1206/1206/1206 1254/1254/1254
f 1206/1206/1206 1255/1255/1255 1254/1254/1254
f 1206/1206/1206 1207/1207/1207 1255/1255/1255
f 1207/1207/1207 1256/1256/1256 1255/1255/1255
f 1207/1207/1207 1208/1208/1208 1256/1256/1256
f 1208/1208/1208 1257/1257/1257 1256/1256/1256
f 1208/1208/1208 1209/1209/1209 1257/1257/1257
f 1209/1209/1209 1258/1258/1258 1257/1257/1257
f 1209/1209/1209 1210/1210/1210 1258/1258/1258
f 1210/1210/1210 1259/1259/1259 1258/1258/1258
f 1210/1210/1210 1211/1211/1211 1259/1259/1259
f 1211/1211/1211 1260/1260/1260 1259/1259/1259
f 1211/1211/1211 1212/1212/1212 1260/1260/1260
f 1212/1212/1212 1261/1261/1261 1260/1260/1260
f 1212/1212/1212 1213/1213/1213 1261/1261/1261
f 1213/1213/1213 1262/1262/1262 1261/1261/1261
f 1213/1213/1213 1214/1214/1214 1262/1262/1262
f 1214/1214/1214 1263/1263/1263 1262/1262/1262
f 1214/1214/1214 1215/1215/1215 1263/1263/1263
f 1215/1215/1215 1264/1264/1264 1263/1263/1263
f 1215/1215/1215 1216/1216/1216 1264/1264/1264
f 1216/1216/1216 1265/1265/1265 1264/1264/1264
f 1216/1216/1216 1217/1217/1217 1265/1265/1265
f 1217/1217/1217 1266/1266/1266 1265/1265/1265
f 1217/1217/1217 1218/1218/1218 1266/1266/1266
f 1218/1218/1218 1267/1267/1267 1266/1266/1266
f 1218/1218/1218 1219/1219/1219 1267/1267/1267
f 1219/1219/1219 1268/1268/1268 1267/1267/1267
f 1219/1219/1219 1220/1220/1220 1268/1268/1268
f 1220/1220/1220 1269/1269/1269 1268/1268/1268
f 1220/1220/1220 1221/1221/1221 1269/1269/1269
f 1221/1221/1221 1270/1270/1270 1269/1269/1269
f 1221/1221/1221 1222/1222/1222 1270/1270/1270
f 1222/1222/1222 1271/1271/1271 1270/1270/1270
f 1222/1222/1222 1223/1223/1223 1271/1271/1271
f 1223/1223/1223 1272/1272/1272 1271/1271/1271
f 1223/1223/1223 1224/1224/1224 1272/1272/1272
f 1224/1224/1224 1273/1273/1273 1272/1272/1272
f 1224/1224/1224 1225/1225/1225 1273/1273/1273
f 1225/1225/1225 1274/1274/1274 1273/1273/1273
f 1226/1226/1226 1227/1227/1227 1275/1275/1275
f 1227/1227/1227 1276/1276/1276 1275/1275/1275
f 1227/1227/1227 1228/1228/1228 1276/1276/1276
f 1228/1228/1228 1277/1277/1277 1276/1276/1276
f 1228/1228/1228 1229/1229/1229 1277/1277/1277
f 1229/1229/1229 1278/1278/1278 1277/1277/1277
f 1229/1229/1229 1230/1230/1230 1278/1278/1278
f 1230/1230/1230 1279/1279/1279 1278/1278/1278
f 1230/1230/1230 1231/1231/1231 1279/1279/1279
f 1231/1231/1231 1280/1280/1280 1279/1279/1279
f 1231/1231/1231 1232/1232/1232 1280/1280/1280
f 1232/1232/1232 1281/1281/1281 1280/1280/1280
f 1232/1232/1232 1233/1233/1233 1281/1281/1281
f 1233/1233/1233 1282/1282/1282 1281/1281/1281
f 1233/1233/1233 1234/1234/1234 1282/1282/1282
f 1234/1234/1234 1283/1283/1283 1282/1282/1282
f 1234/1234/1234 1235/1235/1235 1283/1283/1283
f 1235/1235/1235 1284/1284/1284 1283/1283/1283
f 1235/1235/1235 1236/1236/1236 1284/1284/1284
f 1236/1236/1236 1285/1285/1285 1284/1284/1284
f 1236/1236/1236 1237/1237/1237 1285/1285/1285
f 1237/1237/1237 1286/1286/1286 1285/1285/1285
f 1237/1237/1237 1238/1238/1238 1286/1286/1286
f 1238/1238/1238 1287/1287/1287 1286/1286/1286
f 1238/1238/1238 1239/1239/1239 1287/1287/1287
f 1239/1239/1239 1288/1288/1288 1287/1287/1287
f 1239/1239/1239 1240/1240/1240 1288/1288/1288
f 1240/1240/1240 1289/1289/1289 1288/1288/1288
f 1240/1240/1240 1241/1241/1241 1289/1289/1289
f 1241/1241/1241 1290/1290/1290 1289/1289/1289
f 1241/1241/1241 1242/1242/1242 1290/1290/1290
f 1242/1242/1242 1291/1291/1291 1290/1290/1290
f 1242/1242/1242 1243/1243/1243 1291/1291/1291
f 1243/1243/1243 1292/1292/1292 1291/1291/1291
f 1243/1243/1243 1244/1244/1244 1292/1292/1292
f 1244/1244/1244 1293/1293/1293 1292/1292/1292
f 1244/1244/1244 1245/1245/1245 1293/1293/1293
f 1245/1245/1245 1294/1294/1294 1293/1293/1293
f 1245/1245/1245 1246/1246/1246 1294/1294/1294
f 1246/1246/1246 1295/1295/1295 1294/1294/1294
f 1246/1246/1246 1247/1247/1247 1295/1295/1295
f 1247/1247/1247 1296/1296/1296 1295/1295/1295
f 1247/1247/1247 1248/1248/1248 1296/1296/1296
f 1248/1248/1248 1297/1297/1297 1296/1296/1296
f 1248/1248/1248 1249/1249/1249 1297/1297/1297
f 1249/1249/1249 1298/1298/1298 1297/1297/1297
f 1249/1249/1249 1250/1250/1250 1298/1298/1298
f 1250/1250/1250 1299/1299/1299 1298/1298/1298
f 1250/1250/1250 1251/1251/1251 1299/1299/1299
f 1251/1251/1251 1300/1300/1300 1299/1299/1299
f 1251/1251/1251 1252/1252/1252 1300/1300/1300
f 1252/1252/1252 1301/1301/1301 1300/1300/1300
f 1252/1252/1252 1253/1253/1253 1301/1301/1301
f 1253/1253/1253 1302/1302/1302 1301/1301/1301
f 1253/1253/1253 1254/1254/1254 1302/1302/1302
f 1254/1254/1254 1303/1303/1303 1302/1302/1302
f 1254/1254/1254 1255/1255/1255 1303/1303/1303
f 1255/1255/1255 1304/1304/1304 1303/1303/1303
f 1255/1255/1255 1256/1256/1256 1304/1304/1304
f 1256/1256/1256 1305/1305/1305 1304/1304/1304
f 1256/1256/1256 1257/1257/1257 1305/1305/1305
f 1257/1257/1257 1306/1306/1306 1305/1305/1305
f 1257/1257/1257 1258/1258/1258 1306/1306/1306
f 1258/1258/1258 1307/1307/1307 1306/1306/1306
f 1258/1258/1258 1259/1259/1259 1307/1307/1307
f 1259/1259/1259 1308/1308/1308 1307/1307/1307
f 1259/1259/1259 1260/1260/1260 1308/1308/1308
f 1260/1260/1260 1309/1309/1309 1308/1308/1308
f 1260/1260/1260 1261/1261/1261 1309/1309/1309
f 1261/1261/1261 1310/1310/1310 1309/1309/1309
f 1261/1261/1261 1262/1262/1262 1310/1310/1310
f 1262/1262/1262 1311/1311/1311 1310/1310/1310
f 1262/1262/1262 1263/1263/1263 1311/1311/1311
f 1263/1263/1263 1312/1312/1312 1311/1311/1311
f 1263/1263/1263 1264/1264/1264 1312/1312/1312
f 1264/1264/1264 1313/1313/1313 1312/1312/1312
f 1264/1264/1264 1265/1265/1265 1313/1313/1313
f 1265/1265/1265 1314/1314/1314 1313/1313/1313
f 1265/1265/1265 1266/1266/1266 1314/1314/1314
f 1266/1266/1266 1315/1315/1315 1314/1314/1314
f 1266/1266/1266 1267/1267/1267 1315/1315/1315
f 1267/1267/1267 1316/1316/1316 1315/1315/1315
f 1267/1267/1267 1268/1268/1268 1316/1316/1316
f 1268/1268/1268 1317/1317/1317 1316/1316/1316
f 1268/1268/1268 1269/1269/1269 1317/1317/1317
f 1269/1269/1269 1318/1318/1318 1317/1317/1317
f 1269/1269/1269 1270/1270/1270 1318/1318/1318
f 1270/1270/1270 1319/1319/1319 1318/1318/1318
f 1270/1270/1270 1271/1271/1271 1319/1319/1319
f 1271/1271/1271 1320/1320/1320 1319/1319/1319
f 1271/1271/1271 1272/1272/1272 1320/1320/1320
f 1272/1272/1272 1321/1321/1321 1320/1320/1320
f 1272/1272/1272 1273/1273/1273 1321/1321/1321
f 1273/1273/1273 1322/1322/1322 1321/1321/1321
f 1273/1273/1273 1274/1274/1274 1322/1322/1322
f 1274/1274/1274 1323/1323/1323 1322/1322/1322
f 1275/1275/1275 1276/1276/1276 1324/1324/1324
f 1276/1276/1276 1325/1325/1325 1324/1324/1324
f 1276/1276/1276 1277/1277/1277 1325/1325/1325
f 1277/1277/1277 1326/1326/1326 1325/1325/1325
f 1277/1277/1277 1278/1278/1278 1326/1326/1326
f 1278/1278/1278 1327/1327/1327 1326/1326/1326
f 1278/1278/1278 1279/1279/1279 1327/1327/1327
f 1279/1279/1279 1328/1328/1328 1327/1327/1327
f 1279/1279/1279 1280/1280/1280 1328/1328/1328
f 1280/1280/1280 1329/1329/1329 1328/1328/1328
f 1280/1280/1280 1281/1281/1281 1329/1329/1329
f 1281/1281/1281 1330/1330/1330 1329/1329/1329
f 1281/1281/1281 1282/1282/1282 1330/1330/1330
f 1282/1282/1282 1331/1331/1331 1330/1330/1330
f 1282/1282/1282 1283/1283/1283 1331/1331/1331
f 1283/1283/1283 1332/1332/1332 1331/1331/1331
f 1283/1283/1283 1284/1284/1284 1332/1332/1332
f 1284/1284/1284 1333/1333/1333 1332/1332/1332
f 1284/1284/1284 1285/1285/1285 1333/1333/1333
f 1285/1285/1285 1334/1334/1334 1333/1333/1333
f 1285/1285/1285 1286/1286/1286 1334/1334/1334
f 1286/1286/1286 1335/1335/1335 1334/1334/1334
f 1286/1286/1286 1287/1287/1287 1335/1335/1335
f 1287/1287/1287 1336/1336/1336 1335/1335/1335
f 1287/1287/1287 1288/1288/1288 1336/1336/1336
f 1288/1288/1288 1337/1337/1337 1336/1336/1336
f 1288/1288/1288 1289/1289/1289 1337/1337/1337
f 1289/1289/1289 1338/1338/1338 1337/1337/1337
f 1289/1289/1289 1290/1290/1290 1338/1338/1338
f 1290/1290/1290 1339/1339/1339 1338/1338/1338
f 1290/1290/1290 1291/1291/1291 1339/1339/1339
f 1291/1291/1291 1340/1340/1340 1339/1339/1339
f 1291/1291/1291 1292/1292/1292 1340/1340/1340
f 1292/1292/1292 1341/1341/1341 1340/1340/1340
f 1292/1292/1292 1293/1293/1293 1341/1341/1341
f 1293/1293/1293 1342/1342/1342 1341/1341/1341
f 1293/1293/1293 1294/1294/1294 1342/1342/1342
f 1294/1294/1294 1343/1343/1343 1342/1342/1342
f 1294/1294/1294 1295/1295/1295 1343/1343/1343
f 1295/1295/1295 1344/1344/1344 1343/1343/1343
f 1295/1295/1295 1296/1296/1296 1344/1344/1344
f 1296/1296/1296 1345/1345/1345 1344/1344/1344
f 1296/1296/1296 1297/1297/1297 1345/1345/1345
f 1297/1297/1297 1346/1346/1346 1345/1345/1345
f 1297/1297/1297 1298/1298/1298 1346/1346/1346
f 1298/1298/1298 1347/1347/1347 1346/1346/1346
f 1298/1298/1298 1299/1299/1299 1347/1347/1347
f 1299/1299/1299 1348/1348/1348 1347/1347/1347
f 1299/1299/1299 1300/1300/1300 1348/1348/1348
f 1300/1300/1300 1349/1349/1349 1348/1348/1348
f 1300/1300/1300 1301/1301/1301 1349/1349/1349
f 1301/1301/1301 1350/1350/1350 1349/1349/1349
f 1301/1301/1301 1302/1302/1302 1350/1350/1350
f 1302/1302/1302 1351/1351/1351 1350/1350/1350
f 1302/1302/1302 1303/1303/1303 1351/1351/1351
f 1303/1303/1303 1352/1352/1352 1351/1351/1351
f 1303/1303/1303 1304/1304/1304 1352/1352/1352
f 1304/1304/1304 1353/1353/1353 1352/1352/1352
f 1304/1304/1304 1305/1305/1305 1353/1353/1353
f 1305/1305/1305 1354/1354/1354 1353/1353/1353
f 1305/1305/1305 1306/1306/1306 1354/1354/1354
f 1306/1306/1306 1355/1355/1355 1354/1354/1354
f 1306/1306/1306 1307/1307/1307 1355/1355/1355
f 1307/1307/1307 1356/1356/1356 1355/1355/1355
f 1307/1307/1307 1308/1308/1308 1356/1356/1356
f 1308/1308/1308 1357/1357/1357 1356/1356/1356
f 1308/1308/1308 1309/1309/1309 1357/1357/1357
f 1309/1309/1309 1358/1358/1358 1357/1357/1357
f 1309/1309/1309 1310/1310/1310 1358/1358/1358
f 1310/1310/1310 1359/1359/1359 1358/1358/1358
f 1310/1310/1310 1311/1311/1311 1359/1359/1359
f 1311/1311/1311 1360/1360/1360 1359/1359/1359
f 1311/1311/1311 1312/1312/1312 1360/1360/1360
f 1312/1312/1312 1361/1361/1361 1360/1360/1360
f 1312/1312/1312 1313/1313/1313 1361/1361/1361
f 1313/1313/1313 1362/1362/1362 1361/1361/1361
f 1313/1313/1313 1314/1314/1314 1362/1362/1362
f 1314/1314/1314 1363/1363/1363 1362/1362/1362
f 1314/1314/1314 1315/1315/1315 1363/1363/1363
f 1315/1315/1315 1364/1364/1364 1363/1363/1363
f 1315/1315/1315 1316/1316/1316 1364/1364/1364
f 1316/1316/1316 1365/1365/1365 1364/1364/1364
f 1316/1316/1316 1317/1317/1317 1365/1365/1365
f 1317/1317/1317 1366/1366/1366 1365/1365/1365
f 1317/1317/1317 1318/1318/1318 1366/1366/1366
f 1318/1318/1318 1367/1367/1367 1366/1366/1366
f 1318/1318/1318 1319/1319/1319 1367/1367/1367
f 1319/1319/1319 1368/1368/1368 1367/1367/1367
f 1319/1319/1319 1320/1320/1320 1368/1368/1368
f 1320/1320/1320 1369/1369/1369 1368/1368/1368
f 1320/1320/1320 1321/1321/1321 1369/1369/1369
f 1321/1321/1321 1370/1370/1370 1369/1369/1369
f 1321/1321/1321 1322/1322/1322 1370/1370/1370
f 1322/1322/1322 1371/1371/1371 1370/1370/1370
f 1322/1322/1322 1323/1323/1323 1371/1371/1371
f 1323/1323/1323 1372/1372/1372 1371/1371/1371
f 1324/1324/1324 1325/1325/1325 1373/1373/1373
f 1325/1325/1325 1374/1374/1374 1373/1373/1373
f 1325/1325/1325 1326/1326/1326 1374/1374/1374
f 1326/1326/1326 1375/1375/1375 1374/1374/1374
f 1326/1326/1326 1327/1327/1327 1375/1375/1375
f 1327/1327/1327 1376/1376/1376 1375/1375/1375
f 1327/1327/1327 1328/1328/1328 1376/1376/1376
f 1328/1328/1328 1377/1377/1377 1376/1376/1376
f 1328/1328/1328 1329/1329/1329 1377/1377/1377
f 1329/1329/1329 1378/1378/1378 1377/1377/1377
f 1329/1329/1329 1330/1330/1330 1378/1378/1378
f 1330/1330/1330 1379/1379/1379 1378/1378/1378
f 1330/1330/1330 1331/1331/1331 1379/1379/1379
f 1331/1331/1331 1380/1380/1380 1379/1379/1379
f 1331/1331/1331 1332/1332/1332 1380/1380/1380
f 1332/1332/1332 1381/1381/1381 1380/1380/1380
f 1332/1332/1332 1333/1333/1333 1381/1381/1381
f 1333/1333/1333 1382/1382/1382 1381/1381/1381
f 1333/1333/1333 1334/1334/1334 1382/1382/1382
f 1334/1334/1334 1383/1383/1383 1382/1382/1382
f 1334/1334/1334 1335/1335/1335 1383/1383/1383
f 1335/1335/1335 1384/1384/1384 1383/1383/1383
f 1335/1335/1335 1336/1336/1336 1384/1384/1384
f 1336/1336/1336 1385/1385/1385 1384/1384/1384
f 1336/1336/1336 1337/1337/1337 1385/1385/1385
f 1337/1337/1337 1386/1386/1386 1385/1385/1385
f 1337/1337/1337 1338/1338/1338 1386/1386/1386
f 1338/1338/1338 1387/1387/1387 1386/1386/1386
f 1338/1338/1338 1339/1339/1339 1387/1387/1387
f 1339/1339/1339 1388/1388/1388 1387/1387/1387
f 1339/1339/1339 1340/1340/1340 1388/1388/1388
f 1340/1340/1340 1389/1389/1389 1388/1388/1388
f 1340/1340/1340 1341/1341/1341 1389/1389/1389
f 1341/1341/1341 1390/1390/1390 1389/1389/1389
f 1341/1341/1341 1342/1342/1342 1390/1390/1390
f 1342/1342/1342 1391/1391/1391 1390/1390/1390
f 1342/1342/1342 1343/1343/1343 1391/1391/1391
f 1343/1343/1343 1392/1392/1392 1391/1391/1391
f 1343/1343/1343 1344/1344/1344 1392/1392/1392
f 1344/1344/1344 1393/1393/1393 1392/1392/1392
f 1344/1344/1344 1345/1345/1345 1393/1393/1393
f 1345/1345/1345 1394/1394/1394 1393/1393/1393
f 1345/1345/1345 1346/1346/1346 1394/1394/1394
f 1346/1346/1346 1395/1395/1395 1394/1394/1394
f 1346/1346/1346 1347/1347/1347 1395/1395/1395
f 1347/1347/1347 1396/1396/1396 1395/1395/1395
f 1347/1347/1347 1348/1348/1348 1396/1396/1396
f 1348/1348/1348 1397/1397/1397 1396/1396/1396
f 1348/1348/1348 1349/1349/1349 1397/1397/1397
f 1349/1349/1349 1398/1398/1398 1397/1397/1397
f 1349/1349/1349 1350/1350/1350 1398/1398/1398
f 1350/1350/1350 1399/1399/1399 1398/1398/1398
f 1350/1350/1350 1351/1351/1351 1399/1399/1399
f 1351/1351/1351 1400/1400/1400 1399/1399/1399
f 1351/1351/1351 1352/1352/1352 1400/1400/1400
f 1352/1352/1352 1401/1401/1401 1400/1400/1400
f 1352/1352/1352 1353/1353/1353 1401/1401/1401
f 1353/1353/1353 1402/1402/1402 1401/1401/1401
f 1353/1353/1353 1354/1354/1354 1402/1402/1402
f 1354/1354/1354 1403/1403/1403 1402/1402/1402
f 1354/1354/1354 1355/1355/1355 1403/1403/1403
f 1355/1355/1355 1404/1404/1404 1403/1403/1403
f 1355/1355/1355 1356/1356/1356 1404/1404/1404
f 1356/1356/1356 1405/1405/1405 1404/1404/1404
f 1356/1356/1356 1357/1357/1357 1405/1405/1405
f 1357/1357/1357 1406/1406/1406 1405/1405/1405
f 1357/1357/1357 1358/1358/1358 1406/1406/1406
f 1358/1358/1358 1407/1407/1407 1406/1406/1406
f 1358/1358/1358 1359/1359/1359 1407/1407/1407
f 1359/1359/1359 1408/1408/1408 1407/1407/1407
f 1359/1359/1359 1360/1360/1360 1408/1408/1408
f 1360/1360/1360 1409/1409/1409 1408/1408/1408
f 1360/1360/1360 1361/1361/1361 1409/1409/1409
f 1361/1361/1361 1410/1410/1410 1409/1409/1409
f 1361/1361/1361 1362/1362/1362 1410/1410/1410
f 1362/1362/1362 1411/1411/1411 1410/1410/1410
f 1362/1362/1362 1363/1363/1363 1411/1411/1411
f 1363/1363/1363 1412/1412/1412 1411/1411/1411
f 1363/1363/1363 1364/1364/1364 1412/1412/1412
f 1364/1364/1364 1413/1413/1413 1412/1412/1412
f 1364/1364/1364 1365/1365/1365 1413/1413/1413
f 1365/1365/1365 1414/1414/1414 1413/1413/1413
f 1365/1365/1365 1366/1366/1366 1414/1414/1414
f 1366/1366/1366 1415/1415/1415 1414/1414/1414
f 1366/1366/1366 1367/1367/1367 1415/1415/1415
f 1367/1367/1367 1416/1416/1416 1415/1415/1415
f 1367/1367/1367 1368/1368/1368 1416/1416/1416
f 1368/1368/1368 1417/1417/1417 1416/1416/1416
f 1368/1368/1368 1369/1369/1369 1417/1417/1417
f 1369/1369/1369 1418/1418/1418 1417/1417/1417
f 1369/1369/1369 1370/1370/1370 1418/1418/1418
f 1370/1370/1370 1419/1419/1419 1418/1418/1418
f 1370/1370/1370 1371/1371/1371 1419/1419/1419
f 1371/1371/1371 1420/1420/1420 1419/1419/1419
f 1371/1371/1371 1372/1372/1372 1420/1420/1420
f 1372/1372/1372 1421/1421/1421 1420/1420/1420
f 1373/1373/1373 1374/1374/1374 1422/1422/1422
f 1374/1374/1374 1423/1423/1423 1422/1422/1422
f 1374/1374/1374 1375/1375/1375 1423/1423/1423
f 1375/1375/1375 1424/1424/1424 1423/1423/1423
f 1375/1375/1375 1376/1376/1376 1424/1424/1424
f 1376/1376/1376 1425/1425/1425 1424/1424/1424
f 1376/1376/1376 1377/1377/1377 1425/1425/1425
f 1377/1377/1377 1426/1426/1426 1425/1425/1425
f 1377/1377/1377 1378/1378/1378 1426/1426/1426
f 1378/1378/1378 1427/1427/1427 1426/1426/1426
f 1378/1378/1378 1379/1379/1379 1427/1427/1427
f 1379/1379/1379 1428/1428/1428 1427/1427/1427
f 1379/1379/1379 1380/1380/1380 1428/1428/1428
f 1380/1380/1380 1429/1429/1429 1428/1428/1428
f 1380/1380/1380 1381/1381/1381 1429/1429/1429
f 1381/1381/1381 1430/1430/1430 1429/1429/1429
f 1381/1381/1381 1382/1382/1382 1430/1430/1430
f 1382/1382/1382 1431/1431/1431 1430/1430/1430
f 1382/1382/1382 1383/1383/1383 1431/1431/1431
f 1383/1383/1383 1432/1432/1432 1431/1431/1431
f 1383/1383/1383 1384/1384/1384 1432/1432/1432
f 1384/1384/1384 1433/1433/1433 1432/1432/1432
f 1384/1384/1384 1385/1385/1385 1433/1433/1433
f 1385/1385/1385 1434/1434/1434 1433/1433/1433
f 1385/1385/1385 1386/1386/1386 1434/1434/1434
f 1386/1386/1386 1435/1435/1435 1434/1434/1434
f 1386/1386/1386 1387/1387/1387 1435/1435/1435
f 1387/1387/1387 1436/1436/1436 1435/1435/1435
f 1387/1387/1387 1388/1388/1388 1436/1436/1436
f 1388/1388/1388 1437/1437/1437 1436/1436/1436
f 1388/1388/1388 1389/1389/1389 1437/1437/1437
f 1389/1389/1389 1438/1438/1438 1437/1437/1437
f 1389/1389/1389 1390/1390/1390 1438/1438/1438
f 1390/1390/1390 1439/1439/1439 1438/1438/1438
f 1390/1390/1390 1391/1391/1391 1439/1439/1439
f 1391/1391/1391 1440/1440/1440 1439/1439/1439
f 1391/1391/1391 1392/1392/1392 1440/1440/1440
f 1392/1392/1392 1441/1441/1441 1440/1440/1440
f 1392/1392/1392 1393/1393/1393 1441/1441/1441
f 1393/1393/1393 1442/1442/1442 1441/1441/1441
f 1393/1393/1393 1394/1394/1394 1442/1442/1442
f 1394/1394/1394 1443/1443/1443 1442/1442/1442
f 1394/1394/1394 1395/1395/1395 1443/1443/1443
f 1395/1395/1395 1444/1444/1444 1443/1443/1443
f 1395/1395/1395 1396/1396/1396 1444/1444/1444
f 1396/1396/1396 1445/1445/1445 1444/1444/1444
f 1396/1396/1396 1397/1397/1397 1445/1445/1445
f 1397/1397/1397 1446/1446/1446 1445/1445/1445
f 1397/1397/1397 1398/1398/1398 1446/1446/1446
f 1398/1398/1398 1447/1447/1447 1446/1446/1446
f 1398/1398/1398 1399/1399/1399 1447/1447/1447
f 1399/1399/1399 1448/1448/1448 1447/1447/1447
f 1399/1399/1399 1400/1400/1400 1448/1448/1448
f 1400/1400/1400 1449/1449/1449 1448/1448/1448
f 1400/1400/1400 1401/1401/1401 1449/1449/1449
f 1401/1401/1401 1450/1450/1450 1449/1449/1449
f 1401/1401/1401 1402/1402/1402 1450/1450/1450
f 1402/1402/1402 1451/1451/1451 1450/1450/1450
f 1402/1402/1402 1403/1403/1403 1451/1451/1451
f 1403/1403/1403 1452/1452/1452 1451/1451/1451
f 1403/1403/1403 1404/1404/1404 1452/1452/1452
f 1404/1404/1404 1453/1453/1453 1452/1452/1452
f 1404/1404/1404 1405/1405/1405 1453/1453/1453
f 1405/1405/1405 1454/1454/1454 1453/1453/1453
f 1405/1405/1405 1406/1406/1406 1454/1454/1454
f 1406/1406/1406 1455/1455/1455 1454/1454/1454
f 1406/1406/1406 1407/1407/1407 1455/1455/1455
f 1407/1407/1407 1456/1456/1456 1455/1455/1455
f 1407/1407/1407 1408/1408/1408 1456/1456/1456
f 1408/1408/1408 1457/1457/1457 1456/1456/1456
f 1408/1408/1408 1409/1409/1409 1457/1457/1457
f 1409/1409/1409 1458/1458/1458 1457/1457/1457
f 1409/1409/1409 1410/1410/1410 1458/1458/1458
f 1410/1410/1410 1459/1459/1459 1458/1458/1458
f 1410/1410/1410 1411/1411/1411 1459/1459/1459
f 1411/1411/1411 1460/1460/1460 1459/1459/1459
f 1411/1411/1411 1412/1412/1412 1460/1460/1460
f 1412/1412/1412 1461/1461/1461 1460/1460/1460
f 1412/1412/1412 1413/1413/1413 1461/1461/1461
f 1413/1413/1413 1462/1462/1462 1461/1461/1461
f 1413/1413/1413 1414/1414/1414 1462/1462/1462
f 1414/1414/1414 1463/1463/1463 1462/1462/1462
f 1414/1414/1414 1415/1415/1415 1463/1463/1463
f 1415/1415/1415 1464/1464/1464 1463/1463/1463
f 1415/1415/1415 1416/1416/1416 1464/1464/1464
f 1416/1416/1416 1465/1465/1465 1464/1464/1464
f 1416/1416/1416 1417/1417/1417 1465/1465/1465
f 1417/1417/1417 1466/1466/1466 1465/1465/1465
f 1417/1417/1417 1418/1418/1418 1466/1466/1466
f 1418/1418/1418 1467/1467/1467 1466/1466/1466
f 1418/1418/1418 1419/1419/1419 1467/1467/1467
f 1419/1419/1419 1468/1468/1468 1467/1467/1467
f 1419/1419/1419 1420/1420/1420 1468/1468/1468
f 1420/1420/1420 1469/1469/1469 1468/1468/1468
f 1420/1420/1420 1421/1421/1421 1469/1469/1469
f 1421/1421/1421 1470/1470/1470 1469/1469/1469
f 1422/1422/1422 1423/1423/1423 1471/1471/1471
f 1423/1423/1423 1472/1472/1472 1471/1471/1471
f 1423/1423/1423 1424/1424/1424 1472/1472/1472
f 1424/1424/1424 1473/1473/1473 1472/1472/1472
f 1424/1424/1424 1425/1425/1425 1473/1473/1473
f 1425/1425/1425 1474/1474/1474 1473/1473/1473
f 1425/1425/1425 1426/1426/1426 1474/1474/1474
f 1426/1426/1426 1475/1475/1475 1474/1474/1474
f 1426/1426/1426 1427/1427/1427 1475/1475/1475
f 1427/1427/1427 1476/1476/1476 1475/1475/1475
f 1427/1427/1427 1428/1428/1428 1476/1476/1476
f 1428/1428/1428 1477/1477/1477 1476/1476/1476
f 1428/1428/1428 1429/1429/1429 1477/1477/1477
f 1429/1429/1429 1478/1478/1478 1477/1477/1477
f 1429/1429/1429 1430/1430/1430 1478/1478/1478
f 1430/1430/1430 1479/1479/1479 1478/1478/1478
f 1430/1430/1430 1431/1431/1431 1479/1479/1479
f 1431/1431/1431 1480/1480/1480 1479/1479/1479
f 1431/1431/1431 1432/1432/1432 1480/1480/1480
f 1432/1432/1432 1481/1481/1481 1480/1480/1480
f 1432/1432/1432 1433/1433/1433 1481/1481/1481
f 1433/1433/1433 1482/1482/1482 1481/1481/1481
f 1433/1433/1433 1434/1434/1434 1482/1482/1482
f 1434/1434/1434 1483/1483/1483 1482/1482/1482
f 1434/1434/1434 1435/1435/1435 1483/1483/1483
f 1435/1435/1435 1484/1484/1484 1483/1483/1483
f 1435/1435/1435 1436/1436/1436 1484/1484/1484
f 1436/1436/1436 1485/1485/1485 1484/1484/1484
f 1436/1436/1436 1437/1437/1437 1485/1485/1485
f 1437/1437/1437 1486/1486/1486 1485/1485/1485
f 1437/1437/1437 1438/1438/1438 1486/1486/1486
f 1438/1438/1438 1487/1487/1487 1486/1486/1486
f 1438/1438/1438 1439/1439/1439 1487/1487/1487
f 1439/1439/1439 1488/1488/1488 1487/1487/1487
f 1439/1439/1439 1440/1440/1440 1488/1488/1488
f 1440/1440/1440 1489/1489/1489 1488/1488/1488
f 1440/1440/1440 1441/1441/1441 1489/1489/1489
f 1441/1441/1441 1490/1490/1490 1489/1489/1489
f 1441/1441/1441 1442/1442/1442 1490/1490/1490
f 1442/1442/1442 1491/1491/1491 1490/1490/1490
f 1442/1442/1442 1443/1443/1443 1491/1491/1491
f 1443/1443/1443 1492/1492/1492 1491/1491/1491
f 1443/1443/1443 1444/1444/1444 1492/1492/1492
f 1444/1444/1444 1493/1493/1493 1492/1492/1492
f 1444/1444/1444 1445/1445/1445 1493/1493/1493
f 1445/1445/1445 1494/1494/1494 1493/1493/1493
f 1445/1445/1445 1446/1446/1446 1494/1494/1494
f 1446/1446/1446 1495/1495/1495 1494/1494/1494
f 1446/1446/1446 1447/1447/1447 1495/1495/1495
f 1447/1447/1447 1496/1496/1496 1495/1495/1495
f 1447/1447/1447 1448/1448/1448 1496/1496/1496
f 1448/1448/1448 1497/1497/1497 1496/1496/1496
f 1448/1448/1448 1449/1449/1449 1497/1497/1497
f 1449/1449/1449 1498/1498/1498 1497/1497/1497
f 1449/1449/1449 1450/1450/1450 1498/1498/1498
f 1450/1450/1450 1499/1499/1499 1498/1498/1498
f 1450/1450/1450 1451/1451/1451 1499/1499/1499
f 1451/1451/1451 1500/1500/1500 1499/1499/1499
f 1451/1451/1451 1452/1452/1452 1500/1500/1500
f 1452/1452/1452 1501/1501/1501 1500/1500/1500
f 1452/1452/1452 1453/1453/1453 1501/1501/1501
f 1453/1453/1453 1502/1502/1502 1501/1501/1501
f 1453/1453/1453 1454/1454/1454 1502/1502/1502
f 1454/1454/1454 1503/1503/1503 1502/1502/1502
f 1454/1454/1454 1455/1455/1455 1503/1503/1503
f 1455/1455/1455 1504/1504/1504 1503/1503/1503
f 1455/1455/1455 1456/1456/1456 1504/1504/1504
f 1456/1456/1456 1505/1505/1505 1504/1504/1504
f 1456/1456/1456 1457/1457/1457 1505/1505/1505
f 1457/1457/1457 1506/1506/1506 1505/1505/1505
f 1457/1457/1457 1458/1458/1458 1506/1506/1506
f 1458/1458/1458 1507/1507/1507 1506/1506/1506
f 1458/1458/1458 1459/1459/1459 1507/1507/1507
f 1459/1459/1459 1508/1508/1508 1507/1507/1507
f 1459/1459/1459 1460/1460/1460 1508/1508/1508
f 1460/1460/1460 1509/1509/1509 1508/1508/1508
f 1460/1460/1460 1461/1461/1461 1509/1509/1509
f 1461/1461/1461 1510/1510/1510 1509/1509/1509
f 1461/1461/1461 1462/1462/1462 1510/1510/1510
f 1462/1462/1462 1511/1511/1511 1510/1510/1510
f 1462/1462/1462 1463/1463/1463 1511/1511/1511
f 1463/1463/1463 1512/1512/1512 1511/1511/1511
f 1463/1463/1463 1464/1464/1464 1512/1512/1512
f 1464/1464/1464 1513/1513/1513 1512/1512/1512
f 1464/1464/1464 1465/1465/1465 1513/1513/1513
f 1465/1465/1465 1514/1514/1514 1513/1513/1513
f 1465/1465/1465 1466/1466/1466 1514/1514/1514
f 1466/1466/1466 1515/1515/1515 1514/1514/1514
f 1466/1466/1466 1467/1467/1467 1515/1515/1515
f 1467/1467/1467 1516/1516/1516 1515/1515/1515
f 1467/1467/1467 1468/1468/1468 1516/1516/1516
f 1468/1468/1468 1517/1517/1517 1516/1516/1516
f 1468/1468/1468 1469/1469/1469 1517/1517/1517
f 1469/1469/1469 1518/1518/1518 1517/1517/1517
f 1469/1469/1469 1470/1470/1470 1518/1518/1518
f 1470/1470/1470 1519/1519/1519 1518/1518/1518
