# Starward Reimagined / GPL-3.0-or-later
mtllib asteroid-4.mtl
s 1
o asteroid-4_part_0
usemtl part_0
v 0 1.016191 0
v 0 1.016191 0
v 0 1.016191 0
v 0 1.016191 0
v 0 1.016191 0
v 0 1.016191 0
v 0 1.016191 0
v 0 1.016191 0
v 0 1.016191 0
v 0 1.016191 0
v 0 1.016191 0
v 0 1.016191 0
v 0 1.016191 0
v 0 1.016191 0
v 0 1.016191 0
v 0 1.016191 0
v 0 1.016191 0
v 0 1.016191 0
v 0 1.016191 0
v 0 1.016191 0
v 0 1.016191 0
v 0 1.016191 0
v 0 1.016191 0
v 0 1.016191 0
v 0 1.016191 0
v 0 1.016191 0
v 0 1.016191 0
v 0 1.016191 0
v 0 1.016191 0
v 0 1.016191 0
v 0 1.016191 0
v 0 1.016191 0
v 0 1.016191 0
v 0 1.016191 0
v 0 1.016191 0
v 0 1.016191 0
v 0 1.016191 0
v 0 1.016191 0
v 0 1.016191 0
v 0 1.016191 0
v 0 1.016191 0
v 0 1.016191 0
v 0 1.016191 0
v 0 1.016191 0
v 0 1.016191 0
v 0 1.016191 0
v 0 1.016191 0
v 0 1.016191 0
v 0 1.016191 0
v 0.1087973 1.000758 0
v 0.1095566 0.997991 0.01382959
v 0.1077769 0.995835 0.02736331
v 0.1032957 0.9940751 0.04038722
v 0.09621729 0.9925284 0.05268634
v 0.08690188 0.9910929 0.06405404
v 0.07589171 0.989767 0.07430243
v 0.06379621 0.9886498 0.08327108
v 0.05116619 0.9879192 0.09083163
v 0.03839093 0.9877906 0.09688696
v 0.02564478 0.9884433 0.1013633
v 0.01289937 0.989918 0.1041964
v -4.353153e-09 0.9920135 0.105318
v -0.0132139 0.9942237 0.1046496
v -0.02678011 0.9957808 0.1021157
v -0.0405214 0.9958313 0.09767561
v -0.05402443 0.9937081 0.09136388
v -0.06670084 0.9891949 0.08331698
v -0.07790836 0.98265 0.07376815
v -0.08708862 0.9749197 0.06300876
v -0.0938772 0.9670768 0.05133529
v -0.09816011 0.9601065 0.03900713
v -0.1000716 0.9546776 0.02623239
v -0.09994406 0.9510648 0.0131793
v -0.09822319 0.9492137 -8.809955e-09
v -0.09536573 0.9488732 -0.01314895
v -0.09173714 0.9497251 -0.02609634
v -0.08753235 0.9514721 -0.03865634
v -0.08273977 0.9538765 -0.05063457
v -0.07716074 0.9567682 -0.06183567
v -0.07048168 0.9600422 -0.07207098
v -0.06238104 0.9636605 -0.0811663
v -0.0526416 0.9676579 -0.08896877
v -0.04123729 0.972148 -0.09535266
v -0.02836955 0.9773045 -0.100221
v -0.01444435 0.983302 -0.1035
v 1.321945e-09 0.9902098 -0.1051265
v 0.01439132 0.9978614 -0.1050325
v 0.02821784 1.005762 -0.1031392
v 0.04109762 1.013107 -0.09937007
v 0.05281334 1.018949 -0.09368458
v 0.06331315 1.02248 -0.08612051
v 0.07268013 1.023307 -0.07682029
v 0.08107156 1.02159 -0.06602505
v 0.08863305 1.017974 -0.05403702
v 0.09540574 1.013353 -0.04117045
v 0.1012582 1.008589 -0.02771375
v 0.1058724 1.004294 -0.01391689
v 0.1087973 1.000758 1.85767e-08
v 0.221336 0.9877128 0
v 0.2223051 0.9895695 0.02773214
v 0.2173665 0.9900938 0.05501891
v 0.2066437 0.9893178 0.08128583
v 0.1908312 0.9874344 0.1060029
v 0.1710272 0.9846641 0.1286988
v 0.1485054 0.9812188 0.1489671
v 0.1244633 0.9772722 0.1664645
v 0.0998091 0.9729166 0.1809029
v 0.07504892 0.9681786 0.1920482
v 0.05029999 0.9631967 0.1997552
v 0.02539296 0.9585429 0.204042
v -8.601168e-09 0.9553589 0.205119
v -0.02621428 0.9548014 0.2032455
v -0.05333512 0.9567524 0.1984187
v -0.08083767 0.9588496 0.1901977
v -0.1074088 0.9573529 0.178009
v -0.1313056 0.9498392 0.1617916
v -0.151123 0.9373971 0.1423141
v -0.1663176 0.9239675 0.1207656
v -0.1770637 0.9133911 0.0980542
v -0.183772 0.9070609 0.07452728
v -0.1868525 0.9040222 0.05023593
v -0.1868194 0.9026488 0.02529621
v -0.1843928 0.9020032 -1.693059e-08
v -0.1803587 0.9020535 -0.02527956
v -0.1752782 0.9031935 -0.05018996
v -0.1692656 0.9057658 -0.07442091
v -0.1619541 0.9098855 -0.09767784
v -0.1526358 0.9154826 -0.1196566
v -0.1404978 0.9223927 -0.1400362
v -0.1248728 0.9303774 -0.1584766
v -0.1054447 0.9390566 -0.1746071
v -0.08237634 0.9478217 -0.1880102
v -0.05634284 0.9558966 -0.1982413
v -0.02844896 0.9627082 -0.2049286
v 2.579103e-09 0.9684604 -0.207932
v 0.02784909 0.9743462 -0.2074059
v 0.05438461 0.9817187 -0.2035964
v 0.07932395 0.9904532 -0.1964666
v 0.1025114 0.9980889 -0.1855835
v 0.1237081 1.00125 -0.1705487
v 0.1427845 0.9985176 -0.1515933
v 0.1600283 0.9919292 -0.1296484
v 0.176009 0.9854741 -0.1057924
v 0.1909769 0.9821728 -0.08069877
v 0.2043868 0.9824888 -0.05459625
v 0.214988 0.9849514 -0.02760262
v 0.221336 0.9877128 3.707871e-08
v 0.3356558 0.9689841 0
v 0.3366044 0.9781333 0.04190217
v 0.3278805 0.9839276 0.08357959
v 0.3101014 0.9860092 0.1238402
v 0.284827 0.9846396 0.1615802
v 0.2540687 0.9801939 0.1958393
v 0.2198738 0.9730783 0.2258258
v 0.183968 0.9637342 0.250937
v 0.1475114 0.9526349 0.2707684
v 0.11105 0.940493 0.2851752
v 0.07463064 0.9289129 0.2944826
v 0.03787841 0.9208951 0.2996536
v -1.293941e-08 0.9194004 0.3017488
v -0.0397504 0.9234704 0.3004916
v -0.08088688 0.9265809 0.2937433
v -0.121283 0.9226914 0.2797774
v -0.1587789 0.9138411 0.259742
v -0.1923264 0.9062926 0.2359804
v -0.2205268 0.8999096 0.2088453
v -0.2410938 0.8892416 0.1776673
v -0.2534754 0.8743362 0.1434793
v -0.2600932 0.8622062 0.1082908
v -0.2638464 0.8579217 0.072876
v -0.2659076 0.8601443 0.03684762
v -0.2662337 0.8649171 -2.481647e-08
v -0.2647468 0.8699381 -0.03726722
v -0.2614454 0.8750364 -0.07432991
v -0.2559358 0.8807521 -0.1106201
v -0.2472541 0.8873627 -0.145617
v -0.2341246 0.8947332 -0.1787646
v -0.2153954 0.9024866 -0.2094434
v -0.1904211 0.9101174 -0.2369763
v -0.1592908 0.9169605 -0.2606286
v -0.1229007 0.9222119 -0.2796321
v -0.0828902 0.9254767 -0.2933933
v -0.04132531 0.9279804 -0.3019592
v 3.71965e-09 0.9329445 -0.306194
v 0.04019139 0.9426289 -0.3067257
v 0.0788345 0.9537126 -0.3023445
v 0.1150274 0.9587993 -0.290726
v 0.1480231 0.9557534 -0.2716548
v 0.1788212 0.951335 -0.2477085
v 0.2090758 0.9512379 -0.2207572
v 0.2384543 0.9524826 -0.1903027
v 0.2652442 0.9506562 -0.1560034
v 0.2888407 0.9481491 -0.119085
v 0.3094127 0.9503608 -0.0807282
v 0.3258485 0.9584394 -0.04105837
v 0.3356558 0.9689841 5.560477e-08
v 0.4517619 0.9505597 0
v 0.4451491 0.9506755 0.05580563
v 0.4286388 0.9525835 0.1108785
v 0.4033252 0.9553036 0.1644103
v 0.369921 0.9554682 0.2148495
v 0.3300954 0.9510698 0.2603799
v 0.2862045 0.9421736 0.2996152
v 0.2406193 0.9309218 0.3321451
v 0.1950357 0.9213211 0.3588307
v 0.1495745 0.9167889 0.380919
v 0.1024616 0.9144218 0.3972266
v 0.05216885 0.9041338 0.4031338
v -1.750736e-08 0.8849184 0.3979708
v -0.05303826 0.8776385 0.3913201
v -0.108642 0.8911981 0.3871382
v -0.1627301 0.8935104 0.371247
v -0.2084333 0.8729671 0.3399981
v -0.2504023 0.8669366 0.3093157
v -0.2888202 0.8740777 0.2779604
v -0.311904 0.8587788 0.2351128
v -0.3240875 0.8377879 0.1883875
v -0.3386862 0.8410364 0.1447446
v -0.3519731 0.8524189 0.09921951
v -0.3560359 0.8505342 0.04992718
v -0.3542372 0.8416408 -3.30902e-08
v -0.3526997 0.8387107 -0.0492332
v -0.3518388 0.8440881 -0.09824998
v -0.3483228 0.8537489 -0.1469325
v -0.3388009 0.8642209 -0.1943313
v -0.3210254 0.8738632 -0.2392427
v -0.2938175 0.8817706 -0.2804069
v -0.257247 0.8875963 -0.3166869
v -0.2128897 0.8927859 -0.347717
v -0.1632601 0.9009326 -0.3743309
v -0.1102468 0.9130067 -0.3966119
v -0.05489939 0.9198274 -0.4101313
v 4.848695e-09 0.9097854 -0.4091541
v 0.05099109 0.8945491 -0.3988602
v 0.0998058 0.8996257 -0.3907991
v 0.1478888 0.9113354 -0.3786531
v 0.1898727 0.8983602 -0.3498881
v 0.2292454 0.8850355 -0.3157732
v 0.2747722 0.8982012 -0.2856317
v 0.3176797 0.9057907 -0.2479836
v 0.3511664 0.89597 -0.2014704
v 0.3852465 0.9013113 -0.1551181
v 0.4206565 0.926186 -0.1078058
v 0.4447766 0.9454986 -0.05550155
v 0.4517619 0.9505597 7.474497e-08
v 0.542669 0.885981 0
v 0.536634 0.8968068 0.06826542
v 0.5176997 0.9057164 0.1367076
v 0.4870623 0.9107074 0.2032463
v 0.4471532 0.9110844 0.265664
v 0.4006669 0.9068011 0.3219314
v 0.3500302 0.8985103 0.3705205
v 0.2970253 0.8876484 0.4106878
v 0.2425047 0.8762104 0.4425305
v 0.1864267 0.8666579 0.4669466
v 0.1280788 0.861863 0.4854966
v 0.06616791 0.8625377 0.4987132
v -2.265738e-08 0.863093 0.5033404
v -0.06840557 0.8578354 0.4959943
v -0.1359971 0.85132 0.4795576
v -0.2001104 0.8456538 0.4556298
v -0.2572037 0.8375198 0.4229898
v -0.307599 0.8351145 0.386382
v -0.3506713 0.8370619 0.3451809
v -0.3825699 0.8335897 0.2959399
v -0.4060022 0.8296054 0.2419055
v -0.4226765 0.8253036 0.1841863
v -0.4322551 0.8170367 0.1233224
v -0.4389332 0.8101484 0.06166888
v -0.4453794 0.8082556 -4.120761e-08
v -0.4497831 0.8092278 -0.06159888
v -0.4495775 0.811413 -0.1224737
v -0.4429183 0.8153467 -0.1819643
v -0.4281253 0.8219672 -0.2396782
v -0.403614 0.8315478 -0.2952152
v -0.368339 0.8435314 -0.3478488
v -0.3221992 0.8565533 -0.396301
v -0.2662371 0.8684996 -0.4386362
v -0.2027253 0.8770577 -0.47255
v -0.1350377 0.881339 -0.4964676
v -0.06664914 0.8822899 -0.5101338
v 5.927962e-09 0.8781283 -0.5121087
v 0.06267739 0.8642068 -0.4996782
v 0.120167 0.8458195 -0.476459
v 0.1745399 0.8330811 -0.4488557
v 0.2273728 0.8243161 -0.4163212
v 0.2811828 0.823338 -0.3809333
v 0.3382791 0.8336388 -0.3437692
v 0.3932003 0.8431368 -0.2993294
v 0.4428833 0.8511878 -0.2481986
v 0.486308 0.8617812 -0.1923272
v 0.5180814 0.8700191 -0.1313194
v 0.53638 0.8766816 -0.06673325
v 0.542669 0.885981 9.034064e-08
v 0.6082767 0.8006025 0
v 0.6052884 0.8206756 0.07861312
v 0.5926803 0.8436034 0.1602361
v 0.564042 0.8570074 0.2406856
v 0.5222375 0.8605745 0.3157798
v 0.4714102 0.8563949 0.3826018
v 0.4139448 0.8451493 0.4385754
v 0.3509569 0.8265368 0.4812322
v 0.2838983 0.8019364 0.5096786
v 0.2165549 0.7823038 0.5304159
v 0.1511098 0.7880381 0.5586205
v 0.08020491 0.8121845 0.5909477
v -2.740587e-08 0.8154472 0.5984415
v -0.08274407 0.8170716 0.5945036
v -0.165685 0.8248265 0.5846989
v -0.2338827 0.79181 0.5368614
v -0.3008568 0.7916593 0.5031469
v -0.361206 0.7972853 0.4642012
v -0.4088237 0.7953343 0.4127248
v -0.4598586 0.8149356 0.3640794
v -0.4764176 0.7884808 0.2893257
v -0.4938978 0.7751712 0.2177023
v -0.513766 0.7722265 0.1466786
v -0.5170576 0.7516057 0.0719968
v -0.528597 0.7485222 -4.802364e-08
v -0.5472446 0.7633383 -0.07312077
v -0.5544778 0.7746766 -0.1471441
v -0.5453917 0.7792824 -0.2188569
v -0.5226446 0.7834595 -0.2874831
v -0.4877751 0.7910469 -0.3534071
v -0.4407726 0.8019196 -0.4161422
v -0.3813245 0.8125615 -0.4730954
v -0.3099967 0.816568 -0.5189778
v -0.2311889 0.8119751 -0.5505337
v -0.1532307 0.8142393 -0.5771938
v -0.07746767 0.8338286 -0.6066961
v 6.943827e-09 0.8323268 -0.6108291
v 0.07246222 0.8031904 -0.5844036
v 0.141389 0.7918407 -0.561316
v 0.2006485 0.7554215 -0.5121893
v 0.2604437 0.738017 -0.469054
v 0.3346156 0.7602035 -0.4426111
v 0.3991091 0.7615786 -0.3952077
v 0.4758761 0.7922285 -0.3539349
v 0.5274209 0.7909744 -0.2902405
v 0.5608254 0.7804264 -0.2191782
v 0.5990697 0.7976353 -0.1515047
v 0.6112855 0.799162 -0.07655206
v 0.6082767 0.8006025 1.0273e-07
v 0.682285 0.7409989 0
v 0.6722398 0.7535542 0.08945703
v 0.655279 0.7699412 0.1812408
v 0.627237 0.7828521 0.2724719
v 0.5879403 0.7896276 0.3590828
v 0.5382982 0.7894296 0.4370819
v 0.4781927 0.7805808 0.5020016
v 0.407897 0.7617205 0.5496225
v 0.3304307 0.7357992 0.5795517
v 0.2517952 0.7154007 0.601128
v 0.1737001 0.7138651 0.6271366
v 0.0901354 0.7228897 0.6518428
v -3.113247e-08 0.7399208 0.6729572
v -0.09623735 0.7672648 0.6918566
v -0.1876457 0.760129 0.6677799
v -0.2692322 0.7485411 0.6289748
v -0.3398049 0.7380576 0.5813305
v -0.4074075 0.7438779 0.5367482
v -0.4719518 0.757897 0.4874134
v -0.5162047 0.7517859 0.4162396
v -0.545343 0.7355461 0.3344893
v -0.5565531 0.7057558 0.2456384
v -0.5844904 0.7023423 0.1653283
v -0.6142707 0.7062252 0.08383837
v -0.6356041 0.7080285 -5.629601e-08
v -0.654655 0.7179641 -0.08523203
v -0.6607676 0.728105 -0.171393
v -0.6473516 0.734032 -0.25548
v -0.6166308 0.7396966 -0.3363767
v -0.5712406 0.7482775 -0.4142974
v -0.511603 0.7584893 -0.4877944
v -0.4373896 0.7649826 -0.5519763
v -0.3506149 0.7618289 -0.6000541
v -0.2588115 0.7516488 -0.6315863
v -0.1705934 0.7487513 -0.6577845
v -0.08479968 0.7507032 -0.6769227
v 7.585441e-09 0.7425765 -0.6753726
v 0.08256689 0.7389166 -0.6662945
v 0.1589896 0.7124345 -0.6258798
v 0.2276656 0.6791195 -0.570642
v 0.3014559 0.6720833 -0.529366
v 0.3807309 0.6796075 -0.4903735
v 0.4732831 0.7118831 -0.4578211
v 0.5424052 0.7153386 -0.39606
v 0.6015677 0.7205724 -0.3276798
v 0.6326095 0.7094631 -0.2469288
v 0.6589145 0.7130163 -0.1678408
v 0.6818908 0.73121 -0.08680417
v 0.682285 0.7409989 1.17835e-07
v 0.7318351 0.6606215 0
v 0.7139854 0.6644509 0.09729444
v 0.6860986 0.6664969 0.1935182
v 0.6538239 0.6699191 0.2876004
v 0.6191764 0.676196 0.3792888
v 0.5779588 0.6821418 0.4658534
v 0.5252487 0.6837916 0.5424206
v 0.4587727 0.6790169 0.6043307
v 0.3788182 0.6670933 0.6481039
v 0.2883242 0.6490926 0.6727433
v 0.1944914 0.6365145 0.6897306
v 0.09973118 0.6420117 0.714067
v -3.389613e-08 0.652361 0.7318388
v -0.103111 0.6714172 0.7467726
v -0.2046493 0.6831862 0.7403043
v -0.2965929 0.6836225 0.7085314
v -0.3792557 0.6844007 0.6649186
v -0.4531987 0.6861244 0.6106564
v -0.5134495 0.6806039 0.539892
v -0.5427578 0.6489152 0.4431618
v -0.5944659 0.6507615 0.3650222
v -0.6384146 0.6487266 0.2785022
v -0.6764492 0.6459052 0.1875393
v -0.7076367 0.6434734 0.09422265
v -0.7368588 0.6485721 -6.360779e-08
v -0.7501783 0.6519666 -0.09546643
v -0.7404351 0.6499728 -0.1887206
v -0.714128 0.6499416 -0.2790239
v -0.6749629 0.6558614 -0.3678828
v -0.6232393 0.6675065 -0.4558586
v -0.5583244 0.6821932 -0.5411527
v -0.4799647 0.6955616 -0.6190556
v -0.3890696 0.7018971 -0.681917
v -0.2826905 0.6809955 -0.7058088
v -0.1825859 0.6621792 -0.717541
v -0.09127228 0.662406 -0.7367502
v 8.178637e-09 0.6502413 -0.7294608
v 0.08850222 0.6371614 -0.7086723
v 0.1760712 0.6280541 -0.6805627
v 0.2592954 0.6112302 -0.6335013
v 0.3487639 0.6135125 -0.5960484
v 0.4396981 0.6213303 -0.5529891
v 0.5355179 0.6417555 -0.5090751
v 0.611457 0.647943 -0.442498
v 0.6746697 0.6555596 -0.3677134
v 0.7108053 0.6530604 -0.2803628
v 0.7399577 0.6612189 -0.1919855
v 0.7428322 0.6606312 -0.09673478
v 0.7318351 0.6606215 1.29579e-07
v 0.745025 0.5564016 0
v 0.7177082 0.5504549 0.0998903
v 0.698514 0.5546333 0.1995749
v 0.6735172 0.5583097 0.2970426
v 0.6459646 0.564752 0.3925831
v 0.612663 0.5737007 0.4855526
v 0.565488 0.5806826 0.5708573
v 0.4983059 0.5806185 0.6404147
v 0.4102395 0.5696295 0.6858465
v 0.3117592 0.556201 0.7144156
v 0.2147792 0.5624023 0.7552569
v 0.108745 0.5653 0.7792045
v -3.570822e-08 0.5593373 0.7776383
v -0.1068187 0.5703912 0.786222
v -0.2087728 0.5747331 0.7718161
v -0.3185248 0.6068373 0.7794558
v -0.4129402 0.6145588 0.7399424
v -0.4999018 0.6204243 0.68432
v -0.5323662 0.5760135 0.5662673
v -0.5436451 0.5268339 0.4458867
v -0.6483385 0.5667236 0.3939537
v -0.7394883 0.5939637 0.3160118
v -0.7619165 0.5728231 0.2061201
v -0.7855053 0.5617205 0.1019346
v -0.7897957 0.5475597 -6.655181e-08
v -0.8051481 0.5543523 -0.1005976
v -0.7975075 0.5593796 -0.201283
v -0.7644314 0.5611905 -0.2985753
v -0.7175847 0.5677432 -0.3946624
v -0.6596027 0.5797722 -0.4906914
v -0.5893455 0.5940272 -0.5839764
v -0.5060364 0.6060537 -0.6684694
v -0.4086586 0.6083997 -0.7325267
v -0.3045888 0.6022632 -0.7735806
v -0.2019304 0.595664 -0.7999245
v -0.09994744 0.5847207 -0.8059738
v 8.710872e-09 0.5536629 -0.7697492
v 0.09575371 0.5459017 -0.752466
v 0.1893676 0.5317274 -0.7140631
v 0.3003932 0.5564566 -0.7147439
v 0.4021948 0.5580568 -0.6719128
v 0.5075159 0.5698816 -0.6285721
v 0.5915347 0.5672309 -0.5576332
v 0.6855926 0.5876282 -0.4973402
v 0.7591599 0.6022734 -0.4186656
v 0.8035084 0.6073205 -0.3231182
v 0.8011955 0.5911487 -0.2127142
v 0.7904103 0.5815803 -0.1055382
v 0.745025 0.5564016 1.352529e-07
v 0.7870084 0.4755566 0
v 0.7467474 0.4599523 0.1050355
v 0.7317034 0.461666 0.2090497
v 0.72019 0.4691227 0.3140882
v 0.7007229 0.4773271 0.417553
v 0.6703498 0.4868346 0.5185063
v 0.6197571 0.4932822 0.6102474
v 0.5401666 0.4890916 0.6788633
v 0.4380429 0.4750293 0.7197415
v 0.3351441 0.471126 0.761514
v 0.2290193 0.4770789 0.8062309
v 0.1128753 0.4707209 0.8165026
v -3.785423e-08 0.4801376 0.8400232
v -0.1063108 0.4616598 0.8007854
v -0.2142959 0.4809386 0.8127535
v -0.3221834 0.4992938 0.8070437
v -0.4401685 0.528901 0.8013653
v -0.5233518 0.52083 0.7229164
v -0.5712124 0.490417 0.6067027
v -0.6345365 0.4807186 0.5119922
v -0.7236401 0.4924524 0.4307843
v -0.826431 0.5151648 0.3449143
v -0.8155258 0.474892 0.2150386
v -0.8464473 0.4699041 0.107308
v -0.8489825 0.4595377 -7.028638e-08
v -0.847591 0.4591978 -0.1048632
v -0.8492065 0.4738213 -0.2145541
v -0.8237222 0.4860498 -0.3254212
v -0.7752218 0.4967963 -0.4345841
v -0.7111514 0.5084772 -0.5415571
v -0.6302606 0.5171465 -0.6397704
v -0.5295738 0.5153062 -0.7152493
v -0.4143111 0.4993422 -0.7565793
v -0.306186 0.4867663 -0.7867947
v -0.210348 0.4932213 -0.8335106
v -0.104838 0.482651 -0.8371963
v 9.663967e-09 0.4780578 -0.8363844
v 0.1032517 0.4560169 -0.7909973
v 0.2131337 0.4629973 -0.782434
v 0.3315527 0.4771273 -0.7712142
v 0.4658917 0.5068648 -0.7679772
v 0.5584776 0.4949184 -0.6869509
v 0.6550995 0.5008494 -0.6196088
v 0.7549548 0.5203496 -0.5542017
v 0.8278466 0.5315287 -0.4649668
v 0.8674092 0.5327635 -0.3566972
v 0.8370781 0.5030193 -0.227775
v 0.813141 0.4868632 -0.1111805
v 0.7870084 0.4755566 1.45473e-07
v 0.847268 0.3974835 0
v 0.8215041 0.3883893 0.1150129
v 0.7828596 0.3760146 0.2207917
v 0.7606956 0.3744507 0.3250993
v 0.7411911 0.3797655 0.4307916
v 0.7112749 0.3883128 0.5363035
v 0.6603007 0.3963952 0.6359093
v 0.5822964 0.4003819 0.7206474
v 0.4840015 0.402645 0.7911061
v 0.3681833 0.4009098 0.8403181
v 0.2361687 0.3834262 0.8402476
v 0.1167163 0.3826134 0.8606181
v -3.757683e-08 0.3763913 0.8539281
v -0.1105441 0.3801599 0.8550994
v -0.2147423 0.3809169 0.8347487
v -0.3336133 0.4054894 0.8499171
v -0.4396612 0.4116122 0.8087246
v -0.547347 0.4194742 0.7550116
v -0.6630505 0.4320897 0.6931715
v -0.7247652 0.4141979 0.5720534
v -0.8371392 0.4285997 0.4861874
v -0.8554566 0.4012703 0.348384
v -0.8996146 0.3953123 0.232123
v -0.9016072 0.379604 0.1124112
v -0.9273618 0.3847314 -7.630692e-08
v -0.9022892 0.3779743 -0.1119288
v -0.87116 0.3787564 -0.2224018
v -0.8421091 0.390236 -0.3388042
v -0.7984148 0.4038395 -0.4581002
v -0.735955 0.4157486 -0.5741954
v -0.6515079 0.4213232 -0.6758996
v -0.5454502 0.4161679 -0.7490605
v -0.4329404 0.4056876 -0.797084
v -0.327809 0.4007373 -0.8399568
v -0.2165784 0.3876153 -0.8494278
v -0.1098535 0.3824952 -0.8603521
v 1.036792e-08 0.3857523 -0.8751656
v 0.1151984 0.3821532 -0.8595829
v 0.236076 0.3868391 -0.8477266
v 0.3687406 0.4034845 -0.8457146
v 0.4882837 0.4064201 -0.7985232
v 0.6125257 0.4203365 -0.7565637
v 0.7091519 0.4232751 -0.6790305
v 0.7895568 0.4271388 -0.5899264
v 0.8642455 0.437345 -0.4961073
v 0.8678534 0.4209085 -0.3654341
v 0.8847308 0.4189295 -0.2459906
v 0.8485491 0.3984801 -0.1180007
v 0.847268 0.3974835 1.576723e-07
v 0.8769342 0.2995411 0
v 0.8676429 0.2954611 0.1198911
v 0.8404043 0.2882028 0.2318907
v 0.8015155 0.2805067 0.3337119
v 0.7678779 0.279543 0.4345177
v 0.7325884 0.2851119 0.5395744
v 0.685388 0.2954354 0.6494359
v 0.6184088 0.3084691 0.7607941
v 0.5203146 0.3172825 0.8542117
v 0.3861732 0.3106462 0.8922163
v 0.2492609 0.3014579 0.9052308
v 0.117407 0.2878995 0.8873568
v -3.689751e-08 0.2771996 0.8617503
v -0.1116813 0.2871497 0.8850458
v -0.2287589 0.3006656 0.9028514
v -0.3319299 0.2973077 0.8539066
v -0.451526 0.3079423 0.8290654
v -0.5805644 0.3207288 0.7910309
v -0.696654 0.3252487 0.7149726
v -0.7932472 0.3230675 0.6114052
v -0.8428105 0.3073755 0.4777802
v -0.9168552 0.3073038 0.3655916
v -0.9686759 0.3062313 0.2463965
v -0.9813858 0.3001078 0.1217765
v -0.9532031 0.2891601 -7.858718e-08
v -0.9338458 0.2890249 -0.1172795
v -0.8795865 0.2845847 -0.2289797
v -0.8253284 0.2859174 -0.3401488
v -0.7770123 0.2942803 -0.457425
v -0.7200977 0.3038896 -0.5751113
v -0.6468533 0.3106156 -0.6828056
v -0.5608138 0.3146339 -0.7759986
v -0.4656817 0.3170494 -0.8535842
v -0.3506701 0.3087191 -0.8866817
v -0.2308046 0.2951864 -0.8863983
v -0.1174393 0.2908597 -0.8964807
v 1.067887e-08 0.2823875 -0.8778782
v 0.1263595 0.2994806 -0.9230517
v 0.2593208 0.3059385 -0.9186853
v 0.3822123 0.3029753 -0.8701845
v 0.510062 0.3106866 -0.8364539
v 0.6310498 0.3194898 -0.7879751
v 0.7433018 0.3298026 -0.7249829
v 0.813947 0.3285801 -0.6218379
v 0.8353693 0.3159559 -0.4911172
v 0.8947588 0.3234524 -0.3848034
v 0.9073437 0.3185166 -0.2562812
v 0.9195303 0.3166371 -0.1284833
v 0.8769342 0.2995411 1.62817e-07
v 0.9275362 0.2043601 0
v 0.8872957 0.1936424 0.1201126
v 0.8773387 0.1917782 0.2358772
v 0.8599616 0.19175 0.3487107
v 0.8261441 0.1924767 0.4573393
v 0.782317 0.1963568 0.5680459
v 0.7225747 0.2027011 0.6811323
v 0.6341862 0.207578 0.7825971
v 0.5157688 0.2078896 0.8555667
v 0.3894441 0.2088317 0.9168583
v 0.2525842 0.2047154 0.9396902
v 0.1155099 0.1903447 0.8968084
v -3.752598e-08 0.1889175 0.8977649
v -0.1123669 0.1923017 0.9060291
v -0.2335647 0.2022311 0.9282867
v -0.3551578 0.2069366 0.908538
v -0.4661864 0.2053779 0.8452294
v -0.6135617 0.2174071 0.8196542
v -0.7532863 0.22482 0.7554581
v -0.8200079 0.2133783 0.6172878
v -0.8941052 0.2089902 0.4965767
v -0.9666527 0.2090264 0.3801291
v -1.002194 0.2059991 0.253368
v -1.016666 0.2041425 0.1266255
v -0.9774417 0.1965062 -8.163779e-08
v -0.9246837 0.1909443 -0.1184391
v -0.8938304 0.1940783 -0.2387064
v -0.8477468 0.1972128 -0.3586453
v -0.7954453 0.2015448 -0.4788858
v -0.7409557 0.2076798 -0.6008028
v -0.6757709 0.2134386 -0.7172136
v -0.5906485 0.2158114 -0.8136382
v -0.4817132 0.2119126 -0.872123
v -0.3669651 0.2071047 -0.9092759
v -0.2521148 0.2056265 -0.9438725
v -0.1223706 0.1931607 -0.9100761
v 1.153431e-08 0.195275 -0.9279767
v 0.1296353 0.1978474 -0.9321576
v 0.2707818 0.2078238 -0.9539582
v 0.3953709 0.2057659 -0.9033979
v 0.5042776 0.2030535 -0.8356635
v 0.6438331 0.2172373 -0.8190142
v 0.751622 0.223032 -0.7494496
v 0.7973617 0.2156166 -0.6237631
v 0.8593484 0.2170722 -0.51578
v 0.9004019 0.2162304 -0.3932301
v 0.9398105 0.2170746 -0.2669902
v 0.9366475 0.210442 -0.1305326
v 0.9275361 0.2043601 1.698013e-07
v 0.9576991 0.102177 0
v 0.9634457 0.1012771 0.1270439
v 0.9252567 0.09744702 0.2423871
v 0.8909397 0.09606927 0.3533206
v 0.8583208 0.09745525 0.4682955
v 0.8112561 0.1001943 0.5861856
v 0.7381611 0.1028263 0.6987697
v 0.636445 0.1042811 0.7950916
v 0.5150639 0.1046626 0.871098
v 0.3737786 0.1014694 0.9009382
v 0.2339805 0.09629238 0.8938826
v 0.1171749 0.0976838 0.9307561
v -3.807055e-08 0.09629754 0.925465
v -0.1174185 0.0998107 0.9510217
v -0.2384718 0.1016695 0.9437988
v -0.3691218 0.1048695 0.9311279
v -0.5190827 0.1105498 0.9200963
v -0.6443612 0.1103006 0.840987
v -0.7513025 0.1083316 0.7361815
v -0.8704538 0.1098913 0.6429174
v -0.9395165 0.1072109 0.5151739
v -0.9731709 0.1033978 0.380273
v -1.011421 0.1031574 0.256591
v -1.001748 0.1006307 0.1262329
v -1.009381 0.1025038 -8.612108e-08
v -0.9764727 0.1023193 -0.1283513
v -0.9122736 0.1004986 -0.2499779
v -0.8633184 0.1015064 -0.3733169
v -0.818931 0.1040669 -0.5000663
v -0.769464 0.1071268 -0.626744
v -0.703844 0.1093696 -0.7432356
v -0.6139442 0.1094428 -0.8344468
v -0.5088158 0.1084132 -0.9023139
v -0.3905962 0.1063673 -0.9444267
v -0.2561655 0.1007613 -0.9353675
v -0.1328067 0.1015974 -0.9680459
v 1.184267e-08 0.09766362 -0.9385936
v 0.1311463 0.09834042 -0.9370124
v 0.2617196 0.09942251 -0.9229395
v 0.3916945 0.1019994 -0.9056444
v 0.5210472 0.1059078 -0.8814616
v 0.6164964 0.1052127 -0.8021944
v 0.713683 0.1072459 -0.7288035
v 0.8201758 0.1118451 -0.6543478
v 0.8731063 0.1105761 -0.5313441
v 0.9186912 0.1096757 -0.4033617
v 0.9418733 0.1072587 -0.2667922
v 0.951912 0.104408 -0.1309709
v 0.9576992 0.102177 1.71693e-07
v 0.9976918 -4.317438e-08 0
v 0.9832917 -4.192479e-08 0.1264558
v 0.976957 -4.193251e-08 0.2507941
v 0.9447029 -4.185082e-08 0.3700956
v 0.8983524 -4.229316e-08 0.488664
v 0.8413736 -4.349478e-08 0.6118634
v 0.7607766 -4.472285e-08 0.7307766
v 0.6436574 -4.476126e-08 0.8206145
v 0.492013 -4.258302e-08 0.8521917
v 0.3458516 -4.010291e-08 0.8561729
v 0.2273335 -3.98459e-08 0.889401
v 0.1133796 -3.998838e-08 0.9161627
v -4.079035e-08 -4.29789e-08 0.9931745
v -0.1210879 -4.254392e-08 0.9747118
v -0.2474619 -4.321134e-08 0.9645211
v -0.3987831 -4.608846e-08 0.9839606
v -0.5418634 -4.689748e-08 0.9385348
v -0.6575922 -4.575183e-08 0.8387746
v -0.7659759 -4.504104e-08 0.7359759
v -0.8643243 -4.474664e-08 0.6294737
v -0.9469972 -4.472389e-08 0.5167492
v -0.9782771 -4.342342e-08 0.3840022
v -0.973143 -4.176164e-08 0.249772
v -1.020811 -4.356243e-08 0.1313952
v -1.018199 -4.406181e-08 -8.901377e-08
v -1.004839 -4.485253e-08 -0.1352867
v -0.9689298 -4.524484e-08 -0.270605
v -0.8980774 -4.446452e-08 -0.3932091
v -0.8311311 -4.412711e-08 -0.5098537
v -0.7782927 -4.485159e-08 -0.6309506
v -0.7264034 -4.629118e-08 -0.7564036
v -0.6532819 -4.743266e-08 -0.8695894
v -0.5384423 -4.660141e-08 -0.9326096
v -0.3983831 -4.405602e-08 -0.9405695
v -0.2714479 -4.354984e-08 -0.9720768
v -0.1362552 -4.277495e-08 -0.9800049
v 1.258924e-08 -4.30887e-08 -0.9957118
v 0.1284866 -4.01992e-08 -0.9209927
v 0.2574433 -4.120821e-08 -0.9198091
v 0.3844371 -4.247895e-08 -0.9068996
v 0.4988863 -4.31779e-08 -0.8640966
v 0.5938184 -4.320566e-08 -0.7920952
v 0.6836956 -4.36775e-08 -0.7136952
v 0.7889018 -4.543028e-08 -0.6390909
v 0.8941506 -4.72761e-08 -0.5462377
v 0.9224041 -4.560398e-08 -0.4032855
v 0.940007 -4.394905e-08 -0.2628546
v 0.9790472 -4.372676e-08 -0.1318906
v 0.9976918 -4.317438e-08 1.74442e-07
v 1.005378 -0.1020876 0
v 1.006906 -0.1011722 0.126912
v 0.9635513 -0.09800097 0.2437645
v 0.9241604 -0.09787814 0.3599724
v 0.8816983 -0.1002643 0.4817925
v 0.8152969 -0.1026574 0.6005945
v 0.7165874 -0.1032234 0.7014665
v 0.5947478 -0.1018206 0.7763296
v 0.4699018 -0.1003152 0.8349128
v 0.3421824 -0.0975448 0.8660906
v 0.2220394 -0.09506339 0.882472
v 0.1178426 -0.1001491 0.9542442
v -4.041616e-08 -0.1018814 0.9791265
v -0.1287304 -0.1068957 1.018527
v -0.2639784 -0.1083527 1.005836
v -0.4033957 -0.1095226 0.9724399
v -0.551116 -0.1121655 0.9335419
v -0.6624827 -0.1087319 0.8290247
v -0.7487249 -0.104381 0.7093334
v -0.8487081 -0.1051066 0.6149232
v -0.9075582 -0.1033714 0.4967228
v -0.9428315 -0.1019139 0.3748147
v -0.9924151 -0.1046818 0.260382
v -0.9989413 -0.1050027 0.1317169
v -1.022321 -0.1089014 -9.149595e-08
v -0.9997311 -0.1094269 -0.1372669
v -0.9365097 -0.1066812 -0.2653556
v -0.8788031 -0.1051834 -0.3868396
v -0.8216856 -0.1043981 -0.5016566
v -0.7656181 -0.1046897 -0.6124846
v -0.7063946 -0.1061737 -0.7215157
v -0.6324183 -0.1079344 -0.8229442
v -0.5408417 -0.1100274 -0.9157465
v -0.42385 -0.110743 -0.9832762
v -0.2786214 -0.106218 -0.9860198
v -0.1411957 -0.1063523 -1.01335
v 1.239136e-08 -0.1024515 -0.9846055
v 0.1341726 -0.1026861 -0.9784169
v 0.2514602 -0.0988696 -0.917805
v 0.3662759 -0.09975457 -0.8857109
v 0.478162 -0.1020342 -0.8492199
v 0.5589842 -0.100049 -0.7628217
v 0.6512064 -0.101624 -0.6905974
v 0.7676048 -0.1068831 -0.6253169
v 0.844724 -0.1071662 -0.5149575
v 0.9212694 -0.1080334 -0.397321
v 0.9714554 -0.1068741 -0.2658351
v 0.996765 -0.1044492 -0.1310223
v 1.005378 -0.1020876 1.715424e-07
v 1.015009 -0.2044115 0
v 0.9702497 -0.1942909 0.1205147
v 0.9509277 -0.1948306 0.2396314
v 0.9211369 -0.1986595 0.3612761
v 0.866089 -0.2021828 0.4804015
v 0.7873271 -0.2047102 0.5922113
v 0.6854142 -0.2046219 0.6875862
v 0.5655708 -0.2008181 0.7571113
v 0.442465 -0.1953946 0.8041431
v 0.3379759 -0.1974888 0.8670574
v 0.2324854 -0.2013537 0.9242585
v 0.1159539 -0.198085 0.9332765
v -4.111272e-08 -0.2061846 0.97982
v -0.130367 -0.2142967 1.009658
v -0.2752841 -0.2231715 1.024407
v -0.4130548 -0.2218149 0.9738594
v -0.5233756 -0.2110911 0.8687418
v -0.6513104 -0.2134974 0.8049138
v -0.7595653 -0.2137094 0.7181229
v -0.7950099 -0.1997235 0.5777851
v -0.8494922 -0.19815 0.4708194
v -0.9193755 -0.2052827 0.3733206
v -0.9672858 -0.2113737 0.2599783
v -1.00287 -0.2181728 0.1353282
v -0.9859416 -0.2166505 -9.000664e-08
v -0.9492178 -0.2131101 -0.132188
v -0.9222336 -0.2132456 -0.262281
v -0.8671578 -0.2086585 -0.3794599
v -0.8010411 -0.2029046 -0.4821165
v -0.7417243 -0.2008594 -0.5810714
v -0.6893918 -0.2045129 -0.6872201
v -0.6288736 -0.2120664 -0.7995188
v -0.5389059 -0.2176273 -0.8956416
v -0.4235413 -0.2212567 -0.9714088
v -0.2897196 -0.2232216 -1.024637
v -0.1363808 -0.2087234 -0.983399
v 1.211653e-08 -0.2055493 -0.9768012
v 0.1276117 -0.2016096 -0.9498827
v 0.2526076 -0.2060269 -0.9457098
v 0.3510333 -0.1983439 -0.870812
v 0.4304226 -0.1903264 -0.7832851
v 0.5461622 -0.2004339 -0.7556626
v 0.6466824 -0.2047821 -0.6881244
v 0.7094768 -0.1993303 -0.5766477
v 0.8116127 -0.2054733 -0.4882197
v 0.9042302 -0.210078 -0.3820414
v 0.9899947 -0.2150282 -0.2644731
v 1.015468 -0.2102131 -0.1303906
v 1.015009 -0.2044115 1.69844e-07
v 0.988901 -0.3006432 0
v 0.9783496 -0.299123 0.1213769
v 0.9398013 -0.2966158 0.2386597
v 0.8816347 -0.2950411 0.351003
v 0.8171344 -0.2978388 0.462956
v 0.7377046 -0.3005477 0.5687862
v 0.6420994 -0.3004314 0.6604179
v 0.5411224 -0.2998878 0.7396291
v 0.4387182 -0.2997028 0.8068819
v 0.3285789 -0.2944912 0.8458167
v 0.2259609 -0.2971881 0.8924087
v 0.1171327 -0.3005848 0.9264544
v -4.065047e-08 -0.3048177 0.9476079
v -0.131462 -0.3225365 0.9941133
v -0.2761293 -0.3348513 1.005505
v -0.4001216 -0.3223708 0.9258904
v -0.5228963 -0.3189435 0.8586832
v -0.6343828 -0.31691 0.7816119
v -0.7181774 -0.3103519 0.6822254
v -0.7798014 -0.3042549 0.5758018
v -0.8034335 -0.2927498 0.4550458
v -0.8676215 -0.3035233 0.3610938
v -0.9255444 -0.3165562 0.2547038
v -0.9551718 -0.3238597 0.1314143
v -0.947593 -0.3222701 -8.758569e-08
v -0.9450183 -0.3249068 -0.1318394
v -0.8976446 -0.3152868 -0.2536828
v -0.8404151 -0.3045315 -0.3622935
v -0.7881028 -0.2983998 -0.4638282
v -0.7301756 -0.2946147 -0.5575581
v -0.6749505 -0.2987092 -0.6566322
v -0.6149521 -0.3109841 -0.7669964
v -0.5371506 -0.328114 -0.8833727
v -0.4180116 -0.3330676 -0.9566131
v -0.2748879 -0.3252867 -0.9767844
v -0.1338995 -0.3180637 -0.9803274
v 1.136777e-08 -0.3009706 -0.9356483
v 0.1241466 -0.3073884 -0.9474243
v 0.2372266 -0.3031675 -0.9103636
v 0.3284277 -0.2900228 -0.8329827
v 0.4213155 -0.288507 -0.7767397
v 0.5151141 -0.2904862 -0.7164414
v 0.6198945 -0.2983517 -0.655846
v 0.7106879 -0.3000744 -0.5678903
v 0.778206 -0.2947237 -0.4581138
v 0.8972839 -0.3109705 -0.3699538
v 0.9655941 -0.3132269 -0.2520249
v 1.015637 -0.315562 -0.128047
v 0.988901 -0.3006432 1.63416e-07
v 0.9636465 -0.4007249 0
v 0.9404594 -0.396877 0.1175263
v 0.8906271 -0.3912113 0.2297149
v 0.8455795 -0.3965583 0.3442931
v 0.791082 -0.4051583 0.4595961
v 0.7161338 -0.4094026 0.5654306
v 0.619893 -0.4051875 0.650014
v 0.5122353 -0.3940516 0.7092531
v 0.4109027 -0.3862603 0.7589136
v 0.316229 -0.3854663 0.8079479
v 0.2143215 -0.3802003 0.8331781
v 0.1156738 -0.3974831 0.8940645
v -4.068736e-08 -0.4077574 0.9250888
v -0.127976 -0.4206359 0.9461424
v -0.2580933 -0.4207645 0.9220712
v -0.3985378 -0.4358723 0.9136001
v -0.5115671 -0.4269457 0.838851
v -0.6078705 -0.418899 0.7539761
v -0.6839405 -0.4111313 0.6595491
v -0.7293332 -0.3983458 0.5501598
v -0.7954264 -0.4073695 0.4621044
v -0.8152434 -0.4004751 0.3476936
v -0.8566464 -0.4096855 0.2405626
v -0.8668244 -0.408538 0.1209794
v -0.9064981 -0.4235908 -8.40142e-08
v -0.8952246 -0.4192313 -0.1241461
v -0.8828622 -0.4180769 -0.2454904
v -0.8373137 -0.4063384 -0.3527842
v -0.790042 -0.3995782 -0.4532662
v -0.7664295 -0.4142898 -0.5721806
v -0.6895466 -0.4110544 -0.6594258
v -0.6058877 -0.4155304 -0.7479128
v -0.5052075 -0.4213395 -0.8278362
v -0.3928773 -0.4312858 -0.903987
v -0.2585188 -0.4250609 -0.9314864
v -0.1255524 -0.4171196 -0.9382331
v 1.103468e-08 -0.4103976 -0.9310789
v 0.1131079 -0.3934839 -0.885069
v 0.2145683 -0.3841915 -0.8419244
v 0.3162862 -0.387465 -0.8121371
v 0.4022987 -0.3786755 -0.7440112
v 0.5013097 -0.3842079 -0.6915355
v 0.5917042 -0.3840444 -0.6160952
v 0.6913521 -0.3909678 -0.53997
v 0.8090193 -0.4092368 -0.4642224
v 0.868852 -0.402995 -0.3498814
v 0.9402674 -0.4102919 -0.2409186
v 0.9443443 -0.3966712 -0.117465
v 0.9636465 -0.4007249 1.58958e-07
v 0.8851632 -0.4802178 0
v 0.8471981 -0.4703371 0.1074069
v 0.8206922 -0.4779494 0.216423
v 0.7863093 -0.4903429 0.3282955
v 0.7351023 -0.5000176 0.4374019
v 0.6828939 -0.5155582 0.5490984
v 0.5819058 -0.4990609 0.6173961
v 0.4925135 -0.4918756 0.6827273
v 0.3855674 -0.4664838 0.7067935
v 0.2975541 -0.4625077 0.7475834
v 0.2121117 -0.476115 0.8046018
v 0.1108923 -0.4817231 0.8355866
v -3.956625e-08 -0.5025243 0.8791894
v -0.1174561 -0.4907794 0.8512953
v -0.2440355 -0.5102409 0.8622723
v -0.3696252 -0.5226271 0.8447587
v -0.4968849 -0.5422947 0.8216586
v -0.574265 -0.5211073 0.7233012
v -0.6250877 -0.4975914 0.6155781
v -0.6971985 -0.506178 0.5391078
v -0.7393328 -0.5028097 0.4398444
v -0.7867619 -0.5103088 0.341663
v -0.7752554 -0.4874376 0.2207194
v -0.8026661 -0.4921901 0.1123972
v -0.8092102 -0.4882468 -7.467743e-08
v -0.8164861 -0.4887918 -0.1116213
v -0.8298277 -0.4987291 -0.2258327
v -0.7672734 -0.4708126 -0.3152196
v -0.7159183 -0.4576561 -0.4003452
v -0.712343 -0.4896499 -0.5215048
v -0.6779594 -0.5193281 -0.6424692
v -0.5829295 -0.5178769 -0.7188172
v -0.4716534 -0.5134515 -0.7779567
v -0.3545808 -0.5115229 -0.8268104
v -0.2404158 -0.5232481 -0.8842536
v -0.1158104 -0.511014 -0.8863939
v 1.010294e-08 -0.4990986 -0.873196
v 0.1011597 -0.4665424 -0.8092544
v 0.1961932 -0.4619612 -0.7806827
v 0.2915592 -0.4649192 -0.7514813
v 0.4018069 -0.4850481 -0.7349212
v 0.4774539 -0.4663701 -0.6473254
v 0.5715378 -0.4696789 -0.581047
v 0.6870785 -0.4911337 -0.5230849
v 0.7922883 -0.5080602 -0.4444371
v 0.8737972 -0.5170298 -0.3461629
v 0.8851242 -0.4950753 -0.2241777
v 0.893521 -0.4856769 -0.1109096
v 0.8851631 -0.4802178 1.468988e-07
v 0.8028112 -0.5569214 0
v 0.7713644 -0.5514616 0.100073
v 0.7394102 -0.5560639 0.2000897
v 0.6958953 -0.5600249 0.2979552
v 0.650796 -0.5687647 0.3953725
v 0.5823522 -0.561927 0.475588
v 0.4969267 -0.5399641 0.5308278
v 0.4431897 -0.5534166 0.6104115
v 0.3870684 -0.577341 0.6951314
v 0.2913301 -0.5557234 0.7138021
v 0.2043453 -0.5624286 0.7552921
v 0.10602 -0.5659908 0.7801566
v -3.579066e-08 -0.5606939 0.7795243
v -0.1099922 -0.5721722 0.7886769
v -0.2198765 -0.5765684 0.7742806
v -0.339512 -0.608364 0.7814167
v -0.4421696 -0.6155626 0.7411509
v -0.5240306 -0.6110134 0.6739399
v -0.5822366 -0.5977194 0.587606
v -0.6286758 -0.5882183 0.4978394
v -0.6811285 -0.5939574 0.4128851
v -0.7036785 -0.5817915 0.3095356
v -0.7242337 -0.5737854 0.2064664
v -0.7352427 -0.5631759 0.1021987
v -0.7352208 -0.5493497 -6.676937e-08
v -0.7550219 -0.5559067 -0.1008797
v -0.7528481 -0.5551469 -0.1997599
v -0.6920067 -0.5205121 -0.2769327
v -0.6484123 -0.5102922 -0.3547258
v -0.6528605 -0.5579526 -0.4722243
v -0.6302887 -0.6066524 -0.5963878
v -0.5383935 -0.6063648 -0.6688126
v -0.4379524 -0.6094961 -0.7338467
v -0.3227032 -0.5983903 -0.7686061
v -0.211079 -0.592066 -0.7950926
v -0.1031356 -0.5865825 -0.80854
v 8.734119e-09 -0.5550652 -0.7716987
v 0.09305403 -0.546732 -0.7536104
v 0.1789384 -0.5317666 -0.7141158
v 0.2798118 -0.5556927 -0.7137626
v 0.3726538 -0.5566049 -0.6701646
v 0.4737875 -0.5679502 -0.6264418
v 0.5609089 -0.5651008 -0.5555391
v 0.6660343 -0.5856032 -0.4956263
v 0.7571601 -0.6006124 -0.417511
v 0.8222238 -0.6061842 -0.3225136
v 0.8394202 -0.5905899 -0.2125131
v 0.8426785 -0.58158 -0.1055382
v 0.8028112 -0.5569214 1.353793e-07
v 0.7361954 -0.647981 0
v 0.7066122 -0.6425526 0.09408788
v 0.6794073 -0.6486353 0.188332
v 0.6385406 -0.6488485 0.2785546
v 0.5967163 -0.653078 0.3663215
v 0.5300421 -0.6346284 0.433405
v 0.4566518 -0.6090032 0.4830942
v 0.4168611 -0.632916 0.5633004
v 0.3696377 -0.667254 0.6482599
v 0.2827567 -0.6513935 0.6751279
v 0.1906896 -0.6351075 0.6882058
v 0.09742448 -0.6325836 0.7035805
v -3.300971e-08 -0.6342845 0.7115598
v -0.100515 -0.6473638 0.7200195
v -0.2006657 -0.6577799 0.7127736
v -0.2937135 -0.6616461 0.6857541
v -0.3800108 -0.6692197 0.6501696
v -0.4580896 -0.6780168 0.6034405
v -0.525142 -0.6836572 0.5423139
v -0.5714601 -0.6748401 0.4608666
v -0.6016964 -0.658204 0.3691968
v -0.6216039 -0.6388319 0.2742542
v -0.648729 -0.6320106 0.1835049
v -0.6676508 -0.6227921 0.09119429
v -0.6907408 -0.6239901 -6.119693e-08
v -0.7060376 -0.6275495 -0.09189105
v -0.7238109 -0.6463181 -0.1876594
v -0.6790134 -0.6223864 -0.2671942
v -0.6500708 -0.6302402 -0.3535114
v -0.6243259 -0.6624027 -0.452373
v -0.5682439 -0.6830114 -0.5418017
v -0.4844363 -0.6868401 -0.6112933
v -0.3875418 -0.682646 -0.6632138
v -0.2825136 -0.6653142 -0.689556
v -0.1828279 -0.6513263 -0.7057806
v -0.08597387 -0.6198971 -0.6894702
v 7.70512e-09 -0.6148455 -0.6897525
v 0.08649048 -0.6297477 -0.7004263
v 0.1717334 -0.624801 -0.6770375
v 0.2570397 -0.6212454 -0.6438813
v 0.351483 -0.6348878 -0.616815
v 0.4493112 -0.6506763 -0.5791071
v 0.5523079 -0.6746082 -0.5351356
v 0.6339265 -0.6795145 -0.4640589
v 0.699994 -0.6816261 -0.3823343
v 0.7355944 -0.6706535 -0.2879155
v 0.7608692 -0.6688305 -0.1941955
v 0.7568098 -0.6579291 -0.09633909
v 0.7361954 -0.647981 1.270996e-07
v 0.6366327 -0.7091596 0
v 0.6147729 -0.7067821 0.08390455
v 0.5654911 -0.6807156 0.1602375
v 0.5345137 -0.6795268 0.2365095
v 0.5274642 -0.7128471 0.3241669
v 0.5089504 -0.7417322 0.4106734
v 0.452242 -0.7272496 0.4677037
v 0.400838 -0.7320126 0.5281867
v 0.3414156 -0.7415996 0.5841204
v 0.2577671 -0.7156005 0.6012958
v 0.1762079 -0.7115391 0.6250932
v 0.08961336 -0.7114679 0.6415436
v -3.023943e-08 -0.7174575 0.652527
v -0.09174453 -0.7364433 0.6640643
v -0.1767169 -0.726681 0.6383955
v -0.252993 -0.7188419 0.6040196
v -0.3218037 -0.7168281 0.5646091
v -0.3918527 -0.7327423 0.5287132
v -0.4617055 -0.7549442 0.4855144
v -0.508615 -0.7482916 0.4143049
v -0.5436715 -0.7334238 0.3335242
v -0.5549009 -0.6967652 0.2425092
v -0.5797198 -0.6839327 0.1609947
v -0.6054929 -0.6795323 0.08066956
v -0.6241862 -0.6771189 -5.383836e-08
v -0.6434796 -0.6886123 -0.08174759
v -0.6523764 -0.705574 -0.1660893
v -0.6493718 -0.7294119 -0.2538719
v -0.6241382 -0.7492281 -0.3407111
v -0.5673307 -0.7498832 -0.4151864
v -0.5002484 -0.753813 -0.484787
v -0.4182515 -0.7473748 -0.5392714
v -0.3263196 -0.7267589 -0.5724311
v -0.2352262 -0.7008432 -0.5888959
v -0.1503977 -0.6759359 -0.5938156
v -0.07178923 -0.6481319 -0.5844324
v 6.592594e-09 -0.6510332 -0.5921141
v 0.07930502 -0.7044154 -0.6351842
v 0.1610555 -0.7082313 -0.6221873
v 0.2374496 -0.690272 -0.5800131
v 0.323927 -0.7031419 -0.5538293
v 0.4150889 -0.7247043 -0.5229133
v 0.5147881 -0.7634414 -0.4909789
v 0.5834261 -0.7651651 -0.4236474
v 0.6335559 -0.7611846 -0.3461482
v 0.6482843 -0.735142 -0.2558663
v 0.6539016 -0.7202895 -0.1695529
v 0.6553841 -0.7187725 -0.08532768
v 0.6366327 -0.7091595 1.127719e-07
v 0.5318213 -0.7529158 0
v 0.5099788 -0.741877 0.07106493
v 0.4732924 -0.7151311 0.1358337
v 0.4510066 -0.7119119 0.1999363
v 0.4562097 -0.7566855 0.2776586
v 0.4520359 -0.8015 0.358077
v 0.4090596 -0.795789 0.4129607
v 0.3612911 -0.7974759 0.464312
v 0.3004189 -0.7904662 0.5023885
v 0.230971 -0.7814428 0.5298321
v 0.1589748 -0.7894992 0.5596561
v 0.08201293 -0.8094404 0.5889511
v -2.708833e-08 -0.8055486 0.591177
v -0.07913619 -0.8010264 0.5828289
v -0.1546232 -0.8065352 0.5717325
v -0.2148274 -0.776153 0.5262455
v -0.2767713 -0.7825137 0.4973342
v -0.3373738 -0.7961333 0.4635304
v -0.3909526 -0.8008427 0.4155832
v -0.4522786 -0.8235356 0.3679215
v -0.4810046 -0.7956983 0.291974
v -0.5099777 -0.7772686 0.2182913
v -0.5387533 -0.7675293 0.1457863
v -0.5473938 -0.7411066 0.07099108
v -0.5605491 -0.7355682 -4.719253e-08
v -0.5772785 -0.7524238 -0.07207525
v -0.5792237 -0.7696391 -0.1461873
v -0.5615295 -0.7814651 -0.2194699
v -0.5271737 -0.7905858 -0.290098
v -0.478832 -0.7973058 -0.3562033
v -0.418788 -0.7995009 -0.414887
v -0.3498935 -0.794401 -0.4625217
v -0.2755139 -0.7790871 -0.4951564
v -0.2010422 -0.7568243 -0.5131404
v -0.1346813 -0.7565279 -0.5362836
v -0.06403985 -0.7152684 -0.5204313
v 5.758956e-09 -0.6969355 -0.5114678
v 0.06579638 -0.7119842 -0.5180416
v 0.1419353 -0.7547708 -0.5350379
v 0.2204411 -0.7737044 -0.5245854
v 0.2900702 -0.7622638 -0.4844641
v 0.3756075 -0.799765 -0.4656448
v 0.4440632 -0.8082603 -0.4194323
v 0.514614 -0.8371437 -0.3740011
v 0.5495223 -0.8257493 -0.3030008
v 0.5583015 -0.798323 -0.2242044
v 0.5683509 -0.7942474 -0.1508611
v 0.5540278 -0.7726611 -0.07401351
v 0.5318213 -0.7529159 9.661104e-08
v 0.4573265 -0.8287415 0
v 0.4560796 -0.8398035 0.0639263
v 0.4320148 -0.81661 0.123258
v 0.4176981 -0.8160636 0.1821243
v 0.4126686 -0.8428047 0.2457543
v 0.3865039 -0.8420925 0.2989587
v 0.3566822 -0.8516384 0.3511918
v 0.3166968 -0.8607406 0.3982385
v 0.2658932 -0.8673202 0.4380406
v 0.2057957 -0.8711286 0.4693554
v 0.1394057 -0.8739026 0.4922787
v 0.06986566 -0.877018 0.5070856
v -2.300903e-08 -0.8768876 0.5113852
v -0.06675742 -0.8702806 0.5031901
v -0.1283658 -0.8637645 0.4865678
v -0.1850289 -0.8603944 0.4635719
v -0.2367818 -0.8565836 0.432618
v -0.2869712 -0.8593287 0.3975852
v -0.3364969 -0.8656921 0.3569872
v -0.3811468 -0.8646107 0.306953
v -0.4215826 -0.8604544 0.2509009
v -0.4564103 -0.8538167 0.1905497
v -0.4819317 -0.8422203 0.1271235
v -0.4994518 -0.8324993 0.06337025
v -0.5097224 -0.8294864 -4.229004e-08
v -0.510224 -0.8314441 -0.06329001
v -0.4989086 -0.8359832 -0.1261823
v -0.4755687 -0.8418489 -0.1878789
v -0.4410984 -0.8476536 -0.2471682
v -0.397139 -0.8516498 -0.3023517
v -0.3460362 -0.8524503 -0.3515267
v -0.2905107 -0.8496125 -0.3930898
v -0.2329961 -0.8436008 -0.4260611
v -0.1751318 -0.8357338 -0.4502851
v -0.1180743 -0.8319561 -0.4686498
v -0.05836114 -0.8075069 -0.4668948
v 5.195171e-09 -0.7727571 -0.4506581
v 0.05734988 -0.7601219 -0.4394971
v 0.1216974 -0.7929553 -0.4466802
v 0.1930661 -0.8337753 -0.4492298
v 0.2560757 -0.8336514 -0.4210362
v 0.3179757 -0.8446567 -0.3907969
v 0.3752698 -0.860338 -0.3547792
v 0.4204341 -0.867902 -0.3081215
v 0.4508524 -0.8669665 -0.2527996
v 0.4684577 -0.8627479 -0.192543
v 0.4726129 -0.8523057 -0.1286458
v 0.4668796 -0.8387964 -0.06384943
v 0.4573265 -0.8287415 8.450412e-08
v 0.3802559 -0.8994955 0
v 0.3738469 -0.8904803 0.05227209
v 0.3673259 -0.8877615 0.1033333
v 0.3596522 -0.8914974 0.1534291
v 0.347762 -0.8985739 0.202056
v 0.3287993 -0.9061326 0.2480771
v 0.3010956 -0.9126794 0.2902359
v 0.2644815 -0.9183628 0.327664
v 0.2201509 -0.9250774 0.3602937
v 0.1697891 -0.934527 0.388289
v 0.1146584 -0.9428866 0.4095917
v 0.05670226 -0.9400581 0.4191515
v -1.831026e-08 -0.9257619 0.416339
v -0.05321482 -0.9219513 0.4110782
v -0.1052708 -0.9385563 0.4077106
v -0.1542791 -0.9441248 0.3922768
v -0.1963489 -0.9271611 0.3611051
v -0.2389159 -0.9247001 0.3299251
v -0.2838748 -0.9348476 0.2972854
v -0.3195428 -0.9214935 0.2522825
v -0.348771 -0.9011645 0.2026385
v -0.3819815 -0.9039341 0.1555694
v -0.411936 -0.9141334 0.1064029
v -0.4274079 -0.9108863 0.0534699
v -0.4293849 -0.900803 -3.541623e-08
v -0.4230653 -0.8968056 -0.05264341
v -0.4095821 -0.9006934 -0.1048387
v -0.3878168 -0.9074976 -0.1561827
v -0.3576793 -0.9126928 -0.2052308
v -0.3205659 -0.9138805 -0.2501984
v -0.2785485 -0.9100772 -0.2894084
v -0.2338201 -0.9017454 -0.3217351
v -0.1884257 -0.8919256 -0.3473819
v -0.1435372 -0.8860513 -0.3681477
v -0.09989045 -0.9003547 -0.3911157
v -0.0506959 -0.8895237 -0.3966194
v 4.60703e-09 -0.8647236 -0.3888885
v 0.05104513 -0.854165 -0.3808537
v 0.1067516 -0.8829775 -0.383567
v 0.1650193 -0.9111535 -0.3785774
v 0.2136851 -0.8963234 -0.3490947
v 0.257721 -0.889328 -0.3173047
v 0.3011269 -0.9047555 -0.2877159
v 0.3339447 -0.9100732 -0.249156
v 0.3502177 -0.8935347 -0.2009227
v 0.3627538 -0.8884814 -0.15291
v 0.3763962 -0.9006199 -0.1048299
v 0.382955 -0.9065663 -0.05321617
v 0.3802559 -0.8994955 7.072963e-08
v 0.2905445 -0.9389898 0
v 0.2936076 -0.9452718 0.04049443
v 0.2933728 -0.9510593 0.08078761
v 0.2886609 -0.9564211 0.120124
v 0.2782913 -0.9616452 0.1578068
v 0.2612656 -0.9667122 0.1931458
v 0.2370873 -0.9712682 0.2254058
v 0.2060066 -0.9747632 0.2538088
v 0.1690827 -0.9766303 0.2775887
v 0.1280645 -0.9766859 0.2961496
v 0.08507839 -0.9759246 0.3093862
v 0.04204714 -0.9770854 0.3179377
v -1.385441e-08 -0.9831799 0.3226814
v -0.04098902 -0.9935051 0.3232805
v -0.08082682 -1.001856 0.317607
v -0.1188324 -1.002456 0.3039637
v -0.1548708 -0.9974812 0.2835152
v -0.1898547 -0.9931976 0.2586087
v -0.2236588 -0.9893876 0.2296108
v -0.2541493 -0.9805027 0.195901
v -0.2796818 -0.9665373 0.1586096
v -0.3005538 -0.9545213 0.1198853
v -0.3169963 -0.9495945 0.08066314
v -0.3276076 -0.9504843 0.04071769
v -0.3304845 -0.9532275 -2.73503e-08
v -0.3248579 -0.9553951 -0.04092812
v -0.3113799 -0.9565663 -0.08125549
v -0.2915143 -0.9569664 -0.1201925
v -0.2669349 -0.9566046 -0.1569797
v -0.2391772 -0.955259 -0.1908575
v -0.2094283 -0.952757 -0.2211099
v -0.178381 -0.9491317 -0.2471349
v -0.1461825 -0.9445368 -0.2684667
v -0.112555 -0.9391158 -0.2847577
v -0.07710391 -0.933341 -0.2958864
v -0.03961096 -0.9290829 -0.302318
v 3.708169e-09 -0.9300109 -0.3052312
v 0.04176431 -0.9382243 -0.3052925
v 0.08496086 -0.9498512 -0.3011204
v 0.1272228 -0.9566228 -0.2900661
v 0.1655806 -0.9552894 -0.2715229
v 0.1987379 -0.9517435 -0.2478149
v 0.2266638 -0.9510413 -0.2207116
v 0.2484788 -0.9498605 -0.1897789
v 0.2632979 -0.9438086 -0.1548797
v 0.2725857 -0.9356626 -0.1175168
v 0.2793512 -0.931518 -0.07912761
v 0.2854068 -0.9334301 -0.03998701
v 0.2905445 -0.9389898 5.388357e-08
v 0.2032707 -0.9899288 0
v 0.2059673 -0.9926018 0.0278171
v 0.2057972 -0.9953717 0.05531216
v 0.2018859 -0.9983795 0.08203033
v 0.1935005 -1.001791 0.107544
v 0.1802324 -1.005659 0.1314429
v 0.1621321 -1.009913 0.1533233
v 0.139739 -1.014363 0.1727822
v 0.1139954 -1.018708 0.1894173
v 0.08607593 -1.022604 0.202844
v 0.05717654 -1.025881 0.2127551
v 0.02829043 -1.028887 0.2190158
v -9.326363e-09 -1.032631 0.2217095
v -0.02762569 -1.038212 0.2210008
v -0.05487384 -1.045506 0.2168251
v -0.08194978 -1.052168 0.2087083
v -0.108565 -1.05448 0.1960686
v -0.1339729 -1.05003 0.1788576
v -0.1574154 -1.039908 0.1578771
v -0.1784171 -1.028049 0.1343692
v -0.1965668 -1.018282 0.1093143
v -0.2111408 -1.011989 0.08314852
v -0.2211224 -1.008205 0.05602527
v -0.2256498 -1.005283 0.02817246
v -0.2244586 -1.002257 -1.881235e-08
v -0.2179908 -0.9990584 -0.02799806
v -0.2071979 -0.9960445 -0.0553496
v -0.1932321 -0.9935427 -0.08163291
v -0.1771663 -0.9916985 -0.1064606
v -0.1597919 -0.9905418 -0.129467
v -0.1415051 -0.990091 -0.150314
v -0.1222863 -0.9903718 -0.1686957
v -0.1017854 -0.9913269 -0.184326
v -0.07950761 -0.9926901 -0.1969102
v -0.05506685 -0.9939983 -0.206143
v -0.02842536 -0.9949136 -0.211784
v 2.649005e-09 -0.9957628 -0.2137938
v 0.02943062 -0.9977334 -0.2123842
v 0.05890783 -1.002053 -0.2078135
v 0.0873524 -1.008384 -0.2000232
v 0.1134906 -1.014007 -0.1885431
v 0.1359722 -1.015298 -0.1729416
v 0.1538972 -1.010652 -0.1534354
v 0.1673746 -1.002011 -0.130966
v 0.1774805 -0.9933883 -0.1066419
v 0.1855668 -0.9879461 -0.08117308
v 0.192532 -0.98639 -0.05481301
v 0.1985595 -0.9875573 -0.02767564
v 0.2032707 -0.9899288 3.716189e-08
v 0.1077606 -1.039048 0
v 0.1090674 -1.03774 0.01438042
v 0.1085727 -1.037576 0.02851026
v 0.1058328 -1.038331 0.04218526
v 0.1005628 -1.039792 0.05519524
v 0.09272177 -1.0418 0.06733125
v 0.08253489 -1.044279 0.07839468
v 0.07045189 -1.047234 0.08820546
v 0.05705192 -1.050741 0.09660766
v 0.04292167 -1.054911 0.1034704
v 0.02853973 -1.059819 0.1086827
v 0.01420036 -1.065411 0.1121427
v -4.721575e-09 -1.071403 0.1137465
v -0.01410915 -1.077218 0.1133854
v -0.02821633 -1.08203 0.1109604
v -0.04233786 -1.084938 0.1064157
v -0.05633235 -1.085241 0.09977964
v -0.06987423 -1.082693 0.09119211
v -0.08248787 -1.077633 0.08089859
v -0.09362302 -1.07089 0.06921132
v -0.1027451 -1.063528 0.0564552
v -0.109421 -1.056525 0.0429244
v -0.1133877 -1.050549 0.02886671
v -0.1145971 -1.045878 0.01449318
v -0.1132258 -1.042471 -9.675508e-09
v -0.1096406 -1.040094 -0.01441304
v -0.1043211 -1.038457 -0.02853451
v -0.09775498 -1.037305 -0.04214354
v -0.09033176 -1.036449 -0.05501781
v -0.08226743 -1.035788 -0.06694271
v -0.07357977 -1.035291 -0.07772002
v -0.06412274 -1.035007 -0.0871756
v -0.05366847 -1.035058 -0.09516571
v -0.04201336 -1.035647 -0.101581
v -0.02907696 -1.03703 -0.1063457
v -0.01496757 -1.039449 -0.10941
v 1.388815e-09 -1.043029 -0.1107342
v 0.01533597 -1.04764 -0.1102722
v 0.03044428 -1.052808 -0.1079638
v 0.04471463 -1.057737 -0.1037476
v 0.05762191 -1.061479 -0.09759492
v 0.0688159 -1.063225 -0.08955237
v 0.07817956 -1.062583 -0.07976879
v 0.08583235 -1.059723 -0.0684896
v 0.09206579 -1.055309 -0.05601892
v 0.09722265 -1.050267 -0.04267019
v 0.1015582 -1.045495 -0.02872784
v 0.1051308 -1.041646 -0.0144345
v 0.1077606 -1.039048 1.928748e-08
v -9.598447e-08 -1.086955 0
v -9.715346e-08 -1.086955 -1.252849e-08
v -9.629654e-08 -1.086955 -2.484261e-08
v -9.315529e-08 -1.086955 -3.673167e-08
v -8.766761e-08 -1.086955 -4.799223e-08
v -7.999426e-08 -1.086955 -5.843165e-08
v -7.049395e-08 -1.086955 -6.787127e-08
v -5.965362e-08 -1.086955 -7.61496e-08
v -4.799223e-08 -1.086955 -8.312499e-08
v -3.59635e-08 -1.086955 -8.867809e-08
v -2.388264e-08 -1.086955 -9.271388e-08
v -1.189594e-08 -1.086955 -9.516332e-08
v 3.966333e-15 -1.086955 -9.598447e-08
v 1.189596e-08 -1.086955 -9.516331e-08
v 2.388264e-08 -1.086955 -9.271388e-08
v 3.596351e-08 -1.086955 -8.867809e-08
v 4.799224e-08 -1.086955 -8.312499e-08
v 5.965362e-08 -1.086955 -7.61496e-08
v 7.049396e-08 -1.086955 -6.787127e-08
v 7.999427e-08 -1.086955 -5.843162e-08
v 8.766761e-08 -1.086955 -4.799224e-08
v 9.315529e-08 -1.086955 -3.673165e-08
v 9.629652e-08 -1.086955 -2.48426e-08
v 9.715346e-08 -1.086955 -1.252848e-08
v 9.598446e-08 -1.086955 8.391229e-15
v 9.317316e-08 -1.086955 1.252849e-08
v 8.913123e-08 -1.086955 2.484263e-08
v 8.420088e-08 -1.086955 3.673167e-08
v 7.858237e-08 -1.086955 4.799223e-08
v 7.230493e-08 -1.086955 5.843166e-08
v 6.524858e-08 -1.086955 6.787128e-08
v 5.720968e-08 -1.086955 7.614959e-08
v 4.799223e-08 -1.086955 8.312499e-08
v 3.749981e-08 -1.086955 8.86781e-08
v 2.580257e-08 -1.086955 9.271388e-08
v 1.3161e-08 -1.086955 9.516332e-08
v -1.207154e-15 -1.086955 9.598447e-08
v -1.316105e-08 -1.086955 9.516331e-08
v -2.580262e-08 -1.086955 9.271386e-08
v -3.749985e-08 -1.086955 8.867808e-08
v -4.799223e-08 -1.086955 8.312499e-08
v -5.720968e-08 -1.086955 7.614959e-08
v -6.524861e-08 -1.086955 6.787125e-08
v -7.230494e-08 -1.086955 5.843164e-08
v -7.858239e-08 -1.086955 4.799221e-08
v -8.42009e-08 -1.086955 3.673167e-08
v -8.913124e-08 -1.086955 2.484259e-08
v -9.317317e-08 -1.086955 1.252844e-08
v -9.598448e-08 -1.086955 -1.678246e-14
vt 0 0
vt 0.02083333 0
vt 0.04166667 0
vt 0.0625 0
vt 0.08333334 0
vt 0.1041667 0
vt 0.125 0
vt 0.1458333 0
vt 0.1666667 0
vt 0.1875 0
vt 0.2083333 0
vt 0.2291667 0
vt 0.25 0
vt 0.2708333 0
vt 0.2916667 0
vt 0.3125 0
vt 0.3333333 0
vt 0.3541667 0
vt 0.375 0
vt 0.3958333 0
vt 0.4166667 0
vt 0.4375 0
vt 0.4583333 0
vt 0.4791667 0
vt 0.5 0
vt 0.5208333 0
vt 0.5416667 0
vt 0.5625 0
vt 0.5833333 0
vt 0.6041667 0
vt 0.625 0
vt 0.6458333 0
vt 0.6666667 0
vt 0.6875 0
vt 0.7083333 0
vt 0.7291667 0
vt 0.75 0
vt 0.7708333 0
vt 0.7916667 0
vt 0.8125 0
vt 0.8333333 0
vt 0.8541667 0
vt 0.875 0
vt 0.8958333 0
vt 0.9166667 0
vt 0.9375 0
vt 0.9583333 0
vt 0.9791667 0
vt 1 0
vt 0 0.03333334
vt 0.02083333 0.03333334
vt 0.04166667 0.03333334
vt 0.0625 0.03333334
vt 0.08333334 0.03333334
vt 0.1041667 0.03333334
vt 0.125 0.03333334
vt 0.1458333 0.03333334
vt 0.1666667 0.03333334
vt 0.1875 0.03333334
vt 0.2083333 0.03333334
vt 0.2291667 0.03333334
vt 0.25 0.03333334
vt 0.2708333 0.03333334
vt 0.2916667 0.03333334
vt 0.3125 0.03333334
vt 0.3333333 0.03333334
vt 0.3541667 0.03333334
vt 0.375 0.03333334
vt 0.3958333 0.03333334
vt 0.4166667 0.03333334
vt 0.4375 0.03333334
vt 0.4583333 0.03333334
vt 0.4791667 0.03333334
vt 0.5 0.03333334
vt 0.5208333 0.03333334
vt 0.5416667 0.03333334
vt 0.5625 0.03333334
vt 0.5833333 0.03333334
vt 0.6041667 0.03333334
vt 0.625 0.03333334
vt 0.6458333 0.03333334
vt 0.6666667 0.03333334
vt 0.6875 0.03333334
vt 0.7083333 0.03333334
vt 0.7291667 0.03333334
vt 0.75 0.03333334
vt 0.7708333 0.03333334
vt 0.7916667 0.03333334
vt 0.8125 0.03333334
vt 0.8333333 0.03333334
vt 0.8541667 0.03333334
vt 0.875 0.03333334
vt 0.8958333 0.03333334
vt 0.9166667 0.03333334
vt 0.9375 0.03333334
vt 0.9583333 0.03333334
vt 0.9791667 0.03333334
vt 1 0.03333334
vt 0 0.06666667
vt 0.02083333 0.06666667
vt 0.04166667 0.06666667
vt 0.0625 0.06666667
vt 0.08333334 0.06666667
vt 0.1041667 0.06666667
vt 0.125 0.06666667
vt 0.1458333 0.06666667
vt 0.1666667 0.06666667
vt 0.1875 0.06666667
vt 0.2083333 0.06666667
vt 0.2291667 0.06666667
vt 0.25 0.06666667
vt 0.2708333 0.06666667
vt 0.2916667 0.06666667
vt 0.3125 0.06666667
vt 0.3333333 0.06666667
vt 0.3541667 0.06666667
vt 0.375 0.06666667
vt 0.3958333 0.06666667
vt 0.4166667 0.06666667
vt 0.4375 0.06666667
vt 0.4583333 0.06666667
vt 0.4791667 0.06666667
vt 0.5 0.06666667
vt 0.5208333 0.06666667
vt 0.5416667 0.06666667
vt 0.5625 0.06666667
vt 0.5833333 0.06666667
vt 0.6041667 0.06666667
vt 0.625 0.06666667
vt 0.6458333 0.06666667
vt 0.6666667 0.06666667
vt 0.6875 0.06666667
vt 0.7083333 0.06666667
vt 0.7291667 0.06666667
vt 0.75 0.06666667
vt 0.7708333 0.06666667
vt 0.7916667 0.06666667
vt 0.8125 0.06666667
vt 0.8333333 0.06666667
vt 0.8541667 0.06666667
vt 0.875 0.06666667
vt 0.8958333 0.06666667
vt 0.9166667 0.06666667
vt 0.9375 0.06666667
vt 0.9583333 0.06666667
vt 0.9791667 0.06666667
vt 1 0.06666667
vt 0 0.1
vt 0.02083333 0.1
vt 0.04166667 0.1
vt 0.0625 0.1
vt 0.08333334 0.1
vt 0.1041667 0.1
vt 0.125 0.1
vt 0.1458333 0.1
vt 0.1666667 0.1
vt 0.1875 0.1
vt 0.2083333 0.1
vt 0.2291667 0.1
vt 0.25 0.1
vt 0.2708333 0.1
vt 0.2916667 0.1
vt 0.3125 0.1
vt 0.3333333 0.1
vt 0.3541667 0.1
vt 0.375 0.1
vt 0.3958333 0.1
vt 0.4166667 0.1
vt 0.4375 0.1
vt 0.4583333 0.1
vt 0.4791667 0.1
vt 0.5 0.1
vt 0.5208333 0.1
vt 0.5416667 0.1
vt 0.5625 0.1
vt 0.5833333 0.1
vt 0.6041667 0.1
vt 0.625 0.1
vt 0.6458333 0.1
vt 0.6666667 0.1
vt 0.6875 0.1
vt 0.7083333 0.1
vt 0.7291667 0.1
vt 0.75 0.1
vt 0.7708333 0.1
vt 0.7916667 0.1
vt 0.8125 0.1
vt 0.8333333 0.1
vt 0.8541667 0.1
vt 0.875 0.1
vt 0.8958333 0.1
vt 0.9166667 0.1
vt 0.9375 0.1
vt 0.9583333 0.1
vt 0.9791667 0.1
vt 1 0.1
vt 0 0.1333333
vt 0.02083333 0.1333333
vt 0.04166667 0.1333333
vt 0.0625 0.1333333
vt 0.08333334 0.1333333
vt 0.1041667 0.1333333
vt 0.125 0.1333333
vt 0.1458333 0.1333333
vt 0.1666667 0.1333333
vt 0.1875 0.1333333
vt 0.2083333 0.1333333
vt 0.2291667 0.1333333
vt 0.25 0.1333333
vt 0.2708333 0.1333333
vt 0.2916667 0.1333333
vt 0.3125 0.1333333
vt 0.3333333 0.1333333
vt 0.3541667 0.1333333
vt 0.375 0.1333333
vt 0.3958333 0.1333333
vt 0.4166667 0.1333333
vt 0.4375 0.1333333
vt 0.4583333 0.1333333
vt 0.4791667 0.1333333
vt 0.5 0.1333333
vt 0.5208333 0.1333333
vt 0.5416667 0.1333333
vt 0.5625 0.1333333
vt 0.5833333 0.1333333
vt 0.6041667 0.1333333
vt 0.625 0.1333333
vt 0.6458333 0.1333333
vt 0.6666667 0.1333333
vt 0.6875 0.1333333
vt 0.7083333 0.1333333
vt 0.7291667 0.1333333
vt 0.75 0.1333333
vt 0.7708333 0.1333333
vt 0.7916667 0.1333333
vt 0.8125 0.1333333
vt 0.8333333 0.1333333
vt 0.8541667 0.1333333
vt 0.875 0.1333333
vt 0.8958333 0.1333333
vt 0.9166667 0.1333333
vt 0.9375 0.1333333
vt 0.9583333 0.1333333
vt 0.9791667 0.1333333
vt 1 0.1333333
vt 0 0.1666667
vt 0.02083333 0.1666667
vt 0.04166667 0.1666667
vt 0.0625 0.1666667
vt 0.08333334 0.1666667
vt 0.1041667 0.1666667
vt 0.125 0.1666667
vt 0.1458333 0.1666667
vt 0.1666667 0.1666667
vt 0.1875 0.1666667
vt 0.2083333 0.1666667
vt 0.2291667 0.1666667
vt 0.25 0.1666667
vt 0.2708333 0.1666667
vt 0.2916667 0.1666667
vt 0.3125 0.1666667
vt 0.3333333 0.1666667
vt 0.3541667 0.1666667
vt 0.375 0.1666667
vt 0.3958333 0.1666667
vt 0.4166667 0.1666667
vt 0.4375 0.1666667
vt 0.4583333 0.1666667
vt 0.4791667 0.1666667
vt 0.5 0.1666667
vt 0.5208333 0.1666667
vt 0.5416667 0.1666667
vt 0.5625 0.1666667
vt 0.5833333 0.1666667
vt 0.6041667 0.1666667
vt 0.625 0.1666667
vt 0.6458333 0.1666667
vt 0.6666667 0.1666667
vt 0.6875 0.1666667
vt 0.7083333 0.1666667
vt 0.7291667 0.1666667
vt 0.75 0.1666667
vt 0.7708333 0.1666667
vt 0.7916667 0.1666667
vt 0.8125 0.1666667
vt 0.8333333 0.1666667
vt 0.8541667 0.1666667
vt 0.875 0.1666667
vt 0.8958333 0.1666667
vt 0.9166667 0.1666667
vt 0.9375 0.1666667
vt 0.9583333 0.1666667
vt 0.9791667 0.1666667
vt 1 0.1666667
vt 0 0.2
vt 0.02083333 0.2
vt 0.04166667 0.2
vt 0.0625 0.2
vt 0.08333334 0.2
vt 0.1041667 0.2
vt 0.125 0.2
vt 0.1458333 0.2
vt 0.1666667 0.2
vt 0.1875 0.2
vt 0.2083333 0.2
vt 0.2291667 0.2
vt 0.25 0.2
vt 0.2708333 0.2
vt 0.2916667 0.2
vt 0.3125 0.2
vt 0.3333333 0.2
vt 0.3541667 0.2
vt 0.375 0.2
vt 0.3958333 0.2
vt 0.4166667 0.2
vt 0.4375 0.2
vt 0.4583333 0.2
vt 0.4791667 0.2
vt 0.5 0.2
vt 0.5208333 0.2
vt 0.5416667 0.2
vt 0.5625 0.2
vt 0.5833333 0.2
vt 0.6041667 0.2
vt 0.625 0.2
vt 0.6458333 0.2
vt 0.6666667 0.2
vt 0.6875 0.2
vt 0.7083333 0.2
vt 0.7291667 0.2
vt 0.75 0.2
vt 0.7708333 0.2
vt 0.7916667 0.2
vt 0.8125 0.2
vt 0.8333333 0.2
vt 0.8541667 0.2
vt 0.875 0.2
vt 0.8958333 0.2
vt 0.9166667 0.2
vt 0.9375 0.2
vt 0.9583333 0.2
vt 0.9791667 0.2
vt 1 0.2
vt 0 0.2333333
vt 0.02083333 0.2333333
vt 0.04166667 0.2333333
vt 0.0625 0.2333333
vt 0.08333334 0.2333333
vt 0.1041667 0.2333333
vt 0.125 0.2333333
vt 0.1458333 0.2333333
vt 0.1666667 0.2333333
vt 0.1875 0.2333333
vt 0.2083333 0.2333333
vt 0.2291667 0.2333333
vt 0.25 0.2333333
vt 0.2708333 0.2333333
vt 0.2916667 0.2333333
vt 0.3125 0.2333333
vt 0.3333333 0.2333333
vt 0.3541667 0.2333333
vt 0.375 0.2333333
vt 0.3958333 0.2333333
vt 0.4166667 0.2333333
vt 0.4375 0.2333333
vt 0.4583333 0.2333333
vt 0.4791667 0.2333333
vt 0.5 0.2333333
vt 0.5208333 0.2333333
vt 0.5416667 0.2333333
vt 0.5625 0.2333333
vt 0.5833333 0.2333333
vt 0.6041667 0.2333333
vt 0.625 0.2333333
vt 0.6458333 0.2333333
vt 0.6666667 0.2333333
vt 0.6875 0.2333333
vt 0.7083333 0.2333333
vt 0.7291667 0.2333333
vt 0.75 0.2333333
vt 0.7708333 0.2333333
vt 0.7916667 0.2333333
vt 0.8125 0.2333333
vt 0.8333333 0.2333333
vt 0.8541667 0.2333333
vt 0.875 0.2333333
vt 0.8958333 0.2333333
vt 0.9166667 0.2333333
vt 0.9375 0.2333333
vt 0.9583333 0.2333333
vt 0.9791667 0.2333333
vt 1 0.2333333
vt 0 0.2666667
vt 0.02083333 0.2666667
vt 0.04166667 0.2666667
vt 0.0625 0.2666667
vt 0.08333334 0.2666667
vt 0.1041667 0.2666667
vt 0.125 0.2666667
vt 0.1458333 0.2666667
vt 0.1666667 0.2666667
vt 0.1875 0.2666667
vt 0.2083333 0.2666667
vt 0.2291667 0.2666667
vt 0.25 0.2666667
vt 0.2708333 0.2666667
vt 0.2916667 0.2666667
vt 0.3125 0.2666667
vt 0.3333333 0.2666667
vt 0.3541667 0.2666667
vt 0.375 0.2666667
vt 0.3958333 0.2666667
vt 0.4166667 0.2666667
vt 0.4375 0.2666667
vt 0.4583333 0.2666667
vt 0.4791667 0.2666667
vt 0.5 0.2666667
vt 0.5208333 0.2666667
vt 0.5416667 0.2666667
vt 0.5625 0.2666667
vt 0.5833333 0.2666667
vt 0.6041667 0.2666667
vt 0.625 0.2666667
vt 0.6458333 0.2666667
vt 0.6666667 0.2666667
vt 0.6875 0.2666667
vt 0.7083333 0.2666667
vt 0.7291667 0.2666667
vt 0.75 0.2666667
vt 0.7708333 0.2666667
vt 0.7916667 0.2666667
vt 0.8125 0.2666667
vt 0.8333333 0.2666667
vt 0.8541667 0.2666667
vt 0.875 0.2666667
vt 0.8958333 0.2666667
vt 0.9166667 0.2666667
vt 0.9375 0.2666667
vt 0.9583333 0.2666667
vt 0.9791667 0.2666667
vt 1 0.2666667
vt 0 0.3
vt 0.02083333 0.3
vt 0.04166667 0.3
vt 0.0625 0.3
vt 0.08333334 0.3
vt 0.1041667 0.3
vt 0.125 0.3
vt 0.1458333 0.3
vt 0.1666667 0.3
vt 0.1875 0.3
vt 0.2083333 0.3
vt 0.2291667 0.3
vt 0.25 0.3
vt 0.2708333 0.3
vt 0.2916667 0.3
vt 0.3125 0.3
vt 0.3333333 0.3
vt 0.3541667 0.3
vt 0.375 0.3
vt 0.3958333 0.3
vt 0.4166667 0.3
vt 0.4375 0.3
vt 0.4583333 0.3
vt 0.4791667 0.3
vt 0.5 0.3
vt 0.5208333 0.3
vt 0.5416667 0.3
vt 0.5625 0.3
vt 0.5833333 0.3
vt 0.6041667 0.3
vt 0.625 0.3
vt 0.6458333 0.3
vt 0.6666667 0.3
vt 0.6875 0.3
vt 0.7083333 0.3
vt 0.7291667 0.3
vt 0.75 0.3
vt 0.7708333 0.3
vt 0.7916667 0.3
vt 0.8125 0.3
vt 0.8333333 0.3
vt 0.8541667 0.3
vt 0.875 0.3
vt 0.8958333 0.3
vt 0.9166667 0.3
vt 0.9375 0.3
vt 0.9583333 0.3
vt 0.9791667 0.3
vt 1 0.3
vt 0 0.3333333
vt 0.02083333 0.3333333
vt 0.04166667 0.3333333
vt 0.0625 0.3333333
vt 0.08333334 0.3333333
vt 0.1041667 0.3333333
vt 0.125 0.3333333
vt 0.1458333 0.3333333
vt 0.1666667 0.3333333
vt 0.1875 0.3333333
vt 0.2083333 0.3333333
vt 0.2291667 0.3333333
vt 0.25 0.3333333
vt 0.2708333 0.3333333
vt 0.2916667 0.3333333
vt 0.3125 0.3333333
vt 0.3333333 0.3333333
vt 0.3541667 0.3333333
vt 0.375 0.3333333
vt 0.3958333 0.3333333
vt 0.4166667 0.3333333
vt 0.4375 0.3333333
vt 0.4583333 0.3333333
vt 0.4791667 0.3333333
vt 0.5 0.3333333
vt 0.5208333 0.3333333
vt 0.5416667 0.3333333
vt 0.5625 0.3333333
vt 0.5833333 0.3333333
vt 0.6041667 0.3333333
vt 0.625 0.3333333
vt 0.6458333 0.3333333
vt 0.6666667 0.3333333
vt 0.6875 0.3333333
vt 0.7083333 0.3333333
vt 0.7291667 0.3333333
vt 0.75 0.3333333
vt 0.7708333 0.3333333
vt 0.7916667 0.3333333
vt 0.8125 0.3333333
vt 0.8333333 0.3333333
vt 0.8541667 0.3333333
vt 0.875 0.3333333
vt 0.8958333 0.3333333
vt 0.9166667 0.3333333
vt 0.9375 0.3333333
vt 0.9583333 0.3333333
vt 0.9791667 0.3333333
vt 1 0.3333333
vt 0 0.3666667
vt 0.02083333 0.3666667
vt 0.04166667 0.3666667
vt 0.0625 0.3666667
vt 0.08333334 0.3666667
vt 0.1041667 0.3666667
vt 0.125 0.3666667
vt 0.1458333 0.3666667
vt 0.1666667 0.3666667
vt 0.1875 0.3666667
vt 0.2083333 0.3666667
vt 0.2291667 0.3666667
vt 0.25 0.3666667
vt 0.2708333 0.3666667
vt 0.2916667 0.3666667
vt 0.3125 0.3666667
vt 0.3333333 0.3666667
vt 0.3541667 0.3666667
vt 0.375 0.3666667
vt 0.3958333 0.3666667
vt 0.4166667 0.3666667
vt 0.4375 0.3666667
vt 0.4583333 0.3666667
vt 0.4791667 0.3666667
vt 0.5 0.3666667
vt 0.5208333 0.3666667
vt 0.5416667 0.3666667
vt 0.5625 0.3666667
vt 0.5833333 0.3666667
vt 0.6041667 0.3666667
vt 0.625 0.3666667
vt 0.6458333 0.3666667
vt 0.6666667 0.3666667
vt 0.6875 0.3666667
vt 0.7083333 0.3666667
vt 0.7291667 0.3666667
vt 0.75 0.3666667
vt 0.7708333 0.3666667
vt 0.7916667 0.3666667
vt 0.8125 0.3666667
vt 0.8333333 0.3666667
vt 0.8541667 0.3666667
vt 0.875 0.3666667
vt 0.8958333 0.3666667
vt 0.9166667 0.3666667
vt 0.9375 0.3666667
vt 0.9583333 0.3666667
vt 0.9791667 0.3666667
vt 1 0.3666667
vt 0 0.4
vt 0.02083333 0.4
vt 0.04166667 0.4
vt 0.0625 0.4
vt 0.08333334 0.4
vt 0.1041667 0.4
vt 0.125 0.4
vt 0.1458333 0.4
vt 0.1666667 0.4
vt 0.1875 0.4
vt 0.2083333 0.4
vt 0.2291667 0.4
vt 0.25 0.4
vt 0.2708333 0.4
vt 0.2916667 0.4
vt 0.3125 0.4
vt 0.3333333 0.4
vt 0.3541667 0.4
vt 0.375 0.4
vt 0.3958333 0.4
vt 0.4166667 0.4
vt 0.4375 0.4
vt 0.4583333 0.4
vt 0.4791667 0.4
vt 0.5 0.4
vt 0.5208333 0.4
vt 0.5416667 0.4
vt 0.5625 0.4
vt 0.5833333 0.4
vt 0.6041667 0.4
vt 0.625 0.4
vt 0.6458333 0.4
vt 0.6666667 0.4
vt 0.6875 0.4
vt 0.7083333 0.4
vt 0.7291667 0.4
vt 0.75 0.4
vt 0.7708333 0.4
vt 0.7916667 0.4
vt 0.8125 0.4
vt 0.8333333 0.4
vt 0.8541667 0.4
vt 0.875 0.4
vt 0.8958333 0.4
vt 0.9166667 0.4
vt 0.9375 0.4
vt 0.9583333 0.4
vt 0.9791667 0.4
vt 1 0.4
vt 0 0.4333333
vt 0.02083333 0.4333333
vt 0.04166667 0.4333333
vt 0.0625 0.4333333
vt 0.08333334 0.4333333
vt 0.1041667 0.4333333
vt 0.125 0.4333333
vt 0.1458333 0.4333333
vt 0.1666667 0.4333333
vt 0.1875 0.4333333
vt 0.2083333 0.4333333
vt 0.2291667 0.4333333
vt 0.25 0.4333333
vt 0.2708333 0.4333333
vt 0.2916667 0.4333333
vt 0.3125 0.4333333
vt 0.3333333 0.4333333
vt 0.3541667 0.4333333
vt 0.375 0.4333333
vt 0.3958333 0.4333333
vt 0.4166667 0.4333333
vt 0.4375 0.4333333
vt 0.4583333 0.4333333
vt 0.4791667 0.4333333
vt 0.5 0.4333333
vt 0.5208333 0.4333333
vt 0.5416667 0.4333333
vt 0.5625 0.4333333
vt 0.5833333 0.4333333
vt 0.6041667 0.4333333
vt 0.625 0.4333333
vt 0.6458333 0.4333333
vt 0.6666667 0.4333333
vt 0.6875 0.4333333
vt 0.7083333 0.4333333
vt 0.7291667 0.4333333
vt 0.75 0.4333333
vt 0.7708333 0.4333333
vt 0.7916667 0.4333333
vt 0.8125 0.4333333
vt 0.8333333 0.4333333
vt 0.8541667 0.4333333
vt 0.875 0.4333333
vt 0.8958333 0.4333333
vt 0.9166667 0.4333333
vt 0.9375 0.4333333
vt 0.9583333 0.4333333
vt 0.9791667 0.4333333
vt 1 0.4333333
vt 0 0.4666667
vt 0.02083333 0.4666667
vt 0.04166667 0.4666667
vt 0.0625 0.4666667
vt 0.08333334 0.4666667
vt 0.1041667 0.4666667
vt 0.125 0.4666667
vt 0.1458333 0.4666667
vt 0.1666667 0.4666667
vt 0.1875 0.4666667
vt 0.2083333 0.4666667
vt 0.2291667 0.4666667
vt 0.25 0.4666667
vt 0.2708333 0.4666667
vt 0.2916667 0.4666667
vt 0.3125 0.4666667
vt 0.3333333 0.4666667
vt 0.3541667 0.4666667
vt 0.375 0.4666667
vt 0.3958333 0.4666667
vt 0.4166667 0.4666667
vt 0.4375 0.4666667
vt 0.4583333 0.4666667
vt 0.4791667 0.4666667
vt 0.5 0.4666667
vt 0.5208333 0.4666667
vt 0.5416667 0.4666667
vt 0.5625 0.4666667
vt 0.5833333 0.4666667
vt 0.6041667 0.4666667
vt 0.625 0.4666667
vt 0.6458333 0.4666667
vt 0.6666667 0.4666667
vt 0.6875 0.4666667
vt 0.7083333 0.4666667
vt 0.7291667 0.4666667
vt 0.75 0.4666667
vt 0.7708333 0.4666667
vt 0.7916667 0.4666667
vt 0.8125 0.4666667
vt 0.8333333 0.4666667
vt 0.8541667 0.4666667
vt 0.875 0.4666667
vt 0.8958333 0.4666667
vt 0.9166667 0.4666667
vt 0.9375 0.4666667
vt 0.9583333 0.4666667
vt 0.9791667 0.4666667
vt 1 0.4666667
vt 0 0.5
vt 0.02083333 0.5
vt 0.04166667 0.5
vt 0.0625 0.5
vt 0.08333334 0.5
vt 0.1041667 0.5
vt 0.125 0.5
vt 0.1458333 0.5
vt 0.1666667 0.5
vt 0.1875 0.5
vt 0.2083333 0.5
vt 0.2291667 0.5
vt 0.25 0.5
vt 0.2708333 0.5
vt 0.2916667 0.5
vt 0.3125 0.5
vt 0.3333333 0.5
vt 0.3541667 0.5
vt 0.375 0.5
vt 0.3958333 0.5
vt 0.4166667 0.5
vt 0.4375 0.5
vt 0.4583333 0.5
vt 0.4791667 0.5
vt 0.5 0.5
vt 0.5208333 0.5
vt 0.5416667 0.5
vt 0.5625 0.5
vt 0.5833333 0.5
vt 0.6041667 0.5
vt 0.625 0.5
vt 0.6458333 0.5
vt 0.6666667 0.5
vt 0.6875 0.5
vt 0.7083333 0.5
vt 0.7291667 0.5
vt 0.75 0.5
vt 0.7708333 0.5
vt 0.7916667 0.5
vt 0.8125 0.5
vt 0.8333333 0.5
vt 0.8541667 0.5
vt 0.875 0.5
vt 0.8958333 0.5
vt 0.9166667 0.5
vt 0.9375 0.5
vt 0.9583333 0.5
vt 0.9791667 0.5
vt 1 0.5
vt 0 0.5333334
vt 0.02083333 0.5333334
vt 0.04166667 0.5333334
vt 0.0625 0.5333334
vt 0.08333334 0.5333334
vt 0.1041667 0.5333334
vt 0.125 0.5333334
vt 0.1458333 0.5333334
vt 0.1666667 0.5333334
vt 0.1875 0.5333334
vt 0.2083333 0.5333334
vt 0.2291667 0.5333334
vt 0.25 0.5333334
vt 0.2708333 0.5333334
vt 0.2916667 0.5333334
vt 0.3125 0.5333334
vt 0.3333333 0.5333334
vt 0.3541667 0.5333334
vt 0.375 0.5333334
vt 0.3958333 0.5333334
vt 0.4166667 0.5333334
vt 0.4375 0.5333334
vt 0.4583333 0.5333334
vt 0.4791667 0.5333334
vt 0.5 0.5333334
vt 0.5208333 0.5333334
vt 0.5416667 0.5333334
vt 0.5625 0.5333334
vt 0.5833333 0.5333334
vt 0.6041667 0.5333334
vt 0.625 0.5333334
vt 0.6458333 0.5333334
vt 0.6666667 0.5333334
vt 0.6875 0.5333334
vt 0.7083333 0.5333334
vt 0.7291667 0.5333334
vt 0.75 0.5333334
vt 0.7708333 0.5333334
vt 0.7916667 0.5333334
vt 0.8125 0.5333334
vt 0.8333333 0.5333334
vt 0.8541667 0.5333334
vt 0.875 0.5333334
vt 0.8958333 0.5333334
vt 0.9166667 0.5333334
vt 0.9375 0.5333334
vt 0.9583333 0.5333334
vt 0.9791667 0.5333334
vt 1 0.5333334
vt 0 0.5666667
vt 0.02083333 0.5666667
vt 0.04166667 0.5666667
vt 0.0625 0.5666667
vt 0.08333334 0.5666667
vt 0.1041667 0.5666667
vt 0.125 0.5666667
vt 0.1458333 0.5666667
vt 0.1666667 0.5666667
vt 0.1875 0.5666667
vt 0.2083333 0.5666667
vt 0.2291667 0.5666667
vt 0.25 0.5666667
vt 0.2708333 0.5666667
vt 0.2916667 0.5666667
vt 0.3125 0.5666667
vt 0.3333333 0.5666667
vt 0.3541667 0.5666667
vt 0.375 0.5666667
vt 0.3958333 0.5666667
vt 0.4166667 0.5666667
vt 0.4375 0.5666667
vt 0.4583333 0.5666667
vt 0.4791667 0.5666667
vt 0.5 0.5666667
vt 0.5208333 0.5666667
vt 0.5416667 0.5666667
vt 0.5625 0.5666667
vt 0.5833333 0.5666667
vt 0.6041667 0.5666667
vt 0.625 0.5666667
vt 0.6458333 0.5666667
vt 0.6666667 0.5666667
vt 0.6875 0.5666667
vt 0.7083333 0.5666667
vt 0.7291667 0.5666667
vt 0.75 0.5666667
vt 0.7708333 0.5666667
vt 0.7916667 0.5666667
vt 0.8125 0.5666667
vt 0.8333333 0.5666667
vt 0.8541667 0.5666667
vt 0.875 0.5666667
vt 0.8958333 0.5666667
vt 0.9166667 0.5666667
vt 0.9375 0.5666667
vt 0.9583333 0.5666667
vt 0.9791667 0.5666667
vt 1 0.5666667
vt 0 0.6
vt 0.02083333 0.6
vt 0.04166667 0.6
vt 0.0625 0.6
vt 0.08333334 0.6
vt 0.1041667 0.6
vt 0.125 0.6
vt 0.1458333 0.6
vt 0.1666667 0.6
vt 0.1875 0.6
vt 0.2083333 0.6
vt 0.2291667 0.6
vt 0.25 0.6
vt 0.2708333 0.6
vt 0.2916667 0.6
vt 0.3125 0.6
vt 0.3333333 0.6
vt 0.3541667 0.6
vt 0.375 0.6
vt 0.3958333 0.6
vt 0.4166667 0.6
vt 0.4375 0.6
vt 0.4583333 0.6
vt 0.4791667 0.6
vt 0.5 0.6
vt 0.5208333 0.6
vt 0.5416667 0.6
vt 0.5625 0.6
vt 0.5833333 0.6
vt 0.6041667 0.6
vt 0.625 0.6
vt 0.6458333 0.6
vt 0.6666667 0.6
vt 0.6875 0.6
vt 0.7083333 0.6
vt 0.7291667 0.6
vt 0.75 0.6
vt 0.7708333 0.6
vt 0.7916667 0.6
vt 0.8125 0.6
vt 0.8333333 0.6
vt 0.8541667 0.6
vt 0.875 0.6
vt 0.8958333 0.6
vt 0.9166667 0.6
vt 0.9375 0.6
vt 0.9583333 0.6
vt 0.9791667 0.6
vt 1 0.6
vt 0 0.6333333
vt 0.02083333 0.6333333
vt 0.04166667 0.6333333
vt 0.0625 0.6333333
vt 0.08333334 0.6333333
vt 0.1041667 0.6333333
vt 0.125 0.6333333
vt 0.1458333 0.6333333
vt 0.1666667 0.6333333
vt 0.1875 0.6333333
vt 0.2083333 0.6333333
vt 0.2291667 0.6333333
vt 0.25 0.6333333
vt 0.2708333 0.6333333
vt 0.2916667 0.6333333
vt 0.3125 0.6333333
vt 0.3333333 0.6333333
vt 0.3541667 0.6333333
vt 0.375 0.6333333
vt 0.3958333 0.6333333
vt 0.4166667 0.6333333
vt 0.4375 0.6333333
vt 0.4583333 0.6333333
vt 0.4791667 0.6333333
vt 0.5 0.6333333
vt 0.5208333 0.6333333
vt 0.5416667 0.6333333
vt 0.5625 0.6333333
vt 0.5833333 0.6333333
vt 0.6041667 0.6333333
vt 0.625 0.6333333
vt 0.6458333 0.6333333
vt 0.6666667 0.6333333
vt 0.6875 0.6333333
vt 0.7083333 0.6333333
vt 0.7291667 0.6333333
vt 0.75 0.6333333
vt 0.7708333 0.6333333
vt 0.7916667 0.6333333
vt 0.8125 0.6333333
vt 0.8333333 0.6333333
vt 0.8541667 0.6333333
vt 0.875 0.6333333
vt 0.8958333 0.6333333
vt 0.9166667 0.6333333
vt 0.9375 0.6333333
vt 0.9583333 0.6333333
vt 0.9791667 0.6333333
vt 1 0.6333333
vt 0 0.6666667
vt 0.02083333 0.6666667
vt 0.04166667 0.6666667
vt 0.0625 0.6666667
vt 0.08333334 0.6666667
vt 0.1041667 0.6666667
vt 0.125 0.6666667
vt 0.1458333 0.6666667
vt 0.1666667 0.6666667
vt 0.1875 0.6666667
vt 0.2083333 0.6666667
vt 0.2291667 0.6666667
vt 0.25 0.6666667
vt 0.2708333 0.6666667
vt 0.2916667 0.6666667
vt 0.3125 0.6666667
vt 0.3333333 0.6666667
vt 0.3541667 0.6666667
vt 0.375 0.6666667
vt 0.3958333 0.6666667
vt 0.4166667 0.6666667
vt 0.4375 0.6666667
vt 0.4583333 0.6666667
vt 0.4791667 0.6666667
vt 0.5 0.6666667
vt 0.5208333 0.6666667
vt 0.5416667 0.6666667
vt 0.5625 0.6666667
vt 0.5833333 0.6666667
vt 0.6041667 0.6666667
vt 0.625 0.6666667
vt 0.6458333 0.6666667
vt 0.6666667 0.6666667
vt 0.6875 0.6666667
vt 0.7083333 0.6666667
vt 0.7291667 0.6666667
vt 0.75 0.6666667
vt 0.7708333 0.6666667
vt 0.7916667 0.6666667
vt 0.8125 0.6666667
vt 0.8333333 0.6666667
vt 0.8541667 0.6666667
vt 0.875 0.6666667
vt 0.8958333 0.6666667
vt 0.9166667 0.6666667
vt 0.9375 0.6666667
vt 0.9583333 0.6666667
vt 0.9791667 0.6666667
vt 1 0.6666667
vt 0 0.7
vt 0.02083333 0.7
vt 0.04166667 0.7
vt 0.0625 0.7
vt 0.08333334 0.7
vt 0.1041667 0.7
vt 0.125 0.7
vt 0.1458333 0.7
vt 0.1666667 0.7
vt 0.1875 0.7
vt 0.2083333 0.7
vt 0.2291667 0.7
vt 0.25 0.7
vt 0.2708333 0.7
vt 0.2916667 0.7
vt 0.3125 0.7
vt 0.3333333 0.7
vt 0.3541667 0.7
vt 0.375 0.7
vt 0.3958333 0.7
vt 0.4166667 0.7
vt 0.4375 0.7
vt 0.4583333 0.7
vt 0.4791667 0.7
vt 0.5 0.7
vt 0.5208333 0.7
vt 0.5416667 0.7
vt 0.5625 0.7
vt 0.5833333 0.7
vt 0.6041667 0.7
vt 0.625 0.7
vt 0.6458333 0.7
vt 0.6666667 0.7
vt 0.6875 0.7
vt 0.7083333 0.7
vt 0.7291667 0.7
vt 0.75 0.7
vt 0.7708333 0.7
vt 0.7916667 0.7
vt 0.8125 0.7
vt 0.8333333 0.7
vt 0.8541667 0.7
vt 0.875 0.7
vt 0.8958333 0.7
vt 0.9166667 0.7
vt 0.9375 0.7
vt 0.9583333 0.7
vt 0.9791667 0.7
vt 1 0.7
vt 0 0.7333333
vt 0.02083333 0.7333333
vt 0.04166667 0.7333333
vt 0.0625 0.7333333
vt 0.08333334 0.7333333
vt 0.1041667 0.7333333
vt 0.125 0.7333333
vt 0.1458333 0.7333333
vt 0.1666667 0.7333333
vt 0.1875 0.7333333
vt 0.2083333 0.7333333
vt 0.2291667 0.7333333
vt 0.25 0.7333333
vt 0.2708333 0.7333333
vt 0.2916667 0.7333333
vt 0.3125 0.7333333
vt 0.3333333 0.7333333
vt 0.3541667 0.7333333
vt 0.375 0.7333333
vt 0.3958333 0.7333333
vt 0.4166667 0.7333333
vt 0.4375 0.7333333
vt 0.4583333 0.7333333
vt 0.4791667 0.7333333
vt 0.5 0.7333333
vt 0.5208333 0.7333333
vt 0.5416667 0.7333333
vt 0.5625 0.7333333
vt 0.5833333 0.7333333
vt 0.6041667 0.7333333
vt 0.625 0.7333333
vt 0.6458333 0.7333333
vt 0.6666667 0.7333333
vt 0.6875 0.7333333
vt 0.7083333 0.7333333
vt 0.7291667 0.7333333
vt 0.75 0.7333333
vt 0.7708333 0.7333333
vt 0.7916667 0.7333333
vt 0.8125 0.7333333
vt 0.8333333 0.7333333
vt 0.8541667 0.7333333
vt 0.875 0.7333333
vt 0.8958333 0.7333333
vt 0.9166667 0.7333333
vt 0.9375 0.7333333
vt 0.9583333 0.7333333
vt 0.9791667 0.7333333
vt 1 0.7333333
vt 0 0.7666667
vt 0.02083333 0.7666667
vt 0.04166667 0.7666667
vt 0.0625 0.7666667
vt 0.08333334 0.7666667
vt 0.1041667 0.7666667
vt 0.125 0.7666667
vt 0.1458333 0.7666667
vt 0.1666667 0.7666667
vt 0.1875 0.7666667
vt 0.2083333 0.7666667
vt 0.2291667 0.7666667
vt 0.25 0.7666667
vt 0.2708333 0.7666667
vt 0.2916667 0.7666667
vt 0.3125 0.7666667
vt 0.3333333 0.7666667
vt 0.3541667 0.7666667
vt 0.375 0.7666667
vt 0.3958333 0.7666667
vt 0.4166667 0.7666667
vt 0.4375 0.7666667
vt 0.4583333 0.7666667
vt 0.4791667 0.7666667
vt 0.5 0.7666667
vt 0.5208333 0.7666667
vt 0.5416667 0.7666667
vt 0.5625 0.7666667
vt 0.5833333 0.7666667
vt 0.6041667 0.7666667
vt 0.625 0.7666667
vt 0.6458333 0.7666667
vt 0.6666667 0.7666667
vt 0.6875 0.7666667
vt 0.7083333 0.7666667
vt 0.7291667 0.7666667
vt 0.75 0.7666667
vt 0.7708333 0.7666667
vt 0.7916667 0.7666667
vt 0.8125 0.7666667
vt 0.8333333 0.7666667
vt 0.8541667 0.7666667
vt 0.875 0.7666667
vt 0.8958333 0.7666667
vt 0.9166667 0.7666667
vt 0.9375 0.7666667
vt 0.9583333 0.7666667
vt 0.9791667 0.7666667
vt 1 0.7666667
vt 0 0.8
vt 0.02083333 0.8
vt 0.04166667 0.8
vt 0.0625 0.8
vt 0.08333334 0.8
vt 0.1041667 0.8
vt 0.125 0.8
vt 0.1458333 0.8
vt 0.1666667 0.8
vt 0.1875 0.8
vt 0.2083333 0.8
vt 0.2291667 0.8
vt 0.25 0.8
vt 0.2708333 0.8
vt 0.2916667 0.8
vt 0.3125 0.8
vt 0.3333333 0.8
vt 0.3541667 0.8
vt 0.375 0.8
vt 0.3958333 0.8
vt 0.4166667 0.8
vt 0.4375 0.8
vt 0.4583333 0.8
vt 0.4791667 0.8
vt 0.5 0.8
vt 0.5208333 0.8
vt 0.5416667 0.8
vt 0.5625 0.8
vt 0.5833333 0.8
vt 0.6041667 0.8
vt 0.625 0.8
vt 0.6458333 0.8
vt 0.6666667 0.8
vt 0.6875 0.8
vt 0.7083333 0.8
vt 0.7291667 0.8
vt 0.75 0.8
vt 0.7708333 0.8
vt 0.7916667 0.8
vt 0.8125 0.8
vt 0.8333333 0.8
vt 0.8541667 0.8
vt 0.875 0.8
vt 0.8958333 0.8
vt 0.9166667 0.8
vt 0.9375 0.8
vt 0.9583333 0.8
vt 0.9791667 0.8
vt 1 0.8
vt 0 0.8333333
vt 0.02083333 0.8333333
vt 0.04166667 0.8333333
vt 0.0625 0.8333333
vt 0.08333334 0.8333333
vt 0.1041667 0.8333333
vt 0.125 0.8333333
vt 0.1458333 0.8333333
vt 0.1666667 0.8333333
vt 0.1875 0.8333333
vt 0.2083333 0.8333333
vt 0.2291667 0.8333333
vt 0.25 0.8333333
vt 0.2708333 0.8333333
vt 0.2916667 0.8333333
vt 0.3125 0.8333333
vt 0.3333333 0.8333333
vt 0.3541667 0.8333333
vt 0.375 0.8333333
vt 0.3958333 0.8333333
vt 0.4166667 0.8333333
vt 0.4375 0.8333333
vt 0.4583333 0.8333333
vt 0.4791667 0.8333333
vt 0.5 0.8333333
vt 0.5208333 0.8333333
vt 0.5416667 0.8333333
vt 0.5625 0.8333333
vt 0.5833333 0.8333333
vt 0.6041667 0.8333333
vt 0.625 0.8333333
vt 0.6458333 0.8333333
vt 0.6666667 0.8333333
vt 0.6875 0.8333333
vt 0.7083333 0.8333333
vt 0.7291667 0.8333333
vt 0.75 0.8333333
vt 0.7708333 0.8333333
vt 0.7916667 0.8333333
vt 0.8125 0.8333333
vt 0.8333333 0.8333333
vt 0.8541667 0.8333333
vt 0.875 0.8333333
vt 0.8958333 0.8333333
vt 0.9166667 0.8333333
vt 0.9375 0.8333333
vt 0.9583333 0.8333333
vt 0.9791667 0.8333333
vt 1 0.8333333
vt 0 0.8666667
vt 0.02083333 0.8666667
vt 0.04166667 0.8666667
vt 0.0625 0.8666667
vt 0.08333334 0.8666667
vt 0.1041667 0.8666667
vt 0.125 0.8666667
vt 0.1458333 0.8666667
vt 0.1666667 0.8666667
vt 0.1875 0.8666667
vt 0.2083333 0.8666667
vt 0.2291667 0.8666667
vt 0.25 0.8666667
vt 0.2708333 0.8666667
vt 0.2916667 0.8666667
vt 0.3125 0.8666667
vt 0.3333333 0.8666667
vt 0.3541667 0.8666667
vt 0.375 0.8666667
vt 0.3958333 0.8666667
vt 0.4166667 0.8666667
vt 0.4375 0.8666667
vt 0.4583333 0.8666667
vt 0.4791667 0.8666667
vt 0.5 0.8666667
vt 0.5208333 0.8666667
vt 0.5416667 0.8666667
vt 0.5625 0.8666667
vt 0.5833333 0.8666667
vt 0.6041667 0.8666667
vt 0.625 0.8666667
vt 0.6458333 0.8666667
vt 0.6666667 0.8666667
vt 0.6875 0.8666667
vt 0.7083333 0.8666667
vt 0.7291667 0.8666667
vt 0.75 0.8666667
vt 0.7708333 0.8666667
vt 0.7916667 0.8666667
vt 0.8125 0.8666667
vt 0.8333333 0.8666667
vt 0.8541667 0.8666667
vt 0.875 0.8666667
vt 0.8958333 0.8666667
vt 0.9166667 0.8666667
vt 0.9375 0.8666667
vt 0.9583333 0.8666667
vt 0.9791667 0.8666667
vt 1 0.8666667
vt 0 0.9
vt 0.02083333 0.9
vt 0.04166667 0.9
vt 0.0625 0.9
vt 0.08333334 0.9
vt 0.1041667 0.9
vt 0.125 0.9
vt 0.1458333 0.9
vt 0.1666667 0.9
vt 0.1875 0.9
vt 0.2083333 0.9
vt 0.2291667 0.9
vt 0.25 0.9
vt 0.2708333 0.9
vt 0.2916667 0.9
vt 0.3125 0.9
vt 0.3333333 0.9
vt 0.3541667 0.9
vt 0.375 0.9
vt 0.3958333 0.9
vt 0.4166667 0.9
vt 0.4375 0.9
vt 0.4583333 0.9
vt 0.4791667 0.9
vt 0.5 0.9
vt 0.5208333 0.9
vt 0.5416667 0.9
vt 0.5625 0.9
vt 0.5833333 0.9
vt 0.6041667 0.9
vt 0.625 0.9
vt 0.6458333 0.9
vt 0.6666667 0.9
vt 0.6875 0.9
vt 0.7083333 0.9
vt 0.7291667 0.9
vt 0.75 0.9
vt 0.7708333 0.9
vt 0.7916667 0.9
vt 0.8125 0.9
vt 0.8333333 0.9
vt 0.8541667 0.9
vt 0.875 0.9
vt 0.8958333 0.9
vt 0.9166667 0.9
vt 0.9375 0.9
vt 0.9583333 0.9
vt 0.9791667 0.9
vt 1 0.9
vt 0 0.9333333
vt 0.02083333 0.9333333
vt 0.04166667 0.9333333
vt 0.0625 0.9333333
vt 0.08333334 0.9333333
vt 0.1041667 0.9333333
vt 0.125 0.9333333
vt 0.1458333 0.9333333
vt 0.1666667 0.9333333
vt 0.1875 0.9333333
vt 0.2083333 0.9333333
vt 0.2291667 0.9333333
vt 0.25 0.9333333
vt 0.2708333 0.9333333
vt 0.2916667 0.9333333
vt 0.3125 0.9333333
vt 0.3333333 0.9333333
vt 0.3541667 0.9333333
vt 0.375 0.9333333
vt 0.3958333 0.9333333
vt 0.4166667 0.9333333
vt 0.4375 0.9333333
vt 0.4583333 0.9333333
vt 0.4791667 0.9333333
vt 0.5 0.9333333
vt 0.5208333 0.9333333
vt 0.5416667 0.9333333
vt 0.5625 0.9333333
vt 0.5833333 0.9333333
vt 0.6041667 0.9333333
vt 0.625 0.9333333
vt 0.6458333 0.9333333
vt 0.6666667 0.9333333
vt 0.6875 0.9333333
vt 0.7083333 0.9333333
vt 0.7291667 0.9333333
vt 0.75 0.9333333
vt 0.7708333 0.9333333
vt 0.7916667 0.9333333
vt 0.8125 0.9333333
vt 0.8333333 0.9333333
vt 0.8541667 0.9333333
vt 0.875 0.9333333
vt 0.8958333 0.9333333
vt 0.9166667 0.9333333
vt 0.9375 0.9333333
vt 0.9583333 0.9333333
vt 0.9791667 0.9333333
vt 1 0.9333333
vt 0 0.9666666
vt 0.02083333 0.9666666
vt 0.04166667 0.9666666
vt 0.0625 0.9666666
vt 0.08333334 0.9666666
vt 0.1041667 0.9666666
vt 0.125 0.9666666
vt 0.1458333 0.9666666
vt 0.1666667 0.9666666
vt 0.1875 0.9666666
vt 0.2083333 0.9666666
vt 0.2291667 0.9666666
vt 0.25 0.9666666
vt 0.2708333 0.9666666
vt 0.2916667 0.9666666
vt 0.3125 0.9666666
vt 0.3333333 0.9666666
vt 0.3541667 0.9666666
vt 0.375 0.9666666
vt 0.3958333 0.9666666
vt 0.4166667 0.9666666
vt 0.4375 0.9666666
vt 0.4583333 0.9666666
vt 0.4791667 0.9666666
vt 0.5 0.9666666
vt 0.5208333 0.9666666
vt 0.5416667 0.9666666
vt 0.5625 0.9666666
vt 0.5833333 0.9666666
vt 0.6041667 0.9666666
vt 0.625 0.9666666
vt 0.6458333 0.9666666
vt 0.6666667 0.9666666
vt 0.6875 0.9666666
vt 0.7083333 0.9666666
vt 0.7291667 0.9666666
vt 0.75 0.9666666
vt 0.7708333 0.9666666
vt 0.7916667 0.9666666
vt 0.8125 0.9666666
vt 0.8333333 0.9666666
vt 0.8541667 0.9666666
vt 0.875 0.9666666
vt 0.8958333 0.9666666
vt 0.9166667 0.9666666
vt 0.9375 0.9666666
vt 0.9583333 0.9666666
vt 0.9791667 0.9666666
vt 1 0.9666666
vt 0 1
vt 0.02083333 1
vt 0.04166667 1
vt 0.0625 1
vt 0.08333334 1
vt 0.1041667 1
vt 0.125 1
vt 0.1458333 1
vt 0.1666667 1
vt 0.1875 1
vt 0.2083333 1
vt 0.2291667 1
vt 0.25 1
vt 0.2708333 1
vt 0.2916667 1
vt 0.3125 1
vt 0.3333333 1
vt 0.3541667 1
vt 0.375 1
vt 0.3958333 1
vt 0.4166667 1
vt 0.4375 1
vt 0.4583333 1
vt 0.4791667 1
vt 0.5 1
vt 0.5208333 1
vt 0.5416667 1
vt 0.5625 1
vt 0.5833333 1
vt 0.6041667 1
vt 0.625 1
vt 0.6458333 1
vt 0.6666667 1
vt 0.6875 1
vt 0.7083333 1
vt 0.7291667 1
vt 0.75 1
vt 0.7708333 1
vt 0.7916667 1
vt 0.8125 1
vt 0.8333333 1
vt 0.8541667 1
vt 0.875 1
vt 0.8958333 1
vt 0.9166667 1
vt 0.9375 1
vt 0.9583333 1
vt 0.9791667 1
vt 1 1
vn 0 1 0
vn 0 1 0
vn 0 1 0
vn 0 1 0
vn 0 1 0
vn 0 1 0
vn 0 1 0
vn 0 1 0
vn 0 1 0
vn 0 1 0
vn 0 1 0
vn 0 1 0
vn 0 1 0
vn 0 1 0
vn 0 1 0
vn 0 1 0
vn 0 1 0
vn 0 1 0
vn 0 1 0
vn 0 1 0
vn 0 1 0
vn 0 1 0
vn 0 1 0
vn 0 1 0
vn 0 1 0
vn 0 1 0
vn 0 1 0
vn 0 1 0
vn 0 1 0
vn 0 1 0
vn 0 1 0
vn 0 1 0
vn 0 1 0
vn 0 1 0
vn 0 1 0
vn 0 1 0
vn 0 1 0
vn 0 1 0
vn 0 1 0
vn 0 1 0
vn 0 1 0
vn 0 1 0
vn 0 1 0
vn 0 1 0
vn 0 1 0
vn 0 1 0
vn 0 1 0
vn 0 1 0
vn 0 1 0
vn 0.2891317 0.9415111 0.1730886
vn 0.2399189 0.9544374 0.1774492
vn 0.1911234 0.9642351 0.1836372
vn 0.1483368 0.9698787 0.1932136
vn 0.11771 0.9719138 0.203784
vn 0.1003808 0.9704981 0.2192194
vn 0.09625635 0.9655481 0.2417676
vn 0.1057007 0.9569778 0.2702239
vn 0.127641 0.944678 0.3021444
vn 0.1556404 0.9292052 0.3351921
vn 0.1820957 0.9134129 0.3640304
vn 0.19051 0.9031326 0.3847823
vn 0.1641684 0.9054522 0.3914143
vn 0.09543476 0.9222649 0.3745926
vn -0.01781387 0.9455289 0.3250505
vn -0.1609825 0.9572318 0.2403998
vn -0.3105349 0.9412385 0.1328087
vn -0.4387881 0.8982278 0.02553242
vn -0.5342587 0.8427002 -0.06651352
vn -0.5939357 0.7927583 -0.1370206
vn -0.6232757 0.758677 -0.1895694
vn -0.6265167 0.7474598 -0.2208637
vn -0.6096181 0.7594301 -0.2272264
vn -0.578086 0.7894087 -0.2065203
vn -0.5390412 0.8265393 -0.1620722
vn -0.4997205 0.859753 -0.1053762
vn -0.4670352 0.882779 -0.05078704
vn -0.4439292 0.896024 -0.008234861
vn -0.4298863 0.902719 0.01721061
vn -0.4216525 0.9064611 0.02318266
vn -0.4153833 0.9096031 0.008885371
vn -0.4099603 0.9118351 -0.02212118
vn -0.4073337 0.9109125 -0.06570999
vn -0.4096282 0.9047182 -0.1170033
vn -0.4190283 0.891908 -0.1700452
vn -0.4332957 0.8739815 -0.2200256
vn -0.4465373 0.8559865 -0.26056
vn -0.4505981 0.8453655 -0.2869121
vn -0.4324663 0.8519264 -0.2952869
vn -0.3770241 0.8824484 -0.2813143
vn -0.2641478 0.9357592 -0.233625
vn -0.09590248 0.9848012 -0.1448074
vn 0.09173346 0.9953368 -0.02982625
vn 0.2389831 0.9684069 0.07124043
vn 0.3239555 0.9364088 0.134876
vn 0.3577623 0.9193234 0.1638619
vn 0.3563908 0.9185252 0.1711636
vn 0.3304843 0.9280851 0.1715758
vn 0.2891295 0.9415038 0.173132
vn 0.1143911 0.9881389 -0.1024513
vn 0.133457 0.9904841 -0.03362191
vn 0.1425499 0.9886219 0.04802432
vn 0.1365342 0.9828249 0.1241514
vn 0.1189464 0.975193 0.1866829
vn 0.094552 0.967416 0.2348749
vn 0.06515146 0.9609006 0.2691197
vn 0.02694107 0.9568029 0.2894866
vn -0.02358722 0.955601 0.2937182
vn -0.08268503 0.9561543 0.2809486
vn -0.1299063 0.9575858 0.2572037
vn -0.1333987 0.9612367 0.2413067
vn -0.07903994 0.9628178 0.2583306
vn -0.007150398 0.949823 0.3127064
vn 0.002001497 0.9300543 0.3674167
vn -0.1040517 0.9253827 0.3644723
vn -0.30228 0.916687 0.2613653
vn -0.4854728 0.8698263 0.08785468
vn -0.5703785 0.8192306 -0.05940957
vn -0.5689524 0.8126515 -0.1260582
vn -0.5223483 0.8452131 -0.1129923
vn -0.4813563 0.8741919 -0.06391133
vn -0.4870226 0.8723934 -0.0416984
vn -0.5283103 0.846934 -0.05992552
vn -0.5690473 0.8177297 -0.08662234
vn -0.5923333 0.8003711 -0.0924523
vn -0.5999234 0.796458 -0.07580632
vn -0.5986814 0.799249 -0.05274118
vn -0.5934154 0.8038554 -0.04092327
vn -0.5849486 0.8093689 -0.0525079
vn -0.5694257 0.8172756 -0.08840266
vn -0.5386569 0.8307053 -0.1406325
vn -0.486741 0.8522727 -0.19161
vn -0.4125728 0.8833146 -0.2225737
vn -0.3234422 0.9195657 -0.2231234
vn -0.2402278 0.9495204 -0.2017462
vn -0.196675 0.9622563 -0.1881007
vn -0.208913 0.9540631 -0.2147533
vn -0.2387165 0.9288937 -0.2831447
vn -0.202158 0.9142364 -0.3511466
vn -0.03763808 0.9323484 -0.359597
vn 0.2159428 0.9402429 -0.2632717
vn 0.3982542 0.9097573 -0.1171978
vn 0.4310109 0.9019379 -0.0271605
vn 0.3519907 0.9356875 -0.02432073
vn 0.2299192 0.9701259 -0.07741474
vn 0.1390282 0.9820388 -0.1275577
vn 0.1065666 0.9846837 -0.137991
vn 0.1143879 0.9881396 -0.1024477
vn 0.009396303 0.9701019 -0.2425162
vn -0.04995672 0.9818247 -0.1830973
vn -0.0628827 0.9913787 -0.1149524
vn -0.06498158 0.9969377 -0.04350533
vn -0.07895626 0.9966733 0.02020425
vn -0.110848 0.9915614 0.06722268
vn -0.1576045 0.9829978 0.09421324
vn -0.2101331 0.9719211 0.1058933
vn -0.2544535 0.9597839 0.1186102
vn -0.2670977 0.950027 0.1615786
vn -0.2165287 0.9394336 0.2656686
vn -0.08563004 0.9098208 0.406071
vn 0.05276418 0.8803957 0.4712956
vn 0.07702885 0.9153107 0.3953136
vn -0.06069206 0.9664914 0.2494212
vn -0.2664414 0.9436268 0.1964115
vn -0.3799527 0.8903977 0.2506552
vn -0.3661273 0.9011352 0.2321771
vn -0.3508278 0.9351522 0.04909491
vn -0.4487352 0.8823115 -0.1419968
vn -0.5697623 0.7987142 -0.1934599
vn -0.5633529 0.8175007 -0.1196918
vn -0.3673128 0.9299006 0.01913392
vn -0.1327908 0.9844371 0.1151097
vn -0.04323519 0.990014 0.1341754
vn -0.0720843 0.9892216 0.127454
vn -0.1438181 0.9816217 0.1254396
vn -0.2072364 0.9700021 0.1270791
vn -0.2428231 0.9623339 0.1222716
vn -0.2485047 0.9627129 0.1069081
vn -0.2279779 0.9696475 0.08837316
vn -0.1861909 0.9795027 0.07686
vn -0.1338347 0.9883218 0.07285887
vn -0.08741375 0.9948334 0.05162771
vn -0.06967666 0.9969448 -0.03530315
vn -0.1048865 0.9704338 -0.2173872
vn -0.1839293 0.8942165 -0.4081017
vn -0.230349 0.8537949 -0.4668764
vn -0.1413646 0.9066879 -0.3974082
vn 0.1280783 0.940722 -0.314067
vn 0.3759647 0.8645603 -0.3334459
vn 0.4070597 0.8189031 -0.404599
vn 0.3098692 0.8732314 -0.376096
vn 0.2769587 0.9303058 -0.2404683
vn 0.3468695 0.9236609 -0.1628871
vn 0.3845114 0.9000146 -0.2052432
vn 0.2988837 0.9145343 -0.2725723
vn 0.1391348 0.9489423 -0.2831078
vn 0.00929046 0.9701057 -0.2425051
vn 0.5547478 0.8320071 -0.004368639
vn 0.5717965 0.81257 0.1130432
vn 0.4503798 0.8837988 0.1267191
vn 0.294718 0.9465258 0.1312641
vn 0.1671086 0.971656 0.1672109
vn 0.07751005 0.9695694 0.2322228
vn 0.03171148 0.9468442 0.3201258
vn 0.05129206 0.9040448 0.4243491
vn 0.1388696 0.8458208 0.5150753
vn 0.188225 0.8281518 0.5279545
vn 0.01196448 0.9171558 0.3983493
vn -0.3032157 0.9413897 0.1478033
vn -0.3314918 0.9385732 0.09588338
vn 0.06346262 0.9214119 0.3833701
vn 0.1637459 0.8583423 0.4862466
vn -0.338079 0.9207183 0.1948861
vn -0.4803857 0.8710492 0.1024837
vn -0.09154128 0.927132 0.3633819
vn -0.2226665 0.9604537 0.1671775
vn -0.5805444 0.7786066 -0.238202
vn -0.347209 0.9309913 -0.1126994
vn 0.133154 0.9635381 0.232087
vn -0.02860251 0.9914642 0.1272034
vn -0.4211515 0.8954005 -0.1445315
vn -0.5090659 0.8478606 -0.1482711
vn -0.3677423 0.9295692 0.02582384
vn -0.2043601 0.9662702 0.1567126
vn -0.1305118 0.9722127 0.1943428
vn -0.1103991 0.9767319 0.1838664
vn -0.09804562 0.9835424 0.151761
vn -0.08336597 0.990953 0.1051775
vn -0.09566871 0.9948642 0.03305704
vn -0.1796772 0.979408 -0.09206635
vn -0.3078134 0.9188426 -0.2469398
vn -0.304437 0.9025432 -0.3045223
vn -0.00821826 0.9825386 -0.1858772
vn 0.3179206 0.9452329 -0.07390121
vn 0.2076663 0.9282587 -0.3085621
vn -0.14552 0.7663969 -0.6256674
vn 0.2237733 0.8024955 -0.5531062
vn 0.6448604 0.7134906 -0.2740187
vn 0.3624379 0.7762086 -0.5158867
vn 0.1044421 0.795777 -0.5965157
vn 0.443779 0.8498953 -0.2841448
vn 0.4870155 0.8510182 -0.1964281
vn 0.1108844 0.8872266 -0.4478097
vn 0.02186677 0.8805337 -0.4734789
vn 0.2977465 0.9141435 -0.2751157
vn 0.5547477 0.832007 -0.004409716
vn 0.5535255 0.8222982 -0.1320431
vn 0.6748973 0.7378183 0.01174318
vn 0.7274978 0.6562471 0.2002167
vn 0.6832736 0.6411336 0.3494068
vn 0.5961543 0.6593113 0.458158
vn 0.5021189 0.6683306 0.5488268
vn 0.4117894 0.6595041 0.6288751
vn 0.312674 0.6622795 0.6808971
vn 0.1891071 0.7273241 0.6597258
vn 0.07954738 0.8502985 0.5202545
vn 0.07879184 0.9161844 0.3929351
vn 0.0995722 0.8773372 0.4694304
vn -0.03739198 0.8910327 0.4523965
vn -0.129924 0.9814533 0.1409584
vn -0.1392511 0.9681017 0.2082982
vn -0.3209187 0.8172247 0.4787013
vn -0.2897458 0.9229888 0.2532568
vn -0.1669081 0.9515941 0.2580901
vn -0.3647571 0.8832369 0.2946946
vn -0.1733792 0.9848412 -0.005251979
vn -0.1512441 0.9884961 0.0008487895
vn -0.5374389 0.8429829 0.02322285
vn -0.4968854 0.865365 -0.06517932
vn -0.3179397 0.9475501 -0.03260668
vn -0.4239015 0.9047765 0.04107528
vn -0.5907693 0.805586 0.04497623
vn -0.63866 0.7694821 0.003261508
vn -0.617613 0.785424 -0.0407845
vn -0.5936092 0.7998563 -0.08864561
vn -0.5873783 0.7928097 -0.1626024
vn -0.5819636 0.7655867 -0.2742179
vn -0.5420031 0.7393194 -0.3995491
vn -0.4348837 0.7687748 -0.4688939
vn -0.256332 0.884029 -0.3908793
vn -0.09717649 0.9689441 -0.2273856
vn -0.02315906 0.9596691 -0.2801766
vn 0.1518346 0.8625726 -0.4826124
vn 0.3748414 0.8549245 -0.3586058
vn 0.3971156 0.864888 -0.3070309
vn 0.4705807 0.6067173 -0.6406621
vn 0.4854725 0.6241595 -0.6121613
vn 0.244557 0.8188078 -0.5193706
vn 0.3053493 0.7030961 -0.6421976
vn 0.3098427 0.8316776 -0.460771
vn 0.1887098 0.9232145 -0.3347591
vn 0.4575194 0.7751585 -0.4356666
vn 0.6445491 0.6919783 -0.3251503
vn 0.5678029 0.7990003 -0.1979857
vn 0.5535254 0.822298 -0.1320444
vn 0.75695 0.6494675 -0.07224072
vn 0.4693823 0.8524916 -0.2300834
vn 0.4403997 0.8927464 -0.09514212
vn 0.4888751 0.8616927 0.1359664
vn 0.4634683 0.8298896 0.310613
vn 0.3575028 0.8347957 0.418698
vn 0.1848743 0.8571583 0.4807298
vn -0.0227138 0.8643488 0.5023796
vn -0.1332722 0.8353728 0.5332831
vn 0.1174568 0.7257887 0.6778162
vn 0.5176269 0.466424 0.7172943
vn 0.3606071 0.6580207 0.661038
vn -0.1043343 0.9139129 0.3922723
vn 0.1488087 0.8502305 0.5049397
vn -0.2934995 0.8992863 0.3242566
vn -0.5442833 0.8201991 0.1761507
vn 0.03929533 0.8098674 0.5852954
vn -0.4809368 0.8510035 0.2109335
vn 0.005669432 0.9053141 0.424705
vn -0.3763851 0.9087682 0.1802069
vn -0.7385189 0.6454366 -0.1949397
vn -0.4426932 0.8729427 0.2049237
vn -0.7178537 0.6939763 -0.05552464
vn -0.7257485 0.6775897 -0.1190017
vn -0.3138159 0.9263553 0.2082917
vn -0.1705932 0.957364 0.2331356
vn -0.289119 0.9532918 0.08743519
vn -0.4290899 0.9014754 -0.05677966
vn -0.5021566 0.8525885 -0.1446775
vn -0.5212639 0.8276669 -0.2079698
vn -0.4842318 0.8337813 -0.2651948
vn -0.3534748 0.8862874 -0.2992496
vn -0.1407147 0.9415072 -0.3062085
vn -0.0758525 0.9089599 -0.4099249
vn -0.3656285 0.6605856 -0.6557001
vn -0.3610369 0.6001021 -0.7138137
vn 0.358901 0.815709 -0.4536618
vn 0.4153426 0.7640803 -0.4936313
vn 0.4259687 0.6757972 -0.6015388
vn 0.7894896 0.5543198 -0.2635067
vn 0.1172791 0.5702615 -0.8130483
vn 0.3142101 0.6933481 -0.6484908
vn 0.214151 0.7741305 -0.5957025
vn 0.1243639 0.7687056 -0.6273957
vn 0.7308418 0.6718914 -0.1201342
vn 0.5296276 0.7351196 -0.4231949
vn 0.6237971 0.6867968 -0.3730781
vn 0.8833483 0.4673354 0.03596223
vn 0.7569809 0.6494277 -0.07227506
vn 0.8496104 0.5272364 0.01356628
vn 0.8854445 0.4627071 0.04347801
vn 0.7645447 0.6401185 0.07562963
vn 0.6560224 0.7361701 0.1663983
vn 0.5604753 0.7836928 0.2677554
vn 0.406168 0.8412423 0.3568459
vn 0.1918929 0.8800511 0.4343815
vn 0.004851518 0.8468453 0.5318171
vn -0.02904929 0.7127767 0.7007892
vn 0.149401 0.5679638 0.8093803
vn 0.2868328 0.7063265 0.6471706
vn 0.2370122 0.7167112 0.6558585
vn 0.3401129 0.397405 0.8522866
vn 0.1361787 0.7863719 0.6025567
vn -0.4388774 0.7130788 0.5467223
vn -0.2543418 0.8588355 0.4446481
vn -0.4435853 0.8428787 0.3046104
vn -0.0327143 0.7932355 0.6080356
vn -0.4123859 0.8748432 0.2541402
vn -0.3436391 0.9306063 0.1260323
vn -0.610272 0.7776873 -0.1508999
vn -0.8520795 0.5219426 0.03919848
vn -0.3664983 0.9001028 0.2355716
vn -0.4011979 0.9087355 0.1150663
vn -0.5725161 0.7954081 0.198875
vn -0.4060063 0.893488 0.1919319
vn -0.2938867 0.9529803 0.07388649
vn -0.3329404 0.9423007 -0.03492948
vn -0.3956477 0.9116565 -0.1111098
vn -0.3868321 0.9103975 -0.1467559
vn -0.289292 0.9456567 -0.1484705
vn -0.1480102 0.9741698 -0.1705467
vn -0.05679335 0.9402117 -0.3358222
vn -0.1255041 0.727103 -0.6749592
vn -0.2438738 0.6295793 -0.7376689
vn -0.03485883 0.759056 -0.6500915
vn 0.1140755 0.4126776 -0.9037058
vn 0.217569 0.5639182 -0.7966556
vn 0.7134975 0.5623533 -0.4179476
vn 0.5002381 0.5659761 -0.6553115
vn 0.3436605 0.8378969 -0.4240593
vn 0.07067915 0.5497025 -0.8323651
vn 0.1269282 0.8462237 -0.5174888
vn 0.5673079 0.6019345 -0.5619935
vn 0.437035 0.858905 -0.2669882
vn 0.7840382 0.6089624 -0.1202033
vn 0.5360227 0.75432 -0.3790528
vn 0.4557813 0.8672103 -0.2005238
vn 0.8496425 0.5271882 0.01342966
vn 0.8489203 0.5194174 0.09767283
vn 0.9723145 0.01504687 0.233191
vn 0.9471873 -0.0767083 0.3113715
vn 0.9419275 0.04633334 0.3326046
vn 0.9087446 0.2146444 0.357926
vn 0.8277245 0.3389013 0.4472339
vn 0.7022223 0.3754041 0.6049426
vn 0.5321233 0.3237506 0.7823238
vn 0.2854022 0.3547233 0.8903465
vn -0.001642474 0.6886872 0.7250567
vn 0.08522269 0.8386325 0.5379896
vn 0.2641619 0.4261142 0.8652429
vn 0.1700723 0.5956551 0.7850289
vn 0.1908699 0.3367861 0.9220325
vn -0.2523353 0.4787906 0.8408843
vn -0.1573201 0.7752548 0.6117436
vn -0.4113348 0.8017107 0.4336631
vn -0.06459074 0.8260168 0.5599324
vn -0.9852152 -0.1710067 0.01037822
vn -0.7583206 -0.05856814 0.6492456
vn -0.8258542 0.2880188 0.4847784
vn -0.3143644 0.9157616 -0.2501115
vn -0.6769017 0.6931309 0.2477373
vn -0.4486352 0.8803828 0.1537942
vn -0.6678519 0.7107075 0.2210629
vn -0.9162236 0.4005696 0.008853662
vn -0.8696665 0.4547052 -0.1921545
vn -0.7520468 0.6061211 -0.2589265
vn -0.6824256 0.6748445 -0.2808565
vn -0.6464251 0.6915861 -0.3222472
vn -0.6146564 0.6723992 -0.4124036
vn -0.5705919 0.5760054 -0.585357
vn -0.4201323 0.4578657 -0.7834844
vn 0.3117897 0.3640471 -0.8776428
vn -0.4809223 0.6832544 -0.5494336
vn 0.0187458 0.5135763 -0.8578392
vn 0.2563289 0.375423 -0.8907037
vn 0.2171865 0.4540481 -0.8641009
vn 0.490043 0.2959382 -0.8199259
vn 0.2349761 0.884394 -0.4032785
vn 0.2798475 0.7583255 -0.5887512
vn -0.01124989 0.8778946 -0.4787219
vn 0.4240699 0.5808082 -0.6948572
vn 0.2570429 0.8731794 -0.4141096
vn 0.607692 0.7270849 -0.3194653
vn 0.1963002 0.9729862 -0.1215078
vn 0.7144373 0.6760839 -0.1802497
vn 0.7754322 0.6255671 0.08585379
vn 0.8488951 0.5194731 0.09759591
vn 0.8971441 0.1954886 0.396127
vn 0.923028 0.3504153 0.158835
vn 0.9675387 0.1351722 0.2135357
vn 0.9621435 0.07430992 0.2622175
vn 0.9490848 0.1448383 0.2797498
vn 0.903908 0.2175617 0.3682625
vn 0.7949698 0.244347 0.5552636
vn 0.5608063 0.2914291 0.7749616
vn 0.2150868 0.4747809 0.8534171
vn 0.21168 0.592782 0.7770464
vn 0.4239993 0.353318 0.8339011
vn -0.07942101 0.6337115 0.7694817
vn 0.1650077 0.5476388 0.8202831
vn -0.1694179 0.1718771 0.970441
vn 0.2212274 0.3079848 0.9253129
vn -0.2395177 0.4450585 0.8628756
vn -0.06334518 0.7181208 0.6930295
vn -0.4034046 0.616771 0.675913
vn -0.8122594 0.4996219 -0.3010193
vn -0.6432331 0.6637621 0.3816688
vn -0.1509815 0.4829178 0.8625515
vn -0.6062273 0.7916577 0.07593826
vn -0.6353536 0.7088432 0.3063773
vn -0.9350249 0.3497467 -0.05835878
vn -0.7900891 0.6038404 0.1055278
vn -0.8604299 0.4972367 0.1114276
vn -0.9322258 0.2953768 -0.2090635
vn -0.8725095 0.3287323 -0.3614725
vn -0.8080919 0.4367448 -0.395274
vn -0.7715353 0.4471615 -0.4525263
vn -0.7447281 0.3265589 -0.5820132
vn -0.647872 0.1822597 -0.7396237
vn -0.3997623 0.2495088 -0.8820065
vn 0.1507799 0.7307332 -0.6658036
vn -0.4288513 0.6580196 -0.6189482
vn 0.2347048 0.4301181 -0.8717294
vn 0.3743502 0.6381239 -0.6727999
vn 0.2756933 0.2282221 -0.9337601
vn 0.1184842 0.6488635 -0.7516234
vn 0.04277156 0.6465423 -0.7616783
vn -0.000179512 0.9263545 -0.3766527
vn 0.4995801 0.7648039 -0.4068103
vn 0.09245612 0.7489745 -0.6561167
vn 0.4885316 0.7736191 -0.4035471
vn 0.1237463 0.8693638 -0.478428
vn 0.7251422 0.6766429 0.1277622
vn 0.6904352 0.7233419 -0.008709615
vn 0.9431703 0.0654814 0.3257945
vn 0.8971709 0.1954315 0.3960947
vn 0.8522434 0.3218513 0.4124233
vn 0.7417012 0.6295184 0.2314863
vn 0.6606866 0.7505985 0.009758555
vn 0.7541825 0.6536881 0.06245507
vn 0.8184638 0.556851 0.1415416
vn 0.7844552 0.5653869 0.2548878
vn 0.5926628 0.6727392 0.4429141
vn 0.2462304 0.7667124 0.5928935
vn 0.1264723 0.7325487 0.6688626
vn 0.4306 0.4427683 0.7864731
vn 0.1813271 0.446329 0.8763053
vn 0.1290307 0.463735 0.8765278
vn -0.01178976 0.2989137 0.9542073
vn -0.2983905 0.4349382 0.8495834
vn 0.1197919 0.226317 0.9666595
vn 0.255064 0.2891668 0.9226727
vn -0.6700595 0.2986698 0.6795709
vn -0.1389745 0.2580875 0.9560737
vn -0.7767487 0.6229517 -0.09269775
vn -0.1162889 0.9338222 0.338309
vn -0.251891 0.8153282 0.5213357
vn -0.9135705 0.2796623 -0.295259
vn -0.8110598 0.5826395 -0.05208806
vn -0.7868119 0.5866739 0.1916793
vn -0.8689024 0.4747146 -0.1401951
vn -0.7115566 0.6923625 0.1196719
vn -0.7602305 0.6494877 0.014677
vn -0.8384338 0.4837471 -0.2510329
vn -0.8246405 0.4122753 -0.3872946
vn -0.7637774 0.4325764 -0.4790844
vn -0.6243157 0.4946499 -0.6046084
vn -0.3445053 0.5791575 -0.7388456
vn -0.1041904 0.5512391 -0.8278163
vn -0.3765746 0.2097562 -0.9023269
vn -0.3380623 0.09462923 -0.9363542
vn 0.1920363 0.4059542 -0.8934894
vn 0.00859989 0.3846593 -0.9230186
vn 0.5420707 0.6525335 -0.5294899
vn -0.2676691 0.523205 -0.8090796
vn -0.05439587 0.7083899 -0.7037222
vn 0.2998187 0.6877229 -0.6611701
vn 0.2440054 0.7669339 -0.5935267
vn 0.5931324 0.7202229 -0.3598236
vn 0.08606799 0.6334441 -0.768987
vn 0.8254458 0.5315275 -0.1900471
vn 0.9032441 0.4001223 -0.1550884
vn 0.8955634 0.1662551 0.4127052
vn 0.8617686 0.5028075 0.0673762
vn 0.8522027 0.321912 0.4124601
vn 0.7458688 0.6659678 0.01291268
vn 0.8296856 0.4100717 0.3787653
vn 0.8586423 0.4331397 0.2740866
vn 0.8397654 0.5270565 0.1304053
vn 0.8406785 0.5215507 0.1457556
vn 0.8216256 0.5066594 0.2612039
vn 0.71272 0.5325175 0.4565691
vn 0.5452028 0.5564609 0.626981
vn 0.431816 0.5905054 0.6817905
vn 0.07267535 0.733399 0.6759026
vn -0.121186 0.6286997 0.7681476
vn 0.29415 0.1503881 0.9438534
vn -0.3417621 0.2089445 0.9162647
vn 0.244575 0.3385235 0.908617
vn -0.175938 0.539688 0.8232756
vn -0.07828421 0.2251054 0.9711844
vn -0.1080971 0.03714989 0.993446
vn -0.7947465 0.3897929 0.4652307
vn -0.2887399 0.3917255 0.873602
vn -0.302613 0.9306083 0.205897
vn -0.8001735 0.499036 0.3326946
vn -0.7438856 0.515306 0.4255514
vn -0.7893571 0.6036341 -0.1119888
vn -0.6470122 0.7429227 0.1715841
vn -0.7937964 0.608182 -0.001391779
vn -0.9222659 0.2163274 -0.3203561
vn -0.9545921 0.2141154 -0.2071438
vn -0.9388208 0.2370943 -0.2498035
vn -0.8984638 0.2328703 -0.3722019
vn -0.8111283 0.2957774 -0.504566
vn -0.6175593 0.4222742 -0.6635548
vn -0.3585417 0.490683 -0.7941524
vn -0.3130891 0.4273698 -0.8481334
vn -0.2551082 0.4585418 -0.8512692
vn 0.1563724 0.4513003 -0.8785646
vn -0.3754976 0.06644256 -0.9244387
vn 0.3041955 0.3220558 -0.8965183
vn -0.2390719 0.5328236 -0.8117535
vn 0.2951573 0.7764065 -0.5568439
vn -0.1214099 0.4277144 -0.8957232
vn 0.2837793 0.3048716 -0.909133
vn 0.6312909 0.5671455 -0.5289781
vn 0.1499553 0.6410034 -0.7527471
vn 0.8723075 0.2908371 -0.3930564
vn 0.9069371 0.04837159 -0.4184798
vn 0.9965932 0.05700989 -0.0595973
vn 0.9235083 0.3573754 0.1393384
vn 0.8335625 0.5107034 0.2106077
vn 0.7458831 0.6659525 0.01287524
vn 0.9327784 0.3000168 0.1997862
vn 0.8940245 0.4357691 0.104046
vn 0.8877732 0.2984976 0.3503683
vn 0.9116331 0.2278154 0.3420894
vn 0.9304757 0.2238651 0.289999
vn 0.9280613 0.1731018 0.3297544
vn 0.8943409 0.100842 0.4358731
vn 0.8041947 0.1414479 0.5772897
vn 0.4697228 0.4124693 0.7805316
vn 0.02940595 0.5139595 0.8573103
vn 0.09425418 0.3963837 0.9132339
vn -0.4409911 0.3304042 0.8344819
vn 0.3181691 0.01417821 0.947928
vn -0.1200583 0.3594203 0.9254205
vn 0.2399499 0.4346626 0.8680395
vn -0.4698711 0.2491502 0.8468443
vn -0.4718677 0.2156816 0.8548815
vn 0.03182818 0.3191929 0.9471552
vn -0.6920764 0.5308269 0.4891351
vn -0.8446885 0.4584168 0.2763251
vn -0.6723765 0.320037 0.6674476
vn -0.8802853 0.4480253 0.156113
vn -0.6524386 0.6222101 0.4326413
vn -0.8670391 0.3905971 -0.3093172
vn -0.9453222 0.3152101 -0.0837167
vn -0.9377695 0.1169591 -0.3269695
vn -0.8698555 -0.1559357 -0.4680123
vn -0.9025316 -0.1698874 -0.3956955
vn -0.9161903 -0.07388695 -0.3938731
vn -0.8702592 0.005774457 -0.4925604
vn -0.7780938 0.03811172 -0.6269909
vn -0.6939517 0.08712384 -0.7147312
vn -0.4859551 0.3401238 -0.805086
vn 0.04845592 0.5231273 -0.850876
vn -0.09508909 0.3948084 -0.9138295
vn 0.1929216 0.3529357 -0.9155422
vn -0.2695172 0.09249783 -0.958543
vn -0.006998946 0.4558102 -0.8900495
vn -0.1734613 0.4391782 -0.8814952
vn 0.6598699 0.2929779 -0.6919073
vn 0.2447641 0.1933878 -0.9501009
vn 0.01961141 0.2881966 -0.9573705
vn 0.8913065 0.283596 -0.3537598
vn 0.8802915 0.1303318 -0.4561803
vn 0.9089683 -0.08325796 -0.4084665
vn 0.9820597 0.1491253 -0.1154148
vn 0.8671634 0.3998463 -0.2969016
vn 0.8952314 0.3422714 0.2853265
vn 0.9327847 0.299956 0.1998478
vn 0.8967834 0.2903272 0.3339007
vn 0.8997823 0.3908733 0.1939328
vn 0.8272919 0.5590075 0.05566751
vn 0.8018476 0.5632778 0.1993958
vn 0.8117307 0.5119931 0.2809917
vn 0.8149613 0.471727 0.3366183
vn 0.7649944 0.4385864 0.4716202
vn 0.6059288 0.3506777 0.7140557
vn 0.4370829 0.05938235 0.8974588
vn 0.4129992 -0.1672163 0.8952488
vn -0.2046811 0.04712483 0.9776937
vn -0.1191165 0.1160921 0.98607
vn -0.1916622 0.4473419 0.873585
vn 0.5255249 0.1754031 0.8325007
vn -0.3977872 0.2003759 0.8953295
vn -0.2292289 0.4491914 0.8635284
vn -0.0121586 0.4323801 0.9016095
vn -0.5294366 0.3477504 0.7738001
vn -0.5946941 0.2693665 0.7574831
vn -0.7588698 0.3584498 0.5437191
vn -0.8760507 0.4571151 0.1535613
vn -0.6598107 0.3484227 0.6657714
vn -0.9975805 0.05826012 -0.03793218
vn -0.9805433 0.184722 0.0664279
vn -0.8621672 0.09735832 -0.4971812
vn -0.9279335 0.2732798 -0.2534909
vn -0.8864192 0.380553 -0.2635154
vn -0.8833718 0.2823073 -0.3741082
vn -0.9002629 0.2140303 -0.3791014
vn -0.8765954 0.2553347 -0.4079029
vn -0.7788248 0.3661696 -0.5092658
vn -0.5592866 0.4633254 -0.6874069
vn -0.2763804 0.3765808 -0.884195
vn -0.3650198 0.1557236 -0.9178838
vn 0.01384785 0.2800061 -0.9598984
vn 0.2091732 0.3262499 -0.9218501
vn -0.1495034 0.4996713 -0.8532159
vn -0.2216651 0.3924083 -0.8926816
vn 0.4452025 0.05601716 -0.893676
vn 0.1666321 0.1723851 -0.9708332
vn 0.3202041 0.1971338 -0.9266108
vn 0.5621206 0.03899867 -0.8261353
vn 0.5118119 -0.03252586 -0.8584816
vn 0.962606 0.01632056 -0.2704133
vn 0.9404413 0.2757786 -0.1987875
vn 0.7518691 0.2149675 -0.6232831
vn 0.9894609 0.04448303 0.1377986
vn 0.9681603 0.2055758 -0.1428437
vn 0.8967454 0.2903196 0.3340094
vn 0.8918512 0.4069142 -0.1975407
vn 0.8505051 0.4917614 0.1865796
vn 0.8438919 0.4320493 0.3180878
vn 0.8693228 0.4354362 0.233823
vn 0.8535115 0.4486356 0.2650366
vn 0.8078464 0.4398842 0.3922832
vn 0.7175413 0.3676862 0.5915585
vn 0.6012754 0.1690481 0.7809549
vn 0.4221979 -0.09441386 0.9015737
vn -0.02131709 -0.2688103 0.9629573
vn 0.147333 -0.4064807 0.901702
vn 0.1106994 0.1157928 0.9870855
vn 0.2198903 0.4589674 0.8608119
vn -0.2636969 0.4002487 0.8776474
vn 0.3178456 0.07829888 0.9449039
vn -0.2134304 0.3899668 0.8957529
vn -0.4291807 0.5866058 0.6868024
vn -0.2946264 0.1525577 0.9433565
vn -0.72701 -0.1032712 0.6788163
vn -0.8701523 0.2568456 0.4205537
vn -0.6946944 0.3337024 0.6372145
vn -0.9994606 -0.02805961 -0.01706323
vn -0.9478886 -0.1533633 0.2792614
vn -0.988577 -0.0761181 -0.1300829
vn -0.941193 0.3343702 0.04850137
vn -0.806091 0.4169976 -0.4199171
vn -0.8203536 0.4233357 -0.3844567
vn -0.8673312 0.3963917 -0.3010155
vn -0.8846083 0.3503904 -0.3077251
vn -0.855408 0.3596118 -0.372769
vn -0.7336788 0.4207369 -0.5335691
vn -0.548559 0.4272714 -0.7186948
vn -0.4541539 0.3361137 -0.825089
vn -0.09009665 0.1893293 -0.9777715
vn 0.02474403 0.06492832 -0.9975831
vn -0.2539399 0.3473291 -0.9027054
vn 0.4928181 0.1645684 -0.8544282
vn -0.2267769 -0.3112268 -0.9228814
vn -0.09373617 -0.2795192 -0.9555536
vn 0.5337931 -0.01140729 -0.8455383
vn 0.3377818 0.2146197 -0.9164289
vn 0.2941443 -0.2363927 -0.9260657
vn 0.7803876 -0.3968745 -0.4832038
vn 0.74801 0.1123953 -0.6541012
vn 0.754567 0.2898521 -0.5887398
vn 0.9945711 0.05765336 0.08662796
vn 0.9178547 -0.001209172 -0.3969148
vn 0.9791459 0.1241197 0.1608345
vn 0.8918345 0.4069653 -0.1975105
vn 0.9625793 0.227831 0.1467454
vn 0.9768702 0.2130895 0.01781635
vn 0.9711304 0.1869849 0.14813
vn 0.9276835 0.1694116 0.3327208
vn 0.9146026 0.1393885 0.3795696
vn 0.8805704 0.05572424 0.4706279
vn 0.74661 -0.07139548 0.6614199
vn 0.4148943 -0.1765142 0.8925837
vn 0.02207124 -0.2026042 0.979012
vn 0.1567785 -0.2256836 0.9615027
vn 0.2138406 -0.08137982 0.973473
vn 0.504357 0.1180847 0.855383
vn 0.1698671 0.2736227 0.9467185
vn 0.07819099 0.3392014 0.9374586
vn -0.3632191 0.3359109 0.8690431
vn 0.1860692 0.1678813 0.9680879
vn -0.3058951 0.105092 0.9462473
vn -0.9307607 0.05058019 0.3621135
vn -0.5964027 -0.1280925 0.792399
vn -0.4899219 -0.186685 0.8515428
vn -0.9848647 -0.1707048 0.03002365
vn -0.943443 -0.1598832 0.2904355
vn -0.9948065 -0.09570037 0.03466379
vn -0.9470071 0.007312621 0.3211293
vn -0.9823492 0.0814681 -0.1683838
vn -0.9861403 0.1366772 -0.09405694
vn -0.8966815 0.1538107 -0.4150958
vn -0.8419777 0.1095838 -0.528266
vn -0.8942252 0.01459353 -0.4473795
vn -0.9286982 -0.05392041 -0.3668954
vn -0.9034936 -0.04698574 -0.4260185
vn -0.7207493 0.01497463 -0.6930342
vn -0.1930384 0.09085849 -0.9769754
vn -0.07160735 0.208142 -0.9754739
vn -0.2578883 0.2755201 -0.9260575
vn -0.02375634 0.2351221 -0.9716755
vn 0.291432 0.3843603 -0.8759764
vn -0.02279579 0.4975606 -0.8671296
vn 0.4709429 -0.04868362 -0.8808193
vn -0.2706056 -0.06623258 -0.9604092
vn 0.5827301 -0.2579809 -0.7706305
vn 0.8784899 -0.331035 -0.344487
vn 0.2073251 -0.254265 -0.9446511
vn 0.5199142 -0.2528322 -0.8159444
vn 0.9748388 -0.1439885 -0.1701667
vn 0.9024071 -0.0008171176 -0.4308837
vn 0.9872288 0.1474409 0.06033798
vn 0.8784812 0.1969953 -0.4352743
vn 0.9625791 0.2278309 0.1467467
vn 0.9796852 -0.007365447 -0.2004064
vn 0.9599298 -0.1423383 0.2414015
vn 0.9251066 -0.1019235 0.3657724
vn 0.9472655 -0.1368528 0.2897574
vn 0.8970388 -0.2350921 0.3742367
vn 0.7556551 -0.3575034 0.5487957
vn 0.5466859 -0.4422779 0.7110028
vn 0.4062837 -0.4321809 0.8050797
vn 0.3608882 -0.2934424 0.8852408
vn 0.06330889 0.03347211 0.9974325
vn 0.409093 0.3264437 0.8521018
vn 0.3919561 0.07258753 0.9171159
vn 0.3886313 -0.05451693 0.9197791
vn -0.2214312 0.114921 0.9683808
vn 0.1824658 0.3041502 0.9349861
vn -0.3955935 -0.0121682 0.9183451
vn -0.6244824 -0.397824 0.6721293
vn -0.4530796 -0.1681529 0.8754675
vn -0.8252053 0.006326291 0.5647976
vn -0.8409373 -0.4394901 0.3157104
vn -0.5893916 -0.5387963 0.601927
vn -0.9772778 -0.2100893 0.02811948
vn -0.9168175 0.004997206 0.3992753
vn -0.9999814 0.006012181 -0.001077598
vn -0.9547709 -0.2603116 0.1437023
vn -0.8840852 -0.2631978 -0.3861609
vn -0.8723617 -0.2300412 -0.4313539
vn -0.8685457 -0.2649761 -0.418827
vn -0.8403473 -0.3318073 -0.4286261
vn -0.8138228 -0.413408 -0.4083948
vn -0.7638546 -0.4542437 -0.4584635
vn -0.7071571 -0.3669976 -0.6043522
vn -0.6577264 -0.09680445 -0.7470107
vn -0.236278 0.1402365 -0.9615126
vn -0.006517617 0.303733 -0.9527349
vn -0.1638097 0.01901005 -0.9863088
vn 0.2361856 -0.2675152 -0.9341584
vn 0.4017417 -0.3655367 -0.8396348
vn 0.01954838 0.2521062 -0.9675021
vn 0.6514811 -0.2540805 -0.7148535
vn 0.3901557 -0.5505302 -0.7380347
vn 0.3281664 -0.2066108 -0.9217477
vn 0.8256152 -0.143937 -0.5455655
vn 0.5380939 -0.5191048 -0.6640672
vn 0.5468018 -0.5005973 -0.6711261
vn 0.9915097 -0.05182753 -0.1192578
vn 0.8351113 0.2004108 -0.5122741
vn 0.9642764 0.2515313 0.08308508
vn 0.9796838 -0.007494646 -0.2004086
vn 0.9477444 0.003073949 0.3190157
vn 0.9653541 -0.06345312 0.253111
vn 0.9450951 -0.2981625 0.13377
vn 0.884326 -0.3563347 0.3016507
vn 0.811379 -0.3667022 0.4551854
vn 0.6939525 -0.4105553 0.5915017
vn 0.5272189 -0.4555471 0.7172984
vn 0.3505648 -0.4186968 0.8377334
vn 0.3638634 -0.1713892 0.9155486
vn 0.6217487 0.08251746 0.7788578
vn 0.1421674 -0.03962438 0.9890492
vn 0.3299445 -0.03309711 0.94342
vn 0.108928 -0.2900116 0.9508039
vn 0.4848543 -0.02695381 0.8741795
vn -0.4625259 0.01213784 0.8865228
vn -0.4782279 -0.254543 0.8405391
vn -0.319479 -0.3671957 0.8735563
vn -0.7658648 -0.2324611 0.5995105
vn -0.7626671 -0.2255461 0.6061913
vn -0.8284687 -0.3588259 0.4299809
vn -0.8622505 -0.4941908 0.1109036
vn -0.5521108 -0.363427 0.7503963
vn -0.9803338 -0.1677088 0.1040163
vn -0.9308534 -0.2740202 0.2417125
vn -0.9200462 -0.1886721 -0.3433918
vn -0.9397265 -0.3046682 -0.1552141
vn -0.8831755 -0.3675865 -0.2913437
vn -0.8205571 -0.2644425 -0.5067114
vn -0.8180204 -0.1970698 -0.5403759
vn -0.86233 -0.2043199 -0.463293
vn -0.8794957 -0.2545636 -0.4021003
vn -0.798669 -0.3195355 -0.5099266
vn -0.5962148 -0.2320487 -0.7685579
vn -0.5247164 0.0344334 -0.8505805
vn -0.03135889 -0.09360718 -0.9951153
vn 0.2950704 -0.1342267 -0.9460003
vn 0.09257444 -0.3191091 -0.9431857
vn -0.1102826 -0.02598635 -0.9935605
vn 0.6533166 -0.1016297 -0.7502326
vn 0.3883149 -0.3085846 -0.8683243
vn 0.4903397 -0.4266344 -0.7599672
vn 0.6207017 -0.3295739 -0.7114145
vn 0.4176643 -0.2318099 -0.8785333
vn 0.813871 -0.3273336 -0.4800695
vn 0.7179205 -0.4780882 -0.5059861
vn 0.5271627 -0.2439566 -0.8139931
vn 0.9868023 0.07965571 -0.1409827
vn 0.9601408 0.03175304 -0.2777075
vn 0.9477062 0.003073816 0.3191293
vn 0.9758918 -0.1623417 0.1458781
vn 0.9535785 -0.2602143 0.1515807
vn 0.8973284 -0.1145515 0.4262391
vn 0.877441 -0.07916822 0.4731064
vn 0.8381771 -0.1276015 0.5302613
vn 0.7423904 -0.1157282 0.6598966
vn 0.6414431 -0.05233981 0.7653831
vn 0.5961064 -0.08359868 0.7985415
vn 0.4243082 -0.3407496 0.8389591
vn 0.2158301 -0.4696139 0.8560842
vn 0.5250965 -0.3309721 0.7840479
vn -0.06687825 -0.3726711 0.9255504
vn 0.5268105 -0.05742534 0.8480407
vn -0.03031178 -0.3798318 0.9245588
vn 0.06807393 -0.4540887 0.8883521
vn -0.6391836 -0.2000443 0.7425811
vn -0.7192263 -0.1293741 0.6826243
vn -0.2153125 -0.2976166 0.9300887
vn -0.8706818 -0.3914273 0.2978221
vn -0.9406556 -0.3181206 0.1181787
vn -0.6926367 -0.2088812 0.6903789
vn -0.8860289 -0.4067248 0.2225486
vn -0.5881206 -0.5771791 0.5665495
vn -0.8771309 -0.460046 -0.137837
vn -0.9108387 -0.4039569 0.08480366
vn -0.9463869 -0.247742 -0.207306
vn -0.8905146 0.02652378 -0.454181
vn -0.8846477 0.2062081 -0.4181826
vn -0.7953981 0.3861027 -0.4671902
vn -0.8657268 0.09390382 -0.4916292
vn -0.8673412 0.1158307 -0.484048
vn -0.869735 0.0513844 -0.4908367
vn -0.7375483 -0.2407182 -0.6309336
vn -0.1922816 -0.5157439 -0.8348869
vn -0.1265716 -0.3493429 -0.9284068
vn 0.2851532 -0.2848858 -0.9151655
vn -0.003093477 -0.0478461 -0.9988499
vn 0.2797964 -0.417971 -0.8642998
vn 0.05960355 -0.471826 -0.8796748
vn 0.853154 -0.2979135 -0.428224
vn 0.4670196 -0.255279 -0.8465964
vn 0.0580872 -0.3415513 -0.9380664
vn 0.8356921 -0.3898075 -0.3868705
vn 0.6800571 -0.2355835 -0.6942785
vn 0.6429843 -0.007603758 -0.7658416
vn 0.8057118 -0.2266354 -0.5472338
vn 0.7132328 -0.3878094 -0.5838689
vn 0.9492763 -0.2976999 0.1012383
vn 0.9758925 -0.1623364 0.1458793
vn 0.7232174 -0.6857867 -0.08156709
vn 0.8250864 -0.4198111 0.3781415
vn 0.8338663 -0.4306679 0.3452421
vn 0.792445 -0.5420967 0.2795749
vn 0.7400191 -0.5524734 0.3835947
vn 0.6419349 -0.5146578 0.5683722
vn 0.4717636 -0.4646576 0.7493547
vn 0.3515987 -0.4037097 0.8446282
vn 0.4336762 -0.3957452 0.8095127
vn 0.2613582 -0.6289498 0.7321981
vn 0.2192938 -0.6038953 0.7663032
vn 0.6152608 -0.2020531 0.76199
vn -0.06715641 -0.4350174 0.8979142
vn 0.2726126 -0.5488772 0.7902001
vn -0.2190984 -0.7026062 0.6770085
vn -0.2840415 -0.3846894 0.8782566
vn -0.3633384 -0.08755475 0.927534
vn -0.9071268 -0.3149557 0.2791485
vn -0.5455087 -0.5748023 0.6099366
vn -0.8134374 -0.3757919 0.4439596
vn -0.9584384 -0.1977318 0.2056649
vn -0.7779213 -0.4046797 0.4807003
vn -0.8054656 -0.5924512 -0.01506059
vn -0.5862489 -0.7549972 0.2937542
vn -0.7102867 -0.6939807 0.1178292
vn -0.8842551 -0.4169218 -0.2104023
vn -0.9683219 0.06294502 0.2416418
vn -0.4669224 -0.7862948 -0.4046283
vn -0.7075877 -0.658088 -0.2573712
vn -0.7610301 -0.6430341 0.08567683
vn -0.7604498 -0.2943303 -0.578866
vn -0.6069596 -0.4285684 -0.6692752
vn -0.5584493 -0.4645216 -0.6872802
vn -0.3967243 -0.5680488 -0.7210621
vn 0.08967935 -0.5822384 -0.808057
vn -0.2092486 -0.2121758 -0.9545661
vn 0.4827554 -0.3570958 -0.7996436
vn 0.03481333 -0.5770201 -0.8159877
vn 0.5709436 -0.6921891 -0.4414721
vn 0.102077 -0.4022252 -0.9098325
vn 0.5288144 -0.1579416 -0.8339124
vn 0.7808296 -0.379653 -0.496154
vn 0.1441763 -0.5259278 -0.8382203
vn 0.7363231 -0.1418357 -0.6615974
vn 0.6680785 0.0156665 -0.7439259
vn 0.8549128 -0.08408809 -0.5119114
vn 0.858417 -0.4594657 -0.2280603
vn 0.8018852 -0.597203 -0.01813293
vn 0.7232174 -0.6857867 -0.08156788
vn 0.7691057 -0.5538698 0.318912
vn 0.5845578 -0.7916532 0.1777008
vn 0.4846099 -0.8745364 0.01842082
vn 0.5423515 -0.8307778 0.1251528
vn 0.5892252 -0.7604493 0.2730029
vn 0.8303626 -0.4320703 0.3518711
vn 0.0771165 -0.9412742 0.3287187
vn 0.1387744 -0.9850743 0.1018352
vn 0.07920569 -0.4827638 0.8721614
vn 0.5855039 -0.1909152 0.7878684
vn 0.4071481 -0.3792021 0.8309249
vn 0.3422724 -0.5989569 0.7239477
vn 0.1473371 -0.6355678 0.7578558
vn -0.1625697 -0.811964 0.5606118
vn 0.1009956 -0.6374639 0.7638323
vn 0.1657968 -0.5735874 0.8021901
vn -0.6919206 -0.5076241 0.5133846
vn -0.5993713 -0.5044774 0.6214955
vn -0.8678067 -0.4812276 0.1238205
vn -0.5225818 -0.4913337 0.6967779
vn -0.7532042 -0.5834907 0.3036809
vn -0.8845066 -0.4593902 0.08129362
vn -0.8002517 -0.59689 -0.05761613
vn -0.6731516 -0.7078094 0.2141792
vn -0.7116545 -0.6988815 -0.07150166
vn -0.477405 -0.8679311 0.1370408
vn -0.1146412 -0.8486858 -0.5163234
vn -0.1597688 -0.846074 -0.5085594
vn -0.5265435 -0.8480005 0.06039165
vn -0.8724172 -0.4883335 0.02046264
vn -0.2791388 -0.2210026 -0.9344729
vn -0.4676934 -0.6166385 -0.6332613
vn -0.2191287 -0.7170099 -0.6617246
vn -0.4007928 -0.5701316 -0.7171577
vn -0.2955537 -0.5097448 -0.8079655
vn 0.2489293 -0.6984816 -0.670938
vn 0.1728116 -0.6262591 -0.7602209
vn 0.6592078 -0.6440108 -0.3881948
vn -0.1103163 -0.539527 -0.8347101
vn 0.1537818 -0.5964133 -0.7878087
vn 0.5531435 -0.3569339 -0.7527487
vn 0.469101 -0.3812406 -0.7966178
vn 0.7548568 -0.2322189 -0.613405
vn 0.1470173 -0.3191032 -0.9362473
vn 0.7988304 -0.2547293 -0.5449613
vn 0.8115255 -0.2922862 -0.5059596
vn 0.9434766 -0.2818214 0.1744381
vn 0.7450987 -0.6508394 -0.1457258
vn 0.7691067 -0.5539286 0.3188073
vn 0.7157956 -0.5828235 0.3846474
vn 0.6060447 -0.7834433 0.1375743
vn 0.7086955 -0.6604503 0.2481049
vn 0.7451643 -0.5779953 0.3326433
vn 0.9177479 -0.3966972 0.01924381
vn 0.3821639 -0.6567676 0.6500824
vn 0.242944 -0.8452921 0.4758776
vn 0.8093802 -0.5262547 0.2606909
vn 0.8150634 -0.5180648 0.2593849
vn 0.2756496 -0.4770372 0.8345374
vn 0.4672755 -0.3272771 0.8213059
vn -0.08421791 -0.7696565 0.6328793
vn 0.1634259 -0.8152151 0.5556225
vn -0.1377875 -0.6106443 0.7798257
vn 0.2683361 -0.6747928 0.6874958
vn -0.1289461 -0.7731082 0.6210287
vn 0.006989151 -0.8498641 0.5269557
vn -0.7470471 -0.6502104 0.1383732
vn -0.5572102 -0.5381429 0.6323915
vn -0.7669114 -0.6283436 0.1305038
vn -0.4889249 -0.7524277 0.4413673
vn -0.640764 -0.7533017 -0.1481827
vn -0.5984946 -0.7767775 0.1960126
vn -0.8929725 -0.4255524 -0.1466472
vn -0.611378 -0.7871962 0.08086561
vn -0.7001773 -0.6867472 0.1952696
vn -0.6513478 -0.3510216 -0.6727034
vn -0.6388611 -0.1402786 -0.7564248
vn -0.9984724 -0.02357711 -0.04997075
vn -0.9599143 -0.276264 0.04735804
vn -0.4123061 -0.4355233 -0.800202
vn -0.6297141 -0.3784855 -0.6783869
vn -0.3226022 -0.5548141 -0.7668828
vn -0.02301425 -0.821217 -0.5701517
vn -0.1670644 -0.8205389 -0.546631
vn 0.2527035 -0.8095806 -0.5298305
vn 0.3340808 -0.8679249 -0.3675545
vn 0.3021386 -0.4400116 -0.8456371
vn 0.1447668 -0.6507273 -0.7453836
vn 0.1093954 -0.4632114 -0.8794702
vn 0.1236129 -0.7505311 -0.649171
vn 0.6906672 -0.2173365 -0.6897418
vn 0.3029052 -0.2755983 -0.9123015
vn 0.6872812 -0.2564397 -0.6796199
vn 0.3195626 -0.6388947 -0.6997809
vn 0.8258875 -0.5616806 -0.04924151
vn 0.6589032 -0.7425823 -0.1200759
vn 0.894178 -0.3464494 0.2835815
vn 0.7158669 -0.582726 0.3846623
vn 0.5061789 -0.8428722 0.1826186
vn 0.7880795 -0.5200936 0.3292923
vn 0.945062 -0.06665947 0.3200224
vn 0.7460893 -0.5905678 0.3075394
vn 0.928423 -0.3433916 -0.1418204
vn 0.4822348 -0.4404207 0.7572842
vn 0.6714826 -0.04612256 0.7395836
vn 0.9498309 -0.01538278 0.3123854
vn 0.9208306 -0.1376413 0.3648642
vn -0.008117775 -0.6950891 0.7188778
vn -0.01387024 -0.8421019 0.53914
vn 0.1373387 -0.4982032 0.8561142
vn 0.05916708 -0.7260123 0.6851316
vn 0.1732325 -0.5046328 0.8457756
vn -0.1933308 -0.6780861 0.7090998
vn -0.009945527 -0.8829229 0.4694126
vn -0.2080381 -0.9124207 0.3524324
vn -0.1064436 -0.8520521 0.5125203
vn -0.6499792 -0.6757196 0.3477502
vn -0.6535971 -0.7017962 0.2833602
vn -0.779612 -0.6254658 -0.03158906
vn -0.3815327 -0.9239293 0.0280639
vn -0.736488 -0.6686263 0.102588
vn -0.4197823 -0.9063953 0.04722789
vn -0.6905754 -0.6939112 0.2039433
vn -0.9599424 -0.269516 0.07662705
vn -0.9329168 -0.2650095 -0.2437955
vn -0.9045132 -0.2259221 -0.3616838
vn -0.9516172 -0.2356749 -0.1971852
vn -0.9527275 -0.2997663 -0.04950362
vn -0.2217765 -0.8408657 -0.4937208
vn -0.3881776 -0.746815 -0.5399866
vn -0.203185 -0.6860974 -0.6985601
vn 0.1162136 -0.8202108 -0.5601327
vn -0.1836846 -0.875791 -0.4463746
vn 0.1707998 -0.9655554 -0.1962915
vn -0.05279841 -0.947957 -0.3139904
vn 0.4742306 -0.2010393 -0.8571398
vn 0.3171852 -0.3509868 -0.8810232
vn 0.09714085 -0.8253109 -0.5562602
vn 0.2427627 -0.532697 -0.8107405
vn 0.05862447 -0.6845257 -0.7266277
vn 0.5312283 -0.2172605 -0.8188983
vn 0.5047291 -0.6301286 -0.5900733
vn 0.7884175 -0.4988965 -0.3598613
vn 0.3459435 -0.9361953 -0.06213988
vn 0.6615392 -0.7482857 -0.04934079
vn 0.5492589 -0.8103295 0.2041589
vn 0.5061203 -0.8429191 0.1825646
vn 0.538834 -0.8056711 0.2460733
vn 0.06721421 -0.7792596 0.6230866
vn -0.04596413 -0.9693614 0.2413005
vn -0.002013309 -0.9623663 -0.2717481
vn 0.3467641 -0.8719978 -0.3455062
vn 0.2295346 -0.2177732 0.9486247
vn 0.5559366 -0.6925843 0.459632
vn 0.633509 -0.6306379 0.4482881
vn -0.428418 -0.7923115 0.4343968
vn 0.1707321 -0.5845354 0.7932018
vn 0.1875563 -0.6897769 0.6993071
vn 0.08002697 -0.6787734 0.7299742
vn 0.2152204 -0.3361458 0.9168894
vn 0.0559487 -0.7365559 0.6740587
vn -0.4650255 -0.6631742 0.5864736
vn -0.1830386 -0.8345028 0.5197135
vn -0.3234708 -0.8658806 0.3815987
vn 0.07302677 -0.7259642 0.6838444
vn -0.3636927 -0.874479 0.3209581
vn -0.6725705 -0.6476361 0.3580733
vn -0.7008228 -0.7065741 -0.0979822
vn -0.9229348 -0.3843593 0.02142965
vn -0.5423152 -0.8203546 0.1814179
vn -0.6162728 -0.7825703 0.08827019
vn -0.8079422 -0.5437175 0.2271582
vn -0.6224353 -0.7355857 0.2673727
vn -0.4720379 -0.8643847 0.1732613
vn -0.1020138 -0.9483323 0.3004315
vn -0.02746722 -0.995364 0.09217397
vn -0.188886 -0.971075 -0.1460667
vn -0.1826709 -0.9612282 -0.2065715
vn 0.03135686 -0.970543 -0.2388787
vn 0.1681508 -0.9154578 -0.3655987
vn -0.04580938 -0.7835172 -0.6196793
vn 0.3307943 -0.7268336 -0.6019037
vn 0.07289796 -0.6292817 -0.7737509
vn -0.3696427 -0.9217659 0.1170984
vn -0.5559026 -0.8308282 -0.02639435
vn 0.7383376 -0.1875673 -0.6478242
vn 0.1688953 -0.6110638 -0.7733534
vn 0.1200129 -0.8199268 -0.5597473
vn -0.01294586 -0.5223418 -0.8526379
vn 0.1467786 -0.8163444 -0.5586036
vn 0.6627054 -0.5604436 -0.4967137
vn 0.5367852 -0.8393148 -0.086096
vn 0.7497268 -0.6367887 0.1800272
vn 0.4813279 -0.875997 -0.03086668
vn 0.2816751 -0.954409 0.09880628
vn 0.5388232 -0.8056549 0.2461498
vn 0.5854363 -0.8098117 -0.03833259
vn 0.2833807 -0.871029 0.401253
vn 0.3945526 -0.6994831 0.5958622
vn 0.8631954 -0.4690363 -0.1868118
vn 0.7933111 -0.5337162 -0.2929242
vn 0.3105846 -0.8278696 0.467086
vn 0.3715988 -0.9168802 0.1457571
vn 0.1960056 -0.932284 0.3040204
vn 0.06220189 -0.898838 0.4338448
vn 0.2115021 -0.7139782 0.6674594
vn 0.4649046 -0.4056293 0.7869743
vn 0.2656298 -0.5555331 0.7879238
vn -0.2148676 -0.7853548 0.58056
vn 0.06197163 -0.6870427 0.7239696
vn -0.3863543 -0.7471272 0.5408617
vn -0.621084 -0.6984881 0.3554845
vn 0.04457289 -0.6237609 0.7803433
vn -0.4805382 -0.7794741 0.4018746
vn -0.04273997 -0.8145661 0.5784942
vn -0.4439253 -0.8395645 0.3131482
vn -0.8269607 -0.5605464 -0.04386
vn -0.6507159 -0.6966388 0.302098
vn -0.9119762 -0.402461 0.07952809
vn -0.9490528 -0.3151104 0.002041477
vn -0.6792978 -0.6827846 0.2689976
vn -0.4900519 -0.8201746 0.2952335
vn -0.5818577 -0.8082256 0.09062608
vn -0.6330436 -0.763751 -0.1262547
vn -0.5899804 -0.7618389 -0.267441
vn -0.4961708 -0.7856666 -0.3695166
vn -0.3632725 -0.8140978 -0.4530761
vn -0.1647679 -0.851692 -0.497466
vn 0.07837267 -0.8667025 -0.4926302
vn 0.01319954 -0.8686308 -0.495284
vn 0.1324587 -0.3161635 -0.9394122
vn 0.2070914 -0.2680868 -0.9408734
vn 0.1666715 -0.882779 -0.4392288
vn -0.6908732 -0.6692743 -0.273434
vn -0.3079251 -0.8405465 -0.4457172
vn 0.7610669 -0.5212893 -0.3860503
vn -0.1677346 -0.6293171 -0.7588314
vn 0.1022209 -0.7833869 -0.6130708
vn 0.1024859 -0.8694361 -0.4832985
vn 0.09002177 -0.8882135 -0.4505251
vn 0.6757723 -0.7046304 0.2163974
vn 0.5215566 -0.8528373 0.02544488
vn 0.5636681 -0.8196244 0.1024404
vn 0.6948076 -0.5724002 0.4354313
vn 0.5854345 -0.8098092 -0.0384127
vn 0.5582504 -0.8082241 0.187431
vn 0.5954805 -0.7996599 -0.07711772
vn 0.9251668 -0.1569476 0.3455921
vn 0.9775375 -0.1503634 0.1476862
vn 0.9980116 -0.06079315 -0.01664275
vn 0.7358299 -0.5594019 0.3816068
vn 0.7508239 -0.5136387 0.4152574
vn 0.6193186 -0.5698062 0.5401531
vn 0.4412123 -0.6714694 0.5953659
vn 0.2628433 -0.802224 0.5360506
vn 0.1755176 -0.8496003 0.497366
vn 0.1200155 -0.7601001 0.6386269
vn -0.05910659 -0.7324065 0.6782972
vn -0.2027015 -0.8755314 0.438585
vn -0.2312081 -0.8178225 0.5269814
vn -0.3979398 -0.5795698 0.7111561
vn -0.3934774 -0.7432512 0.5410667
vn -0.2797595 -0.7961074 0.5366076
vn -0.4640365 -0.7066996 0.5340841
vn -0.3645205 -0.9047047 0.2205318
vn -0.3991152 -0.8958381 0.1954003
vn -0.7357095 -0.6243811 0.2624497
vn -0.7713804 -0.621606 0.1363022
vn -0.6865427 -0.7227353 0.0794534
vn -0.7617785 -0.6439719 0.07066762
vn -0.8369662 -0.5458665 -0.0389522
vn -0.8132513 -0.5537426 -0.1788616
vn -0.7279668 -0.6229779 -0.2862916
vn -0.6285757 -0.6839653 -0.3702489
vn -0.5423261 -0.7021897 -0.4613155
vn -0.4705405 -0.6733716 -0.5702302
vn -0.3943617 -0.6226845 -0.6758276
vn -0.2825547 -0.6188693 -0.7329144
vn -0.2195321 -0.7310473 -0.6460461
vn 0.6492343 -0.6008418 -0.4663519
vn 0.4326649 -0.8947267 -0.1107489
vn 0.5586824 -0.7256473 -0.4016341
vn -0.2236436 -0.5686805 -0.7915719
vn -0.4021379 -0.7006136 -0.5894283
vn -0.4749499 -0.4440843 -0.7597446
vn 0.2261126 -0.738869 -0.63478
vn 0.01118465 -0.9017465 -0.4321205
vn 0.1659763 -0.8518065 -0.4968677
vn 0.2302813 -0.952606 -0.1987769
vn 0.1407117 -0.9899136 -0.01646923
vn 0.4696654 -0.8826904 0.01649368
vn 0.645661 -0.7441847 0.1712051
vn 0.5472947 -0.8055884 0.2269271
vn 0.5582355 -0.8082343 0.1874316
vn 0.7086335 -0.6753533 0.204295
vn 0.776151 -0.6057205 0.1751924
vn 0.7488264 -0.6570929 0.08653271
vn 0.6760267 -0.7359154 0.03763558
vn 0.594077 -0.8023126 0.05802591
vn 0.5150159 -0.8468819 0.1324755
vn 0.4546522 -0.8577025 0.2400788
vn 0.4320229 -0.8235571 0.3675732
vn 0.437815 -0.7564507 0.4859017
vn 0.4033436 -0.7350478 0.5449942
vn 0.2078616 -0.8423765 0.4971876
vn -0.1549871 -0.9315959 0.3287981
vn -0.2636382 -0.9051481 0.3334694
vn 0.08870308 -0.7728736 0.6283298
vn 0.1483621 -0.6874788 0.7108879
vn -0.4252637 -0.773464 0.4700047
vn -0.5875605 -0.7189941 0.3712414
vn -0.2202394 -0.7616382 0.6094275
vn -0.3719763 -0.8190842 0.4367319
vn -0.7029125 -0.7065778 0.08162054
vn -0.5440119 -0.8202822 0.1766018
vn -0.1813869 -0.9152756 0.3596796
vn -0.3521583 -0.9043592 0.241079
vn -0.6652669 -0.7458432 -0.03373447
vn -0.7100859 -0.6888473 -0.1458339
vn -0.5917214 -0.7996679 -0.1019664
vn -0.4172155 -0.9082958 -0.03049554
vn -0.2876602 -0.9574236 -0.02432373
vn -0.2002791 -0.9770591 -0.07241428
vn -0.1209024 -0.9823663 -0.142615
vn -0.04322288 -0.9735811 -0.2242133
vn -0.003635046 -0.9443925 -0.3288002
vn -0.06714542 -0.8792356 -0.4716315
vn -0.2192741 -0.7662364 -0.6039874
vn -0.6434584 -0.7581707 -0.1055394
vn 0.3652991 -0.369622 -0.854363
vn 0.3794307 -0.6361163 -0.6718545
vn 0.02196589 -0.5472169 -0.8367026
vn -0.3676792 -0.232422 -0.90044
vn 0.4105776 -0.9081193 -0.0821305
vn 0.4746107 -0.8108222 -0.3425085
vn 0.2204969 -0.8493001 -0.4796567
vn 0.01472356 -0.867147 -0.4978347
vn 0.4276233 -0.9033904 -0.03200354
vn 0.5097132 -0.846545 0.1534731
vn 0.1580365 -0.9697687 -0.1859386
vn 0.08163252 -0.9617674 -0.2614185
vn 0.4418591 -0.8969163 0.01737081
vn 0.7086332 -0.6753531 0.2042969
vn 0.2936894 -0.9392398 -0.1776939
vn 0.2677178 -0.9511523 -0.1537418
vn 0.3012343 -0.9467532 -0.1136499
vn 0.3399493 -0.9383252 -0.06308986
vn 0.3454955 -0.9384079 -0.00484442
vn 0.3100096 -0.949366 0.05097174
vn 0.245431 -0.9649807 0.0926063
vn 0.1703741 -0.97812 0.1193898
vn 0.104377 -0.9831262 0.150228
vn 0.06746427 -0.972968 0.2208661
vn 0.07985045 -0.931402 0.3551256
vn 0.1433905 -0.8500006 0.5068907
vn 0.2087159 -0.7894767 0.5772039
vn 0.1884389 -0.8216399 0.5379579
vn 0.004447264 -0.8972682 0.4414634
vn -0.2657063 -0.8782328 0.3976272
vn -0.4062872 -0.8024589 0.4370245
vn -0.4055864 -0.8088977 0.4256574
vn -0.4120251 -0.8690228 0.2739246
vn -0.5114403 -0.8522997 0.1096084
vn -0.6136826 -0.7859532 0.07530797
vn -0.6061999 -0.7870189 0.1145555
vn -0.4728115 -0.8707078 0.1353413
vn -0.3066248 -0.9454692 0.1098603
vn -0.222517 -0.9733378 0.05567503
vn -0.2190115 -0.9756332 -0.01318446
vn -0.2413968 -0.9667432 -0.08447033
vn -0.2518365 -0.9563516 -0.148223
vn -0.2408147 -0.949523 -0.2010334
vn -0.2098657 -0.9466146 -0.2446982
vn -0.1611943 -0.9470844 -0.2775745
vn -0.09765317 -0.9504252 -0.2952217
vn -0.02591944 -0.9535716 -0.3000489
vn 0.03238894 -0.9479814 -0.3166739
vn 0.04530421 -0.918003 -0.3939773
vn -0.01136765 -0.8408282 -0.5411827
vn -0.1100281 -0.749071 -0.653289
vn -0.1644146 -0.72965 -0.6637611
vn -0.1013744 -0.8101371 -0.577409
vn 0.1175982 -0.8816988 -0.4569222
vn 0.34172 -0.8419116 -0.4176269
vn 0.4069926 -0.8129812 -0.4164354
vn 0.3645763 -0.8740119 -0.3212279
vn 0.3793065 -0.9180095 -0.1156947
vn 0.4925344 -0.8694763 0.03769464
vn 0.5746561 -0.8176008 0.03604566
vn 0.5372983 -0.8408081 -0.06597181
vn 0.4053287 -0.9005933 -0.1569724
vn 0.2936901 -0.9392421 -0.177681
vn 0.4673516 -0.8719028 -0.1461784
vn 0.5092934 -0.8535624 -0.1097791
vn 0.5362293 -0.8425527 -0.05062805
vn 0.5374999 -0.8429804 0.02185879
vn 0.5145159 -0.8517508 0.09896479
vn 0.4730702 -0.8643476 0.1706104
vn 0.4213346 -0.8777063 0.2282737
vn 0.3637649 -0.8923386 0.2672207
vn 0.300654 -0.9096426 0.2866312
vn 0.2340306 -0.9283605 0.2887498
vn 0.1760014 -0.9437067 0.2800737
vn 0.1477736 -0.9489123 0.2787984
vn 0.1627693 -0.9384654 0.3046126
vn 0.1899332 -0.9139079 0.3587447
vn 0.1578139 -0.897737 0.4112943
vn 0.01357206 -0.9098105 0.414802
vn -0.2210001 -0.9181722 0.3288142
vn -0.4245303 -0.8870194 0.1815781
vn -0.5123072 -0.856712 0.05988209
vn -0.5032176 -0.8641419 0.005561179
vn -0.4478094 -0.8940862 0.008755272
vn -0.4049625 -0.9139555 0.02628087
vn -0.4086776 -0.9126607 0.005752508
vn -0.4419642 -0.8945985 -0.06603902
vn -0.470115 -0.8674015 -0.1631149
vn -0.4766085 -0.8434042 -0.2480198
vn -0.4674171 -0.8298393 -0.3047757
vn -0.4531106 -0.8245167 -0.3389146
vn -0.4412902 -0.8214459 -0.3612335
vn -0.433657 -0.8157109 -0.3828281
vn -0.4258908 -0.8072384 -0.4086358
vn -0.4056804 -0.8007795 -0.4406536
vn -0.3601764 -0.8042142 -0.4727711
vn -0.2823264 -0.8223917 -0.4939268
vn -0.1809611 -0.8522032 -0.4909204
vn -0.08774964 -0.88121 -0.4645094
vn -0.03969318 -0.8984166 -0.4373466
vn -0.04649094 -0.8967097 -0.440171
vn -0.06785552 -0.8770527 -0.4755779
vn -0.03042025 -0.8609748 -0.5077371
vn 0.1222653 -0.8696809 -0.4782325
vn 0.3638909 -0.8695279 -0.333923
vn 0.5530329 -0.8236355 -0.1256155
vn 0.6120971 -0.7906799 0.01275234
vn 0.5796255 -0.8141809 0.03382002
vn 0.5041418 -0.8630607 -0.03110299
vn 0.4430336 -0.8896484 -0.1106657
vn 0.4343978 -0.8880523 -0.1505382
vn 0.4673581 -0.871899 -0.1461804
vn 0.5703998 -0.8208428 0.02934676
vn 0.5388814 -0.8420647 0.02310681
vn 0.5023502 -0.8639587 0.03492612
vn 0.4633369 -0.8839936 0.0622428
vn 0.4260638 -0.8994904 0.09688473
vn 0.395721 -0.9086204 0.1334687
vn 0.377058 -0.9108141 0.1680624
vn 0.3702285 -0.906758 0.2017941
vn 0.3760771 -0.89659 0.233864
vn 0.3908509 -0.8818732 0.2636955
vn 0.4061634 -0.8667133 0.2895503
vn 0.4088961 -0.8587212 0.3088721
vn 0.3843936 -0.866908 0.3173517
vn 0.3187371 -0.8968951 0.306571
vn 0.202906 -0.9423695 0.2660245
vn 0.04228281 -0.9810169 0.1892562
vn -0.1292444 -0.9875579 0.08958415
vn -0.278212 -0.9604729 -0.009478729
vn -0.3840669 -0.9189003 -0.09008301
vn -0.4458681 -0.8826563 -0.1487269
vn -0.4722627 -0.8599944 -0.1933331
vn -0.4680289 -0.8546715 -0.22469
vn -0.4407791 -0.8638154 -0.2440014
vn -0.3985861 -0.8829379 -0.2480923
vn -0.3506564 -0.905304 -0.2397184
vn -0.3057043 -0.9254301 -0.2238842
vn -0.2688796 -0.9405158 -0.2076871
vn -0.2420266 -0.9496643 -0.1988993
vn -0.2241464 -0.9544094 -0.1971321
vn -0.2132891 -0.9553227 -0.2046128
vn -0.2072221 -0.9527798 -0.221968
vn -0.2059569 -0.9466542 -0.247846
vn -0.2092087 -0.936312 -0.282049
vn -0.2173214 -0.9214862 -0.3219234
vn -0.229835 -0.9025347 -0.3641526
vn -0.2413247 -0.882328 -0.4040541
vn -0.2474739 -0.8653929 -0.43572
vn -0.2396869 -0.858 -0.4542976
vn -0.2049267 -0.866415 -0.4553352
vn -0.1299339 -0.8927696 -0.4313695
vn -0.001338765 -0.928813 -0.3705465
vn 0.1756575 -0.9488534 -0.2623388
vn 0.3564701 -0.9259698 -0.1245352
vn 0.488133 -0.8727509 -0.005678272
vn 0.5634764 -0.8234382 0.06666238
vn 0.5968505 -0.7974097 0.0889231
vn 0.6039265 -0.7932886 0.07723954
vn 0.5933332 -0.803267 0.05213244
vn 0.5703923 -0.8208458 0.02940983
vn 0 1 0
vn 0 1 0
vn 0 1 0
vn 0 1 0
vn 0 1 0
vn 0 1 0
vn 0 1 0
vn 0 1 0
vn 0 1 0
vn 0 1 0
vn 0 1 0
vn 0 1 0
vn 0 1 0
vn 0 1 0
vn 0 1 0
vn 0 1 0
vn 0 1 0
vn 0 1 0
vn 0 1 0
vn 0 1 0
vn 0 1 0
vn 0 1 0
vn 0 1 0
vn 0 1 0
vn 0 1 0
vn 0 1 0
vn 0 1 0
vn 0 1 0
vn 0 1 0
vn 0 1 0
vn 0 1 0
vn 0 1 0
vn 0 1 0
vn 0 1 0
vn 0 1 0
vn 0 1 0
vn 0 1 0
vn 0 1 0
vn 0 1 0
vn 0 1 0
vn 0 1 0
vn 0 1 0
vn 0 1 0
vn 0 1 0
vn 0 1 0
vn 0 1 0
vn 0 1 0
vn 0 1 0
vn 0 1 0
f 1/1/1 2/2/2 50/50/50
f 2/2/2 51/51/51 50/50/50
f 2/2/2 3/3/3 51/51/51
f 3/3/3 52/52/52 51/51/51
f 3/3/3 4/4/4 52/52/52
f 4/4/4 53/53/53 52/52/52
f 4/4/4 5/5/5 53/53/53
f 5/5/5 54/54/54 53/53/53
f 5/5/5 6/6/6 54/54/54
f 6/6/6 55/55/55 54/54/54
f 6/6/6 7/7/7 55/55/55
f 7/7/7 56/56/56 55/55/55
f 7/7/7 8/8/8 56/56/56
f 8/8/8 57/57/57 56/56/56
f 8/8/8 9/9/9 57/57/57
f 9/9/9 58/58/58 57/57/57
f 9/9/9 10/10/10 58/58/58
f 10/10/10 59/59/59 58/58/58
f 10/10/10 11/11/11 59/59/59
f 11/11/11 60/60/60 59/59/59
f 11/11/11 12/12/12 60/60/60
f 12/12/12 61/61/61 60/60/60
f 12/12/12 13/13/13 61/61/61
f 13/13/13 62/62/62 61/61/61
f 13/13/13 14/14/14 62/62/62
f 14/14/14 63/63/63 62/62/62
f 14/14/14 15/15/15 63/63/63
f 15/15/15 64/64/64 63/63/63
f 15/15/15 16/16/16 64/64/64
f 16/16/16 65/65/65 64/64/64
f 16/16/16 17/17/17 65/65/65
f 17/17/17 66/66/66 65/65/65
f 17/17/17 18/18/18 66/66/66
f 18/18/18 67/67/67 66/66/66
f 18/18/18 19/19/19 67/67/67
f 19/19/19 68/68/68 67/67/67
f 19/19/19 20/20/20 68/68/68
f 20/20/20 69/69/69 68/68/68
f 20/20/20 21/21/21 69/69/69
f 21/21/21 70/70/70 69/69/69
f 21/21/21 22/22/22 70/70/70
f 22/22/22 71/71/71 70/70/70
f 22/22/22 23/23/23 71/71/71
f 23/23/23 72/72/72 71/71/71
f 23/23/23 24/24/24 72/72/72
f 24/24/24 73/73/73 72/72/72
f 24/24/24 25/25/25 73/73/73
f 25/25/25 74/74/74 73/73/73
f 25/25/25 26/26/26 74/74/74
f 26/26/26 75/75/75 74/74/74
f 26/26/26 27/27/27 75/75/75
f 27/27/27 76/76/76 75/75/75
f 27/27/27 28/28/28 76/76/76
f 28/28/28 77/77/77 76/76/76
f 28/28/28 29/29/29 77/77/77
f 29/29/29 78/78/78 77/77/77
f 29/29/29 30/30/30 78/78/78
f 30/30/30 79/79/79 78/78/78
f 30/30/30 31/31/31 79/79/79
f 31/31/31 80/80/80 79/79/79
f 31/31/31 32/32/32 80/80/80
f 32/32/32 81/81/81 80/80/80
f 32/32/32 33/33/33 81/81/81
f 33/33/33 82/82/82 81/81/81
f 33/33/33 34/34/34 82/82/82
f 34/34/34 83/83/83 82/82/82
f 34/34/34 35/35/35 83/83/83
f 35/35/35 84/84/84 83/83/83
f 35/35/35 36/36/36 84/84/84
f 36/36/36 85/85/85 84/84/84
f 36/36/36 37/37/37 85/85/85
f 37/37/37 86/86/86 85/85/85
f 37/37/37 38/38/38 86/86/86
f 38/38/38 87/87/87 86/86/86
f 38/38/38 39/39/39 87/87/87
f 39/39/39 88/88/88 87/87/87
f 39/39/39 40/40/40 88/88/88
f 40/40/40 89/89/89 88/88/88
f 40/40/40 41/41/41 89/89/89
f 41/41/41 90/90/90 89/89/89
f 41/41/41 42/42/42 90/90/90
f 42/42/42 91/91/91 90/90/90
f 42/42/42 43/43/43 91/91/91
f 43/43/43 92/92/92 91/91/91
f 43/43/43 44/44/44 92/92/92
f 44/44/44 93/93/93 92/92/92
f 44/44/44 45/45/45 93/93/93
f 45/45/45 94/94/94 93/93/93
f 45/45/45 46/46/46 94/94/94
f 46/46/46 95/95/95 94/94/94
f 46/46/46 47/47/47 95/95/95
f 47/47/47 96/96/96 95/95/95
f 47/47/47 48/48/48 96/96/96
f 48/48/48 97/97/97 96/96/96
f 48/48/48 49/49/49 97/97/97
f 49/49/49 98/98/98 97/97/97
f 50/50/50 51/51/51 99/99/99
f 51/51/51 100/100/100 99/99/99
f 51/51/51 52/52/52 100/100/100
f 52/52/52 101/101/101 100/100/100
f 52/52/52 53/53/53 101/101/101
f 53/53/53 102/102/102 101/101/101
f 53/53/53 54/54/54 102/102/102
f 54/54/54 103/103/103 102/102/102
f 54/54/54 55/55/55 103/103/103
f 55/55/55 104/104/104 103/103/103
f 55/55/55 56/56/56 104/104/104
f 56/56/56 105/105/105 104/104/104
f 56/56/56 57/57/57 105/105/105
f 57/57/57 106/106/106 105/105/105
f 57/57/57 58/58/58 106/106/106
f 58/58/58 107/107/107 106/106/106
f 58/58/58 59/59/59 107/107/107
f 59/59/59 108/108/108 107/107/107
f 59/59/59 60/60/60 108/108/108
f 60/60/60 109/109/109 108/108/108
f 60/60/60 61/61/61 109/109/109
f 61/61/61 110/110/110 109/109/109
f 61/61/61 62/62/62 110/110/110
f 62/62/62 111/111/111 110/110/110
f 62/62/62 63/63/63 111/111/111
f 63/63/63 112/112/112 111/111/111
f 63/63/63 64/64/64 112/112/112
f 64/64/64 113/113/113 112/112/112
f 64/64/64 65/65/65 113/113/113
f 65/65/65 114/114/114 113/113/113
f 65/65/65 66/66/66 114/114/114
f 66/66/66 115/115/115 114/114/114
f 66/66/66 67/67/67 115/115/115
f 67/67/67 116/116/116 115/115/115
f 67/67/67 68/68/68 116/116/116
f 68/68/68 117/117/117 116/116/116
f 68/68/68 69/69/69 117/117/117
f 69/69/69 118/118/118 117/117/117
f 69/69/69 70/70/70 118/118/118
f 70/70/70 119/119/119 118/118/118
f 70/70/70 71/71/71 119/119/119
f 71/71/71 120/120/120 119/119/119
f 71/71/71 72/72/72 120/120/120
f 72/72/72 121/121/121 120/120/120
f 72/72/72 73/73/73 121/121/121
f 73/73/73 122/122/122 121/121/121
f 73/73/73 74/74/74 122/122/122
f 74/74/74 123/123/123 122/122/122
f 74/74/74 75/75/75 123/123/123
f 75/75/75 124/124/124 123/123/123
f 75/75/75 76/76/76 124/124/124
f 76/76/76 125/125/125 124/124/124
f 76/76/76 77/77/77 125/125/125
f 77/77/77 126/126/126 125/125/125
f 77/77/77 78/78/78 126/126/126
f 78/78/78 127/127/127 126/126/126
f 78/78/78 79/79/79 127/127/127
f 79/79/79 128/128/128 127/127/127
f 79/79/79 80/80/80 128/128/128
f 80/80/80 129/129/129 128/128/128
f 80/80/80 81/81/81 129/129/129
f 81/81/81 130/130/130 129/129/129
f 81/81/81 82/82/82 130/130/130
f 82/82/82 131/131/131 130/130/130
f 82/82/82 83/83/83 131/131/131
f 83/83/83 132/132/132 131/131/131
f 83/83/83 84/84/84 132/132/132
f 84/84/84 133/133/133 132/132/132
f 84/84/84 85/85/85 133/133/133
f 85/85/85 134/134/134 133/133/133
f 85/85/85 86/86/86 134/134/134
f 86/86/86 135/135/135 134/134/134
f 86/86/86 87/87/87 135/135/135
f 87/87/87 136/136/136 135/135/135
f 87/87/87 88/88/88 136/136/136
f 88/88/88 137/137/137 136/136/136
f 88/88/88 89/89/89 137/137/137
f 89/89/89 138/138/138 137/137/137
f 89/89/89 90/90/90 138/138/138
f 90/90/90 139/139/139 138/138/138
f 90/90/90 91/91/91 139/139/139
f 91/91/91 140/140/140 139/139/139
f 91/91/91 92/92/92 140/140/140
f 92/92/92 141/141/141 140/140/140
f 92/92/92 93/93/93 141/141/141
f 93/93/93 142/142/142 141/141/141
f 93/93/93 94/94/94 142/142/142
f 94/94/94 143/143/143 142/142/142
f 94/94/94 95/95/95 143/143/143
f 95/95/95 144/144/144 143/143/143
f 95/95/95 96/96/96 144/144/144
f 96/96/96 145/145/145 144/144/144
f 96/96/96 97/97/97 145/145/145
f 97/97/97 146/146/146 145/145/145
f 97/97/97 98/98/98 146/146/146
f 98/98/98 147/147/147 146/146/146
f 99/99/99 100/100/100 148/148/148
f 100/100/100 149/149/149 148/148/148
f 100/100/100 101/101/101 149/149/149
f 101/101/101 150/150/150 149/149/149
f 101/101/101 102/102/102 150/150/150
f 102/102/102 151/151/151 150/150/150
f 102/102/102 103/103/103 151/151/151
f 103/103/103 152/152/152 151/151/151
f 103/103/103 104/104/104 152/152/152
f 104/104/104 153/153/153 152/152/152
f 104/104/104 105/105/105 153/153/153
f 105/105/105 154/154/154 153/153/153
f 105/105/105 106/106/106 154/154/154
f 106/106/106 155/155/155 154/154/154
f 106/106/106 107/107/107 155/155/155
f 107/107/107 156/156/156 155/155/155
f 107/107/107 108/108/108 156/156/156
f 108/108/108 157/157/157 156/156/156
f 108/108/108 109/109/109 157/157/157
f 109/109/109 158/158/158 157/157/157
f 109/109/109 110/110/110 158/158/158
f 110/110/110 159/159/159 158/158/158
f 110/110/110 111/111/111 159/159/159
f 111/111/111 160/160/160 159/159/159
f 111/111/111 112/112/112 160/160/160
f 112/112/112 161/161/161 160/160/160
f 112/112/112 113/113/113 161/161/161
f 113/113/113 162/162/162 161/161/161
f 113/113/113 114/114/114 162/162/162
f 114/114/114 163/163/163 162/162/162
f 114/114/114 115/115/115 163/163/163
f 115/115/115 164/164/164 163/163/163
f 115/115/115 116/116/116 164/164/164
f 116/116/116 165/165/165 164/164/164
f 116/116/116 117/117/117 165/165/165
f 117/117/117 166/166/166 165/165/165
f 117/117/117 118/118/118 166/166/166
f 118/118/118 167/167/167 166/166/166
f 118/118/118 119/119/119 167/167/167
f 119/119/119 168/168/168 167/167/167
f 119/119/119 120/120/120 168/168/168
f 120/120/120 169/169/169 168/168/168
f 120/120/120 121/121/121 169/169/169
f 121/121/121 170/170/170 169/169/169
f 121/121/121 122/122/122 170/170/170
f 122/122/122 171/171/171 170/170/170
f 122/122/122 123/123/123 171/171/171
f 123/123/123 172/172/172 171/171/171
f 123/123/123 124/124/124 172/172/172
f 124/124/124 173/173/173 172/172/172
f 124/124/124 125/125/125 173/173/173
f 125/125/125 174/174/174 173/173/173
f 125/125/125 126/126/126 174/174/174
f 126/126/126 175/175/175 174/174/174
f 126/126/126 127/127/127 175/175/175
f 127/127/127 176/176/176 175/175/175
f 127/127/127 128/128/128 176/176/176
f 128/128/128 177/177/177 176/176/176
f 128/128/128 129/129/129 177/177/177
f 129/129/129 178/178/178 177/177/177
f 129/129/129 130/130/130 178/178/178
f 130/130/130 179/179/179 178/178/178
f 130/130/130 131/131/131 179/179/179
f 131/131/131 180/180/180 179/179/179
f 131/131/131 132/132/132 180/180/180
f 132/132/132 181/181/181 180/180/180
f 132/132/132 133/133/133 181/181/181
f 133/133/133 182/182/182 181/181/181
f 133/133/133 134/134/134 182/182/182
f 134/134/134 183/183/183 182/182/182
f 134/134/134 135/135/135 183/183/183
f 135/135/135 184/184/184 183/183/183
f 135/135/135 136/136/136 184/184/184
f 136/136/136 185/185/185 184/184/184
f 136/136/136 137/137/137 185/185/185
f 137/137/137 186/186/186 185/185/185
f 137/137/137 138/138/138 186/186/186
f 138/138/138 187/187/187 186/186/186
f 138/138/138 139/139/139 187/187/187
f 139/139/139 188/188/188 187/187/187
f 139/139/139 140/140/140 188/188/188
f 140/140/140 189/189/189 188/188/188
f 140/140/140 141/141/141 189/189/189
f 141/141/141 190/190/190 189/189/189
f 141/141/141 142/142/142 190/190/190
f 142/142/142 191/191/191 190/190/190
f 142/142/142 143/143/143 191/191/191
f 143/143/143 192/192/192 191/191/191
f 143/143/143 144/144/144 192/192/192
f 144/144/144 193/193/193 192/192/192
f 144/144/144 145/145/145 193/193/193
f 145/145/145 194/194/194 193/193/193
f 145/145/145 146/146/146 194/194/194
f 146/146/146 195/195/195 194/194/194
f 146/146/146 147/147/147 195/195/195
f 147/147/147 196/196/196 195/195/195
f 148/148/148 149/149/149 197/197/197
f 149/149/149 198/198/198 197/197/197
f 149/149/149 150/150/150 198/198/198
f 150/150/150 199/199/199 198/198/198
f 150/150/150 151/151/151 199/199/199
f 151/151/151 200/200/200 199/199/199
f 151/151/151 152/152/152 200/200/200
f 152/152/152 201/201/201 200/200/200
f 152/152/152 153/153/153 201/201/201
f 153/153/153 202/202/202 201/201/201
f 153/153/153 154/154/154 202/202/202
f 154/154/154 203/203/203 202/202/202
f 154/154/154 155/155/155 203/203/203
f 155/155/155 204/204/204 203/203/203
f 155/155/155 156/156/156 204/204/204
f 156/156/156 205/205/205 204/204/204
f 156/156/156 157/157/157 205/205/205
f 157/157/157 206/206/206 205/205/205
f 157/157/157 158/158/158 206/206/206
f 158/158/158 207/207/207 206/206/206
f 158/158/158 159/159/159 207/207/207
f 159/159/159 208/208/208 207/207/207
f 159/159/159 160/160/160 208/208/208
f 160/160/160 209/209/209 208/208/208
f 160/160/160 161/161/161 209/209/209
f 161/161/161 210/210/210 209/209/209
f 161/161/161 162/162/162 210/210/210
f 162/162/162 211/211/211 210/210/210
f 162/162/162 163/163/163 211/211/211
f 163/163/163 212/212/212 211/211/211
f 163/163/163 164/164/164 212/212/212
f 164/164/164 213/213/213 212/212/212
f 164/164/164 165/165/165 213/213/213
f 165/165/165 214/214/214 213/213/213
f 165/165/165 166/166/166 214/214/214
f 166/166/166 215/215/215 214/214/214
f 166/166/166 167/167/167 215/215/215
f 167/167/167 216/216/216 215/215/215
f 167/167/167 168/168/168 216/216/216
f 168/168/168 217/217/217 216/216/216
f 168/168/168 169/169/169 217/217/217
f 169/169/169 218/218/218 217/217/217
f 169/169/169 170/170/170 218/218/218
f 170/170/170 219/219/219 218/218/218
f 170/170/170 171/171/171 219/219/219
f 171/171/171 220/220/220 219/219/219
f 171/171/171 172/172/172 220/220/220
f 172/172/172 221/221/221 220/220/220
f 172/172/172 173/173/173 221/221/221
f 173/173/173 222/222/222 221/221/221
f 173/173/173 174/174/174 222/222/222
f 174/174/174 223/223/223 222/222/222
f 174/174/174 175/175/175 223/223/223
f 175/175/175 224/224/224 223/223/223
f 175/175/175 176/176/176 224/224/224
f 176/176/176 225/225/225 224/224/224
f 176/176/176 177/177/177 225/225/225
f 177/177/177 226/226/226 225/225/225
f 177/177/177 178/178/178 226/226/226
f 178/178/178 227/227/227 226/226/226
f 178/178/178 179/179/179 227/227/227
f 179/179/179 228/228/228 227/227/227
f 179/179/179 180/180/180 228/228/228
f 180/180/180 229/229/229 228/228/228
f 180/180/180 181/181/181 229/229/229
f 181/181/181 230/230/230 229/229/229
f 181/181/181 182/182/182 230/230/230
f 182/182/182 231/231/231 230/230/230
f 182/182/182 183/183/183 231/231/231
f 183/183/183 232/232/232 231/231/231
f 183/183/183 184/184/184 232/232/232
f 184/184/184 233/233/233 232/232/232
f 184/184/184 185/185/185 233/233/233
f 185/185/185 234/234/234 233/233/233
f 185/185/185 186/186/186 234/234/234
f 186/186/186 235/235/235 234/234/234
f 186/186/186 187/187/187 235/235/235
f 187/187/187 236/236/236 235/235/235
f 187/187/187 188/188/188 236/236/236
f 188/188/188 237/237/237 236/236/236
f 188/188/188 189/189/189 237/237/237
f 189/189/189 238/238/238 237/237/237
f 189/189/189 190/190/190 238/238/238
f 190/190/190 239/239/239 238/238/238
f 190/190/190 191/191/191 239/239/239
f 191/191/191 240/240/240 239/239/239
f 191/191/191 192/192/192 240/240/240
f 192/192/192 241/241/241 240/240/240
f 192/192/192 193/193/193 241/241/241
f 193/193/193 242/242/242 241/241/241
f 193/193/193 194/194/194 242/242/242
f 194/194/194 243/243/243 242/242/242
f 194/194/194 195/195/195 243/243/243
f 195/195/195 244/244/244 243/243/243
f 195/195/195 196/196/196 244/244/244
f 196/196/196 245/245/245 244/244/244
f 197/197/197 198/198/198 246/246/246
f 198/198/198 247/247/247 246/246/246
f 198/198/198 199/199/199 247/247/247
f 199/199/199 248/248/248 247/247/247
f 199/199/199 200/200/200 248/248/248
f 200/200/200 249/249/249 248/248/248
f 200/200/200 201/201/201 249/249/249
f 201/201/201 250/250/250 249/249/249
f 201/201/201 202/202/202 250/250/250
f 202/202/202 251/251/251 250/250/250
f 202/202/202 203/203/203 251/251/251
f 203/203/203 252/252/252 251/251/251
f 203/203/203 204/204/204 252/252/252
f 204/204/204 253/253/253 252/252/252
f 204/204/204 205/205/205 253/253/253
f 205/205/205 254/254/254 253/253/253
f 205/205/205 206/206/206 254/254/254
f 206/206/206 255/255/255 254/254/254
f 206/206/206 207/207/207 255/255/255
f 207/207/207 256/256/256 255/255/255
f 207/207/207 208/208/208 256/256/256
f 208/208/208 257/257/257 256/256/256
f 208/208/208 209/209/209 257/257/257
f 209/209/209 258/258/258 257/257/257
f 209/209/209 210/210/210 258/258/258
f 210/210/210 259/259/259 258/258/258
f 210/210/210 211/211/211 259/259/259
f 211/211/211 260/260/260 259/259/259
f 211/211/211 212/212/212 260/260/260
f 212/212/212 261/261/261 260/260/260
f 212/212/212 213/213/213 261/261/261
f 213/213/213 262/262/262 261/261/261
f 213/213/213 214/214/214 262/262/262
f 214/214/214 263/263/263 262/262/262
f 214/214/214 215/215/215 263/263/263
f 215/215/215 264/264/264 263/263/263
f 215/215/215 216/216/216 264/264/264
f 216/216/216 265/265/265 264/264/264
f 216/216/216 217/217/217 265/265/265
f 217/217/217 266/266/266 265/265/265
f 217/217/217 218/218/218 266/266/266
f 218/218/218 267/267/267 266/266/266
f 218/218/218 219/219/219 267/267/267
f 219/219/219 268/268/268 267/267/267
f 219/219/219 220/220/220 268/268/268
f 220/220/220 269/269/269 268/268/268
f 220/220/220 221/221/221 269/269/269
f 221/221/221 270/270/270 269/269/269
f 221/221/221 222/222/222 270/270/270
f 222/222/222 271/271/271 270/270/270
f 222/222/222 223/223/223 271/271/271
f 223/223/223 272/272/272 271/271/271
f 223/223/223 224/224/224 272/272/272
f 224/224/224 273/273/273 272/272/272
f 224/224/224 225/225/225 273/273/273
f 225/225/225 274/274/274 273/273/273
f 225/225/225 226/226/226 274/274/274
f 226/226/226 275/275/275 274/274/274
f 226/226/226 227/227/227 275/275/275
f 227/227/227 276/276/276 275/275/275
f 227/227/227 228/228/228 276/276/276
f 228/228/228 277/277/277 276/276/276
f 228/228/228 229/229/229 277/277/277
f 229/229/229 278/278/278 277/277/277
f 229/229/229 230/230/230 278/278/278
f 230/230/230 279/279/279 278/278/278
f 230/230/230 231/231/231 279/279/279
f 231/231/231 280/280/280 279/279/279
f 231/231/231 232/232/232 280/280/280
f 232/232/232 281/281/281 280/280/280
f 232/232/232 233/233/233 281/281/281
f 233/233/233 282/282/282 281/281/281
f 233/233/233 234/234/234 282/282/282
f 234/234/234 283/283/283 282/282/282
f 234/234/234 235/235/235 283/283/283
f 235/235/235 284/284/284 283/283/283
f 235/235/235 236/236/236 284/284/284
f 236/236/236 285/285/285 284/284/284
f 236/236/236 237/237/237 285/285/285
f 237/237/237 286/286/286 285/285/285
f 237/237/237 238/238/238 286/286/286
f 238/238/238 287/287/287 286/286/286
f 238/238/238 239/239/239 287/287/287
f 239/239/239 288/288/288 287/287/287
f 239/239/239 240/240/240 288/288/288
f 240/240/240 289/289/289 288/288/288
f 240/240/240 241/241/241 289/289/289
f 241/241/241 290/290/290 289/289/289
f 241/241/241 242/242/242 290/290/290
f 242/242/242 291/291/291 290/290/290
f 242/242/242 243/243/243 291/291/291
f 243/243/243 292/292/292 291/291/291
f 243/243/243 244/244/244 292/292/292
f 244/244/244 293/293/293 292/292/292
f 244/244/244 245/245/245 293/293/293
f 245/245/245 294/294/294 293/293/293
f 246/246/246 247/247/247 295/295/295
f 247/247/247 296/296/296 295/295/295
f 247/247/247 248/248/248 296/296/296
f 248/248/248 297/297/297 296/296/296
f 248/248/248 249/249/249 297/297/297
f 249/249/249 298/298/298 297/297/297
f 249/249/249 250/250/250 298/298/298
f 250/250/250 299/299/299 298/298/298
f 250/250/250 251/251/251 299/299/299
f 251/251/251 300/300/300 299/299/299
f 251/251/251 252/252/252 300/300/300
f 252/252/252 301/301/301 300/300/300
f 252/252/252 253/253/253 301/301/301
f 253/253/253 302/302/302 301/301/301
f 253/253/253 254/254/254 302/302/302
f 254/254/254 303/303/303 302/302/302
f 254/254/254 255/255/255 303/303/303
f 255/255/255 304/304/304 303/303/303
f 255/255/255 256/256/256 304/304/304
f 256/256/256 305/305/305 304/304/304
f 256/256/256 257/257/257 305/305/305
f 257/257/257 306/306/306 305/305/305
f 257/257/257 258/258/258 306/306/306
f 258/258/258 307/307/307 306/306/306
f 258/258/258 259/259/259 307/307/307
f 259/259/259 308/308/308 307/307/307
f 259/259/259 260/260/260 308/308/308
f 260/260/260 309/309/309 308/308/308
f 260/260/260 261/261/261 309/309/309
f 261/261/261 310/310/310 309/309/309
f 261/261/261 262/262/262 310/310/310
f 262/262/262 311/311/311 310/310/310
f 262/262/262 263/263/263 311/311/311
f 263/263/263 312/312/312 311/311/311
f 263/263/263 264/264/264 312/312/312
f 264/264/264 313/313/313 312/312/312
f 264/264/264 265/265/265 313/313/313
f 265/265/265 314/314/314 313/313/313
f 265/265/265 266/266/266 314/314/314
f 266/266/266 315/315/315 314/314/314
f 266/266/266 267/267/267 315/315/315
f 267/267/267 316/316/316 315/315/315
f 267/267/267 268/268/268 316/316/316
f 268/268/268 317/317/317 316/316/316
f 268/268/268 269/269/269 317/317/317
f 269/269/269 318/318/318 317/317/317
f 269/269/269 270/270/270 318/318/318
f 270/270/270 319/319/319 318/318/318
f 270/270/270 271/271/271 319/319/319
f 271/271/271 320/320/320 319/319/319
f 271/271/271 272/272/272 320/320/320
f 272/272/272 321/321/321 320/320/320
f 272/272/272 273/273/273 321/321/321
f 273/273/273 322/322/322 321/321/321
f 273/273/273 274/274/274 322/322/322
f 274/274/274 323/323/323 322/322/322
f 274/274/274 275/275/275 323/323/323
f 275/275/275 324/324/324 323/323/323
f 275/275/275 276/276/276 324/324/324
f 276/276/276 325/325/325 324/324/324
f 276/276/276 277/277/277 325/325/325
f 277/277/277 326/326/326 325/325/325
f 277/277/277 278/278/278 326/326/326
f 278/278/278 327/327/327 326/326/326
f 278/278/278 279/279/279 327/327/327
f 279/279/279 328/328/328 327/327/327
f 279/279/279 280/280/280 328/328/328
f 280/280/280 329/329/329 328/328/328
f 280/280/280 281/281/281 329/329/329
f 281/281/281 330/330/330 329/329/329
f 281/281/281 282/282/282 330/330/330
f 282/282/282 331/331/331 330/330/330
f 282/282/282 283/283/283 331/331/331
f 283/283/283 332/332/332 331/331/331
f 283/283/283 284/284/284 332/332/332
f 284/284/284 333/333/333 332/332/332
f 284/284/284 285/285/285 333/333/333
f 285/285/285 334/334/334 333/333/333
f 285/285/285 286/286/286 334/334/334
f 286/286/286 335/335/335 334/334/334
f 286/286/286 287/287/287 335/335/335
f 287/287/287 336/336/336 335/335/335
f 287/287/287 288/288/288 336/336/336
f 288/288/288 337/337/337 336/336/336
f 288/288/288 289/289/289 337/337/337
f 289/289/289 338/338/338 337/337/337
f 289/289/289 290/290/290 338/338/338
f 290/290/290 339/339/339 338/338/338
f 290/290/290 291/291/291 339/339/339
f 291/291/291 340/340/340 339/339/339
f 291/291/291 292/292/292 340/340/340
f 292/292/292 341/341/341 340/340/340
f 292/292/292 293/293/293 341/341/341
f 293/293/293 342/342/342 341/341/341
f 293/293/293 294/294/294 342/342/342
f 294/294/294 343/343/343 342/342/342
f 295/295/295 296/296/296 344/344/344
f 296/296/296 345/345/345 344/344/344
f 296/296/296 297/297/297 345/345/345
f 297/297/297 346/346/346 345/345/345
f 297/297/297 298/298/298 346/346/346
f 298/298/298 347/347/347 346/346/346
f 298/298/298 299/299/299 347/347/347
f 299/299/299 348/348/348 347/347/347
f 299/299/299 300/300/300 348/348/348
f 300/300/300 349/349/349 348/348/348
f 300/300/300 301/301/301 349/349/349
f 301/301/301 350/350/350 349/349/349
f 301/301/301 302/302/302 350/350/350
f 302/302/302 351/351/351 350/350/350
f 302/302/302 303/303/303 351/351/351
f 303/303/303 352/352/352 351/351/351
f 303/303/303 304/304/304 352/352/352
f 304/304/304 353/353/353 352/352/352
f 304/304/304 305/305/305 353/353/353
f 305/305/305 354/354/354 353/353/353
f 305/305/305 306/306/306 354/354/354
f 306/306/306 355/355/355 354/354/354
f 306/306/306 307/307/307 355/355/355
f 307/307/307 356/356/356 355/355/355
f 307/307/307 308/308/308 356/356/356
f 308/308/308 357/357/357 356/356/356
f 308/308/308 309/309/309 357/357/357
f 309/309/309 358/358/358 357/357/357
f 309/309/309 310/310/310 358/358/358
f 310/310/310 359/359/359 358/358/358
f 310/310/310 311/311/311 359/359/359
f 311/311/311 360/360/360 359/359/359
f 311/311/311 312/312/312 360/360/360
f 312/312/312 361/361/361 360/360/360
f 312/312/312 313/313/313 361/361/361
f 313/313/313 362/362/362 361/361/361
f 313/313/313 314/314/314 362/362/362
f 314/314/314 363/363/363 362/362/362
f 314/314/314 315/315/315 363/363/363
f 315/315/315 364/364/364 363/363/363
f 315/315/315 316/316/316 364/364/364
f 316/316/316 365/365/365 364/364/364
f 316/316/316 317/317/317 365/365/365
f 317/317/317 366/366/366 365/365/365
f 317/317/317 318/318/318 366/366/366
f 318/318/318 367/367/367 366/366/366
f 318/318/318 319/319/319 367/367/367
f 319/319/319 368/368/368 367/367/367
f 319/319/319 320/320/320 368/368/368
f 320/320/320 369/369/369 368/368/368
f 320/320/320 321/321/321 369/369/369
f 321/321/321 370/370/370 369/369/369
f 321/321/321 322/322/322 370/370/370
f 322/322/322 371/371/371 370/370/370
f 322/322/322 323/323/323 371/371/371
f 323/323/323 372/372/372 371/371/371
f 323/323/323 324/324/324 372/372/372
f 324/324/324 373/373/373 372/372/372
f 324/324/324 325/325/325 373/373/373
f 325/325/325 374/374/374 373/373/373
f 325/325/325 326/326/326 374/374/374
f 326/326/326 375/375/375 374/374/374
f 326/326/326 327/327/327 375/375/375
f 327/327/327 376/376/376 375/375/375
f 327/327/327 328/328/328 376/376/376
f 328/328/328 377/377/377 376/376/376
f 328/328/328 329/329/329 377/377/377
f 329/329/329 378/378/378 377/377/377
f 329/329/329 330/330/330 378/378/378
f 330/330/330 379/379/379 378/378/378
f 330/330/330 331/331/331 379/379/379
f 331/331/331 380/380/380 379/379/379
f 331/331/331 332/332/332 380/380/380
f 332/332/332 381/381/381 380/380/380
f 332/332/332 333/333/333 381/381/381
f 333/333/333 382/382/382 381/381/381
f 333/333/333 334/334/334 382/382/382
f 334/334/334 383/383/383 382/382/382
f 334/334/334 335/335/335 383/383/383
f 335/335/335 384/384/384 383/383/383
f 335/335/335 336/336/336 384/384/384
f 336/336/336 385/385/385 384/384/384
f 336/336/336 337/337/337 385/385/385
f 337/337/337 386/386/386 385/385/385
f 337/337/337 338/338/338 386/386/386
f 338/338/338 387/387/387 386/386/386
f 338/338/338 339/339/339 387/387/387
f 339/339/339 388/388/388 387/387/387
f 339/339/339 340/340/340 388/388/388
f 340/340/340 389/389/389 388/388/388
f 340/340/340 341/341/341 389/389/389
f 341/341/341 390/390/390 389/389/389
f 341/341/341 342/342/342 390/390/390
f 342/342/342 391/391/391 390/390/390
f 342/342/342 343/343/343 391/391/391
f 343/343/343 392/392/392 391/391/391
f 344/344/344 345/345/345 393/393/393
f 345/345/345 394/394/394 393/393/393
f 345/345/345 346/346/346 394/394/394
f 346/346/346 395/395/395 394/394/394
f 346/346/346 347/347/347 395/395/395
f 347/347/347 396/396/396 395/395/395
f 347/347/347 348/348/348 396/396/396
f 348/348/348 397/397/397 396/396/396
f 348/348/348 349/349/349 397/397/397
f 349/349/349 398/398/398 397/397/397
f 349/349/349 350/350/350 398/398/398
f 350/350/350 399/399/399 398/398/398
f 350/350/350 351/351/351 399/399/399
f 351/351/351 400/400/400 399/399/399
f 351/351/351 352/352/352 400/400/400
f 352/352/352 401/401/401 400/400/400
f 352/352/352 353/353/353 401/401/401
f 353/353/353 402/402/402 401/401/401
f 353/353/353 354/354/354 402/402/402
f 354/354/354 403/403/403 402/402/402
f 354/354/354 355/355/355 403/403/403
f 355/355/355 404/404/404 403/403/403
f 355/355/355 356/356/356 404/404/404
f 356/356/356 405/405/405 404/404/404
f 356/356/356 357/357/357 405/405/405
f 357/357/357 406/406/406 405/405/405
f 357/357/357 358/358/358 406/406/406
f 358/358/358 407/407/407 406/406/406
f 358/358/358 359/359/359 407/407/407
f 359/359/359 408/408/408 407/407/407
f 359/359/359 360/360/360 408/408/408
f 360/360/360 409/409/409 408/408/408
f 360/360/360 361/361/361 409/409/409
f 361/361/361 410/410/410 409/409/409
f 361/361/361 362/362/362 410/410/410
f 362/362/362 411/411/411 410/410/410
f 362/362/362 363/363/363 411/411/411
f 363/363/363 412/412/412 411/411/411
f 363/363/363 364/364/364 412/412/412
f 364/364/364 413/413/413 412/412/412
f 364/364/364 365/365/365 413/413/413
f 365/365/365 414/414/414 413/413/413
f 365/365/365 366/366/366 414/414/414
f 366/366/366 415/415/415 414/414/414
f 366/366/366 367/367/367 415/415/415
f 367/367/367 416/416/416 415/415/415
f 367/367/367 368/368/368 416/416/416
f 368/368/368 417/417/417 416/416/416
f 368/368/368 369/369/369 417/417/417
f 369/369/369 418/418/418 417/417/417
f 369/369/369 370/370/370 418/418/418
f 370/370/370 419/419/419 418/418/418
f 370/370/370 371/371/371 419/419/419
f 371/371/371 420/420/420 419/419/419
f 371/371/371 372/372/372 420/420/420
f 372/372/372 421/421/421 420/420/420
f 372/372/372 373/373/373 421/421/421
f 373/373/373 422/422/422 421/421/421
f 373/373/373 374/374/374 422/422/422
f 374/374/374 423/423/423 422/422/422
f 374/374/374 375/375/375 423/423/423
f 375/375/375 424/424/424 423/423/423
f 375/375/375 376/376/376 424/424/424
f 376/376/376 425/425/425 424/424/424
f 376/376/376 377/377/377 425/425/425
f 377/377/377 426/426/426 425/425/425
f 377/377/377 378/378/378 426/426/426
f 378/378/378 427/427/427 426/426/426
f 378/378/378 379/379/379 427/427/427
f 379/379/379 428/428/428 427/427/427
f 379/379/379 380/380/380 428/428/428
f 380/380/380 429/429/429 428/428/428
f 380/380/380 381/381/381 429/429/429
f 381/381/381 430/430/430 429/429/429
f 381/381/381 382/382/382 430/430/430
f 382/382/382 431/431/431 430/430/430
f 382/382/382 383/383/383 431/431/431
f 383/383/383 432/432/432 431/431/431
f 383/383/383 384/384/384 432/432/432
f 384/384/384 433/433/433 432/432/432
f 384/384/384 385/385/385 433/433/433
f 385/385/385 434/434/434 433/433/433
f 385/385/385 386/386/386 434/434/434
f 386/386/386 435/435/435 434/434/434
f 386/386/386 387/387/387 435/435/435
f 387/387/387 436/436/436 435/435/435
f 387/387/387 388/388/388 436/436/436
f 388/388/388 437/437/437 436/436/436
f 388/388/388 389/389/389 437/437/437
f 389/389/389 438/438/438 437/437/437
f 389/389/389 390/390/390 438/438/438
f 390/390/390 439/439/439 438/438/438
f 390/390/390 391/391/391 439/439/439
f 391/391/391 440/440/440 439/439/439
f 391/391/391 392/392/392 440/440/440
f 392/392/392 441/441/441 440/440/440
f 393/393/393 394/394/394 442/442/442
f 394/394/394 443/443/443 442/442/442
f 394/394/394 395/395/395 443/443/443
f 395/395/395 444/444/444 443/443/443
f 395/395/395 396/396/396 444/444/444
f 396/396/396 445/445/445 444/444/444
f 396/396/396 397/397/397 445/445/445
f 397/397/397 446/446/446 445/445/445
f 397/397/397 398/398/398 446/446/446
f 398/398/398 447/447/447 446/446/446
f 398/398/398 399/399/399 447/447/447
f 399/399/399 448/448/448 447/447/447
f 399/399/399 400/400/400 448/448/448
f 400/400/400 449/449/449 448/448/448
f 400/400/400 401/401/401 449/449/449
f 401/401/401 450/450/450 449/449/449
f 401/401/401 402/402/402 450/450/450
f 402/402/402 451/451/451 450/450/450
f 402/402/402 403/403/403 451/451/451
f 403/403/403 452/452/452 451/451/451
f 403/403/403 404/404/404 452/452/452
f 404/404/404 453/453/453 452/452/452
f 404/404/404 405/405/405 453/453/453
f 405/405/405 454/454/454 453/453/453
f 405/405/405 406/406/406 454/454/454
f 406/406/406 455/455/455 454/454/454
f 406/406/406 407/407/407 455/455/455
f 407/407/407 456/456/456 455/455/455
f 407/407/407 408/408/408 456/456/456
f 408/408/408 457/457/457 456/456/456
f 408/408/408 409/409/409 457/457/457
f 409/409/409 458/458/458 457/457/457
f 409/409/409 410/410/410 458/458/458
f 410/410/410 459/459/459 458/458/458
f 410/410/410 411/411/411 459/459/459
f 411/411/411 460/460/460 459/459/459
f 411/411/411 412/412/412 460/460/460
f 412/412/412 461/461/461 460/460/460
f 412/412/412 413/413/413 461/461/461
f 413/413/413 462/462/462 461/461/461
f 413/413/413 414/414/414 462/462/462
f 414/414/414 463/463/463 462/462/462
f 414/414/414 415/415/415 463/463/463
f 415/415/415 464/464/464 463/463/463
f 415/415/415 416/416/416 464/464/464
f 416/416/416 465/465/465 464/464/464
f 416/416/416 417/417/417 465/465/465
f 417/417/417 466/466/466 465/465/465
f 417/417/417 418/418/418 466/466/466
f 418/418/418 467/467/467 466/466/466
f 418/418/418 419/419/419 467/467/467
f 419/419/419 468/468/468 467/467/467
f 419/419/419 420/420/420 468/468/468
f 420/420/420 469/469/469 468/468/468
f 420/420/420 421/421/421 469/469/469
f 421/421/421 470/470/470 469/469/469
f 421/421/421 422/422/422 470/470/470
f 422/422/422 471/471/471 470/470/470
f 422/422/422 423/423/423 471/471/471
f 423/423/423 472/472/472 471/471/471
f 423/423/423 424/424/424 472/472/472
f 424/424/424 473/473/473 472/472/472
f 424/424/424 425/425/425 473/473/473
f 425/425/425 474/474/474 473/473/473
f 425/425/425 426/426/426 474/474/474
f 426/426/426 475/475/475 474/474/474
f 426/426/426 427/427/427 475/475/475
f 427/427/427 476/476/476 475/475/475
f 427/427/427 428/428/428 476/476/476
f 428/428/428 477/477/477 476/476/476
f 428/428/428 429/429/429 477/477/477
f 429/429/429 478/478/478 477/477/477
f 429/429/429 430/430/430 478/478/478
f 430/430/430 479/479/479 478/478/478
f 430/430/430 431/431/431 479/479/479
f 431/431/431 480/480/480 479/479/479
f 431/431/431 432/432/432 480/480/480
f 432/432/432 481/481/481 480/480/480
f 432/432/432 433/433/433 481/481/481
f 433/433/433 482/482/482 481/481/481
f 433/433/433 434/434/434 482/482/482
f 434/434/434 483/483/483 482/482/482
f 434/434/434 435/435/435 483/483/483
f 435/435/435 484/484/484 483/483/483
f 435/435/435 436/436/436 484/484/484
f 436/436/436 485/485/485 484/484/484
f 436/436/436 437/437/437 485/485/485
f 437/437/437 486/486/486 485/485/485
f 437/437/437 438/438/438 486/486/486
f 438/438/438 487/487/487 486/486/486
f 438/438/438 439/439/439 487/487/487
f 439/439/439 488/488/488 487/487/487
f 439/439/439 440/440/440 488/488/488
f 440/440/440 489/489/489 488/488/488
f 440/440/440 441/441/441 489/489/489
f 441/441/441 490/490/490 489/489/489
f 442/442/442 443/443/443 491/491/491
f 443/443/443 492/492/492 491/491/491
f 443/443/443 444/444/444 492/492/492
f 444/444/444 493/493/493 492/492/492
f 444/444/444 445/445/445 493/493/493
f 445/445/445 494/494/494 493/493/493
f 445/445/445 446/446/446 494/494/494
f 446/446/446 495/495/495 494/494/494
f 446/446/446 447/447/447 495/495/495
f 447/447/447 496/496/496 495/495/495
f 447/447/447 448/448/448 496/496/496
f 448/448/448 497/497/497 496/496/496
f 448/448/448 449/449/449 497/497/497
f 449/449/449 498/498/498 497/497/497
f 449/449/449 450/450/450 498/498/498
f 450/450/450 499/499/499 498/498/498
f 450/450/450 451/451/451 499/499/499
f 451/451/451 500/500/500 499/499/499
f 451/451/451 452/452/452 500/500/500
f 452/452/452 501/501/501 500/500/500
f 452/452/452 453/453/453 501/501/501
f 453/453/453 502/502/502 501/501/501
f 453/453/453 454/454/454 502/502/502
f 454/454/454 503/503/503 502/502/502
f 454/454/454 455/455/455 503/503/503
f 455/455/455 504/504/504 503/503/503
f 455/455/455 456/456/456 504/504/504
f 456/456/456 505/505/505 504/504/504
f 456/456/456 457/457/457 505/505/505
f 457/457/457 506/506/506 505/505/505
f 457/457/457 458/458/458 506/506/506
f 458/458/458 507/507/507 506/506/506
f 458/458/458 459/459/459 507/507/507
f 459/459/459 508/508/508 507/507/507
f 459/459/459 460/460/460 508/508/508
f 460/460/460 509/509/509 508/508/508
f 460/460/460 461/461/461 509/509/509
f 461/461/461 510/510/510 509/509/509
f 461/461/461 462/462/462 510/510/510
f 462/462/462 511/511/511 510/510/510
f 462/462/462 463/463/463 511/511/511
f 463/463/463 512/512/512 511/511/511
f 463/463/463 464/464/464 512/512/512
f 464/464/464 513/513/513 512/512/512
f 464/464/464 465/465/465 513/513/513
f 465/465/465 514/514/514 513/513/513
f 465/465/465 466/466/466 514/514/514
f 466/466/466 515/515/515 514/514/514
f 466/466/466 467/467/467 515/515/515
f 467/467/467 516/516/516 515/515/515
f 467/467/467 468/468/468 516/516/516
f 468/468/468 517/517/517 516/516/516
f 468/468/468 469/469/469 517/517/517
f 469/469/469 518/518/518 517/517/517
f 469/469/469 470/470/470 518/518/518
f 470/470/470 519/519/519 518/518/518
f 470/470/470 471/471/471 519/519/519
f 471/471/471 520/520/520 519/519/519
f 471/471/471 472/472/472 520/520/520
f 472/472/472 521/521/521 520/520/520
f 472/472/472 473/473/473 521/521/521
f 473/473/473 522/522/522 521/521/521
f 473/473/473 474/474/474 522/522/522
f 474/474/474 523/523/523 522/522/522
f 474/474/474 475/475/475 523/523/523
f 475/475/475 524/524/524 523/523/523
f 475/475/475 476/476/476 524/524/524
f 476/476/476 525/525/525 524/524/524
f 476/476/476 477/477/477 525/525/525
f 477/477/477 526/526/526 525/525/525
f 477/477/477 478/478/478 526/526/526
f 478/478/478 527/527/527 526/526/526
f 478/478/478 479/479/479 527/527/527
f 479/479/479 528/528/528 527/527/527
f 479/479/479 480/480/480 528/528/528
f 480/480/480 529/529/529 528/528/528
f 480/480/480 481/481/481 529/529/529
f 481/481/481 530/530/530 529/529/529
f 481/481/481 482/482/482 530/530/530
f 482/482/482 531/531/531 530/530/530
f 482/482/482 483/483/483 531/531/531
f 483/483/483 532/532/532 531/531/531
f 483/483/483 484/484/484 532/532/532
f 484/484/484 533/533/533 532/532/532
f 484/484/484 485/485/485 533/533/533
f 485/485/485 534/534/534 533/533/533
f 485/485/485 486/486/486 534/534/534
f 486/486/486 535/535/535 534/534/534
f 486/486/486 487/487/487 535/535/535
f 487/487/487 536/536/536 535/535/535
f 487/487/487 488/488/488 536/536/536
f 488/488/488 537/537/537 536/536/536
f 488/488/488 489/489/489 537/537/537
f 489/489/489 538/538/538 537/537/537
f 489/489/489 490/490/490 538/538/538
f 490/490/490 539/539/539 538/538/538
f 491/491/491 492/492/492 540/540/540
f 492/492/492 541/541/541 540/540/540
f 492/492/492 493/493/493 541/541/541
f 493/493/493 542/542/542 541/541/541
f 493/493/493 494/494/494 542/542/542
f 494/494/494 543/543/543 542/542/542
f 494/494/494 495/495/495 543/543/543
f 495/495/495 544/544/544 543/543/543
f 495/495/495 496/496/496 544/544/544
f 496/496/496 545/545/545 544/544/544
f 496/496/496 497/497/497 545/545/545
f 497/497/497 546/546/546 545/545/545
f 497/497/497 498/498/498 546/546/546
f 498/498/498 547/547/547 546/546/546
f 498/498/498 499/499/499 547/547/547
f 499/499/499 548/548/548 547/547/547
f 499/499/499 500/500/500 548/548/548
f 500/500/500 549/549/549 548/548/548
f 500/500/500 501/501/501 549/549/549
f 501/501/501 550/550/550 549/549/549
f 501/501/501 502/502/502 550/550/550
f 502/502/502 551/551/551 550/550/550
f 502/502/502 503/503/503 551/551/551
f 503/503/503 552/552/552 551/551/551
f 503/503/503 504/504/504 552/552/552
f 504/504/504 553/553/553 552/552/552
f 504/504/504 505/505/505 553/553/553
f 505/505/505 554/554/554 553/553/553
f 505/505/505 506/506/506 554/554/554
f 506/506/506 555/555/555 554/554/554
f 506/506/506 507/507/507 555/555/555
f 507/507/507 556/556/556 555/555/555
f 507/507/507 508/508/508 556/556/556
f 508/508/508 557/557/557 556/556/556
f 508/508/508 509/509/509 557/557/557
f 509/509/509 558/558/558 557/557/557
f 509/509/509 510/510/510 558/558/558
f 510/510/510 559/559/559 558/558/558
f 510/510/510 511/511/511 559/559/559
f 511/511/511 560/560/560 559/559/559
f 511/511/511 512/512/512 560/560/560
f 512/512/512 561/561/561 560/560/560
f 512/512/512 513/513/513 561/561/561
f 513/513/513 562/562/562 561/561/561
f 513/513/513 514/514/514 562/562/562
f 514/514/514 563/563/563 562/562/562
f 514/514/514 515/515/515 563/563/563
f 515/515/515 564/564/564 563/563/563
f 515/515/515 516/516/516 564/564/564
f 516/516/516 565/565/565 564/564/564
f 516/516/516 517/517/517 565/565/565
f 517/517/517 566/566/566 565/565/565
f 517/517/517 518/518/518 566/566/566
f 518/518/518 567/567/567 566/566/566
f 518/518/518 519/519/519 567/567/567
f 519/519/519 568/568/568 567/567/567
f 519/519/519 520/520/520 568/568/568
f 520/520/520 569/569/569 568/568/568
f 520/520/520 521/521/521 569/569/569
f 521/521/521 570/570/570 569/569/569
f 521/521/521 522/522/522 570/570/570
f 522/522/522 571/571/571 570/570/570
f 522/522/522 523/523/523 571/571/571
f 523/523/523 572/572/572 571/571/571
f 523/523/523 524/524/524 572/572/572
f 524/524/524 573/573/573 572/572/572
f 524/524/524 525/525/525 573/573/573
f 525/525/525 574/574/574 573/573/573
f 525/525/525 526/526/526 574/574/574
f 526/526/526 575/575/575 574/574/574
f 526/526/526 527/527/527 575/575/575
f 527/527/527 576/576/576 575/575/575
f 527/527/527 528/528/528 576/576/576
f 528/528/528 577/577/577 576/576/576
f 528/528/528 529/529/529 577/577/577
f 529/529/529 578/578/578 577/577/577
f 529/529/529 530/530/530 578/578/578
f 530/530/530 579/579/579 578/578/578
f 530/530/530 531/531/531 579/579/579
f 531/531/531 580/580/580 579/579/579
f 531/531/531 532/532/532 580/580/580
f 532/532/532 581/581/581 580/580/580
f 532/532/532 533/533/533 581/581/581
f 533/533/533 582/582/582 581/581/581
f 533/533/533 534/534/534 582/582/582
f 534/534/534 583/583/583 582/582/582
f 534/534/534 535/535/535 583/583/583
f 535/535/535 584/584/584 583/583/583
f 535/535/535 536/536/536 584/584/584
f 536/536/536 585/585/585 584/584/584
f 536/536/536 537/537/537 585/585/585
f 537/537/537 586/586/586 585/585/585
f 537/537/537 538/538/538 586/586/586
f 538/538/538 587/587/587 586/586/586
f 538/538/538 539/539/539 587/587/587
f 539/539/539 588/588/588 587/587/587
f 540/540/540 541/541/541 589/589/589
f 541/541/541 590/590/590 589/589/589
f 541/541/541 542/542/542 590/590/590
f 542/542/542 591/591/591 590/590/590
f 542/542/542 543/543/543 591/591/591
f 543/543/543 592/592/592 591/591/591
f 543/543/543 544/544/544 592/592/592
f 544/544/544 593/593/593 592/592/592
f 544/544/544 545/545/545 593/593/593
f 545/545/545 594/594/594 593/593/593
f 545/545/545 546/546/546 594/594/594
f 546/546/546 595/595/595 594/594/594
f 546/546/546 547/547/547 595/595/595
f 547/547/547 596/596/596 595/595/595
f 547/547/547 548/548/548 596/596/596
f 548/548/548 597/597/597 596/596/596
f 548/548/548 549/549/549 597/597/597
f 549/549/549 598/598/598 597/597/597
f 549/549/549 550/550/550 598/598/598
f 550/550/550 599/599/599 598/598/598
f 550/550/550 551/551/551 599/599/599
f 551/551/551 600/600/600 599/599/599
f 551/551/551 552/552/552 600/600/600
f 552/552/552 601/601/601 600/600/600
f 552/552/552 553/553/553 601/601/601
f 553/553/553 602/602/602 601/601/601
f 553/553/553 554/554/554 602/602/602
f 554/554/554 603/603/603 602/602/602
f 554/554/554 555/555/555 603/603/603
f 555/555/555 604/604/604 603/603/603
f 555/555/555 556/556/556 604/604/604
f 556/556/556 605/605/605 604/604/604
f 556/556/556 557/557/557 605/605/605
f 557/557/557 606/606/606 605/605/605
f 557/557/557 558/558/558 606/606/606
f 558/558/558 607/607/607 606/606/606
f 558/558/558 559/559/559 607/607/607
f 559/559/559 608/608/608 607/607/607
f 559/559/559 560/560/560 608/608/608
f 560/560/560 609/609/609 608/608/608
f 560/560/560 561/561/561 609/609/609
f 561/561/561 610/610/610 609/609/609
f 561/561/561 562/562/562 610/610/610
f 562/562/562 611/611/611 610/610/610
f 562/562/562 563/563/563 611/611/611
f 563/563/563 612/612/612 611/611/611
f 563/563/563 564/564/564 612/612/612
f 564/564/564 613/613/613 612/612/612
f 564/564/564 565/565/565 613/613/613
f 565/565/565 614/614/614 613/613/613
f 565/565/565 566/566/566 614/614/614
f 566/566/566 615/615/615 614/614/614
f 566/566/566 567/567/567 615/615/615
f 567/567/567 616/616/616 615/615/615
f 567/567/567 568/568/568 616/616/616
f 568/568/568 617/617/617 616/616/616
f 568/568/568 569/569/569 617/617/617
f 569/569/569 618/618/618 617/617/617
f 569/569/569 570/570/570 618/618/618
f 570/570/570 619/619/619 618/618/618
f 570/570/570 571/571/571 619/619/619
f 571/571/571 620/620/620 619/619/619
f 571/571/571 572/572/572 620/620/620
f 572/572/572 621/621/621 620/620/620
f 572/572/572 573/573/573 621/621/621
f 573/573/573 622/622/622 621/621/621
f 573/573/573 574/574/574 622/622/622
f 574/574/574 623/623/623 622/622/622
f 574/574/574 575/575/575 623/623/623
f 575/575/575 624/624/624 623/623/623
f 575/575/575 576/576/576 624/624/624
f 576/576/576 625/625/625 624/624/624
f 576/576/576 577/577/577 625/625/625
f 577/577/577 626/626/626 625/625/625
f 577/577/577 578/578/578 626/626/626
f 578/578/578 627/627/627 626/626/626
f 578/578/578 579/579/579 627/627/627
f 579/579/579 628/628/628 627/627/627
f 579/579/579 580/580/580 628/628/628
f 580/580/580 629/629/629 628/628/628
f 580/580/580 581/581/581 629/629/629
f 581/581/581 630/630/630 629/629/629
f 581/581/581 582/582/582 630/630/630
f 582/582/582 631/631/631 630/630/630
f 582/582/582 583/583/583 631/631/631
f 583/583/583 632/632/632 631/631/631
f 583/583/583 584/584/584 632/632/632
f 584/584/584 633/633/633 632/632/632
f 584/584/584 585/585/585 633/633/633
f 585/585/585 634/634/634 633/633/633
f 585/585/585 586/586/586 634/634/634
f 586/586/586 635/635/635 634/634/634
f 586/586/586 587/587/587 635/635/635
f 587/587/587 636/636/636 635/635/635
f 587/587/587 588/588/588 636/636/636
f 588/588/588 637/637/637 636/636/636
f 589/589/589 590/590/590 638/638/638
f 590/590/590 639/639/639 638/638/638
f 590/590/590 591/591/591 639/639/639
f 591/591/591 640/640/640 639/639/639
f 591/591/591 592/592/592 640/640/640
f 592/592/592 641/641/641 640/640/640
f 592/592/592 593/593/593 641/641/641
f 593/593/593 642/642/642 641/641/641
f 593/593/593 594/594/594 642/642/642
f 594/594/594 643/643/643 642/642/642
f 594/594/594 595/595/595 643/643/643
f 595/595/595 644/644/644 643/643/643
f 595/595/595 596/596/596 644/644/644
f 596/596/596 645/645/645 644/644/644
f 596/596/596 597/597/597 645/645/645
f 597/597/597 646/646/646 645/645/645
f 597/597/597 598/598/598 646/646/646
f 598/598/598 647/647/647 646/646/646
f 598/598/598 599/599/599 647/647/647
f 599/599/599 648/648/648 647/647/647
f 599/599/599 600/600/600 648/648/648
f 600/600/600 649/649/649 648/648/648
f 600/600/600 601/601/601 649/649/649
f 601/601/601 650/650/650 649/649/649
f 601/601/601 602/602/602 650/650/650
f 602/602/602 651/651/651 650/650/650
f 602/602/602 603/603/603 651/651/651
f 603/603/603 652/652/652 651/651/651
f 603/603/603 604/604/604 652/652/652
f 604/604/604 653/653/653 652/652/652
f 604/604/604 605/605/605 653/653/653
f 605/605/605 654/654/654 653/653/653
f 605/605/605 606/606/606 654/654/654
f 606/606/606 655/655/655 654/654/654
f 606/606/606 607/607/607 655/655/655
f 607/607/607 656/656/656 655/655/655
f 607/607/607 608/608/608 656/656/656
f 608/608/608 657/657/657 656/656/656
f 608/608/608 609/609/609 657/657/657
f 609/609/609 658/658/658 657/657/657
f 609/609/609 610/610/610 658/658/658
f 610/610/610 659/659/659 658/658/658
f 610/610/610 611/611/611 659/659/659
f 611/611/611 660/660/660 659/659/659
f 611/611/611 612/612/612 660/660/660
f 612/612/612 661/661/661 660/660/660
f 612/612/612 613/613/613 661/661/661
f 613/613/613 662/662/662 661/661/661
f 613/613/613 614/614/614 662/662/662
f 614/614/614 663/663/663 662/662/662
f 614/614/614 615/615/615 663/663/663
f 615/615/615 664/664/664 663/663/663
f 615/615/615 616/616/616 664/664/664
f 616/616/616 665/665/665 664/664/664
f 616/616/616 617/617/617 665/665/665
f 617/617/617 666/666/666 665/665/665
f 617/617/617 618/618/618 666/666/666
f 618/618/618 667/667/667 666/666/666
f 618/618/618 619/619/619 667/667/667
f 619/619/619 668/668/668 667/667/667
f 619/619/619 620/620/620 668/668/668
f 620/620/620 669/669/669 668/668/668
f 620/620/620 621/621/621 669/669/669
f 621/621/621 670/670/670 669/669/669
f 621/621/621 622/622/622 670/670/670
f 622/622/622 671/671/671 670/670/670
f 622/622/622 623/623/623 671/671/671
f 623/623/623 672/672/672 671/671/671
f 623/623/623 624/624/624 672/672/672
f 624/624/624 673/673/673 672/672/672
f 624/624/624 625/625/625 673/673/673
f 625/625/625 674/674/674 673/673/673
f 625/625/625 626/626/626 674/674/674
f 626/626/626 675/675/675 674/674/674
f 626/626/626 627/627/627 675/675/675
f 627/627/627 676/676/676 675/675/675
f 627/627/627 628/628/628 676/676/676
f 628/628/628 677/677/677 676/676/676
f 628/628/628 629/629/629 677/677/677
f 629/629/629 678/678/678 677/677/677
f 629/629/629 630/630/630 678/678/678
f 630/630/630 679/679/679 678/678/678
f 630/630/630 631/631/631 679/679/679
f 631/631/631 680/680/680 679/679/679
f 631/631/631 632/632/632 680/680/680
f 632/632/632 681/681/681 680/680/680
f 632/632/632 633/633/633 681/681/681
f 633/633/633 682/682/682 681/681/681
f 633/633/633 634/634/634 682/682/682
f 634/634/634 683/683/683 682/682/682
f 634/634/634 635/635/635 683/683/683
f 635/635/635 684/684/684 683/683/683
f 635/635/635 636/636/636 684/684/684
f 636/636/636 685/685/685 684/684/684
f 636/636/636 637/637/637 685/685/685
f 637/637/637 686/686/686 685/685/685
f 638/638/638 639/639/639 687/687/687
f 639/639/639 688/688/688 687/687/687
f 639/639/639 640/640/640 688/688/688
f 640/640/640 689/689/689 688/688/688
f 640/640/640 641/641/641 689/689/689
f 641/641/641 690/690/690 689/689/689
f 641/641/641 642/642/642 690/690/690
f 642/642/642 691/691/691 690/690/690
f 642/642/642 643/643/643 691/691/691
f 643/643/643 692/692/692 691/691/691
f 643/643/643 644/644/644 692/692/692
f 644/644/644 693/693/693 692/692/692
f 644/644/644 645/645/645 693/693/693
f 645/645/645 694/694/694 693/693/693
f 645/645/645 646/646/646 694/694/694
f 646/646/646 695/695/695 694/694/694
f 646/646/646 647/647/647 695/695/695
f 647/647/647 696/696/696 695/695/695
f 647/647/647 648/648/648 696/696/696
f 648/648/648 697/697/697 696/696/696
f 648/648/648 649/649/649 697/697/697
f 649/649/649 698/698/698 697/697/697
f 649/649/649 650/650/650 698/698/698
f 650/650/650 699/699/699 698/698/698
f 650/650/650 651/651/651 699/699/699
f 651/651/651 700/700/700 699/699/699
f 651/651/651 652/652/652 700/700/700
f 652/652/652 701/701/701 700/700/700
f 652/652/652 653/653/653 701/701/701
f 653/653/653 702/702/702 701/701/701
f 653/653/653 654/654/654 702/702/702
f 654/654/654 703/703/703 702/702/702
f 654/654/654 655/655/655 703/703/703
f 655/655/655 704/704/704 703/703/703
f 655/655/655 656/656/656 704/704/704
f 656/656/656 705/705/705 704/704/704
f 656/656/656 657/657/657 705/705/705
f 657/657/657 706/706/706 705/705/705
f 657/657/657 658/658/658 706/706/706
f 658/658/658 707/707/707 706/706/706
f 658/658/658 659/659/659 707/707/707
f 659/659/659 708/708/708 707/707/707
f 659/659/659 660/660/660 708/708/708
f 660/660/660 709/709/709 708/708/708
f 660/660/660 661/661/661 709/709/709
f 661/661/661 710/710/710 709/709/709
f 661/661/661 662/662/662 710/710/710
f 662/662/662 711/711/711 710/710/710
f 662/662/662 663/663/663 711/711/711
f 663/663/663 712/712/712 711/711/711
f 663/663/663 664/664/664 712/712/712
f 664/664/664 713/713/713 712/712/712
f 664/664/664 665/665/665 713/713/713
f 665/665/665 714/714/714 713/713/713
f 665/665/665 666/666/666 714/714/714
f 666/666/666 715/715/715 714/714/714
f 666/666/666 667/667/667 715/715/715
f 667/667/667 716/716/716 715/715/715
f 667/667/667 668/668/668 716/716/716
f 668/668/668 717/717/717 716/716/716
f 668/668/668 669/669/669 717/717/717
f 669/669/669 718/718/718 717/717/717
f 669/669/669 670/670/670 718/718/718
f 670/670/670 719/719/719 718/718/718
f 670/670/670 671/671/671 719/719/719
f 671/671/671 720/720/720 719/719/719
f 671/671/671 672/672/672 720/720/720
f 672/672/672 721/721/721 720/720/720
f 672/672/672 673/673/673 721/721/721
f 673/673/673 722/722/722 721/721/721
f 673/673/673 674/674/674 722/722/722
f 674/674/674 723/723/723 722/722/722
f 674/674/674 675/675/675 723/723/723
f 675/675/675 724/724/724 723/723/723
f 675/675/675 676/676/676 724/724/724
f 676/676/676 725/725/725 724/724/724
f 676/676/676 677/677/677 725/725/725
f 677/677/677 726/726/726 725/725/725
f 677/677/677 678/678/678 726/726/726
f 678/678/678 727/727/727 726/726/726
f 678/678/678 679/679/679 727/727/727
f 679/679/679 728/728/728 727/727/727
f 679/679/679 680/680/680 728/728/728
f 680/680/680 729/729/729 728/728/728
f 680/680/680 681/681/681 729/729/729
f 681/681/681 730/730/730 729/729/729
f 681/681/681 682/682/682 730/730/730
f 682/682/682 731/731/731 730/730/730
f 682/682/682 683/683/683 731/731/731
f 683/683/683 732/732/732 731/731/731
f 683/683/683 684/684/684 732/732/732
f 684/684/684 733/733/733 732/732/732
f 684/684/684 685/685/685 733/733/733
f 685/685/685 734/734/734 733/733/733
f 685/685/685 686/686/686 734/734/734
f 686/686/686 735/735/735 734/734/734
f 687/687/687 688/688/688 736/736/736
f 688/688/688 737/737/737 736/736/736
f 688/688/688 689/689/689 737/737/737
f 689/689/689 738/738/738 737/737/737
f 689/689/689 690/690/690 738/738/738
f 690/690/690 739/739/739 738/738/738
f 690/690/690 691/691/691 739/739/739
f 691/691/691 740/740/740 739/739/739
f 691/691/691 692/692/692 740/740/740
f 692/692/692 741/741/741 740/740/740
f 692/692/692 693/693/693 741/741/741
f 693/693/693 742/742/742 741/741/741
f 693/693/693 694/694/694 742/742/742
f 694/694/694 743/743/743 742/742/742
f 694/694/694 695/695/695 743/743/743
f 695/695/695 744/744/744 743/743/743
f 695/695/695 696/696/696 744/744/744
f 696/696/696 745/745/745 744/744/744
f 696/696/696 697/697/697 745/745/745
f 697/697/697 746/746/746 745/745/745
f 697/697/697 698/698/698 746/746/746
f 698/698/698 747/747/747 746/746/746
f 698/698/698 699/699/699 747/747/747
f 699/699/699 748/748/748 747/747/747
f 699/699/699 700/700/700 748/748/748
f 700/700/700 749/749/749 748/748/748
f 700/700/700 701/701/701 749/749/749
f 701/701/701 750/750/750 749/749/749
f 701/701/701 702/702/702 750/750/750
f 702/702/702 751/751/751 750/750/750
f 702/702/702 703/703/703 751/751/751
f 703/703/703 752/752/752 751/751/751
f 703/703/703 704/704/704 752/752/752
f 704/704/704 753/753/753 752/752/752
f 704/704/704 705/705/705 753/753/753
f 705/705/705 754/754/754 753/753/753
f 705/705/705 706/706/706 754/754/754
f 706/706/706 755/755/755 754/754/754
f 706/706/706 707/707/707 755/755/755
f 707/707/707 756/756/756 755/755/755
f 707/707/707 708/708/708 756/756/756
f 708/708/708 757/757/757 756/756/756
f 708/708/708 709/709/709 757/757/757
f 709/709/709 758/758/758 757/757/757
f 709/709/709 710/710/710 758/758/758
f 710/710/710 759/759/759 758/758/758
f 710/710/710 711/711/711 759/759/759
f 711/711/711 760/760/760 759/759/759
f 711/711/711 712/712/712 760/760/760
f 712/712/712 761/761/761 760/760/760
f 712/712/712 713/713/713 761/761/761
f 713/713/713 762/762/762 761/761/761
f 713/713/713 714/714/714 762/762/762
f 714/714/714 763/763/763 762/762/762
f 714/714/714 715/715/715 763/763/763
f 715/715/715 764/764/764 763/763/763
f 715/715/715 716/716/716 764/764/764
f 716/716/716 765/765/765 764/764/764
f 716/716/716 717/717/717 765/765/765
f 717/717/717 766/766/766 765/765/765
f 717/717/717 718/718/718 766/766/766
f 718/718/718 767/767/767 766/766/766
f 718/718/718 719/719/719 767/767/767
f 719/719/719 768/768/768 767/767/767
f 719/719/719 720/720/720 768/768/768
f 720/720/720 769/769/769 768/768/768
f 720/720/720 721/721/721 769/769/769
f 721/721/721 770/770/770 769/769/769
f 721/721/721 722/722/722 770/770/770
f 722/722/722 771/771/771 770/770/770
f 722/722/722 723/723/723 771/771/771
f 723/723/723 772/772/772 771/771/771
f 723/723/723 724/724/724 772/772/772
f 724/724/724 773/773/773 772/772/772
f 724/724/724 725/725/725 773/773/773
f 725/725/725 774/774/774 773/773/773
f 725/725/725 726/726/726 774/774/774
f 726/726/726 775/775/775 774/774/774
f 726/726/726 727/727/727 775/775/775
f 727/727/727 776/776/776 775/775/775
f 727/727/727 728/728/728 776/776/776
f 728/728/728 777/777/777 776/776/776
f 728/728/728 729/729/729 777/777/777
f 729/729/729 778/778/778 777/777/777
f 729/729/729 730/730/730 778/778/778
f 730/730/730 779/779/779 778/778/778
f 730/730/730 731/731/731 779/779/779
f 731/731/731 780/780/780 779/779/779
f 731/731/731 732/732/732 780/780/780
f 732/732/732 781/781/781 780/780/780
f 732/732/732 733/733/733 781/781/781
f 733/733/733 782/782/782 781/781/781
f 733/733/733 734/734/734 782/782/782
f 734/734/734 783/783/783 782/782/782
f 734/734/734 735/735/735 783/783/783
f 735/735/735 784/784/784 783/783/783
f 736/736/736 737/737/737 785/785/785
f 737/737/737 786/786/786 785/785/785
f 737/737/737 738/738/738 786/786/786
f 738/738/738 787/787/787 786/786/786
f 738/738/738 739/739/739 787/787/787
f 739/739/739 788/788/788 787/787/787
f 739/739/739 740/740/740 788/788/788
f 740/740/740 789/789/789 788/788/788
f 740/740/740 741/741/741 789/789/789
f 741/741/741 790/790/790 789/789/789
f 741/741/741 742/742/742 790/790/790
f 742/742/742 791/791/791 790/790/790
f 742/742/742 743/743/743 791/791/791
f 743/743/743 792/792/792 791/791/791
f 743/743/743 744/744/744 792/792/792
f 744/744/744 793/793/793 792/792/792
f 744/744/744 745/745/745 793/793/793
f 745/745/745 794/794/794 793/793/793
f 745/745/745 746/746/746 794/794/794
f 746/746/746 795/795/795 794/794/794
f 746/746/746 747/747/747 795/795/795
f 747/747/747 796/796/796 795/795/795
f 747/747/747 748/748/748 796/796/796
f 748/748/748 797/797/797 796/796/796
f 748/748/748 749/749/749 797/797/797
f 749/749/749 798/798/798 797/797/797
f 749/749/749 750/750/750 798/798/798
f 750/750/750 799/799/799 798/798/798
f 750/750/750 751/751/751 799/799/799
f 751/751/751 800/800/800 799/799/799
f 751/751/751 752/752/752 800/800/800
f 752/752/752 801/801/801 800/800/800
f 752/752/752 753/753/753 801/801/801
f 753/753/753 802/802/802 801/801/801
f 753/753/753 754/754/754 802/802/802
f 754/754/754 803/803/803 802/802/802
f 754/754/754 755/755/755 803/803/803
f 755/755/755 804/804/804 803/803/803
f 755/755/755 756/756/756 804/804/804
f 756/756/756 805/805/805 804/804/804
f 756/756/756 757/757/757 805/805/805
f 757/757/757 806/806/806 805/805/805
f 757/757/757 758/758/758 806/806/806
f 758/758/758 807/807/807 806/806/806
f 758/758/758 759/759/759 807/807/807
f 759/759/759 808/808/808 807/807/807
f 759/759/759 760/760/760 808/808/808
f 760/760/760 809/809/809 808/808/808
f 760/760/760 761/761/761 809/809/809
f 761/761/761 810/810/810 809/809/809
f 761/761/761 762/762/762 810/810/810
f 762/762/762 811/811/811 810/810/810
f 762/762/762 763/763/763 811/811/811
f 763/763/763 812/812/812 811/811/811
f 763/763/763 764/764/764 812/812/812
f 764/764/764 813/813/813 812/812/812
f 764/764/764 765/765/765 813/813/813
f 765/765/765 814/814/814 813/813/813
f 765/765/765 766/766/766 814/814/814
f 766/766/766 815/815/815 814/814/814
f 766/766/766 767/767/767 815/815/815
f 767/767/767 816/816/816 815/815/815
f 767/767/767 768/768/768 816/816/816
f 768/768/768 817/817/817 816/816/816
f 768/768/768 769/769/769 817/817/817
f 769/769/769 818/818/818 817/817/817
f 769/769/769 770/770/770 818/818/818
f 770/770/770 819/819/819 818/818/818
f 770/770/770 771/771/771 819/819/819
f 771/771/771 820/820/820 819/819/819
f 771/771/771 772/772/772 820/820/820
f 772/772/772 821/821/821 820/820/820
f 772/772/772 773/773/773 821/821/821
f 773/773/773 822/822/822 821/821/821
f 773/773/773 774/774/774 822/822/822
f 774/774/774 823/823/823 822/822/822
f 774/774/774 775/775/775 823/823/823
f 775/775/775 824/824/824 823/823/823
f 775/775/775 776/776/776 824/824/824
f 776/776/776 825/825/825 824/824/824
f 776/776/776 777/777/777 825/825/825
f 777/777/777 826/826/826 825/825/825
f 777/777/777 778/778/778 826/826/826
f 778/778/778 827/827/827 826/826/826
f 778/778/778 779/779/779 827/827/827
f 779/779/779 828/828/828 827/827/827
f 779/779/779 780/780/780 828/828/828
f 780/780/780 829/829/829 828/828/828
f 780/780/780 781/781/781 829/829/829
f 781/781/781 830/830/830 829/829/829
f 781/781/781 782/782/782 830/830/830
f 782/782/782 831/831/831 830/830/830
f 782/782/782 783/783/783 831/831/831
f 783/783/783 832/832/832 831/831/831
f 783/783/783 784/784/784 832/832/832
f 784/784/784 833/833/833 832/832/832
f 785/785/785 786/786/786 834/834/834
f 786/786/786 835/835/835 834/834/834
f 786/786/786 787/787/787 835/835/835
f 787/787/787 836/836/836 835/835/835
f 787/787/787 788/788/788 836/836/836
f 788/788/788 837/837/837 836/836/836
f 788/788/788 789/789/789 837/837/837
f 789/789/789 838/838/838 837/837/837
f 789/789/789 790/790/790 838/838/838
f 790/790/790 839/839/839 838/838/838
f 790/790/790 791/791/791 839/839/839
f 791/791/791 840/840/840 839/839/839
f 791/791/791 792/792/792 840/840/840
f 792/792/792 841/841/841 840/840/840
f 792/792/792 793/793/793 841/841/841
f 793/793/793 842/842/842 841/841/841
f 793/793/793 794/794/794 842/842/842
f 794/794/794 843/843/843 842/842/842
f 794/794/794 795/795/795 843/843/843
f 795/795/795 844/844/844 843/843/843
f 795/795/795 796/796/796 844/844/844
f 796/796/796 845/845/845 844/844/844
f 796/796/796 797/797/797 845/845/845
f 797/797/797 846/846/846 845/845/845
f 797/797/797 798/798/798 846/846/846
f 798/798/798 847/847/847 846/846/846
f 798/798/798 799/799/799 847/847/847
f 799/799/799 848/848/848 847/847/847
f 799/799/799 800/800/800 848/848/848
f 800/800/800 849/849/849 848/848/848
f 800/800/800 801/801/801 849/849/849
f 801/801/801 850/850/850 849/849/849
f 801/801/801 802/802/802 850/850/850
f 802/802/802 851/851/851 850/850/850
f 802/802/802 803/803/803 851/851/851
f 803/803/803 852/852/852 851/851/851
f 803/803/803 804/804/804 852/852/852
f 804/804/804 853/853/853 852/852/852
f 804/804/804 805/805/805 853/853/853
f 805/805/805 854/854/854 853/853/853
f 805/805/805 806/806/806 854/854/854
f 806/806/806 855/855/855 854/854/854
f 806/806/806 807/807/807 855/855/855
f 807/807/807 856/856/856 855/855/855
f 807/807/807 808/808/808 856/856/856
f 808/808/808 857/857/857 856/856/856
f 808/808/808 809/809/809 857/857/857
f 809/809/809 858/858/858 857/857/857
f 809/809/809 810/810/810 858/858/858
f 810/810/810 859/859/859 858/858/858
f 810/810/810 811/811/811 859/859/859
f 811/811/811 860/860/860 859/859/859
f 811/811/811 812/812/812 860/860/860
f 812/812/812 861/861/861 860/860/860
f 812/812/812 813/813/813 861/861/861
f 813/813/813 862/862/862 861/861/861
f 813/813/813 814/814/814 862/862/862
f 814/814/814 863/863/863 862/862/862
f 814/814/814 815/815/815 863/863/863
f 815/815/815 864/864/864 863/863/863
f 815/815/815 816/816/816 864/864/864
f 816/816/816 865/865/865 864/864/864
f 816/816/816 817/817/817 865/865/865
f 817/817/817 866/866/866 865/865/865
f 817/817/817 818/818/818 866/866/866
f 818/818/818 867/867/867 866/866/866
f 818/818/818 819/819/819 867/867/867
f 819/819/819 868/868/868 867/867/867
f 819/819/819 820/820/820 868/868/868
f 820/820/820 869/869/869 868/868/868
f 820/820/820 821/821/821 869/869/869
f 821/821/821 870/870/870 869/869/869
f 821/821/821 822/822/822 870/870/870
f 822/822/822 871/871/871 870/870/870
f 822/822/822 823/823/823 871/871/871
f 823/823/823 872/872/872 871/871/871
f 823/823/823 824/824/824 872/872/872
f 824/824/824 873/873/873 872/872/872
f 824/824/824 825/825/825 873/873/873
f 825/825/825 874/874/874 873/873/873
f 825/825/825 826/826/826 874/874/874
f 826/826/826 875/875/875 874/874/874
f 826/826/826 827/827/827 875/875/875
f 827/827/827 876/876/876 875/875/875
f 827/827/827 828/828/828 876/876/876
f 828/828/828 877/877/877 876/876/876
f 828/828/828 829/829/829 877/877/877
f 829/829/829 878/878/878 877/877/877
f 829/829/829 830/830/830 878/878/878
f 830/830/830 879/879/879 878/878/878
f 830/830/830 831/831/831 879/879/879
f 831/831/831 880/880/880 879/879/879
f 831/831/831 832/832/832 880/880/880
f 832/832/832 881/881/881 880/880/880
f 832/832/832 833/833/833 881/881/881
f 833/833/833 882/882/882 881/881/881
f 834/834/834 835/835/835 883/883/883
f 835/835/835 884/884/884 883/883/883
f 835/835/835 836/836/836 884/884/884
f 836/836/836 885/885/885 884/884/884
f 836/836/836 837/837/837 885/885/885
f 837/837/837 886/886/886 885/885/885
f 837/837/837 838/838/838 886/886/886
f 838/838/838 887/887/887 886/886/886
f 838/838/838 839/839/839 887/887/887
f 839/839/839 888/888/888 887/887/887
f 839/839/839 840/840/840 888/888/888
f 840/840/840 889/889/889 888/888/888
f 840/840/840 841/841/841 889/889/889
f 841/841/841 890/890/890 889/889/889
f 841/841/841 842/842/842 890/890/890
f 842/842/842 891/891/891 890/890/890
f 842/842/842 843/843/843 891/891/891
f 843/843/843 892/892/892 891/891/891
f 843/843/843 844/844/844 892/892/892
f 844/844/844 893/893/893 892/892/892
f 844/844/844 845/845/845 893/893/893
f 845/845/845 894/894/894 893/893/893
f 845/845/845 846/846/846 894/894/894
f 846/846/846 895/895/895 894/894/894
f 846/846/846 847/847/847 895/895/895
f 847/847/847 896/896/896 895/895/895
f 847/847/847 848/848/848 896/896/896
f 848/848/848 897/897/897 896/896/896
f 848/848/848 849/849/849 897/897/897
f 849/849/849 898/898/898 897/897/897
f 849/849/849 850/850/850 898/898/898
f 850/850/850 899/899/899 898/898/898
f 850/850/850 851/851/851 899/899/899
f 851/851/851 900/900/900 899/899/899
f 851/851/851 852/852/852 900/900/900
f 852/852/852 901/901/901 900/900/900
f 852/852/852 853/853/853 901/901/901
f 853/853/853 902/902/902 901/901/901
f 853/853/853 854/854/854 902/902/902
f 854/854/854 903/903/903 902/902/902
f 854/854/854 855/855/855 903/903/903
f 855/855/855 904/904/904 903/903/903
f 855/855/855 856/856/856 904/904/904
f 856/856/856 905/905/905 904/904/904
f 856/856/856 857/857/857 905/905/905
f 857/857/857 906/906/906 905/905/905
f 857/857/857 858/858/858 906/906/906
f 858/858/858 907/907/907 906/906/906
f 858/858/858 859/859/859 907/907/907
f 859/859/859 908/908/908 907/907/907
f 859/859/859 860/860/860 908/908/908
f 860/860/860 909/909/909 908/908/908
f 860/860/860 861/861/861 909/909/909
f 861/861/861 910/910/910 909/909/909
f 861/861/861 862/862/862 910/910/910
f 862/862/862 911/911/911 910/910/910
f 862/862/862 863/863/863 911/911/911
f 863/863/863 912/912/912 911/911/911
f 863/863/863 864/864/864 912/912/912
f 864/864/864 913/913/913 912/912/912
f 864/864/864 865/865/865 913/913/913
f 865/865/865 914/914/914 913/913/913
f 865/865/865 866/866/866 914/914/914
f 866/866/866 915/915/915 914/914/914
f 866/866/866 867/867/867 915/915/915
f 867/867/867 916/916/916 915/915/915
f 867/867/867 868/868/868 916/916/916
f 868/868/868 917/917/917 916/916/916
f 868/868/868 869/869/869 917/917/917
f 869/869/869 918/918/918 917/917/917
f 869/869/869 870/870/870 918/918/918
f 870/870/870 919/919/919 918/918/918
f 870/870/870 871/871/871 919/919/919
f 871/871/871 920/920/920 919/919/919
f 871/871/871 872/872/872 920/920/920
f 872/872/872 921/921/921 920/920/920
f 872/872/872 873/873/873 921/921/921
f 873/873/873 922/922/922 921/921/921
f 873/873/873 874/874/874 922/922/922
f 874/874/874 923/923/923 922/922/922
f 874/874/874 875/875/875 923/923/923
f 875/875/875 924/924/924 923/923/923
f 875/875/875 876/876/876 924/924/924
f 876/876/876 925/925/925 924/924/924
f 876/876/876 877/877/877 925/925/925
f 877/877/877 926/926/926 925/925/925
f 877/877/877 878/878/878 926/926/926
f 878/878/878 927/927/927 926/926/926
f 878/878/878 879/879/879 927/927/927
f 879/879/879 928/928/928 927/927/927
f 879/879/879 880/880/880 928/928/928
f 880/880/880 929/929/929 928/928/928
f 880/880/880 881/881/881 929/929/929
f 881/881/881 930/930/930 929/929/929
f 881/881/881 882/882/882 930/930/930
f 882/882/882 931/931/931 930/930/930
f 883/883/883 884/884/884 932/932/932
f 884/884/884 933/933/933 932/932/932
f 884/884/884 885/885/885 933/933/933
f 885/885/885 934/934/934 933/933/933
f 885/885/885 886/886/886 934/934/934
f 886/886/886 935/935/935 934/934/934
f 886/886/886 887/887/887 935/935/935
f 887/887/887 936/936/936 935/935/935
f 887/887/887 888/888/888 936/936/936
f 888/888/888 937/937/937 936/936/936
f 888/888/888 889/889/889 937/937/937
f 889/889/889 938/938/938 937/937/937
f 889/889/889 890/890/890 938/938/938
f 890/890/890 939/939/939 938/938/938
f 890/890/890 891/891/891 939/939/939
f 891/891/891 940/940/940 939/939/939
f 891/891/891 892/892/892 940/940/940
f 892/892/892 941/941/941 940/940/940
f 892/892/892 893/893/893 941/941/941
f 893/893/893 942/942/942 941/941/941
f 893/893/893 894/894/894 942/942/942
f 894/894/894 943/943/943 942/942/942
f 894/894/894 895/895/895 943/943/943
f 895/895/895 944/944/944 943/943/943
f 895/895/895 896/896/896 944/944/944
f 896/896/896 945/945/945 944/944/944
f 896/896/896 897/897/897 945/945/945
f 897/897/897 946/946/946 945/945/945
f 897/897/897 898/898/898 946/946/946
f 898/898/898 947/947/947 946/946/946
f 898/898/898 899/899/899 947/947/947
f 899/899/899 948/948/948 947/947/947
f 899/899/899 900/900/900 948/948/948
f 900/900/900 949/949/949 948/948/948
f 900/900/900 901/901/901 949/949/949
f 901/901/901 950/950/950 949/949/949
f 901/901/901 902/902/902 950/950/950
f 902/902/902 951/951/951 950/950/950
f 902/902/902 903/903/903 951/951/951
f 903/903/903 952/952/952 951/951/951
f 903/903/903 904/904/904 952/952/952
f 904/904/904 953/953/953 952/952/952
f 904/904/904 905/905/905 953/953/953
f 905/905/905 954/954/954 953/953/953
f 905/905/905 906/906/906 954/954/954
f 906/906/906 955/955/955 954/954/954
f 906/906/906 907/907/907 955/955/955
f 907/907/907 956/956/956 955/955/955
f 907/907/907 908/908/908 956/956/956
f 908/908/908 957/957/957 956/956/956
f 908/908/908 909/909/909 957/957/957
f 909/909/909 958/958/958 957/957/957
f 909/909/909 910/910/910 958/958/958
f 910/910/910 959/959/959 958/958/958
f 910/910/910 911/911/911 959/959/959
f 911/911/911 960/960/960 959/959/959
f 911/911/911 912/912/912 960/960/960
f 912/912/912 961/961/961 960/960/960
f 912/912/912 913/913/913 961/961/961
f 913/913/913 962/962/962 961/961/961
f 913/913/913 914/914/914 962/962/962
f 914/914/914 963/963/963 962/962/962
f 914/914/914 915/915/915 963/963/963
f 915/915/915 964/964/964 963/963/963
f 915/915/915 916/916/916 964/964/964
f 916/916/916 965/965/965 964/964/964
f 916/916/916 917/917/917 965/965/965
f 917/917/917 966/966/966 965/965/965
f 917/917/917 918/918/918 966/966/966
f 918/918/918 967/967/967 966/966/966
f 918/918/918 919/919/919 967/967/967
f 919/919/919 968/968/968 967/967/967
f 919/919/919 920/920/920 968/968/968
f 920/920/920 969/969/969 968/968/968
f 920/920/920 921/921/921 969/969/969
f 921/921/921 970/970/970 969/969/969
f 921/921/921 922/922/922 970/970/970
f 922/922/922 971/971/971 970/970/970
f 922/922/922 923/923/923 971/971/971
f 923/923/923 972/972/972 971/971/971
f 923/923/923 924/924/924 972/972/972
f 924/924/924 973/973/973 972/972/972
f 924/924/924 925/925/925 973/973/973
f 925/925/925 974/974/974 973/973/973
f 925/925/925 926/926/926 974/974/974
f 926/926/926 975/975/975 974/974/974
f 926/926/926 927/927/927 975/975/975
f 927/927/927 976/976/976 975/975/975
f 927/927/927 928/928/928 976/976/976
f 928/928/928 977/977/977 976/976/976
f 928/928/928 929/929/929 977/977/977
f 929/929/929 978/978/978 977/977/977
f 929/929/929 930/930/930 978/978/978
f 930/930/930 979/979/979 978/978/978
f 930/930/930 931/931/931 979/979/979
f 931/931/931 980/980/980 979/979/979
f 932/932/932 933/933/933 981/981/981
f 933/933/933 982/982/982 981/981/981
f 933/933/933 934/934/934 982/982/982
f 934/934/934 983/983/983 982/982/982
f 934/934/934 935/935/935 983/983/983
f 935/935/935 984/984/984 983/983/983
f 935/935/935 936/936/936 984/984/984
f 936/936/936 985/985/985 984/984/984
f 936/936/936 937/937/937 985/985/985
f 937/937/937 986/986/986 985/985/985
f 937/937/937 938/938/938 986/986/986
f 938/938/938 987/987/987 986/986/986
f 938/938/938 939/939/939 987/987/987
f 939/939/939 988/988/988 987/987/987
f 939/939/939 940/940/940 988/988/988
f 940/940/940 989/989/989 988/988/988
f 940/940/940 941/941/941 989/989/989
f 941/941/941 990/990/990 989/989/989
f 941/941/941 942/942/942 990/990/990
f 942/942/942 991/991/991 990/990/990
f 942/942/942 943/943/943 991/991/991
f 943/943/943 992/992/992 991/991/991
f 943/943/943 944/944/944 992/992/992
f 944/944/944 993/993/993 992/992/992
f 944/944/944 945/945/945 993/993/993
f 945/945/945 994/994/994 993/993/993
f 945/945/945 946/946/946 994/994/994
f 946/946/946 995/995/995 994/994/994
f 946/946/946 947/947/947 995/995/995
f 947/947/947 996/996/996 995/995/995
f 947/947/947 948/948/948 996/996/996
f 948/948/948 997/997/997 996/996/996
f 948/948/948 949/949/949 997/997/997
f 949/949/949 998/998/998 997/997/997
f 949/949/949 950/950/950 998/998/998
f 950/950/950 999/999/999 998/998/998
f 950/950/950 951/951/951 999/999/999
f 951/951/951 1000/1000/1000 999/999/999
f 951/951/951 952/952/952 1000/1000/1000
f 952/952/952 1001/1001/1001 1000/1000/1000
f 952/952/952 953/953/953 1001/1001/1001
f 953/953/953 1002/1002/1002 1001/1001/1001
f 953/953/953 954/954/954 1002/1002/1002
f 954/954/954 1003/1003/1003 1002/1002/1002
f 954/954/954 955/955/955 1003/1003/1003
f 955/955/955 1004/1004/1004 1003/1003/1003
f 955/955/955 956/956/956 1004/1004/1004
f 956/956/956 1005/1005/1005 1004/1004/1004
f 956/956/956 957/957/957 1005/1005/1005
f 957/957/957 1006/1006/1006 1005/1005/1005
f 957/957/957 958/958/958 1006/1006/1006
f 958/958/958 1007/1007/1007 1006/1006/1006
f 958/958/958 959/959/959 1007/1007/1007
f 959/959/959 1008/1008/1008 1007/1007/1007
f 959/959/959 960/960/960 1008/1008/1008
f 960/960/960 1009/1009/1009 1008/1008/1008
f 960/960/960 961/961/961 1009/1009/1009
f 961/961/961 1010/1010/1010 1009/1009/1009
f 961/961/961 962/962/962 1010/1010/1010
f 962/962/962 1011/1011/1011 1010/1010/1010
f 962/962/962 963/963/963 1011/1011/1011
f 963/963/963 1012/1012/1012 1011/1011/1011
f 963/963/963 964/964/964 1012/1012/1012
f 964/964/964 1013/1013/1013 1012/1012/1012
f 964/964/964 965/965/965 1013/1013/1013
f 965/965/965 1014/1014/1014 1013/1013/1013
f 965/965/965 966/966/966 1014/1014/1014
f 966/966/966 1015/1015/1015 1014/1014/1014
f 966/966/966 967/967/967 1015/1015/1015
f 967/967/967 1016/1016/1016 1015/1015/1015
f 967/967/967 968/968/968 1016/1016/1016
f 968/968/968 1017/1017/1017 1016/1016/1016
f 968/968/968 969/969/969 1017/1017/1017
f 969/969/969 1018/1018/1018 1017/1017/1017
f 969/969/969 970/970/970 1018/1018/1018
f 970/970/970 1019/1019/1019 1018/1018/1018
f 970/970/970 971/971/971 1019/1019/1019
f 971/971/971 1020/1020/1020 1019/1019/1019
f 971/971/971 972/972/972 1020/1020/1020
f 972/972/972 1021/1021/1021 1020/1020/1020
f 972/972/972 973/973/973 1021/1021/1021
f 973/973/973 1022/1022/1022 1021/1021/1021
f 973/973/973 974/974/974 1022/1022/1022
f 974/974/974 1023/1023/1023 1022/1022/1022
f 974/974/974 975/975/975 1023/1023/1023
f 975/975/975 1024/1024/1024 1023/1023/1023
f 975/975/975 976/976/976 1024/1024/1024
f 976/976/976 1025/1025/1025 1024/1024/1024
f 976/976/976 977/977/977 1025/1025/1025
f 977/977/977 1026/1026/1026 1025/1025/1025
f 977/977/977 978/978/978 1026/1026/1026
f 978/978/978 1027/1027/1027 1026/1026/1026
f 978/978/978 979/979/979 1027/1027/1027
f 979/979/979 1028/1028/1028 1027/1027/1027
f 979/979/979 980/980/980 1028/1028/1028
f 980/980/980 1029/1029/1029 1028/1028/1028
f 981/981/981 982/982/982 1030/1030/1030
f 982/982/982 1031/1031/1031 1030/1030/1030
f 982/982/982 983/983/983 1031/1031/1031
f 983/983/983 1032/1032/1032 1031/1031/1031
f 983/983/983 984/984/984 1032/1032/1032
f 984/984/984 1033/1033/1033 1032/1032/1032
f 984/984/984 985/985/985 1033/1033/1033
f 985/985/985 1034/1034/1034 1033/1033/1033
f 985/985/985 986/986/986 1034/1034/1034
f 986/986/986 1035/1035/1035 1034/1034/1034
f 986/986/986 987/987/987 1035/1035/1035
f 987/987/987 1036/1036/1036 1035/1035/1035
f 987/987/987 988/988/988 1036/1036/1036
f 988/988/988 1037/1037/1037 1036/1036/1036
f 988/988/988 989/989/989 1037/1037/1037
f 989/989/989 1038/1038/1038 1037/1037/1037
f 989/989/989 990/990/990 1038/1038/1038
f 990/990/990 1039/1039/1039 1038/1038/1038
f 990/990/990 991/991/991 1039/1039/1039
f 991/991/991 1040/1040/1040 1039/1039/1039
f 991/991/991 992/992/992 1040/1040/1040
f 992/992/992 1041/1041/1041 1040/1040/1040
f 992/992/992 993/993/993 1041/1041/1041
f 993/993/993 1042/1042/1042 1041/1041/1041
f 993/993/993 994/994/994 1042/1042/1042
f 994/994/994 1043/1043/1043 1042/1042/1042
f 994/994/994 995/995/995 1043/1043/1043
f 995/995/995 1044/1044/1044 1043/1043/1043
f 995/995/995 996/996/996 1044/1044/1044
f 996/996/996 1045/1045/1045 1044/1044/1044
f 996/996/996 997/997/997 1045/1045/1045
f 997/997/997 1046/1046/1046 1045/1045/1045
f 997/997/997 998/998/998 1046/1046/1046
f 998/998/998 1047/1047/1047 1046/1046/1046
f 998/998/998 999/999/999 1047/1047/1047
f 999/999/999 1048/1048/1048 1047/1047/1047
f 999/999/999 1000/1000/1000 1048/1048/1048
f 1000/1000/1000 1049/1049/1049 1048/1048/1048
f 1000/1000/1000 1001/1001/1001 1049/1049/1049
f 1001/1001/1001 1050/1050/1050 1049/1049/1049
f 1001/1001/1001 1002/1002/1002 1050/1050/1050
f 1002/1002/1002 1051/1051/1051 1050/1050/1050
f 1002/1002/1002 1003/1003/1003 1051/1051/1051
f 1003/1003/1003 1052/1052/1052 1051/1051/1051
f 1003/1003/1003 1004/1004/1004 1052/1052/1052
f 1004/1004/1004 1053/1053/1053 1052/1052/1052
f 1004/1004/1004 1005/1005/1005 1053/1053/1053
f 1005/1005/1005 1054/1054/1054 1053/1053/1053
f 1005/1005/1005 1006/1006/1006 1054/1054/1054
f 1006/1006/1006 1055/1055/1055 1054/1054/1054
f 1006/1006/1006 1007/1007/1007 1055/1055/1055
f 1007/1007/1007 1056/1056/1056 1055/1055/1055
f 1007/1007/1007 1008/1008/1008 1056/1056/1056
f 1008/1008/1008 1057/1057/1057 1056/1056/1056
f 1008/1008/1008 1009/1009/1009 1057/1057/1057
f 1009/1009/1009 1058/1058/1058 1057/1057/1057
f 1009/1009/1009 1010/1010/1010 1058/1058/1058
f 1010/1010/1010 1059/1059/1059 1058/1058/1058
f 1010/1010/1010 1011/1011/1011 1059/1059/1059
f 1011/1011/1011 1060/1060/1060 1059/1059/1059
f 1011/1011/1011 1012/1012/1012 1060/1060/1060
f 1012/1012/1012 1061/1061/1061 1060/1060/1060
f 1012/1012/1012 1013/1013/1013 1061/1061/1061
f 1013/1013/1013 1062/1062/1062 1061/1061/1061
f 1013/1013/1013 1014/1014/1014 1062/1062/1062
f 1014/1014/1014 1063/1063/1063 1062/1062/1062
f 1014/1014/1014 1015/1015/1015 1063/1063/1063
f 1015/1015/1015 1064/1064/1064 1063/1063/1063
f 1015/1015/1015 1016/1016/1016 1064/1064/1064
f 1016/1016/1016 1065/1065/1065 1064/1064/1064
f 1016/1016/1016 1017/1017/1017 1065/1065/1065
f 1017/1017/1017 1066/1066/1066 1065/1065/1065
f 1017/1017/1017 1018/1018/1018 1066/1066/1066
f 1018/1018/1018 1067/1067/1067 1066/1066/1066
f 1018/1018/1018 1019/1019/1019 1067/1067/1067
f 1019/1019/1019 1068/1068/1068 1067/1067/1067
f 1019/1019/1019 1020/1020/1020 1068/1068/1068
f 1020/1020/1020 1069/1069/1069 1068/1068/1068
f 1020/1020/1020 1021/1021/1021 1069/1069/1069
f 1021/1021/1021 1070/1070/1070 1069/1069/1069
f 1021/1021/1021 1022/1022/1022 1070/1070/1070
f 1022/1022/1022 1071/1071/1071 1070/1070/1070
f 1022/1022/1022 1023/1023/1023 1071/1071/1071
f 1023/1023/1023 1072/1072/1072 1071/1071/1071
f 1023/1023/1023 1024/1024/1024 1072/1072/1072
f 1024/1024/1024 1073/1073/1073 1072/1072/1072
f 1024/1024/1024 1025/1025/1025 1073/1073/1073
f 1025/1025/1025 1074/1074/1074 1073/1073/1073
f 1025/1025/1025 1026/1026/1026 1074/1074/1074
f 1026/1026/1026 1075/1075/1075 1074/1074/1074
f 1026/1026/1026 1027/1027/1027 1075/1075/1075
f 1027/1027/1027 1076/1076/1076 1075/1075/1075
f 1027/1027/1027 1028/1028/1028 1076/1076/1076
f 1028/1028/1028 1077/1077/1077 1076/1076/1076
f 1028/1028/1028 1029/1029/1029 1077/1077/1077
f 1029/1029/1029 1078/1078/1078 1077/1077/1077
f 1030/1030/1030 1031/1031/1031 1079/1079/1079
f 1031/1031/1031 1080/1080/1080 1079/1079/1079
f 1031/1031/1031 1032/1032/1032 1080/1080/1080
f 1032/1032/1032 1081/1081/1081 1080/1080/1080
f 1032/1032/1032 1033/1033/1033 1081/1081/1081
f 1033/1033/1033 1082/1082/1082 1081/1081/1081
f 1033/1033/1033 1034/1034/1034 1082/1082/1082
f 1034/1034/1034 1083/1083/1083 1082/1082/1082
f 1034/1034/1034 1035/1035/1035 1083/1083/1083
f 1035/1035/1035 1084/1084/1084 1083/1083/1083
f 1035/1035/1035 1036/1036/1036 1084/1084/1084
f 1036/1036/1036 1085/1085/1085 1084/1084/1084
f 1036/1036/1036 1037/1037/1037 1085/1085/1085
f 1037/1037/1037 1086/1086/1086 1085/1085/1085
f 1037/1037/1037 1038/1038/1038 1086/1086/1086
f 1038/1038/1038 1087/1087/1087 1086/1086/1086
f 1038/1038/1038 1039/1039/1039 1087/1087/1087
f 1039/1039/1039 1088/1088/1088 1087/1087/1087
f 1039/1039/1039 1040/1040/1040 1088/1088/1088
f 1040/1040/1040 1089/1089/1089 1088/1088/1088
f 1040/1040/1040 1041/1041/1041 1089/1089/1089
f 1041/1041/1041 1090/1090/1090 1089/1089/1089
f 1041/1041/1041 1042/1042/1042 1090/1090/1090
f 1042/1042/1042 1091/1091/1091 1090/1090/1090
f 1042/1042/1042 1043/1043/1043 1091/1091/1091
f 1043/1043/1043 1092/1092/1092 1091/1091/1091
f 1043/1043/1043 1044/1044/1044 1092/1092/1092
f 1044/1044/1044 1093/1093/1093 1092/1092/1092
f 1044/1044/1044 1045/1045/1045 1093/1093/1093
f 1045/1045/1045 1094/1094/1094 1093/1093/1093
f 1045/1045/1045 1046/1046/1046 1094/1094/1094
f 1046/1046/1046 1095/1095/1095 1094/1094/1094
f 1046/1046/1046 1047/1047/1047 1095/1095/1095
f 1047/1047/1047 1096/1096/1096 1095/1095/1095
f 1047/1047/1047 1048/1048/1048 1096/1096/1096
f 1048/1048/1048 1097/1097/1097 1096/1096/1096
f 1048/1048/1048 1049/1049/1049 1097/1097/1097
f 1049/1049/1049 1098/1098/1098 1097/1097/1097
f 1049/1049/1049 1050/1050/1050 1098/1098/1098
f 1050/1050/1050 1099/1099/1099 1098/1098/1098
f 1050/1050/1050 1051/1051/1051 1099/1099/1099
f 1051/1051/1051 1100/1100/1100 1099/1099/1099
f 1051/1051/1051 1052/1052/1052 1100/1100/1100
f 1052/1052/1052 1101/1101/1101 1100/1100/1100
f 1052/1052/1052 1053/1053/1053 1101/1101/1101
f 1053/1053/1053 1102/1102/1102 1101/1101/1101
f 1053/1053/1053 1054/1054/1054 1102/1102/1102
f 1054/1054/1054 1103/1103/1103 1102/1102/1102
f 1054/1054/1054 1055/1055/1055 1103/1103/1103
f 1055/1055/1055 1104/1104/1104 1103/1103/1103
f 1055/1055/1055 1056/1056/1056 1104/1104/1104
f 1056/1056/1056 1105/1105/1105 1104/1104/1104
f 1056/1056/1056 1057/1057/1057 1105/1105/1105
f 1057/1057/1057 1106/1106/1106 1105/1105/1105
f 1057/1057/1057 1058/1058/1058 1106/1106/1106
f 1058/1058/1058 1107/1107/1107 1106/1106/1106
f 1058/1058/1058 1059/1059/1059 1107/1107/1107
f 1059/1059/1059 1108/1108/1108 1107/1107/1107
f 1059/1059/1059 1060/1060/1060 1108/1108/1108
f 1060/1060/1060 1109/1109/1109 1108/1108/1108
f 1060/1060/1060 1061/1061/1061 1109/1109/1109
f 1061/1061/1061 1110/1110/1110 1109/1109/1109
f 1061/1061/1061 1062/1062/1062 1110/1110/1110
f 1062/1062/1062 1111/1111/1111 1110/1110/1110
f 1062/1062/1062 1063/1063/1063 1111/1111/1111
f 1063/1063/1063 1112/1112/1112 1111/1111/1111
f 1063/1063/1063 1064/1064/1064 1112/1112/1112
f 1064/1064/1064 1113/1113/1113 1112/1112/1112
f 1064/1064/1064 1065/1065/1065 1113/1113/1113
f 1065/1065/1065 1114/1114/1114 1113/1113/1113
f 1065/1065/1065 1066/1066/1066 1114/1114/1114
f 1066/1066/1066 1115/1115/1115 1114/1114/1114
f 1066/1066/1066 1067/1067/1067 1115/1115/1115
f 1067/1067/1067 1116/1116/1116 1115/1115/1115
f 1067/1067/1067 1068/1068/1068 1116/1116/1116
f 1068/1068/1068 1117/1117/1117 1116/1116/1116
f 1068/1068/1068 1069/1069/1069 1117/1117/1117
f 1069/1069/1069 1118/1118/1118 1117/1117/1117
f 1069/1069/1069 1070/1070/1070 1118/1118/1118
f 1070/1070/1070 1119/1119/1119 1118/1118/1118
f 1070/1070/1070 1071/1071/1071 1119/1119/1119
f 1071/1071/1071 1120/1120/1120 1119/1119/1119
f 1071/1071/1071 1072/1072/1072 1120/1120/1120
f 1072/1072/1072 1121/1121/1121 1120/1120/1120
f 1072/1072/1072 1073/1073/1073 1121/1121/1121
f 1073/1073/1073 1122/1122/1122 1121/1121/1121
f 1073/1073/1073 1074/1074/1074 1122/1122/1122
f 1074/1074/1074 1123/1123/1123 1122/1122/1122
f 1074/1074/1074 1075/1075/1075 1123/1123/1123
f 1075/1075/1075 1124/1124/1124 1123/1123/1123
f 1075/1075/1075 1076/1076/1076 1124/1124/1124
f 1076/1076/1076 1125/1125/1125 1124/1124/1124
f 1076/1076/1076 1077/1077/1077 1125/1125/1125
f 1077/1077/1077 1126/1126/1126 1125/1125/1125
f 1077/1077/1077 1078/1078/1078 1126/1126/1126
f 1078/1078/1078 1127/1127/1127 1126/1126/1126
f 1079/1079/1079 1080/1080/1080 1128/1128/1128
f 1080/1080/1080 1129/1129/1129 1128/1128/1128
f 1080/1080/1080 1081/1081/1081 1129/1129/1129
f 1081/1081/1081 1130/1130/1130 1129/1129/1129
f 1081/1081/1081 1082/1082/1082 1130/1130/1130
f 1082/1082/1082 1131/1131/1131 1130/1130/1130
f 1082/1082/1082 1083/1083/1083 1131/1131/1131
f 1083/1083/1083 1132/1132/1132 1131/1131/1131
f 1083/1083/1083 1084/1084/1084 1132/1132/1132
f 1084/1084/1084 1133/1133/1133 1132/1132/1132
f 1084/1084/1084 1085/1085/1085 1133/1133/1133
f 1085/1085/1085 1134/1134/1134 1133/1133/1133
f 1085/1085/1085 1086/1086/1086 1134/1134/1134
f 1086/1086/1086 1135/1135/1135 1134/1134/1134
f 1086/1086/1086 1087/1087/1087 1135/1135/1135
f 1087/1087/1087 1136/1136/1136 1135/1135/1135
f 1087/1087/1087 1088/1088/1088 1136/1136/1136
f 1088/1088/1088 1137/1137/1137 1136/1136/1136
f 1088/1088/1088 1089/1089/1089 1137/1137/1137
f 1089/1089/1089 1138/1138/1138 1137/1137/1137
f 1089/1089/1089 1090/1090/1090 1138/1138/1138
f 1090/1090/1090 1139/1139/1139 1138/1138/1138
f 1090/1090/1090 1091/1091/1091 1139/1139/1139
f 1091/1091/1091 1140/1140/1140 1139/1139/1139
f 1091/1091/1091 1092/1092/1092 1140/1140/1140
f 1092/1092/1092 1141/1141/1141 1140/1140/1140
f 1092/1092/1092 1093/1093/1093 1141/1141/1141
f 1093/1093/1093 1142/1142/1142 1141/1141/1141
f 1093/1093/1093 1094/1094/1094 1142/1142/1142
f 1094/1094/1094 1143/1143/1143 1142/1142/1142
f 1094/1094/1094 1095/1095/1095 1143/1143/1143
f 1095/1095/1095 1144/1144/1144 1143/1143/1143
f 1095/1095/1095 1096/1096/1096 1144/1144/1144
f 1096/1096/1096 1145/1145/1145 1144/1144/1144
f 1096/1096/1096 1097/1097/1097 1145/1145/1145
f 1097/1097/1097 1146/1146/1146 1145/1145/1145
f 1097/1097/1097 1098/1098/1098 1146/1146/1146
f 1098/1098/1098 1147/1147/1147 1146/1146/1146
f 1098/1098/1098 1099/1099/1099 1147/1147/1147
f 1099/1099/1099 1148/1148/1148 1147/1147/1147
f 1099/1099/1099 1100/1100/1100 1148/1148/1148
f 1100/1100/1100 1149/1149/1149 1148/1148/1148
f 1100/1100/1100 1101/1101/1101 1149/1149/1149
f 1101/1101/1101 1150/1150/1150 1149/1149/1149
f 1101/1101/1101 1102/1102/1102 1150/1150/1150
f 1102/1102/1102 1151/1151/1151 1150/1150/1150
f 1102/1102/1102 1103/1103/1103 1151/1151/1151
f 1103/1103/1103 1152/1152/1152 1151/1151/1151
f 1103/1103/1103 1104/1104/1104 1152/1152/1152
f 1104/1104/1104 1153/1153/1153 1152/1152/1152
f 1104/1104/1104 1105/1105/1105 1153/1153/1153
f 1105/1105/1105 1154/1154/1154 1153/1153/1153
f 1105/1105/1105 1106/1106/1106 1154/1154/1154
f 1106/1106/1106 1155/1155/1155 1154/1154/1154
f 1106/1106/1106 1107/1107/1107 1155/1155/1155
f 1107/1107/1107 1156/1156/1156 1155/1155/1155
f 1107/1107/1107 1108/1108/1108 1156/1156/1156
f 1108/1108/1108 1157/1157/1157 1156/1156/1156
f 1108/1108/1108 1109/1109/1109 1157/1157/1157
f 1109/1109/1109 1158/1158/1158 1157/1157/1157
f 1109/1109/1109 1110/1110/1110 1158/1158/1158
f 1110/1110/1110 1159/1159/1159 1158/1158/1158
f 1110/1110/1110 1111/1111/1111 1159/1159/1159
f 1111/1111/1111 1160/1160/1160 1159/1159/1159
f 1111/1111/1111 1112/1112/1112 1160/1160/1160
f 1112/1112/1112 1161/1161/1161 1160/1160/1160
f 1112/1112/1112 1113/1113/1113 1161/1161/1161
f 1113/1113/1113 1162/1162/1162 1161/1161/1161
f 1113/1113/1113 1114/1114/1114 1162/1162/1162
f 1114/1114/1114 1163/1163/1163 1162/1162/1162
f 1114/1114/1114 1115/1115/1115 1163/1163/1163
f 1115/1115/1115 1164/1164/1164 1163/1163/1163
f 1115/1115/1115 1116/1116/1116 1164/1164/1164
f 1116/1116/1116 1165/1165/1165 1164/1164/1164
f 1116/1116/1116 1117/1117/1117 1165/1165/1165
f 1117/1117/1117 1166/1166/1166 1165/1165/1165
f 1117/1117/1117 1118/1118/1118 1166/1166/1166
f 1118/1118/1118 1167/1167/1167 1166/1166/1166
f 1118/1118/1118 1119/1119/1119 1167/1167/1167
f 1119/1119/1119 1168/1168/1168 1167/1167/1167
f 1119/1119/1119 1120/1120/1120 1168/1168/1168
f 1120/1120/1120 1169/1169/1169 1168/1168/1168
f 1120/1120/1120 1121/1121/1121 1169/1169/1169
f 1121/1121/1121 1170/1170/1170 1169/1169/1169
f 1121/1121/1121 1122/1122/1122 1170/1170/1170
f 1122/1122/1122 1171/1171/1171 1170/1170/1170
f 1122/1122/1122 1123/1123/1123 1171/1171/1171
f 1123/1123/1123 1172/1172/1172 1171/1171/1171
f 1123/1123/1123 1124/1124/1124 1172/1172/1172
f 1124/1124/1124 1173/1173/1173 1172/1172/1172
f 1124/1124/1124 1125/1125/1125 1173/1173/1173
f 1125/1125/1125 1174/1174/1174 1173/1173/1173
f 1125/1125/1125 1126/1126/1126 1174/1174/1174
f 1126/1126/1126 1175/1175/1175 1174/1174/1174
f 1126/1126/1126 1127/1127/1127 1175/1175/1175
f 1127/1127/1127 1176/1176/1176 1175/1175/1175
f 1128/1128/1128 1129/1129/1129 1177/1177/1177
f 1129/1129/1129 1178/1178/1178 1177/1177/1177
f 1129/1129/1129 1130/1130/1130 1178/1178/1178
f 1130/1130/1130 1179/1179/1179 1178/1178/1178
f 1130/1130/1130 1131/1131/1131 1179/1179/1179
f 1131/1131/1131 1180/1180/1180 1179/1179/1179
f 1131/1131/1131 1132/1132/1132 1180/1180/1180
f 1132/1132/1132 1181/1181/1181 1180/1180/1180
f 1132/1132/1132 1133/1133/1133 1181/1181/1181
f 1133/1133/1133 1182/1182/1182 1181/1181/1181
f 1133/1133/1133 1134/1134/1134 1182/1182/1182
f 1134/1134/1134 1183/1183/1183 1182/1182/1182
f 1134/1134/1134 1135/1135/1135 1183/1183/1183
f 1135/1135/1135 1184/1184/1184 1183/1183/1183
f 1135/1135/1135 1136/1136/1136 1184/1184/1184
f 1136/1136/1136 1185/1185/1185 1184/1184/1184
f 1136/1136/1136 1137/1137/1137 1185/1185/1185
f 1137/1137/1137 1186/1186/1186 1185/1185/1185
f 1137/1137/1137 1138/1138/1138 1186/1186/1186
f 1138/1138/1138 1187/1187/1187 1186/1186/1186
f 1138/1138/1138 1139/1139/1139 1187/1187/1187
f 1139/1139/1139 1188/1188/1188 1187/1187/1187
f 1139/1139/1139 1140/1140/1140 1188/1188/1188
f 1140/1140/1140 1189/1189/1189 1188/1188/1188
f 1140/1140/1140 1141/1141/1141 1189/1189/1189
f 1141/1141/1141 1190/1190/1190 1189/1189/1189
f 1141/1141/1141 1142/1142/1142 1190/1190/1190
f 1142/1142/1142 1191/1191/1191 1190/1190/1190
f 1142/1142/1142 1143/1143/1143 1191/1191/1191
f 1143/1143/1143 1192/1192/1192 1191/1191/1191
f 1143/1143/1143 1144/1144/1144 1192/1192/1192
f 1144/1144/1144 1193/1193/1193 1192/1192/1192
f 1144/1144/1144 1145/1145/1145 1193/1193/1193
f 1145/1145/1145 1194/1194/1194 1193/1193/1193
f 1145/1145/1145 1146/1146/1146 1194/1194/1194
f 1146/1146/1146 1195/1195/1195 1194/1194/1194
f 1146/1146/1146 1147/1147/1147 1195/1195/1195
f 1147/1147/1147 1196/1196/1196 1195/1195/1195
f 1147/1147/1147 1148/1148/1148 1196/1196/1196
f 1148/1148/1148 1197/1197/1197 1196/1196/1196
f 1148/1148/1148 1149/1149/1149 1197/1197/1197
f 1149/1149/1149 1198/1198/1198 1197/1197/1197
f 1149/1149/1149 1150/1150/1150 1198/1198/1198
f 1150/1150/1150 1199/1199/1199 1198/1198/1198
f 1150/1150/1150 1151/1151/1151 1199/1199/1199
f 1151/1151/1151 1200/1200/1200 1199/1199/1199
f 1151/1151/1151 1152/1152/1152 1200/1200/1200
f 1152/1152/1152 1201/1201/1201 1200/1200/1200
f 1152/1152/1152 1153/1153/1153 1201/1201/1201
f 1153/1153/1153 1202/1202/1202 1201/1201/1201
f 1153/1153/1153 1154/1154/1154 1202/1202/1202
f 1154/1154/1154 1203/1203/1203 1202/1202/1202
f 1154/1154/1154 1155/1155/1155 1203/1203/1203
f 1155/1155/1155 1204/1204/1204 1203/1203/1203
f 1155/1155/1155 1156/1156/1156 1204/1204/1204
f 1156/1156/1156 1205/1205/1205 1204/1204/1204
f 1156/1156/1156 1157/1157/1157 1205/1205/1205
f 1157/1157/1157 1206/1206/1206 1205/1205/1205
f 1157/1157/1157 1158/1158/1158 1206/1206/1206
f 1158/1158/1158 1207/1207/1207 1206/1206/1206
f 1158/1158/1158 1159/1159/1159 1207/1207/1207
f 1159/1159/1159 1208/1208/1208 1207/1207/1207
f 1159/1159/1159 1160/1160/1160 1208/1208/1208
f 1160/1160/1160 1209/1209/1209 1208/1208/1208
f 1160/1160/1160 1161/1161/1161 1209/1209/1209
f 1161/1161/1161 1210/1210/1210 1209/1209/1209
f 1161/1161/1161 1162/1162/1162 1210/1210/1210
f 1162/1162/1162 1211/1211/1211 1210/1210/1210
f 1162/1162/1162 1163/1163/1163 1211/1211/1211
f 1163/1163/1163 1212/1212/1212 1211/1211/1211
f 1163/1163/1163 1164/1164/1164 1212/1212/1212
f 1164/1164/1164 1213/1213/1213 1212/1212/1212
f 1164/1164/1164 1165/1165/1165 1213/1213/1213
f 1165/1165/1165 1214/1214/1214 1213/1213/1213
f 1165/1165/1165 1166/1166/1166 1214/1214/1214
f 1166/1166/1166 1215/1215/1215 1214/1214/1214
f 1166/1166/1166 1167/1167/1167 1215/1215/1215
f 1167/1167/1167 1216/1216/1216 1215/1215/1215
f 1167/1167/1167 1168/1168/1168 1216/1216/1216
f 1168/1168/1168 1217/1217/1217 1216/1216/1216
f 1168/1168/1168 1169/1169/1169 1217/1217/1217
f 1169/1169/1169 1218/1218/1218 1217/1217/1217
f 1169/1169/1169 1170/1170/1170 1218/1218/1218
f 1170/1170/1170 1219/1219/1219 1218/1218/1218
f 1170/1170/1170 1171/1171/1171 1219/1219/1219
f 1171/1171/1171 1220/1220/1220 1219/1219/1219
f 1171/1171/1171 1172/1172/1172 1220/1220/1220
f 1172/1172/1172 1221/1221/1221 1220/1220/1220
f 1172/1172/1172 1173/1173/1173 1221/1221/1221
f 1173/1173/1173 1222/1222/1222 1221/1221/1221
f 1173/1173/1173 1174/1174/1174 1222/1222/1222
f 1174/1174/1174 1223/1223/1223 1222/1222/1222
f 1174/1174/1174 1175/1175/1175 1223/1223/1223
f 1175/1175/1175 1224/1224/1224 1223/1223/1223
f 1175/1175/1175 1176/1176/1176 1224/1224/1224
f 1176/1176/1176 1225/1225/1225 1224/1224/1224
f 1177/1177/1177 1178/1178/1178 1226/1226/1226
f 1178/1178/1178 1227/1227/1227 1226/1226/1226
f 1178/1178/1178 1179/1179/1179 1227/1227/1227
f 1179/1179/1179 1228/1228/1228 1227/1227/1227
f 1179/1179/1179 1180/1180/1180 1228/1228/1228
f 1180/1180/1180 1229/1229/1229 1228/1228/1228
f 1180/1180/1180 1181/1181/1181 1229/1229/1229
f 1181/1181/1181 1230/1230/1230 1229/1229/1229
f 1181/1181/1181 1182/1182/1182 1230/1230/1230
f 1182/1182/1182 1231/1231/1231 1230/1230/1230
f 1182/1182/1182 1183/1183/1183 1231/1231/1231
f 1183/1183/1183 1232/1232/1232 1231/1231/1231
f 1183/1183/1183 1184/1184/1184 1232/1232/1232
f 1184/1184/1184 1233/1233/1233 1232/1232/1232
f 1184/1184/1184 1185/1185/1185 1233/1233/1233
f 1185/1185/1185 1234/1234/1234 1233/1233/1233
f 1185/1185/1185 1186/1186/1186 1234/1234/1234
f 1186/1186/1186 1235/1235/1235 1234/1234/1234
f 1186/1186/1186 1187/1187/1187 1235/1235/1235
f 1187/1187/1187 1236/1236/1236 1235/1235/1235
f 1187/1187/1187 1188/1188/1188 1236/1236/1236
f 1188/1188/1188 1237/1237/1237 1236/1236/1236
f 1188/1188/1188 1189/1189/1189 1237/1237/1237
f 1189/1189/1189 1238/1238/1238 1237/1237/1237
f 1189/1189/1189 1190/1190/1190 1238/1238/1238
f 1190/1190/1190 1239/1239/1239 1238/1238/1238
f 1190/1190/1190 1191/1191/1191 1239/1239/1239
f 1191/1191/1191 1240/1240/1240 1239/1239/1239
f 1191/1191/1191 1192/1192/1192 1240/1240/1240
f 1192/1192/1192 1241/1241/1241 1240/1240/1240
f 1192/1192/1192 1193/1193/1193 1241/1241/1241
f 1193/1193/1193 1242/1242/1242 1241/1241/1241
f 1193/1193/1193 1194/1194/1194 1242/1242/1242
f 1194/1194/1194 1243/1243/1243 1242/1242/1242
f 1194/1194/1194 1195/1195/1195 1243/1243/1243
f 1195/1195/1195 1244/1244/1244 1243/1243/1243
f 1195/1195/1195 1196/1196/1196 1244/1244/1244
f 1196/1196/1196 1245/1245/1245 1244/1244/1244
f 1196/1196/1196 1197/1197/1197 1245/1245/1245
f 1197/1197/1197 1246/1246/1246 1245/1245/1245
f 1197/1197/1197 1198/1198/1198 1246/1246/1246
f 1198/1198/1198 1247/1247/1247 1246/1246/1246
f 1198/1198/1198 1199/1199/1199 1247/1247/1247
f 1199/1199/1199 1248/1248/1248 1247/1247/1247
f 1199/1199/1199 1200/1200/1200 1248/1248/1248
f 1200/1200/1200 1249/1249/1249 1248/1248/1248
f 1200/1200/1200 1201/1201/1201 1249/1249/1249
f 1201/1201/1201 1250/1250/1250 1249/1249/1249
f 1201/1201/1201 1202/1202/1202 1250/1250/1250
f 1202/1202/1202 1251/1251/1251 1250/1250/1250
f 1202/1202/1202 1203/1203/1203 1251/1251/1251
f 1203/1203/1203 1252/1252/1252 1251/1251/1251
f 1203/1203/1203 1204/1204/1204 1252/1252/1252
f 1204/1204/1204 1253/1253/1253 1252/1252/1252
f 1204/1204/1204 1205/1205/1205 1253/1253/1253
f 1205/1205/1205 1254/1254/1254 1253/1253/1253
f 1205/1205/1205 1206/1206/1206 1254/1254/1254
f 1206/1206/1206 1255/1255/1255 1254/1254/1254
f 1206/1206/1206 1207/1207/1207 1255/1255/1255
f 1207/1207/1207 1256/1256/1256 1255/1255/1255
f 1207/1207/1207 1208/1208/1208 1256/1256/1256
f 1208/1208/1208 1257/1257/1257 1256/1256/1256
f 1208/1208/1208 1209/1209/1209 1257/1257/1257
f 1209/1209/1209 1258/1258/1258 1257/1257/1257
f 1209/1209/1209 1210/1210/1210 1258/1258/1258
f 1210/1210/1210 1259/1259/1259 1258/1258/1258
f 1210/1210/1210 1211/1211/1211 1259/1259/1259
f 1211/1211/1211 1260/1260/1260 1259/1259/1259
f 1211/1211/1211 1212/1212/1212 1260/1260/1260
f 1212/1212/1212 1261/1261/1261 1260/1260/1260
f 1212/1212/1212 1213/1213/1213 1261/1261/1261
f 1213/1213/1213 1262/1262/1262 1261/1261/1261
f 1213/1213/1213 1214/1214/1214 1262/1262/1262
f 1214/1214/1214 1263/1263/1263 1262/1262/1262
f 1214/1214/1214 1215/1215/1215 1263/1263/1263
f 1215/1215/1215 1264/1264/1264 1263/1263/1263
f 1215/1215/1215 1216/1216/1216 1264/1264/1264
f 1216/1216/1216 1265/1265/1265 1264/1264/1264
f 1216/1216/1216 1217/1217/1217 1265/1265/1265
f 1217/1217/1217 1266/1266/1266 1265/1265/1265
f 1217/1217/1217 1218/1218/1218 1266/1266/1266
f 1218/1218/1218 1267/1267/1267 1266/1266/1266
f 1218/1218/1218 1219/1219/1219 1267/1267/1267
f 1219/1219/1219 1268/1268/1268 1267/1267/1267
f 1219/1219/1219 1220/1220/1220 1268/1268/1268
f 1220/1220/1220 1269/1269/1269 1268/1268/1268
f 1220/1220/1220 1221/1221/1221 1269/1269/1269
f 1221/1221/1221 1270/1270/1270 1269/1269/1269
f 1221/1221/1221 1222/1222/1222 1270/1270/1270
f 1222/1222/1222 1271/1271/1271 1270/1270/1270
f 1222/1222/1222 1223/1223/1223 1271/1271/1271
f 1223/1223/1223 1272/1272/1272 1271/1271/1271
f 1223/1223/1223 1224/1224/1224 1272/1272/1272
f 1224/1224/1224 1273/1273/1273 1272/1272/1272
f 1224/1224/1224 1225/1225/1225 1273/1273/1273
f 1225/1225/1225 1274/1274/1274 1273/1273/1273
f 1226/1226/1226 1227/1227/1227 1275/1275/1275
f 1227/1227/1227 1276/1276/1276 1275/1275/1275
f 1227/1227/1227 1228/1228/1228 1276/1276/1276
f 1228/1228/1228 1277/1277/1277 1276/1276/1276
f 1228/1228/1228 1229/1229/1229 1277/1277/1277
f 1229/1229/1229 1278/1278/1278 1277/1277/1277
f 1229/1229/1229 1230/1230/1230 1278/1278/1278
f 1230/1230/1230 1279/1279/1279 1278/1278/1278
f 1230/1230/1230 1231/1231/1231 1279/1279/1279
f 1231/1231/1231 1280/1280/1280 1279/1279/1279
f 1231/1231/1231 1232/1232/1232 1280/1280/1280
f 1232/1232/1232 1281/1281/1281 1280/1280/1280
f 1232/1232/1232 1233/1233/1233 1281/1281/1281
f 1233/1233/1233 1282/1282/1282 1281/1281/1281
f 1233/1233/1233 1234/1234/1234 1282/1282/1282
f 1234/1234/1234 1283/1283/1283 1282/1282/1282
f 1234/1234/1234 1235/1235/1235 1283/1283/1283
f 1235/1235/1235 1284/1284/1284 1283/1283/1283
f 1235/1235/1235 1236/1236/1236 1284/1284/1284
f 1236/1236/1236 1285/1285/1285 1284/1284/1284
f 1236/1236/1236 1237/1237/1237 1285/1285/1285
f 1237/1237/1237 1286/1286/1286 1285/1285/1285
f 1237/1237/1237 1238/1238/1238 1286/1286/1286
f 1238/1238/1238 1287/1287/1287 1286/1286/1286
f 1238/1238/1238 1239/1239/1239 1287/1287/1287
f 1239/1239/1239 1288/1288/1288 1287/1287/1287
f 1239/1239/1239 1240/1240/1240 1288/1288/1288
f 1240/1240/1240 1289/1289/1289 1288/1288/1288
f 1240/1240/1240 1241/1241/1241 1289/1289/1289
f 1241/1241/1241 1290/1290/1290 1289/1289/1289
f 1241/1241/1241 1242/1242/1242 1290/1290/1290
f 1242/1242/1242 1291/1291/1291 1290/1290/1290
f 1242/1242/1242 1243/1243/1243 1291/1291/1291
f 1243/1243/1243 1292/1292/1292 1291/1291/1291
f 1243/1243/1243 1244/1244/1244 1292/1292/1292
f 1244/1244/1244 1293/1293/1293 1292/1292/1292
f 1244/1244/1244 1245/1245/1245 1293/1293/1293
f 1245/1245/1245 1294/1294/1294 1293/1293/1293
f 1245/1245/1245 1246/1246/1246 1294/1294/1294
f 1246/1246/1246 1295/1295/1295 1294/1294/1294
f 1246/1246/1246 1247/1247/1247 1295/1295/1295
f 1247/1247/1247 1296/1296/1296 1295/1295/1295
f 1247/1247/1247 1248/1248/1248 1296/1296/1296
f 1248/1248/1248 1297/1297/1297 1296/1296/1296
f 1248/1248/1248 1249/1249/1249 1297/1297/1297
f 1249/1249/1249 1298/1298/1298 1297/1297/1297
f 1249/1249/1249 1250/1250/1250 1298/1298/1298
f 1250/1250/1250 1299/1299/1299 1298/1298/1298
f 1250/1250/1250 1251/1251/1251 1299/1299/1299
f 1251/1251/1251 1300/1300/1300 1299/1299/1299
f 1251/1251/1251 1252/1252/1252 1300/1300/1300
f 1252/1252/1252 1301/1301/1301 1300/1300/1300
f 1252/1252/1252 1253/1253/1253 1301/1301/1301
f 1253/1253/1253 1302/1302/1302 1301/1301/1301
f 1253/1253/1253 1254/1254/1254 1302/1302/1302
f 1254/1254/1254 1303/1303/1303 1302/1302/1302
f 1254/1254/1254 1255/1255/1255 1303/1303/1303
f 1255/1255/1255 1304/1304/1304 1303/1303/1303
f 1255/1255/1255 1256/1256/1256 1304/1304/1304
f 1256/1256/1256 1305/1305/1305 1304/1304/1304
f 1256/1256/1256 1257/1257/1257 1305/1305/1305
f 1257/1257/1257 1306/1306/1306 1305/1305/1305
f 1257/1257/1257 1258/1258/1258 1306/1306/1306
f 1258/1258/1258 1307/1307/1307 1306/1306/1306
f 1258/1258/1258 1259/1259/1259 1307/1307/1307
f 1259/1259/1259 1308/1308/1308 1307/1307/1307
f 1259/1259/1259 1260/1260/1260 1308/1308/1308
f 1260/1260/1260 1309/1309/1309 1308/1308/1308
f 1260/1260/1260 1261/1261/1261 1309/1309/1309
f 1261/1261/1261 1310/1310/1310 1309/1309/1309
f 1261/1261/1261 1262/1262/1262 1310/1310/1310
f 1262/1262/1262 1311/1311/1311 1310/1310/1310
f 1262/1262/1262 1263/1263/1263 1311/1311/1311
f 1263/1263/1263 1312/1312/1312 1311/1311/1311
f 1263/1263/1263 1264/1264/1264 1312/1312/1312
f 1264/1264/1264 1313/1313/1313 1312/1312/1312
f 1264/1264/1264 1265/1265/1265 1313/1313/1313
f 1265/1265/1265 1314/1314/1314 1313/1313/1313
f 1265/1265/1265 1266/1266/1266 1314/1314/1314
f 1266/1266/1266 1315/1315/1315 1314/1314/1314
f 1266/1266/1266 1267/1267/1267 1315/1315/1315
f 1267/1267/1267 1316/1316/1316 1315/1315/1315
f 1267/1267/1267 1268/1268/1268 1316/1316/1316
f 1268/1268/1268 1317/1317/1317 1316/1316/1316
f 1268/1268/1268 1269/1269/1269 1317/1317/1317
f 1269/1269/1269 1318/1318/1318 1317/1317/1317
f 1269/1269/1269 1270/1270/1270 1318/1318/1318
f 1270/1270/1270 1319/1319/1319 1318/1318/1318
f 1270/1270/1270 1271/1271/1271 1319/1319/1319
f 1271/1271/1271 1320/1320/1320 1319/1319/1319
f 1271/1271/1271 1272/1272/1272 1320/1320/1320
f 1272/1272/1272 1321/1321/1321 1320/1320/1320
f 1272/1272/1272 1273/1273/1273 1321/1321/1321
f 1273/1273/1273 1322/1322/1322 1321/1321/1321
f 1273/1273/1273 1274/1274/1274 1322/1322/1322
f 1274/1274/1274 1323/1323/1323 1322/1322/1322
f 1275/1275/1275 1276/1276/1276 1324/1324/1324
f 1276/1276/1276 1325/1325/1325 1324/1324/1324
f 1276/1276/1276 1277/1277/1277 1325/1325/1325
f 1277/1277/1277 1326/1326/1326 1325/1325/1325
f 1277/1277/1277 1278/1278/1278 1326/1326/1326
f 1278/1278/1278 1327/1327/1327 1326/1326/1326
f 1278/1278/1278 1279/1279/1279 1327/1327/1327
f 1279/1279/1279 1328/1328/1328 1327/1327/1327
f 1279/1279/1279 1280/1280/1280 1328/1328/1328
f 1280/1280/1280 1329/1329/1329 1328/1328/1328
f 1280/1280/1280 1281/1281/1281 1329/1329/1329
f 1281/1281/1281 1330/1330/1330 1329/1329/1329
f 1281/1281/1281 1282/1282/1282 1330/1330/1330
f 1282/1282/1282 1331/1331/1331 1330/1330/1330
f 1282/1282/1282 1283/1283/1283 1331/1331/1331
f 1283/1283/1283 1332/1332/1332 1331/1331/1331
f 1283/1283/1283 1284/1284/1284 1332/1332/1332
f 1284/1284/1284 1333/1333/1333 1332/1332/1332
f 1284/1284/1284 1285/1285/1285 1333/1333/1333
f 1285/1285/1285 1334/1334/1334 1333/1333/1333
f 1285/1285/1285 1286/1286/1286 1334/1334/1334
f 1286/1286/1286 1335/1335/1335 1334/1334/1334
f 1286/1286/1286 1287/1287/1287 1335/1335/1335
f 1287/1287/1287 1336/1336/1336 1335/1335/1335
f 1287/1287/1287 1288/1288/1288 1336/1336/1336
f 1288/1288/1288 1337/1337/1337 1336/1336/1336
f 1288/1288/1288 1289/1289/1289 1337/1337/1337
f 1289/1289/1289 1338/1338/1338 1337/1337/1337
f 1289/1289/1289 1290/1290/1290 1338/1338/1338
f 1290/1290/1290 1339/1339/1339 1338/1338/1338
f 1290/1290/1290 1291/1291/1291 1339/1339/1339
f 1291/1291/1291 1340/1340/1340 1339/1339/1339
f 1291/1291/1291 1292/1292/1292 1340/1340/1340
f 1292/1292/1292 1341/1341/1341 1340/1340/1340
f 1292/1292/1292 1293/1293/1293 1341/1341/1341
f 1293/1293/1293 1342/1342/1342 1341/1341/1341
f 1293/1293/1293 1294/1294/1294 1342/1342/1342
f 1294/1294/1294 1343/1343/1343 1342/1342/1342
f 1294/1294/1294 1295/1295/1295 1343/1343/1343
f 1295/1295/1295 1344/1344/1344 1343/1343/1343
f 1295/1295/1295 1296/1296/1296 1344/1344/1344
f 1296/1296/1296 1345/1345/1345 1344/1344/1344
f 1296/1296/1296 1297/1297/1297 1345/1345/1345
f 1297/1297/1297 1346/1346/1346 1345/1345/1345
f 1297/1297/1297 1298/1298/1298 1346/1346/1346
f 1298/1298/1298 1347/1347/1347 1346/1346/1346
f 1298/1298/1298 1299/1299/1299 1347/1347/1347
f 1299/1299/1299 1348/1348/1348 1347/1347/1347
f 1299/1299/1299 1300/1300/1300 1348/1348/1348
f 1300/1300/1300 1349/1349/1349 1348/1348/1348
f 1300/1300/1300 1301/1301/1301 1349/1349/1349
f 1301/1301/1301 1350/1350/1350 1349/1349/1349
f 1301/1301/1301 1302/1302/1302 1350/1350/1350
f 1302/1302/1302 1351/1351/1351 1350/1350/1350
f 1302/1302/1302 1303/1303/1303 1351/1351/1351
f 1303/1303/1303 1352/1352/1352 1351/1351/1351
f 1303/1303/1303 1304/1304/1304 1352/1352/1352
f 1304/1304/1304 1353/1353/1353 1352/1352/1352
f 1304/1304/1304 1305/1305/1305 1353/1353/1353
f 1305/1305/1305 1354/1354/1354 1353/1353/1353
f 1305/1305/1305 1306/1306/1306 1354/1354/1354
f 1306/1306/1306 1355/1355/1355 1354/1354/1354
f 1306/1306/1306 1307/1307/1307 1355/1355/1355
f 1307/1307/1307 1356/1356/1356 1355/1355/1355
f 1307/1307/1307 1308/1308/1308 1356/1356/1356
f 1308/1308/1308 1357/1357/1357 1356/1356/1356
f 1308/1308/1308 1309/1309/1309 1357/1357/1357
f 1309/1309/1309 1358/1358/1358 1357/1357/1357
f 1309/1309/1309 1310/1310/1310 1358/1358/1358
f 1310/1310/1310 1359/1359/1359 1358/1358/1358
f 1310/1310/1310 1311/1311/1311 1359/1359/1359
f 1311/1311/1311 1360/1360/1360 1359/1359/1359
f 1311/1311/1311 1312/1312/1312 1360/1360/1360
f 1312/1312/1312 1361/1361/1361 1360/1360/1360
f 1312/1312/1312 1313/1313/1313 1361/1361/1361
f 1313/1313/1313 1362/1362/1362 1361/1361/1361
f 1313/1313/1313 1314/1314/1314 1362/1362/1362
f 1314/1314/1314 1363/1363/1363 1362/1362/1362
f 1314/1314/1314 1315/1315/1315 1363/1363/1363
f 1315/1315/1315 1364/1364/1364 1363/1363/1363
f 1315/1315/1315 1316/1316/1316 1364/1364/1364
f 1316/1316/1316 1365/1365/1365 1364/1364/1364
f 1316/1316/1316 1317/1317/1317 1365/1365/1365
f 1317/1317/1317 1366/1366/1366 1365/1365/1365
f 1317/1317/1317 1318/1318/1318 1366/1366/1366
f 1318/1318/1318 1367/1367/1367 1366/1366/1366
f 1318/1318/1318 1319/1319/1319 1367/1367/1367
f 1319/1319/1319 1368/1368/1368 1367/1367/1367
f 1319/1319/1319 1320/1320/1320 1368/1368/1368
f 1320/1320/1320 1369/1369/1369 1368/1368/1368
f 1320/1320/1320 1321/1321/1321 1369/1369/1369
f 1321/1321/1321 1370/1370/1370 1369/1369/1369
f 1321/1321/1321 1322/1322/1322 1370/1370/1370
f 1322/1322/1322 1371/1371/1371 1370/1370/1370
f 1322/1322/1322 1323/1323/1323 1371/1371/1371
f 1323/1323/1323 1372/1372/1372 1371/1371/1371
f 1324/1324/1324 1325/1325/1325 1373/1373/1373
f 1325/1325/1325 1374/1374/1374 1373/1373/1373
f 1325/1325/1325 1326/1326/1326 1374/1374/1374
f 1326/1326/1326 1375/1375/1375 1374/1374/1374
f 1326/1326/1326 1327/1327/1327 1375/1375/1375
f 1327/1327/1327 1376/1376/1376 1375/1375/1375
f 1327/1327/1327 1328/1328/1328 1376/1376/1376
f 1328/1328/1328 1377/1377/1377 1376/1376/1376
f 1328/1328/1328 1329/1329/1329 1377/1377/1377
f 1329/1329/1329 1378/1378/1378 1377/1377/1377
f 1329/1329/1329 1330/1330/1330 1378/1378/1378
f 1330/1330/1330 1379/1379/1379 1378/1378/1378
f 1330/1330/1330 1331/1331/1331 1379/1379/1379
f 1331/1331/1331 1380/1380/1380 1379/1379/1379
f 1331/1331/1331 1332/1332/1332 1380/1380/1380
f 1332/1332/1332 1381/1381/1381 1380/1380/1380
f 1332/1332/1332 1333/1333/1333 1381/1381/1381
f 1333/1333/1333 1382/1382/1382 1381/1381/1381
f 1333/1333/1333 1334/1334/1334 1382/1382/1382
f 1334/1334/1334 1383/1383/1383 1382/1382/1382
f 1334/1334/1334 1335/1335/1335 1383/1383/1383
f 1335/1335/1335 1384/1384/1384 1383/1383/1383
f 1335/1335/1335 1336/1336/1336 1384/1384/1384
f 1336/1336/1336 1385/1385/1385 1384/1384/1384
f 1336/1336/1336 1337/1337/1337 1385/1385/1385
f 1337/1337/1337 1386/1386/1386 1385/1385/1385
f 1337/1337/1337 1338/1338/1338 1386/1386/1386
f 1338/1338/1338 1387/1387/1387 1386/1386/1386
f 1338/1338/1338 1339/1339/1339 1387/1387/1387
f 1339/1339/1339 1388/1388/1388 1387/1387/1387
f 1339/1339/1339 1340/1340/1340 1388/1388/1388
f 1340/1340/1340 1389/1389/1389 1388/1388/1388
f 1340/1340/1340 1341/1341/1341 1389/1389/1389
f 1341/1341/1341 1390/1390/1390 1389/1389/1389
f 1341/1341/1341 1342/1342/1342 1390/1390/1390
f 1342/1342/1342 1391/1391/1391 1390/1390/1390
f 1342/1342/1342 1343/1343/1343 1391/1391/1391
f 1343/1343/1343 1392/1392/1392 1391/1391/1391
f 1343/1343/1343 1344/1344/1344 1392/1392/1392
f 1344/1344/1344 1393/1393/1393 1392/1392/1392
f 1344/1344/1344 1345/1345/1345 1393/1393/1393
f 1345/1345/1345 1394/1394/1394 1393/1393/1393
f 1345/1345/1345 1346/1346/1346 1394/1394/1394
f 1346/1346/1346 1395/1395/1395 1394/1394/1394
f 1346/1346/1346 1347/1347/1347 1395/1395/1395
f 1347/1347/1347 1396/1396/1396 1395/1395/1395
f 1347/1347/1347 1348/1348/1348 1396/1396/1396
f 1348/1348/1348 1397/1397/1397 1396/1396/1396
f 1348/1348/1348 1349/1349/1349 1397/1397/1397
f 1349/1349/1349 1398/1398/1398 1397/1397/1397
f 1349/1349/1349 1350/1350/1350 1398/1398/1398
f 1350/1350/1350 1399/1399/1399 1398/1398/1398
f 1350/1350/1350 1351/1351/1351 1399/1399/1399
f 1351/1351/1351 1400/1400/1400 1399/1399/1399
f 1351/1351/1351 1352/1352/1352 1400/1400/1400
f 1352/1352/1352 1401/1401/1401 1400/1400/1400
f 1352/1352/1352 1353/1353/1353 1401/1401/1401
f 1353/1353/1353 1402/1402/1402 1401/1401/1401
f 1353/1353/1353 1354/1354/1354 1402/1402/1402
f 1354/1354/1354 1403/1403/1403 1402/1402/1402
f 1354/1354/1354 1355/1355/1355 1403/1403/1403
f 1355/1355/1355 1404/1404/1404 1403/1403/1403
f 1355/1355/1355 1356/1356/1356 1404/1404/1404
f 1356/1356/1356 1405/1405/1405 1404/1404/1404
f 1356/1356/1356 1357/1357/1357 1405/1405/1405
f 1357/1357/1357 1406/1406/1406 1405/1405/1405
f 1357/1357/1357 1358/1358/1358 1406/1406/1406
f 1358/1358/1358 1407/1407/1407 1406/1406/1406
f 1358/1358/1358 1359/1359/1359 1407/1407/1407
f 1359/1359/1359 1408/1408/1408 1407/1407/1407
f 1359/1359/1359 1360/1360/1360 1408/1408/1408
f 1360/1360/1360 1409/1409/1409 1408/1408/1408
f 1360/1360/1360 1361/1361/1361 1409/1409/1409
f 1361/1361/1361 1410/1410/1410 1409/1409/1409
f 1361/1361/1361 1362/1362/1362 1410/1410/1410
f 1362/1362/1362 1411/1411/1411 1410/1410/1410
f 1362/1362/1362 1363/1363/1363 1411/1411/1411
f 1363/1363/1363 1412/1412/1412 1411/1411/1411
f 1363/1363/1363 1364/1364/1364 1412/1412/1412
f 1364/1364/1364 1413/1413/1413 1412/1412/1412
f 1364/1364/1364 1365/1365/1365 1413/1413/1413
f 1365/1365/1365 1414/1414/1414 1413/1413/1413
f 1365/1365/1365 1366/1366/1366 1414/1414/1414
f 1366/1366/1366 1415/1415/1415 1414/1414/1414
f 1366/1366/1366 1367/1367/1367 1415/1415/1415
f 1367/1367/1367 1416/1416/1416 1415/1415/1415
f 1367/1367/1367 1368/1368/1368 1416/1416/1416
f 1368/1368/1368 1417/1417/1417 1416/1416/1416
f 1368/1368/1368 1369/1369/1369 1417/1417/1417
f 1369/1369/1369 1418/1418/1418 1417/1417/1417
f 1369/1369/1369 1370/1370/1370 1418/1418/1418
f 1370/1370/1370 1419/1419/1419 1418/1418/1418
f 1370/1370/1370 1371/1371/1371 1419/1419/1419
f 1371/1371/1371 1420/1420/1420 1419/1419/1419
f 1371/1371/1371 1372/1372/1372 1420/1420/1420
f 1372/1372/1372 1421/1421/1421 1420/1420/1420
f 1373/1373/1373 1374/1374/1374 1422/1422/1422
f 1374/1374/1374 1423/1423/1423 1422/1422/1422
f 1374/1374/1374 1375/1375/1375 1423/1423/1423
f 1375/1375/1375 1424/1424/1424 1423/1423/1423
f 1375/1375/1375 1376/1376/1376 1424/1424/1424
f 1376/1376/1376 1425/1425/1425 1424/1424/1424
f 1376/1376/1376 1377/1377/1377 1425/1425/1425
f 1377/1377/1377 1426/1426/1426 1425/1425/1425
f 1377/1377/1377 1378/1378/1378 1426/1426/1426
f 1378/1378/1378 1427/1427/1427 1426/1426/1426
f 1378/1378/1378 1379/1379/1379 1427/1427/1427
f 1379/1379/1379 1428/1428/1428 1427/1427/1427
f 1379/1379/1379 1380/1380/1380 1428/1428/1428
f 1380/1380/1380 1429/1429/1429 1428/1428/1428
f 1380/1380/1380 1381/1381/1381 1429/1429/1429
f 1381/1381/1381 1430/1430/1430 1429/1429/1429
f 1381/1381/1381 1382/1382/1382 1430/1430/1430
f 1382/1382/1382 1431/1431/1431 1430/1430/1430
f 1382/1382/1382 1383/1383/1383 1431/1431/1431
f 1383/1383/1383 1432/1432/1432 1431/1431/1431
f 1383/1383/1383 1384/1384/1384 1432/1432/1432
f 1384/1384/1384 1433/1433/1433 1432/1432/1432
f 1384/1384/1384 1385/1385/1385 1433/1433/1433
f 1385/1385/1385 1434/1434/1434 1433/1433/1433
f 1385/1385/1385 1386/1386/1386 1434/1434/1434
f 1386/1386/1386 1435/1435/1435 1434/1434/1434
f 1386/1386/1386 1387/1387/1387 1435/1435/1435
f 1387/1387/1387 1436/1436/1436 1435/1435/1435
f 1387/1387/1387 1388/1388/1388 1436/1436/1436
f 1388/1388/1388 1437/1437/1437 1436/1436/1436
f 1388/1388/1388 1389/1389/1389 1437/1437/1437
f 1389/1389/1389 1438/1438/1438 1437/1437/1437
f 1389/1389/1389 1390/1390/1390 1438/1438/1438
f 1390/1390/1390 1439/1439/1439 1438/1438/1438
f 1390/1390/1390 1391/1391/1391 1439/1439/1439
f 1391/1391/1391 1440/1440/1440 1439/1439/1439
f 1391/1391/1391 1392/1392/1392 1440/1440/1440
f 1392/1392/1392 1441/1441/1441 1440/1440/1440
f 1392/1392/1392 1393/1393/1393 1441/1441/1441
f 1393/1393/1393 1442/1442/1442 1441/1441/1441
f 1393/1393/1393 1394/1394/1394 1442/1442/1442
f 1394/1394/1394 1443/1443/1443 1442/1442/1442
f 1394/1394/1394 1395/1395/1395 1443/1443/1443
f 1395/1395/1395 1444/1444/1444 1443/1443/1443
f 1395/1395/1395 1396/1396/1396 1444/1444/1444
f 1396/1396/1396 1445/1445/1445 1444/1444/1444
f 1396/1396/1396 1397/1397/1397 1445/1445/1445
f 1397/1397/1397 1446/1446/1446 1445/1445/1445
f 1397/1397/1397 1398/1398/1398 1446/1446/1446
f 1398/1398/1398 1447/1447/1447 1446/1446/1446
f 1398/1398/1398 1399/1399/1399 1447/1447/1447
f 1399/1399/1399 1448/1448/1448 1447/1447/1447
f 1399/1399/1399 1400/1400/1400 1448/1448/1448
f 1400/1400/1400 1449/1449/1449 1448/1448/1448
f 1400/1400/1400 1401/1401/1401 1449/1449/1449
f 1401/1401/1401 1450/1450/1450 1449/1449/1449
f 1401/1401/1401 1402/1402/1402 1450/1450/1450
f 1402/1402/1402 1451/1451/1451 1450/1450/1450
f 1402/1402/1402 1403/1403/1403 1451/1451/1451
f 1403/1403/1403 1452/1452/1452 1451/1451/1451
f 1403/1403/1403 1404/1404/1404 1452/1452/1452
f 1404/1404/1404 1453/1453/1453 1452/1452/1452
f 1404/1404/1404 1405/1405/1405 1453/1453/1453
f 1405/1405/1405 1454/1454/1454 1453/1453/1453
f 1405/1405/1405 1406/1406/1406 1454/1454/1454
f 1406/1406/1406 1455/1455/1455 1454/1454/1454
f 1406/1406/1406 1407/1407/1407 1455/1455/1455
f 1407/1407/1407 1456/1456/1456 1455/1455/1455
f 1407/1407/1407 1408/1408/1408 1456/1456/1456
f 1408/1408/1408 1457/1457/1457 1456/1456/1456
f 1408/1408/1408 1409/1409/1409 1457/1457/1457
f 1409/1409/1409 1458/1458/1458 1457/1457/1457
f 1409/1409/1409 1410/1410/1410 1458/1458/1458
f 1410/1410/1410 1459/1459/1459 1458/1458/1458
f 1410/1410/1410 1411/1411/1411 1459/1459/1459
f 1411/1411/1411 1460/1460/1460 1459/1459/1459
f 1411/1411/1411 1412/1412/1412 1460/1460/1460
f 1412/1412/1412 1461/1461/1461 1460/1460/1460
f 1412/1412/1412 1413/1413/1413 1461/1461/1461
f 1413/1413/1413 1462/1462/1462 1461/1461/1461
f 1413/1413/1413 1414/1414/1414 1462/1462/1462
f 1414/1414/1414 1463/1463/1463 1462/1462/1462
f 1414/1414/1414 1415/1415/1415 1463/1463/1463
f 1415/1415/1415 1464/1464/1464 1463/1463/1463
f 1415/1415/1415 1416/1416/1416 1464/1464/1464
f 1416/1416/1416 1465/1465/1465 1464/1464/1464
f 1416/1416/1416 1417/1417/1417 1465/1465/1465
f 1417/1417/1417 1466/1466/1466 1465/1465/1465
f 1417/1417/1417 1418/1418/1418 1466/1466/1466
f 1418/1418/1418 1467/1467/1467 1466/1466/1466
f 1418/1418/1418 1419/1419/1419 1467/1467/1467
f 1419/1419/1419 1468/1468/1468 1467/1467/1467
f 1419/1419/1419 1420/1420/1420 1468/1468/1468
f 1420/1420/1420 1469/1469/1469 1468/1468/1468
f 1420/1420/1420 1421/1421/1421 1469/1469/1469
f 1421/1421/1421 1470/1470/1470 1469/1469/1469
f 1422/1422/1422 1423/1423/1423 1471/1471/1471
f 1423/1423/1423 1472/1472/1472 1471/1471/1471
f 1423/1423/1423 1424/1424/1424 1472/1472/1472
f 1424/1424/1424 1473/1473/1473 1472/1472/1472
f 1424/1424/1424 1425/1425/1425 1473/1473/1473
f 1425/1425/1425 1474/1474/1474 1473/1473/1473
f 1425/1425/1425 1426/1426/1426 1474/1474/1474
f 1426/1426/1426 1475/1475/1475 1474/1474/1474
f 1426/1426/1426 1427/1427/1427 1475/1475/1475
f 1427/1427/1427 1476/1476/1476 1475/1475/1475
f 1427/1427/1427 1428/1428/1428 1476/1476/1476
f 1428/1428/1428 1477/1477/1477 1476/1476/1476
f 1428/1428/1428 1429/1429/1429 1477/1477/1477
f 1429/1429/1429 1478/1478/1478 1477/1477/1477
f 1429/1429/1429 1430/1430/1430 1478/1478/1478
f 1430/1430/1430 1479/1479/1479 1478/1478/1478
f 1430/1430/1430 1431/1431/1431 1479/1479/1479
f 1431/1431/1431 1480/1480/1480 1479/1479/1479
f 1431/1431/1431 1432/1432/1432 1480/1480/1480
f 1432/1432/1432 1481/1481/1481 1480/1480/1480
f 1432/1432/1432 1433/1433/1433 1481/1481/1481
f 1433/1433/1433 1482/1482/1482 1481/1481/1481
f 1433/1433/1433 1434/1434/1434 1482/1482/1482
f 1434/1434/1434 1483/1483/1483 1482/1482/1482
f 1434/1434/1434 1435/1435/1435 1483/1483/1483
f 1435/1435/1435 1484/1484/1484 1483/1483/1483
f 1435/1435/1435 1436/1436/1436 1484/1484/1484
f 1436/1436/1436 1485/1485/1485 1484/1484/1484
f 1436/1436/1436 1437/1437/1437 1485/1485/1485
f 1437/1437/1437 1486/1486/1486 1485/1485/1485
f 1437/1437/1437 1438/1438/1438 1486/1486/1486
f 1438/1438/1438 1487/1487/1487 1486/1486/1486
f 1438/1438/1438 1439/1439/1439 1487/1487/1487
f 1439/1439/1439 1488/1488/1488 1487/1487/1487
f 1439/1439/1439 1440/1440/1440 1488/1488/1488
f 1440/1440/1440 1489/1489/1489 1488/1488/1488
f 1440/1440/1440 1441/1441/1441 1489/1489/1489
f 1441/1441/1441 1490/1490/1490 1489/1489/1489
f 1441/1441/1441 1442/1442/1442 1490/1490/1490
f 1442/1442/1442 1491/1491/1491 1490/1490/1490
f 1442/1442/1442 1443/1443/1443 1491/1491/1491
f 1443/1443/1443 1492/1492/1492 1491/1491/1491
f 1443/1443/1443 1444/1444/1444 1492/1492/1492
f 1444/1444/1444 1493/1493/1493 1492/1492/1492
f 1444/1444/1444 1445/1445/1445 1493/1493/1493
f 1445/1445/1445 1494/1494/1494 1493/1493/1493
f 1445/1445/1445 1446/1446/1446 1494/1494/1494
f 1446/1446/1446 1495/1495/1495 1494/1494/1494
f 1446/1446/1446 1447/1447/1447 1495/1495/1495
f 1447/1447/1447 1496/1496/1496 1495/1495/1495
f 1447/1447/1447 1448/1448/1448 1496/1496/1496
f 1448/1448/1448 1497/1497/1497 1496/1496/1496
f 1448/1448/1448 1449/1449/1449 1497/1497/1497
f 1449/1449/1449 1498/1498/1498 1497/1497/1497
f 1449/1449/1449 1450/1450/1450 1498/1498/1498
f 1450/1450/1450 1499/1499/1499 1498/1498/1498
f 1450/1450/1450 1451/1451/1451 1499/1499/1499
f 1451/1451/1451 1500/1500/1500 1499/1499/1499
f 1451/1451/1451 1452/1452/1452 1500/1500/1500
f 1452/1452/1452 1501/1501/1501 1500/1500/1500
f 1452/1452/1452 1453/1453/1453 1501/1501/1501
f 1453/1453/1453 1502/1502/1502 1501/1501/1501
f 1453/1453/1453 1454/1454/1454 1502/1502/1502
f 1454/1454/1454 1503/1503/1503 1502/1502/1502
f 1454/1454/1454 1455/1455/1455 1503/1503/1503
f 1455/1455/1455 1504/1504/1504 1503/1503/1503
f 1455/1455/1455 1456/1456/1456 1504/1504/1504
f 1456/1456/1456 1505/1505/1505 1504/1504/1504
f 1456/1456/1456 1457/1457/1457 1505/1505/1505
f 1457/1457/1457 1506/1506/1506 1505/1505/1505
f 1457/1457/1457 1458/1458/1458 1506/1506/1506
f 1458/1458/1458 1507/1507/1507 1506/1506/1506
f 1458/1458/1458 1459/1459/1459 1507/1507/1507
f 1459/1459/1459 1508/1508/1508 1507/1507/1507
f 1459/1459/1459 1460/1460/1460 1508/1508/1508
f 1460/1460/1460 1509/1509/1509 1508/1508/1508
f 1460/1460/1460 1461/1461/1461 1509/1509/1509
f 1461/1461/1461 1510/1510/1510 1509/1509/1509
f 1461/1461/1461 1462/1462/1462 1510/1510/1510
f 1462/1462/1462 1511/1511/1511 1510/1510/1510
f 1462/1462/1462 1463/1463/1463 1511/1511/1511
f 1463/1463/1463 1512/1512/1512 1511/1511/1511
f 1463/1463/1463 1464/1464/1464 1512/1512/1512
f 1464/1464/1464 1513/1513/1513 1512/1512/1512
f 1464/1464/1464 1465/1465/1465 1513/1513/1513
f 1465/1465/1465 1514/1514/1514 1513/1513/1513
f 1465/1465/1465 1466/1466/1466 1514/1514/1514
f 1466/1466/1466 1515/1515/1515 1514/1514/1514
f 1466/1466/1466 1467/1467/1467 1515/1515/1515
f 1467/1467/1467 1516/1516/1516 1515/1515/1515
f 1467/1467/1467 1468/1468/1468 1516/1516/1516
f 1468/1468/1468 1517/1517/1517 1516/1516/1516
f 1468/1468/1468 1469/1469/1469 1517/1517/1517
f 1469/1469/1469 1518/1518/1518 1517/1517/1517
f 1469/1469/1469 1470/1470/1470 1518/1518/1518
f 1470/1470/1470 1519/1519/1519 1518/1518/1518
