# Starward Reimagined / GPL-3.0-or-later
mtllib asteroid-3.mtl
s 1
o asteroid-3_part_0
usemtl part_0
v 0 1.005313 0
v 0 1.005313 0
v 0 1.005313 0
v 0 1.005313 0
v 0 1.005313 0
v 0 1.005313 0
v 0 1.005313 0
v 0 1.005313 0
v 0 1.005313 0
v 0 1.005313 0
v 0 1.005313 0
v 0 1.005313 0
v 0 1.005313 0
v 0 1.005313 0
v 0 1.005313 0
v 0 1.005313 0
v 0 1.005313 0
v 0 1.005313 0
v 0 1.005313 0
v 0 1.005313 0
v 0 1.005313 0
v 0 1.005313 0
v 0 1.005313 0
v 0 1.005313 0
v 0 1.005313 0
v 0 1.005313 0
v 0 1.005313 0
v 0 1.005313 0
v 0 1.005313 0
v 0 1.005313 0
v 0 1.005313 0
v 0 1.005313 0
v 0 1.005313 0
v 0 1.005313 0
v 0 1.005313 0
v 0 1.005313 0
v 0 1.005313 0
v 0 1.005313 0
v 0 1.005313 0
v 0 1.005313 0
v 0 1.005313 0
v 0 1.005313 0
v 0 1.005313 0
v 0 1.005313 0
v 0 1.005313 0
v 0 1.005313 0
v 0 1.005313 0
v 0 1.005313 0
v 0 1.005313 0
v 0.1104143 0.9749386 0
v 0.1111057 0.971791 0.01403354
v 0.1092409 0.969299 0.0277556
v 0.1046976 0.9676263 0.04096793
v 0.0975988 0.966845 0.05348395
v 0.08829973 0.9669744 0.06512665
v 0.0773181 0.9680094 0.07572883
v 0.06522555 0.9699266 0.08513383
v 0.0525302 0.9726606 0.09319415
v 0.03958427 0.9760656 0.09976793
v 0.02654315 0.9798796 0.104716
v 0.01338752 0.9837244 0.1079043
v -4.523548e-09 0.9871665 0.1092162
v -0.01373077 0.9898449 0.1085756
v -0.02781328 0.9916285 0.1059716
v -0.04209342 0.9927253 0.1014708
v -0.0562431 0.9936659 0.09520672
v -0.06979275 0.9951348 0.08734644
v -0.08219265 0.9977112 0.07805245
v -0.09289137 1.001639 0.06746135
v -0.1014217 1.006744 0.05569111
v -0.107483 1.012523 0.04286879
v -0.1109983 1.018351 0.02916017
v -0.1121248 1.023685 0.01478292
v -0.1112046 1.028196 -9.944825e-09
v -0.1086653 1.031782 -0.01489987
v -0.1048984 1.034509 -0.0296229
v -0.1001545 1.036515 -0.04388459
v -0.09448579 1.037928 -0.05741613
v -0.08775432 1.038803 -0.06996441
v -0.07970084 1.039097 -0.08129014
v -0.07005527 1.038669 -0.09116753
v -0.05865698 1.037302 -0.09938771
v -0.04555156 1.034769 -0.1057683
v -0.0310351 1.030906 -0.110169
v -0.01563069 1.025724 -0.1125112
v 1.413356e-09 1.019488 -0.1127921
v 0.0151883 1.012733 -0.1110862
v 0.02939329 1.006175 -0.1075261
v 0.04229734 1.00051 -0.1022664
v 0.05383117 0.9961789 -0.09544752
v 0.06412409 0.9932085 -0.08717735
v 0.0734036 0.9912094 -0.07754377
v 0.08188282 0.9895562 -0.06664756
v 0.08966833 0.9876487 -0.05463475
v 0.09670626 0.9851333 -0.04170914
v 0.1027703 0.9819878 -0.02811892
v 0.1074899 0.9784623 -0.01412983
v 0.1104143 0.9749386 1.885943e-08
v 0.2160855 0.9243386 0
v 0.2172395 0.9267513 0.02706524
v 0.2130018 0.9298946 0.05384941
v 0.20321 0.932734 0.07986351
v 0.188331 0.9346347 0.1045593
v 0.1693197 0.9352606 0.1273886
v 0.1473844 0.9344881 0.147846
v 0.1237329 0.9324238 0.1655125
v 0.09935221 0.9295229 0.1801116
v 0.0748493 0.9267289 0.1915662
v 0.05036826 0.9254586 0.20001
v 0.02560854 0.9271954 0.2056794
v -8.756435e-09 0.9326341 0.2086711
v -0.02693359 0.9408538 0.2087092
v -0.05515123 0.9494572 0.2051966
v -0.08392334 0.9561459 0.1976471
v -0.1121031 0.960633 0.1861397
v -0.1385777 0.9648518 0.1712688
v -0.1624113 0.9708724 0.1536025
v -0.1826415 0.9785972 0.1332913
v -0.1982266 0.9857041 0.1102726
v -0.2084387 0.9897404 0.08474454
v -0.2133382 0.990047 0.05733275
v -0.2138154 0.987875 0.0288503
v -0.2111536 0.9851631 -1.927009e-08
v -0.20648 0.9833609 -0.0287185
v -0.2004202 0.9830344 -0.05692675
v -0.1930213 0.9840912 -0.08426087
v -0.1838589 0.986169 -0.1103246
v -0.1722381 0.9889236 -0.1346979
v -0.1574318 0.9921587 -0.1569702
v -0.13891 0.995845 -0.1767703
v -0.1165109 1.000034 -0.1937743
v -0.09051989 1.004635 -0.2076705
v -0.06165867 1.009071 -0.2180802
v -0.03102395 1.011982 -0.2244877
v 2.798138e-09 1.011424 -0.2262999
v 0.02991907 1.005858 -0.223129
v 0.05748274 0.995553 -0.2151588
v 0.08211886 0.9830769 -0.203214
v 0.1040849 0.9718273 -0.1883088
v 0.1240777 0.9635084 -0.1710303
v 0.1426037 0.9570305 -0.1514124
v 0.1597165 0.9500946 -0.1294091
v 0.1752529 0.9417548 -0.1053558
v 0.1890772 0.9332988 -0.07991187
v 0.2009598 0.926935 -0.05367798
v 0.2102968 0.9240074 -0.02698501
v 0.2160855 0.9243386 3.616069e-08
v 0.3243316 0.8967235 0
v 0.3239394 0.9012634 0.0402348
v 0.3155915 0.9069746 0.08028674
v 0.2994274 0.9123906 0.1194189
v 0.2764445 0.9165561 0.1567406
v 0.2481551 0.9187962 0.1913017
v 0.2161861 0.918514 0.2221382
v 0.1819902 0.9152963 0.2483595
v 0.1466889 0.909335 0.2693438
v 0.1109759 0.9019275 0.2849964
v 0.07498804 0.8954185 0.2958164
v 0.03824185 0.8918284 0.3024143
v -1.306808e-08 0.8908594 0.3046924
v -0.03993835 0.8903687 0.3019193
v -0.08101784 0.8906229 0.2942321
v -0.1226877 0.896143 0.2831686
v -0.1642628 0.9089857 0.2692403
v -0.2033046 0.9224017 0.2502875
v -0.2360748 0.9278385 0.2243933
v -0.2608233 0.926023 0.1928063
v -0.2787069 0.924194 0.1580468
v -0.2910669 0.925392 0.1211205
v -0.29805 0.9267904 0.08204082
v -0.300017 0.9259806 0.04133821
v -0.2983944 0.9240022 -2.762804e-08
v -0.2947056 0.9231385 -0.04121138
v -0.2894617 0.9244847 -0.08183684
v -0.2820108 0.9276856 -0.1214207
v -0.2710337 0.9317924 -0.1593461
v -0.2551274 0.9359854 -0.1948807
v -0.2332634 0.9399044 -0.2273114
v -0.2050781 0.9437404 -0.2560776
v -0.1709511 0.9480968 -0.280825
v -0.1318606 0.9534066 -0.3012632
v -0.0891608 0.9589208 -0.3167955
v -0.04452893 0.9622478 -0.3262932
v 3.987988e-09 0.9610422 -0.3286964
v 0.04249446 0.9561318 -0.3242192
v 0.08202413 0.951211 -0.3142483
v 0.1185478 0.9469568 -0.299225
v 0.1516481 0.9383341 -0.2779333
v 0.1808451 0.9226176 -0.2503461
v 0.2075243 0.9063888 -0.2192057
v 0.2341128 0.8979985 -0.1869714
v 0.2607384 0.8970339 -0.153402
v 0.2848637 0.8972539 -0.1174377
v 0.3040857 0.895838 -0.07930084
v 0.3174295 0.8948869 -0.03995
v 0.3243316 0.8967235 5.362479e-08
v 0.4257365 0.8566219 0
v 0.4212545 0.8608398 0.05265985
v 0.4045172 0.8608105 0.1044151
v 0.3794079 0.8614675 0.1545034
v 0.3487125 0.8646095 0.2026047
v 0.3140623 0.8695216 0.2480773
v 0.2765461 0.874961 0.2899568
v 0.2367566 0.8797697 0.3271111
v 0.194484 0.8817413 0.3578751
v 0.1489532 0.876283 0.3794192
v 0.1005854 0.8620079 0.3902245
v 0.0510328 0.8490318 0.3945046
v -1.738236e-08 0.8430622 0.3951111
v -0.0533011 0.8464749 0.3933166
v -0.1075429 0.8461288 0.3830362
v -0.1588883 0.8359885 0.3619722
v -0.2105295 0.8466412 0.3436289
v -0.261113 0.8694505 0.3232743
v -0.2982303 0.8671569 0.2873705
v -0.3246259 0.8582965 0.2448747
v -0.3509589 0.8701443 0.2039017
v -0.370252 0.8799576 0.1578196
v -0.3758938 0.8708187 0.105629
v -0.376657 0.860549 0.05264201
v -0.3804299 0.8635232 -3.538003e-08
v -0.3852387 0.874852 -0.05351704
v -0.386241 0.8859783 -0.107468
v -0.3808073 0.8942782 -0.160388
v -0.3678085 0.9007726 -0.2110789
v -0.3462536 0.9064073 -0.258601
v -0.315193 0.9106451 -0.3017823
v -0.2742871 0.9114599 -0.3388939
v -0.2245848 0.9066219 -0.3679734
v -0.1690741 0.8969482 -0.3883671
v -0.1119216 0.8899248 -0.4028623
v -0.05564817 0.8949031 -0.4158189
v 5.032857e-09 0.9059787 -0.4245977
v 0.05364949 0.9018629 -0.4190527
v 0.1023927 0.8846037 -0.4004535
v 0.14956 0.8838316 -0.3826876
v 0.1968175 0.8916996 -0.3619169
v 0.2366201 0.8751253 -0.3253842
v 0.2727131 0.8556969 -0.2835727
v 0.3148737 0.8616462 -0.2458304
v 0.3533344 0.8651107 -0.2027221
v 0.3785467 0.8494211 -0.1523429
v 0.3981848 0.8391244 -0.1017845
v 0.416303 0.8460172 -0.05175294
v 0.4257365 0.8566219 7.019455e-08
v 0.4973409 0.7755987 0
v 0.4870552 0.7782891 0.06173826
v 0.468749 0.7857345 0.1235913
v 0.4431758 0.7957483 0.1850679
v 0.4111956 0.8059534 0.2449039
v 0.3736572 0.8141435 0.3012062
v 0.3311787 0.8183393 0.3516691
v 0.2842761 0.8173235 0.3940727
v 0.2335588 0.8113678 0.4270357
v 0.1843225 0.8225936 0.4618665
v 0.1219081 0.7878098 0.4624672
v 0.06155143 0.769491 0.4636475
v -2.099273e-08 0.7655574 0.4652577
v -0.06492936 0.7793534 0.4695899
v -0.1348164 0.8094168 0.4751512
v -0.1950236 0.7896141 0.4433493
v -0.2531566 0.7903622 0.4159801
v -0.3061578 0.7974769 0.3845037
v -0.3512992 0.8047024 0.3458088
v -0.3900848 0.8154954 0.3017063
v -0.4222143 0.8268889 0.2512656
v -0.4437457 0.8294827 0.1929135
v -0.4574631 0.8269668 0.1300768
v -0.4669869 0.8239744 0.06536222
v -0.4721934 0.8197199 -4.355177e-08
v -0.473218 0.8154252 -0.06468414
v -0.470328 0.8139768 -0.1280338
v -0.4646322 0.8210762 -0.1909585
v -0.4532298 0.836455 -0.2541724
v -0.4202611 0.8324766 -0.3079889
v -0.3870992 0.8531045 -0.366609
v -0.3324615 0.8496836 -0.4096751
v -0.2715 0.8507286 -0.4477519
v -0.2060571 0.8559467 -0.4805935
v -0.1359852 0.8517534 -0.5000039
v -0.06622461 0.8412902 -0.5069093
v 5.85871e-09 0.8330926 -0.5063013
v 0.06248522 0.8268669 -0.4982186
v 0.1215204 0.8202489 -0.4815098
v 0.1789769 0.818499 -0.4595674
v 0.2376022 0.8246745 -0.4340392
v 0.2948593 0.8270386 -0.3987569
v 0.3488604 0.8245793 -0.3543505
v 0.3980629 0.8191559 -0.3030606
v 0.4369251 0.8054758 -0.2447587
v 0.4661289 0.7910224 -0.1839688
v 0.4875195 0.7828047 -0.1231303
v 0.4981767 0.7778561 -0.0617037
v 0.4973409 0.7755987 8.241523e-08
v 0.5741398 0.7236188 0
v 0.5545946 0.7206595 0.07193915
v 0.5329709 0.7286905 0.144237
v 0.5091146 0.7446423 0.2179339
v 0.4793332 0.7610251 0.291009
v 0.4418492 0.7730723 0.3599189
v 0.3956387 0.7771507 0.4202693
v 0.3407574 0.7712339 0.46794
v 0.2799579 0.7592303 0.5028536
v 0.2170331 0.7523293 0.5315704
v 0.141416 0.7072249 0.5224428
v 0.06725018 0.6495932 0.4925468
v -2.28145e-08 0.6451557 0.4934032
v -0.07520307 0.7085156 0.5372241
v -0.1556631 0.7408695 0.5472968
v -0.2257298 0.7319607 0.5171786
v -0.2920775 0.7367143 0.4879408
v -0.3410493 0.721777 0.4379325
v -0.4044809 0.755169 0.408382
v -0.4525398 0.7699465 0.3584635
v -0.493263 0.7820569 0.2990514
v -0.5308847 0.7961986 0.2330227
v -0.5348572 0.7695763 0.1523299
v -0.5398334 0.7512755 0.07499529
v -0.5530472 0.7502491 -5.016116e-08
v -0.5550824 0.7428331 -0.07415263
v -0.5467723 0.7329457 -0.1450795
v -0.5338152 0.7314121 -0.2140618
v -0.4919929 0.7055253 -0.2697864
v -0.4485446 0.6944277 -0.3233045
v -0.4161328 0.7239555 -0.3915023
v -0.3782701 0.7731702 -0.4691148
v -0.3065174 0.7744765 -0.5129516
v -0.2278072 0.7676133 -0.5423695
v -0.1497797 0.7639065 -0.5643147
v -0.07567258 0.782156 -0.593061
v 6.780327e-09 0.7807696 -0.5971182
v 0.07163359 0.7624373 -0.5781096
v 0.1374923 0.7401609 -0.5467733
v 0.2105356 0.7586818 -0.5360588
v 0.2798685 0.7589965 -0.5026988
v 0.3592512 0.782403 -0.4747168
v 0.4296145 0.7872174 -0.425713
v 0.474422 0.7578228 -0.3528191
v 0.5217621 0.750472 -0.2869734
v 0.5402249 0.7197381 -0.2106452
v 0.5556875 0.7066817 -0.1398805
v 0.5768434 0.7214487 -0.07201768
v 0.5741398 0.7236188 9.676134e-08
v 0.6500177 0.6770148 0
v 0.6273218 0.6753065 0.08354346
v 0.5977122 0.6759522 0.1658159
v 0.5690745 0.6847994 0.2483802
v 0.539967 0.6992773 0.3313853
v 0.506463 0.7151959 0.4126539
v 0.4640157 0.7278883 0.4878245
v 0.4091348 0.7330893 0.5512357
v 0.3412201 0.7288373 0.5982395
v 0.2674531 0.7296654 0.6389295
v 0.1684147 0.6634756 0.6074109
v 0.07885844 0.602527 0.5661858
v -2.669002e-08 0.6027955 0.5713258
v -0.08462147 0.6423696 0.6036252
v -0.1774449 0.6878326 0.6297097
v -0.2538791 0.6759678 0.5919093
v -0.3165742 0.6592163 0.5410936
v -0.3826947 0.670991 0.5045419
v -0.4443862 0.6861441 0.4598478
v -0.5162936 0.7215289 0.4163078
v -0.5631038 0.727465 0.3447434
v -0.5945829 0.7206708 0.2613908
v -0.613196 0.70532 0.1730199
v -0.6173345 0.6809512 0.08424171
v -0.6308407 0.6743956 -5.587958e-08
v -0.6424547 0.675972 -0.08362584
v -0.6402959 0.6763254 -0.1659076
v -0.625679 0.6796237 -0.2465029
v -0.5684544 0.6511165 -0.308562
v -0.5065024 0.6319486 -0.364622
v -0.4692651 0.6646703 -0.4454564
v -0.4273186 0.7166196 -0.5388515
v -0.326329 0.6798006 -0.5579896
v -0.2210668 0.6172148 -0.5404626
v -0.1517334 0.6416156 -0.5873981
v -0.08034263 0.6843439 -0.643068
v 7.65176e-09 0.7184411 -0.680934
v 0.0807239 0.694164 -0.6522957
v 0.1610165 0.6919119 -0.6334442
v 0.2406724 0.6875409 -0.6020433
v 0.3334489 0.7124389 -0.5847796
v 0.4251269 0.729094 -0.5482315
v 0.5033759 0.728022 -0.4879139
v 0.557494 0.7065028 -0.4076382
v 0.588797 0.6758997 -0.3203066
v 0.6228561 0.6696594 -0.2428888
v 0.6380615 0.6614298 -0.1622533
v 0.650781 0.6685594 -0.08270849
v 0.6500176 0.6770148 1.121932e-07
v 0.7045678 0.6106057 0
v 0.6784347 0.6069326 0.09261411
v 0.652014 0.6093838 0.1843852
v 0.6239614 0.6152031 0.2752309
v 0.5953135 0.6253053 0.3655116
v 0.564335 0.6398915 0.4553995
v 0.5249349 0.6557841 0.5421069
v 0.4697405 0.6669929 0.6186241
v 0.3948567 0.6675782 0.6758834
v 0.3040386 0.6579918 0.7106812
v 0.207731 0.6545531 0.7391416
v 0.09877884 0.6098307 0.7068331
v -3.210842e-08 0.5910194 0.6909406
v -0.09807839 0.6113087 0.7085462
v -0.1863014 0.594944 0.6718292
v -0.2711969 0.5992355 0.64722
v -0.3424292 0.5937464 0.6011332
v -0.4160692 0.6062307 0.5622683
v -0.4852059 0.6189384 0.5116482
v -0.5596731 0.6409342 0.4561414
v -0.6134738 0.6432424 0.3759965
v -0.6624912 0.644807 0.288475
v -0.6917404 0.6333492 0.1916365
v -0.7188245 0.627127 0.09569556
v -0.7387278 0.6239659 -6.377118e-08
v -0.7408067 0.617539 -0.09423263
v -0.7325766 0.6167522 -0.1866149
v -0.7175689 0.6268671 -0.2804492
v -0.6732833 0.627703 -0.3669131
v -0.6108692 0.6271992 -0.4463667
v -0.5457292 0.6393934 -0.5285575
v -0.4715026 0.6555679 -0.6080276
v -0.347971 0.6032274 -0.610732
v -0.2282177 0.5317214 -0.5742997
v -0.1604394 0.5622314 -0.6348892
v -0.08578382 0.5996743 -0.6950611
v 8.23499e-09 0.6280112 -0.7341865
v 0.09138738 0.6303249 -0.7305872
v 0.1867194 0.6378699 -0.7203023
v 0.2851428 0.6443087 -0.6959023
v 0.3887386 0.6571116 -0.6652867
v 0.4870836 0.6628084 -0.6147431
v 0.5707824 0.6584852 -0.5443395
v 0.6292674 0.6409665 -0.4561644
v 0.6733212 0.6277404 -0.3669348
v 0.703633 0.6200336 -0.277392
v 0.7186651 0.6156471 -0.1862802
v 0.7236933 0.6174265 -0.0942151
v 0.7045678 0.6106057 1.248115e-07
v 0.7762413 0.5554666 0
v 0.7496923 0.5504807 0.1041011
v 0.7267358 0.55239 0.2071369
v 0.702878 0.5576867 0.3092042
v 0.6725118 0.5630916 0.4079101
v 0.6358199 0.5706673 0.5033216
v 0.5879672 0.5791628 0.5933366
v 0.5212075 0.5831251 0.6702607
v 0.4355561 0.581562 0.7296963
v 0.3392067 0.5832331 0.7806798
v 0.2299247 0.5800689 0.8117809
v 0.1127445 0.5636092 0.8095843
v -3.734623e-08 0.5626025 0.8151116
v -0.1043396 0.5342358 0.7673915
v -0.1982185 0.5233653 0.7324267
v -0.2787431 0.5105676 0.6834142
v -0.3714394 0.5324392 0.6680609
v -0.4432036 0.531072 0.6104295
v -0.5206628 0.5413164 0.554564
v -0.5789406 0.5362547 0.47297
v -0.664581 0.5567708 0.4033313
v -0.7313938 0.5639178 0.3126589
v -0.7980792 0.5755192 0.2158099
v -0.8119894 0.5574622 0.1054212
v -0.8307173 0.5536807 -7.012929e-08
v -0.8252433 0.5459439 -0.1032432
v -0.7972355 0.5365841 -0.2012102
v -0.7640599 0.5382386 -0.2984214
v -0.7193604 0.5462193 -0.3956876
v -0.6560438 0.5532508 -0.4879606
v -0.5727249 0.5538025 -0.5673558
v -0.4792066 0.551147 -0.6335042
v -0.3921098 0.5609734 -0.7038634
v -0.2884745 0.5488652 -0.7346771
v -0.1872202 0.5323678 -0.7450253
v -0.09886062 0.5553486 -0.7977186
v 8.966482e-09 0.5460874 -0.7911842
v 0.1016175 0.5548526 -0.7970061
v 0.2165344 0.5826912 -0.8154505
v 0.3338586 0.5943323 -0.7955365
v 0.4421471 0.5906604 -0.7411122
v 0.5369657 0.5802463 -0.6669518
v 0.6173822 0.5695425 -0.5834807
v 0.7025205 0.5786129 -0.5103294
v 0.7411708 0.5636019 -0.4082796
v 0.7748137 0.5613449 -0.3112325
v 0.7691433 0.5443605 -0.2041258
v 0.7759457 0.5480123 -0.1036339
v 0.7762413 0.5554666 1.40711e-07
v 0.8626577 0.4978345 0
v 0.8598199 0.5039219 0.1199218
v 0.8235396 0.4951603 0.2336572
v 0.7852823 0.4888117 0.3410502
v 0.7441784 0.485563 0.442642
v 0.6971369 0.4856836 0.5390608
v 0.6403034 0.4892888 0.6307938
v 0.5682889 0.4946679 0.7155129
v 0.4799523 0.5018094 0.7923308
v 0.3711708 0.5037259 0.84849
v 0.2439239 0.4893884 0.8618556
v 0.1230364 0.4943997 0.8936838
v -4.039663e-08 0.4926397 0.8981864
v -0.1139126 0.4749502 0.8585265
v -0.2074038 0.4469011 0.7870319
v -0.2971499 0.443241 0.7466075
v -0.3845799 0.4465525 0.7050829
v -0.4813928 0.4619821 0.6682345
v -0.5353834 0.4428106 0.5708738
v -0.6144302 0.4473951 0.4965641
v -0.7138361 0.4663462 0.4251239
v -0.8069654 0.4827938 0.3368513
v -0.8706209 0.4869892 0.2298013
v -0.893158 0.4767591 0.1134575
v -0.8818211 0.4589819 -7.315722e-08
v -0.8882998 0.463165 -0.1102226
v -0.8666469 0.4645802 -0.2192272
v -0.8217373 0.465233 -0.3245991
v -0.762668 0.468773 -0.4273362
v -0.6856594 0.4703089 -0.5219964
v -0.592814 0.4672055 -0.6023239
v -0.4949121 0.4632562 -0.6700773
v -0.3981327 0.4614196 -0.7285575
v -0.3000285 0.4582737 -0.7719291
v -0.2071233 0.4664593 -0.8214756
v -0.1091397 0.4812263 -0.8698714
v 9.913975e-09 0.4702414 -0.8573496
v 0.1153051 0.4882416 -0.8825522
v 0.2392591 0.4996544 -0.879935
v 0.3763976 0.5221236 -0.8794795
v 0.4820357 0.5040948 -0.7959393
v 0.5642028 0.4800799 -0.6944121
v 0.6611362 0.4852956 -0.6256455
v 0.7297307 0.4818868 -0.5348465
v 0.7929943 0.4879796 -0.4448448
v 0.7914295 0.4661306 -0.3252254
v 0.8227934 0.474584 -0.2239474
v 0.8271122 0.474921 -0.1130198
v 0.8626578 0.4978345 1.586999e-07
v 0.9077603 0.4070098 0
v 0.9261178 0.4173268 0.1287856
v 0.9002867 0.412242 0.2522561
v 0.8464785 0.3985942 0.3606318
v 0.788017 0.3872912 0.4578266
v 0.7286686 0.3818967 0.5496501
v 0.6677205 0.3848175 0.643329
v 0.6001135 0.3965841 0.743867
v 0.511143 0.4093365 0.8381166
v 0.3892308 0.4079745 0.8911313
v 0.2599331 0.4067704 0.9289373
v 0.1296248 0.408984 0.958668
v -4.118662e-08 0.3961132 0.9365106
v -0.1193162 0.3932256 0.9217299
v -0.2210841 0.3758902 0.8584164
v -0.3137071 0.3671044 0.8018594
v -0.4115422 0.3711947 0.7600212
v -0.4872501 0.3607704 0.6766918
v -0.5787478 0.3642046 0.6088688
v -0.667164 0.3667531 0.5278544
v -0.7569133 0.3721002 0.4398689
v -0.8621616 0.3881271 0.3511614
v -0.9062648 0.3822522 0.2339049
v -0.9586157 0.3885872 0.1199166
v -0.9583881 0.3823097 -7.901932e-08
v -0.9432154 0.3801624 -0.1173168
v -0.9318055 0.390009 -0.2386518
v -0.8900441 0.3964143 -0.3586595
v -0.8217355 0.3989126 -0.4715644
v -0.7344608 0.398154 -0.5730488
v -0.632795 0.3931067 -0.6571867
v -0.5225396 0.3834348 -0.7192029
v -0.4103127 0.3701547 -0.7578919
v -0.3119752 0.3670453 -0.8017306
v -0.223841 0.3838228 -0.8765322
v -0.1161481 0.3874384 -0.9081647
v 1.130793e-08 0.4035077 -0.9539928
v 0.1263649 0.4028973 -0.9444005
v 0.264509 0.4176749 -0.9538397
v 0.3891108 0.4096965 -0.8948925
v 0.5057991 0.4048159 -0.8288607
v 0.5979834 0.3932493 -0.7376118
v 0.6648223 0.3796566 -0.6347009
v 0.7458007 0.3865526 -0.5563511
v 0.7807971 0.3789182 -0.4479284
v 0.8257868 0.3846434 -0.3480096
v 0.8588355 0.3906638 -0.239052
v 0.9011342 0.4048136 -0.1249236
v 0.9077603 0.4070098 1.682491e-07
v 0.942 0.3075225 0
v 0.9361576 0.3048545 0.1289112
v 0.9386281 0.3079469 0.2582096
v 0.9052778 0.3038407 0.3766917
v 0.8422343 0.2947509 0.4774474
v 0.7689977 0.2877582 0.5675123
v 0.693011 0.2868263 0.657059
v 0.6088632 0.2911656 0.7483541
v 0.5076735 0.2966591 0.8323168
v 0.3982195 0.3078114 0.9212986
v 0.2755226 0.3205981 1.003241
v 0.131349 0.3092376 0.9932562
v -4.210229e-08 0.3027538 0.9808216
v -0.1168851 0.2878538 0.9245723
v -0.2345196 0.2953877 0.9243504
v -0.3377974 0.2900281 0.868072
v -0.4158663 0.2734858 0.7673011
v -0.516198 0.275133 0.707147
v -0.6216895 0.279383 0.640008
v -0.7216665 0.2821641 0.5564795
v -0.8138321 0.2846276 0.4610495
v -0.8712214 0.2796409 0.3466894
v -0.9712026 0.2946658 0.2470735
v -1.003506 0.2948692 0.1246887
v -1.03461 0.3026051 -8.570403e-08
v -0.9959094 0.2966699 -0.1254503
v -0.9432088 0.2934176 -0.2460273
v -0.8963133 0.2980817 -0.3695518
v -0.8334122 0.3024925 -0.4899875
v -0.7492085 0.3029374 -0.5974487
v -0.6477481 0.298456 -0.6837004
v -0.5382286 0.2904695 -0.7465648
v -0.4359388 0.2858776 -0.8020679
v -0.3415859 0.2889183 -0.8647504
v -0.2317937 0.2844392 -0.8900894
v -0.1229662 0.2921781 -0.9384619
v 1.205212e-08 0.3065242 -0.9930365
v 0.1403649 0.3205007 -1.029433
v 0.2747043 0.3119242 -0.9760973
v 0.4027106 0.3072679 -0.9196718
v 0.5142173 0.3006989 -0.843651
v 0.6147042 0.2982931 -0.7666731
v 0.6856188 0.2912968 -0.6672998
v 0.7125515 0.2758537 -0.5440344
v 0.7824016 0.284311 -0.4605363
v 0.8574896 0.2979318 -0.369366
v 0.894792 0.3016361 -0.2529179
v 0.9300564 0.3071208 -0.1298691
v 0.9420001 0.3075225 1.741935e-07
v 0.9820585 0.2071128 0
v 0.9976456 0.2082936 0.1346404
v 0.9756918 0.2045905 0.2622308
v 0.9620361 0.2063125 0.3909914
v 0.8789576 0.1970142 0.4878311
v 0.8199757 0.1980083 0.5969424
v 0.7100774 0.1909423 0.668635
v 0.6130434 0.1921778 0.7550432
v 0.5160674 0.1996107 0.8560839
v 0.4077193 0.2100373 0.9609784
v 0.2707131 0.2105881 1.007348
v 0.1342467 0.2116405 1.039129
v -4.126516e-08 0.1985579 0.9833072
v -0.1202101 0.1966656 0.9656036
v -0.2340643 0.1944499 0.9301512
v -0.3491977 0.1954306 0.8941489
v -0.4444057 0.1882835 0.8075043
v -0.5329748 0.1818919 0.7146313
v -0.6657601 0.1907415 0.667932
v -0.7817391 0.1950166 0.5879231
v -0.8429815 0.1886258 0.4670604
v -0.9397674 0.1947047 0.3689928
v -1.001542 0.1975396 0.2531933
v -1.054459 0.2035916 0.131601
v -1.025463 0.1982634 -8.583594e-08
v -1.002419 0.1990618 -0.1286731
v -0.9424971 0.1964107 -0.2517467
v -0.8734328 0.1948587 -0.3692848
v -0.8080202 0.1963336 -0.4861459
v -0.7330181 0.1972684 -0.594712
v -0.6454211 0.1961479 -0.6868637
v -0.5548796 0.1952271 -0.7670233
v -0.4620364 0.1954038 -0.8380418
v -0.3522672 0.1909812 -0.873792
v -0.2433845 0.190507 -0.9112904
v -0.1291824 0.1958944 -0.961817
v 1.249527e-08 0.2036574 -1.008561
v 0.1452576 0.2140218 -1.050821
v 0.2894175 0.2139663 -1.023507
v 0.4048255 0.202441 -0.9262233
v 0.5287693 0.2047404 -0.8780843
v 0.6310796 0.2042297 -0.8023935
v 0.6712761 0.1910762 -0.6691037
v 0.7217348 0.1876559 -0.5657327
v 0.78943 0.191999 -0.4754126
v 0.8544279 0.1974454 -0.374187
v 0.9246252 0.2051294 -0.2629214
v 0.9370167 0.2020144 -0.1305812
v 0.9820586 0.2071128 1.793344e-07
v 1.025522 0.1048207 0
v 1.054771 0.1063825 0.1390671
v 1.045356 0.1059246 0.2745677
v 0.9639602 0.1000794 0.3835667
v 0.8465294 0.09215815 0.4614877
v 0.7979493 0.09447134 0.5759749
v 0.7498521 0.1003226 0.7104607
v 0.6562033 0.1033085 0.8208412
v 0.5432839 0.1060693 0.9199765
v 0.4020428 0.1047442 0.9691741
v 0.2664486 0.1049276 1.015055
v 0.1273327 0.1015074 1.007912
v -4.194905e-08 0.1012663 1.014195
v -0.1203149 0.09799362 0.9730222
v -0.2391447 0.09782127 0.9463101
v -0.3476241 0.09502321 0.8792278
v -0.4623421 0.09475216 0.8218188
v -0.5899449 0.09691866 0.7700703
v -0.6938869 0.09584703 0.6787659
v -0.8006155 0.09666166 0.5893288
v -0.9302723 0.1018133 0.5098367
v -0.9939987 0.1014711 0.3889001
v -1.037455 0.1016806 0.2635667
v -1.028212 0.09922993 0.1297168
v -1.011135 0.09853739 -8.627442e-08
v -0.9474468 0.09526195 -0.1245299
v -0.911263 0.09633362 -0.2497071
v -0.8728088 0.09843078 -0.377248
v -0.8214709 0.100155 -0.5015326
v -0.7574485 0.1012862 -0.6175241
v -0.6745017 0.1008073 -0.7138934
v -0.5697832 0.09777763 -0.7768952
v -0.4544223 0.09317061 -0.8081016
v -0.3547216 0.09270927 -0.8578176
v -0.2527483 0.09537178 -0.922614
v -0.132419 0.09719585 -0.9651008
v 1.284493e-08 0.1021097 -1.022641
v 0.1427632 0.1032537 -1.025252
v 0.2865869 0.1049989 -1.015746
v 0.4298932 0.1078449 -0.9978642
v 0.5330383 0.1040233 -0.9022307
v 0.6138105 0.1005211 -0.798694
v 0.6966695 0.1005103 -0.7117901
v 0.7439183 0.09772854 -0.5958334
v 0.7876703 0.09625798 -0.4820176
v 0.8562292 0.09849369 -0.3774891
v 0.9036689 0.09897578 -0.2565554
v 0.9971777 0.1047482 -0.1369302
v 1.025522 0.1048207 1.835515e-07
v 1.077149 -4.47295e-08 0
v 1.071593 -4.392929e-08 0.1380809
v 1.03859 -4.288791e-08 0.2673086
v 0.9544364 -4.059737e-08 0.3741273
v 0.8244489 -3.704068e-08 0.4459958
v 0.805903 -3.988081e-08 0.5846458
v 0.7819462 -4.415907e-08 0.7519462
v 0.6639255 -4.433529e-08 0.8470284
v 0.5418632 -4.500263e-08 0.9385347
v 0.4058507 -4.499323e-08 1.001024
v 0.2522168 -4.222832e-08 0.9822666
v 0.1223554 -4.122827e-08 0.9843407
v -4.076768e-08 -4.122085e-08 0.9926559
v -0.1248394 -4.201846e-08 1.003207
v -0.2346169 -3.940453e-08 0.9165829
v -0.353616 -3.932512e-08 0.8749176
v -0.4970697 -4.128244e-08 0.8609498
v -0.6168677 -4.11253e-08 0.7857014
v -0.724178 -4.076655e-08 0.6941779
v -0.8520617 -4.229684e-08 0.6200643
v -0.9624439 -4.365753e-08 0.5256674
v -1.045849 -4.47061e-08 0.4119914
v -1.035873 -4.27711e-08 0.2665804
v -1.006366 -4.119732e-08 0.1294935
v -0.9595221 -3.984494e-08 -8.388409e-08
v -0.9358982 -4.015277e-08 -0.1262104
v -0.8763735 -3.94377e-08 -0.2458046
v -0.8270758 -3.947665e-08 -0.3637992
v -0.7910731 -4.042341e-08 -0.4867262
v -0.7454575 -4.132074e-08 -0.6057552
v -0.6743453 -4.136365e-08 -0.7043454
v -0.5796525 -4.049366e-08 -0.7736338
v -0.4755495 -3.949517e-08 -0.823676
v -0.361285 -3.825038e-08 -0.8510067
v -0.250528 -3.84338e-08 -0.8940029
v -0.1358591 -4.092065e-08 -0.9769963
v 1.242973e-08 -4.079231e-08 -0.9823362
v 0.13746 -4.142979e-08 -0.9891523
v 0.2816414 -4.342565e-08 -1.010117
v 0.4219524 -4.483348e-08 -0.9974694
v 0.5384423 -4.471852e-08 -0.9326096
v 0.6170877 -4.304725e-08 -0.8224202
v 0.6936874 -4.249953e-08 -0.7236869
v 0.7791819 -4.308594e-08 -0.6316325
v 0.8133939 -4.149369e-08 -0.4996129
v 0.8325228 -3.972148e-08 -0.3660554
v 0.9332455 -4.188265e-08 -0.2610429
v 0.9985741 -4.277789e-08 -0.1344613
v 1.077149 -4.47295e-08 1.883347e-07
v 1.024783 -0.09990032 0
v 1.043448 -0.1007646 0.1317228
v 1.027848 -0.1006878 0.2609927
v 0.9530635 -0.09704719 0.3719445
v 0.8509137 -0.09266385 0.4640191
v 0.8081691 -0.09761256 0.5951251
v 0.7551044 -0.1044916 0.7399834
v 0.6531524 -0.1072862 0.8524439
v 0.5260081 -0.1074663 0.9320916
v 0.3780313 -0.1029572 0.9526375
v 0.2472081 -0.1009322 0.9764027
v 0.1189747 -0.09696874 0.9628437
v -4.030607e-08 -0.09751348 0.9766077
v -0.119655 -0.09563421 0.9495925
v -0.2459495 -0.09701947 0.9385517
v -0.3682027 -0.09591491 0.8874766
v -0.5005369 -0.097533 0.8459364
v -0.6456306 -0.1015746 0.8070626
v -0.76069 -0.1018532 0.7212985
v -0.8656554 -0.1029928 0.6279273
v -0.9780799 -0.1073256 0.5374386
v -1.013092 -0.1053896 0.4039175
v -1.025132 -0.1038342 0.2691486
v -0.9901775 -0.09987752 0.1305631
v -0.956751 -0.0979542 -8.576363e-08
v -0.8850006 -0.09345099 -0.1221623
v -0.8473245 -0.09315159 -0.2414585
v -0.815482 -0.09409011 -0.3606111
v -0.7825072 -0.0956629 -0.4790369
v -0.7480993 -0.09825496 -0.5990419
v -0.6966303 -0.100505 -0.7117515
v -0.61101 -0.100062 -0.7950444
v -0.4942591 -0.09627937 -0.8350632
v -0.3777419 -0.09423805 -0.8719612
v -0.2573215 -0.09370907 -0.9065274
v -0.1284848 -0.0923317 -0.9168006
v 1.204432e-08 -0.09540627 -0.9555038
v 0.1316784 -0.09662915 -0.9594717
v 0.2652147 -0.1001812 -0.9691377
v 0.4055126 -0.1059617 -0.9804366
v 0.5157586 -0.1054196 -0.9143393
v 0.6119205 -0.1046892 -0.8318096
v 0.7126174 -0.1061897 -0.7520084
v 0.7732354 -0.1032733 -0.6296375
v 0.8217303 -0.1001851 -0.501682
v 0.8867484 -0.0999375 -0.3830219
v 0.9255118 -0.09780671 -0.2535246
v 1.008096 -0.1013701 -0.132514
v 1.024783 -0.09990032 1.749351e-07
v 0.9897785 -0.1910578 0
v 0.9885424 -0.1901664 0.122923
v 0.9558567 -0.1879891 0.2409521
v 0.9364538 -0.1939806 0.3676205
v 0.8825601 -0.1978543 0.4899111
v 0.8239555 -0.2057619 0.6203173
v 0.7123145 -0.2040362 0.7144865
v 0.5984254 -0.2036023 0.7999282
v 0.4813664 -0.2032105 0.8715222
v 0.3652964 -0.2039255 0.9330149
v 0.2380791 -0.1975823 0.9451343
v 0.1202603 -0.1967437 0.9659868
v -3.853896e-08 -0.1859642 0.9209392
v -0.1193008 -0.1885184 0.9256015
v -0.2462491 -0.1915016 0.9160472
v -0.3852199 -0.1981651 0.9066598
v -0.5100633 -0.1971859 0.8456843
v -0.6267929 -0.1967387 0.7729621
v -0.7761207 -0.2098024 0.7346783
v -0.8872142 -0.2151222 0.648536
v -0.9186544 -0.2062703 0.5107502
v -0.9672036 -0.207442 0.3931316
v -0.9760534 -0.2046662 0.2623276
v -0.9848154 -0.2056805 0.1329512
v -0.9271556 -0.1960264 -8.48674e-08
v -0.89065 -0.192571 -0.1244774
v -0.8306432 -0.1854824 -0.2377394
v -0.7766872 -0.180454 -0.3419858
v -0.7452909 -0.1817073 -0.4499291
v -0.72031 -0.1872934 -0.5646397
v -0.6833355 -0.1945202 -0.6811638
v -0.6226251 -0.2014255 -0.7913757
v -0.5273055 -0.2041494 -0.8755491
v -0.3909136 -0.1951005 -0.8926383
v -0.252442 -0.1851188 -0.8855152
v -0.1238044 -0.1808338 -0.8878709
v 1.126979e-08 -0.1829061 -0.9057949
v 0.1275413 -0.1933548 -0.9493478
v 0.2538733 -0.1986901 -0.9504332
v 0.361893 -0.1960603 -0.8970295
v 0.4940681 -0.2083402 -0.8935223
v 0.618315 -0.2162689 -0.8496938
v 0.6859876 -0.2077324 -0.7274295
v 0.7592492 -0.2039449 -0.6148395
v 0.8383272 -0.2034003 -0.5036433
v 0.9026738 -0.2012499 -0.3813967
v 0.9636484 -0.2008324 -0.2574136
v 0.9617955 -0.1907881 -0.1233245
v 0.9897784 -0.1910578 1.654326e-07
v 0.9602466 -0.2796512 0
v 0.9362253 -0.2739223 0.1158311
v 0.925229 -0.2799745 0.234755
v 0.8887111 -0.2854846 0.3539341
v 0.8315908 -0.2909575 0.4713024
v 0.7637936 -0.2985549 0.588805
v 0.6818262 -0.3056347 0.7001448
v 0.5794749 -0.3072178 0.789611
v 0.4596624 -0.3005235 0.8431584
v 0.3457267 -0.2964241 0.8872151
v 0.2367158 -0.2980071 0.9325467
v 0.1148789 -0.28311 0.909335
v -3.887988e-08 -0.2799985 0.9071015
v -0.1158281 -0.272533 0.8753622
v -0.2492839 -0.2893054 0.9053166
v -0.3812736 -0.2941428 0.8803871
v -0.4941605 -0.288317 0.8089114
v -0.6260987 -0.2999051 0.7708158
v -0.7485161 -0.3110562 0.7125641
v -0.8406358 -0.3156309 0.6224817
v -0.8971007 -0.3143069 0.5091246
v -0.8981561 -0.3014615 0.3737417
v -0.9358801 -0.3070689 0.2574732
v -0.9148921 -0.2982339 0.1261114
v -0.9103734 -0.2977604 -8.433185e-08
v -0.8555025 -0.2839096 -0.1200544
v -0.8054568 -0.2730881 -0.2289811
v -0.7812322 -0.2724539 -0.3377791
v -0.7621964 -0.2771096 -0.4488711
v -0.7369228 -0.2853362 -0.5627354
v -0.691882 -0.2940312 -0.6735636
v -0.6145284 -0.2982042 -0.7664441
v -0.5094013 -0.2977259 -0.8353093
v -0.3862765 -0.2940126 -0.8799976
v -0.2439175 -0.2752078 -0.8612013
v -0.1181793 -0.2680366 -0.86092
v 1.076769e-08 -0.2732772 -0.8853266
v 0.1207698 -0.2869832 -0.9217753
v 0.2335272 -0.2865064 -0.8965575
v 0.3498579 -0.2955903 -0.8847196
v 0.4661901 -0.3045534 -0.8544648
v 0.5872107 -0.3153061 -0.8103994
v 0.6868947 -0.3155447 -0.7228462
v 0.7406672 -0.2996143 -0.5908943
v 0.8278366 -0.3005053 -0.4867681
v 0.9085118 -0.3021574 -0.3746045
v 0.9414627 -0.2928598 -0.2455589
v 0.9650465 -0.2870612 -0.1213866
v 0.9602467 -0.2796512 1.584059e-07
v 0.9338213 -0.3719189 0
v 0.9366424 -0.3792131 0.1170238
v 0.8972111 -0.3782879 0.2314791
v 0.8360313 -0.3761643 0.3403381
v 0.7758352 -0.3813418 0.4507934
v 0.7141381 -0.3917971 0.5638993
v 0.6437265 -0.4030727 0.6738474
v 0.5602537 -0.4114934 0.7718319
v 0.4582876 -0.4107383 0.8409866
v 0.3365278 -0.3923275 0.8569534
v 0.2224288 -0.3780877 0.8634347
v 0.1138622 -0.3755529 0.8803044
v -3.808161e-08 -0.3660681 0.865476
v -0.1182292 -0.3720564 0.8721086
v -0.2352953 -0.3665069 0.8369878
v -0.3557022 -0.3709165 0.8101858
v -0.486522 -0.3885088 0.7954715
v -0.590867 -0.3901598 0.7318166
v -0.6961216 -0.4018062 0.6717301
v -0.775045 -0.4066218 0.5852357
v -0.8300512 -0.4078209 0.4820951
v -0.8817962 -0.4147633 0.3752606
v -0.8663498 -0.3973815 0.2431627
v -0.8666146 -0.3919419 0.1209517
v -0.8308838 -0.3744937 -7.74038e-08
v -0.8003077 -0.3617994 -0.1116501
v -0.7942957 -0.3624027 -0.221759
v -0.7788734 -0.3631657 -0.3285774
v -0.7559729 -0.3667942 -0.4335964
v -0.7249041 -0.375412 -0.5403169
v -0.67411 -0.3852125 -0.6439892
v -0.5918747 -0.3890051 -0.7296509
v -0.477131 -0.3805647 -0.7792062
v -0.3538567 -0.3707319 -0.8097828
v -0.2368487 -0.3724728 -0.8506122
v -0.1131073 -0.3599378 -0.8437024
v 1.024082e-08 -0.3656583 -0.8645073
v 0.1089562 -0.364132 -0.8535335
v 0.225961 -0.3872868 -0.8844424
v 0.3364754 -0.3941242 -0.8608781
v 0.4529217 -0.4061992 -0.8316928
v 0.5594155 -0.4090562 -0.7672604
v 0.6500561 -0.4034316 -0.6744471
v 0.7564396 -0.4098717 -0.5899134
v 0.811537 -0.3939316 -0.465676
v 0.8678908 -0.3862723 -0.3494833
v 0.9031802 -0.3774744 -0.2309812
v 0.9395669 -0.378606 -0.116836
v 0.9338213 -0.3719189 1.537432e-07
v 0.9011738 -0.4695966 0
v 0.8881508 -0.4739892 0.1127984
v 0.8387586 -0.468897 0.2212639
v 0.7876229 -0.4713109 0.3288396
v 0.7351235 -0.4798282 0.4374141
v 0.6771378 -0.4907481 0.5446816
v 0.6087394 -0.4997109 0.6442298
v 0.5262986 -0.5024415 0.7267568
v 0.4333331 -0.5000333 0.7895262
v 0.3296464 -0.489817 0.8250613
v 0.2163291 -0.4658155 0.8203415
v 0.111977 -0.4668179 0.8438262
v -3.836187e-08 -0.467108 0.8516365
v -0.1139187 -0.4560856 0.8244265
v -0.2194381 -0.4374988 0.7704732
v -0.3299419 -0.4446345 0.7489545
v -0.4407599 -0.4588167 0.7244474
v -0.5561197 -0.4837039 0.6996538
v -0.6165558 -0.4708686 0.6070462
v -0.6850419 -0.4773219 0.5297797
v -0.7564613 -0.4933422 0.4497335
v -0.8089579 -0.5028674 0.3508569
v -0.8436917 -0.5066033 0.2390568
v -0.8311227 -0.4880463 0.1161436
v -0.7776234 -0.4511948 -7.191603e-08
v -0.7752112 -0.4462087 -0.1061874
v -0.7628855 -0.4405665 -0.2078955
v -0.7432071 -0.4375024 -0.305251
v -0.7212861 -0.4425646 -0.4034443
v -0.6855315 -0.45133 -0.5009316
v -0.6271323 -0.4589201 -0.5916421
v -0.5469496 -0.4645353 -0.6719273
v -0.4478476 -0.4665919 -0.7367239
v -0.3323299 -0.458964 -0.7730917
v -0.2194706 -0.4577203 -0.8060853
v -0.1089738 -0.4616386 -0.8344641
v 9.324871e-09 -0.4431458 -0.8079485
v 0.1040779 -0.4599546 -0.83142
v 0.2118856 -0.4765509 -0.8392475
v 0.331924 -0.5039877 -0.8489306
v 0.4354795 -0.5023879 -0.793244
v 0.5225952 -0.4881982 -0.7061545
v 0.6141387 -0.4837463 -0.6236479
v 0.7215379 -0.4951134 -0.5495266
v 0.8048014 -0.4954575 -0.4516616
v 0.8199142 -0.4641508 -0.3238439
v 0.8620619 -0.4619767 -0.2179982
v 0.8697879 -0.4529241 -0.1077851
v 0.9011738 -0.4695966 1.496982e-07
v 0.8304563 -0.5535007 0
v 0.7990437 -0.5484498 0.103717
v 0.7632534 -0.5506341 0.2064785
v 0.7214701 -0.5565041 0.3085486
v 0.6719342 -0.5626313 0.4075767
v 0.6186895 -0.5708363 0.5034706
v 0.5599025 -0.5796188 0.5938036
v 0.48935 -0.583393 0.6705687
v 0.4067892 -0.5812374 0.7292889
v 0.318446 -0.5821767 0.7792656
v 0.2189144 -0.5785568 0.8096647
v 0.1095105 -0.5615802 0.8066697
v -3.722549e-08 -0.5606959 0.8123494
v -0.106947 -0.5329513 0.7655463
v -0.2083615 -0.5225645 0.731306
v -0.2988809 -0.5105007 0.6833247
v -0.4004711 -0.5331295 0.6689269
v -0.4764788 -0.5324116 0.6119692
v -0.5510095 -0.543088 0.5563789
v -0.5984427 -0.5381491 0.4746407
v -0.6664543 -0.5582639 0.4044129
v -0.7191998 -0.5698804 0.3159648
v -0.7355238 -0.5586696 0.2094916
v -0.7312751 -0.5376593 0.1016763
v -0.7673603 -0.5493368 -6.957909e-08
v -0.7725428 -0.5456433 -0.1031863
v -0.7556781 -0.5347389 -0.2005182
v -0.7412276 -0.5362534 -0.2973207
v -0.7173011 -0.5445781 -0.3944987
v -0.6715862 -0.5517002 -0.486593
v -0.6007802 -0.5533376 -0.5668793
v -0.5114527 -0.5513197 -0.6337026
v -0.4142479 -0.5521476 -0.6927894
v -0.3103544 -0.5519403 -0.7387933
v -0.2005539 -0.540076 -0.7558124
v -0.09916975 -0.5419109 -0.7784163
v 8.940789e-09 -0.5446004 -0.7890298
v 0.09843493 -0.5530957 -0.7944824
v 0.2055193 -0.5811667 -0.813317
v 0.3135107 -0.5940204 -0.7951189
v 0.4134006 -0.590364 -0.7407402
v 0.5051085 -0.5805146 -0.6672601
v 0.5913175 -0.5719507 -0.5859476
v 0.6858315 -0.579166 -0.5108172
v 0.7414253 -0.5638047 -0.4084265
v 0.794488 -0.560971 -0.3110251
v 0.8066821 -0.5433342 -0.203741
v 0.8259155 -0.5464119 -0.1033313
v 0.8304563 -0.5535007 1.402129e-07
v 0.7594979 -0.6417325 0
v 0.7317251 -0.6382573 0.09739405
v 0.6948085 -0.6360666 0.1924587
v 0.6501015 -0.6333361 0.2833432
v 0.6034471 -0.6333392 0.3702075
v 0.558462 -0.6396287 0.4552123
v 0.5127092 -0.6522093 0.5391516
v 0.4590549 -0.6666309 0.6182883
v 0.3904996 -0.6759841 0.6843938
v 0.306182 -0.6774355 0.7316816
v 0.2096615 -0.6721478 0.7590098
v 0.1045556 -0.6537575 0.7577469
v -3.429708e-08 -0.6338493 0.7410115
v -0.1012403 -0.6259609 0.7255289
v -0.1947833 -0.6117617 0.6908202
v -0.2798658 -0.6039603 0.6523229
v -0.3473634 -0.5863283 0.5936226
v -0.4138641 -0.5884801 0.5458047
v -0.4741078 -0.594299 0.4912797
v -0.5402377 -0.6139101 0.4369088
v -0.5990931 -0.6290386 0.3676938
v -0.6182545 -0.6099194 0.2728669
v -0.6072289 -0.569724 0.172385
v -0.63362 -0.5682682 0.08671406
v -0.7093948 -0.6147346 -6.282771e-08
v -0.7700775 -0.6574455 -0.1003221
v -0.7555722 -0.6483307 -0.1961698
v -0.7437637 -0.6571892 -0.2940147
v -0.7097509 -0.6637227 -0.3879677
v -0.6509384 -0.6643323 -0.4727935
v -0.5695443 -0.6569881 -0.5431021
v -0.4728304 -0.6427813 -0.596168
v -0.3716858 -0.6279383 -0.6357503
v -0.2745594 -0.6206534 -0.6703528
v -0.1814536 -0.6204681 -0.7006516
v -0.09093574 -0.6273677 -0.7271594
v 8.50158e-09 -0.647134 -0.7565421
v 0.09417639 -0.6546717 -0.7588065
v 0.1898538 -0.6594435 -0.7446638
v 0.285296 -0.6593036 -0.7120978
v 0.383452 -0.6639273 -0.6721869
v 0.4764217 -0.6624798 -0.6144381
v 0.5580426 -0.6542886 -0.5408702
v 0.6203238 -0.6373931 -0.4536211
v 0.6747696 -0.6291712 -0.367771
v 0.7204529 -0.6295373 -0.2816437
v 0.7523184 -0.6342348 -0.1919044
v 0.7713268 -0.6438707 -0.09825027
v 0.7594979 -0.6417325 1.311739e-07
v 0.6810663 -0.7273875 0
v 0.6584271 -0.7246815 0.08965174
v 0.6241173 -0.7172495 0.1759464
v 0.5877038 -0.712815 0.2585416
v 0.5509193 -0.7126206 0.3377087
v 0.5131481 -0.7173458 0.4138944
v 0.4714904 -0.7265866 0.4869521
v 0.421273 -0.7378534 0.5548181
v 0.3586311 -0.7479634 0.6139385
v 0.2812911 -0.7515444 0.6580877
v 0.1899308 -0.7387315 0.6763076
v 0.09398828 -0.7180856 0.6747745
v -3.144167e-08 -0.7174883 0.6800309
v -0.09295429 -0.7164668 0.6732533
v -0.1793893 -0.7082139 0.6483688
v -0.2539031 -0.6923071 0.6062168
v -0.3062331 -0.6550089 0.5376402
v -0.3608327 -0.6493738 0.4882871
v -0.4137039 -0.6528176 0.4375128
v -0.4829475 -0.6839224 0.3946096
v -0.5463493 -0.7070529 0.3350702
v -0.5659762 -0.6812612 0.2470967
v -0.5742269 -0.6502991 0.1595229
v -0.594084 -0.6399353 0.07916754
v -0.6562752 -0.6836171 -5.664367e-08
v -0.7186357 -0.7407696 -0.09164207
v -0.7054104 -0.7349951 -0.1802997
v -0.6852664 -0.7409329 -0.26874
v -0.6428559 -0.74176 -0.3515177
v -0.5796924 -0.7360246 -0.4246718
v -0.5007722 -0.7241375 -0.4853108
v -0.4141759 -0.7101143 -0.53396
v -0.3271118 -0.6990664 -0.5738032
v -0.2426796 -0.6930757 -0.60689
v -0.1622825 -0.6970738 -0.6381701
v -0.08390366 -0.7198696 -0.6764508
v 7.851915e-09 -0.7361502 -0.6977186
v 0.08554234 -0.7263723 -0.6825613
v 0.1713933 -0.7217582 -0.6607684
v 0.2546393 -0.7097753 -0.6215127
v 0.3475791 -0.7246419 -0.5947959
v 0.4364631 -0.7324684 -0.5507689
v 0.5109953 -0.726936 -0.4871862
v 0.5630079 -0.7070951 -0.4079799
v 0.5956288 -0.6842229 -0.324251
v 0.6347054 -0.6899319 -0.2502417
v 0.6572707 -0.694867 -0.1704556
v 0.6772583 -0.7130095 -0.08820748
v 0.6810663 -0.7273875 1.205409e-07
v 0.5677885 -0.7695243 0
v 0.5497547 -0.7643604 0.07630153
v 0.5307192 -0.763975 0.1512212
v 0.5105852 -0.7674691 0.2246146
v 0.4860089 -0.7711045 0.2948632
v 0.4552802 -0.7744634 0.3605665
v 0.4165746 -0.7775325 0.4204757
v 0.3702275 -0.7844493 0.4759583
v 0.3037662 -0.7672817 0.5081862
v 0.2382305 -0.7746738 0.5473581
v 0.166795 -0.7971081 0.5888414
v 0.08338246 -0.7904551 0.5993537
v -2.748796e-08 -0.7849557 0.6003196
v -0.08261153 -0.8034763 0.6092268
v -0.1566548 -0.784212 0.5793148
v -0.219296 -0.7600614 0.5370334
v -0.2741119 -0.7439423 0.492728
v -0.3126393 -0.7108389 0.4312957
v -0.3711333 -0.7318361 0.3957639
v -0.4229362 -0.7419008 0.3454063
v -0.4772841 -0.7579314 0.289826
v -0.5478399 -0.79945 0.2339743
v -0.5586609 -0.7634668 0.1511206
v -0.5867537 -0.7630726 0.0761729
v -0.634491 -0.8025318 -5.365673e-08
v -0.6393308 -0.8038602 -0.08024459
v -0.6247577 -0.8001814 -0.1583881
v -0.5958958 -0.7985292 -0.2337049
v -0.5515697 -0.7954772 -0.3041831
v -0.4931085 -0.788621 -0.367158
v -0.4252577 -0.7791617 -0.4213568
v -0.3546868 -0.7725994 -0.4687684
v -0.2856911 -0.7742237 -0.5127839
v -0.2166445 -0.779556 -0.5508078
v -0.1448364 -0.7772651 -0.5741829
v -0.07319378 -0.7780696 -0.5899625
v 6.897201e-09 -0.7935849 -0.6069191
v 0.0755013 -0.7804372 -0.5917577
v 0.1486015 -0.7579524 -0.5599162
v 0.2290985 -0.7720242 -0.545486
v 0.3031944 -0.7657866 -0.5071959
v 0.3830702 -0.7834805 -0.4753704
v 0.4497316 -0.7860852 -0.4251007
v 0.4880321 -0.759509 -0.3536041
v 0.5280302 -0.759936 -0.2905923
v 0.5401061 -0.7403155 -0.2166675
v 0.5512457 -0.7390015 -0.1462778
v 0.5704352 -0.7630812 -0.07617357
v 0.5677885 -0.7695243 1.028997e-07
v 0.4577609 -0.7959718 0
v 0.4504227 -0.7964835 0.06318156
v 0.4403935 -0.7978888 0.1255031
v 0.4270872 -0.7998135 0.1860134
v 0.4094365 -0.802611 0.2438883
v 0.3858887 -0.8067925 0.2984866
v 0.36077 -0.8267411 0.3552797
v 0.3064322 -0.7982186 0.3848614
v 0.2468834 -0.7697178 0.4051147
v 0.1912256 -0.7732838 0.4341803
v 0.1359962 -0.8169173 0.4795542
v 0.07098228 -0.8556594 0.5155673
v -2.321808e-08 -0.8493271 0.5161677
v -0.06761465 -0.8459241 0.5097014
v -0.1299032 -0.8386385 0.4923052
v -0.184358 -0.8227462 0.4619522
v -0.2323826 -0.8074968 0.4249984
v -0.2780919 -0.8006079 0.3860134
v -0.3224592 -0.7980487 0.3429495
v -0.3692033 -0.8049055 0.2977884
v -0.4179212 -0.818732 0.248787
v -0.4620845 -0.829425 0.1929001
v -0.5005073 -0.8398345 0.1321008
v -0.5311949 -0.8515452 0.06754929
v -0.5488924 -0.8604239 -4.571438e-08
v -0.5516174 -0.8665489 -0.06873957
v -0.5385598 -0.8697516 -0.1368068
v -0.5105441 -0.8701265 -0.2023662
v -0.4693399 -0.8670639 -0.2634735
v -0.4179975 -0.8605012 -0.3183571
v -0.3604618 -0.8515763 -0.3659523
v -0.3005556 -0.8424354 -0.4061805
v -0.2408339 -0.8353093 -0.4396366
v -0.1818475 -0.8308427 -0.4664983
v -0.1225941 -0.8270766 -0.485518
v -0.06211405 -0.8221905 -0.495401
v 5.75043e-09 -0.8181517 -0.4972212
v 0.06416955 -0.8153803 -0.4912975
v 0.1294376 -0.8101248 -0.4755668
v 0.1948024 -0.8075531 -0.4534216
v 0.259665 -0.8117809 -0.4272532
v 0.3187802 -0.8127038 -0.3918454
v 0.3689424 -0.8108527 -0.3484517
v 0.4089265 -0.8089679 -0.2992914
v 0.4349104 -0.8016478 -0.2435955
v 0.4501437 -0.7952718 -0.1849571
v 0.4592155 -0.7950466 -0.1250559
v 0.4615195 -0.7960097 -0.06314375
v 0.4577609 -0.7959718 8.458007e-08
v 0.3691769 -0.8395126 0
v 0.3684806 -0.8429521 0.0515656
v 0.362187 -0.8405406 0.1019564
v 0.3522376 -0.8383529 0.1503578
v 0.3386001 -0.8396946 0.1967664
v 0.3197333 -0.8451381 0.2411206
v 0.2986303 -0.868364 0.2877705
v 0.2581636 -0.8591127 0.3194304
v 0.2133025 -0.8584754 0.348432
v 0.1639127 -0.8640032 0.3741021
v 0.1106181 -0.8714812 0.3945129
v 0.05583405 -0.8878832 0.4125569
v -1.795065e-08 -0.8708032 0.4081121
v -0.05300235 -0.8812274 0.4094643
v -0.1025501 -0.8782054 0.397557
v -0.1461438 -0.8606187 0.3726366
v -0.1900387 -0.8627713 0.3501755
v -0.2361598 -0.877678 0.3263332
v -0.2747704 -0.869603 0.2881811
v -0.3098342 -0.8581501 0.2448329
v -0.351301 -0.8709874 0.2040992
v -0.3896097 -0.8850291 0.1587291
v -0.4142688 -0.8823518 0.107028
v -0.4298263 -0.8792875 0.05378828
v -0.4406683 -0.8884827 -3.640265e-08
v -0.442958 -0.9033831 -0.05526235
v -0.4321556 -0.9141665 -0.1108872
v -0.4080825 -0.9176356 -0.1645771
v -0.3736144 -0.9150777 -0.2144309
v -0.332279 -0.9084586 -0.2591862
v -0.2870336 -0.8989106 -0.2978935
v -0.2398597 -0.8864804 -0.3296061
v -0.1919095 -0.870755 -0.3534159
v -0.1441346 -0.8535826 -0.3695902
v -0.09729563 -0.8425847 -0.3814318
v -0.05026183 -0.8464876 -0.3933224
v 4.766439e-09 -0.8583086 -0.4022563
v 0.05324616 -0.8556337 -0.3975721
v 0.1058314 -0.8397157 -0.3801329
v 0.1588464 -0.8399205 -0.3636746
v 0.2109982 -0.8486418 -0.3444408
v 0.2519985 -0.8333378 -0.3098469
v 0.2838756 -0.8161432 -0.2704647
v 0.3161966 -0.8255687 -0.2355374
v 0.3405443 -0.8335986 -0.1953378
v 0.3499306 -0.8229673 -0.1475984
v 0.3551649 -0.8173311 -0.09914102
v 0.3632641 -0.8275595 -0.05062382
v 0.3691769 -0.8395126 6.879252e-08
v 0.2703675 -0.8420571 0
v 0.2734722 -0.8476988 0.03784354
v 0.2740913 -0.8542687 0.07562114
v 0.270662 -0.8608166 0.1126686
v 0.2617621 -0.8669865 0.1482637
v 0.2463312 -0.8726143 0.1816862
v 0.223858 -0.8773236 0.2121765
v 0.194623 -0.8807048 0.2389734
v 0.1599509 -0.8837717 0.261772
v 0.1212344 -0.8850402 0.2796603
v 0.08054586 -0.8852908 0.2924706
v 0.0398512 -0.8884178 0.3012578
v -1.308909e-08 -0.8922644 0.305173
v -0.03834709 -0.8941842 0.3032131
v -0.07491973 -0.8946467 0.2955615
v -0.1105488 -0.8986638 0.2839652
v -0.1466298 -0.9089888 0.2692413
v -0.1828964 -0.9196483 0.2495404
v -0.2172209 -0.9227924 0.2231729
v -0.2483842 -0.9196401 0.1914773
v -0.2767594 -0.9176188 0.1569224
v -0.3017123 -0.9196212 0.1203652
v -0.3206765 -0.9223667 0.08164924
v -0.331233 -0.9227723 0.04119499
v -0.3326729 -0.9211116 -2.754161e-08
v -0.3255932 -0.9189617 -0.04102493
v -0.3110496 -0.9169174 -0.08116699
v -0.2902966 -0.9144475 -0.1196881
v -0.2648181 -0.9108074 -0.1557575
v -0.2362141 -0.9057429 -0.1885839
v -0.205911 -0.8997183 -0.2175926
v -0.1748546 -0.8938462 -0.2425392
v -0.1433072 -0.8895601 -0.2634865
v -0.1108148 -0.8878756 -0.2805563
v -0.07645459 -0.888295 -0.2934631
v -0.03946871 -0.8883578 -0.3012375
v 3.679561e-09 -0.8854204 -0.3028322
v 0.04085379 -0.8799204 -0.2983764
v 0.0817498 -0.8751991 -0.2891366
v 0.1211669 -0.8717028 -0.2754459
v 0.1566218 -0.8643047 -0.2560059
v 0.1856199 -0.8502855 -0.2307193
v 0.2081957 -0.8362523 -0.2022436
v 0.2265105 -0.8305213 -0.172922
v 0.2416344 -0.8325365 -0.1423723
v 0.2529779 -0.8358053 -0.109395
v 0.2606263 -0.8372018 -0.07411029
v 0.2660244 -0.8385563 -0.03743527
v 0.2703675 -0.8420571 5.03557e-08
v 0.1792959 -0.8427789 0
v 0.1826528 -0.8473958 0.02474769
v 0.1837098 -0.8529551 0.04939388
v 0.1813208 -0.8585544 0.073512
v 0.1745836 -0.8636876 0.09662232
v 0.1630284 -0.8681067 0.1182418
v 0.1467213 -0.8717014 0.1379125
v 0.1262705 -0.8744956 0.1552298
v 0.1027205 -0.8767648 0.1698887
v 0.07733461 -0.8791963 0.1817406
v 0.05129767 -0.8829126 0.1908149
v 0.02542244 -0.889112 0.1972313
v -8.420279e-09 -0.8982633 0.2009807
v -0.0250863 -0.9093123 0.2017123
v -0.05004277 -0.9198384 0.1987953
v -0.07492562 -0.9276205 0.1917505
v -0.09968786 -0.9325234 0.1806929
v -0.1243108 -0.9366671 0.1662657
v -0.1486202 -0.9422999 0.1490819
v -0.1718388 -0.9494521 0.1293215
v -0.1924424 -0.9558536 0.1069331
v -0.2086428 -0.9590162 0.0821138
v -0.2191118 -0.9581661 0.05548653
v -0.2233696 -0.954386 0.02787226
v -0.2216998 -0.9494315 -1.857116e-08
v -0.2148639 -0.9445965 -0.02758639
v -0.2038612 -0.9403608 -0.05445552
v -0.1897684 -0.9366431 -0.08019818
v -0.1735959 -0.9332039 -0.1043992
v -0.1561355 -0.9299213 -0.1266614
v -0.1378357 -0.9268944 -0.1466446
v -0.1187534 -0.9244189 -0.1640915
v -0.09860608 -0.9228538 -0.1788193
v -0.07691994 -0.9223596 -0.190663
v -0.05325353 -0.9225233 -0.1993756
v -0.0274718 -0.9220635 -0.2045409
v 2.551619e-09 -0.9190302 -0.2056272
v 0.02809901 -0.9118249 -0.2022697
v 0.05537892 -0.9006277 -0.1946434
v 0.08052549 -0.8879089 -0.1835416
v 0.1027441 -0.8769755 -0.1699295
v 0.121694 -0.8694494 -0.154334
v 0.1371815 -0.8641634 -0.1367198
v 0.1491295 -0.8587405 -0.116966
v 0.1578906 -0.8521516 -0.09533172
v 0.1643942 -0.8456036 -0.07240311
v 0.1697746 -0.8412359 -0.04871519
v 0.1747563 -0.8403519 -0.0245419
v 0.1792959 -0.8427789 3.297001e-08
v 0.09512896 -0.8828939 0
v 0.09653107 -0.8815227 0.01272999
v 0.0963182 -0.8809817 0.02522667
v 0.09408312 -0.8814275 0.0373184
v 0.08955767 -0.88292 0.0488414
v 0.08269372 -0.885458 0.05963646
v 0.07368841 -0.8890048 0.0695482
v 0.06294715 -0.893494 0.07842509
v 0.05099569 -0.8988069 0.08611798
v 0.03836811 -0.9047368 0.09247713
v 0.02550331 -0.910958 0.09735065
v 0.01267923 -0.9170298 0.1005886
v -4.210643e-09 -0.922464 0.1020578
v -0.0125663 -0.9268551 0.1016663
v -0.02511604 -0.9300408 0.09938996
v -0.03772754 -0.9322106 0.09528535
v -0.05038541 -0.9338883 0.08947925
v -0.06292439 -0.93576 0.08213492
v -0.07500253 -0.9384101 0.07341325
v -0.08611554 -0.9420895 0.06345063
v -0.0956618 -0.9466285 0.05236563
v -0.103052 -0.9515263 0.04028627
v -0.1078366 -0.9561576 0.02737929
v -0.1098104 -0.9599821 0.013863
v -0.1090575 -0.9626746 -9.311097e-09
v -0.1059197 -0.9641475 -0.01392317
v -0.1009006 -0.9644915 -0.02761797
v -0.09453438 -0.9638848 -0.04080953
v -0.08725949 -0.9625077 -0.05324403
v -0.07933085 -0.9604817 -0.0646894
v -0.070793 -0.9578394 -0.07493325
v -0.06151824 -0.9545178 -0.08378135
v -0.05129769 -0.9503801 -0.09105939
v -0.03995842 -0.945267 -0.09661992
v -0.02747192 -0.939077 -0.1003556
v -0.01402046 -0.9318662 -0.102216
v 1.287286e-09 -0.923931 -0.1022201
v 0.01404369 -0.9158242 -0.1004564
v 0.02752339 -0.9082654 -0.09706289
v 0.03992804 -0.9019448 -0.09219174
v 0.05091181 -0.8972905 -0.08597268
v 0.06033251 -0.8943086 -0.07849659
v 0.06823927 -0.8925883 -0.06982851
v 0.07482332 -0.8914804 -0.06004207
v 0.08034696 -0.890362 -0.04925305
v 0.08506189 -0.8888592 -0.03763305
v 0.08912754 -0.8869328 -0.02539705
v 0.09254509 -0.8848198 -0.01277756
v 0.09512896 -0.8828939 1.70789e-08
v -8.46193e-08 -0.9195354 0
v -8.588552e-08 -0.9195354 -1.104504e-08
v -8.531863e-08 -0.9195354 -2.190109e-08
v -8.265524e-08 -0.9195354 -3.238241e-08
v -7.782509e-08 -0.9195354 -4.230965e-08
v -7.097766e-08 -0.9195354 -5.151297e-08
v -6.245757e-08 -0.9195354 -5.983488e-08
v -5.273494e-08 -0.9195354 -6.7133e-08
v -4.230964e-08 -0.9195354 -7.328246e-08
v -3.161424e-08 -0.9195354 -7.817804e-08
v -2.094112e-08 -0.9195354 -8.173597e-08
v -1.041249e-08 -0.9195354 -8.389537e-08
v 3.469545e-15 -0.9195354 -8.46193e-08
v 1.041251e-08 -0.9195354 -8.389537e-08
v 2.094112e-08 -0.9195354 -8.173597e-08
v 3.161425e-08 -0.9195354 -7.817804e-08
v 4.230965e-08 -0.9195354 -7.328246e-08
v 5.273495e-08 -0.9195354 -6.7133e-08
v 6.245757e-08 -0.9195354 -5.983488e-08
v 7.097768e-08 -0.9195354 -5.151295e-08
v 7.782509e-08 -0.9195354 -4.230965e-08
v 8.265525e-08 -0.9195354 -3.238239e-08
v 8.531862e-08 -0.9195354 -2.190108e-08
v 8.588552e-08 -0.9195354 -1.104503e-08
v 8.461929e-08 -0.9195354 7.397655e-15
v 8.190523e-08 -0.9195354 1.104504e-08
v 7.815331e-08 -0.9195354 2.190111e-08
v 7.370083e-08 -0.9195354 3.23824e-08
v 6.873984e-08 -0.9195354 4.230965e-08
v 6.328834e-08 -0.9195354 5.151298e-08
v 5.721219e-08 -0.9195354 5.983489e-08
v 5.0291e-08 -0.9195354 6.713299e-08
v 4.230965e-08 -0.9195354 7.328246e-08
v 3.315055e-08 -0.9195354 7.817805e-08
v 2.286105e-08 -0.9195354 8.173597e-08
v 1.167755e-08 -0.9195354 8.389537e-08
v -1.071625e-15 -0.9195354 8.46193e-08
v -1.16776e-08 -0.9195354 8.389537e-08
v -2.286109e-08 -0.9195354 8.173595e-08
v -3.315058e-08 -0.9195354 7.817803e-08
v -4.230964e-08 -0.9195354 7.328246e-08
v -5.0291e-08 -0.9195354 6.713299e-08
v -5.721221e-08 -0.9195354 5.983486e-08
v -6.328835e-08 -0.9195354 5.151296e-08
v -6.873986e-08 -0.9195354 4.230963e-08
v -7.370085e-08 -0.9195354 3.23824e-08
v -7.815333e-08 -0.9195354 2.190107e-08
v -8.190523e-08 -0.9195354 1.1045e-08
v -8.461931e-08 -0.9195354 -1.479531e-14
vt 0 0
vt 0.02083333 0
vt 0.04166667 0
vt 0.0625 0
vt 0.08333334 0
vt 0.1041667 0
vt 0.125 0
vt 0.1458333 0
vt 0.1666667 0
vt 0.1875 0
vt 0.2083333 0
vt 0.2291667 0
vt 0.25 0
vt 0.2708333 0
vt 0.2916667 0
vt 0.3125 0
vt 0.3333333 0
vt 0.3541667 0
vt 0.375 0
vt 0.3958333 0
vt 0.4166667 0
vt 0.4375 0
vt 0.4583333 0
vt 0.4791667 0
vt 0.5 0
vt 0.5208333 0
vt 0.5416667 0
vt 0.5625 0
vt 0.5833333 0
vt 0.6041667 0
vt 0.625 0
vt 0.6458333 0
vt 0.6666667 0
vt 0.6875 0
vt 0.7083333 0
vt 0.7291667 0
vt 0.75 0
vt 0.7708333 0
vt 0.7916667 0
vt 0.8125 0
vt 0.8333333 0
vt 0.8541667 0
vt 0.875 0
vt 0.8958333 0
vt 0.9166667 0
vt 0.9375 0
vt 0.9583333 0
vt 0.9791667 0
vt 1 0
vt 0 0.03333334
vt 0.02083333 0.03333334
vt 0.04166667 0.03333334
vt 0.0625 0.03333334
vt 0.08333334 0.03333334
vt 0.1041667 0.03333334
vt 0.125 0.03333334
vt 0.1458333 0.03333334
vt 0.1666667 0.03333334
vt 0.1875 0.03333334
vt 0.2083333 0.03333334
vt 0.2291667 0.03333334
vt 0.25 0.03333334
vt 0.2708333 0.03333334
vt 0.2916667 0.03333334
vt 0.3125 0.03333334
vt 0.3333333 0.03333334
vt 0.3541667 0.03333334
vt 0.375 0.03333334
vt 0.3958333 0.03333334
vt 0.4166667 0.03333334
vt 0.4375 0.03333334
vt 0.4583333 0.03333334
vt 0.4791667 0.03333334
vt 0.5 0.03333334
vt 0.5208333 0.03333334
vt 0.5416667 0.03333334
vt 0.5625 0.03333334
vt 0.5833333 0.03333334
vt 0.6041667 0.03333334
vt 0.625 0.03333334
vt 0.6458333 0.03333334
vt 0.6666667 0.03333334
vt 0.6875 0.03333334
vt 0.7083333 0.03333334
vt 0.7291667 0.03333334
vt 0.75 0.03333334
vt 0.7708333 0.03333334
vt 0.7916667 0.03333334
vt 0.8125 0.03333334
vt 0.8333333 0.03333334
vt 0.8541667 0.03333334
vt 0.875 0.03333334
vt 0.8958333 0.03333334
vt 0.9166667 0.03333334
vt 0.9375 0.03333334
vt 0.9583333 0.03333334
vt 0.9791667 0.03333334
vt 1 0.03333334
vt 0 0.06666667
vt 0.02083333 0.06666667
vt 0.04166667 0.06666667
vt 0.0625 0.06666667
vt 0.08333334 0.06666667
vt 0.1041667 0.06666667
vt 0.125 0.06666667
vt 0.1458333 0.06666667
vt 0.1666667 0.06666667
vt 0.1875 0.06666667
vt 0.2083333 0.06666667
vt 0.2291667 0.06666667
vt 0.25 0.06666667
vt 0.2708333 0.06666667
vt 0.2916667 0.06666667
vt 0.3125 0.06666667
vt 0.3333333 0.06666667
vt 0.3541667 0.06666667
vt 0.375 0.06666667
vt 0.3958333 0.06666667
vt 0.4166667 0.06666667
vt 0.4375 0.06666667
vt 0.4583333 0.06666667
vt 0.4791667 0.06666667
vt 0.5 0.06666667
vt 0.5208333 0.06666667
vt 0.5416667 0.06666667
vt 0.5625 0.06666667
vt 0.5833333 0.06666667
vt 0.6041667 0.06666667
vt 0.625 0.06666667
vt 0.6458333 0.06666667
vt 0.6666667 0.06666667
vt 0.6875 0.06666667
vt 0.7083333 0.06666667
vt 0.7291667 0.06666667
vt 0.75 0.06666667
vt 0.7708333 0.06666667
vt 0.7916667 0.06666667
vt 0.8125 0.06666667
vt 0.8333333 0.06666667
vt 0.8541667 0.06666667
vt 0.875 0.06666667
vt 0.8958333 0.06666667
vt 0.9166667 0.06666667
vt 0.9375 0.06666667
vt 0.9583333 0.06666667
vt 0.9791667 0.06666667
vt 1 0.06666667
vt 0 0.1
vt 0.02083333 0.1
vt 0.04166667 0.1
vt 0.0625 0.1
vt 0.08333334 0.1
vt 0.1041667 0.1
vt 0.125 0.1
vt 0.1458333 0.1
vt 0.1666667 0.1
vt 0.1875 0.1
vt 0.2083333 0.1
vt 0.2291667 0.1
vt 0.25 0.1
vt 0.2708333 0.1
vt 0.2916667 0.1
vt 0.3125 0.1
vt 0.3333333 0.1
vt 0.3541667 0.1
vt 0.375 0.1
vt 0.3958333 0.1
vt 0.4166667 0.1
vt 0.4375 0.1
vt 0.4583333 0.1
vt 0.4791667 0.1
vt 0.5 0.1
vt 0.5208333 0.1
vt 0.5416667 0.1
vt 0.5625 0.1
vt 0.5833333 0.1
vt 0.6041667 0.1
vt 0.625 0.1
vt 0.6458333 0.1
vt 0.6666667 0.1
vt 0.6875 0.1
vt 0.7083333 0.1
vt 0.7291667 0.1
vt 0.75 0.1
vt 0.7708333 0.1
vt 0.7916667 0.1
vt 0.8125 0.1
vt 0.8333333 0.1
vt 0.8541667 0.1
vt 0.875 0.1
vt 0.8958333 0.1
vt 0.9166667 0.1
vt 0.9375 0.1
vt 0.9583333 0.1
vt 0.9791667 0.1
vt 1 0.1
vt 0 0.1333333
vt 0.02083333 0.1333333
vt 0.04166667 0.1333333
vt 0.0625 0.1333333
vt 0.08333334 0.1333333
vt 0.1041667 0.1333333
vt 0.125 0.1333333
vt 0.1458333 0.1333333
vt 0.1666667 0.1333333
vt 0.1875 0.1333333
vt 0.2083333 0.1333333
vt 0.2291667 0.1333333
vt 0.25 0.1333333
vt 0.2708333 0.1333333
vt 0.2916667 0.1333333
vt 0.3125 0.1333333
vt 0.3333333 0.1333333
vt 0.3541667 0.1333333
vt 0.375 0.1333333
vt 0.3958333 0.1333333
vt 0.4166667 0.1333333
vt 0.4375 0.1333333
vt 0.4583333 0.1333333
vt 0.4791667 0.1333333
vt 0.5 0.1333333
vt 0.5208333 0.1333333
vt 0.5416667 0.1333333
vt 0.5625 0.1333333
vt 0.5833333 0.1333333
vt 0.6041667 0.1333333
vt 0.625 0.1333333
vt 0.6458333 0.1333333
vt 0.6666667 0.1333333
vt 0.6875 0.1333333
vt 0.7083333 0.1333333
vt 0.7291667 0.1333333
vt 0.75 0.1333333
vt 0.7708333 0.1333333
vt 0.7916667 0.1333333
vt 0.8125 0.1333333
vt 0.8333333 0.1333333
vt 0.8541667 0.1333333
vt 0.875 0.1333333
vt 0.8958333 0.1333333
vt 0.9166667 0.1333333
vt 0.9375 0.1333333
vt 0.9583333 0.1333333
vt 0.9791667 0.1333333
vt 1 0.1333333
vt 0 0.1666667
vt 0.02083333 0.1666667
vt 0.04166667 0.1666667
vt 0.0625 0.1666667
vt 0.08333334 0.1666667
vt 0.1041667 0.1666667
vt 0.125 0.1666667
vt 0.1458333 0.1666667
vt 0.1666667 0.1666667
vt 0.1875 0.1666667
vt 0.2083333 0.1666667
vt 0.2291667 0.1666667
vt 0.25 0.1666667
vt 0.2708333 0.1666667
vt 0.2916667 0.1666667
vt 0.3125 0.1666667
vt 0.3333333 0.1666667
vt 0.3541667 0.1666667
vt 0.375 0.1666667
vt 0.3958333 0.1666667
vt 0.4166667 0.1666667
vt 0.4375 0.1666667
vt 0.4583333 0.1666667
vt 0.4791667 0.1666667
vt 0.5 0.1666667
vt 0.5208333 0.1666667
vt 0.5416667 0.1666667
vt 0.5625 0.1666667
vt 0.5833333 0.1666667
vt 0.6041667 0.1666667
vt 0.625 0.1666667
vt 0.6458333 0.1666667
vt 0.6666667 0.1666667
vt 0.6875 0.1666667
vt 0.7083333 0.1666667
vt 0.7291667 0.1666667
vt 0.75 0.1666667
vt 0.7708333 0.1666667
vt 0.7916667 0.1666667
vt 0.8125 0.1666667
vt 0.8333333 0.1666667
vt 0.8541667 0.1666667
vt 0.875 0.1666667
vt 0.8958333 0.1666667
vt 0.9166667 0.1666667
vt 0.9375 0.1666667
vt 0.9583333 0.1666667
vt 0.9791667 0.1666667
vt 1 0.1666667
vt 0 0.2
vt 0.02083333 0.2
vt 0.04166667 0.2
vt 0.0625 0.2
vt 0.08333334 0.2
vt 0.1041667 0.2
vt 0.125 0.2
vt 0.1458333 0.2
vt 0.1666667 0.2
vt 0.1875 0.2
vt 0.2083333 0.2
vt 0.2291667 0.2
vt 0.25 0.2
vt 0.2708333 0.2
vt 0.2916667 0.2
vt 0.3125 0.2
vt 0.3333333 0.2
vt 0.3541667 0.2
vt 0.375 0.2
vt 0.3958333 0.2
vt 0.4166667 0.2
vt 0.4375 0.2
vt 0.4583333 0.2
vt 0.4791667 0.2
vt 0.5 0.2
vt 0.5208333 0.2
vt 0.5416667 0.2
vt 0.5625 0.2
vt 0.5833333 0.2
vt 0.6041667 0.2
vt 0.625 0.2
vt 0.6458333 0.2
vt 0.6666667 0.2
vt 0.6875 0.2
vt 0.7083333 0.2
vt 0.7291667 0.2
vt 0.75 0.2
vt 0.7708333 0.2
vt 0.7916667 0.2
vt 0.8125 0.2
vt 0.8333333 0.2
vt 0.8541667 0.2
vt 0.875 0.2
vt 0.8958333 0.2
vt 0.9166667 0.2
vt 0.9375 0.2
vt 0.9583333 0.2
vt 0.9791667 0.2
vt 1 0.2
vt 0 0.2333333
vt 0.02083333 0.2333333
vt 0.04166667 0.2333333
vt 0.0625 0.2333333
vt 0.08333334 0.2333333
vt 0.1041667 0.2333333
vt 0.125 0.2333333
vt 0.1458333 0.2333333
vt 0.1666667 0.2333333
vt 0.1875 0.2333333
vt 0.2083333 0.2333333
vt 0.2291667 0.2333333
vt 0.25 0.2333333
vt 0.2708333 0.2333333
vt 0.2916667 0.2333333
vt 0.3125 0.2333333
vt 0.3333333 0.2333333
vt 0.3541667 0.2333333
vt 0.375 0.2333333
vt 0.3958333 0.2333333
vt 0.4166667 0.2333333
vt 0.4375 0.2333333
vt 0.4583333 0.2333333
vt 0.4791667 0.2333333
vt 0.5 0.2333333
vt 0.5208333 0.2333333
vt 0.5416667 0.2333333
vt 0.5625 0.2333333
vt 0.5833333 0.2333333
vt 0.6041667 0.2333333
vt 0.625 0.2333333
vt 0.6458333 0.2333333
vt 0.6666667 0.2333333
vt 0.6875 0.2333333
vt 0.7083333 0.2333333
vt 0.7291667 0.2333333
vt 0.75 0.2333333
vt 0.7708333 0.2333333
vt 0.7916667 0.2333333
vt 0.8125 0.2333333
vt 0.8333333 0.2333333
vt 0.8541667 0.2333333
vt 0.875 0.2333333
vt 0.8958333 0.2333333
vt 0.9166667 0.2333333
vt 0.9375 0.2333333
vt 0.9583333 0.2333333
vt 0.9791667 0.2333333
vt 1 0.2333333
vt 0 0.2666667
vt 0.02083333 0.2666667
vt 0.04166667 0.2666667
vt 0.0625 0.2666667
vt 0.08333334 0.2666667
vt 0.1041667 0.2666667
vt 0.125 0.2666667
vt 0.1458333 0.2666667
vt 0.1666667 0.2666667
vt 0.1875 0.2666667
vt 0.2083333 0.2666667
vt 0.2291667 0.2666667
vt 0.25 0.2666667
vt 0.2708333 0.2666667
vt 0.2916667 0.2666667
vt 0.3125 0.2666667
vt 0.3333333 0.2666667
vt 0.3541667 0.2666667
vt 0.375 0.2666667
vt 0.3958333 0.2666667
vt 0.4166667 0.2666667
vt 0.4375 0.2666667
vt 0.4583333 0.2666667
vt 0.4791667 0.2666667
vt 0.5 0.2666667
vt 0.5208333 0.2666667
vt 0.5416667 0.2666667
vt 0.5625 0.2666667
vt 0.5833333 0.2666667
vt 0.6041667 0.2666667
vt 0.625 0.2666667
vt 0.6458333 0.2666667
vt 0.6666667 0.2666667
vt 0.6875 0.2666667
vt 0.7083333 0.2666667
vt 0.7291667 0.2666667
vt 0.75 0.2666667
vt 0.7708333 0.2666667
vt 0.7916667 0.2666667
vt 0.8125 0.2666667
vt 0.8333333 0.2666667
vt 0.8541667 0.2666667
vt 0.875 0.2666667
vt 0.8958333 0.2666667
vt 0.9166667 0.2666667
vt 0.9375 0.2666667
vt 0.9583333 0.2666667
vt 0.9791667 0.2666667
vt 1 0.2666667
vt 0 0.3
vt 0.02083333 0.3
vt 0.04166667 0.3
vt 0.0625 0.3
vt 0.08333334 0.3
vt 0.1041667 0.3
vt 0.125 0.3
vt 0.1458333 0.3
vt 0.1666667 0.3
vt 0.1875 0.3
vt 0.2083333 0.3
vt 0.2291667 0.3
vt 0.25 0.3
vt 0.2708333 0.3
vt 0.2916667 0.3
vt 0.3125 0.3
vt 0.3333333 0.3
vt 0.3541667 0.3
vt 0.375 0.3
vt 0.3958333 0.3
vt 0.4166667 0.3
vt 0.4375 0.3
vt 0.4583333 0.3
vt 0.4791667 0.3
vt 0.5 0.3
vt 0.5208333 0.3
vt 0.5416667 0.3
vt 0.5625 0.3
vt 0.5833333 0.3
vt 0.6041667 0.3
vt 0.625 0.3
vt 0.6458333 0.3
vt 0.6666667 0.3
vt 0.6875 0.3
vt 0.7083333 0.3
vt 0.7291667 0.3
vt 0.75 0.3
vt 0.7708333 0.3
vt 0.7916667 0.3
vt 0.8125 0.3
vt 0.8333333 0.3
vt 0.8541667 0.3
vt 0.875 0.3
vt 0.8958333 0.3
vt 0.9166667 0.3
vt 0.9375 0.3
vt 0.9583333 0.3
vt 0.9791667 0.3
vt 1 0.3
vt 0 0.3333333
vt 0.02083333 0.3333333
vt 0.04166667 0.3333333
vt 0.0625 0.3333333
vt 0.08333334 0.3333333
vt 0.1041667 0.3333333
vt 0.125 0.3333333
vt 0.1458333 0.3333333
vt 0.1666667 0.3333333
vt 0.1875 0.3333333
vt 0.2083333 0.3333333
vt 0.2291667 0.3333333
vt 0.25 0.3333333
vt 0.2708333 0.3333333
vt 0.2916667 0.3333333
vt 0.3125 0.3333333
vt 0.3333333 0.3333333
vt 0.3541667 0.3333333
vt 0.375 0.3333333
vt 0.3958333 0.3333333
vt 0.4166667 0.3333333
vt 0.4375 0.3333333
vt 0.4583333 0.3333333
vt 0.4791667 0.3333333
vt 0.5 0.3333333
vt 0.5208333 0.3333333
vt 0.5416667 0.3333333
vt 0.5625 0.3333333
vt 0.5833333 0.3333333
vt 0.6041667 0.3333333
vt 0.625 0.3333333
vt 0.6458333 0.3333333
vt 0.6666667 0.3333333
vt 0.6875 0.3333333
vt 0.7083333 0.3333333
vt 0.7291667 0.3333333
vt 0.75 0.3333333
vt 0.7708333 0.3333333
vt 0.7916667 0.3333333
vt 0.8125 0.3333333
vt 0.8333333 0.3333333
vt 0.8541667 0.3333333
vt 0.875 0.3333333
vt 0.8958333 0.3333333
vt 0.9166667 0.3333333
vt 0.9375 0.3333333
vt 0.9583333 0.3333333
vt 0.9791667 0.3333333
vt 1 0.3333333
vt 0 0.3666667
vt 0.02083333 0.3666667
vt 0.04166667 0.3666667
vt 0.0625 0.3666667
vt 0.08333334 0.3666667
vt 0.1041667 0.3666667
vt 0.125 0.3666667
vt 0.1458333 0.3666667
vt 0.1666667 0.3666667
vt 0.1875 0.3666667
vt 0.2083333 0.3666667
vt 0.2291667 0.3666667
vt 0.25 0.3666667
vt 0.2708333 0.3666667
vt 0.2916667 0.3666667
vt 0.3125 0.3666667
vt 0.3333333 0.3666667
vt 0.3541667 0.3666667
vt 0.375 0.3666667
vt 0.3958333 0.3666667
vt 0.4166667 0.3666667
vt 0.4375 0.3666667
vt 0.4583333 0.3666667
vt 0.4791667 0.3666667
vt 0.5 0.3666667
vt 0.5208333 0.3666667
vt 0.5416667 0.3666667
vt 0.5625 0.3666667
vt 0.5833333 0.3666667
vt 0.6041667 0.3666667
vt 0.625 0.3666667
vt 0.6458333 0.3666667
vt 0.6666667 0.3666667
vt 0.6875 0.3666667
vt 0.7083333 0.3666667
vt 0.7291667 0.3666667
vt 0.75 0.3666667
vt 0.7708333 0.3666667
vt 0.7916667 0.3666667
vt 0.8125 0.3666667
vt 0.8333333 0.3666667
vt 0.8541667 0.3666667
vt 0.875 0.3666667
vt 0.8958333 0.3666667
vt 0.9166667 0.3666667
vt 0.9375 0.3666667
vt 0.9583333 0.3666667
vt 0.9791667 0.3666667
vt 1 0.3666667
vt 0 0.4
vt 0.02083333 0.4
vt 0.04166667 0.4
vt 0.0625 0.4
vt 0.08333334 0.4
vt 0.1041667 0.4
vt 0.125 0.4
vt 0.1458333 0.4
vt 0.1666667 0.4
vt 0.1875 0.4
vt 0.2083333 0.4
vt 0.2291667 0.4
vt 0.25 0.4
vt 0.2708333 0.4
vt 0.2916667 0.4
vt 0.3125 0.4
vt 0.3333333 0.4
vt 0.3541667 0.4
vt 0.375 0.4
vt 0.3958333 0.4
vt 0.4166667 0.4
vt 0.4375 0.4
vt 0.4583333 0.4
vt 0.4791667 0.4
vt 0.5 0.4
vt 0.5208333 0.4
vt 0.5416667 0.4
vt 0.5625 0.4
vt 0.5833333 0.4
vt 0.6041667 0.4
vt 0.625 0.4
vt 0.6458333 0.4
vt 0.6666667 0.4
vt 0.6875 0.4
vt 0.7083333 0.4
vt 0.7291667 0.4
vt 0.75 0.4
vt 0.7708333 0.4
vt 0.7916667 0.4
vt 0.8125 0.4
vt 0.8333333 0.4
vt 0.8541667 0.4
vt 0.875 0.4
vt 0.8958333 0.4
vt 0.9166667 0.4
vt 0.9375 0.4
vt 0.9583333 0.4
vt 0.9791667 0.4
vt 1 0.4
vt 0 0.4333333
vt 0.02083333 0.4333333
vt 0.04166667 0.4333333
vt 0.0625 0.4333333
vt 0.08333334 0.4333333
vt 0.1041667 0.4333333
vt 0.125 0.4333333
vt 0.1458333 0.4333333
vt 0.1666667 0.4333333
vt 0.1875 0.4333333
vt 0.2083333 0.4333333
vt 0.2291667 0.4333333
vt 0.25 0.4333333
vt 0.2708333 0.4333333
vt 0.2916667 0.4333333
vt 0.3125 0.4333333
vt 0.3333333 0.4333333
vt 0.3541667 0.4333333
vt 0.375 0.4333333
vt 0.3958333 0.4333333
vt 0.4166667 0.4333333
vt 0.4375 0.4333333
vt 0.4583333 0.4333333
vt 0.4791667 0.4333333
vt 0.5 0.4333333
vt 0.5208333 0.4333333
vt 0.5416667 0.4333333
vt 0.5625 0.4333333
vt 0.5833333 0.4333333
vt 0.6041667 0.4333333
vt 0.625 0.4333333
vt 0.6458333 0.4333333
vt 0.6666667 0.4333333
vt 0.6875 0.4333333
vt 0.7083333 0.4333333
vt 0.7291667 0.4333333
vt 0.75 0.4333333
vt 0.7708333 0.4333333
vt 0.7916667 0.4333333
vt 0.8125 0.4333333
vt 0.8333333 0.4333333
vt 0.8541667 0.4333333
vt 0.875 0.4333333
vt 0.8958333 0.4333333
vt 0.9166667 0.4333333
vt 0.9375 0.4333333
vt 0.9583333 0.4333333
vt 0.9791667 0.4333333
vt 1 0.4333333
vt 0 0.4666667
vt 0.02083333 0.4666667
vt 0.04166667 0.4666667
vt 0.0625 0.4666667
vt 0.08333334 0.4666667
vt 0.1041667 0.4666667
vt 0.125 0.4666667
vt 0.1458333 0.4666667
vt 0.1666667 0.4666667
vt 0.1875 0.4666667
vt 0.2083333 0.4666667
vt 0.2291667 0.4666667
vt 0.25 0.4666667
vt 0.2708333 0.4666667
vt 0.2916667 0.4666667
vt 0.3125 0.4666667
vt 0.3333333 0.4666667
vt 0.3541667 0.4666667
vt 0.375 0.4666667
vt 0.3958333 0.4666667
vt 0.4166667 0.4666667
vt 0.4375 0.4666667
vt 0.4583333 0.4666667
vt 0.4791667 0.4666667
vt 0.5 0.4666667
vt 0.5208333 0.4666667
vt 0.5416667 0.4666667
vt 0.5625 0.4666667
vt 0.5833333 0.4666667
vt 0.6041667 0.4666667
vt 0.625 0.4666667
vt 0.6458333 0.4666667
vt 0.6666667 0.4666667
vt 0.6875 0.4666667
vt 0.7083333 0.4666667
vt 0.7291667 0.4666667
vt 0.75 0.4666667
vt 0.7708333 0.4666667
vt 0.7916667 0.4666667
vt 0.8125 0.4666667
vt 0.8333333 0.4666667
vt 0.8541667 0.4666667
vt 0.875 0.4666667
vt 0.8958333 0.4666667
vt 0.9166667 0.4666667
vt 0.9375 0.4666667
vt 0.9583333 0.4666667
vt 0.9791667 0.4666667
vt 1 0.4666667
vt 0 0.5
vt 0.02083333 0.5
vt 0.04166667 0.5
vt 0.0625 0.5
vt 0.08333334 0.5
vt 0.1041667 0.5
vt 0.125 0.5
vt 0.1458333 0.5
vt 0.1666667 0.5
vt 0.1875 0.5
vt 0.2083333 0.5
vt 0.2291667 0.5
vt 0.25 0.5
vt 0.2708333 0.5
vt 0.2916667 0.5
vt 0.3125 0.5
vt 0.3333333 0.5
vt 0.3541667 0.5
vt 0.375 0.5
vt 0.3958333 0.5
vt 0.4166667 0.5
vt 0.4375 0.5
vt 0.4583333 0.5
vt 0.4791667 0.5
vt 0.5 0.5
vt 0.5208333 0.5
vt 0.5416667 0.5
vt 0.5625 0.5
vt 0.5833333 0.5
vt 0.6041667 0.5
vt 0.625 0.5
vt 0.6458333 0.5
vt 0.6666667 0.5
vt 0.6875 0.5
vt 0.7083333 0.5
vt 0.7291667 0.5
vt 0.75 0.5
vt 0.7708333 0.5
vt 0.7916667 0.5
vt 0.8125 0.5
vt 0.8333333 0.5
vt 0.8541667 0.5
vt 0.875 0.5
vt 0.8958333 0.5
vt 0.9166667 0.5
vt 0.9375 0.5
vt 0.9583333 0.5
vt 0.9791667 0.5
vt 1 0.5
vt 0 0.5333334
vt 0.02083333 0.5333334
vt 0.04166667 0.5333334
vt 0.0625 0.5333334
vt 0.08333334 0.5333334
vt 0.1041667 0.5333334
vt 0.125 0.5333334
vt 0.1458333 0.5333334
vt 0.1666667 0.5333334
vt 0.1875 0.5333334
vt 0.2083333 0.5333334
vt 0.2291667 0.5333334
vt 0.25 0.5333334
vt 0.2708333 0.5333334
vt 0.2916667 0.5333334
vt 0.3125 0.5333334
vt 0.3333333 0.5333334
vt 0.3541667 0.5333334
vt 0.375 0.5333334
vt 0.3958333 0.5333334
vt 0.4166667 0.5333334
vt 0.4375 0.5333334
vt 0.4583333 0.5333334
vt 0.4791667 0.5333334
vt 0.5 0.5333334
vt 0.5208333 0.5333334
vt 0.5416667 0.5333334
vt 0.5625 0.5333334
vt 0.5833333 0.5333334
vt 0.6041667 0.5333334
vt 0.625 0.5333334
vt 0.6458333 0.5333334
vt 0.6666667 0.5333334
vt 0.6875 0.5333334
vt 0.7083333 0.5333334
vt 0.7291667 0.5333334
vt 0.75 0.5333334
vt 0.7708333 0.5333334
vt 0.7916667 0.5333334
vt 0.8125 0.5333334
vt 0.8333333 0.5333334
vt 0.8541667 0.5333334
vt 0.875 0.5333334
vt 0.8958333 0.5333334
vt 0.9166667 0.5333334
vt 0.9375 0.5333334
vt 0.9583333 0.5333334
vt 0.9791667 0.5333334
vt 1 0.5333334
vt 0 0.5666667
vt 0.02083333 0.5666667
vt 0.04166667 0.5666667
vt 0.0625 0.5666667
vt 0.08333334 0.5666667
vt 0.1041667 0.5666667
vt 0.125 0.5666667
vt 0.1458333 0.5666667
vt 0.1666667 0.5666667
vt 0.1875 0.5666667
vt 0.2083333 0.5666667
vt 0.2291667 0.5666667
vt 0.25 0.5666667
vt 0.2708333 0.5666667
vt 0.2916667 0.5666667
vt 0.3125 0.5666667
vt 0.3333333 0.5666667
vt 0.3541667 0.5666667
vt 0.375 0.5666667
vt 0.3958333 0.5666667
vt 0.4166667 0.5666667
vt 0.4375 0.5666667
vt 0.4583333 0.5666667
vt 0.4791667 0.5666667
vt 0.5 0.5666667
vt 0.5208333 0.5666667
vt 0.5416667 0.5666667
vt 0.5625 0.5666667
vt 0.5833333 0.5666667
vt 0.6041667 0.5666667
vt 0.625 0.5666667
vt 0.6458333 0.5666667
vt 0.6666667 0.5666667
vt 0.6875 0.5666667
vt 0.7083333 0.5666667
vt 0.7291667 0.5666667
vt 0.75 0.5666667
vt 0.7708333 0.5666667
vt 0.7916667 0.5666667
vt 0.8125 0.5666667
vt 0.8333333 0.5666667
vt 0.8541667 0.5666667
vt 0.875 0.5666667
vt 0.8958333 0.5666667
vt 0.9166667 0.5666667
vt 0.9375 0.5666667
vt 0.9583333 0.5666667
vt 0.9791667 0.5666667
vt 1 0.5666667
vt 0 0.6
vt 0.02083333 0.6
vt 0.04166667 0.6
vt 0.0625 0.6
vt 0.08333334 0.6
vt 0.1041667 0.6
vt 0.125 0.6
vt 0.1458333 0.6
vt 0.1666667 0.6
vt 0.1875 0.6
vt 0.2083333 0.6
vt 0.2291667 0.6
vt 0.25 0.6
vt 0.2708333 0.6
vt 0.2916667 0.6
vt 0.3125 0.6
vt 0.3333333 0.6
vt 0.3541667 0.6
vt 0.375 0.6
vt 0.3958333 0.6
vt 0.4166667 0.6
vt 0.4375 0.6
vt 0.4583333 0.6
vt 0.4791667 0.6
vt 0.5 0.6
vt 0.5208333 0.6
vt 0.5416667 0.6
vt 0.5625 0.6
vt 0.5833333 0.6
vt 0.6041667 0.6
vt 0.625 0.6
vt 0.6458333 0.6
vt 0.6666667 0.6
vt 0.6875 0.6
vt 0.7083333 0.6
vt 0.7291667 0.6
vt 0.75 0.6
vt 0.7708333 0.6
vt 0.7916667 0.6
vt 0.8125 0.6
vt 0.8333333 0.6
vt 0.8541667 0.6
vt 0.875 0.6
vt 0.8958333 0.6
vt 0.9166667 0.6
vt 0.9375 0.6
vt 0.9583333 0.6
vt 0.9791667 0.6
vt 1 0.6
vt 0 0.6333333
vt 0.02083333 0.6333333
vt 0.04166667 0.6333333
vt 0.0625 0.6333333
vt 0.08333334 0.6333333
vt 0.1041667 0.6333333
vt 0.125 0.6333333
vt 0.1458333 0.6333333
vt 0.1666667 0.6333333
vt 0.1875 0.6333333
vt 0.2083333 0.6333333
vt 0.2291667 0.6333333
vt 0.25 0.6333333
vt 0.2708333 0.6333333
vt 0.2916667 0.6333333
vt 0.3125 0.6333333
vt 0.3333333 0.6333333
vt 0.3541667 0.6333333
vt 0.375 0.6333333
vt 0.3958333 0.6333333
vt 0.4166667 0.6333333
vt 0.4375 0.6333333
vt 0.4583333 0.6333333
vt 0.4791667 0.6333333
vt 0.5 0.6333333
vt 0.5208333 0.6333333
vt 0.5416667 0.6333333
vt 0.5625 0.6333333
vt 0.5833333 0.6333333
vt 0.6041667 0.6333333
vt 0.625 0.6333333
vt 0.6458333 0.6333333
vt 0.6666667 0.6333333
vt 0.6875 0.6333333
vt 0.7083333 0.6333333
vt 0.7291667 0.6333333
vt 0.75 0.6333333
vt 0.7708333 0.6333333
vt 0.7916667 0.6333333
vt 0.8125 0.6333333
vt 0.8333333 0.6333333
vt 0.8541667 0.6333333
vt 0.875 0.6333333
vt 0.8958333 0.6333333
vt 0.9166667 0.6333333
vt 0.9375 0.6333333
vt 0.9583333 0.6333333
vt 0.9791667 0.6333333
vt 1 0.6333333
vt 0 0.6666667
vt 0.02083333 0.6666667
vt 0.04166667 0.6666667
vt 0.0625 0.6666667
vt 0.08333334 0.6666667
vt 0.1041667 0.6666667
vt 0.125 0.6666667
vt 0.1458333 0.6666667
vt 0.1666667 0.6666667
vt 0.1875 0.6666667
vt 0.2083333 0.6666667
vt 0.2291667 0.6666667
vt 0.25 0.6666667
vt 0.2708333 0.6666667
vt 0.2916667 0.6666667
vt 0.3125 0.6666667
vt 0.3333333 0.6666667
vt 0.3541667 0.6666667
vt 0.375 0.6666667
vt 0.3958333 0.6666667
vt 0.4166667 0.6666667
vt 0.4375 0.6666667
vt 0.4583333 0.6666667
vt 0.4791667 0.6666667
vt 0.5 0.6666667
vt 0.5208333 0.6666667
vt 0.5416667 0.6666667
vt 0.5625 0.6666667
vt 0.5833333 0.6666667
vt 0.6041667 0.6666667
vt 0.625 0.6666667
vt 0.6458333 0.6666667
vt 0.6666667 0.6666667
vt 0.6875 0.6666667
vt 0.7083333 0.6666667
vt 0.7291667 0.6666667
vt 0.75 0.6666667
vt 0.7708333 0.6666667
vt 0.7916667 0.6666667
vt 0.8125 0.6666667
vt 0.8333333 0.6666667
vt 0.8541667 0.6666667
vt 0.875 0.6666667
vt 0.8958333 0.6666667
vt 0.9166667 0.6666667
vt 0.9375 0.6666667
vt 0.9583333 0.6666667
vt 0.9791667 0.6666667
vt 1 0.6666667
vt 0 0.7
vt 0.02083333 0.7
vt 0.04166667 0.7
vt 0.0625 0.7
vt 0.08333334 0.7
vt 0.1041667 0.7
vt 0.125 0.7
vt 0.1458333 0.7
vt 0.1666667 0.7
vt 0.1875 0.7
vt 0.2083333 0.7
vt 0.2291667 0.7
vt 0.25 0.7
vt 0.2708333 0.7
vt 0.2916667 0.7
vt 0.3125 0.7
vt 0.3333333 0.7
vt 0.3541667 0.7
vt 0.375 0.7
vt 0.3958333 0.7
vt 0.4166667 0.7
vt 0.4375 0.7
vt 0.4583333 0.7
vt 0.4791667 0.7
vt 0.5 0.7
vt 0.5208333 0.7
vt 0.5416667 0.7
vt 0.5625 0.7
vt 0.5833333 0.7
vt 0.6041667 0.7
vt 0.625 0.7
vt 0.6458333 0.7
vt 0.6666667 0.7
vt 0.6875 0.7
vt 0.7083333 0.7
vt 0.7291667 0.7
vt 0.75 0.7
vt 0.7708333 0.7
vt 0.7916667 0.7
vt 0.8125 0.7
vt 0.8333333 0.7
vt 0.8541667 0.7
vt 0.875 0.7
vt 0.8958333 0.7
vt 0.9166667 0.7
vt 0.9375 0.7
vt 0.9583333 0.7
vt 0.9791667 0.7
vt 1 0.7
vt 0 0.7333333
vt 0.02083333 0.7333333
vt 0.04166667 0.7333333
vt 0.0625 0.7333333
vt 0.08333334 0.7333333
vt 0.1041667 0.7333333
vt 0.125 0.7333333
vt 0.1458333 0.7333333
vt 0.1666667 0.7333333
vt 0.1875 0.7333333
vt 0.2083333 0.7333333
vt 0.2291667 0.7333333
vt 0.25 0.7333333
vt 0.2708333 0.7333333
vt 0.2916667 0.7333333
vt 0.3125 0.7333333
vt 0.3333333 0.7333333
vt 0.3541667 0.7333333
vt 0.375 0.7333333
vt 0.3958333 0.7333333
vt 0.4166667 0.7333333
vt 0.4375 0.7333333
vt 0.4583333 0.7333333
vt 0.4791667 0.7333333
vt 0.5 0.7333333
vt 0.5208333 0.7333333
vt 0.5416667 0.7333333
vt 0.5625 0.7333333
vt 0.5833333 0.7333333
vt 0.6041667 0.7333333
vt 0.625 0.7333333
vt 0.6458333 0.7333333
vt 0.6666667 0.7333333
vt 0.6875 0.7333333
vt 0.7083333 0.7333333
vt 0.7291667 0.7333333
vt 0.75 0.7333333
vt 0.7708333 0.7333333
vt 0.7916667 0.7333333
vt 0.8125 0.7333333
vt 0.8333333 0.7333333
vt 0.8541667 0.7333333
vt 0.875 0.7333333
vt 0.8958333 0.7333333
vt 0.9166667 0.7333333
vt 0.9375 0.7333333
vt 0.9583333 0.7333333
vt 0.9791667 0.7333333
vt 1 0.7333333
vt 0 0.7666667
vt 0.02083333 0.7666667
vt 0.04166667 0.7666667
vt 0.0625 0.7666667
vt 0.08333334 0.7666667
vt 0.1041667 0.7666667
vt 0.125 0.7666667
vt 0.1458333 0.7666667
vt 0.1666667 0.7666667
vt 0.1875 0.7666667
vt 0.2083333 0.7666667
vt 0.2291667 0.7666667
vt 0.25 0.7666667
vt 0.2708333 0.7666667
vt 0.2916667 0.7666667
vt 0.3125 0.7666667
vt 0.3333333 0.7666667
vt 0.3541667 0.7666667
vt 0.375 0.7666667
vt 0.3958333 0.7666667
vt 0.4166667 0.7666667
vt 0.4375 0.7666667
vt 0.4583333 0.7666667
vt 0.4791667 0.7666667
vt 0.5 0.7666667
vt 0.5208333 0.7666667
vt 0.5416667 0.7666667
vt 0.5625 0.7666667
vt 0.5833333 0.7666667
vt 0.6041667 0.7666667
vt 0.625 0.7666667
vt 0.6458333 0.7666667
vt 0.6666667 0.7666667
vt 0.6875 0.7666667
vt 0.7083333 0.7666667
vt 0.7291667 0.7666667
vt 0.75 0.7666667
vt 0.7708333 0.7666667
vt 0.7916667 0.7666667
vt 0.8125 0.7666667
vt 0.8333333 0.7666667
vt 0.8541667 0.7666667
vt 0.875 0.7666667
vt 0.8958333 0.7666667
vt 0.9166667 0.7666667
vt 0.9375 0.7666667
vt 0.9583333 0.7666667
vt 0.9791667 0.7666667
vt 1 0.7666667
vt 0 0.8
vt 0.02083333 0.8
vt 0.04166667 0.8
vt 0.0625 0.8
vt 0.08333334 0.8
vt 0.1041667 0.8
vt 0.125 0.8
vt 0.1458333 0.8
vt 0.1666667 0.8
vt 0.1875 0.8
vt 0.2083333 0.8
vt 0.2291667 0.8
vt 0.25 0.8
vt 0.2708333 0.8
vt 0.2916667 0.8
vt 0.3125 0.8
vt 0.3333333 0.8
vt 0.3541667 0.8
vt 0.375 0.8
vt 0.3958333 0.8
vt 0.4166667 0.8
vt 0.4375 0.8
vt 0.4583333 0.8
vt 0.4791667 0.8
vt 0.5 0.8
vt 0.5208333 0.8
vt 0.5416667 0.8
vt 0.5625 0.8
vt 0.5833333 0.8
vt 0.6041667 0.8
vt 0.625 0.8
vt 0.6458333 0.8
vt 0.6666667 0.8
vt 0.6875 0.8
vt 0.7083333 0.8
vt 0.7291667 0.8
vt 0.75 0.8
vt 0.7708333 0.8
vt 0.7916667 0.8
vt 0.8125 0.8
vt 0.8333333 0.8
vt 0.8541667 0.8
vt 0.875 0.8
vt 0.8958333 0.8
vt 0.9166667 0.8
vt 0.9375 0.8
vt 0.9583333 0.8
vt 0.9791667 0.8
vt 1 0.8
vt 0 0.8333333
vt 0.02083333 0.8333333
vt 0.04166667 0.8333333
vt 0.0625 0.8333333
vt 0.08333334 0.8333333
vt 0.1041667 0.8333333
vt 0.125 0.8333333
vt 0.1458333 0.8333333
vt 0.1666667 0.8333333
vt 0.1875 0.8333333
vt 0.2083333 0.8333333
vt 0.2291667 0.8333333
vt 0.25 0.8333333
vt 0.2708333 0.8333333
vt 0.2916667 0.8333333
vt 0.3125 0.8333333
vt 0.3333333 0.8333333
vt 0.3541667 0.8333333
vt 0.375 0.8333333
vt 0.3958333 0.8333333
vt 0.4166667 0.8333333
vt 0.4375 0.8333333
vt 0.4583333 0.8333333
vt 0.4791667 0.8333333
vt 0.5 0.8333333
vt 0.5208333 0.8333333
vt 0.5416667 0.8333333
vt 0.5625 0.8333333
vt 0.5833333 0.8333333
vt 0.6041667 0.8333333
vt 0.625 0.8333333
vt 0.6458333 0.8333333
vt 0.6666667 0.8333333
vt 0.6875 0.8333333
vt 0.7083333 0.8333333
vt 0.7291667 0.8333333
vt 0.75 0.8333333
vt 0.7708333 0.8333333
vt 0.7916667 0.8333333
vt 0.8125 0.8333333
vt 0.8333333 0.8333333
vt 0.8541667 0.8333333
vt 0.875 0.8333333
vt 0.8958333 0.8333333
vt 0.9166667 0.8333333
vt 0.9375 0.8333333
vt 0.9583333 0.8333333
vt 0.9791667 0.8333333
vt 1 0.8333333
vt 0 0.8666667
vt 0.02083333 0.8666667
vt 0.04166667 0.8666667
vt 0.0625 0.8666667
vt 0.08333334 0.8666667
vt 0.1041667 0.8666667
vt 0.125 0.8666667
vt 0.1458333 0.8666667
vt 0.1666667 0.8666667
vt 0.1875 0.8666667
vt 0.2083333 0.8666667
vt 0.2291667 0.8666667
vt 0.25 0.8666667
vt 0.2708333 0.8666667
vt 0.2916667 0.8666667
vt 0.3125 0.8666667
vt 0.3333333 0.8666667
vt 0.3541667 0.8666667
vt 0.375 0.8666667
vt 0.3958333 0.8666667
vt 0.4166667 0.8666667
vt 0.4375 0.8666667
vt 0.4583333 0.8666667
vt 0.4791667 0.8666667
vt 0.5 0.8666667
vt 0.5208333 0.8666667
vt 0.5416667 0.8666667
vt 0.5625 0.8666667
vt 0.5833333 0.8666667
vt 0.6041667 0.8666667
vt 0.625 0.8666667
vt 0.6458333 0.8666667
vt 0.6666667 0.8666667
vt 0.6875 0.8666667
vt 0.7083333 0.8666667
vt 0.7291667 0.8666667
vt 0.75 0.8666667
vt 0.7708333 0.8666667
vt 0.7916667 0.8666667
vt 0.8125 0.8666667
vt 0.8333333 0.8666667
vt 0.8541667 0.8666667
vt 0.875 0.8666667
vt 0.8958333 0.8666667
vt 0.9166667 0.8666667
vt 0.9375 0.8666667
vt 0.9583333 0.8666667
vt 0.9791667 0.8666667
vt 1 0.8666667
vt 0 0.9
vt 0.02083333 0.9
vt 0.04166667 0.9
vt 0.0625 0.9
vt 0.08333334 0.9
vt 0.1041667 0.9
vt 0.125 0.9
vt 0.1458333 0.9
vt 0.1666667 0.9
vt 0.1875 0.9
vt 0.2083333 0.9
vt 0.2291667 0.9
vt 0.25 0.9
vt 0.2708333 0.9
vt 0.2916667 0.9
vt 0.3125 0.9
vt 0.3333333 0.9
vt 0.3541667 0.9
vt 0.375 0.9
vt 0.3958333 0.9
vt 0.4166667 0.9
vt 0.4375 0.9
vt 0.4583333 0.9
vt 0.4791667 0.9
vt 0.5 0.9
vt 0.5208333 0.9
vt 0.5416667 0.9
vt 0.5625 0.9
vt 0.5833333 0.9
vt 0.6041667 0.9
vt 0.625 0.9
vt 0.6458333 0.9
vt 0.6666667 0.9
vt 0.6875 0.9
vt 0.7083333 0.9
vt 0.7291667 0.9
vt 0.75 0.9
vt 0.7708333 0.9
vt 0.7916667 0.9
vt 0.8125 0.9
vt 0.8333333 0.9
vt 0.8541667 0.9
vt 0.875 0.9
vt 0.8958333 0.9
vt 0.9166667 0.9
vt 0.9375 0.9
vt 0.9583333 0.9
vt 0.9791667 0.9
vt 1 0.9
vt 0 0.9333333
vt 0.02083333 0.9333333
vt 0.04166667 0.9333333
vt 0.0625 0.9333333
vt 0.08333334 0.9333333
vt 0.1041667 0.9333333
vt 0.125 0.9333333
vt 0.1458333 0.9333333
vt 0.1666667 0.9333333
vt 0.1875 0.9333333
vt 0.2083333 0.9333333
vt 0.2291667 0.9333333
vt 0.25 0.9333333
vt 0.2708333 0.9333333
vt 0.2916667 0.9333333
vt 0.3125 0.9333333
vt 0.3333333 0.9333333
vt 0.3541667 0.9333333
vt 0.375 0.9333333
vt 0.3958333 0.9333333
vt 0.4166667 0.9333333
vt 0.4375 0.9333333
vt 0.4583333 0.9333333
vt 0.4791667 0.9333333
vt 0.5 0.9333333
vt 0.5208333 0.9333333
vt 0.5416667 0.9333333
vt 0.5625 0.9333333
vt 0.5833333 0.9333333
vt 0.6041667 0.9333333
vt 0.625 0.9333333
vt 0.6458333 0.9333333
vt 0.6666667 0.9333333
vt 0.6875 0.9333333
vt 0.7083333 0.9333333
vt 0.7291667 0.9333333
vt 0.75 0.9333333
vt 0.7708333 0.9333333
vt 0.7916667 0.9333333
vt 0.8125 0.9333333
vt 0.8333333 0.9333333
vt 0.8541667 0.9333333
vt 0.875 0.9333333
vt 0.8958333 0.9333333
vt 0.9166667 0.9333333
vt 0.9375 0.9333333
vt 0.9583333 0.9333333
vt 0.9791667 0.9333333
vt 1 0.9333333
vt 0 0.9666666
vt 0.02083333 0.9666666
vt 0.04166667 0.9666666
vt 0.0625 0.9666666
vt 0.08333334 0.9666666
vt 0.1041667 0.9666666
vt 0.125 0.9666666
vt 0.1458333 0.9666666
vt 0.1666667 0.9666666
vt 0.1875 0.9666666
vt 0.2083333 0.9666666
vt 0.2291667 0.9666666
vt 0.25 0.9666666
vt 0.2708333 0.9666666
vt 0.2916667 0.9666666
vt 0.3125 0.9666666
vt 0.3333333 0.9666666
vt 0.3541667 0.9666666
vt 0.375 0.9666666
vt 0.3958333 0.9666666
vt 0.4166667 0.9666666
vt 0.4375 0.9666666
vt 0.4583333 0.9666666
vt 0.4791667 0.9666666
vt 0.5 0.9666666
vt 0.5208333 0.9666666
vt 0.5416667 0.9666666
vt 0.5625 0.9666666
vt 0.5833333 0.9666666
vt 0.6041667 0.9666666
vt 0.625 0.9666666
vt 0.6458333 0.9666666
vt 0.6666667 0.9666666
vt 0.6875 0.9666666
vt 0.7083333 0.9666666
vt 0.7291667 0.9666666
vt 0.75 0.9666666
vt 0.7708333 0.9666666
vt 0.7916667 0.9666666
vt 0.8125 0.9666666
vt 0.8333333 0.9666666
vt 0.8541667 0.9666666
vt 0.875 0.9666666
vt 0.8958333 0.9666666
vt 0.9166667 0.9666666
vt 0.9375 0.9666666
vt 0.9583333 0.9666666
vt 0.9791667 0.9666666
vt 1 0.9666666
vt 0 1
vt 0.02083333 1
vt 0.04166667 1
vt 0.0625 1
vt 0.08333334 1
vt 0.1041667 1
vt 0.125 1
vt 0.1458333 1
vt 0.1666667 1
vt 0.1875 1
vt 0.2083333 1
vt 0.2291667 1
vt 0.25 1
vt 0.2708333 1
vt 0.2916667 1
vt 0.3125 1
vt 0.3333333 1
vt 0.3541667 1
vt 0.375 1
vt 0.3958333 1
vt 0.4166667 1
vt 0.4375 1
vt 0.4583333 1
vt 0.4791667 1
vt 0.5 1
vt 0.5208333 1
vt 0.5416667 1
vt 0.5625 1
vt 0.5833333 1
vt 0.6041667 1
vt 0.625 1
vt 0.6458333 1
vt 0.6666667 1
vt 0.6875 1
vt 0.7083333 1
vt 0.7291667 1
vt 0.75 1
vt 0.7708333 1
vt 0.7916667 1
vt 0.8125 1
vt 0.8333333 1
vt 0.8541667 1
vt 0.875 1
vt 0.8958333 1
vt 0.9166667 1
vt 0.9375 1
vt 0.9583333 1
vt 0.9791667 1
vt 1 1
vn 0 1 0
vn 0 1 0
vn 0 1 0
vn 0 1 0
vn 0 1 0
vn 0 1 0
vn 0 1 0
vn 0 1 0
vn 0 1 0
vn 0 1 0
vn 0 1 0
vn 0 1 0
vn 0 1 0
vn 0 1 0
vn 0 1 0
vn 0 1 0
vn 0 1 0
vn 0 1 0
vn 0 1 0
vn 0 1 0
vn 0 1 0
vn 0 1 0
vn 0 1 0
vn 0 1 0
vn 0 1 0
vn 0 1 0
vn 0 1 0
vn 0 1 0
vn 0 1 0
vn 0 1 0
vn 0 1 0
vn 0 1 0
vn 0 1 0
vn 0 1 0
vn 0 1 0
vn 0 1 0
vn 0 1 0
vn 0 1 0
vn 0 1 0
vn 0 1 0
vn 0 1 0
vn 0 1 0
vn 0 1 0
vn 0 1 0
vn 0 1 0
vn 0 1 0
vn 0 1 0
vn 0 1 0
vn 0 1 0
vn 0.4993084 0.8551924 0.1390579
vn 0.5108553 0.8378103 0.1926154
vn 0.5077538 0.8248264 0.2486917
vn 0.4928434 0.8155856 0.3031921
vn 0.474199 0.8097484 0.3456052
vn 0.4559352 0.8065147 0.3763736
vn 0.4430374 0.8054372 0.3936861
vn 0.4329713 0.8069103 0.4017857
vn 0.4246139 0.8121464 0.4001515
vn 0.40718 0.8243734 0.3932086
vn 0.3719091 0.8464791 0.3809945
vn 0.3084893 0.8793484 0.3627405
vn 0.2194429 0.9168687 0.3334616
vn 0.1178371 0.9487934 0.2930968
vn 0.03038033 0.9676802 0.2503443
vn -0.02205376 0.9750473 0.2208989
vn -0.03285823 0.975937 0.2155628
vn -0.008996869 0.9724082 0.2331125
vn 0.03989732 0.9627597 0.2673986
vn 0.09483228 0.9475114 0.3053344
vn 0.1389385 0.9313305 0.3366298
vn 0.15959 0.9220981 0.3525141
vn 0.1539961 0.9251124 0.3470625
vn 0.1260373 0.9395939 0.3182418
vn 0.08519849 0.9586767 0.2714412
vn 0.04284401 0.9756253 0.21522
vn 0.008234157 0.98685 0.1614289
vn -0.01091098 0.9931617 0.1162355
vn -0.01093662 0.9965836 0.08186314
vn 0.01138817 0.9982894 0.05734672
vn 0.05567396 0.9975223 0.04300855
vn 0.1166581 0.9922895 0.04186168
vn 0.185084 0.9812286 0.05416946
vn 0.2513938 0.9648474 0.0766196
vn 0.308541 0.9457955 0.101358
vn 0.353322 0.9278682 0.1192647
vn 0.3829032 0.915437 0.1239364
vn 0.3977924 0.9105855 0.1122288
vn 0.3917916 0.9162008 0.08411558
vn 0.3630877 0.9307856 0.04249267
vn 0.3185962 0.9478772 -0.005027156
vn 0.2772425 0.9597079 -0.04579657
vn 0.2613846 0.9630539 -0.06484825
vn 0.2798435 0.958406 -0.05608571
vn 0.3229499 0.9460021 -0.02798972
vn 0.377479 0.9259551 0.0108086
vn 0.4295613 0.901579 0.05130762
vn 0.4715454 0.8769023 0.0932056
vn 0.499307 0.8551901 0.1390771
vn 0.1711529 0.9818879 -0.08125807
vn 0.09629701 0.9898826 -0.1042082
vn 0.05302944 0.9932095 -0.1035512
vn 0.02602614 0.9962081 -0.08301836
vn 0.002389648 0.9986166 -0.05252703
vn -0.02326264 0.9995506 -0.01890905
vn -0.04984736 0.9986188 0.01660541
vn -0.06881967 0.9959945 0.05708726
vn -0.06520128 0.9918621 0.1093547
vn -0.01830806 0.983011 0.1826315
vn 0.08136877 0.9560764 0.2815973
vn 0.1966964 0.898222 0.3930749
vn 0.2568961 0.834405 0.4876195
vn 0.2275613 0.8087585 0.5423335
vn 0.1259571 0.8318709 0.5404865
vn 0.004748192 0.8768169 0.480801
vn -0.06655122 0.9113452 0.4062276
vn -0.0635377 0.9245843 0.3756419
vn -0.04084321 0.9187936 0.3926196
vn -0.08404467 0.9115741 0.4024541
vn -0.2313973 0.910365 0.3430611
vn -0.4316548 0.8816757 0.1905836
vn -0.5751888 0.817891 0.01456812
vn -0.629868 0.7699248 -0.1023825
vn -0.628837 0.763458 -0.1472957
vn -0.600547 0.7864681 -0.1442612
vn -0.5619771 0.8179263 -0.1232002
vn -0.523682 0.844991 -0.1083855
vn -0.4897636 0.8643255 -0.114338
vn -0.4596078 0.8762137 -0.1449492
vn -0.4316083 0.8806905 -0.1951883
vn -0.4016773 0.8784354 -0.2588564
vn -0.3664785 0.8718122 -0.3250185
vn -0.3164899 0.868063 -0.3824928
vn -0.2345565 0.8782162 -0.4167969
vn -0.09952798 0.9072449 -0.4086575
vn 0.09546582 0.9363912 -0.3377243
vn 0.3042048 0.9288656 -0.2113483
vn 0.4431996 0.8920187 -0.08875199
vn 0.483187 0.8750535 -0.0284897
vn 0.4540045 0.8898671 -0.04490606
vn 0.4234266 0.9005754 -0.09835591
vn 0.4511487 0.8848237 -0.1164124
vn 0.5109073 0.8562018 -0.07676112
vn 0.5370649 0.8432979 -0.02025028
vn 0.5006519 0.8655977 0.009397455
vn 0.4056467 0.9140294 -0.001062171
vn 0.2818429 0.9586215 -0.04011747
vn 0.1711481 0.9818898 -0.08124522
vn 0.4221937 0.8995841 -0.1118077
vn 0.3699855 0.9251519 -0.08487993
vn 0.3028848 0.9520117 -0.04398299
vn 0.2414512 0.9704129 0.0003474932
vn 0.1848921 0.9818179 0.04299563
vn 0.1264243 0.9883767 0.08443051
vn 0.06380973 0.9890446 0.1331132
vn 0.003798854 0.979706 0.2004039
vn -0.03842674 0.955763 0.291617
vn -0.04600085 0.918839 0.3919423
vn -0.01950991 0.888567 0.4583318
vn 0.006968467 0.8936927 0.4486254
vn -0.01081411 0.9239464 0.3823692
vn -0.06330349 0.9254218 0.3736137
vn -0.07556426 0.8618076 0.5015754
vn -0.009351727 0.7754143 0.6313836
vn 0.04349086 0.78414 0.6190582
vn -0.05335403 0.8710333 0.4883179
vn -0.3267327 0.8797619 0.3453473
vn -0.5496202 0.7890051 0.27457
vn -0.5896224 0.7701938 0.2432014
vn -0.52537 0.8323187 0.1767258
vn -0.4972681 0.8653628 0.06222437
vn -0.5515568 0.8332872 -0.03765046
vn -0.6152657 0.7846875 -0.07558862
vn -0.6384135 0.7668969 -0.06555437
vn -0.6211624 0.7822072 -0.04805503
vn -0.5818 0.8115086 -0.05442972
vn -0.5373459 0.837863 -0.09615172
vn -0.4953772 0.8516786 -0.171012
vn -0.4568824 0.8482378 -0.2678643
vn -0.4194667 0.8305322 -0.3664206
vn -0.3780501 0.8140352 -0.4409362
vn -0.3205116 0.8228374 -0.4692665
vn -0.2263732 0.8653792 -0.4470728
vn -0.08124605 0.9082347 -0.4104982
vn 0.08477981 0.90024 -0.4270601
vn 0.2035982 0.843975 -0.4962398
vn 0.2547542 0.822795 -0.5080441
vn 0.3212797 0.8743116 -0.3638112
vn 0.4603538 0.8770424 -0.1373726
vn 0.5802211 0.8127411 -0.0528721
vn 0.5680574 0.8119402 -0.1344027
vn 0.3928981 0.8929269 -0.2198012
vn 0.2249646 0.9566538 -0.1849443
vn 0.2265878 0.9669915 -0.1165569
vn 0.336192 0.9364592 -0.1000963
vn 0.4193788 0.900636 -0.1139132
vn 0.4222162 0.8995733 -0.1118098
vn 0.4673881 0.8705096 -0.1541475
vn 0.6851022 0.7165148 0.1313072
vn 0.7563697 0.5690696 0.3225906
vn 0.7484176 0.5213864 0.4099114
vn 0.7140434 0.5345331 0.4521241
vn 0.6692982 0.5637292 0.4839931
vn 0.6139396 0.5956616 0.5179435
vn 0.5230047 0.6524189 0.5484667
vn 0.322246 0.7695044 0.5513806
vn -0.04621651 0.8849292 0.4634266
vn -0.2749507 0.953393 0.1242732
vn -0.2105353 0.9639363 -0.1627938
vn -0.009074446 0.9999563 0.002262344
vn 0.0553688 0.9137966 0.4023805
vn -0.2621131 0.8949381 0.3610854
vn -0.2585556 0.8639464 0.4321407
vn 0.112788 0.7151054 0.6898574
vn -0.1381201 0.7870609 0.6012138
vn -0.6443028 0.7324768 0.2198901
vn -0.4794267 0.8130812 0.3302257
vn -0.1634109 0.8796052 0.4467568
vn -0.4912628 0.8641297 0.1092734
vn -0.6971727 0.6975031 -0.1656491
vn -0.5743858 0.8174183 -0.04368438
vn -0.2902288 0.9388033 0.1855148
vn -0.2038327 0.9518976 0.2287866
vn -0.2839203 0.9453905 0.1600819
vn -0.3887044 0.9194834 0.05881492
vn -0.4358947 0.8990314 -0.04169486
vn -0.4018404 0.9067329 -0.1279052
vn -0.2837958 0.9410836 -0.1839066
vn -0.1050943 0.9752329 -0.1946178
vn 0.05751606 0.9802561 -0.1891822
vn 0.09471516 0.9605266 -0.2615677
vn -0.08330511 0.8704324 -0.4851882
vn -0.2829756 0.6972535 -0.6586064
vn -0.126846 0.7419652 -0.6583295
vn 0.3615338 0.8108308 -0.4602682
vn 0.4184767 0.7724619 -0.4776818
vn 0.06903044 0.7477687 -0.6603611
vn 0.3148382 0.8420454 -0.4379914
vn 0.6246452 0.7797077 -0.04329271
vn 0.3528549 0.9132311 -0.2037218
vn 0.07211563 0.9297541 -0.3610494
vn 0.4062432 0.9063929 -0.1158378
vn 0.616509 0.7869338 0.02553078
vn 0.473452 0.8637179 -0.1727274
vn 0.3186053 0.8989362 -0.3006734
vn 0.467388 0.8705094 -0.154149
vn 0.6960689 0.7148381 0.06704198
vn 0.5312331 0.8456979 0.05085804
vn 0.4909118 0.8699653 0.04654161
vn 0.5069413 0.8569235 0.0932352
vn 0.4922089 0.8567882 0.1537677
vn 0.4261807 0.8795347 0.2116337
vn 0.3141376 0.9108117 0.2678427
vn 0.1806587 0.9285605 0.3242496
vn 0.09277714 0.9116377 0.4003862
vn 0.3127452 0.8976944 0.3103791
vn -0.1418706 0.3087132 0.9405153
vn -0.05134724 0.2984675 0.9530376
vn 0.08524891 0.5348634 0.8406271
vn 0.3027881 0.5537083 0.7757102
vn -0.3959499 0.8534104 0.3389903
vn -0.2204546 0.8713911 0.4382665
vn -0.1764002 0.8583997 0.481698
vn -0.3789068 0.6334561 0.6746577
vn -0.3096756 0.829868 0.4641339
vn -0.1548374 0.9131706 0.3770211
vn -0.4407502 0.8334928 0.3332101
vn -0.3812088 0.9206862 0.08376546
vn -0.2743277 0.9616145 0.006482832
vn -0.5511405 0.8342084 0.01845709
vn -0.7460729 0.6657028 -0.01465883
vn -0.7411051 0.6699751 -0.04355131
vn -0.6733063 0.737568 -0.05149908
vn -0.4298942 0.8414124 0.3274389
vn -0.7586431 0.3854239 -0.5252705
vn -0.8524252 0.2592566 -0.4540456
vn -0.844954 0.3994139 -0.3556985
vn -0.01019801 0.9204221 -0.3907931
vn -0.3596736 0.7813893 -0.5099664
vn -0.1650789 0.9336644 -0.317836
vn 0.07560884 0.9318712 -0.3548231
vn 0.1045859 0.9066777 -0.4086531
vn 0.1253745 0.8647705 -0.4862647
vn 0.2162538 0.6361527 -0.7406376
vn 0.3004213 0.6999524 -0.6479303
vn 0.1646483 0.8276705 -0.5365188
vn 0.2479836 0.7238721 -0.6438271
vn 0.2680069 0.9025949 -0.3368901
vn 0.1840465 0.972673 -0.1415421
vn 0.4811252 0.8415028 -0.2457471
vn 0.5544932 0.8279775 -0.08360966
vn 0.4959405 0.867098 -0.04673475
vn 0.7131207 0.689632 -0.125963
vn 0.8134964 0.5810795 -0.02387852
vn 0.6960533 0.7148556 0.06701779
vn 0.7036914 0.685602 0.1864629
vn 0.6694698 0.7197089 0.1839277
vn 0.4651552 0.8849538 -0.02207999
vn 0.3311173 0.9382928 -0.09983953
vn 0.2654845 0.9611633 -0.07538638
vn 0.1799613 0.9835593 -0.0150059
vn 0.06130632 0.9954197 0.07335658
vn -0.02696447 0.977073 0.2111905
vn 0.1213018 0.9165571 0.3810627
vn -0.5255578 0.4363092 0.7303583
vn -0.5140811 0.4745676 0.7144972
vn -0.5471793 0.3728129 0.7494034
vn 0.5364603 0.2088787 0.8176675
vn 0.5831642 0.4273069 0.6908895
vn 0.4376936 0.6902512 0.576175
vn -0.09450556 0.7624173 0.6401474
vn -0.568163 0.7098196 0.4163497
vn -0.3275985 0.7317082 0.597731
vn 0.06276158 0.7155771 0.6957086
vn -0.4845724 0.8286951 0.2800966
vn -0.07768072 0.8868013 0.4555757
vn -0.5743909 0.8170705 0.04970967
vn -0.7802773 0.5747346 -0.2466728
vn -0.5810935 0.8124503 0.04748572
vn -0.6076469 0.7926979 0.04894245
vn -0.7880226 0.5996478 -0.139438
vn -0.8287643 0.5439758 -0.131302
vn -0.478187 0.3111669 -0.821287
vn -0.6265209 0.3467286 -0.6980336
vn -0.8527545 0.1591544 -0.4974734
vn -0.9211692 0.2485576 -0.2994439
vn -0.9614505 0.2662817 0.06860779
vn -0.2535044 0.04775242 -0.9661549
vn -0.2956217 0.2824873 -0.9125836
vn -0.1934493 0.5036444 -0.8419737
vn -0.609539 0.2021721 -0.7665433
vn 0.09809337 0.7512481 -0.6526898
vn 0.5751853 0.7359862 -0.3570519
vn 0.1252952 0.7131975 -0.6896741
vn 0.03864922 0.7146924 -0.6983703
vn 0.2325587 0.8535365 -0.466253
vn -0.1293616 0.7961403 -0.5911229
vn 0.5373104 0.8422773 -0.04320227
vn 0.4680721 0.8699301 -0.1553386
vn 0.5940815 0.7951231 -0.121846
vn 0.7927845 0.586002 0.167614
vn 0.4177774 0.8699206 -0.2621073
vn 0.4100377 0.8866606 -0.2137805
vn 0.7037419 0.6855794 0.186355
vn 0.4149425 0.9087948 0.04375842
vn 0.7794931 0.5563312 0.2878994
vn 0.8789962 0.3772005 0.2916943
vn 0.8581819 0.4617781 0.2242428
vn 0.7921088 0.5830702 0.180535
vn 0.7136374 0.6689531 0.2079025
vn 0.6122098 0.7215394 0.3233885
vn 0.4517314 0.745635 0.4898645
vn 0.1801485 0.8141572 0.5519914
vn -0.4803383 0.8088266 0.3392265
vn -0.5995595 0.7801928 0.178403
vn -0.4824627 0.8603238 0.1645383
vn 0.4304046 0.9000447 0.06834777
vn 0.3930608 0.8192619 0.4175082
vn 0.3457249 0.5848401 0.7337822
vn -0.4320359 0.7988434 0.418562
vn -0.5004602 0.5169685 0.6944661
vn -0.1246246 0.8559194 0.5018674
vn -0.2667305 0.5697359 0.777339
vn -0.117995 0.8140455 0.5686889
vn -0.7891971 0.5612084 0.2494256
vn -0.6677663 0.7205278 0.1868899
vn -0.648778 0.7431226 -0.1638784
vn -0.7706725 0.6349267 -0.05414898
vn -0.4305699 0.898082 0.08976802
vn -0.2813719 0.9591863 0.02813467
vn -0.4301058 0.9023052 -0.02922985
vn -0.04647259 0.7271981 -0.6848527
vn -0.070099 0.8163154 -0.573337
vn -0.2484147 0.9664898 -0.06471219
vn -0.6259117 0.7733663 0.1006937
vn -0.5094605 0.8416427 -0.1791302
vn 0.3152491 0.2964305 -0.9015248
vn -0.05257014 -0.05592227 -0.9970502
vn -0.768548 -0.1797591 -0.6140202
vn -0.670353 0.2931358 -0.6816878
vn 0.6587137 0.626247 -0.4170263
vn 0.2692832 0.6203837 -0.7366212
vn 0.1276003 0.9231283 -0.3627014
vn 0.1665308 0.8005419 -0.5756736
vn -0.1916037 0.8009282 -0.5672759
vn 0.3157986 0.8358448 -0.4490376
vn 0.3766053 0.8415347 -0.3872826
vn 0.6508625 0.7547681 0.08187319
vn 0.6243331 0.765291 -0.1566462
vn 0.3203028 0.9472832 -0.00778881
vn 0.6372862 0.767499 -0.06936588
vn 0.3859949 0.9024279 -0.1913944
vn 0.4149697 0.9087821 0.0437635
vn 0.681215 0.6913543 0.2407807
vn 0.5023311 0.8531433 0.1407483
vn 0.7157588 0.673999 0.1827973
vn 0.8410999 0.4928239 0.22288
vn 0.8698935 0.4419284 0.2190541
vn 0.8635585 0.4380096 0.2498287
vn 0.8050221 0.4680412 0.3645228
vn 0.6083233 0.5990417 0.5206648
vn 0.2329605 0.8160738 0.5289168
vn 0.07789242 0.8607786 0.5029841
vn -0.4193377 0.8631355 0.2813415
vn -0.3313444 0.9391419 0.09068379
vn 0.004602118 0.9998595 -0.01611884
vn 0.2545815 0.8911708 0.3755036
vn -0.2067163 0.7189319 0.6636304
vn -0.4165819 0.2893298 0.8618283
vn -0.2439777 0.8564156 0.4550024
vn -0.3923001 0.5105578 0.7651349
vn -0.1972699 0.7642036 0.6140663
vn -0.6942084 0.2165096 0.6864388
vn -0.6129791 0.6935376 0.3785001
vn -0.7934901 0.5175801 0.3201319
vn -0.454169 0.8909133 -0.002014591
vn -0.3831651 0.9186194 0.09655596
vn -0.6652735 0.7462492 0.02287504
vn -0.5131478 0.8558116 -0.06531402
vn -0.4235758 0.9053952 -0.0290361
vn -0.830267 0.5218199 0.1958592
vn -0.07708744 0.969325 -0.2333809
vn -0.266915 0.954675 -0.1317272
vn -0.2560673 0.9645514 0.06379768
vn -0.3205869 0.5418812 -0.7769098
vn 0.5168992 0.7420513 -0.4268197
vn 0.3185634 0.9439079 -0.08692044
vn -0.689955 0.7219337 -0.05266626
vn -0.5413606 0.7663873 -0.3458024
vn 0.2222976 0.2135522 -0.951304
vn 0.06641164 0.8141938 -0.5767824
vn -0.04231052 0.8239247 -0.5651178
vn 0.07838592 0.9503601 -0.3011167
vn 0.03956926 0.7894908 -0.6124856
vn 0.41816 0.7765208 -0.4713362
vn 0.5578734 0.6463191 -0.5206236
vn 0.5790633 0.8129492 -0.06163921
vn 0.4487887 0.8747102 -0.1829505
vn 0.5868701 0.8095261 -0.01584648
vn 0.4386061 0.8933034 -0.09815172
vn 0.9052177 0.4145939 0.09323519
vn 0.6811832 0.6913972 0.2407475
vn 0.7520485 0.640155 0.1569228
vn 0.373241 0.920059 0.1190909
vn 0.2437831 0.9698225 0.003761812
vn 0.3599146 0.9316529 0.04984391
vn 0.5171138 0.8470163 0.123113
vn 0.5962556 0.780473 0.1879926
vn 0.5399983 0.7899781 0.2904076
vn 0.3666142 0.8329391 0.4144956
vn 0.3121082 0.7683793 0.5587323
vn 0.384199 0.4789149 0.7893236
vn -0.01267155 0.6173355 0.786598
vn -0.05854185 0.8559159 0.5137907
vn -0.1207206 0.7439082 0.6572878
vn -0.4751526 0.8270186 0.3004501
vn -0.2873337 0.4337867 0.8539721
vn -0.3474 0.6521945 0.6737623
vn -0.2026012 0.4900069 0.8478479
vn -0.3023669 0.7722884 0.5586994
vn -0.8248783 0.2160347 0.522403
vn -0.4640242 0.393732 0.7935091
vn -0.7597649 0.3550427 0.5447036
vn -0.3400284 0.7808361 0.5240951
vn -0.7196995 0.6794909 0.1425651
vn -0.557373 0.8299761 -0.02179522
vn -0.7243736 0.6853042 0.07510677
vn -0.8928021 0.3825028 -0.2378992
vn -0.809003 0.5160832 -0.2813759
vn -0.6972108 0.6823142 -0.2198736
vn -0.6452559 0.7030402 -0.2989637
vn -0.6551376 0.5330755 -0.5353739
vn -0.51358 0.5590435 -0.650927
vn -0.5115071 0.3586549 -0.7808503
vn 0.07161231 0.7389196 -0.6699772
vn -0.04709389 0.8106248 -0.5836691
vn -0.04311171 0.9858364 -0.1620743
vn -0.09729215 0.4578827 -0.8836729
vn 0.1355959 0.7177848 -0.6829339
vn -0.4119209 0.5832039 -0.7001389
vn 0.05615386 0.7981825 -0.5997928
vn -0.09996789 0.8190333 -0.5649699
vn 0.6156272 0.7217199 -0.3164233
vn 0.4215005 0.4411333 -0.7922997
vn 0.6725184 0.6065237 -0.4240851
vn 0.5371716 0.6058282 -0.5868722
vn 0.6664967 0.7448211 -0.03199725
vn 0.8743905 0.4536034 -0.1722943
vn 0.8696377 0.4621311 0.1736814
vn 0.6454622 0.7303042 -0.2236835
vn 0.7520868 0.6401154 0.1569009
vn 0.5530221 0.7906764 -0.2626734
vn 0.7023699 0.6823172 0.2027806
vn 0.6022573 0.7518167 0.268436
vn 0.544344 0.804474 0.2377208
vn 0.5829245 0.7656854 0.2718913
vn 0.6386763 0.6951422 0.3299544
vn 0.6410471 0.6376522 0.4271516
vn 0.6105748 0.555478 0.5644842
vn 0.553905 0.4397539 0.7069694
vn 0.1896323 0.566449 0.801982
vn -0.02448517 0.7000436 0.7136803
vn 0.379254 0.458543 0.803682
vn -0.3746919 0.6694481 0.64144
vn -0.2312934 0.6484968 0.7252277
vn -0.742128 0.5796434 0.3365405
vn 0.06425814 0.5557042 0.8288931
vn -0.3047904 0.5953327 0.7434257
vn -0.7505793 0.345456 0.5632858
vn -0.5461641 0.4544954 0.703661
vn -0.7855617 0.4109045 0.4626557
vn -0.2344542 0.4395593 0.867075
vn -0.7952205 0.4928446 0.3531695
vn -0.6742042 0.5767363 0.4613286
vn -0.8953008 0.3921554 -0.2113068
vn -0.7221781 0.6915716 0.01369539
vn -0.7236761 0.6901167 0.005640072
vn -0.796863 0.5372277 -0.276398
vn -0.7521897 0.5525211 -0.3590697
vn -0.6746536 0.5968149 -0.4343437
vn -0.5958076 0.5458489 -0.58912
vn -0.5446919 0.3746393 -0.7503041
vn -0.5346394 0.18617 -0.8243188
vn -0.4414588 0.271766 -0.8551359
vn -0.3488678 0.3680499 -0.8618762
vn -0.5882617 0.3639537 -0.7221398
vn -0.03374526 0.7082531 -0.7051517
vn -0.04596678 0.8056444 -0.5906135
vn -0.1082433 0.6754792 -0.7293911
vn -0.2814186 0.5506487 -0.7858687
vn 0.5130849 0.535492 -0.6708146
vn 0.4632068 0.459968 -0.7575414
vn 0.8532278 0.3890578 -0.3473275
vn 0.4389778 0.3127821 -0.842298
vn 0.7374753 0.3486485 -0.5784242
vn 0.9870037 0.09815939 -0.1272345
vn 0.9046736 0.3747416 -0.2028163
vn 0.9199522 0.3830234 -0.08355276
vn 0.6370884 0.7378709 -0.2228567
vn 0.5530218 0.7906759 -0.2626758
vn 0.9050298 0.3819202 -0.1872379
vn 0.9059761 0.4231143 -0.01347337
vn 0.882948 0.2759662 0.3797965
vn 0.8265989 0.2551495 0.5016303
vn 0.8078624 0.2512084 0.5331537
vn 0.8269164 0.1445756 0.5434217
vn 0.8389759 -0.01037384 0.5440697
vn 0.8024515 -0.04968667 0.5946452
vn 0.5898398 0.2179936 0.7775396
vn 0.1667606 0.5617988 0.810292
vn 0.3444076 0.5286344 0.7758409
vn -0.1322717 0.5842904 0.8006929
vn 0.02636216 0.2295329 0.9729438
vn -0.5753161 0.3446335 0.7417811
vn -0.1149019 0.633384 0.7652597
vn -0.6551804 0.6346758 0.409787
vn -0.3433055 0.3541701 0.8698879
vn -0.5465727 0.2089263 0.8109304
vn -0.7800948 0.536312 0.3222136
vn -0.222355 0.5870807 0.7783923
vn -0.7477085 0.3835373 0.5420619
vn -0.6890848 0.2641534 0.6748224
vn -0.9068252 0.3370399 0.2531246
vn -0.7114604 0.6467491 0.2748448
vn -0.7845388 0.5814919 -0.2153278
vn -0.698299 0.715683 0.01328093
vn -0.7372333 0.6682291 -0.09978519
vn -0.798431 0.4732181 -0.3722535
vn -0.758573 0.3537952 -0.5471709
vn -0.6489015 0.35864 -0.6710471
vn -0.4827591 0.4607655 -0.7447408
vn -0.2570837 0.6241143 -0.7378274
vn -0.1387238 0.6757484 -0.7239612
vn -0.5727447 0.3924727 -0.7196727
vn -0.5532053 0.2940921 -0.779406
vn -0.1787852 0.4072347 -0.8956538
vn -0.3370355 0.5413329 -0.7703024
vn 0.1145998 0.7356192 -0.6676311
vn 0.1083839 0.4614975 -0.880496
vn 0.2724273 0.08064049 -0.9587912
vn 0.8493899 0.2373194 -0.4713984
vn 0.4440346 0.4776309 -0.7580911
vn 0.8174427 0.1752 -0.5487189
vn 0.9164427 -0.138834 -0.3753105
vn 0.7746598 0.04311646 -0.6309066
vn 0.970349 0.2413663 -0.01285358
vn 0.5928642 0.5937859 -0.5439948
vn 0.9311807 0.3629299 -0.03441535
vn 0.9050417 0.3819252 -0.1871701
vn 0.9883223 0.09845333 0.1163015
vn 0.9555965 0.2887315 -0.05890294
vn 0.8568512 0.5091117 0.08131067
vn 0.778792 0.4781433 0.4060323
vn 0.7208706 0.3812042 0.5788169
vn 0.7293974 0.2700155 0.6285468
vn 0.7458944 0.2023541 0.6345821
vn 0.688449 0.1874769 0.7006358
vn 0.598149 0.1369601 0.7895947
vn 0.6735027 0.08557945 0.7342141
vn 0.2319558 0.4678031 0.8528522
vn -0.1822674 0.3857667 0.9044129
vn -0.306814 0.2516888 0.9178878
vn -0.09744564 0.066525 0.993015
vn -0.4534455 0.4471206 0.7710191
vn -0.2572004 0.4902755 0.8327532
vn -0.8605908 0.2114055 0.4633478
vn -0.5974685 0.3226649 0.7341108
vn -0.1282184 0.436046 0.8907435
vn -0.7665153 0.5541266 0.3246507
vn -0.6987237 0.4393981 0.5645481
vn -0.7052982 0.2652191 0.6574292
vn -0.7742006 0.480422 0.412078
vn -0.8202454 0.4965213 0.2840145
vn -0.8696747 0.4935853 -0.006284165
vn -0.8956172 0.088471 -0.4359388
vn -0.9361908 0.01991767 -0.3509274
vn -0.9184372 0.08467662 -0.3863973
vn -0.8363145 0.1356408 -0.5312058
vn -0.701553 0.2236288 -0.6766192
vn -0.517961 0.3390757 -0.7853306
vn -0.3893473 0.3918917 -0.8335644
vn -0.5052054 0.3639303 -0.7825102
vn -0.4168226 0.4634067 -0.781993
vn -0.07137536 0.3496543 -0.934156
vn -0.622323 0.07513484 -0.7791463
vn -0.1216439 0.351542 -0.9282355
vn -0.2480031 0.4282525 -0.8689616
vn 0.5841868 0.3314728 -0.7408452
vn 0.6023576 0.1755968 -0.7786727
vn 0.1342451 0.1996472 -0.9706283
vn 0.8853757 0.2798985 -0.3711693
vn 0.9410008 0.1218894 -0.3156907
vn 0.7169972 -0.1118151 -0.6880497
vn 0.9428418 -0.0005454106 -0.3332402
vn 0.5851261 0.3821693 -0.7152441
vn 0.9830972 0.1805827 -0.0301643
vn 0.8933568 0.274196 -0.3559919
vn 0.9883215 0.09838961 0.116362
vn 0.7984178 0.5115336 -0.3175884
vn 0.8657014 0.4902859 0.1009005
vn 0.8724202 0.4468652 0.1979763
vn 0.700458 0.7119576 0.04974957
vn 0.7421836 -0.3220665 0.5877388
vn 0.8314316 0.1592155 0.5323268
vn 0.5771233 0.5022644 0.6439403
vn 0.6142101 0.4531909 0.6460371
vn 0.7325731 0.30393 0.6090676
vn 0.5337344 0.2811498 0.7975477
vn 0.1987251 0.01725619 0.9799033
vn 0.0564155 0.03235102 0.9978831
vn -0.5122026 0.1688465 0.8421042
vn -0.1248777 0.3216768 0.9385785
vn 0.03875104 -0.006597487 0.9992272
vn -0.8282824 0.071633 0.5557131
vn -0.520808 0.4157871 0.7455736
vn -0.2522405 0.3950814 0.8833377
vn -0.6912677 0.3498888 0.6322395
vn -0.5432458 0.4002942 0.7380031
vn -0.6759765 0.5457059 0.4952383
vn -0.7008262 0.621877 0.349445
vn -0.6886661 0.3634847 0.6273898
vn -0.9945408 0.04901049 -0.09212311
vn -0.9702168 -0.1862297 -0.1549129
vn -0.9428707 -0.1527767 -0.2960644
vn -0.8320689 -0.2575652 -0.491245
vn -0.8434011 -0.2593186 -0.4705618
vn -0.8505486 -0.1335468 -0.5086573
vn -0.7751212 -0.004899272 -0.6317936
vn -0.6792451 0.02696532 -0.733416
vn -0.6544766 0.004585505 -0.7560684
vn -0.4999929 0.06404819 -0.8636578
vn -0.1653143 0.04608026 -0.9851639
vn -0.5242013 0.07785013 -0.8480285
vn -0.1479843 0.3070474 -0.9401184
vn -0.5742918 0.02537514 -0.8182574
vn 0.2538137 0.02614098 -0.9668999
vn 0.2602575 0.2124722 -0.9418713
vn 0.4784191 0.378699 -0.7922767
vn 0.6959936 0.3166915 -0.6444373
vn 0.5644962 0.1394128 -0.8135774
vn 0.9536697 0.05436893 -0.2959023
vn 0.96654 0.2221896 -0.1281884
vn 0.4592623 0.2003008 -0.8654234
vn 0.9320522 -0.1379326 -0.3350424
vn 0.9101114 0.1067258 -0.4003835
vn 0.9710248 0.2158011 -0.1026682
vn 0.7984295 0.5115411 -0.317547
vn 0.8885583 0.4397769 -0.1306151
vn 0.8864556 0.4389724 -0.1466281
vn 0.9195018 0.3360999 0.2038463
vn 0.587422 -0.1448505 0.7962122
vn 0.5935026 -0.5509558 0.5866877
vn 0.9514355 -0.1603746 0.2627748
vn 0.2935517 0.5371654 0.7907469
vn 0.6803874 0.4933819 0.5418925
vn 0.414076 0.5340649 0.7370996
vn 0.2504148 0.2318962 0.9399557
vn 0.2743261 -0.190037 0.9426723
vn -0.2326239 -0.2694294 0.9345019
vn 0.1723448 0.04273609 0.9841092
vn -0.4254628 0.224425 0.8767069
vn -0.5550485 -0.04346811 0.8306815
vn -0.04988286 -0.2014394 0.97823
vn -0.5908265 0.388363 0.7071762
vn -0.5816534 0.5746891 0.5756838
vn -0.3011116 0.191007 0.9342635
vn -0.6734563 0.2938681 0.6783053
vn -0.6059746 0.6326886 0.4821825
vn -0.628581 0.5611632 0.5384995
vn -0.981167 0.1073561 -0.1605799
vn -0.9583704 -0.26237 0.1126416
vn -0.8541169 -0.350622 -0.3841207
vn -0.8628075 -0.3681712 -0.3464292
vn -0.9417523 -0.2359685 -0.2396282
vn -0.9320582 -0.1304645 -0.3380038
vn -0.9054053 -0.01735083 -0.4241937
vn -0.8240249 0.1387457 -0.549302
vn -0.6339727 0.2432735 -0.7340958
vn -0.3468817 0.1606354 -0.9240506
vn -0.2534362 -0.1255164 -0.9591745
vn -0.5993248 -0.2406524 -0.7634764
vn -0.3125861 -0.03957026 -0.9490649
vn -0.5298548 0.06107512 -0.8458863
vn 0.0408191 -0.04656554 -0.9980809
vn -0.2652646 -0.3442727 -0.9006171
vn 0.377956 -0.08532801 -0.9218831
vn 0.3710897 0.4434812 -0.8158535
vn 0.4274041 0.2703173 -0.8627018
vn 0.9318469 -0.09817634 -0.3493176
vn 0.8483527 0.2909998 -0.442286
vn 0.5811998 0.5051847 -0.6379619
vn 0.9939204 0.06982522 -0.08512752
vn 0.8036767 -0.1388057 -0.5786508
vn 0.8547656 -0.02954351 -0.5181728
vn 0.8265907 0.3669292 -0.4267446
vn 0.8885645 0.4397799 -0.1305638
vn 0.9557757 -0.01500201 -0.2937135
vn 0.9628192 -0.07820034 0.2585805
vn 0.9845307 -0.1000137 -0.1438628
vn 0.5601328 -0.08486459 0.8240445
vn 0.7279872 0.07123981 0.6818795
vn 0.9966503 0.08171377 0.003311872
vn 0.4741838 0.1597825 0.8658056
vn 0.6622505 0.1227478 0.7391599
vn 0.5393069 0.01297061 0.8420094
vn 0.1888599 -0.1022723 0.9766639
vn -0.2763947 -0.1689981 0.9460685
vn 0.3305627 -0.2412063 0.9124406
vn -0.1409634 -0.1989332 0.9698221
vn -0.1399071 -0.1225727 0.9825487
vn -0.4807514 -0.01959543 0.876638
vn -0.5603215 0.1038733 0.8217361
vn 0.008717553 0.1305169 0.9914078
vn -0.4683259 0.3115021 0.8268237
vn -0.8184859 0.400018 0.412391
vn -0.3485189 0.3066955 0.8857046
vn -0.5647835 0.2549568 0.7848673
vn -0.9940419 0.09699556 -0.04972624
vn -0.9938829 -0.05446499 0.09607482
vn -0.8741485 -0.1750055 -0.4530313
vn -0.9529452 -0.2807562 -0.1143303
vn -0.8917683 -0.305367 -0.3339168
vn -0.8414281 -0.3195427 -0.4357651
vn -0.9015374 -0.3196386 -0.2916534
vn -0.929756 -0.2392429 -0.2798511
vn -0.8869782 -0.0946692 -0.4520038
vn -0.6992996 0.07592628 -0.710785
vn -0.4834783 0.2026653 -0.8515724
vn -0.3505577 0.2276388 -0.9084547
vn -0.1378712 0.1065695 -0.9847003
vn -0.6427485 -0.05721327 -0.7639378
vn -0.2260893 -0.2615532 -0.9383355
vn -0.1928076 -0.3493659 -0.9169344
vn 0.2848593 -0.3450889 -0.894298
vn -0.384625 -0.1805962 -0.905234
vn 0.2701181 -0.11538 -0.955889
vn 0.9250311 -0.04826513 -0.3768128
vn 0.5223578 0.1540817 -0.8386902
vn 0.5701032 0.2323353 -0.7880372
vn 0.9807273 0.1783281 -0.0798322
vn 0.884316 0.2177188 -0.4130181
vn 0.9194787 0.1728481 -0.3531041
vn 0.7866384 0.07882483 -0.6123616
vn 0.8529544 0.0283039 -0.5212175
vn 0.955789 -0.01512033 -0.2936644
vn 0.8925298 -0.4476489 -0.05478143
vn 0.854834 -0.5106131 -0.09237561
vn 0.8536783 -0.454341 0.2545733
vn 0.631492 0.04410852 0.7741268
vn 0.6925575 0.5196523 0.5003256
vn 0.9529018 0.194675 0.2325507
vn 0.4517089 -0.3565286 0.8178304
vn 0.639815 -0.3997999 0.6563511
vn 0.2579641 -0.5122603 0.8191726
vn 0.05545829 -0.3798653 0.9233779
vn 0.1882334 -0.1445904 0.9714226
vn -0.2626729 -0.0564533 0.963232
vn 0.2626912 -0.3486297 0.8996948
vn -0.2932245 -0.4202625 0.8587193
vn -0.4295256 0.01089122 0.902989
vn 0.05620779 0.2476968 0.9672058
vn -0.4965093 -0.03591831 0.867288
vn -0.6054423 -0.09781873 0.7898551
vn -0.2971162 0.2918265 0.9091531
vn -0.7354378 0.2861405 0.6142108
vn -0.8480074 -0.3081883 0.4311651
vn -0.8081614 -0.4353765 0.396639
vn -0.917933 -0.2174823 -0.3318141
vn -0.9955447 -0.08301127 -0.04471991
vn -0.8697359 -0.07975926 -0.4870298
vn -0.8960172 -0.1604679 -0.4140088
vn -0.909113 -0.3509153 -0.2244373
vn -0.8859605 -0.3914976 -0.2486035
vn -0.9081906 -0.3443051 -0.2379999
vn -0.9211237 -0.2474255 -0.3005192
vn -0.8345 -0.1059942 -0.5407171
vn -0.5000757 0.1102887 -0.85893
vn -0.2160238 0.3647263 -0.9057088
vn -0.3688511 0.409274 -0.8345321
vn -0.02943115 -0.08350157 -0.9960729
vn -0.3374918 -0.4352264 -0.8346719
vn 0.1034568 -0.4705606 -0.8762816
vn -0.3890708 -0.08032238 -0.9176995
vn 0.2119799 -0.314532 -0.9252752
vn 0.1541077 -0.5770011 -0.8020727
vn 0.2232205 -0.2386442 -0.945104
vn 0.8598192 0.1428019 -0.4902231
vn 0.8260373 -0.07081717 -0.5591487
vn 0.678718 -0.2038745 -0.7055332
vn 0.9766955 0.1960279 -0.08740123
vn 0.8066006 0.3473945 -0.4782391
vn 0.8774998 0.1977251 -0.4369197
vn 0.8744564 -0.3087681 -0.3741502
vn 0.8924319 -0.447852 -0.0547171
vn 0.8359454 -0.500675 -0.2247664
vn 0.8443093 -0.4905166 0.2157204
vn 0.8495355 -0.476193 0.2270018
vn 0.5971726 -0.7925528 -0.1234708
vn 0.7963247 0.403493 0.4506222
vn 0.5366858 -0.6838454 0.4942912
vn 0.5958693 -0.5029282 0.6261015
vn 0.4637902 -0.4682674 0.7520799
vn 0.4884777 -0.4173824 0.7662777
vn 0.264217 -0.4221441 0.86717
vn 0.02967591 -0.184269 0.9824277
vn 0.07163411 -0.2243751 0.9718664
vn -0.4230483 -0.3523464 0.8347947
vn 0.08385605 -0.4498551 0.8891561
vn 0.2183906 -0.06008222 0.9740101
vn -0.6504376 0.01701467 0.7593691
vn -0.3142392 -0.2426438 0.9178113
vn -0.1443221 -0.1727487 0.9743352
vn -0.7016045 -0.03458892 0.7117265
vn -0.7054285 -0.1527085 0.692135
vn -0.8947927 -0.369184 0.2510962
vn -0.8368489 -0.5473264 0.01085359
vn -0.8276924 -0.4634528 0.3164438
vn -0.9021742 -0.2682881 -0.3377918
vn -0.9382433 -0.1501165 -0.3117124
vn -0.9048011 -0.2268133 -0.3604037
vn -0.8512432 -0.07385485 -0.5195484
vn -0.9301469 -0.006048053 -0.3671378
vn -0.9763152 -0.01416492 -0.215889
vn -0.9716503 0.003966264 -0.2363895
vn -0.9206203 0.06897111 -0.3843194
vn -0.7968762 0.1206185 -0.5919793
vn -0.4317 0.02753485 -0.9015969
vn 0.103929 -0.03364549 -0.9940155
vn -0.09788325 -0.1138874 -0.98866
vn 0.1759929 -0.435776 -0.8826811
vn -0.5570053 -0.1939827 -0.8075369
vn 0.1667053 -0.2283624 -0.9591976
vn -0.01750285 -0.3648188 -0.930914
vn 0.1387911 -0.4846786 -0.8636109
vn 0.4160738 -0.4145152 -0.8093576
vn 0.3425338 -0.1595526 -0.9258583
vn 0.8774381 -0.1286391 -0.4621194
vn 0.9461262 -0.2347582 -0.2230107
vn 0.5742711 -0.1437033 -0.8059541
vn 0.9377574 0.2234694 -0.2658429
vn 0.9530777 0.007190989 -0.3026405
vn 0.9954175 -0.09371755 0.01900166
vn 0.8359451 -0.5006747 -0.2247685
vn 0.9626599 -0.02097013 0.2699003
vn 0.9694245 -0.2329933 0.07700826
vn 0.8611477 -0.4930412 0.1238349
vn 0.8122934 -0.485767 0.3228155
vn 0.809043 -0.4230744 0.407992
vn 0.7943813 -0.3761612 0.4769289
vn 0.7139825 -0.3390937 0.6125721
vn 0.5038418 -0.3168084 0.8036018
vn 0.2853419 -0.234889 0.9291971
vn 0.4604013 -0.1643971 0.8723556
vn 0.05125403 -0.5189895 0.8532426
vn -0.2170964 -0.4447036 0.8689694
vn -0.1745851 -0.3354906 0.9257246
vn 0.1477959 -0.1341385 0.9798792
vn -0.1637658 -0.5117063 0.8434082
vn 0.01484015 -0.4777216 0.8783859
vn -0.6485502 -0.198553 0.7348192
vn -0.4130796 -0.2690958 0.8700303
vn -0.1144591 -0.3998309 0.9094144
vn -0.8508199 -0.4903405 0.1888693
vn -0.872743 -0.4331716 0.2251268
vn -0.9248021 -0.3184945 0.2080923
vn -0.8567525 -0.5151909 -0.02352739
vn -0.8199338 -0.5697262 -0.05586433
vn -0.7792021 -0.5938607 -0.2004334
vn -0.8244262 -0.2439526 -0.5106943
vn -0.9385467 -0.1721555 -0.2991532
vn -0.9724619 -0.1638126 -0.1657811
vn -0.9776963 -0.1233333 -0.1699968
vn -0.9515443 -0.169338 -0.2566867
vn -0.8293286 -0.3255088 -0.4541564
vn -0.5840652 -0.4436541 -0.6797345
vn -0.4178835 -0.4253388 -0.8027828
vn -0.08557882 -0.4816004 -0.8722026
vn 0.3026283 -0.3011161 -0.9042926
vn -0.3517067 -0.02706492 -0.935719
vn 0.002307958 -0.3232611 -0.946307
vn -0.3933198 -0.3908846 -0.8321711
vn 0.4191261 -0.3662899 -0.8307617
vn 0.3072768 -0.227605 -0.9240006
vn -0.1678158 -0.2264246 -0.9594633
vn 0.7028015 -0.4571284 -0.5450722
vn 0.8256893 -0.3196976 -0.4647911
vn 0.6878307 -0.05722295 -0.7236121
vn 0.9318761 -0.117044 -0.3433771
vn 0.6531904 -0.4392919 -0.6167374
vn 0.9857579 -0.161507 0.04687007
vn 0.9368347 -0.2448888 -0.2497403
vn 0.9626592 -0.02097012 0.2699028
vn 0.9451072 -0.3193626 -0.06913713
vn 0.9395789 -0.3237715 0.1111914
vn 0.8773667 -0.1449472 0.4574037
vn 0.8585715 -0.1681889 0.4843217
vn 0.8605601 -0.2614323 0.4371379
vn 0.84856 -0.2560947 0.4629919
vn 0.8080778 -0.1497393 0.5697268
vn 0.6934853 -0.08353305 0.7156119
vn 0.3297974 -0.2828929 0.9006694
vn -0.1279863 -0.4972589 0.8581102
vn 0.2194089 -0.4358826 0.8728495
vn -0.1696326 -0.4864148 0.8571029
vn 0.1687417 -0.1159199 0.9788201
vn -0.3873127 -0.3432429 0.8556712
vn 0.141969 -0.6164076 0.7745234
vn -0.3567586 -0.7573313 0.5469667
vn -0.05678254 -0.4394945 0.8964488
vn -0.3156761 -0.3950478 0.8627201
vn -0.6509356 -0.7035736 0.2850736
vn -0.2348316 -0.7370643 0.6337115
vn -0.8165324 -0.5564451 0.1537656
vn -0.8705116 -0.4186066 0.2588012
vn -0.9160663 -0.3427417 -0.2082083
vn -0.7693786 -0.6360329 -0.05931881
vn -0.7604797 -0.4941613 -0.421278
vn -0.7364035 -0.6710724 -0.08585947
vn -0.8136191 -0.5782474 -0.06044663
vn -0.9395409 -0.2921227 -0.1786818
vn -0.9627202 -0.151945 -0.2237911
vn -0.9209842 -0.2345113 -0.3111151
vn -0.7486141 -0.4811997 -0.4560963
vn -0.3799503 -0.730861 -0.5669921
vn -0.08415818 -0.759226 -0.6453629
vn -0.2656025 -0.4861886 -0.8325119
vn -0.1828844 -0.2382768 -0.9538226
vn 0.125713 -0.1887471 -0.973946
vn -0.2598453 -0.3227736 -0.9101086
vn 0.05724443 -0.5723901 -0.8179808
vn -0.1258145 -0.2722522 -0.9539651
vn -0.006471753 -0.01306665 -0.9998937
vn 0.7212686 -0.3069386 -0.620935
vn 0.2003642 -0.6061004 -0.769738
vn 0.6522927 -0.4369593 -0.6193389
vn 0.8757834 -0.1023663 -0.471725
vn 0.7422937 -0.2603205 -0.6174409
vn 0.9251741 -0.3795168 -0.004466304
vn 0.6142954 -0.6505331 -0.446596
vn 0.9357338 -0.3454928 0.07097249
vn 0.9451071 -0.3193626 -0.0691378
vn 0.7157832 -0.662326 -0.2213113
vn 0.831825 -0.4507509 0.3238687
vn 0.7507517 -0.5439928 0.3747582
vn 0.6733823 -0.6850446 0.2779749
vn 0.6384566 -0.7271187 0.2523325
vn 0.6077816 -0.7417306 0.2836146
vn 0.5436578 -0.7412041 0.3937673
vn 0.4788122 -0.6490583 0.5911532
vn 0.4200519 -0.4129913 0.8080809
vn 0.04227736 -0.3822992 0.9230709
vn -0.1229594 -0.4096088 0.9039367
vn 0.3982887 -0.07472407 0.9142114
vn -0.3395861 -0.4030466 0.849844
vn -0.09288841 -0.4392715 0.8935392
vn -0.6126525 -0.6297064 0.4776262
vn 0.2203 -0.5522186 0.8040662
vn -0.04454339 -0.7437652 0.6669553
vn -0.4719751 -0.7377382 0.4826819
vn -0.2931722 -0.8266014 0.4803958
vn -0.5744378 -0.8030946 0.1583046
vn -0.1700433 -0.7408327 0.6498093
vn -0.7564301 -0.6540425 -0.0064783
vn -0.9387065 -0.07784257 0.3358136
vn -0.915495 0.1750338 -0.3622596
vn -0.9389879 -0.2694047 -0.2138291
vn -0.953915 -0.2979584 -0.03559425
vn -0.9818733 -0.007609942 -0.1893854
vn -0.9803505 -0.01205556 -0.196895
vn -0.9573337 -0.1516853 -0.2459752
vn -0.8695174 -0.2923264 -0.3981015
vn -0.7377586 -0.3518313 -0.576131
vn -0.6098806 -0.3451091 -0.7134041
vn -0.3769588 -0.4505439 -0.8092665
vn -0.1240174 -0.5762728 -0.8077929
vn -0.3891563 -0.3402582 -0.8560267
vn 0.1270059 -0.3917757 -0.9112527
vn 0.03851993 -0.4340803 -0.9000503
vn -0.1375018 -0.2410702 -0.9607177
vn -0.3810947 -0.2411504 -0.892532
vn 0.1365451 -0.7264213 -0.6735485
vn 0.3319817 -0.4350706 -0.8369598
vn 0.771661 -0.4855865 -0.4107859
vn 0.1750944 -0.8881052 -0.4249837
vn 0.582252 -0.5961078 -0.5528455
vn 0.9304889 -0.3058141 -0.2016634
vn 0.8345965 -0.4987372 -0.2339016
vn 0.9139714 -0.3920894 -0.1045092
vn 0.7458514 -0.6389583 -0.1882498
vn 0.7156864 -0.6624135 -0.2213622
vn 0.892953 -0.4120521 0.1812405
vn 0.6427026 -0.7271982 0.2410729
vn 0.475757 -0.870371 0.1269232
vn 0.5098234 -0.8398407 0.1864078
vn 0.5631645 -0.789843 0.2428866
vn 0.5697114 -0.780571 0.2571728
vn 0.4981651 -0.8121768 0.3036451
vn 0.361053 -0.8341558 0.416923
vn 0.3752235 -0.6676051 0.643048
vn 0.4471626 -0.1649647 0.8791088
vn 0.05252675 -0.2010403 0.9781737
vn -0.04790197 -0.545408 0.8368008
vn -0.1048245 -0.3794134 0.91927
vn -0.5396691 -0.6193265 0.5702562
vn -0.2689007 -0.2262137 0.9362264
vn -0.2964902 -0.6743479 0.6762754
vn -0.1072615 -0.6750252 0.7299562
vn -0.105666 -0.9442659 0.3117637
vn -0.6105505 -0.7461399 0.2655247
vn -0.2150009 -0.8158577 0.5367969
vn -0.5818121 -0.7467719 0.322221
vn -0.08266284 -0.9760544 -0.2012084
vn -0.4068527 -0.8906854 -0.2028559
vn -0.2771957 -0.9607965 0.005721145
vn -0.550528 -0.6714876 0.4960074
vn -0.9315649 0.2748399 -0.2380124
vn -0.9789974 0.1473895 -0.1408562
vn -0.9856437 -0.03194186 -0.1657897
vn -0.9311532 -0.1972859 -0.3066465
vn -0.7847285 -0.3544447 -0.5084981
vn -0.5874879 -0.460558 -0.6653903
vn -0.4878504 -0.4342675 -0.757241
vn -0.4699244 -0.3212503 -0.8221735
vn -0.2126728 -0.4994621 -0.8398262
vn 0.01591958 -0.7819499 -0.623138
vn -0.3180773 -0.3790349 -0.8689991
vn 0.14618 -0.3014719 -0.9422028
vn -0.3797912 -0.2025313 -0.9026293
vn 0.1283752 -0.4837533 -0.8657382
vn -0.1102269 0.01816946 -0.9937404
vn 0.7048115 -0.5827413 -0.404541
vn 0.4177784 -0.4372132 -0.7964332
vn 0.2565795 -0.9602531 -0.1099134
vn 0.4410238 -0.6851056 -0.5797658
vn 0.5859482 -0.8036157 -0.1042434
vn 0.8246803 -0.4693885 -0.3155579
vn 0.9025031 -0.4287513 0.04074816
vn 0.7825726 -0.5532548 -0.2854631
vn 0.8930288 -0.4119134 0.1811822
vn 0.7578633 -0.6196862 0.20404
vn 0.628616 -0.7439166 0.2267819
vn 0.742975 -0.5721681 0.3472923
vn 0.8008371 -0.4144985 0.4322625
vn 0.8241701 -0.3680165 0.4304735
vn 0.846806 -0.3449513 0.4048805
vn 0.8381144 -0.3344339 0.4309505
vn 0.7344211 -0.434641 0.5212609
vn 0.4662783 -0.6784731 0.5676786
vn 0.2483043 -0.736695 0.6289877
vn 0.07736396 -0.4745544 0.8768198
vn -0.2527351 -0.6523927 0.7144989
vn -0.1601701 -0.7513733 0.6401436
vn -0.27496 -0.2539566 0.9273096
vn -0.3583935 -0.5486724 0.7553229
vn -0.5691144 -0.2446144 0.7850304
vn -0.3610315 -0.8867283 0.2887371
vn -0.4146659 -0.7190127 0.557739
vn -0.09703045 -0.906707 0.4104479
vn -0.6072617 -0.5008082 0.6167856
vn -0.1415713 -0.5835567 0.7996369
vn -0.7810558 -0.6176855 -0.09174189
vn -0.2942791 -0.8761334 -0.3818249
vn -0.1450226 -0.8513807 0.5041026
vn -0.6956407 -0.3499467 0.6273924
vn -0.8779889 -0.4168025 0.235396
vn -0.8658949 -0.4997281 0.0223141
vn -0.8768937 -0.4527841 -0.1613817
vn -0.7994326 -0.4572751 -0.3896244
vn -0.6037506 -0.5582591 -0.5690624
vn -0.334697 -0.7080387 -0.6218192
vn -0.1138803 -0.8277346 -0.5494423
vn -0.09645194 -0.8310321 -0.547798
vn -0.2547374 -0.586943 -0.7685096
vn -0.2431935 -0.5424578 -0.8041122
vn -0.3306243 -0.6572753 -0.6772569
vn -0.2549464 -0.1942521 -0.9472426
vn 0.09971496 -0.6526228 -0.7510929
vn 0.07385873 -0.6934278 -0.7167307
vn 0.2346118 -0.8862091 -0.3994881
vn 0.1798546 -0.7337272 -0.6552073
vn 0.5377336 -0.6764296 -0.503275
vn 0.6129744 -0.5487174 -0.5684819
vn 0.6086128 -0.7774688 -0.1585331
vn 0.4389384 -0.8358753 -0.3296142
vn 0.5948156 -0.7758176 -0.2104795
vn 0.5021756 -0.8195884 -0.2758525
vn 0.9059904 -0.4212166 -0.04192886
vn 0.7578679 -0.61969 0.2040113
vn 0.3648178 -0.9310668 -0.004764819
vn 0.6515173 -0.7018826 0.2878995
vn 0.760129 -0.5377129 0.3647859
vn 0.7504121 -0.5564194 0.3567619
vn 0.7264605 -0.6029923 0.3296294
vn 0.7201345 -0.6176805 0.3160335
vn 0.7077121 -0.6096497 0.3570306
vn 0.6425599 -0.6176171 0.453504
vn 0.4841071 -0.7055348 0.5175529
vn 0.1182149 -0.904465 0.4098395
vn -0.1852248 -0.9090284 0.3733084
vn -0.09239155 -0.6255012 0.7747336
vn 0.09695822 -0.656782 0.7478212
vn -0.2463659 -0.6162753 0.7480031
vn -0.290271 -0.4201291 0.8597874
vn -0.6946753 -0.6533225 0.3009918
vn -0.7486196 -0.4580849 0.4792985
vn -0.3672546 -0.8491378 0.3795907
vn -0.3735936 -0.5654503 0.7353188
vn -0.1246062 -0.7920011 0.5976685
vn -0.2980661 -0.5356734 0.79007
vn -0.8957765 -0.420654 0.1436483
vn -0.9973595 -0.06798694 -0.02553166
vn -0.8571324 0.1179565 0.5014083
vn -0.642306 -0.3556753 0.6789243
vn -0.572636 -0.6995041 0.4275303
vn -0.6745818 -0.7381745 0.006151126
vn -0.696919 -0.6807013 -0.2257202
vn -0.5857409 -0.695274 -0.4165354
vn -0.427951 -0.711342 -0.5575398
vn -0.2918294 -0.714471 -0.6358984
vn -0.1972071 -0.7558701 -0.6243155
vn -0.1396178 -0.8365158 -0.5298567
vn -0.1890147 -0.789066 -0.5845069
vn -0.42411 -0.440275 -0.791384
vn -0.5015106 -0.5050924 -0.7024022
vn 0.008827907 -0.8570956 -0.5150818
vn 0.2404651 -0.6909069 -0.6817801
vn 0.1856091 -0.9316558 -0.3123568
vn 0.2902802 -0.8030248 -0.5204695
vn -0.08707697 -0.8526428 -0.5151873
vn 0.4317705 -0.7836745 -0.4465743
vn 0.4547487 -0.7800318 -0.4298303
vn 0.7162798 -0.6978118 0.001394772
vn 0.618832 -0.7278278 -0.2954887
vn 0.2920005 -0.9384892 -0.1843196
vn 0.5517036 -0.8007112 -0.2334198
vn 0.3382367 -0.8942536 -0.2930982
vn 0.3648179 -0.9310672 -0.004679456
vn 0.4309647 -0.8946891 0.1174772
vn 0.3822068 -0.9127533 0.1442201
vn 0.2105457 -0.9773507 0.02136087
vn 0.1286313 -0.9915966 -0.01379134
vn 0.1195292 -0.9928285 -0.002049679
vn 0.114891 -0.9933118 0.01147729
vn 0.1835569 -0.9828952 0.01496607
vn -0.4648103 -0.885084 0.02403364
vn -0.04298716 -0.9984199 0.03619177
vn 0.3065019 -0.9493325 0.06945759
vn 0.3502688 -0.9329155 -0.08354935
vn -0.3610897 -0.6773357 0.6409608
vn 0.203112 -0.6797412 0.7047676
vn 0.02990915 -0.7285003 0.6843923
vn -0.6130452 -0.7454828 0.2615932
vn -0.3979498 -0.7213652 0.5668054
vn -0.7963611 -0.5608463 0.2264077
vn -0.6243301 -0.6071367 0.4915253
vn -0.1472429 -0.6313082 0.761426
vn -0.578929 -0.6970956 0.4229645
vn -0.04886257 -0.7572662 0.6512761
vn -0.9119984 -0.3386713 0.231432
vn -0.9821117 -0.07972801 0.1705875
vn -0.8136709 -0.2618217 0.519027
vn -0.7941067 -0.1322735 0.5932103
vn -0.6551478 -0.6899812 -0.3077457
vn -0.8026726 -0.5502827 -0.2300124
vn -0.6509893 -0.6775839 -0.3421887
vn -0.48449 -0.762782 -0.4282908
vn -0.3822519 -0.7553322 -0.5323128
vn -0.3738864 -0.6661802 -0.6453007
vn -0.4426227 -0.5372577 -0.7179411
vn -0.4817991 -0.5114688 -0.7115262
vn -0.3038035 -0.7284445 -0.6140621
vn -0.02953528 -0.9034498 -0.4276753
vn -0.2530865 -0.8413293 -0.477611
vn -0.1563533 -0.8670055 -0.4731334
vn 0.4678308 -0.867781 -0.1676023
vn 0.09970701 -0.8795576 -0.4652279
vn 0.05998642 -0.8569819 -0.5118434
vn 0.2508574 -0.9144785 -0.3174897
vn -0.1293471 -0.8602297 -0.4932283
vn 0.5460116 -0.8376964 -0.01166631
vn 0.4369126 -0.8851628 -0.1599819
vn 0.523743 -0.8392773 -0.1459689
vn 0.6956639 -0.6975368 0.1717393
vn 0.2229276 -0.9156103 -0.3346061
vn 0.1926401 -0.9439654 -0.2679909
vn 0.4309694 -0.8946989 0.1173852
vn 0.342621 -0.9389404 0.03165244
vn 0.1592769 -0.987218 0.005625798
vn 0.1486871 -0.9888839 0.0009504291
vn 0.2318038 -0.9724875 0.02313194
vn 0.3160068 -0.9471441 0.05529739
vn 0.3441609 -0.9342754 0.09318077
vn -0.09221742 -0.9220456 0.3759361
vn -0.2104255 -0.9072322 0.3642128
vn -0.2469986 -0.9152654 0.3182465
vn 0.5480282 -0.8349652 0.04998282
vn 0.6669769 -0.704972 0.2411563
vn 0.7149853 -0.6664482 0.2112887
vn -0.05540635 -0.9576119 0.282683
vn -0.1075369 -0.9633054 0.245924
vn -0.3428422 -0.8321831 0.4358103
vn -0.4820802 -0.8378969 0.2559835
vn -0.4669738 -0.8136027 0.3463903
vn -0.5950024 -0.5460977 0.5897028
vn -0.4814023 -0.7205814 0.4990133
vn -0.2720626 -0.8185695 0.5058912
vn -0.436243 -0.6989343 0.5667301
vn -0.3702767 -0.8429746 0.3902423
vn -0.1652879 -0.9466067 0.2767956
vn -0.3812732 -0.881766 0.2777041
vn -0.658555 -0.7297907 0.1836053
vn -0.611052 -0.7915679 0.005983065
vn -0.4576431 -0.8814167 -0.116908
vn -0.3322289 -0.9215904 -0.2007361
vn -0.2478504 -0.9282019 -0.2775095
vn -0.1852805 -0.9208729 -0.3430223
vn -0.1438379 -0.909392 -0.390278
vn -0.139138 -0.8909475 -0.4322652
vn -0.1682732 -0.8550671 -0.4904532
vn -0.1565395 -0.8354192 -0.5268493
vn -0.0310089 -0.9160031 -0.399971
vn 0.06871929 -0.9882331 -0.1366492
vn 0.04908691 -0.9839514 -0.1715518
vn 0.1281787 -0.869407 -0.477181
vn 0.1936947 -0.9082308 -0.3709437
vn 0.06526507 -0.9651501 -0.253428
vn 0.1503285 -0.8858783 -0.4388862
vn 0.1496511 -0.9763195 -0.1562206
vn 0.04806445 -0.9984888 -0.0266432
vn 0.3413902 -0.9296944 -0.1382796
vn 0.383579 -0.9234455 0.01074738
vn 0.2574958 -0.9662723 -0.003719147
vn 0.4599793 -0.885648 -0.06361431
vn 0.5460241 -0.8377466 0.006198661
vn 0.342621 -0.9389403 0.03165276
vn 0.1064873 -0.9812964 -0.1603681
vn 0.4087633 -0.9117049 0.04131333
vn 0.6186032 -0.7706562 0.1530331
vn 0.6992716 -0.6914098 0.1815811
vn 0.7137027 -0.6715767 0.1990305
vn 0.6944096 -0.6780421 0.2409445
vn 0.7251592 -0.6652679 -0.1776592
vn 0.4159015 -0.5601661 0.7164076
vn 0.4103531 -0.6019192 0.6850574
vn 0.3755437 -0.7689252 0.5174176
vn 0.1601372 -0.9648259 0.2084874
vn -0.1076101 -0.9904548 0.08613599
vn 0.1409775 -0.9496731 0.2797255
vn 0.1265998 -0.9426305 0.3089015
vn -0.3397105 -0.9361717 0.09044046
vn -0.387015 -0.9014799 0.1937869
vn 0.02038052 -0.8143137 0.5800672
vn -0.2483253 -0.8192581 0.5168663
vn -0.6666927 -0.7046369 0.242915
vn -0.4479618 -0.7870979 0.4240367
vn -0.1199446 -0.846278 0.5190635
vn -0.3501486 -0.881814 0.3159116
vn -0.5502126 -0.8302185 0.08946174
vn -0.3552663 -0.9244533 0.1384634
vn -0.05485351 -0.9651255 0.2559763
vn 0.04117322 -0.9685092 0.2455499
vn 0.01412589 -0.9910492 0.1327482
vn -0.03268014 -0.9993224 -0.01693525
vn -0.04527593 -0.9893707 -0.1381871
vn -0.009372117 -0.9795206 -0.201126
vn 0.0747643 -0.9763216 -0.2029939
vn 0.1947292 -0.9685394 -0.154958
vn 0.2984454 -0.9492558 -0.09921549
vn 0.2878183 -0.9512534 -0.1108038
vn 0.02095086 -0.9603585 -0.2779796
vn -0.305175 -0.8359327 -0.456163
vn -0.1653174 -0.8940798 -0.416283
vn 0.2807015 -0.9430113 -0.1787075
vn 0.2871623 -0.9353872 -0.2063702
vn -0.06793589 -0.9076295 -0.4142382
vn 0.1299439 -0.9718397 -0.1965763
vn 0.4382233 -0.8836187 0.1648592
vn 0.1254826 -0.991972 -0.01567979
vn -0.1840248 -0.9483262 -0.258481
vn 0.1448626 -0.989308 0.0168686
vn 0.3748056 -0.9056042 0.1984991
vn 0.1481615 -0.9847372 -0.09132868
vn -0.03237753 -0.9632632 -0.2666005
vn 0.1064873 -0.9812961 -0.1603696
vn 0.1500144 -0.9789543 -0.138363
vn 0.1025741 -0.9802551 -0.1690521
vn 0.05832761 -0.9832283 -0.1728007
vn 0.03863252 -0.9853237 -0.1662673
vn 0.03431671 -0.9869996 -0.1570168
vn 0.03123009 -0.9891222 -0.1437433
vn 0.02346631 -0.9926215 -0.1189619
vn 0.01424544 -0.9948178 -0.1006704
vn -0.03408254 -0.9803494 -0.1943027
vn -0.05641742 -0.9889678 -0.1369665
vn 0.06013767 -0.995631 0.07143065
vn 0.1121911 -0.9898784 0.08691322
vn 0.08215594 -0.9962832 0.02588941
vn 0.01240966 -0.9992106 0.03773906
vn -0.02268603 -0.9787589 0.2037556
vn 0.04144755 -0.9134524 0.4048293
vn 0.09947423 -0.8969447 0.4308074
vn -0.001731168 -0.947933 0.3184652
vn -0.250194 -0.937202 0.2430131
vn -0.4229946 -0.8619944 0.2793587
vn -0.4054523 -0.8591805 0.3121176
vn -0.2891079 -0.9242511 0.2493522
vn -0.2222851 -0.9665638 0.1278427
vn -0.2461431 -0.9691167 0.01504399
vn -0.2883346 -0.9549707 -0.06995825
vn -0.287505 -0.9494141 -0.1263077
vn -0.2435412 -0.9563423 -0.1615462
vn -0.184432 -0.9640292 -0.1913965
vn -0.1343598 -0.9643341 -0.228051
vn -0.1059563 -0.9551446 -0.276536
vn -0.1045662 -0.9368927 -0.3336134
vn -0.1286423 -0.9129682 -0.3872214
vn -0.1622588 -0.8944932 -0.4165981
vn -0.170704 -0.9012169 -0.3983318
vn -0.117058 -0.9378428 -0.3267237
vn -0.001482911 -0.9693148 -0.2458187
vn 0.1204747 -0.9634432 -0.2392974
vn 0.1823357 -0.9321683 -0.3127556
vn 0.1753794 -0.9276489 -0.3297115
vn 0.1841299 -0.968492 -0.1676885
vn 0.282862 -0.9572847 0.05995994
vn 0.4034186 -0.9036942 0.1434931
vn 0.3938354 -0.9168248 0.06577267
vn 0.1653286 -0.9842572 -0.06248388
vn -0.05479653 -0.9942093 -0.09244075
vn -0.06779227 -0.9964932 -0.04904548
vn 0.04754866 -0.9983415 -0.03245698
vn 0.1442174 -0.9864448 -0.07828216
vn 0.1500146 -0.9789551 -0.1383563
vn 0.0008824505 -0.9886571 -0.1501877
vn -0.07115357 -0.9769721 -0.2011533
vn -0.09524094 -0.969096 -0.2275569
vn -0.09255961 -0.9667037 -0.2385724
vn -0.08100115 -0.9674266 -0.239843
vn -0.06966085 -0.9694298 -0.2352728
vn -0.05998804 -0.9722288 -0.2262137
vn -0.04444855 -0.9763474 -0.2115893
vn -0.01161497 -0.9827735 -0.184449
vn 0.05552172 -0.9895126 -0.1333497
vn 0.1675674 -0.9848107 -0.04548708
vn 0.300655 -0.9506702 0.07637274
vn 0.390142 -0.8994004 0.1971504
vn 0.3853737 -0.8808545 0.2749226
vn 0.2878397 -0.9141208 0.2855373
vn 0.1528839 -0.9610043 0.2304287
vn 0.07579707 -0.9834002 0.1648606
vn 0.08802444 -0.9844571 0.1519737
vn 0.1222881 -0.973899 0.1912233
vn 0.09603009 -0.9678574 0.2324444
vn -0.01717425 -0.974673 0.2229743
vn -0.178478 -0.97469 0.1346292
vn -0.3085572 -0.9511791 -0.007126156
vn -0.3592076 -0.9229258 -0.1384847
vn -0.3433292 -0.9131401 -0.2197733
vn -0.2941242 -0.921925 -0.2520819
vn -0.2386191 -0.9370424 -0.2549758
vn -0.1918375 -0.9486526 -0.2515088
vn -0.1607599 -0.9537014 -0.254185
vn -0.146851 -0.9522189 -0.2677949
vn -0.1501391 -0.9447842 -0.2912748
vn -0.1665547 -0.9319987 -0.3219286
vn -0.1829745 -0.9159273 -0.3572082
vn -0.1765126 -0.9041967 -0.3889364
vn -0.1194567 -0.9078072 -0.4020152
vn 0.003922741 -0.9285159 -0.3712721
vn 0.1781231 -0.9449606 -0.2744479
vn 0.3400031 -0.9315385 -0.1289728
vn 0.427766 -0.9038839 0.003211054
vn 0.4300938 -0.9000939 0.06964447
vn 0.3764435 -0.9248142 0.05485546
vn 0.3316084 -0.9434134 -0.002644045
vn 0.3624575 -0.9318542 -0.01650226
vn 0.4403448 -0.8967739 0.04350865
vn 0.4775173 -0.8715959 0.1108961
vn 0.4307988 -0.8950452 0.115354
vn 0.3015234 -0.9524486 0.04387909
vn 0.1343595 -0.9888906 -0.06358329
vn 0.0008824953 -0.9886569 -0.1501891
vn 0.5716991 -0.8202878 0.0169735
vn 0.5918176 -0.8054368 0.03199486
vn 0.5966867 -0.8001995 0.06037969
vn 0.5877026 -0.8027379 0.1010825
vn 0.5692282 -0.8094764 0.1439698
vn 0.547347 -0.8170008 0.1814414
vn 0.528788 -0.8234791 0.2055857
vn 0.515001 -0.8293042 0.2168608
vn 0.5053641 -0.835616 0.2152978
vn 0.4946344 -0.8451394 0.2026726
vn 0.4744451 -0.861487 0.1809477
vn 0.4336837 -0.8882895 0.1511965
vn 0.3684247 -0.9228452 0.1123383
vn 0.2826162 -0.9569629 0.06595676
vn 0.198116 -0.9799451 0.02139288
vn 0.1443138 -0.9895064 -0.007115653
vn 0.1350832 -0.9907941 -0.008924161
vn 0.1643463 -0.9862961 0.01450559
vn 0.2186387 -0.9741475 0.05686643
vn 0.2753889 -0.9555509 0.1052781
vn 0.3202318 -0.9350586 0.1520432
vn 0.3427356 -0.9201291 0.1894595
vn 0.3415752 -0.915988 0.2104576
vn 0.3208864 -0.9239388 0.2082526
vn 0.2891477 -0.9399375 0.181414
vn 0.2557321 -0.9569528 0.1372681
vn 0.2283958 -0.9697137 0.08654865
vn 0.2147139 -0.9759638 0.03731824
vn 0.218264 -0.9758894 -0.0009350875
vn 0.2419536 -0.969951 -0.02556224
vn 0.2831309 -0.958471 -0.03421001
vn 0.3360867 -0.9414557 -0.02658872
vn 0.3911001 -0.9203412 -0.003575546
vn 0.4371297 -0.8989155 0.02947428
vn 0.4694207 -0.8806849 0.06354883
vn 0.4864751 -0.869075 0.08972597
vn 0.491275 -0.8652244 0.1001782
vn 0.4830506 -0.8708143 0.0913482
vn 0.4592762 -0.8860169 0.06355732
vn 0.418292 -0.9080909 0.02007114
vn 0.3657956 -0.930181 -0.03093302
vn 0.3181276 -0.9449995 -0.07596571
vn 0.298259 -0.9495217 -0.09721137
vn 0.3156143 -0.9446211 -0.08988095
vn 0.3650784 -0.9290584 -0.05973555
vn 0.4275109 -0.9036453 -0.02568238
vn 0.4874562 -0.8731464 -0.001363941
vn 0.5366111 -0.843773 0.009785935
vn 0.5716916 -0.8202926 0.01699865
vn 0 1 0
vn 0 1 0
vn 0 1 0
vn 0 1 0
vn 0 1 0
vn 0 1 0
vn 0 1 0
vn 0 1 0
vn 0 1 0
vn 0 1 0
vn 0 1 0
vn 0 1 0
vn 0 1 0
vn 0 1 0
vn 0 1 0
vn 0 1 0
vn 0 1 0
vn 0 1 0
vn 0 1 0
vn 0 1 0
vn 0 1 0
vn 0 1 0
vn 0 1 0
vn 0 1 0
vn 0 1 0
vn 0 1 0
vn 0 1 0
vn 0 1 0
vn 0 1 0
vn 0 1 0
vn 0 1 0
vn 0 1 0
vn 0 1 0
vn 0 1 0
vn 0 1 0
vn 0 1 0
vn 0 1 0
vn 0 1 0
vn 0 1 0
vn 0 1 0
vn 0 1 0
vn 0 1 0
vn 0 1 0
vn 0 1 0
vn 0 1 0
vn 0 1 0
vn 0 1 0
vn 0 1 0
vn 0 1 0
f 1/1/1 2/2/2 50/50/50
f 2/2/2 51/51/51 50/50/50
f 2/2/2 3/3/3 51/51/51
f 3/3/3 52/52/52 51/51/51
f 3/3/3 4/4/4 52/52/52
f 4/4/4 53/53/53 52/52/52
f 4/4/4 5/5/5 53/53/53
f 5/5/5 54/54/54 53/53/53
f 5/5/5 6/6/6 54/54/54
f 6/6/6 55/55/55 54/54/54
f 6/6/6 7/7/7 55/55/55
f 7/7/7 56/56/56 55/55/55
f 7/7/7 8/8/8 56/56/56
f 8/8/8 57/57/57 56/56/56
f 8/8/8 9/9/9 57/57/57
f 9/9/9 58/58/58 57/57/57
f 9/9/9 10/10/10 58/58/58
f 10/10/10 59/59/59 58/58/58
f 10/10/10 11/11/11 59/59/59
f 11/11/11 60/60/60 59/59/59
f 11/11/11 12/12/12 60/60/60
f 12/12/12 61/61/61 60/60/60
f 12/12/12 13/13/13 61/61/61
f 13/13/13 62/62/62 61/61/61
f 13/13/13 14/14/14 62/62/62
f 14/14/14 63/63/63 62/62/62
f 14/14/14 15/15/15 63/63/63
f 15/15/15 64/64/64 63/63/63
f 15/15/15 16/16/16 64/64/64
f 16/16/16 65/65/65 64/64/64
f 16/16/16 17/17/17 65/65/65
f 17/17/17 66/66/66 65/65/65
f 17/17/17 18/18/18 66/66/66
f 18/18/18 67/67/67 66/66/66
f 18/18/18 19/19/19 67/67/67
f 19/19/19 68/68/68 67/67/67
f 19/19/19 20/20/20 68/68/68
f 20/20/20 69/69/69 68/68/68
f 20/20/20 21/21/21 69/69/69
f 21/21/21 70/70/70 69/69/69
f 21/21/21 22/22/22 70/70/70
f 22/22/22 71/71/71 70/70/70
f 22/22/22 23/23/23 71/71/71
f 23/23/23 72/72/72 71/71/71
f 23/23/23 24/24/24 72/72/72
f 24/24/24 73/73/73 72/72/72
f 24/24/24 25/25/25 73/73/73
f 25/25/25 74/74/74 73/73/73
f 25/25/25 26/26/26 74/74/74
f 26/26/26 75/75/75 74/74/74
f 26/26/26 27/27/27 75/75/75
f 27/27/27 76/76/76 75/75/75
f 27/27/27 28/28/28 76/76/76
f 28/28/28 77/77/77 76/76/76
f 28/28/28 29/29/29 77/77/77
f 29/29/29 78/78/78 77/77/77
f 29/29/29 30/30/30 78/78/78
f 30/30/30 79/79/79 78/78/78
f 30/30/30 31/31/31 79/79/79
f 31/31/31 80/80/80 79/79/79
f 31/31/31 32/32/32 80/80/80
f 32/32/32 81/81/81 80/80/80
f 32/32/32 33/33/33 81/81/81
f 33/33/33 82/82/82 81/81/81
f 33/33/33 34/34/34 82/82/82
f 34/34/34 83/83/83 82/82/82
f 34/34/34 35/35/35 83/83/83
f 35/35/35 84/84/84 83/83/83
f 35/35/35 36/36/36 84/84/84
f 36/36/36 85/85/85 84/84/84
f 36/36/36 37/37/37 85/85/85
f 37/37/37 86/86/86 85/85/85
f 37/37/37 38/38/38 86/86/86
f 38/38/38 87/87/87 86/86/86
f 38/38/38 39/39/39 87/87/87
f 39/39/39 88/88/88 87/87/87
f 39/39/39 40/40/40 88/88/88
f 40/40/40 89/89/89 88/88/88
f 40/40/40 41/41/41 89/89/89
f 41/41/41 90/90/90 89/89/89
f 41/41/41 42/42/42 90/90/90
f 42/42/42 91/91/91 90/90/90
f 42/42/42 43/43/43 91/91/91
f 43/43/43 92/92/92 91/91/91
f 43/43/43 44/44/44 92/92/92
f 44/44/44 93/93/93 92/92/92
f 44/44/44 45/45/45 93/93/93
f 45/45/45 94/94/94 93/93/93
f 45/45/45 46/46/46 94/94/94
f 46/46/46 95/95/95 94/94/94
f 46/46/46 47/47/47 95/95/95
f 47/47/47 96/96/96 95/95/95
f 47/47/47 48/48/48 96/96/96
f 48/48/48 97/97/97 96/96/96
f 48/48/48 49/49/49 97/97/97
f 49/49/49 98/98/98 97/97/97
f 50/50/50 51/51/51 99/99/99
f 51/51/51 100/100/100 99/99/99
f 51/51/51 52/52/52 100/100/100
f 52/52/52 101/101/101 100/100/100
f 52/52/52 53/53/53 101/101/101
f 53/53/53 102/102/102 101/101/101
f 53/53/53 54/54/54 102/102/102
f 54/54/54 103/103/103 102/102/102
f 54/54/54 55/55/55 103/103/103
f 55/55/55 104/104/104 103/103/103
f 55/55/55 56/56/56 104/104/104
f 56/56/56 105/105/105 104/104/104
f 56/56/56 57/57/57 105/105/105
f 57/57/57 106/106/106 105/105/105
f 57/57/57 58/58/58 106/106/106
f 58/58/58 107/107/107 106/106/106
f 58/58/58 59/59/59 107/107/107
f 59/59/59 108/108/108 107/107/107
f 59/59/59 60/60/60 108/108/108
f 60/60/60 109/109/109 108/108/108
f 60/60/60 61/61/61 109/109/109
f 61/61/61 110/110/110 109/109/109
f 61/61/61 62/62/62 110/110/110
f 62/62/62 111/111/111 110/110/110
f 62/62/62 63/63/63 111/111/111
f 63/63/63 112/112/112 111/111/111
f 63/63/63 64/64/64 112/112/112
f 64/64/64 113/113/113 112/112/112
f 64/64/64 65/65/65 113/113/113
f 65/65/65 114/114/114 113/113/113
f 65/65/65 66/66/66 114/114/114
f 66/66/66 115/115/115 114/114/114
f 66/66/66 67/67/67 115/115/115
f 67/67/67 116/116/116 115/115/115
f 67/67/67 68/68/68 116/116/116
f 68/68/68 117/117/117 116/116/116
f 68/68/68 69/69/69 117/117/117
f 69/69/69 118/118/118 117/117/117
f 69/69/69 70/70/70 118/118/118
f 70/70/70 119/119/119 118/118/118
f 70/70/70 71/71/71 119/119/119
f 71/71/71 120/120/120 119/119/119
f 71/71/71 72/72/72 120/120/120
f 72/72/72 121/121/121 120/120/120
f 72/72/72 73/73/73 121/121/121
f 73/73/73 122/122/122 121/121/121
f 73/73/73 74/74/74 122/122/122
f 74/74/74 123/123/123 122/122/122
f 74/74/74 75/75/75 123/123/123
f 75/75/75 124/124/124 123/123/123
f 75/75/75 76/76/76 124/124/124
f 76/76/76 125/125/125 124/124/124
f 76/76/76 77/77/77 125/125/125
f 77/77/77 126/126/126 125/125/125
f 77/77/77 78/78/78 126/126/126
f 78/78/78 127/127/127 126/126/126
f 78/78/78 79/79/79 127/127/127
f 79/79/79 128/128/128 127/127/127
f 79/79/79 80/80/80 128/128/128
f 80/80/80 129/129/129 128/128/128
f 80/80/80 81/81/81 129/129/129
f 81/81/81 130/130/130 129/129/129
f 81/81/81 82/82/82 130/130/130
f 82/82/82 131/131/131 130/130/130
f 82/82/82 83/83/83 131/131/131
f 83/83/83 132/132/132 131/131/131
f 83/83/83 84/84/84 132/132/132
f 84/84/84 133/133/133 132/132/132
f 84/84/84 85/85/85 133/133/133
f 85/85/85 134/134/134 133/133/133
f 85/85/85 86/86/86 134/134/134
f 86/86/86 135/135/135 134/134/134
f 86/86/86 87/87/87 135/135/135
f 87/87/87 136/136/136 135/135/135
f 87/87/87 88/88/88 136/136/136
f 88/88/88 137/137/137 136/136/136
f 88/88/88 89/89/89 137/137/137
f 89/89/89 138/138/138 137/137/137
f 89/89/89 90/90/90 138/138/138
f 90/90/90 139/139/139 138/138/138
f 90/90/90 91/91/91 139/139/139
f 91/91/91 140/140/140 139/139/139
f 91/91/91 92/92/92 140/140/140
f 92/92/92 141/141/141 140/140/140
f 92/92/92 93/93/93 141/141/141
f 93/93/93 142/142/142 141/141/141
f 93/93/93 94/94/94 142/142/142
f 94/94/94 143/143/143 142/142/142
f 94/94/94 95/95/95 143/143/143
f 95/95/95 144/144/144 143/143/143
f 95/95/95 96/96/96 144/144/144
f 96/96/96 145/145/145 144/144/144
f 96/96/96 97/97/97 145/145/145
f 97/97/97 146/146/146 145/145/145
f 97/97/97 98/98/98 146/146/146
f 98/98/98 147/147/147 146/146/146
f 99/99/99 100/100/100 148/148/148
f 100/100/100 149/149/149 148/148/148
f 100/100/100 101/101/101 149/149/149
f 101/101/101 150/150/150 149/149/149
f 101/101/101 102/102/102 150/150/150
f 102/102/102 151/151/151 150/150/150
f 102/102/102 103/103/103 151/151/151
f 103/103/103 152/152/152 151/151/151
f 103/103/103 104/104/104 152/152/152
f 104/104/104 153/153/153 152/152/152
f 104/104/104 105/105/105 153/153/153
f 105/105/105 154/154/154 153/153/153
f 105/105/105 106/106/106 154/154/154
f 106/106/106 155/155/155 154/154/154
f 106/106/106 107/107/107 155/155/155
f 107/107/107 156/156/156 155/155/155
f 107/107/107 108/108/108 156/156/156
f 108/108/108 157/157/157 156/156/156
f 108/108/108 109/109/109 157/157/157
f 109/109/109 158/158/158 157/157/157
f 109/109/109 110/110/110 158/158/158
f 110/110/110 159/159/159 158/158/158
f 110/110/110 111/111/111 159/159/159
f 111/111/111 160/160/160 159/159/159
f 111/111/111 112/112/112 160/160/160
f 112/112/112 161/161/161 160/160/160
f 112/112/112 113/113/113 161/161/161
f 113/113/113 162/162/162 161/161/161
f 113/113/113 114/114/114 162/162/162
f 114/114/114 163/163/163 162/162/162
f 114/114/114 115/115/115 163/163/163
f 115/115/115 164/164/164 163/163/163
f 115/115/115 116/116/116 164/164/164
f 116/116/116 165/165/165 164/164/164
f 116/116/116 117/117/117 165/165/165
f 117/117/117 166/166/166 165/165/165
f 117/117/117 118/118/118 166/166/166
f 118/118/118 167/167/167 166/166/166
f 118/118/118 119/119/119 167/167/167
f 119/119/119 168/168/168 167/167/167
f 119/119/119 120/120/120 168/168/168
f 120/120/120 169/169/169 168/168/168
f 120/120/120 121/121/121 169/169/169
f 121/121/121 170/170/170 169/169/169
f 121/121/121 122/122/122 170/170/170
f 122/122/122 171/171/171 170/170/170
f 122/122/122 123/123/123 171/171/171
f 123/123/123 172/172/172 171/171/171
f 123/123/123 124/124/124 172/172/172
f 124/124/124 173/173/173 172/172/172
f 124/124/124 125/125/125 173/173/173
f 125/125/125 174/174/174 173/173/173
f 125/125/125 126/126/126 174/174/174
f 126/126/126 175/175/175 174/174/174
f 126/126/126 127/127/127 175/175/175
f 127/127/127 176/176/176 175/175/175
f 127/127/127 128/128/128 176/176/176
f 128/128/128 177/177/177 176/176/176
f 128/128/128 129/129/129 177/177/177
f 129/129/129 178/178/178 177/177/177
f 129/129/129 130/130/130 178/178/178
f 130/130/130 179/179/179 178/178/178
f 130/130/130 131/131/131 179/179/179
f 131/131/131 180/180/180 179/179/179
f 131/131/131 132/132/132 180/180/180
f 132/132/132 181/181/181 180/180/180
f 132/132/132 133/133/133 181/181/181
f 133/133/133 182/182/182 181/181/181
f 133/133/133 134/134/134 182/182/182
f 134/134/134 183/183/183 182/182/182
f 134/134/134 135/135/135 183/183/183
f 135/135/135 184/184/184 183/183/183
f 135/135/135 136/136/136 184/184/184
f 136/136/136 185/185/185 184/184/184
f 136/136/136 137/137/137 185/185/185
f 137/137/137 186/186/186 185/185/185
f 137/137/137 138/138/138 186/186/186
f 138/138/138 187/187/187 186/186/186
f 138/138/138 139/139/139 187/187/187
f 139/139/139 188/188/188 187/187/187
f 139/139/139 140/140/140 188/188/188
f 140/140/140 189/189/189 188/188/188
f 140/140/140 141/141/141 189/189/189
f 141/141/141 190/190/190 189/189/189
f 141/141/141 142/142/142 190/190/190
f 142/142/142 191/191/191 190/190/190
f 142/142/142 143/143/143 191/191/191
f 143/143/143 192/192/192 191/191/191
f 143/143/143 144/144/144 192/192/192
f 144/144/144 193/193/193 192/192/192
f 144/144/144 145/145/145 193/193/193
f 145/145/145 194/194/194 193/193/193
f 145/145/145 146/146/146 194/194/194
f 146/146/146 195/195/195 194/194/194
f 146/146/146 147/147/147 195/195/195
f 147/147/147 196/196/196 195/195/195
f 148/148/148 149/149/149 197/197/197
f 149/149/149 198/198/198 197/197/197
f 149/149/149 150/150/150 198/198/198
f 150/150/150 199/199/199 198/198/198
f 150/150/150 151/151/151 199/199/199
f 151/151/151 200/200/200 199/199/199
f 151/151/151 152/152/152 200/200/200
f 152/152/152 201/201/201 200/200/200
f 152/152/152 153/153/153 201/201/201
f 153/153/153 202/202/202 201/201/201
f 153/153/153 154/154/154 202/202/202
f 154/154/154 203/203/203 202/202/202
f 154/154/154 155/155/155 203/203/203
f 155/155/155 204/204/204 203/203/203
f 155/155/155 156/156/156 204/204/204
f 156/156/156 205/205/205 204/204/204
f 156/156/156 157/157/157 205/205/205
f 157/157/157 206/206/206 205/205/205
f 157/157/157 158/158/158 206/206/206
f 158/158/158 207/207/207 206/206/206
f 158/158/158 159/159/159 207/207/207
f 159/159/159 208/208/208 207/207/207
f 159/159/159 160/160/160 208/208/208
f 160/160/160 209/209/209 208/208/208
f 160/160/160 161/161/161 209/209/209
f 161/161/161 210/210/210 209/209/209
f 161/161/161 162/162/162 210/210/210
f 162/162/162 211/211/211 210/210/210
f 162/162/162 163/163/163 211/211/211
f 163/163/163 212/212/212 211/211/211
f 163/163/163 164/164/164 212/212/212
f 164/164/164 213/213/213 212/212/212
f 164/164/164 165/165/165 213/213/213
f 165/165/165 214/214/214 213/213/213
f 165/165/165 166/166/166 214/214/214
f 166/166/166 215/215/215 214/214/214
f 166/166/166 167/167/167 215/215/215
f 167/167/167 216/216/216 215/215/215
f 167/167/167 168/168/168 216/216/216
f 168/168/168 217/217/217 216/216/216
f 168/168/168 169/169/169 217/217/217
f 169/169/169 218/218/218 217/217/217
f 169/169/169 170/170/170 218/218/218
f 170/170/170 219/219/219 218/218/218
f 170/170/170 171/171/171 219/219/219
f 171/171/171 220/220/220 219/219/219
f 171/171/171 172/172/172 220/220/220
f 172/172/172 221/221/221 220/220/220
f 172/172/172 173/173/173 221/221/221
f 173/173/173 222/222/222 221/221/221
f 173/173/173 174/174/174 222/222/222
f 174/174/174 223/223/223 222/222/222
f 174/174/174 175/175/175 223/223/223
f 175/175/175 224/224/224 223/223/223
f 175/175/175 176/176/176 224/224/224
f 176/176/176 225/225/225 224/224/224
f 176/176/176 177/177/177 225/225/225
f 177/177/177 226/226/226 225/225/225
f 177/177/177 178/178/178 226/226/226
f 178/178/178 227/227/227 226/226/226
f 178/178/178 179/179/179 227/227/227
f 179/179/179 228/228/228 227/227/227
f 179/179/179 180/180/180 228/228/228
f 180/180/180 229/229/229 228/228/228
f 180/180/180 181/181/181 229/229/229
f 181/181/181 230/230/230 229/229/229
f 181/181/181 182/182/182 230/230/230
f 182/182/182 231/231/231 230/230/230
f 182/182/182 183/183/183 231/231/231
f 183/183/183 232/232/232 231/231/231
f 183/183/183 184/184/184 232/232/232
f 184/184/184 233/233/233 232/232/232
f 184/184/184 185/185/185 233/233/233
f 185/185/185 234/234/234 233/233/233
f 185/185/185 186/186/186 234/234/234
f 186/186/186 235/235/235 234/234/234
f 186/186/186 187/187/187 235/235/235
f 187/187/187 236/236/236 235/235/235
f 187/187/187 188/188/188 236/236/236
f 188/188/188 237/237/237 236/236/236
f 188/188/188 189/189/189 237/237/237
f 189/189/189 238/238/238 237/237/237
f 189/189/189 190/190/190 238/238/238
f 190/190/190 239/239/239 238/238/238
f 190/190/190 191/191/191 239/239/239
f 191/191/191 240/240/240 239/239/239
f 191/191/191 192/192/192 240/240/240
f 192/192/192 241/241/241 240/240/240
f 192/192/192 193/193/193 241/241/241
f 193/193/193 242/242/242 241/241/241
f 193/193/193 194/194/194 242/242/242
f 194/194/194 243/243/243 242/242/242
f 194/194/194 195/195/195 243/243/243
f 195/195/195 244/244/244 243/243/243
f 195/195/195 196/196/196 244/244/244
f 196/196/196 245/245/245 244/244/244
f 197/197/197 198/198/198 246/246/246
f 198/198/198 247/247/247 246/246/246
f 198/198/198 199/199/199 247/247/247
f 199/199/199 248/248/248 247/247/247
f 199/199/199 200/200/200 248/248/248
f 200/200/200 249/249/249 248/248/248
f 200/200/200 201/201/201 249/249/249
f 201/201/201 250/250/250 249/249/249
f 201/201/201 202/202/202 250/250/250
f 202/202/202 251/251/251 250/250/250
f 202/202/202 203/203/203 251/251/251
f 203/203/203 252/252/252 251/251/251
f 203/203/203 204/204/204 252/252/252
f 204/204/204 253/253/253 252/252/252
f 204/204/204 205/205/205 253/253/253
f 205/205/205 254/254/254 253/253/253
f 205/205/205 206/206/206 254/254/254
f 206/206/206 255/255/255 254/254/254
f 206/206/206 207/207/207 255/255/255
f 207/207/207 256/256/256 255/255/255
f 207/207/207 208/208/208 256/256/256
f 208/208/208 257/257/257 256/256/256
f 208/208/208 209/209/209 257/257/257
f 209/209/209 258/258/258 257/257/257
f 209/209/209 210/210/210 258/258/258
f 210/210/210 259/259/259 258/258/258
f 210/210/210 211/211/211 259/259/259
f 211/211/211 260/260/260 259/259/259
f 211/211/211 212/212/212 260/260/260
f 212/212/212 261/261/261 260/260/260
f 212/212/212 213/213/213 261/261/261
f 213/213/213 262/262/262 261/261/261
f 213/213/213 214/214/214 262/262/262
f 214/214/214 263/263/263 262/262/262
f 214/214/214 215/215/215 263/263/263
f 215/215/215 264/264/264 263/263/263
f 215/215/215 216/216/216 264/264/264
f 216/216/216 265/265/265 264/264/264
f 216/216/216 217/217/217 265/265/265
f 217/217/217 266/266/266 265/265/265
f 217/217/217 218/218/218 266/266/266
f 218/218/218 267/267/267 266/266/266
f 218/218/218 219/219/219 267/267/267
f 219/219/219 268/268/268 267/267/267
f 219/219/219 220/220/220 268/268/268
f 220/220/220 269/269/269 268/268/268
f 220/220/220 221/221/221 269/269/269
f 221/221/221 270/270/270 269/269/269
f 221/221/221 222/222/222 270/270/270
f 222/222/222 271/271/271 270/270/270
f 222/222/222 223/223/223 271/271/271
f 223/223/223 272/272/272 271/271/271
f 223/223/223 224/224/224 272/272/272
f 224/224/224 273/273/273 272/272/272
f 224/224/224 225/225/225 273/273/273
f 225/225/225 274/274/274 273/273/273
f 225/225/225 226/226/226 274/274/274
f 226/226/226 275/275/275 274/274/274
f 226/226/226 227/227/227 275/275/275
f 227/227/227 276/276/276 275/275/275
f 227/227/227 228/228/228 276/276/276
f 228/228/228 277/277/277 276/276/276
f 228/228/228 229/229/229 277/277/277
f 229/229/229 278/278/278 277/277/277
f 229/229/229 230/230/230 278/278/278
f 230/230/230 279/279/279 278/278/278
f 230/230/230 231/231/231 279/279/279
f 231/231/231 280/280/280 279/279/279
f 231/231/231 232/232/232 280/280/280
f 232/232/232 281/281/281 280/280/280
f 232/232/232 233/233/233 281/281/281
f 233/233/233 282/282/282 281/281/281
f 233/233/233 234/234/234 282/282/282
f 234/234/234 283/283/283 282/282/282
f 234/234/234 235/235/235 283/283/283
f 235/235/235 284/284/284 283/283/283
f 235/235/235 236/236/236 284/284/284
f 236/236/236 285/285/285 284/284/284
f 236/236/236 237/237/237 285/285/285
f 237/237/237 286/286/286 285/285/285
f 237/237/237 238/238/238 286/286/286
f 238/238/238 287/287/287 286/286/286
f 238/238/238 239/239/239 287/287/287
f 239/239/239 288/288/288 287/287/287
f 239/239/239 240/240/240 288/288/288
f 240/240/240 289/289/289 288/288/288
f 240/240/240 241/241/241 289/289/289
f 241/241/241 290/290/290 289/289/289
f 241/241/241 242/242/242 290/290/290
f 242/242/242 291/291/291 290/290/290
f 242/242/242 243/243/243 291/291/291
f 243/243/243 292/292/292 291/291/291
f 243/243/243 244/244/244 292/292/292
f 244/244/244 293/293/293 292/292/292
f 244/244/244 245/245/245 293/293/293
f 245/245/245 294/294/294 293/293/293
f 246/246/246 247/247/247 295/295/295
f 247/247/247 296/296/296 295/295/295
f 247/247/247 248/248/248 296/296/296
f 248/248/248 297/297/297 296/296/296
f 248/248/248 249/249/249 297/297/297
f 249/249/249 298/298/298 297/297/297
f 249/249/249 250/250/250 298/298/298
f 250/250/250 299/299/299 298/298/298
f 250/250/250 251/251/251 299/299/299
f 251/251/251 300/300/300 299/299/299
f 251/251/251 252/252/252 300/300/300
f 252/252/252 301/301/301 300/300/300
f 252/252/252 253/253/253 301/301/301
f 253/253/253 302/302/302 301/301/301
f 253/253/253 254/254/254 302/302/302
f 254/254/254 303/303/303 302/302/302
f 254/254/254 255/255/255 303/303/303
f 255/255/255 304/304/304 303/303/303
f 255/255/255 256/256/256 304/304/304
f 256/256/256 305/305/305 304/304/304
f 256/256/256 257/257/257 305/305/305
f 257/257/257 306/306/306 305/305/305
f 257/257/257 258/258/258 306/306/306
f 258/258/258 307/307/307 306/306/306
f 258/258/258 259/259/259 307/307/307
f 259/259/259 308/308/308 307/307/307
f 259/259/259 260/260/260 308/308/308
f 260/260/260 309/309/309 308/308/308
f 260/260/260 261/261/261 309/309/309
f 261/261/261 310/310/310 309/309/309
f 261/261/261 262/262/262 310/310/310
f 262/262/262 311/311/311 310/310/310
f 262/262/262 263/263/263 311/311/311
f 263/263/263 312/312/312 311/311/311
f 263/263/263 264/264/264 312/312/312
f 264/264/264 313/313/313 312/312/312
f 264/264/264 265/265/265 313/313/313
f 265/265/265 314/314/314 313/313/313
f 265/265/265 266/266/266 314/314/314
f 266/266/266 315/315/315 314/314/314
f 266/266/266 267/267/267 315/315/315
f 267/267/267 316/316/316 315/315/315
f 267/267/267 268/268/268 316/316/316
f 268/268/268 317/317/317 316/316/316
f 268/268/268 269/269/269 317/317/317
f 269/269/269 318/318/318 317/317/317
f 269/269/269 270/270/270 318/318/318
f 270/270/270 319/319/319 318/318/318
f 270/270/270 271/271/271 319/319/319
f 271/271/271 320/320/320 319/319/319
f 271/271/271 272/272/272 320/320/320
f 272/272/272 321/321/321 320/320/320
f 272/272/272 273/273/273 321/321/321
f 273/273/273 322/322/322 321/321/321
f 273/273/273 274/274/274 322/322/322
f 274/274/274 323/323/323 322/322/322
f 274/274/274 275/275/275 323/323/323
f 275/275/275 324/324/324 323/323/323
f 275/275/275 276/276/276 324/324/324
f 276/276/276 325/325/325 324/324/324
f 276/276/276 277/277/277 325/325/325
f 277/277/277 326/326/326 325/325/325
f 277/277/277 278/278/278 326/326/326
f 278/278/278 327/327/327 326/326/326
f 278/278/278 279/279/279 327/327/327
f 279/279/279 328/328/328 327/327/327
f 279/279/279 280/280/280 328/328/328
f 280/280/280 329/329/329 328/328/328
f 280/280/280 281/281/281 329/329/329
f 281/281/281 330/330/330 329/329/329
f 281/281/281 282/282/282 330/330/330
f 282/282/282 331/331/331 330/330/330
f 282/282/282 283/283/283 331/331/331
f 283/283/283 332/332/332 331/331/331
f 283/283/283 284/284/284 332/332/332
f 284/284/284 333/333/333 332/332/332
f 284/284/284 285/285/285 333/333/333
f 285/285/285 334/334/334 333/333/333
f 285/285/285 286/286/286 334/334/334
f 286/286/286 335/335/335 334/334/334
f 286/286/286 287/287/287 335/335/335
f 287/287/287 336/336/336 335/335/335
f 287/287/287 288/288/288 336/336/336
f 288/288/288 337/337/337 336/336/336
f 288/288/288 289/289/289 337/337/337
f 289/289/289 338/338/338 337/337/337
f 289/289/289 290/290/290 338/338/338
f 290/290/290 339/339/339 338/338/338
f 290/290/290 291/291/291 339/339/339
f 291/291/291 340/340/340 339/339/339
f 291/291/291 292/292/292 340/340/340
f 292/292/292 341/341/341 340/340/340
f 292/292/292 293/293/293 341/341/341
f 293/293/293 342/342/342 341/341/341
f 293/293/293 294/294/294 342/342/342
f 294/294/294 343/343/343 342/342/342
f 295/295/295 296/296/296 344/344/344
f 296/296/296 345/345/345 344/344/344
f 296/296/296 297/297/297 345/345/345
f 297/297/297 346/346/346 345/345/345
f 297/297/297 298/298/298 346/346/346
f 298/298/298 347/347/347 346/346/346
f 298/298/298 299/299/299 347/347/347
f 299/299/299 348/348/348 347/347/347
f 299/299/299 300/300/300 348/348/348
f 300/300/300 349/349/349 348/348/348
f 300/300/300 301/301/301 349/349/349
f 301/301/301 350/350/350 349/349/349
f 301/301/301 302/302/302 350/350/350
f 302/302/302 351/351/351 350/350/350
f 302/302/302 303/303/303 351/351/351
f 303/303/303 352/352/352 351/351/351
f 303/303/303 304/304/304 352/352/352
f 304/304/304 353/353/353 352/352/352
f 304/304/304 305/305/305 353/353/353
f 305/305/305 354/354/354 353/353/353
f 305/305/305 306/306/306 354/354/354
f 306/306/306 355/355/355 354/354/354
f 306/306/306 307/307/307 355/355/355
f 307/307/307 356/356/356 355/355/355
f 307/307/307 308/308/308 356/356/356
f 308/308/308 357/357/357 356/356/356
f 308/308/308 309/309/309 357/357/357
f 309/309/309 358/358/358 357/357/357
f 309/309/309 310/310/310 358/358/358
f 310/310/310 359/359/359 358/358/358
f 310/310/310 311/311/311 359/359/359
f 311/311/311 360/360/360 359/359/359
f 311/311/311 312/312/312 360/360/360
f 312/312/312 361/361/361 360/360/360
f 312/312/312 313/313/313 361/361/361
f 313/313/313 362/362/362 361/361/361
f 313/313/313 314/314/314 362/362/362
f 314/314/314 363/363/363 362/362/362
f 314/314/314 315/315/315 363/363/363
f 315/315/315 364/364/364 363/363/363
f 315/315/315 316/316/316 364/364/364
f 316/316/316 365/365/365 364/364/364
f 316/316/316 317/317/317 365/365/365
f 317/317/317 366/366/366 365/365/365
f 317/317/317 318/318/318 366/366/366
f 318/318/318 367/367/367 366/366/366
f 318/318/318 319/319/319 367/367/367
f 319/319/319 368/368/368 367/367/367
f 319/319/319 320/320/320 368/368/368
f 320/320/320 369/369/369 368/368/368
f 320/320/320 321/321/321 369/369/369
f 321/321/321 370/370/370 369/369/369
f 321/321/321 322/322/322 370/370/370
f 322/322/322 371/371/371 370/370/370
f 322/322/322 323/323/323 371/371/371
f 323/323/323 372/372/372 371/371/371
f 323/323/323 324/324/324 372/372/372
f 324/324/324 373/373/373 372/372/372
f 324/324/324 325/325/325 373/373/373
f 325/325/325 374/374/374 373/373/373
f 325/325/325 326/326/326 374/374/374
f 326/326/326 375/375/375 374/374/374
f 326/326/326 327/327/327 375/375/375
f 327/327/327 376/376/376 375/375/375
f 327/327/327 328/328/328 376/376/376
f 328/328/328 377/377/377 376/376/376
f 328/328/328 329/329/329 377/377/377
f 329/329/329 378/378/378 377/377/377
f 329/329/329 330/330/330 378/378/378
f 330/330/330 379/379/379 378/378/378
f 330/330/330 331/331/331 379/379/379
f 331/331/331 380/380/380 379/379/379
f 331/331/331 332/332/332 380/380/380
f 332/332/332 381/381/381 380/380/380
f 332/332/332 333/333/333 381/381/381
f 333/333/333 382/382/382 381/381/381
f 333/333/333 334/334/334 382/382/382
f 334/334/334 383/383/383 382/382/382
f 334/334/334 335/335/335 383/383/383
f 335/335/335 384/384/384 383/383/383
f 335/335/335 336/336/336 384/384/384
f 336/336/336 385/385/385 384/384/384
f 336/336/336 337/337/337 385/385/385
f 337/337/337 386/386/386 385/385/385
f 337/337/337 338/338/338 386/386/386
f 338/338/338 387/387/387 386/386/386
f 338/338/338 339/339/339 387/387/387
f 339/339/339 388/388/388 387/387/387
f 339/339/339 340/340/340 388/388/388
f 340/340/340 389/389/389 388/388/388
f 340/340/340 341/341/341 389/389/389
f 341/341/341 390/390/390 389/389/389
f 341/341/341 342/342/342 390/390/390
f 342/342/342 391/391/391 390/390/390
f 342/342/342 343/343/343 391/391/391
f 343/343/343 392/392/392 391/391/391
f 344/344/344 345/345/345 393/393/393
f 345/345/345 394/394/394 393/393/393
f 345/345/345 346/346/346 394/394/394
f 346/346/346 395/395/395 394/394/394
f 346/346/346 347/347/347 395/395/395
f 347/347/347 396/396/396 395/395/395
f 347/347/347 348/348/348 396/396/396
f 348/348/348 397/397/397 396/396/396
f 348/348/348 349/349/349 397/397/397
f 349/349/349 398/398/398 397/397/397
f 349/349/349 350/350/350 398/398/398
f 350/350/350 399/399/399 398/398/398
f 350/350/350 351/351/351 399/399/399
f 351/351/351 400/400/400 399/399/399
f 351/351/351 352/352/352 400/400/400
f 352/352/352 401/401/401 400/400/400
f 352/352/352 353/353/353 401/401/401
f 353/353/353 402/402/402 401/401/401
f 353/353/353 354/354/354 402/402/402
f 354/354/354 403/403/403 402/402/402
f 354/354/354 355/355/355 403/403/403
f 355/355/355 404/404/404 403/403/403
f 355/355/355 356/356/356 404/404/404
f 356/356/356 405/405/405 404/404/404
f 356/356/356 357/357/357 405/405/405
f 357/357/357 406/406/406 405/405/405
f 357/357/357 358/358/358 406/406/406
f 358/358/358 407/407/407 406/406/406
f 358/358/358 359/359/359 407/407/407
f 359/359/359 408/408/408 407/407/407
f 359/359/359 360/360/360 408/408/408
f 360/360/360 409/409/409 408/408/408
f 360/360/360 361/361/361 409/409/409
f 361/361/361 410/410/410 409/409/409
f 361/361/361 362/362/362 410/410/410
f 362/362/362 411/411/411 410/410/410
f 362/362/362 363/363/363 411/411/411
f 363/363/363 412/412/412 411/411/411
f 363/363/363 364/364/364 412/412/412
f 364/364/364 413/413/413 412/412/412
f 364/364/364 365/365/365 413/413/413
f 365/365/365 414/414/414 413/413/413
f 365/365/365 366/366/366 414/414/414
f 366/366/366 415/415/415 414/414/414
f 366/366/366 367/367/367 415/415/415
f 367/367/367 416/416/416 415/415/415
f 367/367/367 368/368/368 416/416/416
f 368/368/368 417/417/417 416/416/416
f 368/368/368 369/369/369 417/417/417
f 369/369/369 418/418/418 417/417/417
f 369/369/369 370/370/370 418/418/418
f 370/370/370 419/419/419 418/418/418
f 370/370/370 371/371/371 419/419/419
f 371/371/371 420/420/420 419/419/419
f 371/371/371 372/372/372 420/420/420
f 372/372/372 421/421/421 420/420/420
f 372/372/372 373/373/373 421/421/421
f 373/373/373 422/422/422 421/421/421
f 373/373/373 374/374/374 422/422/422
f 374/374/374 423/423/423 422/422/422
f 374/374/374 375/375/375 423/423/423
f 375/375/375 424/424/424 423/423/423
f 375/375/375 376/376/376 424/424/424
f 376/376/376 425/425/425 424/424/424
f 376/376/376 377/377/377 425/425/425
f 377/377/377 426/426/426 425/425/425
f 377/377/377 378/378/378 426/426/426
f 378/378/378 427/427/427 426/426/426
f 378/378/378 379/379/379 427/427/427
f 379/379/379 428/428/428 427/427/427
f 379/379/379 380/380/380 428/428/428
f 380/380/380 429/429/429 428/428/428
f 380/380/380 381/381/381 429/429/429
f 381/381/381 430/430/430 429/429/429
f 381/381/381 382/382/382 430/430/430
f 382/382/382 431/431/431 430/430/430
f 382/382/382 383/383/383 431/431/431
f 383/383/383 432/432/432 431/431/431
f 383/383/383 384/384/384 432/432/432
f 384/384/384 433/433/433 432/432/432
f 384/384/384 385/385/385 433/433/433
f 385/385/385 434/434/434 433/433/433
f 385/385/385 386/386/386 434/434/434
f 386/386/386 435/435/435 434/434/434
f 386/386/386 387/387/387 435/435/435
f 387/387/387 436/436/436 435/435/435
f 387/387/387 388/388/388 436/436/436
f 388/388/388 437/437/437 436/436/436
f 388/388/388 389/389/389 437/437/437
f 389/389/389 438/438/438 437/437/437
f 389/389/389 390/390/390 438/438/438
f 390/390/390 439/439/439 438/438/438
f 390/390/390 391/391/391 439/439/439
f 391/391/391 440/440/440 439/439/439
f 391/391/391 392/392/392 440/440/440
f 392/392/392 441/441/441 440/440/440
f 393/393/393 394/394/394 442/442/442
f 394/394/394 443/443/443 442/442/442
f 394/394/394 395/395/395 443/443/443
f 395/395/395 444/444/444 443/443/443
f 395/395/395 396/396/396 444/444/444
f 396/396/396 445/445/445 444/444/444
f 396/396/396 397/397/397 445/445/445
f 397/397/397 446/446/446 445/445/445
f 397/397/397 398/398/398 446/446/446
f 398/398/398 447/447/447 446/446/446
f 398/398/398 399/399/399 447/447/447
f 399/399/399 448/448/448 447/447/447
f 399/399/399 400/400/400 448/448/448
f 400/400/400 449/449/449 448/448/448
f 400/400/400 401/401/401 449/449/449
f 401/401/401 450/450/450 449/449/449
f 401/401/401 402/402/402 450/450/450
f 402/402/402 451/451/451 450/450/450
f 402/402/402 403/403/403 451/451/451
f 403/403/403 452/452/452 451/451/451
f 403/403/403 404/404/404 452/452/452
f 404/404/404 453/453/453 452/452/452
f 404/404/404 405/405/405 453/453/453
f 405/405/405 454/454/454 453/453/453
f 405/405/405 406/406/406 454/454/454
f 406/406/406 455/455/455 454/454/454
f 406/406/406 407/407/407 455/455/455
f 407/407/407 456/456/456 455/455/455
f 407/407/407 408/408/408 456/456/456
f 408/408/408 457/457/457 456/456/456
f 408/408/408 409/409/409 457/457/457
f 409/409/409 458/458/458 457/457/457
f 409/409/409 410/410/410 458/458/458
f 410/410/410 459/459/459 458/458/458
f 410/410/410 411/411/411 459/459/459
f 411/411/411 460/460/460 459/459/459
f 411/411/411 412/412/412 460/460/460
f 412/412/412 461/461/461 460/460/460
f 412/412/412 413/413/413 461/461/461
f 413/413/413 462/462/462 461/461/461
f 413/413/413 414/414/414 462/462/462
f 414/414/414 463/463/463 462/462/462
f 414/414/414 415/415/415 463/463/463
f 415/415/415 464/464/464 463/463/463
f 415/415/415 416/416/416 464/464/464
f 416/416/416 465/465/465 464/464/464
f 416/416/416 417/417/417 465/465/465
f 417/417/417 466/466/466 465/465/465
f 417/417/417 418/418/418 466/466/466
f 418/418/418 467/467/467 466/466/466
f 418/418/418 419/419/419 467/467/467
f 419/419/419 468/468/468 467/467/467
f 419/419/419 420/420/420 468/468/468
f 420/420/420 469/469/469 468/468/468
f 420/420/420 421/421/421 469/469/469
f 421/421/421 470/470/470 469/469/469
f 421/421/421 422/422/422 470/470/470
f 422/422/422 471/471/471 470/470/470
f 422/422/422 423/423/423 471/471/471
f 423/423/423 472/472/472 471/471/471
f 423/423/423 424/424/424 472/472/472
f 424/424/424 473/473/473 472/472/472
f 424/424/424 425/425/425 473/473/473
f 425/425/425 474/474/474 473/473/473
f 425/425/425 426/426/426 474/474/474
f 426/426/426 475/475/475 474/474/474
f 426/426/426 427/427/427 475/475/475
f 427/427/427 476/476/476 475/475/475
f 427/427/427 428/428/428 476/476/476
f 428/428/428 477/477/477 476/476/476
f 428/428/428 429/429/429 477/477/477
f 429/429/429 478/478/478 477/477/477
f 429/429/429 430/430/430 478/478/478
f 430/430/430 479/479/479 478/478/478
f 430/430/430 431/431/431 479/479/479
f 431/431/431 480/480/480 479/479/479
f 431/431/431 432/432/432 480/480/480
f 432/432/432 481/481/481 480/480/480
f 432/432/432 433/433/433 481/481/481
f 433/433/433 482/482/482 481/481/481
f 433/433/433 434/434/434 482/482/482
f 434/434/434 483/483/483 482/482/482
f 434/434/434 435/435/435 483/483/483
f 435/435/435 484/484/484 483/483/483
f 435/435/435 436/436/436 484/484/484
f 436/436/436 485/485/485 484/484/484
f 436/436/436 437/437/437 485/485/485
f 437/437/437 486/486/486 485/485/485
f 437/437/437 438/438/438 486/486/486
f 438/438/438 487/487/487 486/486/486
f 438/438/438 439/439/439 487/487/487
f 439/439/439 488/488/488 487/487/487
f 439/439/439 440/440/440 488/488/488
f 440/440/440 489/489/489 488/488/488
f 440/440/440 441/441/441 489/489/489
f 441/441/441 490/490/490 489/489/489
f 442/442/442 443/443/443 491/491/491
f 443/443/443 492/492/492 491/491/491
f 443/443/443 444/444/444 492/492/492
f 444/444/444 493/493/493 492/492/492
f 444/444/444 445/445/445 493/493/493
f 445/445/445 494/494/494 493/493/493
f 445/445/445 446/446/446 494/494/494
f 446/446/446 495/495/495 494/494/494
f 446/446/446 447/447/447 495/495/495
f 447/447/447 496/496/496 495/495/495
f 447/447/447 448/448/448 496/496/496
f 448/448/448 497/497/497 496/496/496
f 448/448/448 449/449/449 497/497/497
f 449/449/449 498/498/498 497/497/497
f 449/449/449 450/450/450 498/498/498
f 450/450/450 499/499/499 498/498/498
f 450/450/450 451/451/451 499/499/499
f 451/451/451 500/500/500 499/499/499
f 451/451/451 452/452/452 500/500/500
f 452/452/452 501/501/501 500/500/500
f 452/452/452 453/453/453 501/501/501
f 453/453/453 502/502/502 501/501/501
f 453/453/453 454/454/454 502/502/502
f 454/454/454 503/503/503 502/502/502
f 454/454/454 455/455/455 503/503/503
f 455/455/455 504/504/504 503/503/503
f 455/455/455 456/456/456 504/504/504
f 456/456/456 505/505/505 504/504/504
f 456/456/456 457/457/457 505/505/505
f 457/457/457 506/506/506 505/505/505
f 457/457/457 458/458/458 506/506/506
f 458/458/458 507/507/507 506/506/506
f 458/458/458 459/459/459 507/507/507
f 459/459/459 508/508/508 507/507/507
f 459/459/459 460/460/460 508/508/508
f 460/460/460 509/509/509 508/508/508
f 460/460/460 461/461/461 509/509/509
f 461/461/461 510/510/510 509/509/509
f 461/461/461 462/462/462 510/510/510
f 462/462/462 511/511/511 510/510/510
f 462/462/462 463/463/463 511/511/511
f 463/463/463 512/512/512 511/511/511
f 463/463/463 464/464/464 512/512/512
f 464/464/464 513/513/513 512/512/512
f 464/464/464 465/465/465 513/513/513
f 465/465/465 514/514/514 513/513/513
f 465/465/465 466/466/466 514/514/514
f 466/466/466 515/515/515 514/514/514
f 466/466/466 467/467/467 515/515/515
f 467/467/467 516/516/516 515/515/515
f 467/467/467 468/468/468 516/516/516
f 468/468/468 517/517/517 516/516/516
f 468/468/468 469/469/469 517/517/517
f 469/469/469 518/518/518 517/517/517
f 469/469/469 470/470/470 518/518/518
f 470/470/470 519/519/519 518/518/518
f 470/470/470 471/471/471 519/519/519
f 471/471/471 520/520/520 519/519/519
f 471/471/471 472/472/472 520/520/520
f 472/472/472 521/521/521 520/520/520
f 472/472/472 473/473/473 521/521/521
f 473/473/473 522/522/522 521/521/521
f 473/473/473 474/474/474 522/522/522
f 474/474/474 523/523/523 522/522/522
f 474/474/474 475/475/475 523/523/523
f 475/475/475 524/524/524 523/523/523
f 475/475/475 476/476/476 524/524/524
f 476/476/476 525/525/525 524/524/524
f 476/476/476 477/477/477 525/525/525
f 477/477/477 526/526/526 525/525/525
f 477/477/477 478/478/478 526/526/526
f 478/478/478 527/527/527 526/526/526
f 478/478/478 479/479/479 527/527/527
f 479/479/479 528/528/528 527/527/527
f 479/479/479 480/480/480 528/528/528
f 480/480/480 529/529/529 528/528/528
f 480/480/480 481/481/481 529/529/529
f 481/481/481 530/530/530 529/529/529
f 481/481/481 482/482/482 530/530/530
f 482/482/482 531/531/531 530/530/530
f 482/482/482 483/483/483 531/531/531
f 483/483/483 532/532/532 531/531/531
f 483/483/483 484/484/484 532/532/532
f 484/484/484 533/533/533 532/532/532
f 484/484/484 485/485/485 533/533/533
f 485/485/485 534/534/534 533/533/533
f 485/485/485 486/486/486 534/534/534
f 486/486/486 535/535/535 534/534/534
f 486/486/486 487/487/487 535/535/535
f 487/487/487 536/536/536 535/535/535
f 487/487/487 488/488/488 536/536/536
f 488/488/488 537/537/537 536/536/536
f 488/488/488 489/489/489 537/537/537
f 489/489/489 538/538/538 537/537/537
f 489/489/489 490/490/490 538/538/538
f 490/490/490 539/539/539 538/538/538
f 491/491/491 492/492/492 540/540/540
f 492/492/492 541/541/541 540/540/540
f 492/492/492 493/493/493 541/541/541
f 493/493/493 542/542/542 541/541/541
f 493/493/493 494/494/494 542/542/542
f 494/494/494 543/543/543 542/542/542
f 494/494/494 495/495/495 543/543/543
f 495/495/495 544/544/544 543/543/543
f 495/495/495 496/496/496 544/544/544
f 496/496/496 545/545/545 544/544/544
f 496/496/496 497/497/497 545/545/545
f 497/497/497 546/546/546 545/545/545
f 497/497/497 498/498/498 546/546/546
f 498/498/498 547/547/547 546/546/546
f 498/498/498 499/499/499 547/547/547
f 499/499/499 548/548/548 547/547/547
f 499/499/499 500/500/500 548/548/548
f 500/500/500 549/549/549 548/548/548
f 500/500/500 501/501/501 549/549/549
f 501/501/501 550/550/550 549/549/549
f 501/501/501 502/502/502 550/550/550
f 502/502/502 551/551/551 550/550/550
f 502/502/502 503/503/503 551/551/551
f 503/503/503 552/552/552 551/551/551
f 503/503/503 504/504/504 552/552/552
f 504/504/504 553/553/553 552/552/552
f 504/504/504 505/505/505 553/553/553
f 505/505/505 554/554/554 553/553/553
f 505/505/505 506/506/506 554/554/554
f 506/506/506 555/555/555 554/554/554
f 506/506/506 507/507/507 555/555/555
f 507/507/507 556/556/556 555/555/555
f 507/507/507 508/508/508 556/556/556
f 508/508/508 557/557/557 556/556/556
f 508/508/508 509/509/509 557/557/557
f 509/509/509 558/558/558 557/557/557
f 509/509/509 510/510/510 558/558/558
f 510/510/510 559/559/559 558/558/558
f 510/510/510 511/511/511 559/559/559
f 511/511/511 560/560/560 559/559/559
f 511/511/511 512/512/512 560/560/560
f 512/512/512 561/561/561 560/560/560
f 512/512/512 513/513/513 561/561/561
f 513/513/513 562/562/562 561/561/561
f 513/513/513 514/514/514 562/562/562
f 514/514/514 563/563/563 562/562/562
f 514/514/514 515/515/515 563/563/563
f 515/515/515 564/564/564 563/563/563
f 515/515/515 516/516/516 564/564/564
f 516/516/516 565/565/565 564/564/564
f 516/516/516 517/517/517 565/565/565
f 517/517/517 566/566/566 565/565/565
f 517/517/517 518/518/518 566/566/566
f 518/518/518 567/567/567 566/566/566
f 518/518/518 519/519/519 567/567/567
f 519/519/519 568/568/568 567/567/567
f 519/519/519 520/520/520 568/568/568
f 520/520/520 569/569/569 568/568/568
f 520/520/520 521/521/521 569/569/569
f 521/521/521 570/570/570 569/569/569
f 521/521/521 522/522/522 570/570/570
f 522/522/522 571/571/571 570/570/570
f 522/522/522 523/523/523 571/571/571
f 523/523/523 572/572/572 571/571/571
f 523/523/523 524/524/524 572/572/572
f 524/524/524 573/573/573 572/572/572
f 524/524/524 525/525/525 573/573/573
f 525/525/525 574/574/574 573/573/573
f 525/525/525 526/526/526 574/574/574
f 526/526/526 575/575/575 574/574/574
f 526/526/526 527/527/527 575/575/575
f 527/527/527 576/576/576 575/575/575
f 527/527/527 528/528/528 576/576/576
f 528/528/528 577/577/577 576/576/576
f 528/528/528 529/529/529 577/577/577
f 529/529/529 578/578/578 577/577/577
f 529/529/529 530/530/530 578/578/578
f 530/530/530 579/579/579 578/578/578
f 530/530/530 531/531/531 579/579/579
f 531/531/531 580/580/580 579/579/579
f 531/531/531 532/532/532 580/580/580
f 532/532/532 581/581/581 580/580/580
f 532/532/532 533/533/533 581/581/581
f 533/533/533 582/582/582 581/581/581
f 533/533/533 534/534/534 582/582/582
f 534/534/534 583/583/583 582/582/582
f 534/534/534 535/535/535 583/583/583
f 535/535/535 584/584/584 583/583/583
f 535/535/535 536/536/536 584/584/584
f 536/536/536 585/585/585 584/584/584
f 536/536/536 537/537/537 585/585/585
f 537/537/537 586/586/586 585/585/585
f 537/537/537 538/538/538 586/586/586
f 538/538/538 587/587/587 586/586/586
f 538/538/538 539/539/539 587/587/587
f 539/539/539 588/588/588 587/587/587
f 540/540/540 541/541/541 589/589/589
f 541/541/541 590/590/590 589/589/589
f 541/541/541 542/542/542 590/590/590
f 542/542/542 591/591/591 590/590/590
f 542/542/542 543/543/543 591/591/591
f 543/543/543 592/592/592 591/591/591
f 543/543/543 544/544/544 592/592/592
f 544/544/544 593/593/593 592/592/592
f 544/544/544 545/545/545 593/593/593
f 545/545/545 594/594/594 593/593/593
f 545/545/545 546/546/546 594/594/594
f 546/546/546 595/595/595 594/594/594
f 546/546/546 547/547/547 595/595/595
f 547/547/547 596/596/596 595/595/595
f 547/547/547 548/548/548 596/596/596
f 548/548/548 597/597/597 596/596/596
f 548/548/548 549/549/549 597/597/597
f 549/549/549 598/598/598 597/597/597
f 549/549/549 550/550/550 598/598/598
f 550/550/550 599/599/599 598/598/598
f 550/550/550 551/551/551 599/599/599
f 551/551/551 600/600/600 599/599/599
f 551/551/551 552/552/552 600/600/600
f 552/552/552 601/601/601 600/600/600
f 552/552/552 553/553/553 601/601/601
f 553/553/553 602/602/602 601/601/601
f 553/553/553 554/554/554 602/602/602
f 554/554/554 603/603/603 602/602/602
f 554/554/554 555/555/555 603/603/603
f 555/555/555 604/604/604 603/603/603
f 555/555/555 556/556/556 604/604/604
f 556/556/556 605/605/605 604/604/604
f 556/556/556 557/557/557 605/605/605
f 557/557/557 606/606/606 605/605/605
f 557/557/557 558/558/558 606/606/606
f 558/558/558 607/607/607 606/606/606
f 558/558/558 559/559/559 607/607/607
f 559/559/559 608/608/608 607/607/607
f 559/559/559 560/560/560 608/608/608
f 560/560/560 609/609/609 608/608/608
f 560/560/560 561/561/561 609/609/609
f 561/561/561 610/610/610 609/609/609
f 561/561/561 562/562/562 610/610/610
f 562/562/562 611/611/611 610/610/610
f 562/562/562 563/563/563 611/611/611
f 563/563/563 612/612/612 611/611/611
f 563/563/563 564/564/564 612/612/612
f 564/564/564 613/613/613 612/612/612
f 564/564/564 565/565/565 613/613/613
f 565/565/565 614/614/614 613/613/613
f 565/565/565 566/566/566 614/614/614
f 566/566/566 615/615/615 614/614/614
f 566/566/566 567/567/567 615/615/615
f 567/567/567 616/616/616 615/615/615
f 567/567/567 568/568/568 616/616/616
f 568/568/568 617/617/617 616/616/616
f 568/568/568 569/569/569 617/617/617
f 569/569/569 618/618/618 617/617/617
f 569/569/569 570/570/570 618/618/618
f 570/570/570 619/619/619 618/618/618
f 570/570/570 571/571/571 619/619/619
f 571/571/571 620/620/620 619/619/619
f 571/571/571 572/572/572 620/620/620
f 572/572/572 621/621/621 620/620/620
f 572/572/572 573/573/573 621/621/621
f 573/573/573 622/622/622 621/621/621
f 573/573/573 574/574/574 622/622/622
f 574/574/574 623/623/623 622/622/622
f 574/574/574 575/575/575 623/623/623
f 575/575/575 624/624/624 623/623/623
f 575/575/575 576/576/576 624/624/624
f 576/576/576 625/625/625 624/624/624
f 576/576/576 577/577/577 625/625/625
f 577/577/577 626/626/626 625/625/625
f 577/577/577 578/578/578 626/626/626
f 578/578/578 627/627/627 626/626/626
f 578/578/578 579/579/579 627/627/627
f 579/579/579 628/628/628 627/627/627
f 579/579/579 580/580/580 628/628/628
f 580/580/580 629/629/629 628/628/628
f 580/580/580 581/581/581 629/629/629
f 581/581/581 630/630/630 629/629/629
f 581/581/581 582/582/582 630/630/630
f 582/582/582 631/631/631 630/630/630
f 582/582/582 583/583/583 631/631/631
f 583/583/583 632/632/632 631/631/631
f 583/583/583 584/584/584 632/632/632
f 584/584/584 633/633/633 632/632/632
f 584/584/584 585/585/585 633/633/633
f 585/585/585 634/634/634 633/633/633
f 585/585/585 586/586/586 634/634/634
f 586/586/586 635/635/635 634/634/634
f 586/586/586 587/587/587 635/635/635
f 587/587/587 636/636/636 635/635/635
f 587/587/587 588/588/588 636/636/636
f 588/588/588 637/637/637 636/636/636
f 589/589/589 590/590/590 638/638/638
f 590/590/590 639/639/639 638/638/638
f 590/590/590 591/591/591 639/639/639
f 591/591/591 640/640/640 639/639/639
f 591/591/591 592/592/592 640/640/640
f 592/592/592 641/641/641 640/640/640
f 592/592/592 593/593/593 641/641/641
f 593/593/593 642/642/642 641/641/641
f 593/593/593 594/594/594 642/642/642
f 594/594/594 643/643/643 642/642/642
f 594/594/594 595/595/595 643/643/643
f 595/595/595 644/644/644 643/643/643
f 595/595/595 596/596/596 644/644/644
f 596/596/596 645/645/645 644/644/644
f 596/596/596 597/597/597 645/645/645
f 597/597/597 646/646/646 645/645/645
f 597/597/597 598/598/598 646/646/646
f 598/598/598 647/647/647 646/646/646
f 598/598/598 599/599/599 647/647/647
f 599/599/599 648/648/648 647/647/647
f 599/599/599 600/600/600 648/648/648
f 600/600/600 649/649/649 648/648/648
f 600/600/600 601/601/601 649/649/649
f 601/601/601 650/650/650 649/649/649
f 601/601/601 602/602/602 650/650/650
f 602/602/602 651/651/651 650/650/650
f 602/602/602 603/603/603 651/651/651
f 603/603/603 652/652/652 651/651/651
f 603/603/603 604/604/604 652/652/652
f 604/604/604 653/653/653 652/652/652
f 604/604/604 605/605/605 653/653/653
f 605/605/605 654/654/654 653/653/653
f 605/605/605 606/606/606 654/654/654
f 606/606/606 655/655/655 654/654/654
f 606/606/606 607/607/607 655/655/655
f 607/607/607 656/656/656 655/655/655
f 607/607/607 608/608/608 656/656/656
f 608/608/608 657/657/657 656/656/656
f 608/608/608 609/609/609 657/657/657
f 609/609/609 658/658/658 657/657/657
f 609/609/609 610/610/610 658/658/658
f 610/610/610 659/659/659 658/658/658
f 610/610/610 611/611/611 659/659/659
f 611/611/611 660/660/660 659/659/659
f 611/611/611 612/612/612 660/660/660
f 612/612/612 661/661/661 660/660/660
f 612/612/612 613/613/613 661/661/661
f 613/613/613 662/662/662 661/661/661
f 613/613/613 614/614/614 662/662/662
f 614/614/614 663/663/663 662/662/662
f 614/614/614 615/615/615 663/663/663
f 615/615/615 664/664/664 663/663/663
f 615/615/615 616/616/616 664/664/664
f 616/616/616 665/665/665 664/664/664
f 616/616/616 617/617/617 665/665/665
f 617/617/617 666/666/666 665/665/665
f 617/617/617 618/618/618 666/666/666
f 618/618/618 667/667/667 666/666/666
f 618/618/618 619/619/619 667/667/667
f 619/619/619 668/668/668 667/667/667
f 619/619/619 620/620/620 668/668/668
f 620/620/620 669/669/669 668/668/668
f 620/620/620 621/621/621 669/669/669
f 621/621/621 670/670/670 669/669/669
f 621/621/621 622/622/622 670/670/670
f 622/622/622 671/671/671 670/670/670
f 622/622/622 623/623/623 671/671/671
f 623/623/623 672/672/672 671/671/671
f 623/623/623 624/624/624 672/672/672
f 624/624/624 673/673/673 672/672/672
f 624/624/624 625/625/625 673/673/673
f 625/625/625 674/674/674 673/673/673
f 625/625/625 626/626/626 674/674/674
f 626/626/626 675/675/675 674/674/674
f 626/626/626 627/627/627 675/675/675
f 627/627/627 676/676/676 675/675/675
f 627/627/627 628/628/628 676/676/676
f 628/628/628 677/677/677 676/676/676
f 628/628/628 629/629/629 677/677/677
f 629/629/629 678/678/678 677/677/677
f 629/629/629 630/630/630 678/678/678
f 630/630/630 679/679/679 678/678/678
f 630/630/630 631/631/631 679/679/679
f 631/631/631 680/680/680 679/679/679
f 631/631/631 632/632/632 680/680/680
f 632/632/632 681/681/681 680/680/680
f 632/632/632 633/633/633 681/681/681
f 633/633/633 682/682/682 681/681/681
f 633/633/633 634/634/634 682/682/682
f 634/634/634 683/683/683 682/682/682
f 634/634/634 635/635/635 683/683/683
f 635/635/635 684/684/684 683/683/683
f 635/635/635 636/636/636 684/684/684
f 636/636/636 685/685/685 684/684/684
f 636/636/636 637/637/637 685/685/685
f 637/637/637 686/686/686 685/685/685
f 638/638/638 639/639/639 687/687/687
f 639/639/639 688/688/688 687/687/687
f 639/639/639 640/640/640 688/688/688
f 640/640/640 689/689/689 688/688/688
f 640/640/640 641/641/641 689/689/689
f 641/641/641 690/690/690 689/689/689
f 641/641/641 642/642/642 690/690/690
f 642/642/642 691/691/691 690/690/690
f 642/642/642 643/643/643 691/691/691
f 643/643/643 692/692/692 691/691/691
f 643/643/643 644/644/644 692/692/692
f 644/644/644 693/693/693 692/692/692
f 644/644/644 645/645/645 693/693/693
f 645/645/645 694/694/694 693/693/693
f 645/645/645 646/646/646 694/694/694
f 646/646/646 695/695/695 694/694/694
f 646/646/646 647/647/647 695/695/695
f 647/647/647 696/696/696 695/695/695
f 647/647/647 648/648/648 696/696/696
f 648/648/648 697/697/697 696/696/696
f 648/648/648 649/649/649 697/697/697
f 649/649/649 698/698/698 697/697/697
f 649/649/649 650/650/650 698/698/698
f 650/650/650 699/699/699 698/698/698
f 650/650/650 651/651/651 699/699/699
f 651/651/651 700/700/700 699/699/699
f 651/651/651 652/652/652 700/700/700
f 652/652/652 701/701/701 700/700/700
f 652/652/652 653/653/653 701/701/701
f 653/653/653 702/702/702 701/701/701
f 653/653/653 654/654/654 702/702/702
f 654/654/654 703/703/703 702/702/702
f 654/654/654 655/655/655 703/703/703
f 655/655/655 704/704/704 703/703/703
f 655/655/655 656/656/656 704/704/704
f 656/656/656 705/705/705 704/704/704
f 656/656/656 657/657/657 705/705/705
f 657/657/657 706/706/706 705/705/705
f 657/657/657 658/658/658 706/706/706
f 658/658/658 707/707/707 706/706/706
f 658/658/658 659/659/659 707/707/707
f 659/659/659 708/708/708 707/707/707
f 659/659/659 660/660/660 708/708/708
f 660/660/660 709/709/709 708/708/708
f 660/660/660 661/661/661 709/709/709
f 661/661/661 710/710/710 709/709/709
f 661/661/661 662/662/662 710/710/710
f 662/662/662 711/711/711 710/710/710
f 662/662/662 663/663/663 711/711/711
f 663/663/663 712/712/712 711/711/711
f 663/663/663 664/664/664 712/712/712
f 664/664/664 713/713/713 712/712/712
f 664/664/664 665/665/665 713/713/713
f 665/665/665 714/714/714 713/713/713
f 665/665/665 666/666/666 714/714/714
f 666/666/666 715/715/715 714/714/714
f 666/666/666 667/667/667 715/715/715
f 667/667/667 716/716/716 715/715/715
f 667/667/667 668/668/668 716/716/716
f 668/668/668 717/717/717 716/716/716
f 668/668/668 669/669/669 717/717/717
f 669/669/669 718/718/718 717/717/717
f 669/669/669 670/670/670 718/718/718
f 670/670/670 719/719/719 718/718/718
f 670/670/670 671/671/671 719/719/719
f 671/671/671 720/720/720 719/719/719
f 671/671/671 672/672/672 720/720/720
f 672/672/672 721/721/721 720/720/720
f 672/672/672 673/673/673 721/721/721
f 673/673/673 722/722/722 721/721/721
f 673/673/673 674/674/674 722/722/722
f 674/674/674 723/723/723 722/722/722
f 674/674/674 675/675/675 723/723/723
f 675/675/675 724/724/724 723/723/723
f 675/675/675 676/676/676 724/724/724
f 676/676/676 725/725/725 724/724/724
f 676/676/676 677/677/677 725/725/725
f 677/677/677 726/726/726 725/725/725
f 677/677/677 678/678/678 726/726/726
f 678/678/678 727/727/727 726/726/726
f 678/678/678 679/679/679 727/727/727
f 679/679/679 728/728/728 727/727/727
f 679/679/679 680/680/680 728/728/728
f 680/680/680 729/729/729 728/728/728
f 680/680/680 681/681/681 729/729/729
f 681/681/681 730/730/730 729/729/729
f 681/681/681 682/682/682 730/730/730
f 682/682/682 731/731/731 730/730/730
f 682/682/682 683/683/683 731/731/731
f 683/683/683 732/732/732 731/731/731
f 683/683/683 684/684/684 732/732/732
f 684/684/684 733/733/733 732/732/732
f 684/684/684 685/685/685 733/733/733
f 685/685/685 734/734/734 733/733/733
f 685/685/685 686/686/686 734/734/734
f 686/686/686 735/735/735 734/734/734
f 687/687/687 688/688/688 736/736/736
f 688/688/688 737/737/737 736/736/736
f 688/688/688 689/689/689 737/737/737
f 689/689/689 738/738/738 737/737/737
f 689/689/689 690/690/690 738/738/738
f 690/690/690 739/739/739 738/738/738
f 690/690/690 691/691/691 739/739/739
f 691/691/691 740/740/740 739/739/739
f 691/691/691 692/692/692 740/740/740
f 692/692/692 741/741/741 740/740/740
f 692/692/692 693/693/693 741/741/741
f 693/693/693 742/742/742 741/741/741
f 693/693/693 694/694/694 742/742/742
f 694/694/694 743/743/743 742/742/742
f 694/694/694 695/695/695 743/743/743
f 695/695/695 744/744/744 743/743/743
f 695/695/695 696/696/696 744/744/744
f 696/696/696 745/745/745 744/744/744
f 696/696/696 697/697/697 745/745/745
f 697/697/697 746/746/746 745/745/745
f 697/697/697 698/698/698 746/746/746
f 698/698/698 747/747/747 746/746/746
f 698/698/698 699/699/699 747/747/747
f 699/699/699 748/748/748 747/747/747
f 699/699/699 700/700/700 748/748/748
f 700/700/700 749/749/749 748/748/748
f 700/700/700 701/701/701 749/749/749
f 701/701/701 750/750/750 749/749/749
f 701/701/701 702/702/702 750/750/750
f 702/702/702 751/751/751 750/750/750
f 702/702/702 703/703/703 751/751/751
f 703/703/703 752/752/752 751/751/751
f 703/703/703 704/704/704 752/752/752
f 704/704/704 753/753/753 752/752/752
f 704/704/704 705/705/705 753/753/753
f 705/705/705 754/754/754 753/753/753
f 705/705/705 706/706/706 754/754/754
f 706/706/706 755/755/755 754/754/754
f 706/706/706 707/707/707 755/755/755
f 707/707/707 756/756/756 755/755/755
f 707/707/707 708/708/708 756/756/756
f 708/708/708 757/757/757 756/756/756
f 708/708/708 709/709/709 757/757/757
f 709/709/709 758/758/758 757/757/757
f 709/709/709 710/710/710 758/758/758
f 710/710/710 759/759/759 758/758/758
f 710/710/710 711/711/711 759/759/759
f 711/711/711 760/760/760 759/759/759
f 711/711/711 712/712/712 760/760/760
f 712/712/712 761/761/761 760/760/760
f 712/712/712 713/713/713 761/761/761
f 713/713/713 762/762/762 761/761/761
f 713/713/713 714/714/714 762/762/762
f 714/714/714 763/763/763 762/762/762
f 714/714/714 715/715/715 763/763/763
f 715/715/715 764/764/764 763/763/763
f 715/715/715 716/716/716 764/764/764
f 716/716/716 765/765/765 764/764/764
f 716/716/716 717/717/717 765/765/765
f 717/717/717 766/766/766 765/765/765
f 717/717/717 718/718/718 766/766/766
f 718/718/718 767/767/767 766/766/766
f 718/718/718 719/719/719 767/767/767
f 719/719/719 768/768/768 767/767/767
f 719/719/719 720/720/720 768/768/768
f 720/720/720 769/769/769 768/768/768
f 720/720/720 721/721/721 769/769/769
f 721/721/721 770/770/770 769/769/769
f 721/721/721 722/722/722 770/770/770
f 722/722/722 771/771/771 770/770/770
f 722/722/722 723/723/723 771/771/771
f 723/723/723 772/772/772 771/771/771
f 723/723/723 724/724/724 772/772/772
f 724/724/724 773/773/773 772/772/772
f 724/724/724 725/725/725 773/773/773
f 725/725/725 774/774/774 773/773/773
f 725/725/725 726/726/726 774/774/774
f 726/726/726 775/775/775 774/774/774
f 726/726/726 727/727/727 775/775/775
f 727/727/727 776/776/776 775/775/775
f 727/727/727 728/728/728 776/776/776
f 728/728/728 777/777/777 776/776/776
f 728/728/728 729/729/729 777/777/777
f 729/729/729 778/778/778 777/777/777
f 729/729/729 730/730/730 778/778/778
f 730/730/730 779/779/779 778/778/778
f 730/730/730 731/731/731 779/779/779
f 731/731/731 780/780/780 779/779/779
f 731/731/731 732/732/732 780/780/780
f 732/732/732 781/781/781 780/780/780
f 732/732/732 733/733/733 781/781/781
f 733/733/733 782/782/782 781/781/781
f 733/733/733 734/734/734 782/782/782
f 734/734/734 783/783/783 782/782/782
f 734/734/734 735/735/735 783/783/783
f 735/735/735 784/784/784 783/783/783
f 736/736/736 737/737/737 785/785/785
f 737/737/737 786/786/786 785/785/785
f 737/737/737 738/738/738 786/786/786
f 738/738/738 787/787/787 786/786/786
f 738/738/738 739/739/739 787/787/787
f 739/739/739 788/788/788 787/787/787
f 739/739/739 740/740/740 788/788/788
f 740/740/740 789/789/789 788/788/788
f 740/740/740 741/741/741 789/789/789
f 741/741/741 790/790/790 789/789/789
f 741/741/741 742/742/742 790/790/790
f 742/742/742 791/791/791 790/790/790
f 742/742/742 743/743/743 791/791/791
f 743/743/743 792/792/792 791/791/791
f 743/743/743 744/744/744 792/792/792
f 744/744/744 793/793/793 792/792/792
f 744/744/744 745/745/745 793/793/793
f 745/745/745 794/794/794 793/793/793
f 745/745/745 746/746/746 794/794/794
f 746/746/746 795/795/795 794/794/794
f 746/746/746 747/747/747 795/795/795
f 747/747/747 796/796/796 795/795/795
f 747/747/747 748/748/748 796/796/796
f 748/748/748 797/797/797 796/796/796
f 748/748/748 749/749/749 797/797/797
f 749/749/749 798/798/798 797/797/797
f 749/749/749 750/750/750 798/798/798
f 750/750/750 799/799/799 798/798/798
f 750/750/750 751/751/751 799/799/799
f 751/751/751 800/800/800 799/799/799
f 751/751/751 752/752/752 800/800/800
f 752/752/752 801/801/801 800/800/800
f 752/752/752 753/753/753 801/801/801
f 753/753/753 802/802/802 801/801/801
f 753/753/753 754/754/754 802/802/802
f 754/754/754 803/803/803 802/802/802
f 754/754/754 755/755/755 803/803/803
f 755/755/755 804/804/804 803/803/803
f 755/755/755 756/756/756 804/804/804
f 756/756/756 805/805/805 804/804/804
f 756/756/756 757/757/757 805/805/805
f 757/757/757 806/806/806 805/805/805
f 757/757/757 758/758/758 806/806/806
f 758/758/758 807/807/807 806/806/806
f 758/758/758 759/759/759 807/807/807
f 759/759/759 808/808/808 807/807/807
f 759/759/759 760/760/760 808/808/808
f 760/760/760 809/809/809 808/808/808
f 760/760/760 761/761/761 809/809/809
f 761/761/761 810/810/810 809/809/809
f 761/761/761 762/762/762 810/810/810
f 762/762/762 811/811/811 810/810/810
f 762/762/762 763/763/763 811/811/811
f 763/763/763 812/812/812 811/811/811
f 763/763/763 764/764/764 812/812/812
f 764/764/764 813/813/813 812/812/812
f 764/764/764 765/765/765 813/813/813
f 765/765/765 814/814/814 813/813/813
f 765/765/765 766/766/766 814/814/814
f 766/766/766 815/815/815 814/814/814
f 766/766/766 767/767/767 815/815/815
f 767/767/767 816/816/816 815/815/815
f 767/767/767 768/768/768 816/816/816
f 768/768/768 817/817/817 816/816/816
f 768/768/768 769/769/769 817/817/817
f 769/769/769 818/818/818 817/817/817
f 769/769/769 770/770/770 818/818/818
f 770/770/770 819/819/819 818/818/818
f 770/770/770 771/771/771 819/819/819
f 771/771/771 820/820/820 819/819/819
f 771/771/771 772/772/772 820/820/820
f 772/772/772 821/821/821 820/820/820
f 772/772/772 773/773/773 821/821/821
f 773/773/773 822/822/822 821/821/821
f 773/773/773 774/774/774 822/822/822
f 774/774/774 823/823/823 822/822/822
f 774/774/774 775/775/775 823/823/823
f 775/775/775 824/824/824 823/823/823
f 775/775/775 776/776/776 824/824/824
f 776/776/776 825/825/825 824/824/824
f 776/776/776 777/777/777 825/825/825
f 777/777/777 826/826/826 825/825/825
f 777/777/777 778/778/778 826/826/826
f 778/778/778 827/827/827 826/826/826
f 778/778/778 779/779/779 827/827/827
f 779/779/779 828/828/828 827/827/827
f 779/779/779 780/780/780 828/828/828
f 780/780/780 829/829/829 828/828/828
f 780/780/780 781/781/781 829/829/829
f 781/781/781 830/830/830 829/829/829
f 781/781/781 782/782/782 830/830/830
f 782/782/782 831/831/831 830/830/830
f 782/782/782 783/783/783 831/831/831
f 783/783/783 832/832/832 831/831/831
f 783/783/783 784/784/784 832/832/832
f 784/784/784 833/833/833 832/832/832
f 785/785/785 786/786/786 834/834/834
f 786/786/786 835/835/835 834/834/834
f 786/786/786 787/787/787 835/835/835
f 787/787/787 836/836/836 835/835/835
f 787/787/787 788/788/788 836/836/836
f 788/788/788 837/837/837 836/836/836
f 788/788/788 789/789/789 837/837/837
f 789/789/789 838/838/838 837/837/837
f 789/789/789 790/790/790 838/838/838
f 790/790/790 839/839/839 838/838/838
f 790/790/790 791/791/791 839/839/839
f 791/791/791 840/840/840 839/839/839
f 791/791/791 792/792/792 840/840/840
f 792/792/792 841/841/841 840/840/840
f 792/792/792 793/793/793 841/841/841
f 793/793/793 842/842/842 841/841/841
f 793/793/793 794/794/794 842/842/842
f 794/794/794 843/843/843 842/842/842
f 794/794/794 795/795/795 843/843/843
f 795/795/795 844/844/844 843/843/843
f 795/795/795 796/796/796 844/844/844
f 796/796/796 845/845/845 844/844/844
f 796/796/796 797/797/797 845/845/845
f 797/797/797 846/846/846 845/845/845
f 797/797/797 798/798/798 846/846/846
f 798/798/798 847/847/847 846/846/846
f 798/798/798 799/799/799 847/847/847
f 799/799/799 848/848/848 847/847/847
f 799/799/799 800/800/800 848/848/848
f 800/800/800 849/849/849 848/848/848
f 800/800/800 801/801/801 849/849/849
f 801/801/801 850/850/850 849/849/849
f 801/801/801 802/802/802 850/850/850
f 802/802/802 851/851/851 850/850/850
f 802/802/802 803/803/803 851/851/851
f 803/803/803 852/852/852 851/851/851
f 803/803/803 804/804/804 852/852/852
f 804/804/804 853/853/853 852/852/852
f 804/804/804 805/805/805 853/853/853
f 805/805/805 854/854/854 853/853/853
f 805/805/805 806/806/806 854/854/854
f 806/806/806 855/855/855 854/854/854
f 806/806/806 807/807/807 855/855/855
f 807/807/807 856/856/856 855/855/855
f 807/807/807 808/808/808 856/856/856
f 808/808/808 857/857/857 856/856/856
f 808/808/808 809/809/809 857/857/857
f 809/809/809 858/858/858 857/857/857
f 809/809/809 810/810/810 858/858/858
f 810/810/810 859/859/859 858/858/858
f 810/810/810 811/811/811 859/859/859
f 811/811/811 860/860/860 859/859/859
f 811/811/811 812/812/812 860/860/860
f 812/812/812 861/861/861 860/860/860
f 812/812/812 813/813/813 861/861/861
f 813/813/813 862/862/862 861/861/861
f 813/813/813 814/814/814 862/862/862
f 814/814/814 863/863/863 862/862/862
f 814/814/814 815/815/815 863/863/863
f 815/815/815 864/864/864 863/863/863
f 815/815/815 816/816/816 864/864/864
f 816/816/816 865/865/865 864/864/864
f 816/816/816 817/817/817 865/865/865
f 817/817/817 866/866/866 865/865/865
f 817/817/817 818/818/818 866/866/866
f 818/818/818 867/867/867 866/866/866
f 818/818/818 819/819/819 867/867/867
f 819/819/819 868/868/868 867/867/867
f 819/819/819 820/820/820 868/868/868
f 820/820/820 869/869/869 868/868/868
f 820/820/820 821/821/821 869/869/869
f 821/821/821 870/870/870 869/869/869
f 821/821/821 822/822/822 870/870/870
f 822/822/822 871/871/871 870/870/870
f 822/822/822 823/823/823 871/871/871
f 823/823/823 872/872/872 871/871/871
f 823/823/823 824/824/824 872/872/872
f 824/824/824 873/873/873 872/872/872
f 824/824/824 825/825/825 873/873/873
f 825/825/825 874/874/874 873/873/873
f 825/825/825 826/826/826 874/874/874
f 826/826/826 875/875/875 874/874/874
f 826/826/826 827/827/827 875/875/875
f 827/827/827 876/876/876 875/875/875
f 827/827/827 828/828/828 876/876/876
f 828/828/828 877/877/877 876/876/876
f 828/828/828 829/829/829 877/877/877
f 829/829/829 878/878/878 877/877/877
f 829/829/829 830/830/830 878/878/878
f 830/830/830 879/879/879 878/878/878
f 830/830/830 831/831/831 879/879/879
f 831/831/831 880/880/880 879/879/879
f 831/831/831 832/832/832 880/880/880
f 832/832/832 881/881/881 880/880/880
f 832/832/832 833/833/833 881/881/881
f 833/833/833 882/882/882 881/881/881
f 834/834/834 835/835/835 883/883/883
f 835/835/835 884/884/884 883/883/883
f 835/835/835 836/836/836 884/884/884
f 836/836/836 885/885/885 884/884/884
f 836/836/836 837/837/837 885/885/885
f 837/837/837 886/886/886 885/885/885
f 837/837/837 838/838/838 886/886/886
f 838/838/838 887/887/887 886/886/886
f 838/838/838 839/839/839 887/887/887
f 839/839/839 888/888/888 887/887/887
f 839/839/839 840/840/840 888/888/888
f 840/840/840 889/889/889 888/888/888
f 840/840/840 841/841/841 889/889/889
f 841/841/841 890/890/890 889/889/889
f 841/841/841 842/842/842 890/890/890
f 842/842/842 891/891/891 890/890/890
f 842/842/842 843/843/843 891/891/891
f 843/843/843 892/892/892 891/891/891
f 843/843/843 844/844/844 892/892/892
f 844/844/844 893/893/893 892/892/892
f 844/844/844 845/845/845 893/893/893
f 845/845/845 894/894/894 893/893/893
f 845/845/845 846/846/846 894/894/894
f 846/846/846 895/895/895 894/894/894
f 846/846/846 847/847/847 895/895/895
f 847/847/847 896/896/896 895/895/895
f 847/847/847 848/848/848 896/896/896
f 848/848/848 897/897/897 896/896/896
f 848/848/848 849/849/849 897/897/897
f 849/849/849 898/898/898 897/897/897
f 849/849/849 850/850/850 898/898/898
f 850/850/850 899/899/899 898/898/898
f 850/850/850 851/851/851 899/899/899
f 851/851/851 900/900/900 899/899/899
f 851/851/851 852/852/852 900/900/900
f 852/852/852 901/901/901 900/900/900
f 852/852/852 853/853/853 901/901/901
f 853/853/853 902/902/902 901/901/901
f 853/853/853 854/854/854 902/902/902
f 854/854/854 903/903/903 902/902/902
f 854/854/854 855/855/855 903/903/903
f 855/855/855 904/904/904 903/903/903
f 855/855/855 856/856/856 904/904/904
f 856/856/856 905/905/905 904/904/904
f 856/856/856 857/857/857 905/905/905
f 857/857/857 906/906/906 905/905/905
f 857/857/857 858/858/858 906/906/906
f 858/858/858 907/907/907 906/906/906
f 858/858/858 859/859/859 907/907/907
f 859/859/859 908/908/908 907/907/907
f 859/859/859 860/860/860 908/908/908
f 860/860/860 909/909/909 908/908/908
f 860/860/860 861/861/861 909/909/909
f 861/861/861 910/910/910 909/909/909
f 861/861/861 862/862/862 910/910/910
f 862/862/862 911/911/911 910/910/910
f 862/862/862 863/863/863 911/911/911
f 863/863/863 912/912/912 911/911/911
f 863/863/863 864/864/864 912/912/912
f 864/864/864 913/913/913 912/912/912
f 864/864/864 865/865/865 913/913/913
f 865/865/865 914/914/914 913/913/913
f 865/865/865 866/866/866 914/914/914
f 866/866/866 915/915/915 914/914/914
f 866/866/866 867/867/867 915/915/915
f 867/867/867 916/916/916 915/915/915
f 867/867/867 868/868/868 916/916/916
f 868/868/868 917/917/917 916/916/916
f 868/868/868 869/869/869 917/917/917
f 869/869/869 918/918/918 917/917/917
f 869/869/869 870/870/870 918/918/918
f 870/870/870 919/919/919 918/918/918
f 870/870/870 871/871/871 919/919/919
f 871/871/871 920/920/920 919/919/919
f 871/871/871 872/872/872 920/920/920
f 872/872/872 921/921/921 920/920/920
f 872/872/872 873/873/873 921/921/921
f 873/873/873 922/922/922 921/921/921
f 873/873/873 874/874/874 922/922/922
f 874/874/874 923/923/923 922/922/922
f 874/874/874 875/875/875 923/923/923
f 875/875/875 924/924/924 923/923/923
f 875/875/875 876/876/876 924/924/924
f 876/876/876 925/925/925 924/924/924
f 876/876/876 877/877/877 925/925/925
f 877/877/877 926/926/926 925/925/925
f 877/877/877 878/878/878 926/926/926
f 878/878/878 927/927/927 926/926/926
f 878/878/878 879/879/879 927/927/927
f 879/879/879 928/928/928 927/927/927
f 879/879/879 880/880/880 928/928/928
f 880/880/880 929/929/929 928/928/928
f 880/880/880 881/881/881 929/929/929
f 881/881/881 930/930/930 929/929/929
f 881/881/881 882/882/882 930/930/930
f 882/882/882 931/931/931 930/930/930
f 883/883/883 884/884/884 932/932/932
f 884/884/884 933/933/933 932/932/932
f 884/884/884 885/885/885 933/933/933
f 885/885/885 934/934/934 933/933/933
f 885/885/885 886/886/886 934/934/934
f 886/886/886 935/935/935 934/934/934
f 886/886/886 887/887/887 935/935/935
f 887/887/887 936/936/936 935/935/935
f 887/887/887 888/888/888 936/936/936
f 888/888/888 937/937/937 936/936/936
f 888/888/888 889/889/889 937/937/937
f 889/889/889 938/938/938 937/937/937
f 889/889/889 890/890/890 938/938/938
f 890/890/890 939/939/939 938/938/938
f 890/890/890 891/891/891 939/939/939
f 891/891/891 940/940/940 939/939/939
f 891/891/891 892/892/892 940/940/940
f 892/892/892 941/941/941 940/940/940
f 892/892/892 893/893/893 941/941/941
f 893/893/893 942/942/942 941/941/941
f 893/893/893 894/894/894 942/942/942
f 894/894/894 943/943/943 942/942/942
f 894/894/894 895/895/895 943/943/943
f 895/895/895 944/944/944 943/943/943
f 895/895/895 896/896/896 944/944/944
f 896/896/896 945/945/945 944/944/944
f 896/896/896 897/897/897 945/945/945
f 897/897/897 946/946/946 945/945/945
f 897/897/897 898/898/898 946/946/946
f 898/898/898 947/947/947 946/946/946
f 898/898/898 899/899/899 947/947/947
f 899/899/899 948/948/948 947/947/947
f 899/899/899 900/900/900 948/948/948
f 900/900/900 949/949/949 948/948/948
f 900/900/900 901/901/901 949/949/949
f 901/901/901 950/950/950 949/949/949
f 901/901/901 902/902/902 950/950/950
f 902/902/902 951/951/951 950/950/950
f 902/902/902 903/903/903 951/951/951
f 903/903/903 952/952/952 951/951/951
f 903/903/903 904/904/904 952/952/952
f 904/904/904 953/953/953 952/952/952
f 904/904/904 905/905/905 953/953/953
f 905/905/905 954/954/954 953/953/953
f 905/905/905 906/906/906 954/954/954
f 906/906/906 955/955/955 954/954/954
f 906/906/906 907/907/907 955/955/955
f 907/907/907 956/956/956 955/955/955
f 907/907/907 908/908/908 956/956/956
f 908/908/908 957/957/957 956/956/956
f 908/908/908 909/909/909 957/957/957
f 909/909/909 958/958/958 957/957/957
f 909/909/909 910/910/910 958/958/958
f 910/910/910 959/959/959 958/958/958
f 910/910/910 911/911/911 959/959/959
f 911/911/911 960/960/960 959/959/959
f 911/911/911 912/912/912 960/960/960
f 912/912/912 961/961/961 960/960/960
f 912/912/912 913/913/913 961/961/961
f 913/913/913 962/962/962 961/961/961
f 913/913/913 914/914/914 962/962/962
f 914/914/914 963/963/963 962/962/962
f 914/914/914 915/915/915 963/963/963
f 915/915/915 964/964/964 963/963/963
f 915/915/915 916/916/916 964/964/964
f 916/916/916 965/965/965 964/964/964
f 916/916/916 917/917/917 965/965/965
f 917/917/917 966/966/966 965/965/965
f 917/917/917 918/918/918 966/966/966
f 918/918/918 967/967/967 966/966/966
f 918/918/918 919/919/919 967/967/967
f 919/919/919 968/968/968 967/967/967
f 919/919/919 920/920/920 968/968/968
f 920/920/920 969/969/969 968/968/968
f 920/920/920 921/921/921 969/969/969
f 921/921/921 970/970/970 969/969/969
f 921/921/921 922/922/922 970/970/970
f 922/922/922 971/971/971 970/970/970
f 922/922/922 923/923/923 971/971/971
f 923/923/923 972/972/972 971/971/971
f 923/923/923 924/924/924 972/972/972
f 924/924/924 973/973/973 972/972/972
f 924/924/924 925/925/925 973/973/973
f 925/925/925 974/974/974 973/973/973
f 925/925/925 926/926/926 974/974/974
f 926/926/926 975/975/975 974/974/974
f 926/926/926 927/927/927 975/975/975
f 927/927/927 976/976/976 975/975/975
f 927/927/927 928/928/928 976/976/976
f 928/928/928 977/977/977 976/976/976
f 928/928/928 929/929/929 977/977/977
f 929/929/929 978/978/978 977/977/977
f 929/929/929 930/930/930 978/978/978
f 930/930/930 979/979/979 978/978/978
f 930/930/930 931/931/931 979/979/979
f 931/931/931 980/980/980 979/979/979
f 932/932/932 933/933/933 981/981/981
f 933/933/933 982/982/982 981/981/981
f 933/933/933 934/934/934 982/982/982
f 934/934/934 983/983/983 982/982/982
f 934/934/934 935/935/935 983/983/983
f 935/935/935 984/984/984 983/983/983
f 935/935/935 936/936/936 984/984/984
f 936/936/936 985/985/985 984/984/984
f 936/936/936 937/937/937 985/985/985
f 937/937/937 986/986/986 985/985/985
f 937/937/937 938/938/938 986/986/986
f 938/938/938 987/987/987 986/986/986
f 938/938/938 939/939/939 987/987/987
f 939/939/939 988/988/988 987/987/987
f 939/939/939 940/940/940 988/988/988
f 940/940/940 989/989/989 988/988/988
f 940/940/940 941/941/941 989/989/989
f 941/941/941 990/990/990 989/989/989
f 941/941/941 942/942/942 990/990/990
f 942/942/942 991/991/991 990/990/990
f 942/942/942 943/943/943 991/991/991
f 943/943/943 992/992/992 991/991/991
f 943/943/943 944/944/944 992/992/992
f 944/944/944 993/993/993 992/992/992
f 944/944/944 945/945/945 993/993/993
f 945/945/945 994/994/994 993/993/993
f 945/945/945 946/946/946 994/994/994
f 946/946/946 995/995/995 994/994/994
f 946/946/946 947/947/947 995/995/995
f 947/947/947 996/996/996 995/995/995
f 947/947/947 948/948/948 996/996/996
f 948/948/948 997/997/997 996/996/996
f 948/948/948 949/949/949 997/997/997
f 949/949/949 998/998/998 997/997/997
f 949/949/949 950/950/950 998/998/998
f 950/950/950 999/999/999 998/998/998
f 950/950/950 951/951/951 999/999/999
f 951/951/951 1000/1000/1000 999/999/999
f 951/951/951 952/952/952 1000/1000/1000
f 952/952/952 1001/1001/1001 1000/1000/1000
f 952/952/952 953/953/953 1001/1001/1001
f 953/953/953 1002/1002/1002 1001/1001/1001
f 953/953/953 954/954/954 1002/1002/1002
f 954/954/954 1003/1003/1003 1002/1002/1002
f 954/954/954 955/955/955 1003/1003/1003
f 955/955/955 1004/1004/1004 1003/1003/1003
f 955/955/955 956/956/956 1004/1004/1004
f 956/956/956 1005/1005/1005 1004/1004/1004
f 956/956/956 957/957/957 1005/1005/1005
f 957/957/957 1006/1006/1006 1005/1005/1005
f 957/957/957 958/958/958 1006/1006/1006
f 958/958/958 1007/1007/1007 1006/1006/1006
f 958/958/958 959/959/959 1007/1007/1007
f 959/959/959 1008/1008/1008 1007/1007/1007
f 959/959/959 960/960/960 1008/1008/1008
f 960/960/960 1009/1009/1009 1008/1008/1008
f 960/960/960 961/961/961 1009/1009/1009
f 961/961/961 1010/1010/1010 1009/1009/1009
f 961/961/961 962/962/962 1010/1010/1010
f 962/962/962 1011/1011/1011 1010/1010/1010
f 962/962/962 963/963/963 1011/1011/1011
f 963/963/963 1012/1012/1012 1011/1011/1011
f 963/963/963 964/964/964 1012/1012/1012
f 964/964/964 1013/1013/1013 1012/1012/1012
f 964/964/964 965/965/965 1013/1013/1013
f 965/965/965 1014/1014/1014 1013/1013/1013
f 965/965/965 966/966/966 1014/1014/1014
f 966/966/966 1015/1015/1015 1014/1014/1014
f 966/966/966 967/967/967 1015/1015/1015
f 967/967/967 1016/1016/1016 1015/1015/1015
f 967/967/967 968/968/968 1016/1016/1016
f 968/968/968 1017/1017/1017 1016/1016/1016
f 968/968/968 969/969/969 1017/1017/1017
f 969/969/969 1018/1018/1018 1017/1017/1017
f 969/969/969 970/970/970 1018/1018/1018
f 970/970/970 1019/1019/1019 1018/1018/1018
f 970/970/970 971/971/971 1019/1019/1019
f 971/971/971 1020/1020/1020 1019/1019/1019
f 971/971/971 972/972/972 1020/1020/1020
f 972/972/972 1021/1021/1021 1020/1020/1020
f 972/972/972 973/973/973 1021/1021/1021
f 973/973/973 1022/1022/1022 1021/1021/1021
f 973/973/973 974/974/974 1022/1022/1022
f 974/974/974 1023/1023/1023 1022/1022/1022
f 974/974/974 975/975/975 1023/1023/1023
f 975/975/975 1024/1024/1024 1023/1023/1023
f 975/975/975 976/976/976 1024/1024/1024
f 976/976/976 1025/1025/1025 1024/1024/1024
f 976/976/976 977/977/977 1025/1025/1025
f 977/977/977 1026/1026/1026 1025/1025/1025
f 977/977/977 978/978/978 1026/1026/1026
f 978/978/978 1027/1027/1027 1026/1026/1026
f 978/978/978 979/979/979 1027/1027/1027
f 979/979/979 1028/1028/1028 1027/1027/1027
f 979/979/979 980/980/980 1028/1028/1028
f 980/980/980 1029/1029/1029 1028/1028/1028
f 981/981/981 982/982/982 1030/1030/1030
f 982/982/982 1031/1031/1031 1030/1030/1030
f 982/982/982 983/983/983 1031/1031/1031
f 983/983/983 1032/1032/1032 1031/1031/1031
f 983/983/983 984/984/984 1032/1032/1032
f 984/984/984 1033/1033/1033 1032/1032/1032
f 984/984/984 985/985/985 1033/1033/1033
f 985/985/985 1034/1034/1034 1033/1033/1033
f 985/985/985 986/986/986 1034/1034/1034
f 986/986/986 1035/1035/1035 1034/1034/1034
f 986/986/986 987/987/987 1035/1035/1035
f 987/987/987 1036/1036/1036 1035/1035/1035
f 987/987/987 988/988/988 1036/1036/1036
f 988/988/988 1037/1037/1037 1036/1036/1036
f 988/988/988 989/989/989 1037/1037/1037
f 989/989/989 1038/1038/1038 1037/1037/1037
f 989/989/989 990/990/990 1038/1038/1038
f 990/990/990 1039/1039/1039 1038/1038/1038
f 990/990/990 991/991/991 1039/1039/1039
f 991/991/991 1040/1040/1040 1039/1039/1039
f 991/991/991 992/992/992 1040/1040/1040
f 992/992/992 1041/1041/1041 1040/1040/1040
f 992/992/992 993/993/993 1041/1041/1041
f 993/993/993 1042/1042/1042 1041/1041/1041
f 993/993/993 994/994/994 1042/1042/1042
f 994/994/994 1043/1043/1043 1042/1042/1042
f 994/994/994 995/995/995 1043/1043/1043
f 995/995/995 1044/1044/1044 1043/1043/1043
f 995/995/995 996/996/996 1044/1044/1044
f 996/996/996 1045/1045/1045 1044/1044/1044
f 996/996/996 997/997/997 1045/1045/1045
f 997/997/997 1046/1046/1046 1045/1045/1045
f 997/997/997 998/998/998 1046/1046/1046
f 998/998/998 1047/1047/1047 1046/1046/1046
f 998/998/998 999/999/999 1047/1047/1047
f 999/999/999 1048/1048/1048 1047/1047/1047
f 999/999/999 1000/1000/1000 1048/1048/1048
f 1000/1000/1000 1049/1049/1049 1048/1048/1048
f 1000/1000/1000 1001/1001/1001 1049/1049/1049
f 1001/1001/1001 1050/1050/1050 1049/1049/1049
f 1001/1001/1001 1002/1002/1002 1050/1050/1050
f 1002/1002/1002 1051/1051/1051 1050/1050/1050
f 1002/1002/1002 1003/1003/1003 1051/1051/1051
f 1003/1003/1003 1052/1052/1052 1051/1051/1051
f 1003/1003/1003 1004/1004/1004 1052/1052/1052
f 1004/1004/1004 1053/1053/1053 1052/1052/1052
f 1004/1004/1004 1005/1005/1005 1053/1053/1053
f 1005/1005/1005 1054/1054/1054 1053/1053/1053
f 1005/1005/1005 1006/1006/1006 1054/1054/1054
f 1006/1006/1006 1055/1055/1055 1054/1054/1054
f 1006/1006/1006 1007/1007/1007 1055/1055/1055
f 1007/1007/1007 1056/1056/1056 1055/1055/1055
f 1007/1007/1007 1008/1008/1008 1056/1056/1056
f 1008/1008/1008 1057/1057/1057 1056/1056/1056
f 1008/1008/1008 1009/1009/1009 1057/1057/1057
f 1009/1009/1009 1058/1058/1058 1057/1057/1057
f 1009/1009/1009 1010/1010/1010 1058/1058/1058
f 1010/1010/1010 1059/1059/1059 1058/1058/1058
f 1010/1010/1010 1011/1011/1011 1059/1059/1059
f 1011/1011/1011 1060/1060/1060 1059/1059/1059
f 1011/1011/1011 1012/1012/1012 1060/1060/1060
f 1012/1012/1012 1061/1061/1061 1060/1060/1060
f 1012/1012/1012 1013/1013/1013 1061/1061/1061
f 1013/1013/1013 1062/1062/1062 1061/1061/1061
f 1013/1013/1013 1014/1014/1014 1062/1062/1062
f 1014/1014/1014 1063/1063/1063 1062/1062/1062
f 1014/1014/1014 1015/1015/1015 1063/1063/1063
f 1015/1015/1015 1064/1064/1064 1063/1063/1063
f 1015/1015/1015 1016/1016/1016 1064/1064/1064
f 1016/1016/1016 1065/1065/1065 1064/1064/1064
f 1016/1016/1016 1017/1017/1017 1065/1065/1065
f 1017/1017/1017 1066/1066/1066 1065/1065/1065
f 1017/1017/1017 1018/1018/1018 1066/1066/1066
f 1018/1018/1018 1067/1067/1067 1066/1066/1066
f 1018/1018/1018 1019/1019/1019 1067/1067/1067
f 1019/1019/1019 1068/1068/1068 1067/1067/1067
f 1019/1019/1019 1020/1020/1020 1068/1068/1068
f 1020/1020/1020 1069/1069/1069 1068/1068/1068
f 1020/1020/1020 1021/1021/1021 1069/1069/1069
f 1021/1021/1021 1070/1070/1070 1069/1069/1069
f 1021/1021/1021 1022/1022/1022 1070/1070/1070
f 1022/1022/1022 1071/1071/1071 1070/1070/1070
f 1022/1022/1022 1023/1023/1023 1071/1071/1071
f 1023/1023/1023 1072/1072/1072 1071/1071/1071
f 1023/1023/1023 1024/1024/1024 1072/1072/1072
f 1024/1024/1024 1073/1073/1073 1072/1072/1072
f 1024/1024/1024 1025/1025/1025 1073/1073/1073
f 1025/1025/1025 1074/1074/1074 1073/1073/1073
f 1025/1025/1025 1026/1026/1026 1074/1074/1074
f 1026/1026/1026 1075/1075/1075 1074/1074/1074
f 1026/1026/1026 1027/1027/1027 1075/1075/1075
f 1027/1027/1027 1076/1076/1076 1075/1075/1075
f 1027/1027/1027 1028/1028/1028 1076/1076/1076
f 1028/1028/1028 1077/1077/1077 1076/1076/1076
f 1028/1028/1028 1029/1029/1029 1077/1077/1077
f 1029/1029/1029 1078/1078/1078 1077/1077/1077
f 1030/1030/1030 1031/1031/1031 1079/1079/1079
f 1031/1031/1031 1080/1080/1080 1079/1079/1079
f 1031/1031/1031 1032/1032/1032 1080/1080/1080
f 1032/1032/1032 1081/1081/1081 1080/1080/1080
f 1032/1032/1032 1033/1033/1033 1081/1081/1081
f 1033/1033/1033 1082/1082/1082 1081/1081/1081
f 1033/1033/1033 1034/1034/1034 1082/1082/1082
f 1034/1034/1034 1083/1083/1083 1082/1082/1082
f 1034/1034/1034 1035/1035/1035 1083/1083/1083
f 1035/1035/1035 1084/1084/1084 1083/1083/1083
f 1035/1035/1035 1036/1036/1036 1084/1084/1084
f 1036/1036/1036 1085/1085/1085 1084/1084/1084
f 1036/1036/1036 1037/1037/1037 1085/1085/1085
f 1037/1037/1037 1086/1086/1086 1085/1085/1085
f 1037/1037/1037 1038/1038/1038 1086/1086/1086
f 1038/1038/1038 1087/1087/1087 1086/1086/1086
f 1038/1038/1038 1039/1039/1039 1087/1087/1087
f 1039/1039/1039 1088/1088/1088 1087/1087/1087
f 1039/1039/1039 1040/1040/1040 1088/1088/1088
f 1040/1040/1040 1089/1089/1089 1088/1088/1088
f 1040/1040/1040 1041/1041/1041 1089/1089/1089
f 1041/1041/1041 1090/1090/1090 1089/1089/1089
f 1041/1041/1041 1042/1042/1042 1090/1090/1090
f 1042/1042/1042 1091/1091/1091 1090/1090/1090
f 1042/1042/1042 1043/1043/1043 1091/1091/1091
f 1043/1043/1043 1092/1092/1092 1091/1091/1091
f 1043/1043/1043 1044/1044/1044 1092/1092/1092
f 1044/1044/1044 1093/1093/1093 1092/1092/1092
f 1044/1044/1044 1045/1045/1045 1093/1093/1093
f 1045/1045/1045 1094/1094/1094 1093/1093/1093
f 1045/1045/1045 1046/1046/1046 1094/1094/1094
f 1046/1046/1046 1095/1095/1095 1094/1094/1094
f 1046/1046/1046 1047/1047/1047 1095/1095/1095
f 1047/1047/1047 1096/1096/1096 1095/1095/1095
f 1047/1047/1047 1048/1048/1048 1096/1096/1096
f 1048/1048/1048 1097/1097/1097 1096/1096/1096
f 1048/1048/1048 1049/1049/1049 1097/1097/1097
f 1049/1049/1049 1098/1098/1098 1097/1097/1097
f 1049/1049/1049 1050/1050/1050 1098/1098/1098
f 1050/1050/1050 1099/1099/1099 1098/1098/1098
f 1050/1050/1050 1051/1051/1051 1099/1099/1099
f 1051/1051/1051 1100/1100/1100 1099/1099/1099
f 1051/1051/1051 1052/1052/1052 1100/1100/1100
f 1052/1052/1052 1101/1101/1101 1100/1100/1100
f 1052/1052/1052 1053/1053/1053 1101/1101/1101
f 1053/1053/1053 1102/1102/1102 1101/1101/1101
f 1053/1053/1053 1054/1054/1054 1102/1102/1102
f 1054/1054/1054 1103/1103/1103 1102/1102/1102
f 1054/1054/1054 1055/1055/1055 1103/1103/1103
f 1055/1055/1055 1104/1104/1104 1103/1103/1103
f 1055/1055/1055 1056/1056/1056 1104/1104/1104
f 1056/1056/1056 1105/1105/1105 1104/1104/1104
f 1056/1056/1056 1057/1057/1057 1105/1105/1105
f 1057/1057/1057 1106/1106/1106 1105/1105/1105
f 1057/1057/1057 1058/1058/1058 1106/1106/1106
f 1058/1058/1058 1107/1107/1107 1106/1106/1106
f 1058/1058/1058 1059/1059/1059 1107/1107/1107
f 1059/1059/1059 1108/1108/1108 1107/1107/1107
f 1059/1059/1059 1060/1060/1060 1108/1108/1108
f 1060/1060/1060 1109/1109/1109 1108/1108/1108
f 1060/1060/1060 1061/1061/1061 1109/1109/1109
f 1061/1061/1061 1110/1110/1110 1109/1109/1109
f 1061/1061/1061 1062/1062/1062 1110/1110/1110
f 1062/1062/1062 1111/1111/1111 1110/1110/1110
f 1062/1062/1062 1063/1063/1063 1111/1111/1111
f 1063/1063/1063 1112/1112/1112 1111/1111/1111
f 1063/1063/1063 1064/1064/1064 1112/1112/1112
f 1064/1064/1064 1113/1113/1113 1112/1112/1112
f 1064/1064/1064 1065/1065/1065 1113/1113/1113
f 1065/1065/1065 1114/1114/1114 1113/1113/1113
f 1065/1065/1065 1066/1066/1066 1114/1114/1114
f 1066/1066/1066 1115/1115/1115 1114/1114/1114
f 1066/1066/1066 1067/1067/1067 1115/1115/1115
f 1067/1067/1067 1116/1116/1116 1115/1115/1115
f 1067/1067/1067 1068/1068/1068 1116/1116/1116
f 1068/1068/1068 1117/1117/1117 1116/1116/1116
f 1068/1068/1068 1069/1069/1069 1117/1117/1117
f 1069/1069/1069 1118/1118/1118 1117/1117/1117
f 1069/1069/1069 1070/1070/1070 1118/1118/1118
f 1070/1070/1070 1119/1119/1119 1118/1118/1118
f 1070/1070/1070 1071/1071/1071 1119/1119/1119
f 1071/1071/1071 1120/1120/1120 1119/1119/1119
f 1071/1071/1071 1072/1072/1072 1120/1120/1120
f 1072/1072/1072 1121/1121/1121 1120/1120/1120
f 1072/1072/1072 1073/1073/1073 1121/1121/1121
f 1073/1073/1073 1122/1122/1122 1121/1121/1121
f 1073/1073/1073 1074/1074/1074 1122/1122/1122
f 1074/1074/1074 1123/1123/1123 1122/1122/1122
f 1074/1074/1074 1075/1075/1075 1123/1123/1123
f 1075/1075/1075 1124/1124/1124 1123/1123/1123
f 1075/1075/1075 1076/1076/1076 1124/1124/1124
f 1076/1076/1076 1125/1125/1125 1124/1124/1124
f 1076/1076/1076 1077/1077/1077 1125/1125/1125
f 1077/1077/1077 1126/1126/1126 1125/1125/1125
f 1077/1077/1077 1078/1078/1078 1126/1126/1126
f 1078/1078/1078 1127/1127/1127 1126/1126/1126
f 1079/1079/1079 1080/1080/1080 1128/1128/1128
f 1080/1080/1080 1129/1129/1129 1128/1128/1128
f 1080/1080/1080 1081/1081/1081 1129/1129/1129
f 1081/1081/1081 1130/1130/1130 1129/1129/1129
f 1081/1081/1081 1082/1082/1082 1130/1130/1130
f 1082/1082/1082 1131/1131/1131 1130/1130/1130
f 1082/1082/1082 1083/1083/1083 1131/1131/1131
f 1083/1083/1083 1132/1132/1132 1131/1131/1131
f 1083/1083/1083 1084/1084/1084 1132/1132/1132
f 1084/1084/1084 1133/1133/1133 1132/1132/1132
f 1084/1084/1084 1085/1085/1085 1133/1133/1133
f 1085/1085/1085 1134/1134/1134 1133/1133/1133
f 1085/1085/1085 1086/1086/1086 1134/1134/1134
f 1086/1086/1086 1135/1135/1135 1134/1134/1134
f 1086/1086/1086 1087/1087/1087 1135/1135/1135
f 1087/1087/1087 1136/1136/1136 1135/1135/1135
f 1087/1087/1087 1088/1088/1088 1136/1136/1136
f 1088/1088/1088 1137/1137/1137 1136/1136/1136
f 1088/1088/1088 1089/1089/1089 1137/1137/1137
f 1089/1089/1089 1138/1138/1138 1137/1137/1137
f 1089/1089/1089 1090/1090/1090 1138/1138/1138
f 1090/1090/1090 1139/1139/1139 1138/1138/1138
f 1090/1090/1090 1091/1091/1091 1139/1139/1139
f 1091/1091/1091 1140/1140/1140 1139/1139/1139
f 1091/1091/1091 1092/1092/1092 1140/1140/1140
f 1092/1092/1092 1141/1141/1141 1140/1140/1140
f 1092/1092/1092 1093/1093/1093 1141/1141/1141
f 1093/1093/1093 1142/1142/1142 1141/1141/1141
f 1093/1093/1093 1094/1094/1094 1142/1142/1142
f 1094/1094/1094 1143/1143/1143 1142/1142/1142
f 1094/1094/1094 1095/1095/1095 1143/1143/1143
f 1095/1095/1095 1144/1144/1144 1143/1143/1143
f 1095/1095/1095 1096/1096/1096 1144/1144/1144
f 1096/1096/1096 1145/1145/1145 1144/1144/1144
f 1096/1096/1096 1097/1097/1097 1145/1145/1145
f 1097/1097/1097 1146/1146/1146 1145/1145/1145
f 1097/1097/1097 1098/1098/1098 1146/1146/1146
f 1098/1098/1098 1147/1147/1147 1146/1146/1146
f 1098/1098/1098 1099/1099/1099 1147/1147/1147
f 1099/1099/1099 1148/1148/1148 1147/1147/1147
f 1099/1099/1099 1100/1100/1100 1148/1148/1148
f 1100/1100/1100 1149/1149/1149 1148/1148/1148
f 1100/1100/1100 1101/1101/1101 1149/1149/1149
f 1101/1101/1101 1150/1150/1150 1149/1149/1149
f 1101/1101/1101 1102/1102/1102 1150/1150/1150
f 1102/1102/1102 1151/1151/1151 1150/1150/1150
f 1102/1102/1102 1103/1103/1103 1151/1151/1151
f 1103/1103/1103 1152/1152/1152 1151/1151/1151
f 1103/1103/1103 1104/1104/1104 1152/1152/1152
f 1104/1104/1104 1153/1153/1153 1152/1152/1152
f 1104/1104/1104 1105/1105/1105 1153/1153/1153
f 1105/1105/1105 1154/1154/1154 1153/1153/1153
f 1105/1105/1105 1106/1106/1106 1154/1154/1154
f 1106/1106/1106 1155/1155/1155 1154/1154/1154
f 1106/1106/1106 1107/1107/1107 1155/1155/1155
f 1107/1107/1107 1156/1156/1156 1155/1155/1155
f 1107/1107/1107 1108/1108/1108 1156/1156/1156
f 1108/1108/1108 1157/1157/1157 1156/1156/1156
f 1108/1108/1108 1109/1109/1109 1157/1157/1157
f 1109/1109/1109 1158/1158/1158 1157/1157/1157
f 1109/1109/1109 1110/1110/1110 1158/1158/1158
f 1110/1110/1110 1159/1159/1159 1158/1158/1158
f 1110/1110/1110 1111/1111/1111 1159/1159/1159
f 1111/1111/1111 1160/1160/1160 1159/1159/1159
f 1111/1111/1111 1112/1112/1112 1160/1160/1160
f 1112/1112/1112 1161/1161/1161 1160/1160/1160
f 1112/1112/1112 1113/1113/1113 1161/1161/1161
f 1113/1113/1113 1162/1162/1162 1161/1161/1161
f 1113/1113/1113 1114/1114/1114 1162/1162/1162
f 1114/1114/1114 1163/1163/1163 1162/1162/1162
f 1114/1114/1114 1115/1115/1115 1163/1163/1163
f 1115/1115/1115 1164/1164/1164 1163/1163/1163
f 1115/1115/1115 1116/1116/1116 1164/1164/1164
f 1116/1116/1116 1165/1165/1165 1164/1164/1164
f 1116/1116/1116 1117/1117/1117 1165/1165/1165
f 1117/1117/1117 1166/1166/1166 1165/1165/1165
f 1117/1117/1117 1118/1118/1118 1166/1166/1166
f 1118/1118/1118 1167/1167/1167 1166/1166/1166
f 1118/1118/1118 1119/1119/1119 1167/1167/1167
f 1119/1119/1119 1168/1168/1168 1167/1167/1167
f 1119/1119/1119 1120/1120/1120 1168/1168/1168
f 1120/1120/1120 1169/1169/1169 1168/1168/1168
f 1120/1120/1120 1121/1121/1121 1169/1169/1169
f 1121/1121/1121 1170/1170/1170 1169/1169/1169
f 1121/1121/1121 1122/1122/1122 1170/1170/1170
f 1122/1122/1122 1171/1171/1171 1170/1170/1170
f 1122/1122/1122 1123/1123/1123 1171/1171/1171
f 1123/1123/1123 1172/1172/1172 1171/1171/1171
f 1123/1123/1123 1124/1124/1124 1172/1172/1172
f 1124/1124/1124 1173/1173/1173 1172/1172/1172
f 1124/1124/1124 1125/1125/1125 1173/1173/1173
f 1125/1125/1125 1174/1174/1174 1173/1173/1173
f 1125/1125/1125 1126/1126/1126 1174/1174/1174
f 1126/1126/1126 1175/1175/1175 1174/1174/1174
f 1126/1126/1126 1127/1127/1127 1175/1175/1175
f 1127/1127/1127 1176/1176/1176 1175/1175/1175
f 1128/1128/1128 1129/1129/1129 1177/1177/1177
f 1129/1129/1129 1178/1178/1178 1177/1177/1177
f 1129/1129/1129 1130/1130/1130 1178/1178/1178
f 1130/1130/1130 1179/1179/1179 1178/1178/1178
f 1130/1130/1130 1131/1131/1131 1179/1179/1179
f 1131/1131/1131 1180/1180/1180 1179/1179/1179
f 1131/1131/1131 1132/1132/1132 1180/1180/1180
f 1132/1132/1132 1181/1181/1181 1180/1180/1180
f 1132/1132/1132 1133/1133/1133 1181/1181/1181
f 1133/1133/1133 1182/1182/1182 1181/1181/1181
f 1133/1133/1133 1134/1134/1134 1182/1182/1182
f 1134/1134/1134 1183/1183/1183 1182/1182/1182
f 1134/1134/1134 1135/1135/1135 1183/1183/1183
f 1135/1135/1135 1184/1184/1184 1183/1183/1183
f 1135/1135/1135 1136/1136/1136 1184/1184/1184
f 1136/1136/1136 1185/1185/1185 1184/1184/1184
f 1136/1136/1136 1137/1137/1137 1185/1185/1185
f 1137/1137/1137 1186/1186/1186 1185/1185/1185
f 1137/1137/1137 1138/1138/1138 1186/1186/1186
f 1138/1138/1138 1187/1187/1187 1186/1186/1186
f 1138/1138/1138 1139/1139/1139 1187/1187/1187
f 1139/1139/1139 1188/1188/1188 1187/1187/1187
f 1139/1139/1139 1140/1140/1140 1188/1188/1188
f 1140/1140/1140 1189/1189/1189 1188/1188/1188
f 1140/1140/1140 1141/1141/1141 1189/1189/1189
f 1141/1141/1141 1190/1190/1190 1189/1189/1189
f 1141/1141/1141 1142/1142/1142 1190/1190/1190
f 1142/1142/1142 1191/1191/1191 1190/1190/1190
f 1142/1142/1142 1143/1143/1143 1191/1191/1191
f 1143/1143/1143 1192/1192/1192 1191/1191/1191
f 1143/1143/1143 1144/1144/1144 1192/1192/1192
f 1144/1144/1144 1193/1193/1193 1192/1192/1192
f 1144/1144/1144 1145/1145/1145 1193/1193/1193
f 1145/1145/1145 1194/1194/1194 1193/1193/1193
f 1145/1145/1145 1146/1146/1146 1194/1194/1194
f 1146/1146/1146 1195/1195/1195 1194/1194/1194
f 1146/1146/1146 1147/1147/1147 1195/1195/1195
f 1147/1147/1147 1196/1196/1196 1195/1195/1195
f 1147/1147/1147 1148/1148/1148 1196/1196/1196
f 1148/1148/1148 1197/1197/1197 1196/1196/1196
f 1148/1148/1148 1149/1149/1149 1197/1197/1197
f 1149/1149/1149 1198/1198/1198 1197/1197/1197
f 1149/1149/1149 1150/1150/1150 1198/1198/1198
f 1150/1150/1150 1199/1199/1199 1198/1198/1198
f 1150/1150/1150 1151/1151/1151 1199/1199/1199
f 1151/1151/1151 1200/1200/1200 1199/1199/1199
f 1151/1151/1151 1152/1152/1152 1200/1200/1200
f 1152/1152/1152 1201/1201/1201 1200/1200/1200
f 1152/1152/1152 1153/1153/1153 1201/1201/1201
f 1153/1153/1153 1202/1202/1202 1201/1201/1201
f 1153/1153/1153 1154/1154/1154 1202/1202/1202
f 1154/1154/1154 1203/1203/1203 1202/1202/1202
f 1154/1154/1154 1155/1155/1155 1203/1203/1203
f 1155/1155/1155 1204/1204/1204 1203/1203/1203
f 1155/1155/1155 1156/1156/1156 1204/1204/1204
f 1156/1156/1156 1205/1205/1205 1204/1204/1204
f 1156/1156/1156 1157/1157/1157 1205/1205/1205
f 1157/1157/1157 1206/1206/1206 1205/1205/1205
f 1157/1157/1157 1158/1158/1158 1206/1206/1206
f 1158/1158/1158 1207/1207/1207 1206/1206/1206
f 1158/1158/1158 1159/1159/1159 1207/1207/1207
f 1159/1159/1159 1208/1208/1208 1207/1207/1207
f 1159/1159/1159 1160/1160/1160 1208/1208/1208
f 1160/1160/1160 1209/1209/1209 1208/1208/1208
f 1160/1160/1160 1161/1161/1161 1209/1209/1209
f 1161/1161/1161 1210/1210/1210 1209/1209/1209
f 1161/1161/1161 1162/1162/1162 1210/1210/1210
f 1162/1162/1162 1211/1211/1211 1210/1210/1210
f 1162/1162/1162 1163/1163/1163 1211/1211/1211
f 1163/1163/1163 1212/1212/1212 1211/1211/1211
f 1163/1163/1163 1164/1164/1164 1212/1212/1212
f 1164/1164/1164 1213/1213/1213 1212/1212/1212
f 1164/1164/1164 1165/1165/1165 1213/1213/1213
f 1165/1165/1165 1214/1214/1214 1213/1213/1213
f 1165/1165/1165 1166/1166/1166 1214/1214/1214
f 1166/1166/1166 1215/1215/1215 1214/1214/1214
f 1166/1166/1166 1167/1167/1167 1215/1215/1215
f 1167/1167/1167 1216/1216/1216 1215/1215/1215
f 1167/1167/1167 1168/1168/1168 1216/1216/1216
f 1168/1168/1168 1217/1217/1217 1216/1216/1216
f 1168/1168/1168 1169/1169/1169 1217/1217/1217
f 1169/1169/1169 1218/1218/1218 1217/1217/1217
f 1169/1169/1169 1170/1170/1170 1218/1218/1218
f 1170/1170/1170 1219/1219/1219 1218/1218/1218
f 1170/1170/1170 1171/1171/1171 1219/1219/1219
f 1171/1171/1171 1220/1220/1220 1219/1219/1219
f 1171/1171/1171 1172/1172/1172 1220/1220/1220
f 1172/1172/1172 1221/1221/1221 1220/1220/1220
f 1172/1172/1172 1173/1173/1173 1221/1221/1221
f 1173/1173/1173 1222/1222/1222 1221/1221/1221
f 1173/1173/1173 1174/1174/1174 1222/1222/1222
f 1174/1174/1174 1223/1223/1223 1222/1222/1222
f 1174/1174/1174 1175/1175/1175 1223/1223/1223
f 1175/1175/1175 1224/1224/1224 1223/1223/1223
f 1175/1175/1175 1176/1176/1176 1224/1224/1224
f 1176/1176/1176 1225/1225/1225 1224/1224/1224
f 1177/1177/1177 1178/1178/1178 1226/1226/1226
f 1178/1178/1178 1227/1227/1227 1226/1226/1226
f 1178/1178/1178 1179/1179/1179 1227/1227/1227
f 1179/1179/1179 1228/1228/1228 1227/1227/1227
f 1179/1179/1179 1180/1180/1180 1228/1228/1228
f 1180/1180/1180 1229/1229/1229 1228/1228/1228
f 1180/1180/1180 1181/1181/1181 1229/1229/1229
f 1181/1181/1181 1230/1230/1230 1229/1229/1229
f 1181/1181/1181 1182/1182/1182 1230/1230/1230
f 1182/1182/1182 1231/1231/1231 1230/1230/1230
f 1182/1182/1182 1183/1183/1183 1231/1231/1231
f 1183/1183/1183 1232/1232/1232 1231/1231/1231
f 1183/1183/1183 1184/1184/1184 1232/1232/1232
f 1184/1184/1184 1233/1233/1233 1232/1232/1232
f 1184/1184/1184 1185/1185/1185 1233/1233/1233
f 1185/1185/1185 1234/1234/1234 1233/1233/1233
f 1185/1185/1185 1186/1186/1186 1234/1234/1234
f 1186/1186/1186 1235/1235/1235 1234/1234/1234
f 1186/1186/1186 1187/1187/1187 1235/1235/1235
f 1187/1187/1187 1236/1236/1236 1235/1235/1235
f 1187/1187/1187 1188/1188/1188 1236/1236/1236
f 1188/1188/1188 1237/1237/1237 1236/1236/1236
f 1188/1188/1188 1189/1189/1189 1237/1237/1237
f 1189/1189/1189 1238/1238/1238 1237/1237/1237
f 1189/1189/1189 1190/1190/1190 1238/1238/1238
f 1190/1190/1190 1239/1239/1239 1238/1238/1238
f 1190/1190/1190 1191/1191/1191 1239/1239/1239
f 1191/1191/1191 1240/1240/1240 1239/1239/1239
f 1191/1191/1191 1192/1192/1192 1240/1240/1240
f 1192/1192/1192 1241/1241/1241 1240/1240/1240
f 1192/1192/1192 1193/1193/1193 1241/1241/1241
f 1193/1193/1193 1242/1242/1242 1241/1241/1241
f 1193/1193/1193 1194/1194/1194 1242/1242/1242
f 1194/1194/1194 1243/1243/1243 1242/1242/1242
f 1194/1194/1194 1195/1195/1195 1243/1243/1243
f 1195/1195/1195 1244/1244/1244 1243/1243/1243
f 1195/1195/1195 1196/1196/1196 1244/1244/1244
f 1196/1196/1196 1245/1245/1245 1244/1244/1244
f 1196/1196/1196 1197/1197/1197 1245/1245/1245
f 1197/1197/1197 1246/1246/1246 1245/1245/1245
f 1197/1197/1197 1198/1198/1198 1246/1246/1246
f 1198/1198/1198 1247/1247/1247 1246/1246/1246
f 1198/1198/1198 1199/1199/1199 1247/1247/1247
f 1199/1199/1199 1248/1248/1248 1247/1247/1247
f 1199/1199/1199 1200/1200/1200 1248/1248/1248
f 1200/1200/1200 1249/1249/1249 1248/1248/1248
f 1200/1200/1200 1201/1201/1201 1249/1249/1249
f 1201/1201/1201 1250/1250/1250 1249/1249/1249
f 1201/1201/1201 1202/1202/1202 1250/1250/1250
f 1202/1202/1202 1251/1251/1251 1250/1250/1250
f 1202/1202/1202 1203/1203/1203 1251/1251/1251
f 1203/1203/1203 1252/1252/1252 1251/1251/1251
f 1203/1203/1203 1204/1204/1204 1252/1252/1252
f 1204/1204/1204 1253/1253/1253 1252/1252/1252
f 1204/1204/1204 1205/1205/1205 1253/1253/1253
f 1205/1205/1205 1254/1254/1254 1253/1253/1253
f 1205/1205/1205 1206/1206/1206 1254/1254/1254
f 1206/1206/1206 1255/1255/1255 1254/1254/1254
f 1206/1206/1206 1207/1207/1207 1255/1255/1255
f 1207/1207/1207 1256/1256/1256 1255/1255/1255
f 1207/1207/1207 1208/1208/1208 1256/1256/1256
f 1208/1208/1208 1257/1257/1257 1256/1256/1256
f 1208/1208/1208 1209/1209/1209 1257/1257/1257
f 1209/1209/1209 1258/1258/1258 1257/1257/1257
f 1209/1209/1209 1210/1210/1210 1258/1258/1258
f 1210/1210/1210 1259/1259/1259 1258/1258/1258
f 1210/1210/1210 1211/1211/1211 1259/1259/1259
f 1211/1211/1211 1260/1260/1260 1259/1259/1259
f 1211/1211/1211 1212/1212/1212 1260/1260/1260
f 1212/1212/1212 1261/1261/1261 1260/1260/1260
f 1212/1212/1212 1213/1213/1213 1261/1261/1261
f 1213/1213/1213 1262/1262/1262 1261/1261/1261
f 1213/1213/1213 1214/1214/1214 1262/1262/1262
f 1214/1214/1214 1263/1263/1263 1262/1262/1262
f 1214/1214/1214 1215/1215/1215 1263/1263/1263
f 1215/1215/1215 1264/1264/1264 1263/1263/1263
f 1215/1215/1215 1216/1216/1216 1264/1264/1264
f 1216/1216/1216 1265/1265/1265 1264/1264/1264
f 1216/1216/1216 1217/1217/1217 1265/1265/1265
f 1217/1217/1217 1266/1266/1266 1265/1265/1265
f 1217/1217/1217 1218/1218/1218 1266/1266/1266
f 1218/1218/1218 1267/1267/1267 1266/1266/1266
f 1218/1218/1218 1219/1219/1219 1267/1267/1267
f 1219/1219/1219 1268/1268/1268 1267/1267/1267
f 1219/1219/1219 1220/1220/1220 1268/1268/1268
f 1220/1220/1220 1269/1269/1269 1268/1268/1268
f 1220/1220/1220 1221/1221/1221 1269/1269/1269
f 1221/1221/1221 1270/1270/1270 1269/1269/1269
f 1221/1221/1221 1222/1222/1222 1270/1270/1270
f 1222/1222/1222 1271/1271/1271 1270/1270/1270
f 1222/1222/1222 1223/1223/1223 1271/1271/1271
f 1223/1223/1223 1272/1272/1272 1271/1271/1271
f 1223/1223/1223 1224/1224/1224 1272/1272/1272
f 1224/1224/1224 1273/1273/1273 1272/1272/1272
f 1224/1224/1224 1225/1225/1225 1273/1273/1273
f 1225/1225/1225 1274/1274/1274 1273/1273/1273
f 1226/1226/1226 1227/1227/1227 1275/1275/1275
f 1227/1227/1227 1276/1276/1276 1275/1275/1275
f 1227/1227/1227 1228/1228/1228 1276/1276/1276
f 1228/1228/1228 1277/1277/1277 1276/1276/1276
f 1228/1228/1228 1229/1229/1229 1277/1277/1277
f 1229/1229/1229 1278/1278/1278 1277/1277/1277
f 1229/1229/1229 1230/1230/1230 1278/1278/1278
f 1230/1230/1230 1279/1279/1279 1278/1278/1278
f 1230/1230/1230 1231/1231/1231 1279/1279/1279
f 1231/1231/1231 1280/1280/1280 1279/1279/1279
f 1231/1231/1231 1232/1232/1232 1280/1280/1280
f 1232/1232/1232 1281/1281/1281 1280/1280/1280
f 1232/1232/1232 1233/1233/1233 1281/1281/1281
f 1233/1233/1233 1282/1282/1282 1281/1281/1281
f 1233/1233/1233 1234/1234/1234 1282/1282/1282
f 1234/1234/1234 1283/1283/1283 1282/1282/1282
f 1234/1234/1234 1235/1235/1235 1283/1283/1283
f 1235/1235/1235 1284/1284/1284 1283/1283/1283
f 1235/1235/1235 1236/1236/1236 1284/1284/1284
f 1236/1236/1236 1285/1285/1285 1284/1284/1284
f 1236/1236/1236 1237/1237/1237 1285/1285/1285
f 1237/1237/1237 1286/1286/1286 1285/1285/1285
f 1237/1237/1237 1238/1238/1238 1286/1286/1286
f 1238/1238/1238 1287/1287/1287 1286/1286/1286
f 1238/1238/1238 1239/1239/1239 1287/1287/1287
f 1239/1239/1239 1288/1288/1288 1287/1287/1287
f 1239/1239/1239 1240/1240/1240 1288/1288/1288
f 1240/1240/1240 1289/1289/1289 1288/1288/1288
f 1240/1240/1240 1241/1241/1241 1289/1289/1289
f 1241/1241/1241 1290/1290/1290 1289/1289/1289
f 1241/1241/1241 1242/1242/1242 1290/1290/1290
f 1242/1242/1242 1291/1291/1291 1290/1290/1290
f 1242/1242/1242 1243/1243/1243 1291/1291/1291
f 1243/1243/1243 1292/1292/1292 1291/1291/1291
f 1243/1243/1243 1244/1244/1244 1292/1292/1292
f 1244/1244/1244 1293/1293/1293 1292/1292/1292
f 1244/1244/1244 1245/1245/1245 1293/1293/1293
f 1245/1245/1245 1294/1294/1294 1293/1293/1293
f 1245/1245/1245 1246/1246/1246 1294/1294/1294
f 1246/1246/1246 1295/1295/1295 1294/1294/1294
f 1246/1246/1246 1247/1247/1247 1295/1295/1295
f 1247/1247/1247 1296/1296/1296 1295/1295/1295
f 1247/1247/1247 1248/1248/1248 1296/1296/1296
f 1248/1248/1248 1297/1297/1297 1296/1296/1296
f 1248/1248/1248 1249/1249/1249 1297/1297/1297
f 1249/1249/1249 1298/1298/1298 1297/1297/1297
f 1249/1249/1249 1250/1250/1250 1298/1298/1298
f 1250/1250/1250 1299/1299/1299 1298/1298/1298
f 1250/1250/1250 1251/1251/1251 1299/1299/1299
f 1251/1251/1251 1300/1300/1300 1299/1299/1299
f 1251/1251/1251 1252/1252/1252 1300/1300/1300
f 1252/1252/1252 1301/1301/1301 1300/1300/1300
f 1252/1252/1252 1253/1253/1253 1301/1301/1301
f 1253/1253/1253 1302/1302/1302 1301/1301/1301
f 1253/1253/1253 1254/1254/1254 1302/1302/1302
f 1254/1254/1254 1303/1303/1303 1302/1302/1302
f 1254/1254/1254 1255/1255/1255 1303/1303/1303
f 1255/1255/1255 1304/1304/1304 1303/1303/1303
f 1255/1255/1255 1256/1256/1256 1304/1304/1304
f 1256/1256/1256 1305/1305/1305 1304/1304/1304
f 1256/1256/1256 1257/1257/1257 1305/1305/1305
f 1257/1257/1257 1306/1306/1306 1305/1305/1305
f 1257/1257/1257 1258/1258/1258 1306/1306/1306
f 1258/1258/1258 1307/1307/1307 1306/1306/1306
f 1258/1258/1258 1259/1259/1259 1307/1307/1307
f 1259/1259/1259 1308/1308/1308 1307/1307/1307
f 1259/1259/1259 1260/1260/1260 1308/1308/1308
f 1260/1260/1260 1309/1309/1309 1308/1308/1308
f 1260/1260/1260 1261/1261/1261 1309/1309/1309
f 1261/1261/1261 1310/1310/1310 1309/1309/1309
f 1261/1261/1261 1262/1262/1262 1310/1310/1310
f 1262/1262/1262 1311/1311/1311 1310/1310/1310
f 1262/1262/1262 1263/1263/1263 1311/1311/1311
f 1263/1263/1263 1312/1312/1312 1311/1311/1311
f 1263/1263/1263 1264/1264/1264 1312/1312/1312
f 1264/1264/1264 1313/1313/1313 1312/1312/1312
f 1264/1264/1264 1265/1265/1265 1313/1313/1313
f 1265/1265/1265 1314/1314/1314 1313/1313/1313
f 1265/1265/1265 1266/1266/1266 1314/1314/1314
f 1266/1266/1266 1315/1315/1315 1314/1314/1314
f 1266/1266/1266 1267/1267/1267 1315/1315/1315
f 1267/1267/1267 1316/1316/1316 1315/1315/1315
f 1267/1267/1267 1268/1268/1268 1316/1316/1316
f 1268/1268/1268 1317/1317/1317 1316/1316/1316
f 1268/1268/1268 1269/1269/1269 1317/1317/1317
f 1269/1269/1269 1318/1318/1318 1317/1317/1317
f 1269/1269/1269 1270/1270/1270 1318/1318/1318
f 1270/1270/1270 1319/1319/1319 1318/1318/1318
f 1270/1270/1270 1271/1271/1271 1319/1319/1319
f 1271/1271/1271 1320/1320/1320 1319/1319/1319
f 1271/1271/1271 1272/1272/1272 1320/1320/1320
f 1272/1272/1272 1321/1321/1321 1320/1320/1320
f 1272/1272/1272 1273/1273/1273 1321/1321/1321
f 1273/1273/1273 1322/1322/1322 1321/1321/1321
f 1273/1273/1273 1274/1274/1274 1322/1322/1322
f 1274/1274/1274 1323/1323/1323 1322/1322/1322
f 1275/1275/1275 1276/1276/1276 1324/1324/1324
f 1276/1276/1276 1325/1325/1325 1324/1324/1324
f 1276/1276/1276 1277/1277/1277 1325/1325/1325
f 1277/1277/1277 1326/1326/1326 1325/1325/1325
f 1277/1277/1277 1278/1278/1278 1326/1326/1326
f 1278/1278/1278 1327/1327/1327 1326/1326/1326
f 1278/1278/1278 1279/1279/1279 1327/1327/1327
f 1279/1279/1279 1328/1328/1328 1327/1327/1327
f 1279/1279/1279 1280/1280/1280 1328/1328/1328
f 1280/1280/1280 1329/1329/1329 1328/1328/1328
f 1280/1280/1280 1281/1281/1281 1329/1329/1329
f 1281/1281/1281 1330/1330/1330 1329/1329/1329
f 1281/1281/1281 1282/1282/1282 1330/1330/1330
f 1282/1282/1282 1331/1331/1331 1330/1330/1330
f 1282/1282/1282 1283/1283/1283 1331/1331/1331
f 1283/1283/1283 1332/1332/1332 1331/1331/1331
f 1283/1283/1283 1284/1284/1284 1332/1332/1332
f 1284/1284/1284 1333/1333/1333 1332/1332/1332
f 1284/1284/1284 1285/1285/1285 1333/1333/1333
f 1285/1285/1285 1334/1334/1334 1333/1333/1333
f 1285/1285/1285 1286/1286/1286 1334/1334/1334
f 1286/1286/1286 1335/1335/1335 1334/1334/1334
f 1286/1286/1286 1287/1287/1287 1335/1335/1335
f 1287/1287/1287 1336/1336/1336 1335/1335/1335
f 1287/1287/1287 1288/1288/1288 1336/1336/1336
f 1288/1288/1288 1337/1337/1337 1336/1336/1336
f 1288/1288/1288 1289/1289/1289 1337/1337/1337
f 1289/1289/1289 1338/1338/1338 1337/1337/1337
f 1289/1289/1289 1290/1290/1290 1338/1338/1338
f 1290/1290/1290 1339/1339/1339 1338/1338/1338
f 1290/1290/1290 1291/1291/1291 1339/1339/1339
f 1291/1291/1291 1340/1340/1340 1339/1339/1339
f 1291/1291/1291 1292/1292/1292 1340/1340/1340
f 1292/1292/1292 1341/1341/1341 1340/1340/1340
f 1292/1292/1292 1293/1293/1293 1341/1341/1341
f 1293/1293/1293 1342/1342/1342 1341/1341/1341
f 1293/1293/1293 1294/1294/1294 1342/1342/1342
f 1294/1294/1294 1343/1343/1343 1342/1342/1342
f 1294/1294/1294 1295/1295/1295 1343/1343/1343
f 1295/1295/1295 1344/1344/1344 1343/1343/1343
f 1295/1295/1295 1296/1296/1296 1344/1344/1344
f 1296/1296/1296 1345/1345/1345 1344/1344/1344
f 1296/1296/1296 1297/1297/1297 1345/1345/1345
f 1297/1297/1297 1346/1346/1346 1345/1345/1345
f 1297/1297/1297 1298/1298/1298 1346/1346/1346
f 1298/1298/1298 1347/1347/1347 1346/1346/1346
f 1298/1298/1298 1299/1299/1299 1347/1347/1347
f 1299/1299/1299 1348/1348/1348 1347/1347/1347
f 1299/1299/1299 1300/1300/1300 1348/1348/1348
f 1300/1300/1300 1349/1349/1349 1348/1348/1348
f 1300/1300/1300 1301/1301/1301 1349/1349/1349
f 1301/1301/1301 1350/1350/1350 1349/1349/1349
f 1301/1301/1301 1302/1302/1302 1350/1350/1350
f 1302/1302/1302 1351/1351/1351 1350/1350/1350
f 1302/1302/1302 1303/1303/1303 1351/1351/1351
f 1303/1303/1303 1352/1352/1352 1351/1351/1351
f 1303/1303/1303 1304/1304/1304 1352/1352/1352
f 1304/1304/1304 1353/1353/1353 1352/1352/1352
f 1304/1304/1304 1305/1305/1305 1353/1353/1353
f 1305/1305/1305 1354/1354/1354 1353/1353/1353
f 1305/1305/1305 1306/1306/1306 1354/1354/1354
f 1306/1306/1306 1355/1355/1355 1354/1354/1354
f 1306/1306/1306 1307/1307/1307 1355/1355/1355
f 1307/1307/1307 1356/1356/1356 1355/1355/1355
f 1307/1307/1307 1308/1308/1308 1356/1356/1356
f 1308/1308/1308 1357/1357/1357 1356/1356/1356
f 1308/1308/1308 1309/1309/1309 1357/1357/1357
f 1309/1309/1309 1358/1358/1358 1357/1357/1357
f 1309/1309/1309 1310/1310/1310 1358/1358/1358
f 1310/1310/1310 1359/1359/1359 1358/1358/1358
f 1310/1310/1310 1311/1311/1311 1359/1359/1359
f 1311/1311/1311 1360/1360/1360 1359/1359/1359
f 1311/1311/1311 1312/1312/1312 1360/1360/1360
f 1312/1312/1312 1361/1361/1361 1360/1360/1360
f 1312/1312/1312 1313/1313/1313 1361/1361/1361
f 1313/1313/1313 1362/1362/1362 1361/1361/1361
f 1313/1313/1313 1314/1314/1314 1362/1362/1362
f 1314/1314/1314 1363/1363/1363 1362/1362/1362
f 1314/1314/1314 1315/1315/1315 1363/1363/1363
f 1315/1315/1315 1364/1364/1364 1363/1363/1363
f 1315/1315/1315 1316/1316/1316 1364/1364/1364
f 1316/1316/1316 1365/1365/1365 1364/1364/1364
f 1316/1316/1316 1317/1317/1317 1365/1365/1365
f 1317/1317/1317 1366/1366/1366 1365/1365/1365
f 1317/1317/1317 1318/1318/1318 1366/1366/1366
f 1318/1318/1318 1367/1367/1367 1366/1366/1366
f 1318/1318/1318 1319/1319/1319 1367/1367/1367
f 1319/1319/1319 1368/1368/1368 1367/1367/1367
f 1319/1319/1319 1320/1320/1320 1368/1368/1368
f 1320/1320/1320 1369/1369/1369 1368/1368/1368
f 1320/1320/1320 1321/1321/1321 1369/1369/1369
f 1321/1321/1321 1370/1370/1370 1369/1369/1369
f 1321/1321/1321 1322/1322/1322 1370/1370/1370
f 1322/1322/1322 1371/1371/1371 1370/1370/1370
f 1322/1322/1322 1323/1323/1323 1371/1371/1371
f 1323/1323/1323 1372/1372/1372 1371/1371/1371
f 1324/1324/1324 1325/1325/1325 1373/1373/1373
f 1325/1325/1325 1374/1374/1374 1373/1373/1373
f 1325/1325/1325 1326/1326/1326 1374/1374/1374
f 1326/1326/1326 1375/1375/1375 1374/1374/1374
f 1326/1326/1326 1327/1327/1327 1375/1375/1375
f 1327/1327/1327 1376/1376/1376 1375/1375/1375
f 1327/1327/1327 1328/1328/1328 1376/1376/1376
f 1328/1328/1328 1377/1377/1377 1376/1376/1376
f 1328/1328/1328 1329/1329/1329 1377/1377/1377
f 1329/1329/1329 1378/1378/1378 1377/1377/1377
f 1329/1329/1329 1330/1330/1330 1378/1378/1378
f 1330/1330/1330 1379/1379/1379 1378/1378/1378
f 1330/1330/1330 1331/1331/1331 1379/1379/1379
f 1331/1331/1331 1380/1380/1380 1379/1379/1379
f 1331/1331/1331 1332/1332/1332 1380/1380/1380
f 1332/1332/1332 1381/1381/1381 1380/1380/1380
f 1332/1332/1332 1333/1333/1333 1381/1381/1381
f 1333/1333/1333 1382/1382/1382 1381/1381/1381
f 1333/1333/1333 1334/1334/1334 1382/1382/1382
f 1334/1334/1334 1383/1383/1383 1382/1382/1382
f 1334/1334/1334 1335/1335/1335 1383/1383/1383
f 1335/1335/1335 1384/1384/1384 1383/1383/1383
f 1335/1335/1335 1336/1336/1336 1384/1384/1384
f 1336/1336/1336 1385/1385/1385 1384/1384/1384
f 1336/1336/1336 1337/1337/1337 1385/1385/1385
f 1337/1337/1337 1386/1386/1386 1385/1385/1385
f 1337/1337/1337 1338/1338/1338 1386/1386/1386
f 1338/1338/1338 1387/1387/1387 1386/1386/1386
f 1338/1338/1338 1339/1339/1339 1387/1387/1387
f 1339/1339/1339 1388/1388/1388 1387/1387/1387
f 1339/1339/1339 1340/1340/1340 1388/1388/1388
f 1340/1340/1340 1389/1389/1389 1388/1388/1388
f 1340/1340/1340 1341/1341/1341 1389/1389/1389
f 1341/1341/1341 1390/1390/1390 1389/1389/1389
f 1341/1341/1341 1342/1342/1342 1390/1390/1390
f 1342/1342/1342 1391/1391/1391 1390/1390/1390
f 1342/1342/1342 1343/1343/1343 1391/1391/1391
f 1343/1343/1343 1392/1392/1392 1391/1391/1391
f 1343/1343/1343 1344/1344/1344 1392/1392/1392
f 1344/1344/1344 1393/1393/1393 1392/1392/1392
f 1344/1344/1344 1345/1345/1345 1393/1393/1393
f 1345/1345/1345 1394/1394/1394 1393/1393/1393
f 1345/1345/1345 1346/1346/1346 1394/1394/1394
f 1346/1346/1346 1395/1395/1395 1394/1394/1394
f 1346/1346/1346 1347/1347/1347 1395/1395/1395
f 1347/1347/1347 1396/1396/1396 1395/1395/1395
f 1347/1347/1347 1348/1348/1348 1396/1396/1396
f 1348/1348/1348 1397/1397/1397 1396/1396/1396
f 1348/1348/1348 1349/1349/1349 1397/1397/1397
f 1349/1349/1349 1398/1398/1398 1397/1397/1397
f 1349/1349/1349 1350/1350/1350 1398/1398/1398
f 1350/1350/1350 1399/1399/1399 1398/1398/1398
f 1350/1350/1350 1351/1351/1351 1399/1399/1399
f 1351/1351/1351 1400/1400/1400 1399/1399/1399
f 1351/1351/1351 1352/1352/1352 1400/1400/1400
f 1352/1352/1352 1401/1401/1401 1400/1400/1400
f 1352/1352/1352 1353/1353/1353 1401/1401/1401
f 1353/1353/1353 1402/1402/1402 1401/1401/1401
f 1353/1353/1353 1354/1354/1354 1402/1402/1402
f 1354/1354/1354 1403/1403/1403 1402/1402/1402
f 1354/1354/1354 1355/1355/1355 1403/1403/1403
f 1355/1355/1355 1404/1404/1404 1403/1403/1403
f 1355/1355/1355 1356/1356/1356 1404/1404/1404
f 1356/1356/1356 1405/1405/1405 1404/1404/1404
f 1356/1356/1356 1357/1357/1357 1405/1405/1405
f 1357/1357/1357 1406/1406/1406 1405/1405/1405
f 1357/1357/1357 1358/1358/1358 1406/1406/1406
f 1358/1358/1358 1407/1407/1407 1406/1406/1406
f 1358/1358/1358 1359/1359/1359 1407/1407/1407
f 1359/1359/1359 1408/1408/1408 1407/1407/1407
f 1359/1359/1359 1360/1360/1360 1408/1408/1408
f 1360/1360/1360 1409/1409/1409 1408/1408/1408
f 1360/1360/1360 1361/1361/1361 1409/1409/1409
f 1361/1361/1361 1410/1410/1410 1409/1409/1409
f 1361/1361/1361 1362/1362/1362 1410/1410/1410
f 1362/1362/1362 1411/1411/1411 1410/1410/1410
f 1362/1362/1362 1363/1363/1363 1411/1411/1411
f 1363/1363/1363 1412/1412/1412 1411/1411/1411
f 1363/1363/1363 1364/1364/1364 1412/1412/1412
f 1364/1364/1364 1413/1413/1413 1412/1412/1412
f 1364/1364/1364 1365/1365/1365 1413/1413/1413
f 1365/1365/1365 1414/1414/1414 1413/1413/1413
f 1365/1365/1365 1366/1366/1366 1414/1414/1414
f 1366/1366/1366 1415/1415/1415 1414/1414/1414
f 1366/1366/1366 1367/1367/1367 1415/1415/1415
f 1367/1367/1367 1416/1416/1416 1415/1415/1415
f 1367/1367/1367 1368/1368/1368 1416/1416/1416
f 1368/1368/1368 1417/1417/1417 1416/1416/1416
f 1368/1368/1368 1369/1369/1369 1417/1417/1417
f 1369/1369/1369 1418/1418/1418 1417/1417/1417
f 1369/1369/1369 1370/1370/1370 1418/1418/1418
f 1370/1370/1370 1419/1419/1419 1418/1418/1418
f 1370/1370/1370 1371/1371/1371 1419/1419/1419
f 1371/1371/1371 1420/1420/1420 1419/1419/1419
f 1371/1371/1371 1372/1372/1372 1420/1420/1420
f 1372/1372/1372 1421/1421/1421 1420/1420/1420
f 1373/1373/1373 1374/1374/1374 1422/1422/1422
f 1374/1374/1374 1423/1423/1423 1422/1422/1422
f 1374/1374/1374 1375/1375/1375 1423/1423/1423
f 1375/1375/1375 1424/1424/1424 1423/1423/1423
f 1375/1375/1375 1376/1376/1376 1424/1424/1424
f 1376/1376/1376 1425/1425/1425 1424/1424/1424
f 1376/1376/1376 1377/1377/1377 1425/1425/1425
f 1377/1377/1377 1426/1426/1426 1425/1425/1425
f 1377/1377/1377 1378/1378/1378 1426/1426/1426
f 1378/1378/1378 1427/1427/1427 1426/1426/1426
f 1378/1378/1378 1379/1379/1379 1427/1427/1427
f 1379/1379/1379 1428/1428/1428 1427/1427/1427
f 1379/1379/1379 1380/1380/1380 1428/1428/1428
f 1380/1380/1380 1429/1429/1429 1428/1428/1428
f 1380/1380/1380 1381/1381/1381 1429/1429/1429
f 1381/1381/1381 1430/1430/1430 1429/1429/1429
f 1381/1381/1381 1382/1382/1382 1430/1430/1430
f 1382/1382/1382 1431/1431/1431 1430/1430/1430
f 1382/1382/1382 1383/1383/1383 1431/1431/1431
f 1383/1383/1383 1432/1432/1432 1431/1431/1431
f 1383/1383/1383 1384/1384/1384 1432/1432/1432
f 1384/1384/1384 1433/1433/1433 1432/1432/1432
f 1384/1384/1384 1385/1385/1385 1433/1433/1433
f 1385/1385/1385 1434/1434/1434 1433/1433/1433
f 1385/1385/1385 1386/1386/1386 1434/1434/1434
f 1386/1386/1386 1435/1435/1435 1434/1434/1434
f 1386/1386/1386 1387/1387/1387 1435/1435/1435
f 1387/1387/1387 1436/1436/1436 1435/1435/1435
f 1387/1387/1387 1388/1388/1388 1436/1436/1436
f 1388/1388/1388 1437/1437/1437 1436/1436/1436
f 1388/1388/1388 1389/1389/1389 1437/1437/1437
f 1389/1389/1389 1438/1438/1438 1437/1437/1437
f 1389/1389/1389 1390/1390/1390 1438/1438/1438
f 1390/1390/1390 1439/1439/1439 1438/1438/1438
f 1390/1390/1390 1391/1391/1391 1439/1439/1439
f 1391/1391/1391 1440/1440/1440 1439/1439/1439
f 1391/1391/1391 1392/1392/1392 1440/1440/1440
f 1392/1392/1392 1441/1441/1441 1440/1440/1440
f 1392/1392/1392 1393/1393/1393 1441/1441/1441
f 1393/1393/1393 1442/1442/1442 1441/1441/1441
f 1393/1393/1393 1394/1394/1394 1442/1442/1442
f 1394/1394/1394 1443/1443/1443 1442/1442/1442
f 1394/1394/1394 1395/1395/1395 1443/1443/1443
f 1395/1395/1395 1444/1444/1444 1443/1443/1443
f 1395/1395/1395 1396/1396/1396 1444/1444/1444
f 1396/1396/1396 1445/1445/1445 1444/1444/1444
f 1396/1396/1396 1397/1397/1397 1445/1445/1445
f 1397/1397/1397 1446/1446/1446 1445/1445/1445
f 1397/1397/1397 1398/1398/1398 1446/1446/1446
f 1398/1398/1398 1447/1447/1447 1446/1446/1446
f 1398/1398/1398 1399/1399/1399 1447/1447/1447
f 1399/1399/1399 1448/1448/1448 1447/1447/1447
f 1399/1399/1399 1400/1400/1400 1448/1448/1448
f 1400/1400/1400 1449/1449/1449 1448/1448/1448
f 1400/1400/1400 1401/1401/1401 1449/1449/1449
f 1401/1401/1401 1450/1450/1450 1449/1449/1449
f 1401/1401/1401 1402/1402/1402 1450/1450/1450
f 1402/1402/1402 1451/1451/1451 1450/1450/1450
f 1402/1402/1402 1403/1403/1403 1451/1451/1451
f 1403/1403/1403 1452/1452/1452 1451/1451/1451
f 1403/1403/1403 1404/1404/1404 1452/1452/1452
f 1404/1404/1404 1453/1453/1453 1452/1452/1452
f 1404/1404/1404 1405/1405/1405 1453/1453/1453
f 1405/1405/1405 1454/1454/1454 1453/1453/1453
f 1405/1405/1405 1406/1406/1406 1454/1454/1454
f 1406/1406/1406 1455/1455/1455 1454/1454/1454
f 1406/1406/1406 1407/1407/1407 1455/1455/1455
f 1407/1407/1407 1456/1456/1456 1455/1455/1455
f 1407/1407/1407 1408/1408/1408 1456/1456/1456
f 1408/1408/1408 1457/1457/1457 1456/1456/1456
f 1408/1408/1408 1409/1409/1409 1457/1457/1457
f 1409/1409/1409 1458/1458/1458 1457/1457/1457
f 1409/1409/1409 1410/1410/1410 1458/1458/1458
f 1410/1410/1410 1459/1459/1459 1458/1458/1458
f 1410/1410/1410 1411/1411/1411 1459/1459/1459
f 1411/1411/1411 1460/1460/1460 1459/1459/1459
f 1411/1411/1411 1412/1412/1412 1460/1460/1460
f 1412/1412/1412 1461/1461/1461 1460/1460/1460
f 1412/1412/1412 1413/1413/1413 1461/1461/1461
f 1413/1413/1413 1462/1462/1462 1461/1461/1461
f 1413/1413/1413 1414/1414/1414 1462/1462/1462
f 1414/1414/1414 1463/1463/1463 1462/1462/1462
f 1414/1414/1414 1415/1415/1415 1463/1463/1463
f 1415/1415/1415 1464/1464/1464 1463/1463/1463
f 1415/1415/1415 1416/1416/1416 1464/1464/1464
f 1416/1416/1416 1465/1465/1465 1464/1464/1464
f 1416/1416/1416 1417/1417/1417 1465/1465/1465
f 1417/1417/1417 1466/1466/1466 1465/1465/1465
f 1417/1417/1417 1418/1418/1418 1466/1466/1466
f 1418/1418/1418 1467/1467/1467 1466/1466/1466
f 1418/1418/1418 1419/1419/1419 1467/1467/1467
f 1419/1419/1419 1468/1468/1468 1467/1467/1467
f 1419/1419/1419 1420/1420/1420 1468/1468/1468
f 1420/1420/1420 1469/1469/1469 1468/1468/1468
f 1420/1420/1420 1421/1421/1421 1469/1469/1469
f 1421/1421/1421 1470/1470/1470 1469/1469/1469
f 1422/1422/1422 1423/1423/1423 1471/1471/1471
f 1423/1423/1423 1472/1472/1472 1471/1471/1471
f 1423/1423/1423 1424/1424/1424 1472/1472/1472
f 1424/1424/1424 1473/1473/1473 1472/1472/1472
f 1424/1424/1424 1425/1425/1425 1473/1473/1473
f 1425/1425/1425 1474/1474/1474 1473/1473/1473
f 1425/1425/1425 1426/1426/1426 1474/1474/1474
f 1426/1426/1426 1475/1475/1475 1474/1474/1474
f 1426/1426/1426 1427/1427/1427 1475/1475/1475
f 1427/1427/1427 1476/1476/1476 1475/1475/1475
f 1427/1427/1427 1428/1428/1428 1476/1476/1476
f 1428/1428/1428 1477/1477/1477 1476/1476/1476
f 1428/1428/1428 1429/1429/1429 1477/1477/1477
f 1429/1429/1429 1478/1478/1478 1477/1477/1477
f 1429/1429/1429 1430/1430/1430 1478/1478/1478
f 1430/1430/1430 1479/1479/1479 1478/1478/1478
f 1430/1430/1430 1431/1431/1431 1479/1479/1479
f 1431/1431/1431 1480/1480/1480 1479/1479/1479
f 1431/1431/1431 1432/1432/1432 1480/1480/1480
f 1432/1432/1432 1481/1481/1481 1480/1480/1480
f 1432/1432/1432 1433/1433/1433 1481/1481/1481
f 1433/1433/1433 1482/1482/1482 1481/1481/1481
f 1433/1433/1433 1434/1434/1434 1482/1482/1482
f 1434/1434/1434 1483/1483/1483 1482/1482/1482
f 1434/1434/1434 1435/1435/1435 1483/1483/1483
f 1435/1435/1435 1484/1484/1484 1483/1483/1483
f 1435/1435/1435 1436/1436/1436 1484/1484/1484
f 1436/1436/1436 1485/1485/1485 1484/1484/1484
f 1436/1436/1436 1437/1437/1437 1485/1485/1485
f 1437/1437/1437 1486/1486/1486 1485/1485/1485
f 1437/1437/1437 1438/1438/1438 1486/1486/1486
f 1438/1438/1438 1487/1487/1487 1486/1486/1486
f 1438/1438/1438 1439/1439/1439 1487/1487/1487
f 1439/1439/1439 1488/1488/1488 1487/1487/1487
f 1439/1439/1439 1440/1440/1440 1488/1488/1488
f 1440/1440/1440 1489/1489/1489 1488/1488/1488
f 1440/1440/1440 1441/1441/1441 1489/1489/1489
f 1441/1441/1441 1490/1490/1490 1489/1489/1489
f 1441/1441/1441 1442/1442/1442 1490/1490/1490
f 1442/1442/1442 1491/1491/1491 1490/1490/1490
f 1442/1442/1442 1443/1443/1443 1491/1491/1491
f 1443/1443/1443 1492/1492/1492 1491/1491/1491
f 1443/1443/1443 1444/1444/1444 1492/1492/1492
f 1444/1444/1444 1493/1493/1493 1492/1492/1492
f 1444/1444/1444 1445/1445/1445 1493/1493/1493
f 1445/1445/1445 1494/1494/1494 1493/1493/1493
f 1445/1445/1445 1446/1446/1446 1494/1494/1494
f 1446/1446/1446 1495/1495/1495 1494/1494/1494
f 1446/1446/1446 1447/1447/1447 1495/1495/1495
f 1447/1447/1447 1496/1496/1496 1495/1495/1495
f 1447/1447/1447 1448/1448/1448 1496/1496/1496
f 1448/1448/1448 1497/1497/1497 1496/1496/1496
f 1448/1448/1448 1449/1449/1449 1497/1497/1497
f 1449/1449/1449 1498/1498/1498 1497/1497/1497
f 1449/1449/1449 1450/1450/1450 1498/1498/1498
f 1450/1450/1450 1499/1499/1499 1498/1498/1498
f 1450/1450/1450 1451/1451/1451 1499/1499/1499
f 1451/1451/1451 1500/1500/1500 1499/1499/1499
f 1451/1451/1451 1452/1452/1452 1500/1500/1500
f 1452/1452/1452 1501/1501/1501 1500/1500/1500
f 1452/1452/1452 1453/1453/1453 1501/1501/1501
f 1453/1453/1453 1502/1502/1502 1501/1501/1501
f 1453/1453/1453 1454/1454/1454 1502/1502/1502
f 1454/1454/1454 1503/1503/1503 1502/1502/1502
f 1454/1454/1454 1455/1455/1455 1503/1503/1503
f 1455/1455/1455 1504/1504/1504 1503/1503/1503
f 1455/1455/1455 1456/1456/1456 1504/1504/1504
f 1456/1456/1456 1505/1505/1505 1504/1504/1504
f 1456/1456/1456 1457/1457/1457 1505/1505/1505
f 1457/1457/1457 1506/1506/1506 1505/1505/1505
f 1457/1457/1457 1458/1458/1458 1506/1506/1506
f 1458/1458/1458 1507/1507/1507 1506/1506/1506
f 1458/1458/1458 1459/1459/1459 1507/1507/1507
f 1459/1459/1459 1508/1508/1508 1507/1507/1507
f 1459/1459/1459 1460/1460/1460 1508/1508/1508
f 1460/1460/1460 1509/1509/1509 1508/1508/1508
f 1460/1460/1460 1461/1461/1461 1509/1509/1509
f 1461/1461/1461 1510/1510/1510 1509/1509/1509
f 1461/1461/1461 1462/1462/1462 1510/1510/1510
f 1462/1462/1462 1511/1511/1511 1510/1510/1510
f 1462/1462/1462 1463/1463/1463 1511/1511/1511
f 1463/1463/1463 1512/1512/1512 1511/1511/1511
f 1463/1463/1463 1464/1464/1464 1512/1512/1512
f 1464/1464/1464 1513/1513/1513 1512/1512/1512
f 1464/1464/1464 1465/1465/1465 1513/1513/1513
f 1465/1465/1465 1514/1514/1514 1513/1513/1513
f 1465/1465/1465 1466/1466/1466 1514/1514/1514
f 1466/1466/1466 1515/1515/1515 1514/1514/1514
f 1466/1466/1466 1467/1467/1467 1515/1515/1515
f 1467/1467/1467 1516/1516/1516 1515/1515/1515
f 1467/1467/1467 1468/1468/1468 1516/1516/1516
f 1468/1468/1468 1517/1517/1517 1516/1516/1516
f 1468/1468/1468 1469/1469/1469 1517/1517/1517
f 1469/1469/1469 1518/1518/1518 1517/1517/1517
f 1469/1469/1469 1470/1470/1470 1518/1518/1518
f 1470/1470/1470 1519/1519/1519 1518/1518/1518
