# Starward Reimagined / GPL-3.0-or-later
mtllib sentinel.mtl
s 1
o sphere_part_0
usemtl part_0
v 0 0.45 0
v 0 0.45 0
v 0 0.45 0
v 0 0.45 0
v 0 0.45 0
v 0 0.45 0
v 0 0.45 0
v 0 0.45 0
v 0 0.45 0
v 0 0.45 0
v 0 0.45 0
v 0 0.45 0
v 0 0.45 0
v 0 0.45 0
v 0 0.45 0
v 0 0.45 0
v 0 0.45 0
v 0 0.45 0
v 0 0.45 0
v 0 0.45 0
v 0 0.45 0
v 0 0.45 0
v 0 0.45 0
v 0 0.45 0
v 0 0.45 0
v 0 0.45 0
v 0 0.45 0
v 0 0.45 0
v 0 0.45 0
v 0 0.45 0
v 0 0.45 0
v 0 0.45 0
v 0 0.45 0
v 0 0.45 0
v 0 0.45 0
v 0 0.45 0
v 0 0.45 0
v 0.07570519 0.4461502 0
v 0.07455506 0.4461502 0.01133282
v 0.07113961 0.4461502 0.02232129
v 0.06556262 0.4461502 0.03263155
v 0.05799354 0.4461502 0.04195032
v 0.04866236 0.4461502 0.04999444
v 0.03785259 0.4461502 0.0565195
v 0.02589269 0.4461502 0.06132726
v 0.01314606 0.4461502 0.06427161
v -3.309179e-09 0.4461502 0.0652631
v -0.01314608 0.4461502 0.06427161
v -0.0258927 0.4461502 0.06132725
v -0.0378526 0.4461502 0.0565195
v -0.04866236 0.4461502 0.04999444
v -0.05799356 0.4461502 0.0419503
v -0.06556262 0.4461502 0.03263155
v -0.07113962 0.4461502 0.02232129
v -0.07455506 0.4461502 0.01133283
v -0.07570519 0.4461502 -5.705481e-09
v -0.07455506 0.4461502 -0.01133284
v -0.0711396 0.4461502 -0.02232131
v -0.06556262 0.4461502 -0.03263155
v -0.05799355 0.4461502 -0.04195031
v -0.04866235 0.4461502 -0.04999444
v -0.03785259 0.4461502 -0.0565195
v -0.0258927 0.4461502 -0.06132726
v -0.01314607 0.4461502 -0.06427161
v 9.027754e-10 0.4461502 -0.0652631
v 0.0131461 0.4461502 -0.0642716
v 0.02589273 0.4461502 -0.06132725
v 0.03785259 0.4461502 -0.0565195
v 0.04866235 0.4461502 -0.04999444
v 0.05799356 0.4461502 -0.0419503
v 0.06556264 0.4461502 -0.03263154
v 0.0711396 0.4461502 -0.02232131
v 0.07455506 0.4461502 -0.01133281
v 0.07570519 0.4461502 1.141096e-08
v 0.150115 0.4346666 0
v 0.1478345 0.4346666 0.02247173
v 0.141062 0.4346666 0.04426067
v 0.1300034 0.4346666 0.06470476
v 0.1149948 0.4346666 0.08318284
v 0.09649208 0.4346666 0.09913345
v 0.07505751 0.4346666 0.1120719
v 0.05134235 0.4346666 0.1216052
v 0.02606719 0.4346666 0.1274435
v -6.561737e-09 0.4346666 0.1294095
v -0.02606722 0.4346666 0.1274435
v -0.05134237 0.4346666 0.1216052
v -0.07505753 0.4346666 0.1120719
v -0.0964921 0.4346666 0.09913345
v -0.1149948 0.4346666 0.08318282
v -0.1300034 0.4346666 0.06470477
v -0.141062 0.4346666 0.04426065
v -0.1478345 0.4346666 0.02247174
v -0.150115 0.4346666 -1.131334e-08
v -0.1478345 0.4346666 -0.02247177
v -0.141062 0.4346666 -0.0442607
v -0.1300034 0.4346666 -0.06470475
v -0.1149948 0.4346666 -0.08318283
v -0.09649207 0.4346666 -0.09913346
v -0.07505751 0.4346666 -0.1120719
v -0.05134236 0.4346666 -0.1216052
v -0.0260672 0.4346666 -0.1274435
v 1.790104e-09 0.4346666 -0.1294095
v 0.02606727 0.4346666 -0.1274435
v 0.05134243 0.4346666 -0.1216052
v 0.07505751 0.4346666 -0.1120719
v 0.09649207 0.4346666 -0.09913345
v 0.1149948 0.4346666 -0.08318281
v 0.1300035 0.4346666 -0.06470473
v 0.141062 0.4346666 -0.04426069
v 0.1478345 0.4346666 -0.0224717
v 0.150115 0.4346666 2.262668e-08
v 0.2219564 0.4157458 0
v 0.2185844 0.4157458 0.03322614
v 0.2085708 0.4157458 0.06544273
v 0.1922199 0.4157458 0.09567086
v 0.1700285 0.4157458 0.1229921
v 0.1426708 0.4157458 0.1465763
v 0.1109782 0.4157458 0.1657068
v 0.07591353 0.4157458 0.1798024
v 0.03854231 0.4157458 0.1884348
v -9.702022e-09 0.4157458 0.1913417
v -0.03854235 0.4157458 0.1884348
v -0.07591355 0.4157458 0.1798024
v -0.1109782 0.4157458 0.1657068
v -0.1426708 0.4157458 0.1465763
v -0.1700285 0.4157458 0.1229921
v -0.1922199 0.4157458 0.09567088
v -0.2085708 0.4157458 0.0654427
v -0.2185844 0.4157458 0.03322617
v -0.2219564 0.4157458 -1.672763e-08
v -0.2185844 0.4157458 -0.0332262
v -0.2085708 0.4157458 -0.06544277
v -0.1922199 0.4157458 -0.09567086
v -0.1700285 0.4157458 -0.1229921
v -0.1426708 0.4157458 -0.1465763
v -0.1109782 0.4157458 -0.1657068
v -0.07591354 0.4157458 -0.1798024
v -0.03854231 0.4157458 -0.1884348
v 2.646803e-09 0.4157458 -0.1913417
v 0.03854242 0.4157458 -0.1884348
v 0.07591365 0.4157458 -0.1798024
v 0.1109782 0.4157458 -0.1657068
v 0.1426708 0.4157458 -0.1465763
v 0.1700285 0.4157458 -0.1229921
v 0.1922199 0.4157458 -0.09567082
v 0.2085708 0.4157458 -0.06544277
v 0.2185844 0.4157458 -0.0332261
v 0.2219564 0.4157458 3.345525e-08
v 0.29 0.3897114 0
v 0.2855942 0.3897114 0.04341205
v 0.2725109 0.3897114 0.08550504
v 0.2511474 0.3897114 0.125
v 0.2221529 0.3897114 0.1606969
v 0.1864084 0.3897114 0.1915111
v 0.145 0.3897114 0.2165064
v 0.09918581 0.3897114 0.2349232
v 0.05035795 0.3897114 0.2462019
v -1.26763e-08 0.3897114 0.25
v -0.050358 0.3897114 0.2462019
v -0.09918583 0.3897114 0.2349232
v -0.145 0.3897114 0.2165063
v -0.1864084 0.3897114 0.1915111
v -0.2221529 0.3897114 0.1606969
v -0.2511474 0.3897114 0.125
v -0.2725109 0.3897114 0.085505
v -0.2855942 0.3897114 0.04341207
v -0.29 0.3897114 -2.185569e-08
v -0.2855942 0.3897114 -0.04341212
v -0.2725108 0.3897114 -0.0855051
v -0.2511474 0.3897114 -0.125
v -0.2221529 0.3897114 -0.1606969
v -0.1864084 0.3897114 -0.1915111
v -0.145 0.3897114 -0.2165064
v -0.09918582 0.3897114 -0.2349232
v -0.05035796 0.3897114 -0.2462019
v 3.458215e-09 0.3897114 -0.25
v 0.0503581 0.3897114 -0.2462019
v 0.09918595 0.3897114 -0.2349231
v 0.145 0.3897114 -0.2165064
v 0.1864084 0.3897114 -0.1915111
v 0.2221529 0.3897114 -0.1606968
v 0.2511474 0.3897114 -0.1249999
v 0.2725108 0.3897114 -0.08550509
v 0.2855943 0.3897114 -0.04341199
v 0.29 0.3897114 4.371139e-08
v 0.3530816 0.357009 0
v 0.3477175 0.357009 0.05285516
v 0.3317882 0.357009 0.1041043
v 0.3057776 0.357009 0.1521904
v 0.2704762 0.357009 0.1956522
v 0.2269565 0.357009 0.2331692
v 0.1765408 0.357009 0.2636015
v 0.120761 0.357009 0.2860243
v 0.06131195 0.357009 0.2997565
v -1.543369e-08 0.357009 0.3043807
v -0.06131202 0.357009 0.2997565
v -0.120761 0.357009 0.2860243
v -0.1765408 0.357009 0.2636014
v -0.2269565 0.357009 0.2331692
v -0.2704763 0.357009 0.1956521
v -0.3057776 0.357009 0.1521904
v -0.3317882 0.357009 0.1041043
v -0.3477175 0.357009 0.05285519
v -0.3530816 0.357009 -2.660981e-08
v -0.3477175 0.357009 -0.05285524
v -0.3317882 0.357009 -0.1041044
v -0.3057776 0.357009 -0.1521903
v -0.2704762 0.357009 -0.1956521
v -0.2269565 0.357009 -0.2331692
v -0.1765408 0.357009 -0.2636015
v -0.120761 0.357009 -0.2860243
v -0.06131196 0.357009 -0.2997565
v 4.210456e-09 0.357009 -0.3043807
v 0.06131214 0.357009 -0.2997565
v 0.1207612 0.357009 -0.2860243
v 0.1765408 0.357009 -0.2636015
v 0.2269565 0.357009 -0.2331692
v 0.2704763 0.357009 -0.1956521
v 0.3057777 0.357009 -0.1521903
v 0.3317882 0.357009 -0.1041044
v 0.3477175 0.357009 -0.05285509
v 0.3530816 0.357009 5.321962e-08
v 0.4101219 0.318198 0
v 0.4038912 0.318198 0.06139391
v 0.3853885 0.318198 0.1209224
v 0.355176 0.318198 0.1767767
v 0.3141716 0.318198 0.2272597
v 0.2636213 0.318198 0.2708376
v 0.2050609 0.318198 0.3061862
v 0.1402699 0.318198 0.3322315
v 0.0712169 0.318198 0.3481821
v -1.7927e-08 0.318198 0.3535534
v -0.07121697 0.318198 0.3481821
v -0.14027 0.318198 0.3322315
v -0.205061 0.318198 0.3061862
v -0.2636213 0.318198 0.2708376
v -0.3141717 0.318198 0.2272597
v -0.355176 0.318198 0.1767767
v -0.3853886 0.318198 0.1209223
v -0.4038912 0.318198 0.06139394
v -0.4101219 0.318198 -3.090862e-08
v -0.4038912 0.318198 -0.061394
v -0.3853885 0.318198 -0.1209225
v -0.355176 0.318198 -0.1767767
v -0.3141716 0.318198 -0.2272597
v -0.2636212 0.318198 -0.2708376
v -0.2050609 0.318198 -0.3061862
v -0.1402699 0.318198 -0.3322315
v -0.0712169 0.318198 -0.3481821
v 4.890655e-09 0.318198 -0.3535534
v 0.0712171 0.318198 -0.3481821
v 0.1402701 0.318198 -0.3322315
v 0.2050609 0.318198 -0.3061862
v 0.2636212 0.318198 -0.2708376
v 0.3141717 0.318198 -0.2272597
v 0.3551761 0.318198 -0.1767766
v 0.3853885 0.318198 -0.1209225
v 0.4038913 0.318198 -0.06139383
v 0.4101219 0.318198 6.181724e-08
v 0.4601449 0.2739426 0
v 0.4531543 0.2739426 0.06888218
v 0.4323948 0.2739426 0.1356714
v 0.3984972 0.2739426 0.1983383
v 0.3524915 0.2739426 0.2549789
v 0.2957754 0.2739426 0.303872
v 0.2300724 0.2739426 0.3435321
v 0.1573788 0.2739426 0.3727542
v 0.0799033 0.2739426 0.3906503
v -2.011357e-08 0.2739426 0.3966767
v -0.07990338 0.2739426 0.3906502
v -0.1573788 0.2739426 0.3727541
v -0.2300725 0.2739426 0.3435321
v -0.2957755 0.2739426 0.303872
v -0.3524915 0.2739426 0.2549788
v -0.3984972 0.2739426 0.1983384
v -0.4323948 0.2739426 0.1356713
v -0.4531543 0.2739426 0.06888223
v -0.4601449 0.2739426 -3.467857e-08
v -0.4531543 0.2739426 -0.06888229
v -0.4323947 0.2739426 -0.1356715
v -0.3984972 0.2739426 -0.1983383
v -0.3524915 0.2739426 -0.2549788
v -0.2957754 0.2739426 -0.303872
v -0.2300724 0.2739426 -0.3435321
v -0.1573788 0.2739426 -0.3727542
v -0.0799033 0.2739426 -0.3906503
v 5.487173e-09 0.2739426 -0.3966767
v 0.07990353 0.2739426 -0.3906502
v 0.157379 0.2739426 -0.3727541
v 0.2300724 0.2739426 -0.3435321
v 0.2957754 0.2739426 -0.303872
v 0.3524915 0.2739426 -0.2549787
v 0.3984973 0.2739426 -0.1983382
v 0.4323947 0.2739426 -0.1356715
v 0.4531543 0.2739426 -0.0688821
v 0.4601449 0.2739426 6.935715e-08
v 0.5022947 0.225 0
v 0.4946637 0.225 0.07519188
v 0.4720027 0.225 0.1480991
v 0.435 0.225 0.2165064
v 0.3847801 0.225 0.2783352
v 0.3228688 0.225 0.331707
v 0.2511474 0.225 0.375
v 0.1717949 0.225 0.4068989
v 0.08722253 0.225 0.4264343
v -2.1956e-08 0.225 0.4330127
v -0.08722263 0.225 0.4264343
v -0.1717949 0.225 0.4068989
v -0.2511474 0.225 0.375
v -0.3228688 0.225 0.331707
v -0.3847802 0.225 0.2783352
v -0.435 0.225 0.2165064
v -0.4720027 0.225 0.148099
v -0.4946637 0.225 0.07519192
v -0.5022947 0.225 -3.785517e-08
v -0.4946637 0.225 -0.075192
v -0.4720026 0.225 -0.1480992
v -0.435 0.225 -0.2165063
v -0.3847801 0.225 -0.2783352
v -0.3228688 0.225 -0.331707
v -0.2511473 0.225 -0.375
v -0.1717949 0.225 -0.4068989
v -0.08722254 0.225 -0.4264343
v 5.989805e-09 0.225 -0.4330127
v 0.08722279 0.225 -0.4264342
v 0.1717951 0.225 -0.4068988
v 0.2511473 0.225 -0.375
v 0.3228688 0.225 -0.331707
v 0.3847802 0.225 -0.2783351
v 0.4350001 0.225 -0.2165063
v 0.4720026 0.225 -0.1480992
v 0.4946638 0.225 -0.07519178
v 0.5022947 0.225 7.571035e-08
v 0.5358501 0.1722075 0
v 0.5277093 0.1722075 0.08021501
v 0.5035344 0.1722075 0.1579927
v 0.4640598 0.1722075 0.2309699
v 0.410485 0.1722075 0.2969292
v 0.3444378 0.1722075 0.3538664
v 0.267925 0.1722075 0.4000516
v 0.1832715 0.1722075 0.4340814
v 0.09304935 0.1722075 0.4549219
v -2.342275e-08 0.1722075 0.4619398
v -0.09304946 0.1722075 0.4549218
v -0.1832715 0.1722075 0.4340814
v -0.2679251 0.1722075 0.4000516
v -0.3444378 0.1722075 0.3538664
v -0.4104851 0.1722075 0.2969291
v -0.4640598 0.1722075 0.2309699
v -0.5035344 0.1722075 0.1579926
v -0.5277093 0.1722075 0.08021505
v -0.5358501 0.1722075 -4.038406e-08
v -0.5277093 0.1722075 -0.08021513
v -0.5035343 0.1722075 -0.1579928
v -0.4640598 0.1722075 -0.2309699
v -0.410485 0.1722075 -0.2969291
v -0.3444377 0.1722075 -0.3538664
v -0.267925 0.1722075 -0.4000516
v -0.1832715 0.1722075 -0.4340814
v -0.09304937 0.1722075 -0.4549219
v 6.389948e-09 0.1722075 -0.4619398
v 0.09304963 0.1722075 -0.4549218
v 0.1832717 0.1722075 -0.4340813
v 0.267925 0.1722075 -0.4000516
v 0.3444377 0.1722075 -0.3538664
v 0.4104851 0.1722075 -0.2969291
v 0.4640599 0.1722075 -0.2309698
v 0.5035343 0.1722075 -0.1579928
v 0.5277094 0.1722075 -0.0802149
v 0.5358501 0.1722075 8.076811e-08
v 0.5602369 0.1164686 0
v 0.5517257 0.1164686 0.08386564
v 0.5264505 0.1164686 0.1651831
v 0.4851794 0.1164686 0.2414815
v 0.4291664 0.1164686 0.3104426
v 0.3601134 0.1164686 0.3699711
v 0.2801185 0.1164686 0.4182582
v 0.1916123 0.1164686 0.4538367
v 0.09728408 0.1164686 0.4756256
v -2.448874e-08 0.1164686 0.4829629
v -0.0972842 0.1164686 0.4756256
v -0.1916123 0.1164686 0.4538367
v -0.2801185 0.1164686 0.4182581
v -0.3601134 0.1164686 0.369971
v -0.4291665 0.1164686 0.3104425
v -0.4851794 0.1164686 0.2414815
v -0.5264506 0.1164686 0.165183
v -0.5517257 0.1164686 0.08386569
v -0.5602369 0.1164686 -4.222196e-08
v -0.5517257 0.1164686 -0.08386577
v -0.5264505 0.1164686 -0.1651832
v -0.4851794 0.1164686 -0.2414814
v -0.4291664 0.1164686 -0.3104426
v -0.3601133 0.1164686 -0.3699711
v -0.2801184 0.1164686 -0.4182582
v -0.1916123 0.1164686 -0.4538367
v -0.0972841 0.1164686 -0.4756256
v 6.680759e-09 0.1164686 -0.4829629
v 0.09728438 0.1164686 -0.4756256
v 0.1916125 0.1164686 -0.4538366
v 0.2801184 0.1164686 -0.4182582
v 0.3601133 0.1164686 -0.3699711
v 0.4291665 0.1164686 -0.3104425
v 0.4851795 0.1164686 -0.2414813
v 0.5264505 0.1164686 -0.1651831
v 0.5517257 0.1164686 -0.08386553
v 0.5602369 0.1164686 8.444392e-08
v 0.575038 0.05873676 0
v 0.5663019 0.05873676 0.0860813
v 0.540359 0.05873676 0.1695471
v 0.4979976 0.05873676 0.2478612
v 0.4405047 0.05873676 0.3186443
v 0.3696273 0.05873676 0.3797455
v 0.287519 0.05873676 0.4293083
v 0.1966745 0.05873676 0.4658267
v 0.09985426 0.05873676 0.4881913
v -2.513571e-08 0.05873676 0.4957224
v -0.09985437 0.05873676 0.4881913
v -0.1966746 0.05873676 0.4658267
v -0.287519 0.05873676 0.4293082
v -0.3696273 0.05873676 0.3797454
v -0.4405048 0.05873676 0.3186442
v -0.4979976 0.05873676 0.2478613
v -0.540359 0.05873676 0.169547
v -0.5663019 0.05873676 0.08608136
v -0.575038 0.05873676 -4.333743e-08
v -0.5663019 0.05873676 -0.08608144
v -0.540359 0.05873676 -0.1695472
v -0.4979976 0.05873676 -0.2478612
v -0.4405047 0.05873676 -0.3186442
v -0.3696273 0.05873676 -0.3797455
v -0.2875189 0.05873676 -0.4293083
v -0.1966745 0.05873676 -0.4658267
v -0.09985428 0.05873676 -0.4881913
v 6.85726e-09 0.05873676 -0.4957224
v 0.09985456 0.05873676 -0.4881913
v 0.1966748 0.05873676 -0.4658267
v 0.2875189 0.05873676 -0.4293083
v 0.3696273 0.05873676 -0.3797455
v 0.4405048 0.05873676 -0.3186441
v 0.4979976 0.05873676 -0.2478611
v 0.540359 0.05873676 -0.1695472
v 0.5663019 0.05873676 -0.0860812
v 0.575038 0.05873676 8.667487e-08
v 0.58 -1.967013e-08 0
v 0.5711884 -1.967013e-08 0.0868241
v 0.5450217 -1.967013e-08 0.1710101
v 0.5022947 -1.967013e-08 0.25
v 0.4443057 -1.967013e-08 0.3213938
v 0.3728168 -1.967013e-08 0.3830222
v 0.29 -1.967013e-08 0.4330127
v 0.1983716 -1.967013e-08 0.4698463
v 0.1007159 -1.967013e-08 0.4924039
v -2.535261e-08 -1.967013e-08 0.5
v -0.100716 -1.967013e-08 0.4924039
v -0.1983717 -1.967013e-08 0.4698463
v -0.29 -1.967013e-08 0.4330127
v -0.3728168 -1.967013e-08 0.3830222
v -0.4443059 -1.967013e-08 0.3213937
v -0.5022947 -1.967013e-08 0.25
v -0.5450217 -1.967013e-08 0.17101
v -0.5711884 -1.967013e-08 0.08682415
v -0.58 -1.967013e-08 -4.371139e-08
v -0.5711884 -1.967013e-08 -0.08682423
v -0.5450217 -1.967013e-08 -0.1710102
v -0.5022947 -1.967013e-08 -0.25
v -0.4443058 -1.967013e-08 -0.3213938
v -0.3728167 -1.967013e-08 -0.3830223
v -0.2899999 -1.967013e-08 -0.4330127
v -0.1983716 -1.967013e-08 -0.4698463
v -0.1007159 -1.967013e-08 -0.4924039
v 6.916431e-09 -1.967013e-08 -0.5
v 0.1007162 -1.967013e-08 -0.4924038
v 0.1983719 -1.967013e-08 -0.4698462
v 0.2899999 -1.967013e-08 -0.4330127
v 0.3728167 -1.967013e-08 -0.3830222
v 0.4443059 -1.967013e-08 -0.3213937
v 0.5022948 -1.967013e-08 -0.2499999
v 0.5450217 -1.967013e-08 -0.1710102
v 0.5711885 -1.967013e-08 -0.08682398
v 0.58 -1.967013e-08 8.742278e-08
v 0.575038 -0.05873685 0
v 0.5663019 -0.05873685 0.0860813
v 0.540359 -0.05873685 0.1695471
v 0.4979975 -0.05873685 0.2478612
v 0.4405046 -0.05873685 0.3186442
v 0.3696273 -0.05873685 0.3797454
v 0.287519 -0.05873685 0.4293082
v 0.1966745 -0.05873685 0.4658267
v 0.09985426 -0.05873685 0.4881913
v -2.513571e-08 -0.05873685 0.4957224
v -0.09985437 -0.05873685 0.4881913
v -0.1966746 -0.05873685 0.4658267
v -0.287519 -0.05873685 0.4293082
v -0.3696273 -0.05873685 0.3797454
v -0.4405048 -0.05873685 0.3186441
v -0.4979975 -0.05873685 0.2478612
v -0.540359 -0.05873685 0.169547
v -0.5663019 -0.05873685 0.08608136
v -0.575038 -0.05873685 -4.333743e-08
v -0.5663019 -0.05873685 -0.08608144
v -0.5403589 -0.05873685 -0.1695472
v -0.4979975 -0.05873685 -0.2478612
v -0.4405047 -0.05873685 -0.3186442
v -0.3696272 -0.05873685 -0.3797455
v -0.2875189 -0.05873685 -0.4293082
v -0.1966745 -0.05873685 -0.4658267
v -0.09985428 -0.05873685 -0.4881913
v 6.857259e-09 -0.05873685 -0.4957224
v 0.09985455 -0.05873685 -0.4881912
v 0.1966748 -0.05873685 -0.4658266
v 0.2875189 -0.05873685 -0.4293082
v 0.3696272 -0.05873685 -0.3797454
v 0.4405048 -0.05873685 -0.3186441
v 0.4979976 -0.05873685 -0.2478611
v 0.5403589 -0.05873685 -0.1695472
v 0.5663019 -0.05873685 -0.08608119
v 0.575038 -0.05873685 8.667486e-08
v 0.5602369 -0.1164686 0
v 0.5517257 -0.1164686 0.08386564
v 0.5264505 -0.1164686 0.1651831
v 0.4851794 -0.1164686 0.2414815
v 0.4291664 -0.1164686 0.3104426
v 0.3601134 -0.1164686 0.3699711
v 0.2801185 -0.1164686 0.4182582
v 0.1916123 -0.1164686 0.4538367
v 0.09728408 -0.1164686 0.4756256
v -2.448874e-08 -0.1164686 0.4829629
v -0.0972842 -0.1164686 0.4756256
v -0.1916123 -0.1164686 0.4538367
v -0.2801185 -0.1164686 0.4182581
v -0.3601134 -0.1164686 0.369971
v -0.4291665 -0.1164686 0.3104425
v -0.4851794 -0.1164686 0.2414815
v -0.5264506 -0.1164686 0.165183
v -0.5517257 -0.1164686 0.08386569
v -0.5602369 -0.1164686 -4.222196e-08
v -0.5517257 -0.1164686 -0.08386577
v -0.5264505 -0.1164686 -0.1651832
v -0.4851794 -0.1164686 -0.2414814
v -0.4291664 -0.1164686 -0.3104426
v -0.3601133 -0.1164686 -0.3699711
v -0.2801184 -0.1164686 -0.4182582
v -0.1916123 -0.1164686 -0.4538367
v -0.0972841 -0.1164686 -0.4756256
v 6.680759e-09 -0.1164686 -0.4829629
v 0.09728438 -0.1164686 -0.4756256
v 0.1916125 -0.1164686 -0.4538366
v 0.2801184 -0.1164686 -0.4182582
v 0.3601133 -0.1164686 -0.3699711
v 0.4291665 -0.1164686 -0.3104425
v 0.4851795 -0.1164686 -0.2414813
v 0.5264505 -0.1164686 -0.1651831
v 0.5517257 -0.1164686 -0.08386553
v 0.5602369 -0.1164686 8.444392e-08
v 0.5358501 -0.1722076 0
v 0.5277093 -0.1722076 0.08021501
v 0.5035344 -0.1722076 0.1579927
v 0.4640598 -0.1722076 0.2309699
v 0.410485 -0.1722076 0.2969292
v 0.3444378 -0.1722076 0.3538664
v 0.267925 -0.1722076 0.4000516
v 0.1832715 -0.1722076 0.4340814
v 0.09304935 -0.1722076 0.4549219
v -2.342275e-08 -0.1722076 0.4619398
v -0.09304946 -0.1722076 0.4549218
v -0.1832715 -0.1722076 0.4340814
v -0.2679251 -0.1722076 0.4000516
v -0.3444378 -0.1722076 0.3538664
v -0.4104851 -0.1722076 0.2969291
v -0.4640598 -0.1722076 0.2309699
v -0.5035344 -0.1722076 0.1579926
v -0.5277093 -0.1722076 0.08021505
v -0.5358501 -0.1722076 -4.038406e-08
v -0.5277093 -0.1722076 -0.08021513
v -0.5035343 -0.1722076 -0.1579928
v -0.4640598 -0.1722076 -0.2309699
v -0.410485 -0.1722076 -0.2969291
v -0.3444377 -0.1722076 -0.3538664
v -0.267925 -0.1722076 -0.4000516
v -0.1832715 -0.1722076 -0.4340814
v -0.09304937 -0.1722076 -0.4549219
v 6.389948e-09 -0.1722076 -0.4619398
v 0.09304963 -0.1722076 -0.4549218
v 0.1832717 -0.1722076 -0.4340813
v 0.267925 -0.1722076 -0.4000516
v 0.3444377 -0.1722076 -0.3538664
v 0.4104851 -0.1722076 -0.2969291
v 0.4640599 -0.1722076 -0.2309698
v 0.5035343 -0.1722076 -0.1579928
v 0.5277094 -0.1722076 -0.0802149
v 0.5358501 -0.1722076 8.076811e-08
v 0.5022947 -0.225 0
v 0.4946637 -0.225 0.07519187
v 0.4720026 -0.225 0.1480991
v 0.435 -0.225 0.2165063
v 0.3847801 -0.225 0.2783352
v 0.3228688 -0.225 0.331707
v 0.2511473 -0.225 0.375
v 0.1717949 -0.225 0.4068989
v 0.08722252 -0.225 0.4264343
v -2.1956e-08 -0.225 0.4330127
v -0.08722262 -0.225 0.4264342
v -0.1717949 -0.225 0.4068988
v -0.2511474 -0.225 0.375
v -0.3228688 -0.225 0.331707
v -0.3847801 -0.225 0.2783351
v -0.435 -0.225 0.2165064
v -0.4720027 -0.225 0.148099
v -0.4946637 -0.225 0.07519192
v -0.5022947 -0.225 -3.785517e-08
v -0.4946637 -0.225 -0.07519199
v -0.4720026 -0.225 -0.1480992
v -0.435 -0.225 -0.2165063
v -0.3847801 -0.225 -0.2783352
v -0.3228688 -0.225 -0.331707
v -0.2511473 -0.225 -0.375
v -0.1717949 -0.225 -0.4068989
v -0.08722254 -0.225 -0.4264343
v 5.989804e-09 -0.225 -0.4330127
v 0.08722278 -0.225 -0.4264342
v 0.1717951 -0.225 -0.4068988
v 0.2511473 -0.225 -0.375
v 0.3228688 -0.225 -0.331707
v 0.3847801 -0.225 -0.2783351
v 0.4350001 -0.225 -0.2165062
v 0.4720026 -0.225 -0.1480992
v 0.4946637 -0.225 -0.07519177
v 0.5022947 -0.225 7.571035e-08
v 0.4601449 -0.2739426 0
v 0.4531543 -0.2739426 0.06888218
v 0.4323948 -0.2739426 0.1356714
v 0.3984972 -0.2739426 0.1983383
v 0.3524915 -0.2739426 0.2549789
v 0.2957754 -0.2739426 0.303872
v 0.2300724 -0.2739426 0.3435321
v 0.1573788 -0.2739426 0.3727542
v 0.0799033 -0.2739426 0.3906503
v -2.011357e-08 -0.2739426 0.3966767
v -0.07990338 -0.2739426 0.3906502
v -0.1573788 -0.2739426 0.3727541
v -0.2300725 -0.2739426 0.3435321
v -0.2957755 -0.2739426 0.303872
v -0.3524915 -0.2739426 0.2549788
v -0.3984972 -0.2739426 0.1983384
v -0.4323948 -0.2739426 0.1356713
v -0.4531543 -0.2739426 0.06888223
v -0.4601449 -0.2739426 -3.467857e-08
v -0.4531543 -0.2739426 -0.06888229
v -0.4323947 -0.2739426 -0.1356715
v -0.3984972 -0.2739426 -0.1983383
v -0.3524915 -0.2739426 -0.2549788
v -0.2957754 -0.2739426 -0.303872
v -0.2300724 -0.2739426 -0.3435321
v -0.1573788 -0.2739426 -0.3727542
v -0.0799033 -0.2739426 -0.3906503
v 5.487173e-09 -0.2739426 -0.3966767
v 0.07990353 -0.2739426 -0.3906502
v 0.157379 -0.2739426 -0.3727541
v 0.2300724 -0.2739426 -0.3435321
v 0.2957754 -0.2739426 -0.303872
v 0.3524915 -0.2739426 -0.2549787
v 0.3984973 -0.2739426 -0.1983382
v 0.4323947 -0.2739426 -0.1356715
v 0.4531543 -0.2739426 -0.0688821
v 0.4601449 -0.2739426 6.935715e-08
v 0.4101219 -0.318198 0
v 0.4038912 -0.318198 0.06139391
v 0.3853885 -0.318198 0.1209224
v 0.355176 -0.318198 0.1767767
v 0.3141716 -0.318198 0.2272597
v 0.2636213 -0.318198 0.2708376
v 0.2050609 -0.318198 0.3061862
v 0.1402699 -0.318198 0.3322315
v 0.0712169 -0.318198 0.3481821
v -1.7927e-08 -0.318198 0.3535534
v -0.07121697 -0.318198 0.3481821
v -0.14027 -0.318198 0.3322315
v -0.205061 -0.318198 0.3061862
v -0.2636213 -0.318198 0.2708376
v -0.3141717 -0.318198 0.2272597
v -0.355176 -0.318198 0.1767767
v -0.3853886 -0.318198 0.1209223
v -0.4038912 -0.318198 0.06139394
v -0.4101219 -0.318198 -3.090862e-08
v -0.4038912 -0.318198 -0.061394
v -0.3853885 -0.318198 -0.1209225
v -0.355176 -0.318198 -0.1767767
v -0.3141716 -0.318198 -0.2272597
v -0.2636212 -0.318198 -0.2708376
v -0.2050609 -0.318198 -0.3061862
v -0.1402699 -0.318198 -0.3322315
v -0.0712169 -0.318198 -0.3481821
v 4.890655e-09 -0.318198 -0.3535534
v 0.0712171 -0.318198 -0.3481821
v 0.1402701 -0.318198 -0.3322315
v 0.2050609 -0.318198 -0.3061862
v 0.2636212 -0.318198 -0.2708376
v 0.3141717 -0.318198 -0.2272597
v 0.3551761 -0.318198 -0.1767766
v 0.3853885 -0.318198 -0.1209225
v 0.4038913 -0.318198 -0.06139383
v 0.4101219 -0.318198 6.181724e-08
v 0.3530815 -0.3570091 0
v 0.3477174 -0.3570091 0.05285515
v 0.3317881 -0.3570091 0.1041043
v 0.3057776 -0.3570091 0.1521903
v 0.2704761 -0.3570091 0.1956521
v 0.2269564 -0.3570091 0.2331691
v 0.1765407 -0.3570091 0.2636014
v 0.120761 -0.3570091 0.2860242
v 0.06131194 -0.3570091 0.2997564
v -1.543368e-08 -0.3570091 0.3043806
v -0.061312 -0.3570091 0.2997564
v -0.120761 -0.3570091 0.2860242
v -0.1765408 -0.3570091 0.2636014
v -0.2269564 -0.3570091 0.2331691
v -0.2704762 -0.3570091 0.1956521
v -0.3057776 -0.3570091 0.1521903
v -0.3317881 -0.3570091 0.1041043
v -0.3477174 -0.3570091 0.05285518
v -0.3530815 -0.3570091 -2.66098e-08
v -0.3477174 -0.3570091 -0.05285523
v -0.3317881 -0.3570091 -0.1041044
v -0.3057776 -0.3570091 -0.1521903
v -0.2704762 -0.3570091 -0.1956521
v -0.2269564 -0.3570091 -0.2331691
v -0.1765407 -0.3570091 -0.2636014
v -0.120761 -0.3570091 -0.2860242
v -0.06131195 -0.3570091 -0.2997564
v 4.210455e-09 -0.3570091 -0.3043806
v 0.06131212 -0.3570091 -0.2997564
v 0.1207611 -0.3570091 -0.2860242
v 0.1765407 -0.3570091 -0.2636014
v 0.2269564 -0.3570091 -0.2331691
v 0.2704762 -0.3570091 -0.195652
v 0.3057776 -0.3570091 -0.1521902
v 0.3317881 -0.3570091 -0.1041044
v 0.3477174 -0.3570091 -0.05285508
v 0.3530815 -0.3570091 5.32196e-08
v 0.29 -0.3897114 0
v 0.2855943 -0.3897114 0.04341205
v 0.2725109 -0.3897114 0.08550505
v 0.2511474 -0.3897114 0.125
v 0.2221529 -0.3897114 0.1606969
v 0.1864084 -0.3897114 0.1915112
v 0.145 -0.3897114 0.2165064
v 0.09918582 -0.3897114 0.2349232
v 0.05035795 -0.3897114 0.246202
v -1.26763e-08 -0.3897114 0.25
v -0.05035801 -0.3897114 0.246202
v -0.09918584 -0.3897114 0.2349232
v -0.145 -0.3897114 0.2165064
v -0.1864084 -0.3897114 0.1915111
v -0.222153 -0.3897114 0.1606969
v -0.2511474 -0.3897114 0.125
v -0.2725109 -0.3897114 0.08550501
v -0.2855943 -0.3897114 0.04341208
v -0.29 -0.3897114 -2.18557e-08
v -0.2855943 -0.3897114 -0.04341212
v -0.2725109 -0.3897114 -0.08550511
v -0.2511474 -0.3897114 -0.125
v -0.2221529 -0.3897114 -0.1606969
v -0.1864084 -0.3897114 -0.1915112
v -0.145 -0.3897114 -0.2165064
v -0.09918582 -0.3897114 -0.2349232
v -0.05035796 -0.3897114 -0.246202
v 3.458216e-09 -0.3897114 -0.25
v 0.05035811 -0.3897114 -0.2462019
v 0.09918597 -0.3897114 -0.2349232
v 0.145 -0.3897114 -0.2165064
v 0.1864084 -0.3897114 -0.1915112
v 0.222153 -0.3897114 -0.1606969
v 0.2511474 -0.3897114 -0.125
v 0.2725109 -0.3897114 -0.0855051
v 0.2855943 -0.3897114 -0.043412
v 0.29 -0.3897114 4.371139e-08
v 0.2219563 -0.4157458 0
v 0.2185843 -0.4157458 0.03322613
v 0.2085707 -0.4157458 0.0654427
v 0.1922198 -0.4157458 0.09567082
v 0.1700284 -0.4157458 0.122992
v 0.1426708 -0.4157458 0.1465762
v 0.1109781 -0.4157458 0.1657067
v 0.0759135 -0.4157458 0.1798023
v 0.03854229 -0.4157458 0.1884347
v -9.702017e-09 -0.4157458 0.1913416
v -0.03854233 -0.4157458 0.1884347
v -0.07591352 -0.4157458 0.1798023
v -0.1109782 -0.4157458 0.1657067
v -0.1426708 -0.4157458 0.1465762
v -0.1700284 -0.4157458 0.122992
v -0.1922198 -0.4157458 0.09567083
v -0.2085707 -0.4157458 0.06544267
v -0.2185843 -0.4157458 0.03322615
v -0.2219563 -0.4157458 -1.672762e-08
v -0.2185843 -0.4157458 -0.03322618
v -0.2085707 -0.4157458 -0.06544274
v -0.1922198 -0.4157458 -0.09567081
v -0.1700284 -0.4157458 -0.122992
v -0.1426707 -0.4157458 -0.1465762
v -0.1109781 -0.4157458 -0.1657067
v -0.07591351 -0.4157458 -0.1798023
v -0.0385423 -0.4157458 -0.1884347
v 2.646802e-09 -0.4157458 -0.1913416
v 0.03854241 -0.4157458 -0.1884347
v 0.07591362 -0.4157458 -0.1798023
v 0.1109781 -0.4157458 -0.1657067
v 0.1426707 -0.4157458 -0.1465762
v 0.1700284 -0.4157458 -0.122992
v 0.1922198 -0.4157458 -0.09567077
v 0.2085707 -0.4157458 -0.06544273
v 0.2185843 -0.4157458 -0.03322609
v 0.2219563 -0.4157458 3.345523e-08
v 0.150115 -0.4346666 0
v 0.1478344 -0.4346666 0.02247172
v 0.1410619 -0.4346666 0.04426064
v 0.1300034 -0.4346666 0.06470473
v 0.1149947 -0.4346666 0.0831828
v 0.09649204 -0.4346666 0.09913341
v 0.07505748 -0.4346666 0.1120719
v 0.05134233 -0.4346666 0.1216051
v 0.02606718 -0.4346666 0.1274434
v -6.561734e-09 -0.4346666 0.1294095
v -0.02606721 -0.4346666 0.1274434
v -0.05134234 -0.4346666 0.1216051
v -0.07505749 -0.4346666 0.1120719
v -0.09649205 -0.4346666 0.0991334
v -0.1149948 -0.4346666 0.08318278
v -0.1300034 -0.4346666 0.06470474
v -0.1410619 -0.4346666 0.04426062
v -0.1478344 -0.4346666 0.02247173
v -0.150115 -0.4346666 -1.131333e-08
v -0.1478344 -0.4346666 -0.02247175
v -0.1410619 -0.4346666 -0.04426067
v -0.1300034 -0.4346666 -0.06470472
v -0.1149947 -0.4346666 -0.0831828
v -0.09649203 -0.4346666 -0.09913342
v -0.07505747 -0.4346666 -0.1120719
v -0.05134233 -0.4346666 -0.1216051
v -0.02606718 -0.4346666 -0.1274434
v 1.790103e-09 -0.4346666 -0.1294095
v 0.02606726 -0.4346666 -0.1274434
v 0.05134241 -0.4346666 -0.1216051
v 0.07505747 -0.4346666 -0.1120719
v 0.09649203 -0.4346666 -0.09913341
v 0.1149948 -0.4346666 -0.08318277
v 0.1300034 -0.4346666 -0.0647047
v 0.1410619 -0.4346666 -0.04426067
v 0.1478344 -0.4346666 -0.02247169
v 0.150115 -0.4346666 2.262667e-08
v 0.07570513 -0.4461502 0
v 0.07455499 -0.4461502 0.01133281
v 0.07113954 -0.4461502 0.02232127
v 0.06556256 -0.4461502 0.03263152
v 0.05799349 -0.4461502 0.04195027
v 0.04866231 -0.4461502 0.04999439
v 0.03785256 -0.4461502 0.05651945
v 0.02589267 -0.4461502 0.0613272
v 0.01314605 -0.4461502 0.06427155
v -3.309176e-09 -0.4461502 0.06526304
v -0.01314607 -0.4461502 0.06427155
v -0.02589267 -0.4461502 0.0613272
v -0.03785257 -0.4461502 0.05651945
v -0.04866232 -0.4461502 0.04999439
v -0.05799351 -0.4461502 0.04195026
v -0.06556256 -0.4461502 0.03263152
v -0.07113955 -0.4461502 0.02232127
v -0.07455499 -0.4461502 0.01133282
v -0.07570513 -0.4461502 -5.705476e-09
v -0.07455499 -0.4461502 -0.01133283
v -0.07113954 -0.4461502 -0.02232129
v -0.06556256 -0.4461502 -0.03263152
v -0.05799349 -0.4461502 -0.04195027
v -0.04866231 -0.4461502 -0.0499944
v -0.03785256 -0.4461502 -0.05651945
v -0.02589267 -0.4461502 -0.0613272
v -0.01314605 -0.4461502 -0.06427155
v 9.027746e-10 -0.4461502 -0.06526304
v 0.01314609 -0.4461502 -0.06427154
v 0.02589271 -0.4461502 -0.06132719
v 0.03785256 -0.4461502 -0.05651945
v 0.04866231 -0.4461502 -0.04999439
v 0.05799351 -0.4461502 -0.04195026
v 0.06556257 -0.4461502 -0.03263151
v 0.07113954 -0.4461502 -0.02232129
v 0.07455499 -0.4461502 -0.01133279
v 0.07570513 -0.4461502 1.141095e-08
v -5.070521e-08 -0.45 0
v -4.993488e-08 -0.45 -7.590404e-09
v -4.764731e-08 -0.45 -1.495018e-08
v -4.3912e-08 -0.45 -2.185569e-08
v -3.884244e-08 -0.45 -2.809714e-08
v -3.259268e-08 -0.45 -3.348487e-08
v -2.53526e-08 -0.45 -3.785517e-08
v -1.73422e-08 -0.45 -4.107527e-08
v -8.804864e-09 -0.45 -4.304732e-08
v 2.216395e-15 -0.45 -4.371139e-08
v 8.804873e-09 -0.45 -4.304731e-08
v 1.73422e-08 -0.45 -4.107527e-08
v 2.535261e-08 -0.45 -3.785517e-08
v 3.259268e-08 -0.45 -3.348487e-08
v 3.884245e-08 -0.45 -2.809713e-08
v 4.3912e-08 -0.45 -2.18557e-08
v 4.764731e-08 -0.45 -1.495017e-08
v 4.993488e-08 -0.45 -7.590408e-09
v 5.070521e-08 -0.45 3.821371e-15
v 4.993488e-08 -0.45 7.590415e-09
v 4.764731e-08 -0.45 1.495019e-08
v 4.3912e-08 -0.45 2.185569e-08
v 3.884245e-08 -0.45 2.809714e-08
v 3.259268e-08 -0.45 3.348487e-08
v 2.53526e-08 -0.45 3.785517e-08
v 1.73422e-08 -0.45 4.107527e-08
v 8.804865e-09 -0.45 4.304732e-08
v -6.046535e-16 -0.45 4.371139e-08
v -8.80489e-09 -0.45 4.304731e-08
v -1.734222e-08 -0.45 4.107526e-08
v -2.53526e-08 -0.45 3.785517e-08
v -3.259268e-08 -0.45 3.348487e-08
v -3.884245e-08 -0.45 2.809713e-08
v -4.391201e-08 -0.45 2.185568e-08
v -4.764731e-08 -0.45 1.495019e-08
v -4.993488e-08 -0.45 7.590394e-09
v -5.070521e-08 -0.45 -7.642742e-15
vt 0 0
vt 0.02777778 0
vt 0.05555556 0
vt 0.08333334 0
vt 0.1111111 0
vt 0.1388889 0
vt 0.1666667 0
vt 0.1944444 0
vt 0.2222222 0
vt 0.25 0
vt 0.2777778 0
vt 0.3055556 0
vt 0.3333333 0
vt 0.3611111 0
vt 0.3888889 0
vt 0.4166667 0
vt 0.4444444 0
vt 0.4722222 0
vt 0.5 0
vt 0.5277778 0
vt 0.5555556 0
vt 0.5833333 0
vt 0.6111111 0
vt 0.6388889 0
vt 0.6666667 0
vt 0.6944444 0
vt 0.7222222 0
vt 0.75 0
vt 0.7777778 0
vt 0.8055556 0
vt 0.8333333 0
vt 0.8611111 0
vt 0.8888889 0
vt 0.9166667 0
vt 0.9444444 0
vt 0.9722222 0
vt 1 0
vt 0 0.04166667
vt 0.02777778 0.04166667
vt 0.05555556 0.04166667
vt 0.08333334 0.04166667
vt 0.1111111 0.04166667
vt 0.1388889 0.04166667
vt 0.1666667 0.04166667
vt 0.1944444 0.04166667
vt 0.2222222 0.04166667
vt 0.25 0.04166667
vt 0.2777778 0.04166667
vt 0.3055556 0.04166667
vt 0.3333333 0.04166667
vt 0.3611111 0.04166667
vt 0.3888889 0.04166667
vt 0.4166667 0.04166667
vt 0.4444444 0.04166667
vt 0.4722222 0.04166667
vt 0.5 0.04166667
vt 0.5277778 0.04166667
vt 0.5555556 0.04166667
vt 0.5833333 0.04166667
vt 0.6111111 0.04166667
vt 0.6388889 0.04166667
vt 0.6666667 0.04166667
vt 0.6944444 0.04166667
vt 0.7222222 0.04166667
vt 0.75 0.04166667
vt 0.7777778 0.04166667
vt 0.8055556 0.04166667
vt 0.8333333 0.04166667
vt 0.8611111 0.04166667
vt 0.8888889 0.04166667
vt 0.9166667 0.04166667
vt 0.9444444 0.04166667
vt 0.9722222 0.04166667
vt 1 0.04166667
vt 0 0.08333334
vt 0.02777778 0.08333334
vt 0.05555556 0.08333334
vt 0.08333334 0.08333334
vt 0.1111111 0.08333334
vt 0.1388889 0.08333334
vt 0.1666667 0.08333334
vt 0.1944444 0.08333334
vt 0.2222222 0.08333334
vt 0.25 0.08333334
vt 0.2777778 0.08333334
vt 0.3055556 0.08333334
vt 0.3333333 0.08333334
vt 0.3611111 0.08333334
vt 0.3888889 0.08333334
vt 0.4166667 0.08333334
vt 0.4444444 0.08333334
vt 0.4722222 0.08333334
vt 0.5 0.08333334
vt 0.5277778 0.08333334
vt 0.5555556 0.08333334
vt 0.5833333 0.08333334
vt 0.6111111 0.08333334
vt 0.6388889 0.08333334
vt 0.6666667 0.08333334
vt 0.6944444 0.08333334
vt 0.7222222 0.08333334
vt 0.75 0.08333334
vt 0.7777778 0.08333334
vt 0.8055556 0.08333334
vt 0.8333333 0.08333334
vt 0.8611111 0.08333334
vt 0.8888889 0.08333334
vt 0.9166667 0.08333334
vt 0.9444444 0.08333334
vt 0.9722222 0.08333334
vt 1 0.08333334
vt 0 0.125
vt 0.02777778 0.125
vt 0.05555556 0.125
vt 0.08333334 0.125
vt 0.1111111 0.125
vt 0.1388889 0.125
vt 0.1666667 0.125
vt 0.1944444 0.125
vt 0.2222222 0.125
vt 0.25 0.125
vt 0.2777778 0.125
vt 0.3055556 0.125
vt 0.3333333 0.125
vt 0.3611111 0.125
vt 0.3888889 0.125
vt 0.4166667 0.125
vt 0.4444444 0.125
vt 0.4722222 0.125
vt 0.5 0.125
vt 0.5277778 0.125
vt 0.5555556 0.125
vt 0.5833333 0.125
vt 0.6111111 0.125
vt 0.6388889 0.125
vt 0.6666667 0.125
vt 0.6944444 0.125
vt 0.7222222 0.125
vt 0.75 0.125
vt 0.7777778 0.125
vt 0.8055556 0.125
vt 0.8333333 0.125
vt 0.8611111 0.125
vt 0.8888889 0.125
vt 0.9166667 0.125
vt 0.9444444 0.125
vt 0.9722222 0.125
vt 1 0.125
vt 0 0.1666667
vt 0.02777778 0.1666667
vt 0.05555556 0.1666667
vt 0.08333334 0.1666667
vt 0.1111111 0.1666667
vt 0.1388889 0.1666667
vt 0.1666667 0.1666667
vt 0.1944444 0.1666667
vt 0.2222222 0.1666667
vt 0.25 0.1666667
vt 0.2777778 0.1666667
vt 0.3055556 0.1666667
vt 0.3333333 0.1666667
vt 0.3611111 0.1666667
vt 0.3888889 0.1666667
vt 0.4166667 0.1666667
vt 0.4444444 0.1666667
vt 0.4722222 0.1666667
vt 0.5 0.1666667
vt 0.5277778 0.1666667
vt 0.5555556 0.1666667
vt 0.5833333 0.1666667
vt 0.6111111 0.1666667
vt 0.6388889 0.1666667
vt 0.6666667 0.1666667
vt 0.6944444 0.1666667
vt 0.7222222 0.1666667
vt 0.75 0.1666667
vt 0.7777778 0.1666667
vt 0.8055556 0.1666667
vt 0.8333333 0.1666667
vt 0.8611111 0.1666667
vt 0.8888889 0.1666667
vt 0.9166667 0.1666667
vt 0.9444444 0.1666667
vt 0.9722222 0.1666667
vt 1 0.1666667
vt 0 0.2083333
vt 0.02777778 0.2083333
vt 0.05555556 0.2083333
vt 0.08333334 0.2083333
vt 0.1111111 0.2083333
vt 0.1388889 0.2083333
vt 0.1666667 0.2083333
vt 0.1944444 0.2083333
vt 0.2222222 0.2083333
vt 0.25 0.2083333
vt 0.2777778 0.2083333
vt 0.3055556 0.2083333
vt 0.3333333 0.2083333
vt 0.3611111 0.2083333
vt 0.3888889 0.2083333
vt 0.4166667 0.2083333
vt 0.4444444 0.2083333
vt 0.4722222 0.2083333
vt 0.5 0.2083333
vt 0.5277778 0.2083333
vt 0.5555556 0.2083333
vt 0.5833333 0.2083333
vt 0.6111111 0.2083333
vt 0.6388889 0.2083333
vt 0.6666667 0.2083333
vt 0.6944444 0.2083333
vt 0.7222222 0.2083333
vt 0.75 0.2083333
vt 0.7777778 0.2083333
vt 0.8055556 0.2083333
vt 0.8333333 0.2083333
vt 0.8611111 0.2083333
vt 0.8888889 0.2083333
vt 0.9166667 0.2083333
vt 0.9444444 0.2083333
vt 0.9722222 0.2083333
vt 1 0.2083333
vt 0 0.25
vt 0.02777778 0.25
vt 0.05555556 0.25
vt 0.08333334 0.25
vt 0.1111111 0.25
vt 0.1388889 0.25
vt 0.1666667 0.25
vt 0.1944444 0.25
vt 0.2222222 0.25
vt 0.25 0.25
vt 0.2777778 0.25
vt 0.3055556 0.25
vt 0.3333333 0.25
vt 0.3611111 0.25
vt 0.3888889 0.25
vt 0.4166667 0.25
vt 0.4444444 0.25
vt 0.4722222 0.25
vt 0.5 0.25
vt 0.5277778 0.25
vt 0.5555556 0.25
vt 0.5833333 0.25
vt 0.6111111 0.25
vt 0.6388889 0.25
vt 0.6666667 0.25
vt 0.6944444 0.25
vt 0.7222222 0.25
vt 0.75 0.25
vt 0.7777778 0.25
vt 0.8055556 0.25
vt 0.8333333 0.25
vt 0.8611111 0.25
vt 0.8888889 0.25
vt 0.9166667 0.25
vt 0.9444444 0.25
vt 0.9722222 0.25
vt 1 0.25
vt 0 0.2916667
vt 0.02777778 0.2916667
vt 0.05555556 0.2916667
vt 0.08333334 0.2916667
vt 0.1111111 0.2916667
vt 0.1388889 0.2916667
vt 0.1666667 0.2916667
vt 0.1944444 0.2916667
vt 0.2222222 0.2916667
vt 0.25 0.2916667
vt 0.2777778 0.2916667
vt 0.3055556 0.2916667
vt 0.3333333 0.2916667
vt 0.3611111 0.2916667
vt 0.3888889 0.2916667
vt 0.4166667 0.2916667
vt 0.4444444 0.2916667
vt 0.4722222 0.2916667
vt 0.5 0.2916667
vt 0.5277778 0.2916667
vt 0.5555556 0.2916667
vt 0.5833333 0.2916667
vt 0.6111111 0.2916667
vt 0.6388889 0.2916667
vt 0.6666667 0.2916667
vt 0.6944444 0.2916667
vt 0.7222222 0.2916667
vt 0.75 0.2916667
vt 0.7777778 0.2916667
vt 0.8055556 0.2916667
vt 0.8333333 0.2916667
vt 0.8611111 0.2916667
vt 0.8888889 0.2916667
vt 0.9166667 0.2916667
vt 0.9444444 0.2916667
vt 0.9722222 0.2916667
vt 1 0.2916667
vt 0 0.3333333
vt 0.02777778 0.3333333
vt 0.05555556 0.3333333
vt 0.08333334 0.3333333
vt 0.1111111 0.3333333
vt 0.1388889 0.3333333
vt 0.1666667 0.3333333
vt 0.1944444 0.3333333
vt 0.2222222 0.3333333
vt 0.25 0.3333333
vt 0.2777778 0.3333333
vt 0.3055556 0.3333333
vt 0.3333333 0.3333333
vt 0.3611111 0.3333333
vt 0.3888889 0.3333333
vt 0.4166667 0.3333333
vt 0.4444444 0.3333333
vt 0.4722222 0.3333333
vt 0.5 0.3333333
vt 0.5277778 0.3333333
vt 0.5555556 0.3333333
vt 0.5833333 0.3333333
vt 0.6111111 0.3333333
vt 0.6388889 0.3333333
vt 0.6666667 0.3333333
vt 0.6944444 0.3333333
vt 0.7222222 0.3333333
vt 0.75 0.3333333
vt 0.7777778 0.3333333
vt 0.8055556 0.3333333
vt 0.8333333 0.3333333
vt 0.8611111 0.3333333
vt 0.8888889 0.3333333
vt 0.9166667 0.3333333
vt 0.9444444 0.3333333
vt 0.9722222 0.3333333
vt 1 0.3333333
vt 0 0.375
vt 0.02777778 0.375
vt 0.05555556 0.375
vt 0.08333334 0.375
vt 0.1111111 0.375
vt 0.1388889 0.375
vt 0.1666667 0.375
vt 0.1944444 0.375
vt 0.2222222 0.375
vt 0.25 0.375
vt 0.2777778 0.375
vt 0.3055556 0.375
vt 0.3333333 0.375
vt 0.3611111 0.375
vt 0.3888889 0.375
vt 0.4166667 0.375
vt 0.4444444 0.375
vt 0.4722222 0.375
vt 0.5 0.375
vt 0.5277778 0.375
vt 0.5555556 0.375
vt 0.5833333 0.375
vt 0.6111111 0.375
vt 0.6388889 0.375
vt 0.6666667 0.375
vt 0.6944444 0.375
vt 0.7222222 0.375
vt 0.75 0.375
vt 0.7777778 0.375
vt 0.8055556 0.375
vt 0.8333333 0.375
vt 0.8611111 0.375
vt 0.8888889 0.375
vt 0.9166667 0.375
vt 0.9444444 0.375
vt 0.9722222 0.375
vt 1 0.375
vt 0 0.4166667
vt 0.02777778 0.4166667
vt 0.05555556 0.4166667
vt 0.08333334 0.4166667
vt 0.1111111 0.4166667
vt 0.1388889 0.4166667
vt 0.1666667 0.4166667
vt 0.1944444 0.4166667
vt 0.2222222 0.4166667
vt 0.25 0.4166667
vt 0.2777778 0.4166667
vt 0.3055556 0.4166667
vt 0.3333333 0.4166667
vt 0.3611111 0.4166667
vt 0.3888889 0.4166667
vt 0.4166667 0.4166667
vt 0.4444444 0.4166667
vt 0.4722222 0.4166667
vt 0.5 0.4166667
vt 0.5277778 0.4166667
vt 0.5555556 0.4166667
vt 0.5833333 0.4166667
vt 0.6111111 0.4166667
vt 0.6388889 0.4166667
vt 0.6666667 0.4166667
vt 0.6944444 0.4166667
vt 0.7222222 0.4166667
vt 0.75 0.4166667
vt 0.7777778 0.4166667
vt 0.8055556 0.4166667
vt 0.8333333 0.4166667
vt 0.8611111 0.4166667
vt 0.8888889 0.4166667
vt 0.9166667 0.4166667
vt 0.9444444 0.4166667
vt 0.9722222 0.4166667
vt 1 0.4166667
vt 0 0.4583333
vt 0.02777778 0.4583333
vt 0.05555556 0.4583333
vt 0.08333334 0.4583333
vt 0.1111111 0.4583333
vt 0.1388889 0.4583333
vt 0.1666667 0.4583333
vt 0.1944444 0.4583333
vt 0.2222222 0.4583333
vt 0.25 0.4583333
vt 0.2777778 0.4583333
vt 0.3055556 0.4583333
vt 0.3333333 0.4583333
vt 0.3611111 0.4583333
vt 0.3888889 0.4583333
vt 0.4166667 0.4583333
vt 0.4444444 0.4583333
vt 0.4722222 0.4583333
vt 0.5 0.4583333
vt 0.5277778 0.4583333
vt 0.5555556 0.4583333
vt 0.5833333 0.4583333
vt 0.6111111 0.4583333
vt 0.6388889 0.4583333
vt 0.6666667 0.4583333
vt 0.6944444 0.4583333
vt 0.7222222 0.4583333
vt 0.75 0.4583333
vt 0.7777778 0.4583333
vt 0.8055556 0.4583333
vt 0.8333333 0.4583333
vt 0.8611111 0.4583333
vt 0.8888889 0.4583333
vt 0.9166667 0.4583333
vt 0.9444444 0.4583333
vt 0.9722222 0.4583333
vt 1 0.4583333
vt 0 0.5
vt 0.02777778 0.5
vt 0.05555556 0.5
vt 0.08333334 0.5
vt 0.1111111 0.5
vt 0.1388889 0.5
vt 0.1666667 0.5
vt 0.1944444 0.5
vt 0.2222222 0.5
vt 0.25 0.5
vt 0.2777778 0.5
vt 0.3055556 0.5
vt 0.3333333 0.5
vt 0.3611111 0.5
vt 0.3888889 0.5
vt 0.4166667 0.5
vt 0.4444444 0.5
vt 0.4722222 0.5
vt 0.5 0.5
vt 0.5277778 0.5
vt 0.5555556 0.5
vt 0.5833333 0.5
vt 0.6111111 0.5
vt 0.6388889 0.5
vt 0.6666667 0.5
vt 0.6944444 0.5
vt 0.7222222 0.5
vt 0.75 0.5
vt 0.7777778 0.5
vt 0.8055556 0.5
vt 0.8333333 0.5
vt 0.8611111 0.5
vt 0.8888889 0.5
vt 0.9166667 0.5
vt 0.9444444 0.5
vt 0.9722222 0.5
vt 1 0.5
vt 0 0.5416667
vt 0.02777778 0.5416667
vt 0.05555556 0.5416667
vt 0.08333334 0.5416667
vt 0.1111111 0.5416667
vt 0.1388889 0.5416667
vt 0.1666667 0.5416667
vt 0.1944444 0.5416667
vt 0.2222222 0.5416667
vt 0.25 0.5416667
vt 0.2777778 0.5416667
vt 0.3055556 0.5416667
vt 0.3333333 0.5416667
vt 0.3611111 0.5416667
vt 0.3888889 0.5416667
vt 0.4166667 0.5416667
vt 0.4444444 0.5416667
vt 0.4722222 0.5416667
vt 0.5 0.5416667
vt 0.5277778 0.5416667
vt 0.5555556 0.5416667
vt 0.5833333 0.5416667
vt 0.6111111 0.5416667
vt 0.6388889 0.5416667
vt 0.6666667 0.5416667
vt 0.6944444 0.5416667
vt 0.7222222 0.5416667
vt 0.75 0.5416667
vt 0.7777778 0.5416667
vt 0.8055556 0.5416667
vt 0.8333333 0.5416667
vt 0.8611111 0.5416667
vt 0.8888889 0.5416667
vt 0.9166667 0.5416667
vt 0.9444444 0.5416667
vt 0.9722222 0.5416667
vt 1 0.5416667
vt 0 0.5833333
vt 0.02777778 0.5833333
vt 0.05555556 0.5833333
vt 0.08333334 0.5833333
vt 0.1111111 0.5833333
vt 0.1388889 0.5833333
vt 0.1666667 0.5833333
vt 0.1944444 0.5833333
vt 0.2222222 0.5833333
vt 0.25 0.5833333
vt 0.2777778 0.5833333
vt 0.3055556 0.5833333
vt 0.3333333 0.5833333
vt 0.3611111 0.5833333
vt 0.3888889 0.5833333
vt 0.4166667 0.5833333
vt 0.4444444 0.5833333
vt 0.4722222 0.5833333
vt 0.5 0.5833333
vt 0.5277778 0.5833333
vt 0.5555556 0.5833333
vt 0.5833333 0.5833333
vt 0.6111111 0.5833333
vt 0.6388889 0.5833333
vt 0.6666667 0.5833333
vt 0.6944444 0.5833333
vt 0.7222222 0.5833333
vt 0.75 0.5833333
vt 0.7777778 0.5833333
vt 0.8055556 0.5833333
vt 0.8333333 0.5833333
vt 0.8611111 0.5833333
vt 0.8888889 0.5833333
vt 0.9166667 0.5833333
vt 0.9444444 0.5833333
vt 0.9722222 0.5833333
vt 1 0.5833333
vt 0 0.625
vt 0.02777778 0.625
vt 0.05555556 0.625
vt 0.08333334 0.625
vt 0.1111111 0.625
vt 0.1388889 0.625
vt 0.1666667 0.625
vt 0.1944444 0.625
vt 0.2222222 0.625
vt 0.25 0.625
vt 0.2777778 0.625
vt 0.3055556 0.625
vt 0.3333333 0.625
vt 0.3611111 0.625
vt 0.3888889 0.625
vt 0.4166667 0.625
vt 0.4444444 0.625
vt 0.4722222 0.625
vt 0.5 0.625
vt 0.5277778 0.625
vt 0.5555556 0.625
vt 0.5833333 0.625
vt 0.6111111 0.625
vt 0.6388889 0.625
vt 0.6666667 0.625
vt 0.6944444 0.625
vt 0.7222222 0.625
vt 0.75 0.625
vt 0.7777778 0.625
vt 0.8055556 0.625
vt 0.8333333 0.625
vt 0.8611111 0.625
vt 0.8888889 0.625
vt 0.9166667 0.625
vt 0.9444444 0.625
vt 0.9722222 0.625
vt 1 0.625
vt 0 0.6666667
vt 0.02777778 0.6666667
vt 0.05555556 0.6666667
vt 0.08333334 0.6666667
vt 0.1111111 0.6666667
vt 0.1388889 0.6666667
vt 0.1666667 0.6666667
vt 0.1944444 0.6666667
vt 0.2222222 0.6666667
vt 0.25 0.6666667
vt 0.2777778 0.6666667
vt 0.3055556 0.6666667
vt 0.3333333 0.6666667
vt 0.3611111 0.6666667
vt 0.3888889 0.6666667
vt 0.4166667 0.6666667
vt 0.4444444 0.6666667
vt 0.4722222 0.6666667
vt 0.5 0.6666667
vt 0.5277778 0.6666667
vt 0.5555556 0.6666667
vt 0.5833333 0.6666667
vt 0.6111111 0.6666667
vt 0.6388889 0.6666667
vt 0.6666667 0.6666667
vt 0.6944444 0.6666667
vt 0.7222222 0.6666667
vt 0.75 0.6666667
vt 0.7777778 0.6666667
vt 0.8055556 0.6666667
vt 0.8333333 0.6666667
vt 0.8611111 0.6666667
vt 0.8888889 0.6666667
vt 0.9166667 0.6666667
vt 0.9444444 0.6666667
vt 0.9722222 0.6666667
vt 1 0.6666667
vt 0 0.7083333
vt 0.02777778 0.7083333
vt 0.05555556 0.7083333
vt 0.08333334 0.7083333
vt 0.1111111 0.7083333
vt 0.1388889 0.7083333
vt 0.1666667 0.7083333
vt 0.1944444 0.7083333
vt 0.2222222 0.7083333
vt 0.25 0.7083333
vt 0.2777778 0.7083333
vt 0.3055556 0.7083333
vt 0.3333333 0.7083333
vt 0.3611111 0.7083333
vt 0.3888889 0.7083333
vt 0.4166667 0.7083333
vt 0.4444444 0.7083333
vt 0.4722222 0.7083333
vt 0.5 0.7083333
vt 0.5277778 0.7083333
vt 0.5555556 0.7083333
vt 0.5833333 0.7083333
vt 0.6111111 0.7083333
vt 0.6388889 0.7083333
vt 0.6666667 0.7083333
vt 0.6944444 0.7083333
vt 0.7222222 0.7083333
vt 0.75 0.7083333
vt 0.7777778 0.7083333
vt 0.8055556 0.7083333
vt 0.8333333 0.7083333
vt 0.8611111 0.7083333
vt 0.8888889 0.7083333
vt 0.9166667 0.7083333
vt 0.9444444 0.7083333
vt 0.9722222 0.7083333
vt 1 0.7083333
vt 0 0.75
vt 0.02777778 0.75
vt 0.05555556 0.75
vt 0.08333334 0.75
vt 0.1111111 0.75
vt 0.1388889 0.75
vt 0.1666667 0.75
vt 0.1944444 0.75
vt 0.2222222 0.75
vt 0.25 0.75
vt 0.2777778 0.75
vt 0.3055556 0.75
vt 0.3333333 0.75
vt 0.3611111 0.75
vt 0.3888889 0.75
vt 0.4166667 0.75
vt 0.4444444 0.75
vt 0.4722222 0.75
vt 0.5 0.75
vt 0.5277778 0.75
vt 0.5555556 0.75
vt 0.5833333 0.75
vt 0.6111111 0.75
vt 0.6388889 0.75
vt 0.6666667 0.75
vt 0.6944444 0.75
vt 0.7222222 0.75
vt 0.75 0.75
vt 0.7777778 0.75
vt 0.8055556 0.75
vt 0.8333333 0.75
vt 0.8611111 0.75
vt 0.8888889 0.75
vt 0.9166667 0.75
vt 0.9444444 0.75
vt 0.9722222 0.75
vt 1 0.75
vt 0 0.7916667
vt 0.02777778 0.7916667
vt 0.05555556 0.7916667
vt 0.08333334 0.7916667
vt 0.1111111 0.7916667
vt 0.1388889 0.7916667
vt 0.1666667 0.7916667
vt 0.1944444 0.7916667
vt 0.2222222 0.7916667
vt 0.25 0.7916667
vt 0.2777778 0.7916667
vt 0.3055556 0.7916667
vt 0.3333333 0.7916667
vt 0.3611111 0.7916667
vt 0.3888889 0.7916667
vt 0.4166667 0.7916667
vt 0.4444444 0.7916667
vt 0.4722222 0.7916667
vt 0.5 0.7916667
vt 0.5277778 0.7916667
vt 0.5555556 0.7916667
vt 0.5833333 0.7916667
vt 0.6111111 0.7916667
vt 0.6388889 0.7916667
vt 0.6666667 0.7916667
vt 0.6944444 0.7916667
vt 0.7222222 0.7916667
vt 0.75 0.7916667
vt 0.7777778 0.7916667
vt 0.8055556 0.7916667
vt 0.8333333 0.7916667
vt 0.8611111 0.7916667
vt 0.8888889 0.7916667
vt 0.9166667 0.7916667
vt 0.9444444 0.7916667
vt 0.9722222 0.7916667
vt 1 0.7916667
vt 0 0.8333333
vt 0.02777778 0.8333333
vt 0.05555556 0.8333333
vt 0.08333334 0.8333333
vt 0.1111111 0.8333333
vt 0.1388889 0.8333333
vt 0.1666667 0.8333333
vt 0.1944444 0.8333333
vt 0.2222222 0.8333333
vt 0.25 0.8333333
vt 0.2777778 0.8333333
vt 0.3055556 0.8333333
vt 0.3333333 0.8333333
vt 0.3611111 0.8333333
vt 0.3888889 0.8333333
vt 0.4166667 0.8333333
vt 0.4444444 0.8333333
vt 0.4722222 0.8333333
vt 0.5 0.8333333
vt 0.5277778 0.8333333
vt 0.5555556 0.8333333
vt 0.5833333 0.8333333
vt 0.6111111 0.8333333
vt 0.6388889 0.8333333
vt 0.6666667 0.8333333
vt 0.6944444 0.8333333
vt 0.7222222 0.8333333
vt 0.75 0.8333333
vt 0.7777778 0.8333333
vt 0.8055556 0.8333333
vt 0.8333333 0.8333333
vt 0.8611111 0.8333333
vt 0.8888889 0.8333333
vt 0.9166667 0.8333333
vt 0.9444444 0.8333333
vt 0.9722222 0.8333333
vt 1 0.8333333
vt 0 0.875
vt 0.02777778 0.875
vt 0.05555556 0.875
vt 0.08333334 0.875
vt 0.1111111 0.875
vt 0.1388889 0.875
vt 0.1666667 0.875
vt 0.1944444 0.875
vt 0.2222222 0.875
vt 0.25 0.875
vt 0.2777778 0.875
vt 0.3055556 0.875
vt 0.3333333 0.875
vt 0.3611111 0.875
vt 0.3888889 0.875
vt 0.4166667 0.875
vt 0.4444444 0.875
vt 0.4722222 0.875
vt 0.5 0.875
vt 0.5277778 0.875
vt 0.5555556 0.875
vt 0.5833333 0.875
vt 0.6111111 0.875
vt 0.6388889 0.875
vt 0.6666667 0.875
vt 0.6944444 0.875
vt 0.7222222 0.875
vt 0.75 0.875
vt 0.7777778 0.875
vt 0.8055556 0.875
vt 0.8333333 0.875
vt 0.8611111 0.875
vt 0.8888889 0.875
vt 0.9166667 0.875
vt 0.9444444 0.875
vt 0.9722222 0.875
vt 1 0.875
vt 0 0.9166667
vt 0.02777778 0.9166667
vt 0.05555556 0.9166667
vt 0.08333334 0.9166667
vt 0.1111111 0.9166667
vt 0.1388889 0.9166667
vt 0.1666667 0.9166667
vt 0.1944444 0.9166667
vt 0.2222222 0.9166667
vt 0.25 0.9166667
vt 0.2777778 0.9166667
vt 0.3055556 0.9166667
vt 0.3333333 0.9166667
vt 0.3611111 0.9166667
vt 0.3888889 0.9166667
vt 0.4166667 0.9166667
vt 0.4444444 0.9166667
vt 0.4722222 0.9166667
vt 0.5 0.9166667
vt 0.5277778 0.9166667
vt 0.5555556 0.9166667
vt 0.5833333 0.9166667
vt 0.6111111 0.9166667
vt 0.6388889 0.9166667
vt 0.6666667 0.9166667
vt 0.6944444 0.9166667
vt 0.7222222 0.9166667
vt 0.75 0.9166667
vt 0.7777778 0.9166667
vt 0.8055556 0.9166667
vt 0.8333333 0.9166667
vt 0.8611111 0.9166667
vt 0.8888889 0.9166667
vt 0.9166667 0.9166667
vt 0.9444444 0.9166667
vt 0.9722222 0.9166667
vt 1 0.9166667
vt 0 0.9583333
vt 0.02777778 0.9583333
vt 0.05555556 0.9583333
vt 0.08333334 0.9583333
vt 0.1111111 0.9583333
vt 0.1388889 0.9583333
vt 0.1666667 0.9583333
vt 0.1944444 0.9583333
vt 0.2222222 0.9583333
vt 0.25 0.9583333
vt 0.2777778 0.9583333
vt 0.3055556 0.9583333
vt 0.3333333 0.9583333
vt 0.3611111 0.9583333
vt 0.3888889 0.9583333
vt 0.4166667 0.9583333
vt 0.4444444 0.9583333
vt 0.4722222 0.9583333
vt 0.5 0.9583333
vt 0.5277778 0.9583333
vt 0.5555556 0.9583333
vt 0.5833333 0.9583333
vt 0.6111111 0.9583333
vt 0.6388889 0.9583333
vt 0.6666667 0.9583333
vt 0.6944444 0.9583333
vt 0.7222222 0.9583333
vt 0.75 0.9583333
vt 0.7777778 0.9583333
vt 0.8055556 0.9583333
vt 0.8333333 0.9583333
vt 0.8611111 0.9583333
vt 0.8888889 0.9583333
vt 0.9166667 0.9583333
vt 0.9444444 0.9583333
vt 0.9722222 0.9583333
vt 1 0.9583333
vt 0 1
vt 0.02777778 1
vt 0.05555556 1
vt 0.08333334 1
vt 0.1111111 1
vt 0.1388889 1
vt 0.1666667 1
vt 0.1944444 1
vt 0.2222222 1
vt 0.25 1
vt 0.2777778 1
vt 0.3055556 1
vt 0.3333333 1
vt 0.3611111 1
vt 0.3888889 1
vt 0.4166667 1
vt 0.4444444 1
vt 0.4722222 1
vt 0.5 1
vt 0.5277778 1
vt 0.5555556 1
vt 0.5833333 1
vt 0.6111111 1
vt 0.6388889 1
vt 0.6666667 1
vt 0.6944444 1
vt 0.7222222 1
vt 0.75 1
vt 0.7777778 1
vt 0.8055556 1
vt 0.8333333 1
vt 0.8611111 1
vt 0.8888889 1
vt 0.9166667 1
vt 0.9444444 1
vt 0.9722222 1
vt 1 1
vn 0 1 0
vn 0 1 0
vn 0 1 0
vn 0 1 0
vn 0 1 0
vn 0 1 0
vn 0 1 0
vn 0 1 0
vn 0 1 0
vn 0 1 0
vn 0 1 0
vn 0 1 0
vn 0 1 0
vn 0 1 0
vn 0 1 0
vn 0 1 0
vn 0 1 0
vn 0 1 0
vn 0 1 0
vn 0 1 0
vn 0 1 0
vn 0 1 0
vn 0 1 0
vn 0 1 0
vn 0 1 0
vn 0 1 0
vn 0 1 0
vn 0 1 0
vn 0 1 0
vn 0 1 0
vn 0 1 0
vn 0 1 0
vn 0 1 0
vn 0 1 0
vn 0 1 0
vn 0 1 0
vn 0 1 0
vn 0.1016212 0.9948232 0
vn 0.10007 0.9947697 0.02047405
vn 0.09547282 0.9946156 0.04030786
vn 0.08796719 0.9943795 0.05891522
vn 0.07778822 0.9940906 0.07571664
vn 0.06525279 0.9937832 0.09020643
vn 0.0507428 0.9934944 0.1019518
vn 0.03470004 0.9932594 0.1105978
vn 0.01761523 0.9931058 0.11589
vn 0 0.9930527 0.1176707
vn -0.0176151 0.9931059 0.1158882
vn -0.03470275 0.9932594 0.1105966
vn -0.0507428 0.9934944 0.1019518
vn -0.06525279 0.9937832 0.09020643
vn -0.07778896 0.9940906 0.07571565
vn -0.08796777 0.9943796 0.0589141
vn -0.09547264 0.9946156 0.04030843
vn -0.1000717 0.9947698 0.02046327
vn -0.1016212 0.9948232 0
vn -0.1000703 0.9947698 -0.02047207
vn -0.09547243 0.9946156 -0.04030866
vn -0.08796784 0.9943796 -0.05891399
vn -0.07778901 0.9940906 -0.07571557
vn -0.06525093 0.9937831 -0.09020823
vn -0.05074502 0.9934944 -0.1019503
vn -0.034702 0.9932594 -0.1105969
vn -0.01761686 0.9931059 -0.1158897
vn 0 0.9930527 -0.1176707
vn 0.01761537 0.9931059 -0.11589
vn 0.03470101 0.9932593 -0.1105973
vn 0.05074502 0.9934944 -0.1019503
vn 0.06525431 0.9937832 -0.09020495
vn 0.07778828 0.9940906 -0.07571658
vn 0.08796588 0.9943796 -0.05891626
vn 0.09547252 0.9946156 -0.04030838
vn 0.1000723 0.9947696 -0.0204698
vn 0.1016212 0.9948232 0
vn 0.2035561 0.9790633 0
vn 0.2004192 0.978852 0.04099888
vn 0.1911202 0.9782447 0.08068677
vn 0.1759695 0.9773149 0.1178573
vn 0.1554753 0.9761797 0.1513294
vn 0.1302954 0.9749752 0.1801288
vn 0.1012386 0.9738473 0.2034017
vn 0.0691781 0.9729317 0.2204954
vn 0.0350968 0.9723346 0.2309405
vn 0 0.9721277 0.2344524
vn -0.03510931 0.9723348 0.230938
vn -0.06918375 0.9729317 0.2204937
vn -0.1012359 0.9738472 0.2034035
vn -0.1302954 0.9749752 0.1801288
vn -0.1554768 0.9761798 0.1513274
vn -0.1759723 0.9773151 0.1178519
vn -0.1911193 0.9782448 0.0806877
vn -0.2004203 0.9788521 0.04099042
vn -0.2035561 0.9790633 0
vn -0.2004197 0.978852 -0.04099453
vn -0.1911197 0.9782447 -0.08068849
vn -0.1759708 0.9773149 -0.1178548
vn -0.1554769 0.9761798 -0.1513273
vn -0.1302917 0.974975 -0.1801324
vn -0.1012358 0.9738472 -0.2034036
vn -0.06918771 0.9729318 -0.220492
vn -0.03511231 0.9723348 -0.2309374
vn 0 0.9721277 -0.2344524
vn 0.03510905 0.9723348 -0.2309381
vn 0.06918027 0.9729317 -0.2204952
vn 0.1012385 0.9738473 -0.2034018
vn 0.1302985 0.9749755 -0.1801258
vn 0.1554754 0.9761797 -0.1513293
vn 0.1759708 0.9773149 -0.1178548
vn 0.1911198 0.9782447 -0.08068792
vn 0.2004183 0.9788519 -0.04100328
vn 0.2035562 0.9790633 0
vn 0.3059591 0.9520447 0
vn 0.3011631 0.9515801 0.06161344
vn 0.2869658 0.9502485 0.1211538
vn 0.263896 0.9482183 0.1767509
vn 0.2328354 0.945743 0.2266231
vn 0.1948265 0.943133 0.2693377
vn 0.1511569 0.9407017 0.3036972
vn 0.103172 0.9387305 0.3288474
vn 0.05231536 0.9374509 0.3441643
vn 0 0.9370083 0.3493071
vn -0.05231589 0.9374509 0.3441641
vn -0.1031835 0.9387302 0.3288446
vn -0.1511542 0.9407016 0.303699
vn -0.1948253 0.9431317 0.2693432
vn -0.232827 0.9457467 0.2266163
vn -0.2639017 0.9482188 0.17674
vn -0.2869665 0.950248 0.1211568
vn -0.3011661 0.9515803 0.06159378
vn -0.3059591 0.9520447 0
vn -0.3011618 0.9515799 -0.06162136
vn -0.2869658 0.9502485 -0.1211538
vn -0.263901 0.9482188 -0.1767412
vn -0.232831 0.9457439 -0.2266235
vn -0.1948162 0.9431354 -0.2693368
vn -0.1511525 0.9407014 -0.3037
vn -0.103188 0.938731 -0.3288409
vn -0.05231465 0.9374508 -0.3441643
vn 0 0.9370083 -0.3493071
vn 0.05231381 0.9374547 -0.3441541
vn 0.103177 0.9387306 -0.3288454
vn 0.1511552 0.9407016 -0.3036983
vn 0.1948371 0.9431337 -0.2693277
vn 0.2328236 0.9457464 -0.2266209
vn 0.263901 0.9482188 -0.1767412
vn 0.2869665 0.950248 -0.1211568
vn 0.3011652 0.9515802 -0.06159965
vn 0.3059591 0.9520447 0
vn 0.4088061 0.9126212 0
vn 0.4022439 0.9118276 0.08228111
vn 0.382865 0.909552 0.1616461
vn 0.3515033 0.9061034 0.2354189
vn 0.3094905 0.9019244 0.3012439
vn 0.2584304 0.8975391 0.3572634
vn 0.2001164 0.893474 0.4020669
vn 0.1363823 0.8902006 0.4346755
vn 0.06907405 0.8880867 0.4544565
vn 0 0.8873551 0.4610864
vn -0.06907459 0.8880867 0.4544564
vn -0.1363935 0.8902011 0.434671
vn -0.2001122 0.8934754 0.4020658
vn -0.2584304 0.8975391 0.3572634
vn -0.3094937 0.9019247 0.3012398
vn -0.3515075 0.9061038 0.2354111
vn -0.3828642 0.909552 0.1616485
vn -0.4022467 0.911828 0.0822636
vn -0.4088061 0.9126212 0
vn -0.4022429 0.9118275 -0.08228729
vn -0.3828638 0.909552 -0.1616497
vn -0.3515086 0.9061022 -0.2354155
vn -0.3094939 0.9019247 -0.3012395
vn -0.2584225 0.8975386 -0.3572707
vn -0.2001132 0.8934737 -0.4020689
vn -0.1363904 0.8902009 -0.4346723
vn -0.06908178 0.8880869 -0.4544549
vn 0 0.8873551 -0.4610864
vn 0.06907459 0.8880867 -0.4544564
vn 0.1363884 0.8902008 -0.4346731
vn 0.200116 0.8934739 -0.4020672
vn 0.2584368 0.8975396 -0.3572575
vn 0.3094908 0.9019245 -0.3012437
vn 0.351506 0.9061036 -0.2354138
vn 0.3828642 0.909552 -0.1616485
vn 0.4022446 0.9118277 -0.08227705
vn 0.4088061 0.9126213 0
vn 0.5115439 0.8592572 0
vn 0.5030994 0.8580805 0.1029021
vn 0.4781881 0.8547399 0.2018812
vn 0.4380901 0.8497005 0.2934043
vn 0.3847409 0.8436426 0.3744884
vn 0.3204187 0.8373285 0.4429592
vn 0.2474899 0.8315315 0.4972967
vn 0.1683617 0.8268855 0.536577
vn 0.08516914 0.823898 0.560302
vn 0 0.8228547 0.5682518
vn -0.08514954 0.8238762 0.5603369
vn -0.1683675 0.8268675 0.5366027
vn -0.2475215 0.8315153 0.4973084
vn -0.3204187 0.8373285 0.4429592
vn -0.3847455 0.8436362 0.3744983
vn -0.4380901 0.8497005 0.2934043
vn -0.4781495 0.8547574 0.2018984
vn -0.5031019 0.8580808 0.1028867
vn -0.5115439 0.8592572 0
vn -0.5030955 0.8580806 -0.1029212
vn -0.4781823 0.854741 -0.2018899
vn -0.4380817 0.8496995 -0.2934197
vn -0.3847444 0.8436429 -0.374484
vn -0.3204039 0.8373272 -0.4429723
vn -0.2475035 0.8315325 -0.4972883
vn -0.1683596 0.8268853 -0.5365778
vn -0.0851485 0.8238971 -0.5603064
vn 0 0.8228548 -0.5682518
vn 0.08514501 0.823897 -0.5603071
vn 0.1683816 0.8268881 -0.5365664
vn 0.2475093 0.831533 -0.4972849
vn 0.320424 0.8373289 -0.4429544
vn 0.3847471 0.8436363 -0.3744963
vn 0.4380938 0.849701 -0.2933975
vn 0.4781848 0.8547413 -0.2018826
vn 0.5030735 0.8580992 -0.102873
vn 0.5115439 0.8592572 0
vn 0.6129971 0.7900852 0
vn 0.6025053 0.7885388 0.1232633
vn 0.5717171 0.7841313 0.2414074
vn 0.522458 0.777563 0.3499049
vn 0.4574758 0.7697021 0.4452804
vn 0.3798191 0.7615945 0.5250821
vn 0.2925678 0.7542073 0.5878566
vn 0.1985861 0.7483493 0.6328798
vn 0.1003098 0.7446105 0.659919
vn 0 0.7432942 0.6689647
vn -0.1003157 0.7445819 0.6599504
vn -0.19862 0.7483255 0.6328974
vn -0.2925822 0.7542084 0.5878481
vn -0.3798191 0.7615945 0.5250821
vn -0.4574744 0.769702 0.4452821
vn -0.522458 0.777563 0.3499049
vn -0.5716955 0.7841579 0.2413725
vn -0.6025128 0.7885399 0.1232196
vn -0.6129971 0.7900852 0
vn -0.6025028 0.7885378 -0.123282
vn -0.5716867 0.7841567 -0.2413974
vn -0.5224528 0.7775623 -0.349914
vn -0.4574853 0.7697032 -0.4452688
vn -0.3797982 0.7616159 -0.5250662
vn -0.2925903 0.754209 -0.5878433
vn -0.1985789 0.7483516 -0.6328794
vn -0.1003111 0.7446105 -0.6599188
vn 0 0.7432942 -0.6689647
vn 0.1003151 0.7445819 -0.6599504
vn 0.1985755 0.7483488 -0.6328837
vn 0.2925903 0.754209 -0.5878433
vn 0.3798328 0.7615958 -0.5250703
vn 0.4574667 0.769701 -0.4452915
vn 0.5224657 0.7775639 -0.3498914
vn 0.5716831 0.7841588 -0.2413988
vn 0.6024771 0.7885658 -0.1232289
vn 0.6129971 0.7900852 0
vn 0.710983 0.7032092 0
vn 0.6983352 0.7013726 0.1428443
vn 0.6613626 0.6961529 0.2792321
vn 0.6027035 0.6883246 0.40368
vn 0.5259624 0.6791382 0.511991
vn 0.435229 0.6697314 0.6016939
vn 0.3342844 0.6612127 0.6716039
vn 0.226323 0.654555 0.7213429
vn 0.1141487 0.6502836 0.7510668
vn 0 0.6488153 0.7609459
vn -0.1141487 0.6502836 0.7510668
vn -0.2263484 0.6545495 0.7213399
vn -0.3342784 0.6612123 0.6716073
vn -0.43526 0.6697343 0.6016682
vn -0.5259981 0.679116 0.5119838
vn -0.6027132 0.6883259 0.4036636
vn -0.6613626 0.6961529 0.2792321
vn -0.6983427 0.7013736 0.142802
vn -0.710983 0.7032092 0
vn -0.698332 0.7013722 -0.142862
vn -0.6614015 0.6961117 -0.2792426
vn -0.6027117 0.6883258 -0.4036662
vn -0.5259848 0.6791408 -0.5119647
vn -0.4352529 0.6697078 -0.601703
vn -0.3342748 0.661212 -0.6716093
vn -0.2263531 0.6545565 -0.7213321
vn -0.1141714 0.6502858 -0.7510614
vn 0 0.6488153 -0.7609459
vn 0.1141498 0.6502836 -0.7510666
vn 0.2263406 0.6545121 -0.7213763
vn 0.3342808 0.6612124 -0.6716059
vn 0.4352731 0.6697097 -0.6016862
vn 0.5260086 0.6791171 -0.5119715
vn 0.602686 0.6883584 -0.403649
vn 0.6613939 0.6961179 -0.2792453
vn 0.6983352 0.7013726 -0.1428439
vn 0.710983 0.7032092 0
vn 0.8022383 0.5970038 0
vn 0.7874104 0.595016 0.1610615
vn 0.7442437 0.5893757 0.3142252
vn 0.6762099 0.5810759 0.4528699
vn 0.588114 0.571318 0.5724664
vn 0.4850039 0.5614759 0.6704596
vn 0.3713463 0.5526915 0.746079
vn 0.2508584 0.5458421 0.7994538
vn 0.1263236 0.5414571 0.8311839
vn 0 0.5399659 0.841687
vn -0.1263259 0.5414571 0.8311834
vn -0.2508717 0.5457968 0.7994806
vn -0.3713189 0.5526897 0.746094
vn -0.4850039 0.5614759 0.6704596
vn -0.5881314 0.571326 0.5724404
vn -0.6762199 0.5810771 0.4528531
vn -0.744211 0.5894213 0.3142175
vn -0.7874182 0.595017 0.1610193
vn -0.8022383 0.5970038 0
vn -0.7874058 0.5950177 -0.161078
vn -0.7442367 0.5893748 -0.3142436
vn -0.6762082 0.5810757 -0.4528725
vn -0.588122 0.5713188 -0.5724573
vn -0.484983 0.561474 -0.6704763
vn -0.3713365 0.5526909 -0.7460845
vn -0.2508364 0.5458412 -0.7994614
vn -0.1263455 0.5414596 -0.8311788
vn 0 0.5399659 -0.841687
vn 0.1263259 0.5414571 -0.8311834
vn 0.250865 0.5457965 -0.7994829
vn 0.3713365 0.5526909 -0.7460845
vn 0.4850185 0.5614771 -0.6704479
vn 0.5880984 0.5713555 -0.5724449
vn 0.6762082 0.5810757 -0.4528725
vn 0.7442418 0.5893755 -0.3142305
vn 0.787411 0.5950161 -0.1610582
vn 0.8022383 0.5970038 0
vn 0.8821556 0.470958 0
vn 0.8652518 0.4690554 0.1769924
vn 0.8162107 0.4637243 0.3446154
vn 0.7395193 0.4558649 0.4952762
vn 0.6410808 0.4467984 0.6240086
vn 0.5269787 0.4376954 0.7285028
vn 0.4023552 0.4296015 0.8084261
vn 0.2712102 0.4234106 0.8643891
vn 0.1364109 0.4194195 0.8974851
vn 0 0.4180813 0.9084097
vn -0.136412 0.4194195 0.8974848
vn -0.2712454 0.4233675 0.8643991
vn -0.4023489 0.4296012 0.8084294
vn -0.5269787 0.4376954 0.7285028
vn -0.6410886 0.446799 0.6240001
vn -0.73953 0.4558659 0.4952591
vn -0.8161864 0.4637703 0.3446114
vn -0.8652596 0.4690563 0.1769519
vn -0.8821556 0.4709581 0
vn -0.8652549 0.4690557 -0.1769761
vn -0.8162104 0.4637134 -0.3446309
vn -0.7395176 0.4558647 -0.4952788
vn -0.6411052 0.4468005 -0.6239819
vn -0.52696 0.437694 -0.728517
vn -0.4023544 0.4296015 -0.8084266
vn -0.2712369 0.4234116 -0.8643802
vn -0.1364298 0.4194198 -0.897482
vn 0 0.4180813 -0.9084097
vn 0.1364109 0.4194195 -0.8974851
vn 0.2712387 0.4233673 -0.8644014
vn 0.4023607 0.4296019 -0.8084232
vn 0.5269758 0.4376952 -0.728505
vn 0.6410813 0.4467983 -0.6240079
vn 0.7395219 0.4558651 -0.495272
vn 0.8162136 0.4637138 -0.3446229
vn 0.8652528 0.4690555 -0.1769874
vn 0.8821556 0.470958 0
vn 0.9452037 0.3264813 0
vn 0.9265326 0.3249845 0.1895322
vn 0.8725594 0.320798 0.368414
vn 0.7887037 0.3145275 0.5282225
vn 0.6818817 0.3074392 0.6637156
vn 0.5590227 0.3004318 0.7728093
vn 0.4258587 0.2941536 0.8556389
vn 0.2865641 0.2894578 0.9132881
vn 0.1439745 0.2864148 0.9472264
vn 0 0.2853829 0.9584137
vn -0.1439745 0.2864148 0.9472264
vn -0.286589 0.2894585 0.9132801
vn -0.4258523 0.2941534 0.8556422
vn -0.5590321 0.3003807 0.7728225
vn -0.6818777 0.3074918 0.6636955
vn -0.7887148 0.3145282 0.5282053
vn -0.8725548 0.3207977 0.3684249
vn -0.9265411 0.3249852 0.1894892
vn -0.9452037 0.3264813 0
vn -0.9265294 0.3249842 -0.1895483
vn -0.8725683 0.3207987 -0.3683921
vn -0.7887064 0.3145277 -0.5282182
vn -0.6818783 0.3074918 -0.6636948
vn -0.5590035 0.3004308 -0.7728236
vn -0.4258578 0.2941536 -0.8556394
vn -0.2865866 0.2894584 -0.9132808
vn -0.1439912 0.2864151 -0.9472238
vn 0 0.2853829 -0.9584137
vn 0.1439756 0.2864149 -0.9472262
vn 0.2865527 0.2894575 -0.9132918
vn 0.4258642 0.2941539 -0.8556361
vn 0.5590227 0.3004318 -0.7728093
vn 0.6818702 0.3074913 -0.6637033
vn 0.7887064 0.3145277 -0.5282182
vn 0.8725609 0.3207858 -0.368421
vn 0.9265342 0.3249846 -0.1895241
vn 0.9452037 0.3264813 0
vn 0.9859055 0.1673033 0
vn 0.9660395 0.166491 0.1976067
vn 0.9087548 0.1641461 0.3836936
vn 0.8200628 0.1607257 0.5492397
vn 0.7077183 0.1567834 0.6888787
vn 0.5792137 0.1529164 0.8007047
vn 0.4405703 0.1495565 0.8851727
vn 0.296128 0.146958 0.9437753
vn 0.1486701 0.1453253 0.9781502
vn 0 0.1447482 0.9894685
vn -0.1486712 0.1453253 0.97815
vn -0.2961531 0.1469583 0.9437672
vn -0.4405638 0.1495564 0.8851759
vn -0.5792137 0.1529164 0.8007047
vn -0.7077265 0.1567837 0.6888701
vn -0.8200743 0.1607262 0.5492225
vn -0.9087525 0.164146 0.3836991
vn -0.9660481 0.1664913 0.1975646
vn -0.9859055 0.1673033 0
vn -0.9660361 0.1664908 -0.1976231
vn -0.9087514 0.164146 -0.3837018
vn -0.8200703 0.160726 -0.5492284
vn -0.707727 0.1567837 -0.6888696
vn -0.5791942 0.1529159 -0.8007189
vn -0.4405629 0.1495564 -0.8851764
vn -0.2961462 0.1469582 -0.9437695
vn -0.1486882 0.1453254 -0.9781474
vn 0 0.1447482 -0.9894685
vn 0.1486724 0.1453253 -0.9781499
vn 0.2961421 0.1469462 -0.9437726
vn 0.4405693 0.1495565 -0.8851732
vn 0.5792295 0.1529169 -0.8006932
vn 0.7077188 0.1567834 -0.6888781
vn 0.8200791 0.1606603 -0.5492344
vn 0.9087525 0.164146 -0.3836991
vn 0.9660411 0.166491 -0.1975985
vn 0.9859055 0.1673033 0
vn 1 0 0
vn 0.979713 0 0.2004054
vn 0.9212565 0 0.3889558
vn 0.8308665 0 0.5564718
vn 0.7165894 0 0.6974953
vn 0.5860967 0 0.8102411
vn 0.4455794 0 0.8952425
vn 0.2993671 0 0.9541381
vn 0.1502668 0 0.9886454
vn 0 0 1
vn -0.1502681 0 0.9886453
vn -0.2993923 0 0.9541301
vn -0.4455728 0 0.8952457
vn -0.5860967 0 0.8102411
vn -0.7165977 0 0.6974868
vn -0.830878 0 0.5564545
vn -0.9212541 0 0.3889613
vn -0.9797217 0 0.2003632
vn -1 -0 -0
vn -0.97971 -0 -0.2004204
vn -0.921253 -0 -0.388964
vn -0.8308741 -0 -0.5564605
vn -0.7165982 -0 -0.6974862
vn -0.5860772 -0 -0.8102553
vn -0.4455719 -0 -0.8952461
vn -0.2993853 -0 -0.9541323
vn -0.1502838 -0 -0.9886429
vn 0 0 -1
vn 0.1502681 0 -0.9886453
vn 0.2993807 0 -0.9541337
vn 0.4455784 0 -0.8952429
vn 0.5861126 0 -0.8102297
vn 0.71659 0 -0.6974946
vn 0.8308741 0 -0.5564605
vn 0.9212541 0 -0.3889613
vn 0.979715 0 -0.2003957
vn 1 0 0
vn 0.985909 -0.1672825 0
vn 0.9660426 -0.1664703 0.1976089
vn 0.9087556 -0.1641256 0.3837004
vn 0.8200654 -0.1607058 0.5492415
vn 0.7077348 -0.1567644 0.6888661
vn 0.5791997 -0.152897 0.8007187
vn 0.4405715 -0.1495379 0.8851752
vn 0.2961334 -0.1469397 0.9437764
vn 0.1486717 -0.1453072 0.9781526
vn 0 -0.1447301 0.9894711
vn -0.1486728 -0.1453072 0.9781525
vn -0.2961585 -0.1469401 0.9437684
vn -0.440565 -0.1495377 0.8851784
vn -0.5791997 -0.152897 0.8007187
vn -0.707743 -0.1567646 0.6888576
vn -0.8200769 -0.1607062 0.5492243
vn -0.9087533 -0.1641255 0.3837059
vn -0.9660512 -0.1664707 0.1975669
vn -0.985909 -0.1672825 -0
vn -0.9660397 -0.1664702 -0.1976238
vn -0.9087522 -0.1641255 -0.3837086
vn -0.8200729 -0.160706 -0.5492303
vn -0.7077435 -0.1567647 -0.688857
vn -0.5791802 -0.1528964 -0.8007327
vn -0.4405641 -0.1495377 -0.8851789
vn -0.2961515 -0.14694 -0.9437705
vn -0.1486886 -0.1453073 -0.9781501
vn 0 -0.1447301 -0.9894711
vn 0.1486728 -0.1453072 -0.9781525
vn 0.2961475 -0.146928 -0.9437737
vn 0.4405706 -0.1495379 -0.8851756
vn 0.5792154 -0.1528974 -0.8007071
vn 0.7077353 -0.1567644 -0.6888655
vn 0.8200818 -0.1606403 -0.5492362
vn 0.9087533 -0.1641255 -0.3837059
vn 0.9660446 -0.1664704 -0.1975992
vn 0.985909 -0.1672825 0
vn 0.9452301 -0.3264049 0
vn 0.9265582 -0.3249084 0.1895374
vn 0.8725828 -0.3207226 0.3684239
vn 0.7887241 -0.3144532 0.5282362
vn 0.6818986 -0.3073663 0.6637321
vn 0.559036 -0.3003602 0.7728276
vn 0.4258684 -0.2940833 0.8556583
vn 0.2865703 -0.2893884 0.9133082
vn 0.1439776 -0.286346 0.9472468
vn 0 -0.2853142 0.958434
vn -0.1439776 -0.286346 0.9472468
vn -0.2865953 -0.289389 0.9133001
vn -0.425862 -0.294083 0.8556616
vn -0.5590454 -0.3003091 0.7728407
vn -0.6818946 -0.3074189 0.6637118
vn -0.7887353 -0.314454 0.528219
vn -0.8725784 -0.3207223 0.3684349
vn -0.9265668 -0.3249091 0.1894944
vn -0.9452301 -0.3264049 -0
vn -0.926555 -0.3249081 -0.1895536
vn -0.8725919 -0.3207234 -0.368402
vn -0.7887269 -0.3144534 -0.528232
vn -0.6818951 -0.3074189 -0.6637113
vn -0.5590168 -0.3003592 -0.7728419
vn -0.4258675 -0.2940832 -0.8556588
vn -0.2865929 -0.289389 -0.9133009
vn -0.1439943 -0.2863462 -0.9472441
vn 0 -0.2853142 -0.958434
vn 0.1439787 -0.286346 -0.9472467
vn 0.286559 -0.2893881 -0.9133119
vn 0.4258739 -0.2940835 -0.8556555
vn 0.559036 -0.3003602 -0.7728276
vn 0.6818871 -0.3074184 -0.6637197
vn 0.7887269 -0.3144534 -0.528232
vn 0.8725843 -0.3207104 -0.3684309
vn 0.9265598 -0.3249086 -0.1895294
vn 0.9452301 -0.3264049 0
vn 0.8821824 -0.4709079 0
vn 0.8652779 -0.4690053 0.1769977
vn 0.8162348 -0.4636744 0.3446256
vn 0.7395403 -0.4558154 0.4952902
vn 0.6410983 -0.4467494 0.6240256
vn 0.5269925 -0.437647 0.7285218
vn 0.4023654 -0.4295536 0.8084465
vn 0.2712168 -0.423363 0.8644104
vn 0.1364142 -0.4193722 0.8975066
vn 0 -0.4180341 0.9084313
vn -0.1364153 -0.4193721 0.8975064
vn -0.2712521 -0.42332 0.8644204
vn -0.4023591 -0.4295532 0.8084497
vn -0.5269925 -0.437647 0.7285218
vn -0.6411061 -0.44675 0.6240172
vn -0.739551 -0.4558165 0.4952732
vn -0.8162104 -0.4637205 0.3446215
vn -0.8652857 -0.4690062 0.1769572
vn -0.8821824 -0.4709079 -0
vn -0.865281 -0.4690057 -0.1769814
vn -0.8162345 -0.4636636 -0.344641
vn -0.7395386 -0.4558153 -0.4952929
vn -0.6411227 -0.4467515 -0.6239989
vn -0.5269738 -0.4376456 -0.7285361
vn -0.4023646 -0.4295536 -0.808447
vn -0.2712436 -0.423364 -0.8644015
vn -0.1364331 -0.4193725 -0.8975036
vn 0 -0.418034 -0.9084313
vn 0.1364142 -0.4193722 -0.8975066
vn 0.2712453 -0.4233197 -0.8644226
vn 0.4023708 -0.429554 -0.8084437
vn 0.5269896 -0.4376468 -0.7285241
vn 0.6410989 -0.4467494 -0.624025
vn 0.739543 -0.4558157 -0.495286
vn 0.8162376 -0.4636639 -0.344633
vn 0.8652788 -0.4690054 -0.1769928
vn 0.8821824 -0.4709079 0
vn 0.8022391 -0.5970029 0
vn 0.7874091 -0.5950178 0.1610613
vn 0.7442392 -0.5893857 0.3142172
vn 0.6762288 -0.581044 0.4528825
vn 0.5881232 -0.5713268 0.5724481
vn 0.4849862 -0.5614821 0.6704672
vn 0.371322 -0.5527003 0.7460847
vn 0.2508428 -0.5457969 0.7994895
vn 0.1263246 -0.5414588 0.8311825
vn 0 -0.5399649 0.8416876
vn -0.1263257 -0.5414588 0.8311823
vn -0.2508654 -0.5458063 0.799476
vn -0.3713283 -0.5526578 0.746113
vn -0.4849862 -0.5614821 0.6704672
vn -0.5881307 -0.5713276 0.5724397
vn -0.676239 -0.5810452 0.4528658
vn -0.7442518 -0.5893784 0.3142012
vn -0.7874169 -0.5950188 0.161019
vn -0.8022391 -0.5970028 -0
vn -0.787406 -0.5950174 -0.1610781
vn -0.7442378 -0.5893765 -0.3142379
vn -0.6762272 -0.5810438 -0.4528852
vn -0.5881182 -0.5713263 -0.5724537
vn -0.48498 -0.5614815 -0.6704722
vn -0.3713334 -0.5527012 -0.7460784
vn -0.2508494 -0.5457972 -0.7994873
vn -0.1263456 -0.5414593 -0.831179
vn 0 -0.5399649 -0.8416876
vn 0.1263259 -0.5414567 -0.8311837
vn 0.2508675 -0.5458064 -0.7994753
vn 0.3713334 -0.5527012 -0.7460784
vn 0.4850155 -0.5614846 -0.6704438
vn 0.5881106 -0.5713584 -0.5724295
vn 0.6762021 -0.581086 -0.4528684
vn 0.7442371 -0.5893856 -0.3142225
vn 0.7874097 -0.5950179 -0.1610579
vn 0.8022391 -0.5970028 0
vn 0.7109855 -0.7032066 0
vn 0.6983361 -0.7013715 0.1428445
vn 0.6613596 -0.6961563 0.2792308
vn 0.6026953 -0.6883352 0.4036745
vn 0.5259656 -0.6791334 0.5119942
vn 0.4352472 -0.6696972 0.601719
vn 0.3342802 -0.6612234 0.6715954
vn 0.2263238 -0.6545519 0.7213455
vn 0.1141486 -0.6502842 0.7510664
vn 0 -0.6488126 0.7609482
vn -0.1141488 -0.6502824 0.7510677
vn -0.2263457 -0.6545597 0.7213315
vn -0.3342742 -0.661223 0.6715988
vn -0.4352627 -0.6697295 0.6016718
vn -0.5260045 -0.6791064 0.5119901
vn -0.6027049 -0.6883364 0.403658
vn -0.6613596 -0.6961563 0.2792308
vn -0.6983437 -0.7013726 0.1428022
vn -0.7109855 -0.7032066 -0
vn -0.698333 -0.7013711 -0.1428622
vn -0.6613927 -0.6961216 -0.2792389
vn -0.6027033 -0.6883362 -0.4036606
vn -0.5260073 -0.6791067 -0.5119866
vn -0.435245 -0.6697227 -0.601692
vn -0.3342705 -0.6612227 -0.6716008
vn -0.2263538 -0.6545534 -0.7213346
vn -0.1141718 -0.6502831 -0.7510638
vn 0 -0.6488127 -0.7609482
vn 0.1141497 -0.6502842 -0.7510661
vn 0.2263379 -0.6545224 -0.721368
vn 0.3342765 -0.6612232 -0.6715974
vn 0.4352651 -0.6697247 -0.6016752
vn 0.5260149 -0.6791075 -0.5119776
vn 0.6027033 -0.6883362 -0.4036606
vn 0.6613965 -0.6961149 -0.2792464
vn 0.6983346 -0.7013732 -0.1428438
vn 0.7109855 -0.7032066 0
vn 0.6129971 -0.7900852 0
vn 0.6025047 -0.7885394 0.1232632
vn 0.5717121 -0.7841358 0.2414053
vn 0.5224726 -0.7775487 0.3499147
vn 0.4574616 -0.7697185 0.4452666
vn 0.3798139 -0.761602 0.5250749
vn 0.2925626 -0.7542174 0.5878462
vn 0.1985837 -0.7483565 0.632872
vn 0.1003095 -0.7446124 0.6599171
vn 0 -0.7432942 0.6689647
vn -0.1003155 -0.7445832 0.6599491
vn -0.1986184 -0.7483302 0.6328923
vn -0.2925899 -0.7541932 0.5878636
vn -0.3798076 -0.7616113 0.5250661
vn -0.4574788 -0.7696968 0.4452864
vn -0.5224726 -0.7775487 0.3499147
vn -0.5716905 -0.7841622 0.2413704
vn -0.6025115 -0.788541 0.1232193
vn -0.6129971 -0.7900852 -0
vn -0.6025008 -0.7885395 -0.1232816
vn -0.571679 -0.7841633 -0.2413941
vn -0.5224675 -0.7775481 -0.3499238
vn -0.4574789 -0.7697105 -0.4452626
vn -0.3798169 -0.7615888 -0.525092
vn -0.2925851 -0.7542191 -0.5878329
vn -0.1985781 -0.7483537 -0.6328771
vn -0.1003108 -0.7446124 -0.6599168
vn 0 -0.7432942 -0.6689647
vn 0.100315 -0.7445825 -0.6599498
vn 0.1985731 -0.748356 -0.6328759
vn 0.2925851 -0.7542191 -0.5878329
vn 0.3798213 -0.7616126 -0.5250544
vn 0.4574711 -0.7696959 -0.4452958
vn 0.5224803 -0.7775497 -0.3499011
vn 0.5716807 -0.7841609 -0.2413978
vn 0.6024757 -0.7885669 -0.1232286
vn 0.6129971 -0.7900852 0
vn 0.5115439 -0.8592572 0
vn 0.5030987 -0.8580809 0.1029019
vn 0.4781857 -0.8547415 0.2018802
vn 0.4380779 -0.849699 0.2934267
vn 0.3847409 -0.8436426 0.3744884
vn 0.3204187 -0.8373285 0.4429592
vn 0.2475096 -0.831533 0.4972846
vn 0.1683381 -0.8268862 0.5365833
vn 0.08516924 -0.8238976 0.5603026
vn 0 -0.8228547 0.5682518
vn -0.08515009 -0.8238761 0.5603369
vn -0.1683675 -0.8268675 0.5366027
vn -0.2475215 -0.8315153 0.4973084
vn -0.3204187 -0.8373285 0.4429592
vn -0.3847523 -0.8436369 0.3744898
vn -0.4380901 -0.8497005 0.2934043
vn -0.4781587 -0.8547585 0.2018716
vn -0.5031019 -0.8580808 0.1028867
vn -0.5115439 -0.8592572 -0
vn -0.5030962 -0.8580801 -0.1029213
vn -0.4781585 -0.8547567 -0.2018799
vn -0.4380938 -0.849701 -0.2933975
vn -0.3847501 -0.8436436 -0.3744769
vn -0.3204176 -0.8373215 -0.4429733
vn -0.2475232 -0.8315338 -0.4972762
vn -0.1683816 -0.8268881 -0.5365664
vn -0.0851737 -0.8238981 -0.5603011
vn 0 -0.8228547 -0.5682518
vn 0.08514491 -0.8238975 -0.5603064
vn 0.1683588 -0.8268871 -0.5365753
vn 0.2475289 -0.8315342 -0.4972727
vn 0.3204377 -0.8373233 -0.4429554
vn 0.3847401 -0.8436425 -0.3744895
vn 0.4380938 -0.849701 -0.2933975
vn 0.4781611 -0.854757 -0.2018726
vn 0.5030693 -0.8580982 -0.1029023
vn 0.5115439 -0.8592572 0
vn 0.4088053 -0.9126216 0
vn 0.4022412 -0.9118289 0.08228054
vn 0.3828591 -0.9095549 0.1616436
vn 0.3515031 -0.9061035 0.2354188
vn 0.3094895 -0.9019252 0.3012429
vn 0.2584295 -0.8975399 0.3572622
vn 0.2001163 -0.8934741 0.4020667
vn 0.1363803 -0.890204 0.4346692
vn 0.06907359 -0.8880883 0.4544534
vn 0 -0.8873557 0.4610855
vn -0.06907412 -0.8880883 0.4544534
vn -0.1363915 -0.8902044 0.4346647
vn -0.2001121 -0.8934755 0.4020655
vn -0.2584295 -0.8975399 0.3572622
vn -0.3094926 -0.9019255 0.3012388
vn -0.3515072 -0.906104 0.2354109
vn -0.3828583 -0.9095548 0.1616461
vn -0.402244 -0.9118292 0.08226304
vn -0.4088053 -0.9126216 -0
vn -0.4022402 -0.9118288 -0.08228673
vn -0.3828579 -0.9095548 -0.1616472
vn -0.3515085 -0.9061023 -0.2354154
vn -0.3094928 -0.9019255 -0.3012384
vn -0.2584216 -0.8975393 -0.3572694
vn -0.2001131 -0.8934738 -0.4020688
vn -0.1363884 -0.8902043 -0.4346659
vn -0.06908133 -0.8880885 -0.454452
vn 0 -0.8873557 -0.4610855
vn 0.06907412 -0.8880883 -0.4544534
vn 0.1363864 -0.8902042 -0.4346667
vn 0.2001159 -0.893474 -0.402067
vn 0.2584359 -0.8975404 -0.3572563
vn 0.3094897 -0.9019252 -0.3012426
vn 0.3515058 -0.9061038 -0.2354136
vn 0.3828583 -0.9095548 -0.1616461
vn 0.4022418 -0.9118289 -0.0822765
vn 0.4088053 -0.9126216 0
vn 0.3059591 -0.9520447 0
vn 0.3011631 -0.9515801 0.06161344
vn 0.2869616 -0.9502482 0.1211667
vn 0.263896 -0.9482183 0.1767509
vn 0.2328186 -0.9457461 0.2266275
vn 0.1948188 -0.9431356 0.2693343
vn 0.1511569 -0.9407017 0.3036972
vn 0.103183 -0.9387308 0.3288429
vn 0.05231542 -0.9374508 0.3441647
vn 0 -0.9370083 0.3493071
vn -0.05231536 -0.9374509 0.3441643
vn -0.1031941 -0.9387312 0.3288384
vn -0.1511542 -0.9407016 0.303699
vn -0.1948294 -0.9431363 0.2693244
vn -0.2328324 -0.945744 0.2266216
vn -0.2639017 -0.9482188 0.17674
vn -0.286965 -0.9502485 0.1211561
vn -0.3011661 -0.9515803 0.06159378
vn -0.3059591 -0.9520447 -0
vn -0.3011618 -0.9515799 -0.06162136
vn -0.2869616 -0.9502482 -0.1211666
vn -0.263901 -0.9482188 -0.1767412
vn -0.2328319 -0.945747 -0.2266098
vn -0.1948251 -0.9431329 -0.269339
vn -0.1511525 -0.9407014 -0.3037
vn -0.1031775 -0.9387299 -0.3288471
vn -0.05231465 -0.9374508 -0.3441643
vn 0 -0.9370083 -0.3493071
vn 0.05231381 -0.9374547 -0.3441541
vn 0.103188 -0.938731 -0.3288409
vn 0.1511552 -0.9407016 -0.3036983
vn 0.1948251 -0.943136 -0.2693284
vn 0.232834 -0.9457429 -0.2266249
vn 0.2639081 -0.9482159 -0.1767459
vn 0.2869608 -0.9502482 -0.121169
vn 0.3011653 -0.9515802 -0.06159903
vn 0.3059591 -0.9520447 0
vn 0.2035655 -0.9790612 0
vn 0.2004338 -0.9788489 0.04100156
vn 0.1911275 -0.9782424 0.08069835
vn 0.1759761 -0.9773131 0.1178617
vn 0.155482 -0.9761776 0.151336
vn 0.1303011 -0.974973 0.1801365
vn 0.1012424 -0.9738453 0.2034093
vn 0.06918821 -0.9729291 0.2205043
vn 0.03509856 -0.9723322 0.2309503
vn 0 -0.9721251 0.234463
vn -0.03511161 -0.9723307 0.2309549
vn -0.06919367 -0.9729292 0.220502
vn -0.1012397 -0.9738452 0.2034111
vn -0.1303011 -0.974973 0.1801365
vn -0.1554835 -0.9761777 0.151334
vn -0.1759789 -0.9773133 0.1178563
vn -0.1911271 -0.9782423 0.0806995
vn -0.2004352 -0.9788489 0.04099346
vn -0.2035655 -0.9790612 -0
vn -0.2004346 -0.9788489 -0.04099758
vn -0.1911273 -0.9782423 -0.08069891
vn -0.1759774 -0.9773132 -0.1178592
vn -0.1554836 -0.9761777 -0.1513338
vn -0.1302973 -0.974973 -0.1801402
vn -0.1012395 -0.9738452 -0.2034112
vn -0.06919118 -0.9729291 -0.2205031
vn -0.03511379 -0.9723325 -0.2309471
vn 0 -0.9721251 -0.234463
vn 0.03511079 -0.9723324 -0.2309477
vn 0.06919018 -0.9729291 -0.2205035
vn 0.1012422 -0.9738453 -0.2034094
vn 0.1303041 -0.9749731 -0.1801336
vn 0.1554821 -0.9761776 -0.1513358
vn 0.1759774 -0.9773132 -0.1178592
vn 0.1911271 -0.9782423 -0.0806995
vn 0.200427 -0.9788501 -0.04100505
vn 0.2035655 -0.9790612 0
vn 0.1016211 -0.9948232 0
vn 0.1000711 -0.9947698 0.02046713
vn 0.09547282 -0.9946156 0.04030786
vn 0.08796586 -0.9943795 0.0589179
vn 0.07778822 -0.9940906 0.07571664
vn 0.06525279 -0.9937832 0.09020643
vn 0.0507428 -0.9934944 0.1019518
vn 0.03470004 -0.9932594 0.1105978
vn 0.01761523 -0.9931058 0.11589
vn 0 -0.9930527 0.1176707
vn -0.01760914 -0.9931059 0.1158894
vn -0.03470275 -0.9932594 0.1105966
vn -0.05074511 -0.9934944 0.1019502
vn -0.06525279 -0.9937832 0.09020643
vn -0.07778767 -0.9940905 0.07571739
vn -0.08796643 -0.9943795 0.05891677
vn -0.09547264 -0.9946156 0.04030843
vn -0.1000717 -0.9947698 0.02046311
vn -0.1016211 -0.9948232 -0
vn -0.1000703 -0.9947698 -0.02047207
vn -0.09547261 -0.9946156 -0.04030809
vn -0.08796648 -0.9943795 -0.05891666
vn -0.07778901 -0.9940906 -0.07571557
vn -0.06524941 -0.9937831 -0.09020971
vn -0.05074502 -0.9934944 -0.1019503
vn -0.034702 -0.9932594 -0.1105969
vn -0.01761686 -0.9931059 -0.1158897
vn 0 -0.9930527 -0.1176707
vn 0.01760941 -0.9931058 -0.1158912
vn 0.0347015 -0.9932594 -0.1105971
vn 0.05074502 -0.9934944 -0.1019503
vn 0.06525431 -0.9937832 -0.09020495
vn 0.07778955 -0.9940906 -0.07571483
vn 0.08796722 -0.9943796 -0.05891358
vn 0.09547252 -0.9946156 -0.04030838
vn 0.1000723 -0.9947696 -0.0204698
vn 0.1016211 -0.9948232 0
vn 0 1 0
vn 0 1 0
vn 0 1 0
vn 0 1 0
vn 0 1 0
vn 0 1 0
vn 0 1 0
vn 0 1 0
vn 0 1 0
vn 0 1 0
vn 0 1 0
vn 0 1 0
vn 0 1 0
vn 0 1 0
vn 0 1 0
vn 0 1 0
vn 0 1 0
vn 0 1 0
vn 0 1 0
vn 0 1 0
vn 0 1 0
vn 0 1 0
vn 0 1 0
vn 0 1 0
vn 0 1 0
vn 0 1 0
vn 0 1 0
vn 0 1 0
vn 0 1 0
vn 0 1 0
vn 0 1 0
vn 0 1 0
vn 0 1 0
vn 0 1 0
vn 0 1 0
vn 0 1 0
vn 0 1 0
f 1/1/1 2/2/2 38/38/38
f 2/2/2 39/39/39 38/38/38
f 2/2/2 3/3/3 39/39/39
f 3/3/3 40/40/40 39/39/39
f 3/3/3 4/4/4 40/40/40
f 4/4/4 41/41/41 40/40/40
f 4/4/4 5/5/5 41/41/41
f 5/5/5 42/42/42 41/41/41
f 5/5/5 6/6/6 42/42/42
f 6/6/6 43/43/43 42/42/42
f 6/6/6 7/7/7 43/43/43
f 7/7/7 44/44/44 43/43/43
f 7/7/7 8/8/8 44/44/44
f 8/8/8 45/45/45 44/44/44
f 8/8/8 9/9/9 45/45/45
f 9/9/9 46/46/46 45/45/45
f 9/9/9 10/10/10 46/46/46
f 10/10/10 47/47/47 46/46/46
f 10/10/10 11/11/11 47/47/47
f 11/11/11 48/48/48 47/47/47
f 11/11/11 12/12/12 48/48/48
f 12/12/12 49/49/49 48/48/48
f 12/12/12 13/13/13 49/49/49
f 13/13/13 50/50/50 49/49/49
f 13/13/13 14/14/14 50/50/50
f 14/14/14 51/51/51 50/50/50
f 14/14/14 15/15/15 51/51/51
f 15/15/15 52/52/52 51/51/51
f 15/15/15 16/16/16 52/52/52
f 16/16/16 53/53/53 52/52/52
f 16/16/16 17/17/17 53/53/53
f 17/17/17 54/54/54 53/53/53
f 17/17/17 18/18/18 54/54/54
f 18/18/18 55/55/55 54/54/54
f 18/18/18 19/19/19 55/55/55
f 19/19/19 56/56/56 55/55/55
f 19/19/19 20/20/20 56/56/56
f 20/20/20 57/57/57 56/56/56
f 20/20/20 21/21/21 57/57/57
f 21/21/21 58/58/58 57/57/57
f 21/21/21 22/22/22 58/58/58
f 22/22/22 59/59/59 58/58/58
f 22/22/22 23/23/23 59/59/59
f 23/23/23 60/60/60 59/59/59
f 23/23/23 24/24/24 60/60/60
f 24/24/24 61/61/61 60/60/60
f 24/24/24 25/25/25 61/61/61
f 25/25/25 62/62/62 61/61/61
f 25/25/25 26/26/26 62/62/62
f 26/26/26 63/63/63 62/62/62
f 26/26/26 27/27/27 63/63/63
f 27/27/27 64/64/64 63/63/63
f 27/27/27 28/28/28 64/64/64
f 28/28/28 65/65/65 64/64/64
f 28/28/28 29/29/29 65/65/65
f 29/29/29 66/66/66 65/65/65
f 29/29/29 30/30/30 66/66/66
f 30/30/30 67/67/67 66/66/66
f 30/30/30 31/31/31 67/67/67
f 31/31/31 68/68/68 67/67/67
f 31/31/31 32/32/32 68/68/68
f 32/32/32 69/69/69 68/68/68
f 32/32/32 33/33/33 69/69/69
f 33/33/33 70/70/70 69/69/69
f 33/33/33 34/34/34 70/70/70
f 34/34/34 71/71/71 70/70/70
f 34/34/34 35/35/35 71/71/71
f 35/35/35 72/72/72 71/71/71
f 35/35/35 36/36/36 72/72/72
f 36/36/36 73/73/73 72/72/72
f 36/36/36 37/37/37 73/73/73
f 37/37/37 74/74/74 73/73/73
f 38/38/38 39/39/39 75/75/75
f 39/39/39 76/76/76 75/75/75
f 39/39/39 40/40/40 76/76/76
f 40/40/40 77/77/77 76/76/76
f 40/40/40 41/41/41 77/77/77
f 41/41/41 78/78/78 77/77/77
f 41/41/41 42/42/42 78/78/78
f 42/42/42 79/79/79 78/78/78
f 42/42/42 43/43/43 79/79/79
f 43/43/43 80/80/80 79/79/79
f 43/43/43 44/44/44 80/80/80
f 44/44/44 81/81/81 80/80/80
f 44/44/44 45/45/45 81/81/81
f 45/45/45 82/82/82 81/81/81
f 45/45/45 46/46/46 82/82/82
f 46/46/46 83/83/83 82/82/82
f 46/46/46 47/47/47 83/83/83
f 47/47/47 84/84/84 83/83/83
f 47/47/47 48/48/48 84/84/84
f 48/48/48 85/85/85 84/84/84
f 48/48/48 49/49/49 85/85/85
f 49/49/49 86/86/86 85/85/85
f 49/49/49 50/50/50 86/86/86
f 50/50/50 87/87/87 86/86/86
f 50/50/50 51/51/51 87/87/87
f 51/51/51 88/88/88 87/87/87
f 51/51/51 52/52/52 88/88/88
f 52/52/52 89/89/89 88/88/88
f 52/52/52 53/53/53 89/89/89
f 53/53/53 90/90/90 89/89/89
f 53/53/53 54/54/54 90/90/90
f 54/54/54 91/91/91 90/90/90
f 54/54/54 55/55/55 91/91/91
f 55/55/55 92/92/92 91/91/91
f 55/55/55 56/56/56 92/92/92
f 56/56/56 93/93/93 92/92/92
f 56/56/56 57/57/57 93/93/93
f 57/57/57 94/94/94 93/93/93
f 57/57/57 58/58/58 94/94/94
f 58/58/58 95/95/95 94/94/94
f 58/58/58 59/59/59 95/95/95
f 59/59/59 96/96/96 95/95/95
f 59/59/59 60/60/60 96/96/96
f 60/60/60 97/97/97 96/96/96
f 60/60/60 61/61/61 97/97/97
f 61/61/61 98/98/98 97/97/97
f 61/61/61 62/62/62 98/98/98
f 62/62/62 99/99/99 98/98/98
f 62/62/62 63/63/63 99/99/99
f 63/63/63 100/100/100 99/99/99
f 63/63/63 64/64/64 100/100/100
f 64/64/64 101/101/101 100/100/100
f 64/64/64 65/65/65 101/101/101
f 65/65/65 102/102/102 101/101/101
f 65/65/65 66/66/66 102/102/102
f 66/66/66 103/103/103 102/102/102
f 66/66/66 67/67/67 103/103/103
f 67/67/67 104/104/104 103/103/103
f 67/67/67 68/68/68 104/104/104
f 68/68/68 105/105/105 104/104/104
f 68/68/68 69/69/69 105/105/105
f 69/69/69 106/106/106 105/105/105
f 69/69/69 70/70/70 106/106/106
f 70/70/70 107/107/107 106/106/106
f 70/70/70 71/71/71 107/107/107
f 71/71/71 108/108/108 107/107/107
f 71/71/71 72/72/72 108/108/108
f 72/72/72 109/109/109 108/108/108
f 72/72/72 73/73/73 109/109/109
f 73/73/73 110/110/110 109/109/109
f 73/73/73 74/74/74 110/110/110
f 74/74/74 111/111/111 110/110/110
f 75/75/75 76/76/76 112/112/112
f 76/76/76 113/113/113 112/112/112
f 76/76/76 77/77/77 113/113/113
f 77/77/77 114/114/114 113/113/113
f 77/77/77 78/78/78 114/114/114
f 78/78/78 115/115/115 114/114/114
f 78/78/78 79/79/79 115/115/115
f 79/79/79 116/116/116 115/115/115
f 79/79/79 80/80/80 116/116/116
f 80/80/80 117/117/117 116/116/116
f 80/80/80 81/81/81 117/117/117
f 81/81/81 118/118/118 117/117/117
f 81/81/81 82/82/82 118/118/118
f 82/82/82 119/119/119 118/118/118
f 82/82/82 83/83/83 119/119/119
f 83/83/83 120/120/120 119/119/119
f 83/83/83 84/84/84 120/120/120
f 84/84/84 121/121/121 120/120/120
f 84/84/84 85/85/85 121/121/121
f 85/85/85 122/122/122 121/121/121
f 85/85/85 86/86/86 122/122/122
f 86/86/86 123/123/123 122/122/122
f 86/86/86 87/87/87 123/123/123
f 87/87/87 124/124/124 123/123/123
f 87/87/87 88/88/88 124/124/124
f 88/88/88 125/125/125 124/124/124
f 88/88/88 89/89/89 125/125/125
f 89/89/89 126/126/126 125/125/125
f 89/89/89 90/90/90 126/126/126
f 90/90/90 127/127/127 126/126/126
f 90/90/90 91/91/91 127/127/127
f 91/91/91 128/128/128 127/127/127
f 91/91/91 92/92/92 128/128/128
f 92/92/92 129/129/129 128/128/128
f 92/92/92 93/93/93 129/129/129
f 93/93/93 130/130/130 129/129/129
f 93/93/93 94/94/94 130/130/130
f 94/94/94 131/131/131 130/130/130
f 94/94/94 95/95/95 131/131/131
f 95/95/95 132/132/132 131/131/131
f 95/95/95 96/96/96 132/132/132
f 96/96/96 133/133/133 132/132/132
f 96/96/96 97/97/97 133/133/133
f 97/97/97 134/134/134 133/133/133
f 97/97/97 98/98/98 134/134/134
f 98/98/98 135/135/135 134/134/134
f 98/98/98 99/99/99 135/135/135
f 99/99/99 136/136/136 135/135/135
f 99/99/99 100/100/100 136/136/136
f 100/100/100 137/137/137 136/136/136
f 100/100/100 101/101/101 137/137/137
f 101/101/101 138/138/138 137/137/137
f 101/101/101 102/102/102 138/138/138
f 102/102/102 139/139/139 138/138/138
f 102/102/102 103/103/103 139/139/139
f 103/103/103 140/140/140 139/139/139
f 103/103/103 104/104/104 140/140/140
f 104/104/104 141/141/141 140/140/140
f 104/104/104 105/105/105 141/141/141
f 105/105/105 142/142/142 141/141/141
f 105/105/105 106/106/106 142/142/142
f 106/106/106 143/143/143 142/142/142
f 106/106/106 107/107/107 143/143/143
f 107/107/107 144/144/144 143/143/143
f 107/107/107 108/108/108 144/144/144
f 108/108/108 145/145/145 144/144/144
f 108/108/108 109/109/109 145/145/145
f 109/109/109 146/146/146 145/145/145
f 109/109/109 110/110/110 146/146/146
f 110/110/110 147/147/147 146/146/146
f 110/110/110 111/111/111 147/147/147
f 111/111/111 148/148/148 147/147/147
f 112/112/112 113/113/113 149/149/149
f 113/113/113 150/150/150 149/149/149
f 113/113/113 114/114/114 150/150/150
f 114/114/114 151/151/151 150/150/150
f 114/114/114 115/115/115 151/151/151
f 115/115/115 152/152/152 151/151/151
f 115/115/115 116/116/116 152/152/152
f 116/116/116 153/153/153 152/152/152
f 116/116/116 117/117/117 153/153/153
f 117/117/117 154/154/154 153/153/153
f 117/117/117 118/118/118 154/154/154
f 118/118/118 155/155/155 154/154/154
f 118/118/118 119/119/119 155/155/155
f 119/119/119 156/156/156 155/155/155
f 119/119/119 120/120/120 156/156/156
f 120/120/120 157/157/157 156/156/156
f 120/120/120 121/121/121 157/157/157
f 121/121/121 158/158/158 157/157/157
f 121/121/121 122/122/122 158/158/158
f 122/122/122 159/159/159 158/158/158
f 122/122/122 123/123/123 159/159/159
f 123/123/123 160/160/160 159/159/159
f 123/123/123 124/124/124 160/160/160
f 124/124/124 161/161/161 160/160/160
f 124/124/124 125/125/125 161/161/161
f 125/125/125 162/162/162 161/161/161
f 125/125/125 126/126/126 162/162/162
f 126/126/126 163/163/163 162/162/162
f 126/126/126 127/127/127 163/163/163
f 127/127/127 164/164/164 163/163/163
f 127/127/127 128/128/128 164/164/164
f 128/128/128 165/165/165 164/164/164
f 128/128/128 129/129/129 165/165/165
f 129/129/129 166/166/166 165/165/165
f 129/129/129 130/130/130 166/166/166
f 130/130/130 167/167/167 166/166/166
f 130/130/130 131/131/131 167/167/167
f 131/131/131 168/168/168 167/167/167
f 131/131/131 132/132/132 168/168/168
f 132/132/132 169/169/169 168/168/168
f 132/132/132 133/133/133 169/169/169
f 133/133/133 170/170/170 169/169/169
f 133/133/133 134/134/134 170/170/170
f 134/134/134 171/171/171 170/170/170
f 134/134/134 135/135/135 171/171/171
f 135/135/135 172/172/172 171/171/171
f 135/135/135 136/136/136 172/172/172
f 136/136/136 173/173/173 172/172/172
f 136/136/136 137/137/137 173/173/173
f 137/137/137 174/174/174 173/173/173
f 137/137/137 138/138/138 174/174/174
f 138/138/138 175/175/175 174/174/174
f 138/138/138 139/139/139 175/175/175
f 139/139/139 176/176/176 175/175/175
f 139/139/139 140/140/140 176/176/176
f 140/140/140 177/177/177 176/176/176
f 140/140/140 141/141/141 177/177/177
f 141/141/141 178/178/178 177/177/177
f 141/141/141 142/142/142 178/178/178
f 142/142/142 179/179/179 178/178/178
f 142/142/142 143/143/143 179/179/179
f 143/143/143 180/180/180 179/179/179
f 143/143/143 144/144/144 180/180/180
f 144/144/144 181/181/181 180/180/180
f 144/144/144 145/145/145 181/181/181
f 145/145/145 182/182/182 181/181/181
f 145/145/145 146/146/146 182/182/182
f 146/146/146 183/183/183 182/182/182
f 146/146/146 147/147/147 183/183/183
f 147/147/147 184/184/184 183/183/183
f 147/147/147 148/148/148 184/184/184
f 148/148/148 185/185/185 184/184/184
f 149/149/149 150/150/150 186/186/186
f 150/150/150 187/187/187 186/186/186
f 150/150/150 151/151/151 187/187/187
f 151/151/151 188/188/188 187/187/187
f 151/151/151 152/152/152 188/188/188
f 152/152/152 189/189/189 188/188/188
f 152/152/152 153/153/153 189/189/189
f 153/153/153 190/190/190 189/189/189
f 153/153/153 154/154/154 190/190/190
f 154/154/154 191/191/191 190/190/190
f 154/154/154 155/155/155 191/191/191
f 155/155/155 192/192/192 191/191/191
f 155/155/155 156/156/156 192/192/192
f 156/156/156 193/193/193 192/192/192
f 156/156/156 157/157/157 193/193/193
f 157/157/157 194/194/194 193/193/193
f 157/157/157 158/158/158 194/194/194
f 158/158/158 195/195/195 194/194/194
f 158/158/158 159/159/159 195/195/195
f 159/159/159 196/196/196 195/195/195
f 159/159/159 160/160/160 196/196/196
f 160/160/160 197/197/197 196/196/196
f 160/160/160 161/161/161 197/197/197
f 161/161/161 198/198/198 197/197/197
f 161/161/161 162/162/162 198/198/198
f 162/162/162 199/199/199 198/198/198
f 162/162/162 163/163/163 199/199/199
f 163/163/163 200/200/200 199/199/199
f 163/163/163 164/164/164 200/200/200
f 164/164/164 201/201/201 200/200/200
f 164/164/164 165/165/165 201/201/201
f 165/165/165 202/202/202 201/201/201
f 165/165/165 166/166/166 202/202/202
f 166/166/166 203/203/203 202/202/202
f 166/166/166 167/167/167 203/203/203
f 167/167/167 204/204/204 203/203/203
f 167/167/167 168/168/168 204/204/204
f 168/168/168 205/205/205 204/204/204
f 168/168/168 169/169/169 205/205/205
f 169/169/169 206/206/206 205/205/205
f 169/169/169 170/170/170 206/206/206
f 170/170/170 207/207/207 206/206/206
f 170/170/170 171/171/171 207/207/207
f 171/171/171 208/208/208 207/207/207
f 171/171/171 172/172/172 208/208/208
f 172/172/172 209/209/209 208/208/208
f 172/172/172 173/173/173 209/209/209
f 173/173/173 210/210/210 209/209/209
f 173/173/173 174/174/174 210/210/210
f 174/174/174 211/211/211 210/210/210
f 174/174/174 175/175/175 211/211/211
f 175/175/175 212/212/212 211/211/211
f 175/175/175 176/176/176 212/212/212
f 176/176/176 213/213/213 212/212/212
f 176/176/176 177/177/177 213/213/213
f 177/177/177 214/214/214 213/213/213
f 177/177/177 178/178/178 214/214/214
f 178/178/178 215/215/215 214/214/214
f 178/178/178 179/179/179 215/215/215
f 179/179/179 216/216/216 215/215/215
f 179/179/179 180/180/180 216/216/216
f 180/180/180 217/217/217 216/216/216
f 180/180/180 181/181/181 217/217/217
f 181/181/181 218/218/218 217/217/217
f 181/181/181 182/182/182 218/218/218
f 182/182/182 219/219/219 218/218/218
f 182/182/182 183/183/183 219/219/219
f 183/183/183 220/220/220 219/219/219
f 183/183/183 184/184/184 220/220/220
f 184/184/184 221/221/221 220/220/220
f 184/184/184 185/185/185 221/221/221
f 185/185/185 222/222/222 221/221/221
f 186/186/186 187/187/187 223/223/223
f 187/187/187 224/224/224 223/223/223
f 187/187/187 188/188/188 224/224/224
f 188/188/188 225/225/225 224/224/224
f 188/188/188 189/189/189 225/225/225
f 189/189/189 226/226/226 225/225/225
f 189/189/189 190/190/190 226/226/226
f 190/190/190 227/227/227 226/226/226
f 190/190/190 191/191/191 227/227/227
f 191/191/191 228/228/228 227/227/227
f 191/191/191 192/192/192 228/228/228
f 192/192/192 229/229/229 228/228/228
f 192/192/192 193/193/193 229/229/229
f 193/193/193 230/230/230 229/229/229
f 193/193/193 194/194/194 230/230/230
f 194/194/194 231/231/231 230/230/230
f 194/194/194 195/195/195 231/231/231
f 195/195/195 232/232/232 231/231/231
f 195/195/195 196/196/196 232/232/232
f 196/196/196 233/233/233 232/232/232
f 196/196/196 197/197/197 233/233/233
f 197/197/197 234/234/234 233/233/233
f 197/197/197 198/198/198 234/234/234
f 198/198/198 235/235/235 234/234/234
f 198/198/198 199/199/199 235/235/235
f 199/199/199 236/236/236 235/235/235
f 199/199/199 200/200/200 236/236/236
f 200/200/200 237/237/237 236/236/236
f 200/200/200 201/201/201 237/237/237
f 201/201/201 238/238/238 237/237/237
f 201/201/201 202/202/202 238/238/238
f 202/202/202 239/239/239 238/238/238
f 202/202/202 203/203/203 239/239/239
f 203/203/203 240/240/240 239/239/239
f 203/203/203 204/204/204 240/240/240
f 204/204/204 241/241/241 240/240/240
f 204/204/204 205/205/205 241/241/241
f 205/205/205 242/242/242 241/241/241
f 205/205/205 206/206/206 242/242/242
f 206/206/206 243/243/243 242/242/242
f 206/206/206 207/207/207 243/243/243
f 207/207/207 244/244/244 243/243/243
f 207/207/207 208/208/208 244/244/244
f 208/208/208 245/245/245 244/244/244
f 208/208/208 209/209/209 245/245/245
f 209/209/209 246/246/246 245/245/245
f 209/209/209 210/210/210 246/246/246
f 210/210/210 247/247/247 246/246/246
f 210/210/210 211/211/211 247/247/247
f 211/211/211 248/248/248 247/247/247
f 211/211/211 212/212/212 248/248/248
f 212/212/212 249/249/249 248/248/248
f 212/212/212 213/213/213 249/249/249
f 213/213/213 250/250/250 249/249/249
f 213/213/213 214/214/214 250/250/250
f 214/214/214 251/251/251 250/250/250
f 214/214/214 215/215/215 251/251/251
f 215/215/215 252/252/252 251/251/251
f 215/215/215 216/216/216 252/252/252
f 216/216/216 253/253/253 252/252/252
f 216/216/216 217/217/217 253/253/253
f 217/217/217 254/254/254 253/253/253
f 217/217/217 218/218/218 254/254/254
f 218/218/218 255/255/255 254/254/254
f 218/218/218 219/219/219 255/255/255
f 219/219/219 256/256/256 255/255/255
f 219/219/219 220/220/220 256/256/256
f 220/220/220 257/257/257 256/256/256
f 220/220/220 221/221/221 257/257/257
f 221/221/221 258/258/258 257/257/257
f 221/221/221 222/222/222 258/258/258
f 222/222/222 259/259/259 258/258/258
f 223/223/223 224/224/224 260/260/260
f 224/224/224 261/261/261 260/260/260
f 224/224/224 225/225/225 261/261/261
f 225/225/225 262/262/262 261/261/261
f 225/225/225 226/226/226 262/262/262
f 226/226/226 263/263/263 262/262/262
f 226/226/226 227/227/227 263/263/263
f 227/227/227 264/264/264 263/263/263
f 227/227/227 228/228/228 264/264/264
f 228/228/228 265/265/265 264/264/264
f 228/228/228 229/229/229 265/265/265
f 229/229/229 266/266/266 265/265/265
f 229/229/229 230/230/230 266/266/266
f 230/230/230 267/267/267 266/266/266
f 230/230/230 231/231/231 267/267/267
f 231/231/231 268/268/268 267/267/267
f 231/231/231 232/232/232 268/268/268
f 232/232/232 269/269/269 268/268/268
f 232/232/232 233/233/233 269/269/269
f 233/233/233 270/270/270 269/269/269
f 233/233/233 234/234/234 270/270/270
f 234/234/234 271/271/271 270/270/270
f 234/234/234 235/235/235 271/271/271
f 235/235/235 272/272/272 271/271/271
f 235/235/235 236/236/236 272/272/272
f 236/236/236 273/273/273 272/272/272
f 236/236/236 237/237/237 273/273/273
f 237/237/237 274/274/274 273/273/273
f 237/237/237 238/238/238 274/274/274
f 238/238/238 275/275/275 274/274/274
f 238/238/238 239/239/239 275/275/275
f 239/239/239 276/276/276 275/275/275
f 239/239/239 240/240/240 276/276/276
f 240/240/240 277/277/277 276/276/276
f 240/240/240 241/241/241 277/277/277
f 241/241/241 278/278/278 277/277/277
f 241/241/241 242/242/242 278/278/278
f 242/242/242 279/279/279 278/278/278
f 242/242/242 243/243/243 279/279/279
f 243/243/243 280/280/280 279/279/279
f 243/243/243 244/244/244 280/280/280
f 244/244/244 281/281/281 280/280/280
f 244/244/244 245/245/245 281/281/281
f 245/245/245 282/282/282 281/281/281
f 245/245/245 246/246/246 282/282/282
f 246/246/246 283/283/283 282/282/282
f 246/246/246 247/247/247 283/283/283
f 247/247/247 284/284/284 283/283/283
f 247/247/247 248/248/248 284/284/284
f 248/248/248 285/285/285 284/284/284
f 248/248/248 249/249/249 285/285/285
f 249/249/249 286/286/286 285/285/285
f 249/249/249 250/250/250 286/286/286
f 250/250/250 287/287/287 286/286/286
f 250/250/250 251/251/251 287/287/287
f 251/251/251 288/288/288 287/287/287
f 251/251/251 252/252/252 288/288/288
f 252/252/252 289/289/289 288/288/288
f 252/252/252 253/253/253 289/289/289
f 253/253/253 290/290/290 289/289/289
f 253/253/253 254/254/254 290/290/290
f 254/254/254 291/291/291 290/290/290
f 254/254/254 255/255/255 291/291/291
f 255/255/255 292/292/292 291/291/291
f 255/255/255 256/256/256 292/292/292
f 256/256/256 293/293/293 292/292/292
f 256/256/256 257/257/257 293/293/293
f 257/257/257 294/294/294 293/293/293
f 257/257/257 258/258/258 294/294/294
f 258/258/258 295/295/295 294/294/294
f 258/258/258 259/259/259 295/295/295
f 259/259/259 296/296/296 295/295/295
f 260/260/260 261/261/261 297/297/297
f 261/261/261 298/298/298 297/297/297
f 261/261/261 262/262/262 298/298/298
f 262/262/262 299/299/299 298/298/298
f 262/262/262 263/263/263 299/299/299
f 263/263/263 300/300/300 299/299/299
f 263/263/263 264/264/264 300/300/300
f 264/264/264 301/301/301 300/300/300
f 264/264/264 265/265/265 301/301/301
f 265/265/265 302/302/302 301/301/301
f 265/265/265 266/266/266 302/302/302
f 266/266/266 303/303/303 302/302/302
f 266/266/266 267/267/267 303/303/303
f 267/267/267 304/304/304 303/303/303
f 267/267/267 268/268/268 304/304/304
f 268/268/268 305/305/305 304/304/304
f 268/268/268 269/269/269 305/305/305
f 269/269/269 306/306/306 305/305/305
f 269/269/269 270/270/270 306/306/306
f 270/270/270 307/307/307 306/306/306
f 270/270/270 271/271/271 307/307/307
f 271/271/271 308/308/308 307/307/307
f 271/271/271 272/272/272 308/308/308
f 272/272/272 309/309/309 308/308/308
f 272/272/272 273/273/273 309/309/309
f 273/273/273 310/310/310 309/309/309
f 273/273/273 274/274/274 310/310/310
f 274/274/274 311/311/311 310/310/310
f 274/274/274 275/275/275 311/311/311
f 275/275/275 312/312/312 311/311/311
f 275/275/275 276/276/276 312/312/312
f 276/276/276 313/313/313 312/312/312
f 276/276/276 277/277/277 313/313/313
f 277/277/277 314/314/314 313/313/313
f 277/277/277 278/278/278 314/314/314
f 278/278/278 315/315/315 314/314/314
f 278/278/278 279/279/279 315/315/315
f 279/279/279 316/316/316 315/315/315
f 279/279/279 280/280/280 316/316/316
f 280/280/280 317/317/317 316/316/316
f 280/280/280 281/281/281 317/317/317
f 281/281/281 318/318/318 317/317/317
f 281/281/281 282/282/282 318/318/318
f 282/282/282 319/319/319 318/318/318
f 282/282/282 283/283/283 319/319/319
f 283/283/283 320/320/320 319/319/319
f 283/283/283 284/284/284 320/320/320
f 284/284/284 321/321/321 320/320/320
f 284/284/284 285/285/285 321/321/321
f 285/285/285 322/322/322 321/321/321
f 285/285/285 286/286/286 322/322/322
f 286/286/286 323/323/323 322/322/322
f 286/286/286 287/287/287 323/323/323
f 287/287/287 324/324/324 323/323/323
f 287/287/287 288/288/288 324/324/324
f 288/288/288 325/325/325 324/324/324
f 288/288/288 289/289/289 325/325/325
f 289/289/289 326/326/326 325/325/325
f 289/289/289 290/290/290 326/326/326
f 290/290/290 327/327/327 326/326/326
f 290/290/290 291/291/291 327/327/327
f 291/291/291 328/328/328 327/327/327
f 291/291/291 292/292/292 328/328/328
f 292/292/292 329/329/329 328/328/328
f 292/292/292 293/293/293 329/329/329
f 293/293/293 330/330/330 329/329/329
f 293/293/293 294/294/294 330/330/330
f 294/294/294 331/331/331 330/330/330
f 294/294/294 295/295/295 331/331/331
f 295/295/295 332/332/332 331/331/331
f 295/295/295 296/296/296 332/332/332
f 296/296/296 333/333/333 332/332/332
f 297/297/297 298/298/298 334/334/334
f 298/298/298 335/335/335 334/334/334
f 298/298/298 299/299/299 335/335/335
f 299/299/299 336/336/336 335/335/335
f 299/299/299 300/300/300 336/336/336
f 300/300/300 337/337/337 336/336/336
f 300/300/300 301/301/301 337/337/337
f 301/301/301 338/338/338 337/337/337
f 301/301/301 302/302/302 338/338/338
f 302/302/302 339/339/339 338/338/338
f 302/302/302 303/303/303 339/339/339
f 303/303/303 340/340/340 339/339/339
f 303/303/303 304/304/304 340/340/340
f 304/304/304 341/341/341 340/340/340
f 304/304/304 305/305/305 341/341/341
f 305/305/305 342/342/342 341/341/341
f 305/305/305 306/306/306 342/342/342
f 306/306/306 343/343/343 342/342/342
f 306/306/306 307/307/307 343/343/343
f 307/307/307 344/344/344 343/343/343
f 307/307/307 308/308/308 344/344/344
f 308/308/308 345/345/345 344/344/344
f 308/308/308 309/309/309 345/345/345
f 309/309/309 346/346/346 345/345/345
f 309/309/309 310/310/310 346/346/346
f 310/310/310 347/347/347 346/346/346
f 310/310/310 311/311/311 347/347/347
f 311/311/311 348/348/348 347/347/347
f 311/311/311 312/312/312 348/348/348
f 312/312/312 349/349/349 348/348/348
f 312/312/312 313/313/313 349/349/349
f 313/313/313 350/350/350 349/349/349
f 313/313/313 314/314/314 350/350/350
f 314/314/314 351/351/351 350/350/350
f 314/314/314 315/315/315 351/351/351
f 315/315/315 352/352/352 351/351/351
f 315/315/315 316/316/316 352/352/352
f 316/316/316 353/353/353 352/352/352
f 316/316/316 317/317/317 353/353/353
f 317/317/317 354/354/354 353/353/353
f 317/317/317 318/318/318 354/354/354
f 318/318/318 355/355/355 354/354/354
f 318/318/318 319/319/319 355/355/355
f 319/319/319 356/356/356 355/355/355
f 319/319/319 320/320/320 356/356/356
f 320/320/320 357/357/357 356/356/356
f 320/320/320 321/321/321 357/357/357
f 321/321/321 358/358/358 357/357/357
f 321/321/321 322/322/322 358/358/358
f 322/322/322 359/359/359 358/358/358
f 322/322/322 323/323/323 359/359/359
f 323/323/323 360/360/360 359/359/359
f 323/323/323 324/324/324 360/360/360
f 324/324/324 361/361/361 360/360/360
f 324/324/324 325/325/325 361/361/361
f 325/325/325 362/362/362 361/361/361
f 325/325/325 326/326/326 362/362/362
f 326/326/326 363/363/363 362/362/362
f 326/326/326 327/327/327 363/363/363
f 327/327/327 364/364/364 363/363/363
f 327/327/327 328/328/328 364/364/364
f 328/328/328 365/365/365 364/364/364
f 328/328/328 329/329/329 365/365/365
f 329/329/329 366/366/366 365/365/365
f 329/329/329 330/330/330 366/366/366
f 330/330/330 367/367/367 366/366/366
f 330/330/330 331/331/331 367/367/367
f 331/331/331 368/368/368 367/367/367
f 331/331/331 332/332/332 368/368/368
f 332/332/332 369/369/369 368/368/368
f 332/332/332 333/333/333 369/369/369
f 333/333/333 370/370/370 369/369/369
f 334/334/334 335/335/335 371/371/371
f 335/335/335 372/372/372 371/371/371
f 335/335/335 336/336/336 372/372/372
f 336/336/336 373/373/373 372/372/372
f 336/336/336 337/337/337 373/373/373
f 337/337/337 374/374/374 373/373/373
f 337/337/337 338/338/338 374/374/374
f 338/338/338 375/375/375 374/374/374
f 338/338/338 339/339/339 375/375/375
f 339/339/339 376/376/376 375/375/375
f 339/339/339 340/340/340 376/376/376
f 340/340/340 377/377/377 376/376/376
f 340/340/340 341/341/341 377/377/377
f 341/341/341 378/378/378 377/377/377
f 341/341/341 342/342/342 378/378/378
f 342/342/342 379/379/379 378/378/378
f 342/342/342 343/343/343 379/379/379
f 343/343/343 380/380/380 379/379/379
f 343/343/343 344/344/344 380/380/380
f 344/344/344 381/381/381 380/380/380
f 344/344/344 345/345/345 381/381/381
f 345/345/345 382/382/382 381/381/381
f 345/345/345 346/346/346 382/382/382
f 346/346/346 383/383/383 382/382/382
f 346/346/346 347/347/347 383/383/383
f 347/347/347 384/384/384 383/383/383
f 347/347/347 348/348/348 384/384/384
f 348/348/348 385/385/385 384/384/384
f 348/348/348 349/349/349 385/385/385
f 349/349/349 386/386/386 385/385/385
f 349/349/349 350/350/350 386/386/386
f 350/350/350 387/387/387 386/386/386
f 350/350/350 351/351/351 387/387/387
f 351/351/351 388/388/388 387/387/387
f 351/351/351 352/352/352 388/388/388
f 352/352/352 389/389/389 388/388/388
f 352/352/352 353/353/353 389/389/389
f 353/353/353 390/390/390 389/389/389
f 353/353/353 354/354/354 390/390/390
f 354/354/354 391/391/391 390/390/390
f 354/354/354 355/355/355 391/391/391
f 355/355/355 392/392/392 391/391/391
f 355/355/355 356/356/356 392/392/392
f 356/356/356 393/393/393 392/392/392
f 356/356/356 357/357/357 393/393/393
f 357/357/357 394/394/394 393/393/393
f 357/357/357 358/358/358 394/394/394
f 358/358/358 395/395/395 394/394/394
f 358/358/358 359/359/359 395/395/395
f 359/359/359 396/396/396 395/395/395
f 359/359/359 360/360/360 396/396/396
f 360/360/360 397/397/397 396/396/396
f 360/360/360 361/361/361 397/397/397
f 361/361/361 398/398/398 397/397/397
f 361/361/361 362/362/362 398/398/398
f 362/362/362 399/399/399 398/398/398
f 362/362/362 363/363/363 399/399/399
f 363/363/363 400/400/400 399/399/399
f 363/363/363 364/364/364 400/400/400
f 364/364/364 401/401/401 400/400/400
f 364/364/364 365/365/365 401/401/401
f 365/365/365 402/402/402 401/401/401
f 365/365/365 366/366/366 402/402/402
f 366/366/366 403/403/403 402/402/402
f 366/366/366 367/367/367 403/403/403
f 367/367/367 404/404/404 403/403/403
f 367/367/367 368/368/368 404/404/404
f 368/368/368 405/405/405 404/404/404
f 368/368/368 369/369/369 405/405/405
f 369/369/369 406/406/406 405/405/405
f 369/369/369 370/370/370 406/406/406
f 370/370/370 407/407/407 406/406/406
f 371/371/371 372/372/372 408/408/408
f 372/372/372 409/409/409 408/408/408
f 372/372/372 373/373/373 409/409/409
f 373/373/373 410/410/410 409/409/409
f 373/373/373 374/374/374 410/410/410
f 374/374/374 411/411/411 410/410/410
f 374/374/374 375/375/375 411/411/411
f 375/375/375 412/412/412 411/411/411
f 375/375/375 376/376/376 412/412/412
f 376/376/376 413/413/413 412/412/412
f 376/376/376 377/377/377 413/413/413
f 377/377/377 414/414/414 413/413/413
f 377/377/377 378/378/378 414/414/414
f 378/378/378 415/415/415 414/414/414
f 378/378/378 379/379/379 415/415/415
f 379/379/379 416/416/416 415/415/415
f 379/379/379 380/380/380 416/416/416
f 380/380/380 417/417/417 416/416/416
f 380/380/380 381/381/381 417/417/417
f 381/381/381 418/418/418 417/417/417
f 381/381/381 382/382/382 418/418/418
f 382/382/382 419/419/419 418/418/418
f 382/382/382 383/383/383 419/419/419
f 383/383/383 420/420/420 419/419/419
f 383/383/383 384/384/384 420/420/420
f 384/384/384 421/421/421 420/420/420
f 384/384/384 385/385/385 421/421/421
f 385/385/385 422/422/422 421/421/421
f 385/385/385 386/386/386 422/422/422
f 386/386/386 423/423/423 422/422/422
f 386/386/386 387/387/387 423/423/423
f 387/387/387 424/424/424 423/423/423
f 387/387/387 388/388/388 424/424/424
f 388/388/388 425/425/425 424/424/424
f 388/388/388 389/389/389 425/425/425
f 389/389/389 426/426/426 425/425/425
f 389/389/389 390/390/390 426/426/426
f 390/390/390 427/427/427 426/426/426
f 390/390/390 391/391/391 427/427/427
f 391/391/391 428/428/428 427/427/427
f 391/391/391 392/392/392 428/428/428
f 392/392/392 429/429/429 428/428/428
f 392/392/392 393/393/393 429/429/429
f 393/393/393 430/430/430 429/429/429
f 393/393/393 394/394/394 430/430/430
f 394/394/394 431/431/431 430/430/430
f 394/394/394 395/395/395 431/431/431
f 395/395/395 432/432/432 431/431/431
f 395/395/395 396/396/396 432/432/432
f 396/396/396 433/433/433 432/432/432
f 396/396/396 397/397/397 433/433/433
f 397/397/397 434/434/434 433/433/433
f 397/397/397 398/398/398 434/434/434
f 398/398/398 435/435/435 434/434/434
f 398/398/398 399/399/399 435/435/435
f 399/399/399 436/436/436 435/435/435
f 399/399/399 400/400/400 436/436/436
f 400/400/400 437/437/437 436/436/436
f 400/400/400 401/401/401 437/437/437
f 401/401/401 438/438/438 437/437/437
f 401/401/401 402/402/402 438/438/438
f 402/402/402 439/439/439 438/438/438
f 402/402/402 403/403/403 439/439/439
f 403/403/403 440/440/440 439/439/439
f 403/403/403 404/404/404 440/440/440
f 404/404/404 441/441/441 440/440/440
f 404/404/404 405/405/405 441/441/441
f 405/405/405 442/442/442 441/441/441
f 405/405/405 406/406/406 442/442/442
f 406/406/406 443/443/443 442/442/442
f 406/406/406 407/407/407 443/443/443
f 407/407/407 444/444/444 443/443/443
f 408/408/408 409/409/409 445/445/445
f 409/409/409 446/446/446 445/445/445
f 409/409/409 410/410/410 446/446/446
f 410/410/410 447/447/447 446/446/446
f 410/410/410 411/411/411 447/447/447
f 411/411/411 448/448/448 447/447/447
f 411/411/411 412/412/412 448/448/448
f 412/412/412 449/449/449 448/448/448
f 412/412/412 413/413/413 449/449/449
f 413/413/413 450/450/450 449/449/449
f 413/413/413 414/414/414 450/450/450
f 414/414/414 451/451/451 450/450/450
f 414/414/414 415/415/415 451/451/451
f 415/415/415 452/452/452 451/451/451
f 415/415/415 416/416/416 452/452/452
f 416/416/416 453/453/453 452/452/452
f 416/416/416 417/417/417 453/453/453
f 417/417/417 454/454/454 453/453/453
f 417/417/417 418/418/418 454/454/454
f 418/418/418 455/455/455 454/454/454
f 418/418/418 419/419/419 455/455/455
f 419/419/419 456/456/456 455/455/455
f 419/419/419 420/420/420 456/456/456
f 420/420/420 457/457/457 456/456/456
f 420/420/420 421/421/421 457/457/457
f 421/421/421 458/458/458 457/457/457
f 421/421/421 422/422/422 458/458/458
f 422/422/422 459/459/459 458/458/458
f 422/422/422 423/423/423 459/459/459
f 423/423/423 460/460/460 459/459/459
f 423/423/423 424/424/424 460/460/460
f 424/424/424 461/461/461 460/460/460
f 424/424/424 425/425/425 461/461/461
f 425/425/425 462/462/462 461/461/461
f 425/425/425 426/426/426 462/462/462
f 426/426/426 463/463/463 462/462/462
f 426/426/426 427/427/427 463/463/463
f 427/427/427 464/464/464 463/463/463
f 427/427/427 428/428/428 464/464/464
f 428/428/428 465/465/465 464/464/464
f 428/428/428 429/429/429 465/465/465
f 429/429/429 466/466/466 465/465/465
f 429/429/429 430/430/430 466/466/466
f 430/430/430 467/467/467 466/466/466
f 430/430/430 431/431/431 467/467/467
f 431/431/431 468/468/468 467/467/467
f 431/431/431 432/432/432 468/468/468
f 432/432/432 469/469/469 468/468/468
f 432/432/432 433/433/433 469/469/469
f 433/433/433 470/470/470 469/469/469
f 433/433/433 434/434/434 470/470/470
f 434/434/434 471/471/471 470/470/470
f 434/434/434 435/435/435 471/471/471
f 435/435/435 472/472/472 471/471/471
f 435/435/435 436/436/436 472/472/472
f 436/436/436 473/473/473 472/472/472
f 436/436/436 437/437/437 473/473/473
f 437/437/437 474/474/474 473/473/473
f 437/437/437 438/438/438 474/474/474
f 438/438/438 475/475/475 474/474/474
f 438/438/438 439/439/439 475/475/475
f 439/439/439 476/476/476 475/475/475
f 439/439/439 440/440/440 476/476/476
f 440/440/440 477/477/477 476/476/476
f 440/440/440 441/441/441 477/477/477
f 441/441/441 478/478/478 477/477/477
f 441/441/441 442/442/442 478/478/478
f 442/442/442 479/479/479 478/478/478
f 442/442/442 443/443/443 479/479/479
f 443/443/443 480/480/480 479/479/479
f 443/443/443 444/444/444 480/480/480
f 444/444/444 481/481/481 480/480/480
f 445/445/445 446/446/446 482/482/482
f 446/446/446 483/483/483 482/482/482
f 446/446/446 447/447/447 483/483/483
f 447/447/447 484/484/484 483/483/483
f 447/447/447 448/448/448 484/484/484
f 448/448/448 485/485/485 484/484/484
f 448/448/448 449/449/449 485/485/485
f 449/449/449 486/486/486 485/485/485
f 449/449/449 450/450/450 486/486/486
f 450/450/450 487/487/487 486/486/486
f 450/450/450 451/451/451 487/487/487
f 451/451/451 488/488/488 487/487/487
f 451/451/451 452/452/452 488/488/488
f 452/452/452 489/489/489 488/488/488
f 452/452/452 453/453/453 489/489/489
f 453/453/453 490/490/490 489/489/489
f 453/453/453 454/454/454 490/490/490
f 454/454/454 491/491/491 490/490/490
f 454/454/454 455/455/455 491/491/491
f 455/455/455 492/492/492 491/491/491
f 455/455/455 456/456/456 492/492/492
f 456/456/456 493/493/493 492/492/492
f 456/456/456 457/457/457 493/493/493
f 457/457/457 494/494/494 493/493/493
f 457/457/457 458/458/458 494/494/494
f 458/458/458 495/495/495 494/494/494
f 458/458/458 459/459/459 495/495/495
f 459/459/459 496/496/496 495/495/495
f 459/459/459 460/460/460 496/496/496
f 460/460/460 497/497/497 496/496/496
f 460/460/460 461/461/461 497/497/497
f 461/461/461 498/498/498 497/497/497
f 461/461/461 462/462/462 498/498/498
f 462/462/462 499/499/499 498/498/498
f 462/462/462 463/463/463 499/499/499
f 463/463/463 500/500/500 499/499/499
f 463/463/463 464/464/464 500/500/500
f 464/464/464 501/501/501 500/500/500
f 464/464/464 465/465/465 501/501/501
f 465/465/465 502/502/502 501/501/501
f 465/465/465 466/466/466 502/502/502
f 466/466/466 503/503/503 502/502/502
f 466/466/466 467/467/467 503/503/503
f 467/467/467 504/504/504 503/503/503
f 467/467/467 468/468/468 504/504/504
f 468/468/468 505/505/505 504/504/504
f 468/468/468 469/469/469 505/505/505
f 469/469/469 506/506/506 505/505/505
f 469/469/469 470/470/470 506/506/506
f 470/470/470 507/507/507 506/506/506
f 470/470/470 471/471/471 507/507/507
f 471/471/471 508/508/508 507/507/507
f 471/471/471 472/472/472 508/508/508
f 472/472/472 509/509/509 508/508/508
f 472/472/472 473/473/473 509/509/509
f 473/473/473 510/510/510 509/509/509
f 473/473/473 474/474/474 510/510/510
f 474/474/474 511/511/511 510/510/510
f 474/474/474 475/475/475 511/511/511
f 475/475/475 512/512/512 511/511/511
f 475/475/475 476/476/476 512/512/512
f 476/476/476 513/513/513 512/512/512
f 476/476/476 477/477/477 513/513/513
f 477/477/477 514/514/514 513/513/513
f 477/477/477 478/478/478 514/514/514
f 478/478/478 515/515/515 514/514/514
f 478/478/478 479/479/479 515/515/515
f 479/479/479 516/516/516 515/515/515
f 479/479/479 480/480/480 516/516/516
f 480/480/480 517/517/517 516/516/516
f 480/480/480 481/481/481 517/517/517
f 481/481/481 518/518/518 517/517/517
f 482/482/482 483/483/483 519/519/519
f 483/483/483 520/520/520 519/519/519
f 483/483/483 484/484/484 520/520/520
f 484/484/484 521/521/521 520/520/520
f 484/484/484 485/485/485 521/521/521
f 485/485/485 522/522/522 521/521/521
f 485/485/485 486/486/486 522/522/522
f 486/486/486 523/523/523 522/522/522
f 486/486/486 487/487/487 523/523/523
f 487/487/487 524/524/524 523/523/523
f 487/487/487 488/488/488 524/524/524
f 488/488/488 525/525/525 524/524/524
f 488/488/488 489/489/489 525/525/525
f 489/489/489 526/526/526 525/525/525
f 489/489/489 490/490/490 526/526/526
f 490/490/490 527/527/527 526/526/526
f 490/490/490 491/491/491 527/527/527
f 491/491/491 528/528/528 527/527/527
f 491/491/491 492/492/492 528/528/528
f 492/492/492 529/529/529 528/528/528
f 492/492/492 493/493/493 529/529/529
f 493/493/493 530/530/530 529/529/529
f 493/493/493 494/494/494 530/530/530
f 494/494/494 531/531/531 530/530/530
f 494/494/494 495/495/495 531/531/531
f 495/495/495 532/532/532 531/531/531
f 495/495/495 496/496/496 532/532/532
f 496/496/496 533/533/533 532/532/532
f 496/496/496 497/497/497 533/533/533
f 497/497/497 534/534/534 533/533/533
f 497/497/497 498/498/498 534/534/534
f 498/498/498 535/535/535 534/534/534
f 498/498/498 499/499/499 535/535/535
f 499/499/499 536/536/536 535/535/535
f 499/499/499 500/500/500 536/536/536
f 500/500/500 537/537/537 536/536/536
f 500/500/500 501/501/501 537/537/537
f 501/501/501 538/538/538 537/537/537
f 501/501/501 502/502/502 538/538/538
f 502/502/502 539/539/539 538/538/538
f 502/502/502 503/503/503 539/539/539
f 503/503/503 540/540/540 539/539/539
f 503/503/503 504/504/504 540/540/540
f 504/504/504 541/541/541 540/540/540
f 504/504/504 505/505/505 541/541/541
f 505/505/505 542/542/542 541/541/541
f 505/505/505 506/506/506 542/542/542
f 506/506/506 543/543/543 542/542/542
f 506/506/506 507/507/507 543/543/543
f 507/507/507 544/544/544 543/543/543
f 507/507/507 508/508/508 544/544/544
f 508/508/508 545/545/545 544/544/544
f 508/508/508 509/509/509 545/545/545
f 509/509/509 546/546/546 545/545/545
f 509/509/509 510/510/510 546/546/546
f 510/510/510 547/547/547 546/546/546
f 510/510/510 511/511/511 547/547/547
f 511/511/511 548/548/548 547/547/547
f 511/511/511 512/512/512 548/548/548
f 512/512/512 549/549/549 548/548/548
f 512/512/512 513/513/513 549/549/549
f 513/513/513 550/550/550 549/549/549
f 513/513/513 514/514/514 550/550/550
f 514/514/514 551/551/551 550/550/550
f 514/514/514 515/515/515 551/551/551
f 515/515/515 552/552/552 551/551/551
f 515/515/515 516/516/516 552/552/552
f 516/516/516 553/553/553 552/552/552
f 516/516/516 517/517/517 553/553/553
f 517/517/517 554/554/554 553/553/553
f 517/517/517 518/518/518 554/554/554
f 518/518/518 555/555/555 554/554/554
f 519/519/519 520/520/520 556/556/556
f 520/520/520 557/557/557 556/556/556
f 520/520/520 521/521/521 557/557/557
f 521/521/521 558/558/558 557/557/557
f 521/521/521 522/522/522 558/558/558
f 522/522/522 559/559/559 558/558/558
f 522/522/522 523/523/523 559/559/559
f 523/523/523 560/560/560 559/559/559
f 523/523/523 524/524/524 560/560/560
f 524/524/524 561/561/561 560/560/560
f 524/524/524 525/525/525 561/561/561
f 525/525/525 562/562/562 561/561/561
f 525/525/525 526/526/526 562/562/562
f 526/526/526 563/563/563 562/562/562
f 526/526/526 527/527/527 563/563/563
f 527/527/527 564/564/564 563/563/563
f 527/527/527 528/528/528 564/564/564
f 528/528/528 565/565/565 564/564/564
f 528/528/528 529/529/529 565/565/565
f 529/529/529 566/566/566 565/565/565
f 529/529/529 530/530/530 566/566/566
f 530/530/530 567/567/567 566/566/566
f 530/530/530 531/531/531 567/567/567
f 531/531/531 568/568/568 567/567/567
f 531/531/531 532/532/532 568/568/568
f 532/532/532 569/569/569 568/568/568
f 532/532/532 533/533/533 569/569/569
f 533/533/533 570/570/570 569/569/569
f 533/533/533 534/534/534 570/570/570
f 534/534/534 571/571/571 570/570/570
f 534/534/534 535/535/535 571/571/571
f 535/535/535 572/572/572 571/571/571
f 535/535/535 536/536/536 572/572/572
f 536/536/536 573/573/573 572/572/572
f 536/536/536 537/537/537 573/573/573
f 537/537/537 574/574/574 573/573/573
f 537/537/537 538/538/538 574/574/574
f 538/538/538 575/575/575 574/574/574
f 538/538/538 539/539/539 575/575/575
f 539/539/539 576/576/576 575/575/575
f 539/539/539 540/540/540 576/576/576
f 540/540/540 577/577/577 576/576/576
f 540/540/540 541/541/541 577/577/577
f 541/541/541 578/578/578 577/577/577
f 541/541/541 542/542/542 578/578/578
f 542/542/542 579/579/579 578/578/578
f 542/542/542 543/543/543 579/579/579
f 543/543/543 580/580/580 579/579/579
f 543/543/543 544/544/544 580/580/580
f 544/544/544 581/581/581 580/580/580
f 544/544/544 545/545/545 581/581/581
f 545/545/545 582/582/582 581/581/581
f 545/545/545 546/546/546 582/582/582
f 546/546/546 583/583/583 582/582/582
f 546/546/546 547/547/547 583/583/583
f 547/547/547 584/584/584 583/583/583
f 547/547/547 548/548/548 584/584/584
f 548/548/548 585/585/585 584/584/584
f 548/548/548 549/549/549 585/585/585
f 549/549/549 586/586/586 585/585/585
f 549/549/549 550/550/550 586/586/586
f 550/550/550 587/587/587 586/586/586
f 550/550/550 551/551/551 587/587/587
f 551/551/551 588/588/588 587/587/587
f 551/551/551 552/552/552 588/588/588
f 552/552/552 589/589/589 588/588/588
f 552/552/552 553/553/553 589/589/589
f 553/553/553 590/590/590 589/589/589
f 553/553/553 554/554/554 590/590/590
f 554/554/554 591/591/591 590/590/590
f 554/554/554 555/555/555 591/591/591
f 555/555/555 592/592/592 591/591/591
f 556/556/556 557/557/557 593/593/593
f 557/557/557 594/594/594 593/593/593
f 557/557/557 558/558/558 594/594/594
f 558/558/558 595/595/595 594/594/594
f 558/558/558 559/559/559 595/595/595
f 559/559/559 596/596/596 595/595/595
f 559/559/559 560/560/560 596/596/596
f 560/560/560 597/597/597 596/596/596
f 560/560/560 561/561/561 597/597/597
f 561/561/561 598/598/598 597/597/597
f 561/561/561 562/562/562 598/598/598
f 562/562/562 599/599/599 598/598/598
f 562/562/562 563/563/563 599/599/599
f 563/563/563 600/600/600 599/599/599
f 563/563/563 564/564/564 600/600/600
f 564/564/564 601/601/601 600/600/600
f 564/564/564 565/565/565 601/601/601
f 565/565/565 602/602/602 601/601/601
f 565/565/565 566/566/566 602/602/602
f 566/566/566 603/603/603 602/602/602
f 566/566/566 567/567/567 603/603/603
f 567/567/567 604/604/604 603/603/603
f 567/567/567 568/568/568 604/604/604
f 568/568/568 605/605/605 604/604/604
f 568/568/568 569/569/569 605/605/605
f 569/569/569 606/606/606 605/605/605
f 569/569/569 570/570/570 606/606/606
f 570/570/570 607/607/607 606/606/606
f 570/570/570 571/571/571 607/607/607
f 571/571/571 608/608/608 607/607/607
f 571/571/571 572/572/572 608/608/608
f 572/572/572 609/609/609 608/608/608
f 572/572/572 573/573/573 609/609/609
f 573/573/573 610/610/610 609/609/609
f 573/573/573 574/574/574 610/610/610
f 574/574/574 611/611/611 610/610/610
f 574/574/574 575/575/575 611/611/611
f 575/575/575 612/612/612 611/611/611
f 575/575/575 576/576/576 612/612/612
f 576/576/576 613/613/613 612/612/612
f 576/576/576 577/577/577 613/613/613
f 577/577/577 614/614/614 613/613/613
f 577/577/577 578/578/578 614/614/614
f 578/578/578 615/615/615 614/614/614
f 578/578/578 579/579/579 615/615/615
f 579/579/579 616/616/616 615/615/615
f 579/579/579 580/580/580 616/616/616
f 580/580/580 617/617/617 616/616/616
f 580/580/580 581/581/581 617/617/617
f 581/581/581 618/618/618 617/617/617
f 581/581/581 582/582/582 618/618/618
f 582/582/582 619/619/619 618/618/618
f 582/582/582 583/583/583 619/619/619
f 583/583/583 620/620/620 619/619/619
f 583/583/583 584/584/584 620/620/620
f 584/584/584 621/621/621 620/620/620
f 584/584/584 585/585/585 621/621/621
f 585/585/585 622/622/622 621/621/621
f 585/585/585 586/586/586 622/622/622
f 586/586/586 623/623/623 622/622/622
f 586/586/586 587/587/587 623/623/623
f 587/587/587 624/624/624 623/623/623
f 587/587/587 588/588/588 624/624/624
f 588/588/588 625/625/625 624/624/624
f 588/588/588 589/589/589 625/625/625
f 589/589/589 626/626/626 625/625/625
f 589/589/589 590/590/590 626/626/626
f 590/590/590 627/627/627 626/626/626
f 590/590/590 591/591/591 627/627/627
f 591/591/591 628/628/628 627/627/627
f 591/591/591 592/592/592 628/628/628
f 592/592/592 629/629/629 628/628/628
f 593/593/593 594/594/594 630/630/630
f 594/594/594 631/631/631 630/630/630
f 594/594/594 595/595/595 631/631/631
f 595/595/595 632/632/632 631/631/631
f 595/595/595 596/596/596 632/632/632
f 596/596/596 633/633/633 632/632/632
f 596/596/596 597/597/597 633/633/633
f 597/597/597 634/634/634 633/633/633
f 597/597/597 598/598/598 634/634/634
f 598/598/598 635/635/635 634/634/634
f 598/598/598 599/599/599 635/635/635
f 599/599/599 636/636/636 635/635/635
f 599/599/599 600/600/600 636/636/636
f 600/600/600 637/637/637 636/636/636
f 600/600/600 601/601/601 637/637/637
f 601/601/601 638/638/638 637/637/637
f 601/601/601 602/602/602 638/638/638
f 602/602/602 639/639/639 638/638/638
f 602/602/602 603/603/603 639/639/639
f 603/603/603 640/640/640 639/639/639
f 603/603/603 604/604/604 640/640/640
f 604/604/604 641/641/641 640/640/640
f 604/604/604 605/605/605 641/641/641
f 605/605/605 642/642/642 641/641/641
f 605/605/605 606/606/606 642/642/642
f 606/606/606 643/643/643 642/642/642
f 606/606/606 607/607/607 643/643/643
f 607/607/607 644/644/644 643/643/643
f 607/607/607 608/608/608 644/644/644
f 608/608/608 645/645/645 644/644/644
f 608/608/608 609/609/609 645/645/645
f 609/609/609 646/646/646 645/645/645
f 609/609/609 610/610/610 646/646/646
f 610/610/610 647/647/647 646/646/646
f 610/610/610 611/611/611 647/647/647
f 611/611/611 648/648/648 647/647/647
f 611/611/611 612/612/612 648/648/648
f 612/612/612 649/649/649 648/648/648
f 612/612/612 613/613/613 649/649/649
f 613/613/613 650/650/650 649/649/649
f 613/613/613 614/614/614 650/650/650
f 614/614/614 651/651/651 650/650/650
f 614/614/614 615/615/615 651/651/651
f 615/615/615 652/652/652 651/651/651
f 615/615/615 616/616/616 652/652/652
f 616/616/616 653/653/653 652/652/652
f 616/616/616 617/617/617 653/653/653
f 617/617/617 654/654/654 653/653/653
f 617/617/617 618/618/618 654/654/654
f 618/618/618 655/655/655 654/654/654
f 618/618/618 619/619/619 655/655/655
f 619/619/619 656/656/656 655/655/655
f 619/619/619 620/620/620 656/656/656
f 620/620/620 657/657/657 656/656/656
f 620/620/620 621/621/621 657/657/657
f 621/621/621 658/658/658 657/657/657
f 621/621/621 622/622/622 658/658/658
f 622/622/622 659/659/659 658/658/658
f 622/622/622 623/623/623 659/659/659
f 623/623/623 660/660/660 659/659/659
f 623/623/623 624/624/624 660/660/660
f 624/624/624 661/661/661 660/660/660
f 624/624/624 625/625/625 661/661/661
f 625/625/625 662/662/662 661/661/661
f 625/625/625 626/626/626 662/662/662
f 626/626/626 663/663/663 662/662/662
f 626/626/626 627/627/627 663/663/663
f 627/627/627 664/664/664 663/663/663
f 627/627/627 628/628/628 664/664/664
f 628/628/628 665/665/665 664/664/664
f 628/628/628 629/629/629 665/665/665
f 629/629/629 666/666/666 665/665/665
f 630/630/630 631/631/631 667/667/667
f 631/631/631 668/668/668 667/667/667
f 631/631/631 632/632/632 668/668/668
f 632/632/632 669/669/669 668/668/668
f 632/632/632 633/633/633 669/669/669
f 633/633/633 670/670/670 669/669/669
f 633/633/633 634/634/634 670/670/670
f 634/634/634 671/671/671 670/670/670
f 634/634/634 635/635/635 671/671/671
f 635/635/635 672/672/672 671/671/671
f 635/635/635 636/636/636 672/672/672
f 636/636/636 673/673/673 672/672/672
f 636/636/636 637/637/637 673/673/673
f 637/637/637 674/674/674 673/673/673
f 637/637/637 638/638/638 674/674/674
f 638/638/638 675/675/675 674/674/674
f 638/638/638 639/639/639 675/675/675
f 639/639/639 676/676/676 675/675/675
f 639/639/639 640/640/640 676/676/676
f 640/640/640 677/677/677 676/676/676
f 640/640/640 641/641/641 677/677/677
f 641/641/641 678/678/678 677/677/677
f 641/641/641 642/642/642 678/678/678
f 642/642/642 679/679/679 678/678/678
f 642/642/642 643/643/643 679/679/679
f 643/643/643 680/680/680 679/679/679
f 643/643/643 644/644/644 680/680/680
f 644/644/644 681/681/681 680/680/680
f 644/644/644 645/645/645 681/681/681
f 645/645/645 682/682/682 681/681/681
f 645/645/645 646/646/646 682/682/682
f 646/646/646 683/683/683 682/682/682
f 646/646/646 647/647/647 683/683/683
f 647/647/647 684/684/684 683/683/683
f 647/647/647 648/648/648 684/684/684
f 648/648/648 685/685/685 684/684/684
f 648/648/648 649/649/649 685/685/685
f 649/649/649 686/686/686 685/685/685
f 649/649/649 650/650/650 686/686/686
f 650/650/650 687/687/687 686/686/686
f 650/650/650 651/651/651 687/687/687
f 651/651/651 688/688/688 687/687/687
f 651/651/651 652/652/652 688/688/688
f 652/652/652 689/689/689 688/688/688
f 652/652/652 653/653/653 689/689/689
f 653/653/653 690/690/690 689/689/689
f 653/653/653 654/654/654 690/690/690
f 654/654/654 691/691/691 690/690/690
f 654/654/654 655/655/655 691/691/691
f 655/655/655 692/692/692 691/691/691
f 655/655/655 656/656/656 692/692/692
f 656/656/656 693/693/693 692/692/692
f 656/656/656 657/657/657 693/693/693
f 657/657/657 694/694/694 693/693/693
f 657/657/657 658/658/658 694/694/694
f 658/658/658 695/695/695 694/694/694
f 658/658/658 659/659/659 695/695/695
f 659/659/659 696/696/696 695/695/695
f 659/659/659 660/660/660 696/696/696
f 660/660/660 697/697/697 696/696/696
f 660/660/660 661/661/661 697/697/697
f 661/661/661 698/698/698 697/697/697
f 661/661/661 662/662/662 698/698/698
f 662/662/662 699/699/699 698/698/698
f 662/662/662 663/663/663 699/699/699
f 663/663/663 700/700/700 699/699/699
f 663/663/663 664/664/664 700/700/700
f 664/664/664 701/701/701 700/700/700
f 664/664/664 665/665/665 701/701/701
f 665/665/665 702/702/702 701/701/701
f 665/665/665 666/666/666 702/702/702
f 666/666/666 703/703/703 702/702/702
f 667/667/667 668/668/668 704/704/704
f 668/668/668 705/705/705 704/704/704
f 668/668/668 669/669/669 705/705/705
f 669/669/669 706/706/706 705/705/705
f 669/669/669 670/670/670 706/706/706
f 670/670/670 707/707/707 706/706/706
f 670/670/670 671/671/671 707/707/707
f 671/671/671 708/708/708 707/707/707
f 671/671/671 672/672/672 708/708/708
f 672/672/672 709/709/709 708/708/708
f 672/672/672 673/673/673 709/709/709
f 673/673/673 710/710/710 709/709/709
f 673/673/673 674/674/674 710/710/710
f 674/674/674 711/711/711 710/710/710
f 674/674/674 675/675/675 711/711/711
f 675/675/675 712/712/712 711/711/711
f 675/675/675 676/676/676 712/712/712
f 676/676/676 713/713/713 712/712/712
f 676/676/676 677/677/677 713/713/713
f 677/677/677 714/714/714 713/713/713
f 677/677/677 678/678/678 714/714/714
f 678/678/678 715/715/715 714/714/714
f 678/678/678 679/679/679 715/715/715
f 679/679/679 716/716/716 715/715/715
f 679/679/679 680/680/680 716/716/716
f 680/680/680 717/717/717 716/716/716
f 680/680/680 681/681/681 717/717/717
f 681/681/681 718/718/718 717/717/717
f 681/681/681 682/682/682 718/718/718
f 682/682/682 719/719/719 718/718/718
f 682/682/682 683/683/683 719/719/719
f 683/683/683 720/720/720 719/719/719
f 683/683/683 684/684/684 720/720/720
f 684/684/684 721/721/721 720/720/720
f 684/684/684 685/685/685 721/721/721
f 685/685/685 722/722/722 721/721/721
f 685/685/685 686/686/686 722/722/722
f 686/686/686 723/723/723 722/722/722
f 686/686/686 687/687/687 723/723/723
f 687/687/687 724/724/724 723/723/723
f 687/687/687 688/688/688 724/724/724
f 688/688/688 725/725/725 724/724/724
f 688/688/688 689/689/689 725/725/725
f 689/689/689 726/726/726 725/725/725
f 689/689/689 690/690/690 726/726/726
f 690/690/690 727/727/727 726/726/726
f 690/690/690 691/691/691 727/727/727
f 691/691/691 728/728/728 727/727/727
f 691/691/691 692/692/692 728/728/728
f 692/692/692 729/729/729 728/728/728
f 692/692/692 693/693/693 729/729/729
f 693/693/693 730/730/730 729/729/729
f 693/693/693 694/694/694 730/730/730
f 694/694/694 731/731/731 730/730/730
f 694/694/694 695/695/695 731/731/731
f 695/695/695 732/732/732 731/731/731
f 695/695/695 696/696/696 732/732/732
f 696/696/696 733/733/733 732/732/732
f 696/696/696 697/697/697 733/733/733
f 697/697/697 734/734/734 733/733/733
f 697/697/697 698/698/698 734/734/734
f 698/698/698 735/735/735 734/734/734
f 698/698/698 699/699/699 735/735/735
f 699/699/699 736/736/736 735/735/735
f 699/699/699 700/700/700 736/736/736
f 700/700/700 737/737/737 736/736/736
f 700/700/700 701/701/701 737/737/737
f 701/701/701 738/738/738 737/737/737
f 701/701/701 702/702/702 738/738/738
f 702/702/702 739/739/739 738/738/738
f 702/702/702 703/703/703 739/739/739
f 703/703/703 740/740/740 739/739/739
f 704/704/704 705/705/705 741/741/741
f 705/705/705 742/742/742 741/741/741
f 705/705/705 706/706/706 742/742/742
f 706/706/706 743/743/743 742/742/742
f 706/706/706 707/707/707 743/743/743
f 707/707/707 744/744/744 743/743/743
f 707/707/707 708/708/708 744/744/744
f 708/708/708 745/745/745 744/744/744
f 708/708/708 709/709/709 745/745/745
f 709/709/709 746/746/746 745/745/745
f 709/709/709 710/710/710 746/746/746
f 710/710/710 747/747/747 746/746/746
f 710/710/710 711/711/711 747/747/747
f 711/711/711 748/748/748 747/747/747
f 711/711/711 712/712/712 748/748/748
f 712/712/712 749/749/749 748/748/748
f 712/712/712 713/713/713 749/749/749
f 713/713/713 750/750/750 749/749/749
f 713/713/713 714/714/714 750/750/750
f 714/714/714 751/751/751 750/750/750
f 714/714/714 715/715/715 751/751/751
f 715/715/715 752/752/752 751/751/751
f 715/715/715 716/716/716 752/752/752
f 716/716/716 753/753/753 752/752/752
f 716/716/716 717/717/717 753/753/753
f 717/717/717 754/754/754 753/753/753
f 717/717/717 718/718/718 754/754/754
f 718/718/718 755/755/755 754/754/754
f 718/718/718 719/719/719 755/755/755
f 719/719/719 756/756/756 755/755/755
f 719/719/719 720/720/720 756/756/756
f 720/720/720 757/757/757 756/756/756
f 720/720/720 721/721/721 757/757/757
f 721/721/721 758/758/758 757/757/757
f 721/721/721 722/722/722 758/758/758
f 722/722/722 759/759/759 758/758/758
f 722/722/722 723/723/723 759/759/759
f 723/723/723 760/760/760 759/759/759
f 723/723/723 724/724/724 760/760/760
f 724/724/724 761/761/761 760/760/760
f 724/724/724 725/725/725 761/761/761
f 725/725/725 762/762/762 761/761/761
f 725/725/725 726/726/726 762/762/762
f 726/726/726 763/763/763 762/762/762
f 726/726/726 727/727/727 763/763/763
f 727/727/727 764/764/764 763/763/763
f 727/727/727 728/728/728 764/764/764
f 728/728/728 765/765/765 764/764/764
f 728/728/728 729/729/729 765/765/765
f 729/729/729 766/766/766 765/765/765
f 729/729/729 730/730/730 766/766/766
f 730/730/730 767/767/767 766/766/766
f 730/730/730 731/731/731 767/767/767
f 731/731/731 768/768/768 767/767/767
f 731/731/731 732/732/732 768/768/768
f 732/732/732 769/769/769 768/768/768
f 732/732/732 733/733/733 769/769/769
f 733/733/733 770/770/770 769/769/769
f 733/733/733 734/734/734 770/770/770
f 734/734/734 771/771/771 770/770/770
f 734/734/734 735/735/735 771/771/771
f 735/735/735 772/772/772 771/771/771
f 735/735/735 736/736/736 772/772/772
f 736/736/736 773/773/773 772/772/772
f 736/736/736 737/737/737 773/773/773
f 737/737/737 774/774/774 773/773/773
f 737/737/737 738/738/738 774/774/774
f 738/738/738 775/775/775 774/774/774
f 738/738/738 739/739/739 775/775/775
f 739/739/739 776/776/776 775/775/775
f 739/739/739 740/740/740 776/776/776
f 740/740/740 777/777/777 776/776/776
f 741/741/741 742/742/742 778/778/778
f 742/742/742 779/779/779 778/778/778
f 742/742/742 743/743/743 779/779/779
f 743/743/743 780/780/780 779/779/779
f 743/743/743 744/744/744 780/780/780
f 744/744/744 781/781/781 780/780/780
f 744/744/744 745/745/745 781/781/781
f 745/745/745 782/782/782 781/781/781
f 745/745/745 746/746/746 782/782/782
f 746/746/746 783/783/783 782/782/782
f 746/746/746 747/747/747 783/783/783
f 747/747/747 784/784/784 783/783/783
f 747/747/747 748/748/748 784/784/784
f 748/748/748 785/785/785 784/784/784
f 748/748/748 749/749/749 785/785/785
f 749/749/749 786/786/786 785/785/785
f 749/749/749 750/750/750 786/786/786
f 750/750/750 787/787/787 786/786/786
f 750/750/750 751/751/751 787/787/787
f 751/751/751 788/788/788 787/787/787
f 751/751/751 752/752/752 788/788/788
f 752/752/752 789/789/789 788/788/788
f 752/752/752 753/753/753 789/789/789
f 753/753/753 790/790/790 789/789/789
f 753/753/753 754/754/754 790/790/790
f 754/754/754 791/791/791 790/790/790
f 754/754/754 755/755/755 791/791/791
f 755/755/755 792/792/792 791/791/791
f 755/755/755 756/756/756 792/792/792
f 756/756/756 793/793/793 792/792/792
f 756/756/756 757/757/757 793/793/793
f 757/757/757 794/794/794 793/793/793
f 757/757/757 758/758/758 794/794/794
f 758/758/758 795/795/795 794/794/794
f 758/758/758 759/759/759 795/795/795
f 759/759/759 796/796/796 795/795/795
f 759/759/759 760/760/760 796/796/796
f 760/760/760 797/797/797 796/796/796
f 760/760/760 761/761/761 797/797/797
f 761/761/761 798/798/798 797/797/797
f 761/761/761 762/762/762 798/798/798
f 762/762/762 799/799/799 798/798/798
f 762/762/762 763/763/763 799/799/799
f 763/763/763 800/800/800 799/799/799
f 763/763/763 764/764/764 800/800/800
f 764/764/764 801/801/801 800/800/800
f 764/764/764 765/765/765 801/801/801
f 765/765/765 802/802/802 801/801/801
f 765/765/765 766/766/766 802/802/802
f 766/766/766 803/803/803 802/802/802
f 766/766/766 767/767/767 803/803/803
f 767/767/767 804/804/804 803/803/803
f 767/767/767 768/768/768 804/804/804
f 768/768/768 805/805/805 804/804/804
f 768/768/768 769/769/769 805/805/805
f 769/769/769 806/806/806 805/805/805
f 769/769/769 770/770/770 806/806/806
f 770/770/770 807/807/807 806/806/806
f 770/770/770 771/771/771 807/807/807
f 771/771/771 808/808/808 807/807/807
f 771/771/771 772/772/772 808/808/808
f 772/772/772 809/809/809 808/808/808
f 772/772/772 773/773/773 809/809/809
f 773/773/773 810/810/810 809/809/809
f 773/773/773 774/774/774 810/810/810
f 774/774/774 811/811/811 810/810/810
f 774/774/774 775/775/775 811/811/811
f 775/775/775 812/812/812 811/811/811
f 775/775/775 776/776/776 812/812/812
f 776/776/776 813/813/813 812/812/812
f 776/776/776 777/777/777 813/813/813
f 777/777/777 814/814/814 813/813/813
f 778/778/778 779/779/779 815/815/815
f 779/779/779 816/816/816 815/815/815
f 779/779/779 780/780/780 816/816/816
f 780/780/780 817/817/817 816/816/816
f 780/780/780 781/781/781 817/817/817
f 781/781/781 818/818/818 817/817/817
f 781/781/781 782/782/782 818/818/818
f 782/782/782 819/819/819 818/818/818
f 782/782/782 783/783/783 819/819/819
f 783/783/783 820/820/820 819/819/819
f 783/783/783 784/784/784 820/820/820
f 784/784/784 821/821/821 820/820/820
f 784/784/784 785/785/785 821/821/821
f 785/785/785 822/822/822 821/821/821
f 785/785/785 786/786/786 822/822/822
f 786/786/786 823/823/823 822/822/822
f 786/786/786 787/787/787 823/823/823
f 787/787/787 824/824/824 823/823/823
f 787/787/787 788/788/788 824/824/824
f 788/788/788 825/825/825 824/824/824
f 788/788/788 789/789/789 825/825/825
f 789/789/789 826/826/826 825/825/825
f 789/789/789 790/790/790 826/826/826
f 790/790/790 827/827/827 826/826/826
f 790/790/790 791/791/791 827/827/827
f 791/791/791 828/828/828 827/827/827
f 791/791/791 792/792/792 828/828/828
f 792/792/792 829/829/829 828/828/828
f 792/792/792 793/793/793 829/829/829
f 793/793/793 830/830/830 829/829/829
f 793/793/793 794/794/794 830/830/830
f 794/794/794 831/831/831 830/830/830
f 794/794/794 795/795/795 831/831/831
f 795/795/795 832/832/832 831/831/831
f 795/795/795 796/796/796 832/832/832
f 796/796/796 833/833/833 832/832/832
f 796/796/796 797/797/797 833/833/833
f 797/797/797 834/834/834 833/833/833
f 797/797/797 798/798/798 834/834/834
f 798/798/798 835/835/835 834/834/834
f 798/798/798 799/799/799 835/835/835
f 799/799/799 836/836/836 835/835/835
f 799/799/799 800/800/800 836/836/836
f 800/800/800 837/837/837 836/836/836
f 800/800/800 801/801/801 837/837/837
f 801/801/801 838/838/838 837/837/837
f 801/801/801 802/802/802 838/838/838
f 802/802/802 839/839/839 838/838/838
f 802/802/802 803/803/803 839/839/839
f 803/803/803 840/840/840 839/839/839
f 803/803/803 804/804/804 840/840/840
f 804/804/804 841/841/841 840/840/840
f 804/804/804 805/805/805 841/841/841
f 805/805/805 842/842/842 841/841/841
f 805/805/805 806/806/806 842/842/842
f 806/806/806 843/843/843 842/842/842
f 806/806/806 807/807/807 843/843/843
f 807/807/807 844/844/844 843/843/843
f 807/807/807 808/808/808 844/844/844
f 808/808/808 845/845/845 844/844/844
f 808/808/808 809/809/809 845/845/845
f 809/809/809 846/846/846 845/845/845
f 809/809/809 810/810/810 846/846/846
f 810/810/810 847/847/847 846/846/846
f 810/810/810 811/811/811 847/847/847
f 811/811/811 848/848/848 847/847/847
f 811/811/811 812/812/812 848/848/848
f 812/812/812 849/849/849 848/848/848
f 812/812/812 813/813/813 849/849/849
f 813/813/813 850/850/850 849/849/849
f 813/813/813 814/814/814 850/850/850
f 814/814/814 851/851/851 850/850/850
f 815/815/815 816/816/816 852/852/852
f 816/816/816 853/853/853 852/852/852
f 816/816/816 817/817/817 853/853/853
f 817/817/817 854/854/854 853/853/853
f 817/817/817 818/818/818 854/854/854
f 818/818/818 855/855/855 854/854/854
f 818/818/818 819/819/819 855/855/855
f 819/819/819 856/856/856 855/855/855
f 819/819/819 820/820/820 856/856/856
f 820/820/820 857/857/857 856/856/856
f 820/820/820 821/821/821 857/857/857
f 821/821/821 858/858/858 857/857/857
f 821/821/821 822/822/822 858/858/858
f 822/822/822 859/859/859 858/858/858
f 822/822/822 823/823/823 859/859/859
f 823/823/823 860/860/860 859/859/859
f 823/823/823 824/824/824 860/860/860
f 824/824/824 861/861/861 860/860/860
f 824/824/824 825/825/825 861/861/861
f 825/825/825 862/862/862 861/861/861
f 825/825/825 826/826/826 862/862/862
f 826/826/826 863/863/863 862/862/862
f 826/826/826 827/827/827 863/863/863
f 827/827/827 864/864/864 863/863/863
f 827/827/827 828/828/828 864/864/864
f 828/828/828 865/865/865 864/864/864
f 828/828/828 829/829/829 865/865/865
f 829/829/829 866/866/866 865/865/865
f 829/829/829 830/830/830 866/866/866
f 830/830/830 867/867/867 866/866/866
f 830/830/830 831/831/831 867/867/867
f 831/831/831 868/868/868 867/867/867
f 831/831/831 832/832/832 868/868/868
f 832/832/832 869/869/869 868/868/868
f 832/832/832 833/833/833 869/869/869
f 833/833/833 870/870/870 869/869/869
f 833/833/833 834/834/834 870/870/870
f 834/834/834 871/871/871 870/870/870
f 834/834/834 835/835/835 871/871/871
f 835/835/835 872/872/872 871/871/871
f 835/835/835 836/836/836 872/872/872
f 836/836/836 873/873/873 872/872/872
f 836/836/836 837/837/837 873/873/873
f 837/837/837 874/874/874 873/873/873
f 837/837/837 838/838/838 874/874/874
f 838/838/838 875/875/875 874/874/874
f 838/838/838 839/839/839 875/875/875
f 839/839/839 876/876/876 875/875/875
f 839/839/839 840/840/840 876/876/876
f 840/840/840 877/877/877 876/876/876
f 840/840/840 841/841/841 877/877/877
f 841/841/841 878/878/878 877/877/877
f 841/841/841 842/842/842 878/878/878
f 842/842/842 879/879/879 878/878/878
f 842/842/842 843/843/843 879/879/879
f 843/843/843 880/880/880 879/879/879
f 843/843/843 844/844/844 880/880/880
f 844/844/844 881/881/881 880/880/880
f 844/844/844 845/845/845 881/881/881
f 845/845/845 882/882/882 881/881/881
f 845/845/845 846/846/846 882/882/882
f 846/846/846 883/883/883 882/882/882
f 846/846/846 847/847/847 883/883/883
f 847/847/847 884/884/884 883/883/883
f 847/847/847 848/848/848 884/884/884
f 848/848/848 885/885/885 884/884/884
f 848/848/848 849/849/849 885/885/885
f 849/849/849 886/886/886 885/885/885
f 849/849/849 850/850/850 886/886/886
f 850/850/850 887/887/887 886/886/886
f 850/850/850 851/851/851 887/887/887
f 851/851/851 888/888/888 887/887/887
f 852/852/852 853/853/853 889/889/889
f 853/853/853 890/890/890 889/889/889
f 853/853/853 854/854/854 890/890/890
f 854/854/854 891/891/891 890/890/890
f 854/854/854 855/855/855 891/891/891
f 855/855/855 892/892/892 891/891/891
f 855/855/855 856/856/856 892/892/892
f 856/856/856 893/893/893 892/892/892
f 856/856/856 857/857/857 893/893/893
f 857/857/857 894/894/894 893/893/893
f 857/857/857 858/858/858 894/894/894
f 858/858/858 895/895/895 894/894/894
f 858/858/858 859/859/859 895/895/895
f 859/859/859 896/896/896 895/895/895
f 859/859/859 860/860/860 896/896/896
f 860/860/860 897/897/897 896/896/896
f 860/860/860 861/861/861 897/897/897
f 861/861/861 898/898/898 897/897/897
f 861/861/861 862/862/862 898/898/898
f 862/862/862 899/899/899 898/898/898
f 862/862/862 863/863/863 899/899/899
f 863/863/863 900/900/900 899/899/899
f 863/863/863 864/864/864 900/900/900
f 864/864/864 901/901/901 900/900/900
f 864/864/864 865/865/865 901/901/901
f 865/865/865 902/902/902 901/901/901
f 865/865/865 866/866/866 902/902/902
f 866/866/866 903/903/903 902/902/902
f 866/866/866 867/867/867 903/903/903
f 867/867/867 904/904/904 903/903/903
f 867/867/867 868/868/868 904/904/904
f 868/868/868 905/905/905 904/904/904
f 868/868/868 869/869/869 905/905/905
f 869/869/869 906/906/906 905/905/905
f 869/869/869 870/870/870 906/906/906
f 870/870/870 907/907/907 906/906/906
f 870/870/870 871/871/871 907/907/907
f 871/871/871 908/908/908 907/907/907
f 871/871/871 872/872/872 908/908/908
f 872/872/872 909/909/909 908/908/908
f 872/872/872 873/873/873 909/909/909
f 873/873/873 910/910/910 909/909/909
f 873/873/873 874/874/874 910/910/910
f 874/874/874 911/911/911 910/910/910
f 874/874/874 875/875/875 911/911/911
f 875/875/875 912/912/912 911/911/911
f 875/875/875 876/876/876 912/912/912
f 876/876/876 913/913/913 912/912/912
f 876/876/876 877/877/877 913/913/913
f 877/877/877 914/914/914 913/913/913
f 877/877/877 878/878/878 914/914/914
f 878/878/878 915/915/915 914/914/914
f 878/878/878 879/879/879 915/915/915
f 879/879/879 916/916/916 915/915/915
f 879/879/879 880/880/880 916/916/916
f 880/880/880 917/917/917 916/916/916
f 880/880/880 881/881/881 917/917/917
f 881/881/881 918/918/918 917/917/917
f 881/881/881 882/882/882 918/918/918
f 882/882/882 919/919/919 918/918/918
f 882/882/882 883/883/883 919/919/919
f 883/883/883 920/920/920 919/919/919
f 883/883/883 884/884/884 920/920/920
f 884/884/884 921/921/921 920/920/920
f 884/884/884 885/885/885 921/921/921
f 885/885/885 922/922/922 921/921/921
f 885/885/885 886/886/886 922/922/922
f 886/886/886 923/923/923 922/922/922
f 886/886/886 887/887/887 923/923/923
f 887/887/887 924/924/924 923/923/923
f 887/887/887 888/888/888 924/924/924
f 888/888/888 925/925/925 924/924/924
o sphere_part_1
usemtl part_1
v 0 0.24 0.46
v 0 0.24 0.46
v 0 0.24 0.46
v 0 0.24 0.46
v 0 0.24 0.46
v 0 0.24 0.46
v 0 0.24 0.46
v 0 0.24 0.46
v 0 0.24 0.46
v 0 0.24 0.46
v 0 0.24 0.46
v 0 0.24 0.46
v 0 0.24 0.46
v 0 0.24 0.46
v 0 0.24 0.46
v 0 0.24 0.46
v 0 0.24 0.46
v 0 0.24 0.46
v 0 0.24 0.46
v 0 0.24 0.46
v 0 0.24 0.46
v 0 0.24 0.46
v 0 0.24 0.46
v 0 0.24 0.46
v 0 0.24 0.46
v 0 0.24 0.46
v 0 0.24 0.46
v 0 0.24 0.46
v 0 0.24 0.46
v 0 0.24 0.46
v 0 0.24 0.46
v 0 0.24 0.46
v 0 0.24 0.46
v 0 0.24 0.46
v 0 0.24 0.46
v 0 0.24 0.46
v 0 0.24 0.46
v 0.03132629 0.2379468 0.46
v 0.03085037 0.2379468 0.4622666
v 0.02943708 0.2379468 0.4644643
v 0.02712936 0.2379468 0.4665263
v 0.02399733 0.2379468 0.4683901
v 0.02013615 0.2379468 0.4699989
v 0.01566314 0.2379468 0.4713039
v 0.01071422 0.2379468 0.4722655
v 0.00543975 0.2379468 0.4728543
v -1.369316e-09 0.2379468 0.4730526
v -0.005439756 0.2379468 0.4728543
v -0.01071422 0.2379468 0.4722655
v -0.01566315 0.2379468 0.4713039
v -0.02013615 0.2379468 0.4699989
v -0.02399733 0.2379468 0.4683901
v -0.02712936 0.2379468 0.4665263
v -0.02943708 0.2379468 0.4644643
v -0.03085037 0.2379468 0.4622666
v -0.03132629 0.2379468 0.46
v -0.03085037 0.2379468 0.4577335
v -0.02943708 0.2379468 0.4555357
v -0.02712936 0.2379468 0.4534737
v -0.02399733 0.2379468 0.4516099
v -0.02013615 0.2379468 0.4500011
v -0.01566314 0.2379468 0.4486961
v -0.01071422 0.2379468 0.4477346
v -0.005439751 0.2379468 0.4471457
v 3.735622e-10 0.2379468 0.4469474
v 0.005439767 0.2379468 0.4471457
v 0.01071423 0.2379468 0.4477346
v 0.01566314 0.2379468 0.4486961
v 0.02013615 0.2379468 0.4500011
v 0.02399733 0.2379468 0.4516099
v 0.02712937 0.2379468 0.4534737
v 0.02943708 0.2379468 0.4555357
v 0.03085037 0.2379468 0.4577335
v 0.03132629 0.2379468 0.46
v 0.06211657 0.2318222 0.46
v 0.06117288 0.2318222 0.4644943
v 0.05837048 0.2318222 0.4688521
v 0.05379453 0.2318222 0.472941
v 0.04758405 0.2318222 0.4766366
v 0.03992776 0.2318222 0.4798267
v 0.03105828 0.2318222 0.4824144
v 0.02124511 0.2318222 0.4843211
v 0.01078642 0.2318222 0.4854887
v -2.715201e-09 0.2318222 0.4858819
v -0.01078644 0.2318222 0.4854887
v -0.02124512 0.2318222 0.4843211
v -0.03105829 0.2318222 0.4824144
v -0.03992776 0.2318222 0.4798267
v -0.04758406 0.2318222 0.4766366
v -0.05379453 0.2318222 0.472941
v -0.05837049 0.2318222 0.4688521
v -0.06117288 0.2318222 0.4644943
v -0.06211657 0.2318222 0.46
v -0.06117288 0.2318222 0.4555057
v -0.05837048 0.2318222 0.4511479
v -0.05379453 0.2318222 0.4470591
v -0.04758406 0.2318222 0.4433634
v -0.03992775 0.2318222 0.4401733
v -0.03105828 0.2318222 0.4375856
v -0.02124511 0.2318222 0.435679
v -0.01078643 0.2318222 0.4345113
v 7.407327e-10 0.2318222 0.4341181
v 0.01078646 0.2318222 0.4345113
v 0.02124514 0.2318222 0.435679
v 0.03105828 0.2318222 0.4375856
v 0.03992775 0.2318222 0.4401733
v 0.04758406 0.2318222 0.4433635
v 0.05379454 0.2318222 0.4470591
v 0.05837048 0.2318222 0.4511479
v 0.06117288 0.2318222 0.4555057
v 0.06211657 0.2318222 0.46
v 0.09184403 0.2217311 0.46
v 0.09044871 0.2217311 0.4666452
v 0.08630515 0.2217311 0.4730886
v 0.07953926 0.2217311 0.4791342
v 0.07035661 0.2217311 0.4845984
v 0.0590362 0.2217311 0.4893153
v 0.04592201 0.2217311 0.4931414
v 0.0314125 0.2217311 0.4959605
v 0.01594854 0.2217311 0.497687
v -4.01463e-09 0.2217311 0.4982684
v -0.01594856 0.2217311 0.497687
v -0.0314125 0.2217311 0.4959605
v -0.04592202 0.2217311 0.4931414
v -0.05903621 0.2217311 0.4893153
v -0.07035662 0.2217311 0.4845984
v -0.07953926 0.2217311 0.4791342
v -0.08630516 0.2217311 0.4730886
v -0.09044871 0.2217311 0.4666452
v -0.09184403 0.2217311 0.46
v -0.09044871 0.2217311 0.4533548
v -0.08630515 0.2217311 0.4469115
v -0.07953926 0.2217311 0.4408658
v -0.07035661 0.2217311 0.4354016
v -0.0590362 0.2217311 0.4306847
v -0.04592201 0.2217311 0.4268587
v -0.0314125 0.2217311 0.4240395
v -0.01594854 0.2217311 0.422313
v 1.095229e-09 0.2217311 0.4217317
v 0.01594859 0.2217311 0.422313
v 0.03141254 0.2217311 0.4240395
v 0.04592201 0.2217311 0.4268587
v 0.0590362 0.2217311 0.4306847
v 0.07035662 0.2217311 0.4354016
v 0.07953928 0.2217311 0.4408658
v 0.08630515 0.2217311 0.4469115
v 0.09044871 0.2217311 0.4533548
v 0.09184403 0.2217311 0.46
v 0.12 0.2078461 0.46
v 0.1181769 0.2078461 0.4686824
v 0.1127631 0.2078461 0.477101
v 0.103923 0.2078461 0.485
v 0.09192533 0.2078461 0.4921394
v 0.0771345 0.2078461 0.4983022
v 0.05999999 0.2078461 0.5033013
v 0.0410424 0.2078461 0.5069847
v 0.02083777 0.2078461 0.5092404
v -5.245366e-09 0.2078461 0.51
v -0.02083779 0.2078461 0.5092404
v -0.04104241 0.2078461 0.5069847
v -0.06000001 0.2078461 0.5033013
v -0.07713451 0.2078461 0.4983022
v -0.09192535 0.2078461 0.4921394
v -0.103923 0.2078461 0.485
v -0.1127631 0.2078461 0.477101
v -0.1181769 0.2078461 0.4686824
v -0.12 0.2078461 0.46
v -0.1181769 0.2078461 0.4513176
v -0.1127631 0.2078461 0.442899
v -0.103923 0.2078461 0.435
v -0.09192534 0.2078461 0.4278606
v -0.0771345 0.2078461 0.4216978
v -0.05999999 0.2078461 0.4166987
v -0.04104241 0.2078461 0.4130154
v -0.02083778 0.2078461 0.4107596
v 1.430986e-09 0.2078461 0.41
v 0.02083783 0.2078461 0.4107596
v 0.04104247 0.2078461 0.4130154
v 0.05999999 0.2078461 0.4166987
v 0.0771345 0.2078461 0.4216978
v 0.09192535 0.2078461 0.4278606
v 0.1039231 0.2078461 0.435
v 0.1127631 0.2078461 0.442899
v 0.1181769 0.2078461 0.4513176
v 0.12 0.2078461 0.46
v 0.1461027 0.1904048 0.46
v 0.1438831 0.1904048 0.470571
v 0.1372917 0.1904048 0.4808209
v 0.1265287 0.1904048 0.4904381
v 0.1119212 0.1904048 0.4991304
v 0.09391303 0.1904048 0.5066338
v 0.07305136 0.1904048 0.5127203
v 0.04997006 0.1904048 0.5172049
v 0.02537046 0.1904048 0.5199513
v -6.386354e-09 0.1904048 0.5208762
v -0.02537049 0.1904048 0.5199513
v -0.04997008 0.1904048 0.5172049
v -0.07305138 0.1904048 0.5127203
v -0.09391303 0.1904048 0.5066338
v -0.1119212 0.1904048 0.4991304
v -0.1265287 0.1904048 0.4904381
v -0.1372917 0.1904048 0.4808209
v -0.1438831 0.1904048 0.470571
v -0.1461027 0.1904048 0.46
v -0.1438831 0.1904048 0.4494289
v -0.1372917 0.1904048 0.4391791
v -0.1265287 0.1904048 0.4295619
v -0.1119212 0.1904048 0.4208696
v -0.09391302 0.1904048 0.4133662
v -0.07305136 0.1904048 0.4072797
v -0.04997007 0.1904048 0.4027951
v -0.02537047 0.1904048 0.4000487
v 1.742258e-09 0.1904048 0.3991239
v 0.02537054 0.1904048 0.4000487
v 0.04997014 0.1904048 0.4027952
v 0.07305136 0.1904048 0.4072797
v 0.09391302 0.1904048 0.4133662
v 0.1119212 0.1904048 0.4208696
v 0.1265287 0.1904048 0.4295619
v 0.1372917 0.1904048 0.4391791
v 0.1438831 0.1904048 0.449429
v 0.1461027 0.1904048 0.46
v 0.1697056 0.1697056 0.46
v 0.1671274 0.1697056 0.4722788
v 0.1594711 0.1697056 0.4841845
v 0.1469694 0.1697056 0.4953553
v 0.1300021 0.1697056 0.505452
v 0.1090847 0.1697056 0.5141675
v 0.0848528 0.1697056 0.5212373
v 0.05804272 0.1697056 0.5264463
v 0.02946906 0.1697056 0.5296364
v -7.418068e-09 0.1697056 0.5307107
v -0.02946909 0.1697056 0.5296364
v -0.05804274 0.1697056 0.5264463
v -0.08485281 0.1697056 0.5212373
v -0.1090847 0.1697056 0.5141675
v -0.1300021 0.1697056 0.5054519
v -0.1469694 0.1697056 0.4953553
v -0.1594711 0.1697056 0.4841845
v -0.1671274 0.1697056 0.4722788
v -0.1697056 0.1697056 0.46
v -0.1671274 0.1697056 0.4477212
v -0.1594711 0.1697056 0.4358155
v -0.1469694 0.1697056 0.4246447
v -0.1300021 0.1697056 0.4145481
v -0.1090847 0.1697056 0.4058325
v -0.0848528 0.1697056 0.3987628
v -0.05804273 0.1697056 0.3935537
v -0.02946907 0.1697056 0.3903636
v 2.023719e-09 0.1697056 0.3892893
v 0.02946915 0.1697056 0.3903636
v 0.05804281 0.1697056 0.3935537
v 0.0848528 0.1697056 0.3987628
v 0.1090847 0.1697056 0.4058325
v 0.1300021 0.1697056 0.4145481
v 0.1469694 0.1697056 0.4246447
v 0.1594711 0.1697056 0.4358155
v 0.1671274 0.1697056 0.4477212
v 0.1697056 0.1697056 0.46
v 0.1904048 0.1461027 0.46
v 0.1875121 0.1461027 0.4737765
v 0.178922 0.1461027 0.4871343
v 0.1648954 0.1461027 0.4996677
v 0.1458585 0.1461027 0.5109958
v 0.1223898 0.1461027 0.5207744
v 0.09520239 0.1461027 0.5287064
v 0.06512225 0.1461027 0.5345508
v 0.03306343 0.1461027 0.53813
v -8.322858e-09 0.1461027 0.5393354
v -0.03306347 0.1461027 0.53813
v -0.06512228 0.1461027 0.5345508
v -0.09520241 0.1461027 0.5287064
v -0.1223899 0.1461027 0.5207744
v -0.1458586 0.1461027 0.5109957
v -0.1648954 0.1461027 0.4996677
v -0.178922 0.1461027 0.4871343
v -0.1875121 0.1461027 0.4737765
v -0.1904048 0.1461027 0.46
v -0.1875121 0.1461027 0.4462236
v -0.178922 0.1461027 0.4328657
v -0.1648954 0.1461027 0.4203323
v -0.1458585 0.1461027 0.4090042
v -0.1223898 0.1461027 0.3992256
v -0.09520238 0.1461027 0.3912936
v -0.06512226 0.1461027 0.3854492
v -0.03306344 0.1461027 0.3818699
v 2.270554e-09 0.1461027 0.3806647
v 0.03306353 0.1461027 0.38187
v 0.06512235 0.1461027 0.3854492
v 0.09520238 0.1461027 0.3912936
v 0.1223898 0.1461027 0.3992256
v 0.1458586 0.1461027 0.4090043
v 0.1648954 0.1461027 0.4203324
v 0.178922 0.1461027 0.4328657
v 0.1875121 0.1461027 0.4462236
v 0.1904048 0.1461027 0.46
v 0.2078461 0.12 0.46
v 0.2046884 0.12 0.4750384
v 0.1953114 0.12 0.4896198
v 0.18 0.12 0.5033013
v 0.1592194 0.12 0.5156671
v 0.1336009 0.12 0.5263414
v 0.103923 0.12 0.535
v 0.07108753 0.12 0.5413798
v 0.03609208 0.12 0.5452869
v -9.085241e-09 0.12 0.5466025
v -0.03609212 0.12 0.5452869
v -0.07108755 0.12 0.5413798
v -0.1039231 0.12 0.535
v -0.1336009 0.12 0.5263414
v -0.1592194 0.12 0.515667
v -0.18 0.12 0.5033013
v -0.1953115 0.12 0.4896198
v -0.2046884 0.12 0.4750384
v -0.2078461 0.12 0.46
v -0.2046884 0.12 0.4449616
v -0.1953114 0.12 0.4303802
v -0.18 0.12 0.4166988
v -0.1592194 0.12 0.404333
v -0.1336009 0.12 0.3936586
v -0.103923 0.12 0.385
v -0.07108753 0.12 0.3786202
v -0.03609209 0.12 0.3747132
v 2.47854e-09 0.12 0.3733975
v 0.03609219 0.12 0.3747132
v 0.07108764 0.12 0.3786202
v 0.103923 0.12 0.385
v 0.1336009 0.12 0.3936586
v 0.1592194 0.12 0.404333
v 0.18 0.12 0.4166988
v 0.1953114 0.12 0.4303802
v 0.2046885 0.12 0.4449617
v 0.2078461 0.12 0.46
v 0.2217311 0.09184402 0.46
v 0.2183625 0.09184402 0.476043
v 0.2083591 0.09184402 0.4915985
v 0.1920248 0.09184402 0.506194
v 0.1698558 0.09184402 0.5193858
v 0.142526 0.09184402 0.5307733
v 0.1108655 0.09184402 0.5400103
v 0.07583646 0.09184402 0.5468163
v 0.03850318 0.09184402 0.5509844
v -9.692173e-09 0.09184402 0.552388
v -0.03850322 0.09184402 0.5509844
v -0.07583649 0.09184402 0.5468163
v -0.1108656 0.09184402 0.5400103
v -0.142526 0.09184402 0.5307733
v -0.1698559 0.09184402 0.5193858
v -0.1920248 0.09184402 0.506194
v -0.2083591 0.09184402 0.4915985
v -0.2183625 0.09184402 0.476043
v -0.2217311 0.09184402 0.46
v -0.2183625 0.09184402 0.443957
v -0.208359 0.09184402 0.4284014
v -0.1920248 0.09184402 0.413806
v -0.1698559 0.09184402 0.4006142
v -0.142526 0.09184402 0.3892267
v -0.1108655 0.09184402 0.3799897
v -0.07583647 0.09184402 0.3731837
v -0.03850319 0.09184402 0.3690156
v 2.644116e-09 0.09184402 0.3676121
v 0.0385033 0.09184402 0.3690156
v 0.07583658 0.09184402 0.3731837
v 0.1108655 0.09184402 0.3799897
v 0.142526 0.09184402 0.3892267
v 0.1698559 0.09184402 0.4006142
v 0.1920248 0.09184402 0.4138061
v 0.208359 0.09184402 0.4284014
v 0.2183625 0.09184402 0.443957
v 0.2217311 0.09184402 0.46
v 0.2318222 0.06211657 0.46
v 0.2283003 0.06211657 0.4767731
v 0.2178416 0.06211657 0.4930366
v 0.2007639 0.06211657 0.5082963
v 0.1775861 0.06211657 0.5220885
v 0.1490124 0.06211657 0.5339942
v 0.1159111 0.06211657 0.5436516
v 0.07928783 0.06211657 0.5507674
v 0.04025548 0.06211657 0.5551251
v -1.013327e-08 0.06211657 0.5565926
v -0.04025553 0.06211657 0.5551251
v -0.07928786 0.06211657 0.5507674
v -0.1159111 0.06211657 0.5436516
v -0.1490124 0.06211657 0.5339942
v -0.1775861 0.06211657 0.5220885
v -0.2007639 0.06211657 0.5082963
v -0.2178416 0.06211657 0.4930366
v -0.2283003 0.06211657 0.4767731
v -0.2318222 0.06211657 0.46
v -0.2283003 0.06211657 0.4432268
v -0.2178416 0.06211657 0.4269634
v -0.2007639 0.06211657 0.4117037
v -0.1775861 0.06211657 0.3979115
v -0.1490124 0.06211657 0.3860058
v -0.1159111 0.06211657 0.3763484
v -0.07928784 0.06211657 0.3692327
v -0.04025549 0.06211657 0.3648749
v 2.764452e-09 0.06211657 0.3634074
v 0.0402556 0.06211657 0.3648749
v 0.07928795 0.06211657 0.3692327
v 0.1159111 0.06211657 0.3763484
v 0.1490124 0.06211657 0.3860058
v 0.1775861 0.06211657 0.3979115
v 0.2007639 0.06211657 0.4117037
v 0.2178416 0.06211657 0.4269634
v 0.2283003 0.06211657 0.4432269
v 0.2318222 0.06211657 0.46
v 0.2379468 0.03132627 0.46
v 0.2343318 0.03132627 0.4772163
v 0.2235968 0.03132627 0.4939094
v 0.2060679 0.03132627 0.5095723
v 0.1822778 0.03132627 0.5237288
v 0.1529492 0.03132627 0.5359491
v 0.1189734 0.03132627 0.5458617
v 0.08138256 0.03132627 0.5531654
v 0.04131901 0.03132627 0.5576383
v -1.040098e-08 0.03132627 0.5591445
v -0.04131905 0.03132627 0.5576383
v -0.08138258 0.03132627 0.5531654
v -0.1189734 0.03132627 0.5458617
v -0.1529492 0.03132627 0.5359491
v -0.1822778 0.03132627 0.5237288
v -0.2060679 0.03132627 0.5095723
v -0.2235968 0.03132627 0.4939094
v -0.2343318 0.03132627 0.4772163
v -0.2379468 0.03132627 0.46
v -0.2343318 0.03132627 0.4427837
v -0.2235968 0.03132627 0.4260906
v -0.2060679 0.03132627 0.4104278
v -0.1822778 0.03132627 0.3962712
v -0.1529492 0.03132627 0.3840509
v -0.1189734 0.03132627 0.3741384
v -0.08138257 0.03132627 0.3668346
v -0.04131901 0.03132627 0.3623617
v 2.837487e-09 0.03132627 0.3608555
v 0.04131913 0.03132627 0.3623618
v 0.08138268 0.03132627 0.3668347
v 0.1189734 0.03132627 0.3741384
v 0.1529492 0.03132627 0.3840509
v 0.1822778 0.03132627 0.3962712
v 0.206068 0.03132627 0.4104278
v 0.2235968 0.03132627 0.4260906
v 0.2343318 0.03132627 0.4427838
v 0.2379468 0.03132627 0.46
v 0.24 -1.049073e-08 0.46
v 0.2363538 -1.049073e-08 0.4773648
v 0.2255262 -1.049073e-08 0.494202
v 0.2078461 -1.049073e-08 0.51
v 0.1838507 -1.049073e-08 0.5242788
v 0.154269 -1.049073e-08 0.5366045
v 0.12 -1.049073e-08 0.5466025
v 0.0820848 -1.049073e-08 0.5539693
v 0.04167555 -1.049073e-08 0.5584808
v -1.049073e-08 -1.049073e-08 0.56
v -0.04167559 -1.049073e-08 0.5584808
v -0.08208483 -1.049073e-08 0.5539693
v -0.12 -1.049073e-08 0.5466025
v -0.154269 -1.049073e-08 0.5366045
v -0.1838507 -1.049073e-08 0.5242788
v -0.2078461 -1.049073e-08 0.51
v -0.2255262 -1.049073e-08 0.494202
v -0.2363538 -1.049073e-08 0.4773648
v -0.24 -1.049073e-08 0.46
v -0.2363538 -1.049073e-08 0.4426351
v -0.2255262 -1.049073e-08 0.425798
v -0.2078461 -1.049073e-08 0.41
v -0.1838507 -1.049073e-08 0.3957213
v -0.154269 -1.049073e-08 0.3833956
v -0.12 -1.049073e-08 0.3733975
v -0.08208481 -1.049073e-08 0.3660308
v -0.04167555 -1.049073e-08 0.3615192
v 2.861971e-09 -1.049073e-08 0.36
v 0.04167567 -1.049073e-08 0.3615192
v 0.08208493 -1.049073e-08 0.3660308
v 0.12 -1.049073e-08 0.3733975
v 0.154269 -1.049073e-08 0.3833956
v 0.1838507 -1.049073e-08 0.3957213
v 0.2078461 -1.049073e-08 0.41
v 0.2255262 -1.049073e-08 0.425798
v 0.2363539 -1.049073e-08 0.4426352
v 0.24 -1.049073e-08 0.46
v 0.2379467 -0.03132632 0.46
v 0.2343318 -0.03132632 0.4772163
v 0.2235968 -0.03132632 0.4939094
v 0.2060679 -0.03132632 0.5095723
v 0.1822778 -0.03132632 0.5237288
v 0.1529492 -0.03132632 0.5359491
v 0.1189734 -0.03132632 0.5458617
v 0.08138256 -0.03132632 0.5531654
v 0.04131901 -0.03132632 0.5576383
v -1.040098e-08 -0.03132632 0.5591445
v -0.04131905 -0.03132632 0.5576383
v -0.08138257 -0.03132632 0.5531653
v -0.1189734 -0.03132632 0.5458617
v -0.1529492 -0.03132632 0.5359491
v -0.1822778 -0.03132632 0.5237288
v -0.2060679 -0.03132632 0.5095723
v -0.2235968 -0.03132632 0.4939094
v -0.2343318 -0.03132632 0.4772163
v -0.2379467 -0.03132632 0.46
v -0.2343318 -0.03132632 0.4427837
v -0.2235968 -0.03132632 0.4260906
v -0.2060679 -0.03132632 0.4104278
v -0.1822778 -0.03132632 0.3962712
v -0.1529492 -0.03132632 0.3840509
v -0.1189734 -0.03132632 0.3741384
v -0.08138256 -0.03132632 0.3668347
v -0.04131901 -0.03132632 0.3623617
v 2.837486e-09 -0.03132632 0.3608555
v 0.04131912 -0.03132632 0.3623618
v 0.08138268 -0.03132632 0.3668347
v 0.1189734 -0.03132632 0.3741384
v 0.1529492 -0.03132632 0.3840509
v 0.1822778 -0.03132632 0.3962712
v 0.206068 -0.03132632 0.4104278
v 0.2235968 -0.03132632 0.4260906
v 0.2343318 -0.03132632 0.4427838
v 0.2379467 -0.03132632 0.46
v 0.2318222 -0.06211657 0.46
v 0.2283003 -0.06211657 0.4767731
v 0.2178416 -0.06211657 0.4930366
v 0.2007639 -0.06211657 0.5082963
v 0.1775861 -0.06211657 0.5220885
v 0.1490124 -0.06211657 0.5339942
v 0.1159111 -0.06211657 0.5436516
v 0.07928783 -0.06211657 0.5507674
v 0.04025548 -0.06211657 0.5551251
v -1.013327e-08 -0.06211657 0.5565926
v -0.04025553 -0.06211657 0.5551251
v -0.07928786 -0.06211657 0.5507674
v -0.1159111 -0.06211657 0.5436516
v -0.1490124 -0.06211657 0.5339942
v -0.1775861 -0.06211657 0.5220885
v -0.2007639 -0.06211657 0.5082963
v -0.2178416 -0.06211657 0.4930366
v -0.2283003 -0.06211657 0.4767731
v -0.2318222 -0.06211657 0.46
v -0.2283003 -0.06211657 0.4432268
v -0.2178416 -0.06211657 0.4269634
v -0.2007639 -0.06211657 0.4117037
v -0.1775861 -0.06211657 0.3979115
v -0.1490124 -0.06211657 0.3860058
v -0.1159111 -0.06211657 0.3763484
v -0.07928784 -0.06211657 0.3692327
v -0.04025549 -0.06211657 0.3648749
v 2.764452e-09 -0.06211657 0.3634074
v 0.0402556 -0.06211657 0.3648749
v 0.07928795 -0.06211657 0.3692327
v 0.1159111 -0.06211657 0.3763484
v 0.1490124 -0.06211657 0.3860058
v 0.1775861 -0.06211657 0.3979115
v 0.2007639 -0.06211657 0.4117037
v 0.2178416 -0.06211657 0.4269634
v 0.2283003 -0.06211657 0.4432269
v 0.2318222 -0.06211657 0.46
v 0.2217311 -0.09184404 0.46
v 0.2183625 -0.09184404 0.476043
v 0.2083591 -0.09184404 0.4915985
v 0.1920248 -0.09184404 0.506194
v 0.1698558 -0.09184404 0.5193858
v 0.142526 -0.09184404 0.5307733
v 0.1108655 -0.09184404 0.5400103
v 0.07583646 -0.09184404 0.5468163
v 0.03850318 -0.09184404 0.5509844
v -9.692173e-09 -0.09184404 0.552388
v -0.03850322 -0.09184404 0.5509844
v -0.07583649 -0.09184404 0.5468163
v -0.1108656 -0.09184404 0.5400103
v -0.142526 -0.09184404 0.5307733
v -0.1698559 -0.09184404 0.5193858
v -0.1920248 -0.09184404 0.506194
v -0.2083591 -0.09184404 0.4915985
v -0.2183625 -0.09184404 0.476043
v -0.2217311 -0.09184404 0.46
v -0.2183625 -0.09184404 0.443957
v -0.208359 -0.09184404 0.4284014
v -0.1920248 -0.09184404 0.413806
v -0.1698559 -0.09184404 0.4006142
v -0.142526 -0.09184404 0.3892267
v -0.1108655 -0.09184404 0.3799897
v -0.07583647 -0.09184404 0.3731837
v -0.03850319 -0.09184404 0.3690156
v 2.644116e-09 -0.09184404 0.3676121
v 0.0385033 -0.09184404 0.3690156
v 0.07583658 -0.09184404 0.3731837
v 0.1108655 -0.09184404 0.3799897
v 0.142526 -0.09184404 0.3892267
v 0.1698559 -0.09184404 0.4006142
v 0.1920248 -0.09184404 0.4138061
v 0.208359 -0.09184404 0.4284014
v 0.2183625 -0.09184404 0.443957
v 0.2217311 -0.09184404 0.46
v 0.2078461 -0.12 0.46
v 0.2046884 -0.12 0.4750384
v 0.1953114 -0.12 0.4896198
v 0.18 -0.12 0.5033013
v 0.1592193 -0.12 0.5156671
v 0.1336009 -0.12 0.5263414
v 0.103923 -0.12 0.535
v 0.07108753 -0.12 0.5413798
v 0.03609208 -0.12 0.5452869
v -9.085241e-09 -0.12 0.5466025
v -0.03609212 -0.12 0.5452868
v -0.07108754 -0.12 0.5413797
v -0.1039231 -0.12 0.535
v -0.1336009 -0.12 0.5263414
v -0.1592194 -0.12 0.515667
v -0.18 -0.12 0.5033013
v -0.1953114 -0.12 0.4896198
v -0.2046884 -0.12 0.4750384
v -0.2078461 -0.12 0.46
v -0.2046884 -0.12 0.4449616
v -0.1953114 -0.12 0.4303802
v -0.18 -0.12 0.4166988
v -0.1592194 -0.12 0.404333
v -0.1336009 -0.12 0.3936586
v -0.103923 -0.12 0.385
v -0.07108753 -0.12 0.3786202
v -0.03609209 -0.12 0.3747132
v 2.47854e-09 -0.12 0.3733975
v 0.03609219 -0.12 0.3747132
v 0.07108763 -0.12 0.3786203
v 0.103923 -0.12 0.385
v 0.1336009 -0.12 0.3936586
v 0.1592194 -0.12 0.404333
v 0.18 -0.12 0.4166988
v 0.1953114 -0.12 0.4303802
v 0.2046884 -0.12 0.4449617
v 0.2078461 -0.12 0.46
v 0.1904048 -0.1461027 0.46
v 0.1875121 -0.1461027 0.4737765
v 0.178922 -0.1461027 0.4871343
v 0.1648954 -0.1461027 0.4996677
v 0.1458585 -0.1461027 0.5109958
v 0.1223898 -0.1461027 0.5207744
v 0.09520239 -0.1461027 0.5287064
v 0.06512225 -0.1461027 0.5345508
v 0.03306343 -0.1461027 0.53813
v -8.322858e-09 -0.1461027 0.5393354
v -0.03306347 -0.1461027 0.53813
v -0.06512228 -0.1461027 0.5345508
v -0.09520241 -0.1461027 0.5287064
v -0.1223899 -0.1461027 0.5207744
v -0.1458586 -0.1461027 0.5109957
v -0.1648954 -0.1461027 0.4996677
v -0.178922 -0.1461027 0.4871343
v -0.1875121 -0.1461027 0.4737765
v -0.1904048 -0.1461027 0.46
v -0.1875121 -0.1461027 0.4462236
v -0.178922 -0.1461027 0.4328657
v -0.1648954 -0.1461027 0.4203323
v -0.1458585 -0.1461027 0.4090042
v -0.1223898 -0.1461027 0.3992256
v -0.09520238 -0.1461027 0.3912936
v -0.06512226 -0.1461027 0.3854492
v -0.03306344 -0.1461027 0.3818699
v 2.270554e-09 -0.1461027 0.3806647
v 0.03306353 -0.1461027 0.38187
v 0.06512235 -0.1461027 0.3854492
v 0.09520238 -0.1461027 0.3912936
v 0.1223898 -0.1461027 0.3992256
v 0.1458586 -0.1461027 0.4090043
v 0.1648954 -0.1461027 0.4203324
v 0.178922 -0.1461027 0.4328657
v 0.1875121 -0.1461027 0.4462236
v 0.1904048 -0.1461027 0.46
v 0.1697056 -0.1697056 0.46
v 0.1671274 -0.1697056 0.4722788
v 0.1594711 -0.1697056 0.4841845
v 0.1469694 -0.1697056 0.4953553
v 0.1300021 -0.1697056 0.505452
v 0.1090847 -0.1697056 0.5141675
v 0.0848528 -0.1697056 0.5212373
v 0.05804272 -0.1697056 0.5264463
v 0.02946906 -0.1697056 0.5296364
v -7.418068e-09 -0.1697056 0.5307107
v -0.02946909 -0.1697056 0.5296364
v -0.05804274 -0.1697056 0.5264463
v -0.08485281 -0.1697056 0.5212373
v -0.1090847 -0.1697056 0.5141675
v -0.1300021 -0.1697056 0.5054519
v -0.1469694 -0.1697056 0.4953553
v -0.1594711 -0.1697056 0.4841845
v -0.1671274 -0.1697056 0.4722788
v -0.1697056 -0.1697056 0.46
v -0.1671274 -0.1697056 0.4477212
v -0.1594711 -0.1697056 0.4358155
v -0.1469694 -0.1697056 0.4246447
v -0.1300021 -0.1697056 0.4145481
v -0.1090847 -0.1697056 0.4058325
v -0.0848528 -0.1697056 0.3987628
v -0.05804273 -0.1697056 0.3935537
v -0.02946907 -0.1697056 0.3903636
v 2.023719e-09 -0.1697056 0.3892893
v 0.02946915 -0.1697056 0.3903636
v 0.05804281 -0.1697056 0.3935537
v 0.0848528 -0.1697056 0.3987628
v 0.1090847 -0.1697056 0.4058325
v 0.1300021 -0.1697056 0.4145481
v 0.1469694 -0.1697056 0.4246447
v 0.1594711 -0.1697056 0.4358155
v 0.1671274 -0.1697056 0.4477212
v 0.1697056 -0.1697056 0.46
v 0.1461027 -0.1904048 0.46
v 0.1438831 -0.1904048 0.470571
v 0.1372916 -0.1904048 0.4808209
v 0.1265287 -0.1904048 0.4904381
v 0.1119212 -0.1904048 0.4991304
v 0.093913 -0.1904048 0.5066338
v 0.07305134 -0.1904048 0.5127203
v 0.04997005 -0.1904048 0.5172049
v 0.02537046 -0.1904048 0.5199513
v -6.386351e-09 -0.1904048 0.5208761
v -0.02537049 -0.1904048 0.5199513
v -0.04997006 -0.1904048 0.5172049
v -0.07305136 -0.1904048 0.5127203
v -0.093913 -0.1904048 0.5066338
v -0.1119212 -0.1904048 0.4991304
v -0.1265287 -0.1904048 0.4904381
v -0.1372916 -0.1904048 0.4808209
v -0.1438831 -0.1904048 0.470571
v -0.1461027 -0.1904048 0.46
v -0.1438831 -0.1904048 0.449429
v -0.1372916 -0.1904048 0.4391791
v -0.1265287 -0.1904048 0.4295619
v -0.1119212 -0.1904048 0.4208696
v -0.09391299 -0.1904048 0.4133662
v -0.07305133 -0.1904048 0.4072797
v -0.04997005 -0.1904048 0.4027952
v -0.02537046 -0.1904048 0.4000487
v 1.742257e-09 -0.1904048 0.3991239
v 0.02537053 -0.1904048 0.4000487
v 0.04997012 -0.1904048 0.4027952
v 0.07305133 -0.1904048 0.4072797
v 0.09391299 -0.1904048 0.4133662
v 0.1119212 -0.1904048 0.4208696
v 0.1265287 -0.1904048 0.429562
v 0.1372916 -0.1904048 0.4391791
v 0.1438831 -0.1904048 0.449429
v 0.1461027 -0.1904048 0.46
v 0.12 -0.2078461 0.46
v 0.1181769 -0.2078461 0.4686824
v 0.1127631 -0.2078461 0.477101
v 0.1039231 -0.2078461 0.485
v 0.09192535 -0.2078461 0.4921394
v 0.07713451 -0.2078461 0.4983023
v 0.06 -0.2078461 0.5033013
v 0.04104241 -0.2078461 0.5069847
v 0.02083777 -0.2078461 0.5092404
v -5.245367e-09 -0.2078461 0.51
v -0.0208378 -0.2078461 0.5092404
v -0.04104242 -0.2078461 0.5069847
v -0.06000001 -0.2078461 0.5033013
v -0.07713452 -0.2078461 0.4983022
v -0.09192537 -0.2078461 0.4921394
v -0.1039231 -0.2078461 0.485
v -0.1127631 -0.2078461 0.477101
v -0.1181769 -0.2078461 0.4686824
v -0.12 -0.2078461 0.46
v -0.1181769 -0.2078461 0.4513176
v -0.1127631 -0.2078461 0.442899
v -0.1039231 -0.2078461 0.435
v -0.09192535 -0.2078461 0.4278606
v -0.0771345 -0.2078461 0.4216978
v -0.05999999 -0.2078461 0.4166987
v -0.04104241 -0.2078461 0.4130154
v -0.02083778 -0.2078461 0.4107596
v 1.430986e-09 -0.2078461 0.41
v 0.02083784 -0.2078461 0.4107596
v 0.04104247 -0.2078461 0.4130154
v 0.05999999 -0.2078461 0.4166987
v 0.0771345 -0.2078461 0.4216978
v 0.09192537 -0.2078461 0.4278606
v 0.1039231 -0.2078461 0.435
v 0.1127631 -0.2078461 0.442899
v 0.1181769 -0.2078461 0.4513176
v 0.12 -0.2078461 0.46
v 0.09184399 -0.2217311 0.46
v 0.09044866 -0.2217311 0.4666452
v 0.08630512 -0.2217311 0.4730886
v 0.07953922 -0.2217311 0.4791342
v 0.07035657 -0.2217311 0.4845984
v 0.05903617 -0.2217311 0.4893152
v 0.04592199 -0.2217311 0.4931414
v 0.03141248 -0.2217311 0.4959605
v 0.01594853 -0.2217311 0.497687
v -4.014628e-09 -0.2217311 0.4982683
v -0.01594855 -0.2217311 0.497687
v -0.03141249 -0.2217311 0.4959605
v -0.045922 -0.2217311 0.4931414
v -0.05903618 -0.2217311 0.4893152
v -0.07035659 -0.2217311 0.4845984
v -0.07953922 -0.2217311 0.4791342
v -0.08630513 -0.2217311 0.4730885
v -0.09044866 -0.2217311 0.4666452
v -0.09184399 -0.2217311 0.46
v -0.09044866 -0.2217311 0.4533548
v -0.08630511 -0.2217311 0.4469115
v -0.07953922 -0.2217311 0.4408658
v -0.07035658 -0.2217311 0.4354016
v -0.05903617 -0.2217311 0.4306848
v -0.04592199 -0.2217311 0.4268587
v -0.03141249 -0.2217311 0.4240395
v -0.01594854 -0.2217311 0.4223131
v 1.095229e-09 -0.2217311 0.4217317
v 0.01594858 -0.2217311 0.4223131
v 0.03141253 -0.2217311 0.4240395
v 0.04592199 -0.2217311 0.4268587
v 0.05903617 -0.2217311 0.4306848
v 0.07035659 -0.2217311 0.4354016
v 0.07953924 -0.2217311 0.4408658
v 0.08630511 -0.2217311 0.4469115
v 0.09044867 -0.2217311 0.4533548
v 0.09184399 -0.2217311 0.46
v 0.06211654 -0.2318222 0.46
v 0.06117285 -0.2318222 0.4644943
v 0.05837045 -0.2318222 0.4688521
v 0.0537945 -0.2318222 0.472941
v 0.04758403 -0.2318222 0.4766366
v 0.03992774 -0.2318222 0.4798267
v 0.03105827 -0.2318222 0.4824144
v 0.0212451 -0.2318222 0.484321
v 0.01078642 -0.2318222 0.4854887
v -2.7152e-09 -0.2318222 0.4858819
v -0.01078643 -0.2318222 0.4854887
v -0.02124511 -0.2318222 0.484321
v -0.03105827 -0.2318222 0.4824144
v -0.03992774 -0.2318222 0.4798267
v -0.04758404 -0.2318222 0.4766366
v -0.0537945 -0.2318222 0.472941
v -0.05837046 -0.2318222 0.4688521
v -0.06117285 -0.2318222 0.4644943
v -0.06211654 -0.2318222 0.46
v -0.06117285 -0.2318222 0.4555057
v -0.05837045 -0.2318222 0.4511479
v -0.0537945 -0.2318222 0.4470591
v -0.04758403 -0.2318222 0.4433635
v -0.03992774 -0.2318222 0.4401733
v -0.03105826 -0.2318222 0.4375856
v -0.0212451 -0.2318222 0.435679
v -0.01078642 -0.2318222 0.4345113
v 7.407323e-10 -0.2318222 0.4341181
v 0.01078645 -0.2318222 0.4345113
v 0.02124513 -0.2318222 0.435679
v 0.03105826 -0.2318222 0.4375856
v 0.03992774 -0.2318222 0.4401733
v 0.04758404 -0.2318222 0.4433635
v 0.05379451 -0.2318222 0.4470591
v 0.05837045 -0.2318222 0.4511479
v 0.06117285 -0.2318222 0.4555057
v 0.06211654 -0.2318222 0.46
v 0.03132626 -0.2379468 0.46
v 0.03085034 -0.2379468 0.4622666
v 0.02943705 -0.2379468 0.4644643
v 0.02712934 -0.2379468 0.4665263
v 0.02399731 -0.2379468 0.4683901
v 0.02013613 -0.2379468 0.4699989
v 0.01566313 -0.2379468 0.4713039
v 0.01071421 -0.2379468 0.4722655
v 0.005439746 -0.2379468 0.4728543
v -1.369314e-09 -0.2379468 0.4730526
v -0.005439751 -0.2379468 0.4728543
v -0.01071421 -0.2379468 0.4722655
v -0.01566313 -0.2379468 0.4713039
v -0.02013613 -0.2379468 0.4699989
v -0.02399731 -0.2379468 0.46839
v -0.02712934 -0.2379468 0.4665263
v -0.02943706 -0.2379468 0.4644642
v -0.03085034 -0.2379468 0.4622666
v -0.03132626 -0.2379468 0.46
v -0.03085034 -0.2379468 0.4577335
v -0.02943705 -0.2379468 0.4555357
v -0.02712934 -0.2379468 0.4534737
v -0.02399731 -0.2379468 0.45161
v -0.02013613 -0.2379468 0.4500011
v -0.01566313 -0.2379468 0.4486961
v -0.01071421 -0.2379468 0.4477346
v -0.005439746 -0.2379468 0.4471457
v 3.735619e-10 -0.2379468 0.4469474
v 0.005439762 -0.2379468 0.4471457
v 0.01071422 -0.2379468 0.4477346
v 0.01566313 -0.2379468 0.4486961
v 0.02013613 -0.2379468 0.4500011
v 0.02399731 -0.2379468 0.45161
v 0.02712934 -0.2379468 0.4534737
v 0.02943705 -0.2379468 0.4555357
v 0.03085034 -0.2379468 0.4577335
v 0.03132626 -0.2379468 0.46
v -2.098147e-08 -0.24 0.46
v -2.066271e-08 -0.24 0.46
v -1.971613e-08 -0.24 0.46
v -1.817048e-08 -0.24 0.46
v -1.607274e-08 -0.24 0.46
v -1.348663e-08 -0.24 0.46
v -1.049073e-08 -0.24 0.46
v -7.176082e-09 -0.24 0.46
v -3.643392e-09 -0.24 0.46
v 9.171291e-16 -0.24 0.46
v 3.643396e-09 -0.24 0.46
v 7.176084e-09 -0.24 0.46
v 1.049073e-08 -0.24 0.46
v 1.348663e-08 -0.24 0.46
v 1.607274e-08 -0.24 0.46
v 1.817048e-08 -0.24 0.46
v 1.971613e-08 -0.24 0.46
v 2.066271e-08 -0.24 0.46
v 2.098147e-08 -0.24 0.46
v 2.066271e-08 -0.24 0.46
v 1.971613e-08 -0.24 0.46
v 1.817048e-08 -0.24 0.46
v 1.607274e-08 -0.24 0.46
v 1.348662e-08 -0.24 0.46
v 1.049073e-08 -0.24 0.46
v 7.176083e-09 -0.24 0.46
v 3.643392e-09 -0.24 0.46
v -2.502015e-16 -0.24 0.46
v -3.643403e-09 -0.24 0.46
v -7.176092e-09 -0.24 0.46
v -1.049073e-08 -0.24 0.46
v -1.348662e-08 -0.24 0.46
v -1.607274e-08 -0.24 0.46
v -1.817049e-08 -0.24 0.46
v -1.971613e-08 -0.24 0.46
v -2.066271e-08 -0.24 0.46
v -2.098147e-08 -0.24 0.46
vt 0 0
vt 0.02777778 0
vt 0.05555556 0
vt 0.08333334 0
vt 0.1111111 0
vt 0.1388889 0
vt 0.1666667 0
vt 0.1944444 0
vt 0.2222222 0
vt 0.25 0
vt 0.2777778 0
vt 0.3055556 0
vt 0.3333333 0
vt 0.3611111 0
vt 0.3888889 0
vt 0.4166667 0
vt 0.4444444 0
vt 0.4722222 0
vt 0.5 0
vt 0.5277778 0
vt 0.5555556 0
vt 0.5833333 0
vt 0.6111111 0
vt 0.6388889 0
vt 0.6666667 0
vt 0.6944444 0
vt 0.7222222 0
vt 0.75 0
vt 0.7777778 0
vt 0.8055556 0
vt 0.8333333 0
vt 0.8611111 0
vt 0.8888889 0
vt 0.9166667 0
vt 0.9444444 0
vt 0.9722222 0
vt 1 0
vt 0 0.04166667
vt 0.02777778 0.04166667
vt 0.05555556 0.04166667
vt 0.08333334 0.04166667
vt 0.1111111 0.04166667
vt 0.1388889 0.04166667
vt 0.1666667 0.04166667
vt 0.1944444 0.04166667
vt 0.2222222 0.04166667
vt 0.25 0.04166667
vt 0.2777778 0.04166667
vt 0.3055556 0.04166667
vt 0.3333333 0.04166667
vt 0.3611111 0.04166667
vt 0.3888889 0.04166667
vt 0.4166667 0.04166667
vt 0.4444444 0.04166667
vt 0.4722222 0.04166667
vt 0.5 0.04166667
vt 0.5277778 0.04166667
vt 0.5555556 0.04166667
vt 0.5833333 0.04166667
vt 0.6111111 0.04166667
vt 0.6388889 0.04166667
vt 0.6666667 0.04166667
vt 0.6944444 0.04166667
vt 0.7222222 0.04166667
vt 0.75 0.04166667
vt 0.7777778 0.04166667
vt 0.8055556 0.04166667
vt 0.8333333 0.04166667
vt 0.8611111 0.04166667
vt 0.8888889 0.04166667
vt 0.9166667 0.04166667
vt 0.9444444 0.04166667
vt 0.9722222 0.04166667
vt 1 0.04166667
vt 0 0.08333334
vt 0.02777778 0.08333334
vt 0.05555556 0.08333334
vt 0.08333334 0.08333334
vt 0.1111111 0.08333334
vt 0.1388889 0.08333334
vt 0.1666667 0.08333334
vt 0.1944444 0.08333334
vt 0.2222222 0.08333334
vt 0.25 0.08333334
vt 0.2777778 0.08333334
vt 0.3055556 0.08333334
vt 0.3333333 0.08333334
vt 0.3611111 0.08333334
vt 0.3888889 0.08333334
vt 0.4166667 0.08333334
vt 0.4444444 0.08333334
vt 0.4722222 0.08333334
vt 0.5 0.08333334
vt 0.5277778 0.08333334
vt 0.5555556 0.08333334
vt 0.5833333 0.08333334
vt 0.6111111 0.08333334
vt 0.6388889 0.08333334
vt 0.6666667 0.08333334
vt 0.6944444 0.08333334
vt 0.7222222 0.08333334
vt 0.75 0.08333334
vt 0.7777778 0.08333334
vt 0.8055556 0.08333334
vt 0.8333333 0.08333334
vt 0.8611111 0.08333334
vt 0.8888889 0.08333334
vt 0.9166667 0.08333334
vt 0.9444444 0.08333334
vt 0.9722222 0.08333334
vt 1 0.08333334
vt 0 0.125
vt 0.02777778 0.125
vt 0.05555556 0.125
vt 0.08333334 0.125
vt 0.1111111 0.125
vt 0.1388889 0.125
vt 0.1666667 0.125
vt 0.1944444 0.125
vt 0.2222222 0.125
vt 0.25 0.125
vt 0.2777778 0.125
vt 0.3055556 0.125
vt 0.3333333 0.125
vt 0.3611111 0.125
vt 0.3888889 0.125
vt 0.4166667 0.125
vt 0.4444444 0.125
vt 0.4722222 0.125
vt 0.5 0.125
vt 0.5277778 0.125
vt 0.5555556 0.125
vt 0.5833333 0.125
vt 0.6111111 0.125
vt 0.6388889 0.125
vt 0.6666667 0.125
vt 0.6944444 0.125
vt 0.7222222 0.125
vt 0.75 0.125
vt 0.7777778 0.125
vt 0.8055556 0.125
vt 0.8333333 0.125
vt 0.8611111 0.125
vt 0.8888889 0.125
vt 0.9166667 0.125
vt 0.9444444 0.125
vt 0.9722222 0.125
vt 1 0.125
vt 0 0.1666667
vt 0.02777778 0.1666667
vt 0.05555556 0.1666667
vt 0.08333334 0.1666667
vt 0.1111111 0.1666667
vt 0.1388889 0.1666667
vt 0.1666667 0.1666667
vt 0.1944444 0.1666667
vt 0.2222222 0.1666667
vt 0.25 0.1666667
vt 0.2777778 0.1666667
vt 0.3055556 0.1666667
vt 0.3333333 0.1666667
vt 0.3611111 0.1666667
vt 0.3888889 0.1666667
vt 0.4166667 0.1666667
vt 0.4444444 0.1666667
vt 0.4722222 0.1666667
vt 0.5 0.1666667
vt 0.5277778 0.1666667
vt 0.5555556 0.1666667
vt 0.5833333 0.1666667
vt 0.6111111 0.1666667
vt 0.6388889 0.1666667
vt 0.6666667 0.1666667
vt 0.6944444 0.1666667
vt 0.7222222 0.1666667
vt 0.75 0.1666667
vt 0.7777778 0.1666667
vt 0.8055556 0.1666667
vt 0.8333333 0.1666667
vt 0.8611111 0.1666667
vt 0.8888889 0.1666667
vt 0.9166667 0.1666667
vt 0.9444444 0.1666667
vt 0.9722222 0.1666667
vt 1 0.1666667
vt 0 0.2083333
vt 0.02777778 0.2083333
vt 0.05555556 0.2083333
vt 0.08333334 0.2083333
vt 0.1111111 0.2083333
vt 0.1388889 0.2083333
vt 0.1666667 0.2083333
vt 0.1944444 0.2083333
vt 0.2222222 0.2083333
vt 0.25 0.2083333
vt 0.2777778 0.2083333
vt 0.3055556 0.2083333
vt 0.3333333 0.2083333
vt 0.3611111 0.2083333
vt 0.3888889 0.2083333
vt 0.4166667 0.2083333
vt 0.4444444 0.2083333
vt 0.4722222 0.2083333
vt 0.5 0.2083333
vt 0.5277778 0.2083333
vt 0.5555556 0.2083333
vt 0.5833333 0.2083333
vt 0.6111111 0.2083333
vt 0.6388889 0.2083333
vt 0.6666667 0.2083333
vt 0.6944444 0.2083333
vt 0.7222222 0.2083333
vt 0.75 0.2083333
vt 0.7777778 0.2083333
vt 0.8055556 0.2083333
vt 0.8333333 0.2083333
vt 0.8611111 0.2083333
vt 0.8888889 0.2083333
vt 0.9166667 0.2083333
vt 0.9444444 0.2083333
vt 0.9722222 0.2083333
vt 1 0.2083333
vt 0 0.25
vt 0.02777778 0.25
vt 0.05555556 0.25
vt 0.08333334 0.25
vt 0.1111111 0.25
vt 0.1388889 0.25
vt 0.1666667 0.25
vt 0.1944444 0.25
vt 0.2222222 0.25
vt 0.25 0.25
vt 0.2777778 0.25
vt 0.3055556 0.25
vt 0.3333333 0.25
vt 0.3611111 0.25
vt 0.3888889 0.25
vt 0.4166667 0.25
vt 0.4444444 0.25
vt 0.4722222 0.25
vt 0.5 0.25
vt 0.5277778 0.25
vt 0.5555556 0.25
vt 0.5833333 0.25
vt 0.6111111 0.25
vt 0.6388889 0.25
vt 0.6666667 0.25
vt 0.6944444 0.25
vt 0.7222222 0.25
vt 0.75 0.25
vt 0.7777778 0.25
vt 0.8055556 0.25
vt 0.8333333 0.25
vt 0.8611111 0.25
vt 0.8888889 0.25
vt 0.9166667 0.25
vt 0.9444444 0.25
vt 0.9722222 0.25
vt 1 0.25
vt 0 0.2916667
vt 0.02777778 0.2916667
vt 0.05555556 0.2916667
vt 0.08333334 0.2916667
vt 0.1111111 0.2916667
vt 0.1388889 0.2916667
vt 0.1666667 0.2916667
vt 0.1944444 0.2916667
vt 0.2222222 0.2916667
vt 0.25 0.2916667
vt 0.2777778 0.2916667
vt 0.3055556 0.2916667
vt 0.3333333 0.2916667
vt 0.3611111 0.2916667
vt 0.3888889 0.2916667
vt 0.4166667 0.2916667
vt 0.4444444 0.2916667
vt 0.4722222 0.2916667
vt 0.5 0.2916667
vt 0.5277778 0.2916667
vt 0.5555556 0.2916667
vt 0.5833333 0.2916667
vt 0.6111111 0.2916667
vt 0.6388889 0.2916667
vt 0.6666667 0.2916667
vt 0.6944444 0.2916667
vt 0.7222222 0.2916667
vt 0.75 0.2916667
vt 0.7777778 0.2916667
vt 0.8055556 0.2916667
vt 0.8333333 0.2916667
vt 0.8611111 0.2916667
vt 0.8888889 0.2916667
vt 0.9166667 0.2916667
vt 0.9444444 0.2916667
vt 0.9722222 0.2916667
vt 1 0.2916667
vt 0 0.3333333
vt 0.02777778 0.3333333
vt 0.05555556 0.3333333
vt 0.08333334 0.3333333
vt 0.1111111 0.3333333
vt 0.1388889 0.3333333
vt 0.1666667 0.3333333
vt 0.1944444 0.3333333
vt 0.2222222 0.3333333
vt 0.25 0.3333333
vt 0.2777778 0.3333333
vt 0.3055556 0.3333333
vt 0.3333333 0.3333333
vt 0.3611111 0.3333333
vt 0.3888889 0.3333333
vt 0.4166667 0.3333333
vt 0.4444444 0.3333333
vt 0.4722222 0.3333333
vt 0.5 0.3333333
vt 0.5277778 0.3333333
vt 0.5555556 0.3333333
vt 0.5833333 0.3333333
vt 0.6111111 0.3333333
vt 0.6388889 0.3333333
vt 0.6666667 0.3333333
vt 0.6944444 0.3333333
vt 0.7222222 0.3333333
vt 0.75 0.3333333
vt 0.7777778 0.3333333
vt 0.8055556 0.3333333
vt 0.8333333 0.3333333
vt 0.8611111 0.3333333
vt 0.8888889 0.3333333
vt 0.9166667 0.3333333
vt 0.9444444 0.3333333
vt 0.9722222 0.3333333
vt 1 0.3333333
vt 0 0.375
vt 0.02777778 0.375
vt 0.05555556 0.375
vt 0.08333334 0.375
vt 0.1111111 0.375
vt 0.1388889 0.375
vt 0.1666667 0.375
vt 0.1944444 0.375
vt 0.2222222 0.375
vt 0.25 0.375
vt 0.2777778 0.375
vt 0.3055556 0.375
vt 0.3333333 0.375
vt 0.3611111 0.375
vt 0.3888889 0.375
vt 0.4166667 0.375
vt 0.4444444 0.375
vt 0.4722222 0.375
vt 0.5 0.375
vt 0.5277778 0.375
vt 0.5555556 0.375
vt 0.5833333 0.375
vt 0.6111111 0.375
vt 0.6388889 0.375
vt 0.6666667 0.375
vt 0.6944444 0.375
vt 0.7222222 0.375
vt 0.75 0.375
vt 0.7777778 0.375
vt 0.8055556 0.375
vt 0.8333333 0.375
vt 0.8611111 0.375
vt 0.8888889 0.375
vt 0.9166667 0.375
vt 0.9444444 0.375
vt 0.9722222 0.375
vt 1 0.375
vt 0 0.4166667
vt 0.02777778 0.4166667
vt 0.05555556 0.4166667
vt 0.08333334 0.4166667
vt 0.1111111 0.4166667
vt 0.1388889 0.4166667
vt 0.1666667 0.4166667
vt 0.1944444 0.4166667
vt 0.2222222 0.4166667
vt 0.25 0.4166667
vt 0.2777778 0.4166667
vt 0.3055556 0.4166667
vt 0.3333333 0.4166667
vt 0.3611111 0.4166667
vt 0.3888889 0.4166667
vt 0.4166667 0.4166667
vt 0.4444444 0.4166667
vt 0.4722222 0.4166667
vt 0.5 0.4166667
vt 0.5277778 0.4166667
vt 0.5555556 0.4166667
vt 0.5833333 0.4166667
vt 0.6111111 0.4166667
vt 0.6388889 0.4166667
vt 0.6666667 0.4166667
vt 0.6944444 0.4166667
vt 0.7222222 0.4166667
vt 0.75 0.4166667
vt 0.7777778 0.4166667
vt 0.8055556 0.4166667
vt 0.8333333 0.4166667
vt 0.8611111 0.4166667
vt 0.8888889 0.4166667
vt 0.9166667 0.4166667
vt 0.9444444 0.4166667
vt 0.9722222 0.4166667
vt 1 0.4166667
vt 0 0.4583333
vt 0.02777778 0.4583333
vt 0.05555556 0.4583333
vt 0.08333334 0.4583333
vt 0.1111111 0.4583333
vt 0.1388889 0.4583333
vt 0.1666667 0.4583333
vt 0.1944444 0.4583333
vt 0.2222222 0.4583333
vt 0.25 0.4583333
vt 0.2777778 0.4583333
vt 0.3055556 0.4583333
vt 0.3333333 0.4583333
vt 0.3611111 0.4583333
vt 0.3888889 0.4583333
vt 0.4166667 0.4583333
vt 0.4444444 0.4583333
vt 0.4722222 0.4583333
vt 0.5 0.4583333
vt 0.5277778 0.4583333
vt 0.5555556 0.4583333
vt 0.5833333 0.4583333
vt 0.6111111 0.4583333
vt 0.6388889 0.4583333
vt 0.6666667 0.4583333
vt 0.6944444 0.4583333
vt 0.7222222 0.4583333
vt 0.75 0.4583333
vt 0.7777778 0.4583333
vt 0.8055556 0.4583333
vt 0.8333333 0.4583333
vt 0.8611111 0.4583333
vt 0.8888889 0.4583333
vt 0.9166667 0.4583333
vt 0.9444444 0.4583333
vt 0.9722222 0.4583333
vt 1 0.4583333
vt 0 0.5
vt 0.02777778 0.5
vt 0.05555556 0.5
vt 0.08333334 0.5
vt 0.1111111 0.5
vt 0.1388889 0.5
vt 0.1666667 0.5
vt 0.1944444 0.5
vt 0.2222222 0.5
vt 0.25 0.5
vt 0.2777778 0.5
vt 0.3055556 0.5
vt 0.3333333 0.5
vt 0.3611111 0.5
vt 0.3888889 0.5
vt 0.4166667 0.5
vt 0.4444444 0.5
vt 0.4722222 0.5
vt 0.5 0.5
vt 0.5277778 0.5
vt 0.5555556 0.5
vt 0.5833333 0.5
vt 0.6111111 0.5
vt 0.6388889 0.5
vt 0.6666667 0.5
vt 0.6944444 0.5
vt 0.7222222 0.5
vt 0.75 0.5
vt 0.7777778 0.5
vt 0.8055556 0.5
vt 0.8333333 0.5
vt 0.8611111 0.5
vt 0.8888889 0.5
vt 0.9166667 0.5
vt 0.9444444 0.5
vt 0.9722222 0.5
vt 1 0.5
vt 0 0.5416667
vt 0.02777778 0.5416667
vt 0.05555556 0.5416667
vt 0.08333334 0.5416667
vt 0.1111111 0.5416667
vt 0.1388889 0.5416667
vt 0.1666667 0.5416667
vt 0.1944444 0.5416667
vt 0.2222222 0.5416667
vt 0.25 0.5416667
vt 0.2777778 0.5416667
vt 0.3055556 0.5416667
vt 0.3333333 0.5416667
vt 0.3611111 0.5416667
vt 0.3888889 0.5416667
vt 0.4166667 0.5416667
vt 0.4444444 0.5416667
vt 0.4722222 0.5416667
vt 0.5 0.5416667
vt 0.5277778 0.5416667
vt 0.5555556 0.5416667
vt 0.5833333 0.5416667
vt 0.6111111 0.5416667
vt 0.6388889 0.5416667
vt 0.6666667 0.5416667
vt 0.6944444 0.5416667
vt 0.7222222 0.5416667
vt 0.75 0.5416667
vt 0.7777778 0.5416667
vt 0.8055556 0.5416667
vt 0.8333333 0.5416667
vt 0.8611111 0.5416667
vt 0.8888889 0.5416667
vt 0.9166667 0.5416667
vt 0.9444444 0.5416667
vt 0.9722222 0.5416667
vt 1 0.5416667
vt 0 0.5833333
vt 0.02777778 0.5833333
vt 0.05555556 0.5833333
vt 0.08333334 0.5833333
vt 0.1111111 0.5833333
vt 0.1388889 0.5833333
vt 0.1666667 0.5833333
vt 0.1944444 0.5833333
vt 0.2222222 0.5833333
vt 0.25 0.5833333
vt 0.2777778 0.5833333
vt 0.3055556 0.5833333
vt 0.3333333 0.5833333
vt 0.3611111 0.5833333
vt 0.3888889 0.5833333
vt 0.4166667 0.5833333
vt 0.4444444 0.5833333
vt 0.4722222 0.5833333
vt 0.5 0.5833333
vt 0.5277778 0.5833333
vt 0.5555556 0.5833333
vt 0.5833333 0.5833333
vt 0.6111111 0.5833333
vt 0.6388889 0.5833333
vt 0.6666667 0.5833333
vt 0.6944444 0.5833333
vt 0.7222222 0.5833333
vt 0.75 0.5833333
vt 0.7777778 0.5833333
vt 0.8055556 0.5833333
vt 0.8333333 0.5833333
vt 0.8611111 0.5833333
vt 0.8888889 0.5833333
vt 0.9166667 0.5833333
vt 0.9444444 0.5833333
vt 0.9722222 0.5833333
vt 1 0.5833333
vt 0 0.625
vt 0.02777778 0.625
vt 0.05555556 0.625
vt 0.08333334 0.625
vt 0.1111111 0.625
vt 0.1388889 0.625
vt 0.1666667 0.625
vt 0.1944444 0.625
vt 0.2222222 0.625
vt 0.25 0.625
vt 0.2777778 0.625
vt 0.3055556 0.625
vt 0.3333333 0.625
vt 0.3611111 0.625
vt 0.3888889 0.625
vt 0.4166667 0.625
vt 0.4444444 0.625
vt 0.4722222 0.625
vt 0.5 0.625
vt 0.5277778 0.625
vt 0.5555556 0.625
vt 0.5833333 0.625
vt 0.6111111 0.625
vt 0.6388889 0.625
vt 0.6666667 0.625
vt 0.6944444 0.625
vt 0.7222222 0.625
vt 0.75 0.625
vt 0.7777778 0.625
vt 0.8055556 0.625
vt 0.8333333 0.625
vt 0.8611111 0.625
vt 0.8888889 0.625
vt 0.9166667 0.625
vt 0.9444444 0.625
vt 0.9722222 0.625
vt 1 0.625
vt 0 0.6666667
vt 0.02777778 0.6666667
vt 0.05555556 0.6666667
vt 0.08333334 0.6666667
vt 0.1111111 0.6666667
vt 0.1388889 0.6666667
vt 0.1666667 0.6666667
vt 0.1944444 0.6666667
vt 0.2222222 0.6666667
vt 0.25 0.6666667
vt 0.2777778 0.6666667
vt 0.3055556 0.6666667
vt 0.3333333 0.6666667
vt 0.3611111 0.6666667
vt 0.3888889 0.6666667
vt 0.4166667 0.6666667
vt 0.4444444 0.6666667
vt 0.4722222 0.6666667
vt 0.5 0.6666667
vt 0.5277778 0.6666667
vt 0.5555556 0.6666667
vt 0.5833333 0.6666667
vt 0.6111111 0.6666667
vt 0.6388889 0.6666667
vt 0.6666667 0.6666667
vt 0.6944444 0.6666667
vt 0.7222222 0.6666667
vt 0.75 0.6666667
vt 0.7777778 0.6666667
vt 0.8055556 0.6666667
vt 0.8333333 0.6666667
vt 0.8611111 0.6666667
vt 0.8888889 0.6666667
vt 0.9166667 0.6666667
vt 0.9444444 0.6666667
vt 0.9722222 0.6666667
vt 1 0.6666667
vt 0 0.7083333
vt 0.02777778 0.7083333
vt 0.05555556 0.7083333
vt 0.08333334 0.7083333
vt 0.1111111 0.7083333
vt 0.1388889 0.7083333
vt 0.1666667 0.7083333
vt 0.1944444 0.7083333
vt 0.2222222 0.7083333
vt 0.25 0.7083333
vt 0.2777778 0.7083333
vt 0.3055556 0.7083333
vt 0.3333333 0.7083333
vt 0.3611111 0.7083333
vt 0.3888889 0.7083333
vt 0.4166667 0.7083333
vt 0.4444444 0.7083333
vt 0.4722222 0.7083333
vt 0.5 0.7083333
vt 0.5277778 0.7083333
vt 0.5555556 0.7083333
vt 0.5833333 0.7083333
vt 0.6111111 0.7083333
vt 0.6388889 0.7083333
vt 0.6666667 0.7083333
vt 0.6944444 0.7083333
vt 0.7222222 0.7083333
vt 0.75 0.7083333
vt 0.7777778 0.7083333
vt 0.8055556 0.7083333
vt 0.8333333 0.7083333
vt 0.8611111 0.7083333
vt 0.8888889 0.7083333
vt 0.9166667 0.7083333
vt 0.9444444 0.7083333
vt 0.9722222 0.7083333
vt 1 0.7083333
vt 0 0.75
vt 0.02777778 0.75
vt 0.05555556 0.75
vt 0.08333334 0.75
vt 0.1111111 0.75
vt 0.1388889 0.75
vt 0.1666667 0.75
vt 0.1944444 0.75
vt 0.2222222 0.75
vt 0.25 0.75
vt 0.2777778 0.75
vt 0.3055556 0.75
vt 0.3333333 0.75
vt 0.3611111 0.75
vt 0.3888889 0.75
vt 0.4166667 0.75
vt 0.4444444 0.75
vt 0.4722222 0.75
vt 0.5 0.75
vt 0.5277778 0.75
vt 0.5555556 0.75
vt 0.5833333 0.75
vt 0.6111111 0.75
vt 0.6388889 0.75
vt 0.6666667 0.75
vt 0.6944444 0.75
vt 0.7222222 0.75
vt 0.75 0.75
vt 0.7777778 0.75
vt 0.8055556 0.75
vt 0.8333333 0.75
vt 0.8611111 0.75
vt 0.8888889 0.75
vt 0.9166667 0.75
vt 0.9444444 0.75
vt 0.9722222 0.75
vt 1 0.75
vt 0 0.7916667
vt 0.02777778 0.7916667
vt 0.05555556 0.7916667
vt 0.08333334 0.7916667
vt 0.1111111 0.7916667
vt 0.1388889 0.7916667
vt 0.1666667 0.7916667
vt 0.1944444 0.7916667
vt 0.2222222 0.7916667
vt 0.25 0.7916667
vt 0.2777778 0.7916667
vt 0.3055556 0.7916667
vt 0.3333333 0.7916667
vt 0.3611111 0.7916667
vt 0.3888889 0.7916667
vt 0.4166667 0.7916667
vt 0.4444444 0.7916667
vt 0.4722222 0.7916667
vt 0.5 0.7916667
vt 0.5277778 0.7916667
vt 0.5555556 0.7916667
vt 0.5833333 0.7916667
vt 0.6111111 0.7916667
vt 0.6388889 0.7916667
vt 0.6666667 0.7916667
vt 0.6944444 0.7916667
vt 0.7222222 0.7916667
vt 0.75 0.7916667
vt 0.7777778 0.7916667
vt 0.8055556 0.7916667
vt 0.8333333 0.7916667
vt 0.8611111 0.7916667
vt 0.8888889 0.7916667
vt 0.9166667 0.7916667
vt 0.9444444 0.7916667
vt 0.9722222 0.7916667
vt 1 0.7916667
vt 0 0.8333333
vt 0.02777778 0.8333333
vt 0.05555556 0.8333333
vt 0.08333334 0.8333333
vt 0.1111111 0.8333333
vt 0.1388889 0.8333333
vt 0.1666667 0.8333333
vt 0.1944444 0.8333333
vt 0.2222222 0.8333333
vt 0.25 0.8333333
vt 0.2777778 0.8333333
vt 0.3055556 0.8333333
vt 0.3333333 0.8333333
vt 0.3611111 0.8333333
vt 0.3888889 0.8333333
vt 0.4166667 0.8333333
vt 0.4444444 0.8333333
vt 0.4722222 0.8333333
vt 0.5 0.8333333
vt 0.5277778 0.8333333
vt 0.5555556 0.8333333
vt 0.5833333 0.8333333
vt 0.6111111 0.8333333
vt 0.6388889 0.8333333
vt 0.6666667 0.8333333
vt 0.6944444 0.8333333
vt 0.7222222 0.8333333
vt 0.75 0.8333333
vt 0.7777778 0.8333333
vt 0.8055556 0.8333333
vt 0.8333333 0.8333333
vt 0.8611111 0.8333333
vt 0.8888889 0.8333333
vt 0.9166667 0.8333333
vt 0.9444444 0.8333333
vt 0.9722222 0.8333333
vt 1 0.8333333
vt 0 0.875
vt 0.02777778 0.875
vt 0.05555556 0.875
vt 0.08333334 0.875
vt 0.1111111 0.875
vt 0.1388889 0.875
vt 0.1666667 0.875
vt 0.1944444 0.875
vt 0.2222222 0.875
vt 0.25 0.875
vt 0.2777778 0.875
vt 0.3055556 0.875
vt 0.3333333 0.875
vt 0.3611111 0.875
vt 0.3888889 0.875
vt 0.4166667 0.875
vt 0.4444444 0.875
vt 0.4722222 0.875
vt 0.5 0.875
vt 0.5277778 0.875
vt 0.5555556 0.875
vt 0.5833333 0.875
vt 0.6111111 0.875
vt 0.6388889 0.875
vt 0.6666667 0.875
vt 0.6944444 0.875
vt 0.7222222 0.875
vt 0.75 0.875
vt 0.7777778 0.875
vt 0.8055556 0.875
vt 0.8333333 0.875
vt 0.8611111 0.875
vt 0.8888889 0.875
vt 0.9166667 0.875
vt 0.9444444 0.875
vt 0.9722222 0.875
vt 1 0.875
vt 0 0.9166667
vt 0.02777778 0.9166667
vt 0.05555556 0.9166667
vt 0.08333334 0.9166667
vt 0.1111111 0.9166667
vt 0.1388889 0.9166667
vt 0.1666667 0.9166667
vt 0.1944444 0.9166667
vt 0.2222222 0.9166667
vt 0.25 0.9166667
vt 0.2777778 0.9166667
vt 0.3055556 0.9166667
vt 0.3333333 0.9166667
vt 0.3611111 0.9166667
vt 0.3888889 0.9166667
vt 0.4166667 0.9166667
vt 0.4444444 0.9166667
vt 0.4722222 0.9166667
vt 0.5 0.9166667
vt 0.5277778 0.9166667
vt 0.5555556 0.9166667
vt 0.5833333 0.9166667
vt 0.6111111 0.9166667
vt 0.6388889 0.9166667
vt 0.6666667 0.9166667
vt 0.6944444 0.9166667
vt 0.7222222 0.9166667
vt 0.75 0.9166667
vt 0.7777778 0.9166667
vt 0.8055556 0.9166667
vt 0.8333333 0.9166667
vt 0.8611111 0.9166667
vt 0.8888889 0.9166667
vt 0.9166667 0.9166667
vt 0.9444444 0.9166667
vt 0.9722222 0.9166667
vt 1 0.9166667
vt 0 0.9583333
vt 0.02777778 0.9583333
vt 0.05555556 0.9583333
vt 0.08333334 0.9583333
vt 0.1111111 0.9583333
vt 0.1388889 0.9583333
vt 0.1666667 0.9583333
vt 0.1944444 0.9583333
vt 0.2222222 0.9583333
vt 0.25 0.9583333
vt 0.2777778 0.9583333
vt 0.3055556 0.9583333
vt 0.3333333 0.9583333
vt 0.3611111 0.9583333
vt 0.3888889 0.9583333
vt 0.4166667 0.9583333
vt 0.4444444 0.9583333
vt 0.4722222 0.9583333
vt 0.5 0.9583333
vt 0.5277778 0.9583333
vt 0.5555556 0.9583333
vt 0.5833333 0.9583333
vt 0.6111111 0.9583333
vt 0.6388889 0.9583333
vt 0.6666667 0.9583333
vt 0.6944444 0.9583333
vt 0.7222222 0.9583333
vt 0.75 0.9583333
vt 0.7777778 0.9583333
vt 0.8055556 0.9583333
vt 0.8333333 0.9583333
vt 0.8611111 0.9583333
vt 0.8888889 0.9583333
vt 0.9166667 0.9583333
vt 0.9444444 0.9583333
vt 0.9722222 0.9583333
vt 1 0.9583333
vt 0 1
vt 0.02777778 1
vt 0.05555556 1
vt 0.08333334 1
vt 0.1111111 1
vt 0.1388889 1
vt 0.1666667 1
vt 0.1944444 1
vt 0.2222222 1
vt 0.25 1
vt 0.2777778 1
vt 0.3055556 1
vt 0.3333333 1
vt 0.3611111 1
vt 0.3888889 1
vt 0.4166667 1
vt 0.4444444 1
vt 0.4722222 1
vt 0.5 1
vt 0.5277778 1
vt 0.5555556 1
vt 0.5833333 1
vt 0.6111111 1
vt 0.6388889 1
vt 0.6666667 1
vt 0.6944444 1
vt 0.7222222 1
vt 0.75 1
vt 0.7777778 1
vt 0.8055556 1
vt 0.8333333 1
vt 0.8611111 1
vt 0.8888889 1
vt 0.9166667 1
vt 0.9444444 1
vt 0.9722222 1
vt 1 1
vn 0 1 0
vn 0 1 0
vn 0 1 0
vn 0 1 0
vn 0 1 0
vn 0 1 0
vn 0 1 0
vn 0 1 0
vn 0 1 0
vn 0 1 0
vn 0 1 0
vn 0 1 0
vn 0 1 0
vn 0 1 0
vn 0 1 0
vn 0 1 0
vn 0 1 0
vn 0 1 0
vn 0 1 0
vn 0 1 0
vn 0 1 0
vn 0 1 0
vn 0 1 0
vn 0 1 0
vn 0 1 0
vn 0 1 0
vn 0 1 0
vn 0 1 0
vn 0 1 0
vn 0 1 0
vn 0 1 0
vn 0 1 0
vn 0 1 0
vn 0 1 0
vn 0 1 0
vn 0 1 0
vn 0 1 0
vn 0.1305335 0.9914439 0
vn 0.1283909 0.9902333 0.05434849
vn 0.1220837 0.9867743 0.1066402
vn 0.1119162 0.9815423 0.1550791
vn 0.09835896 0.9752379 0.1980819
vn 0.08197749 0.9686608 0.2344695
vn 0.06336797 0.9625986 0.2634167
vn 0.04312517 0.957741 0.2843809
vn 0.02182399 0.9546093 0.2970604
vn 0 0.9535294 0.3012999
vn -0.02182384 0.9546105 0.2970562
vn -0.04312856 0.9577416 0.2843781
vn -0.06336797 0.9625986 0.2634167
vn -0.08197749 0.9686608 0.2344695
vn -0.09835993 0.9752384 0.1980793
vn -0.111917 0.9815426 0.1550761
vn -0.1220835 0.9867741 0.1066417
vn -0.1283932 0.9902345 0.05431993
vn -0.1305335 0.9914439 0
vn -0.1283914 0.9902335 -0.05434324
vn -0.1220832 0.9867741 -0.1066423
vn -0.1119171 0.9815427 -0.1550758
vn -0.09836 0.9752384 -0.1980792
vn -0.08197508 0.9686599 -0.234474
vn -0.06337079 0.9625994 -0.2634131
vn -0.04312763 0.9577414 -0.2843789
vn -0.021826 0.9546095 -0.2970597
vn 0 0.9535294 -0.3012999
vn 0.02182415 0.9546093 -0.2970604
vn 0.04312639 0.9577411 -0.28438
vn 0.06337079 0.9625994 -0.2634131
vn 0.08197946 0.9686615 -0.2344658
vn 0.09835904 0.975238 -0.1980817
vn 0.1119145 0.9815421 -0.1550817
vn 0.1220833 0.9867741 -0.1066416
vn 0.1283939 0.9902335 -0.05433723
vn 0.1305335 0.9914439 0
vn 0.2588393 0.9659203 0
vn 0.2536883 0.9613084 0.1073709
vn 0.2388163 0.948395 0.2085993
vn 0.2157252 0.9295709 0.2989324
vn 0.1863849 0.9079536 0.375341
vn 0.1527004 0.8865209 0.4367644
vn 0.1162637 0.8677073 0.4832877
vn 0.07819273 0.8532271 0.5156446
vn 0.03927262 0.8441558 0.5346575
vn 0 0.8410733 0.5409213
vn -0.03928671 0.844158 0.5346531
vn -0.07819925 0.8532284 0.5156415
vn -0.1162604 0.8677058 0.483291
vn -0.1527004 0.8865209 0.4367644
vn -0.186387 0.9079551 0.3753366
vn -0.2157292 0.929574 0.2989198
vn -0.2388151 0.9483948 0.2086016
vn -0.2536902 0.9613103 0.1073489
vn -0.2588393 0.9659203 0
vn -0.2536892 0.9613094 -0.1073596
vn -0.2388154 0.9483944 -0.2086036
vn -0.2157271 0.9295723 -0.2989266
vn -0.1863871 0.9079552 -0.3753362
vn -0.1526955 0.8865181 -0.4367719
vn -0.1162602 0.8677056 -0.4832913
vn -0.07820384 0.8532299 -0.5156385
vn -0.03929009 0.8441585 -0.5346519
vn 0 0.8410733 -0.5409212
vn 0.03928642 0.8441579 -0.5346531
vn 0.07819518 0.8532271 -0.5156442
vn 0.1162635 0.8677071 -0.4832879
vn 0.1527044 0.8865232 -0.4367584
vn 0.186385 0.9079537 -0.3753407
vn 0.2157271 0.9295723 -0.2989266
vn 0.2388157 0.9483945 -0.2086022
vn 0.253687 0.9613074 -0.1073823
vn 0.2588394 0.9659203 0
vn 0.3826814 0.9238805 0
vn 0.3729653 0.9143164 0.1578684
vn 0.3457829 0.8883728 0.3020396
vn 0.3058226 0.852569 0.4237908
vn 0.2583126 0.8140559 0.5201803
vn 0.2072235 0.7783025 0.5927087
vn 0.1550554 0.7486787 0.6445448
vn 0.1029657 0.726869 0.6790136
vn 0.05132943 0.7136254 0.6986445
vn 0 0.7091936 0.7050138
vn -0.05132996 0.7136254 0.6986443
vn -0.1029775 0.726871 0.6790098
vn -0.1550523 0.7486771 0.6445473
vn -0.2072209 0.7782966 0.5927173
vn -0.2583053 0.8140655 0.520169
vn -0.3058317 0.8525769 0.4237684
vn -0.3457831 0.8883705 0.3020464
vn -0.3729714 0.9143224 0.1578191
vn -0.3826813 0.9238804 0
vn -0.3729628 0.914314 -0.1578884
vn -0.345783 0.8883728 -0.3020395
vn -0.3058307 0.852576 -0.4237709
vn -0.2583078 0.8140568 -0.5201815
vn -0.2072129 0.7783059 -0.5927081
vn -0.1550505 0.7486762 -0.6445488
vn -0.1029824 0.7268747 -0.679005
vn -0.05132874 0.7136253 -0.6986447
vn 0 0.7091936 -0.7050137
vn 0.05132855 0.7136372 -0.6986325
vn 0.1029709 0.7268708 -0.679011
vn 0.1550536 0.7486778 -0.6445463
vn 0.2072369 0.778311 -0.5926929
vn 0.2583004 0.8140617 -0.5201774
vn 0.3058307 0.852576 -0.4237709
vn 0.3457831 0.8883705 -0.3020464
vn 0.3729696 0.9143206 -0.1578338
vn 0.3826814 0.9238805 0
vn 0.5000026 0.866024 0
vn 0.4837999 0.8508901 0.2047527
vn 0.4402114 0.8113864 0.3845335
vn 0.380138 0.760281 0.5267522
vn 0.3136073 0.7090771 0.6315537
vn 0.2466192 0.6645402 0.7053832
vn 0.1817299 0.629521 0.755432
vn 0.1194123 0.6047328 0.7874256
vn 0.05915191 0.5900568 0.8051919
vn 0 0.5852031 0.8108867
vn -0.05915238 0.5900568 0.8051919
vn -0.1194227 0.6047361 0.7874214
vn -0.1817264 0.629523 0.7554311
vn -0.2466192 0.6645402 0.7053832
vn -0.3136118 0.7090803 0.6315479
vn -0.3801452 0.7602869 0.5267386
vn -0.4402097 0.8113849 0.3845386
vn -0.4838066 0.8508964 0.2047106
vn -0.5000026 0.866024 0
vn -0.4837974 0.850888 -0.2047676
vn -0.4402089 0.8113842 -0.384541
vn -0.3801447 0.7602819 -0.5267461
vn -0.3136121 0.7090806 -0.6315474
vn -0.2466097 0.6645344 -0.7053919
vn -0.1817267 0.6295194 -0.7554341
vn -0.1194199 0.6047351 -0.7874225
vn -0.05915862 0.5900578 -0.8051906
vn 0 0.5852031 -0.8108867
vn 0.05915238 0.5900568 -0.8051919
vn 0.119418 0.6047345 -0.7874234
vn 0.1817295 0.6295208 -0.7554323
vn 0.2466269 0.6645448 -0.7053761
vn 0.3136076 0.7090774 -0.6315534
vn 0.3801427 0.7602848 -0.5267434
vn 0.4402097 0.8113849 -0.3845386
vn 0.4838014 0.8508916 -0.204743
vn 0.5000025 0.8660239 0
vn 0.6087568 0.7933569 0
vn 0.5841857 0.7730537 0.2472148
vn 0.5208457 0.7223186 0.4549457
vn 0.4391815 0.6608929 0.6085559
vn 0.3546666 0.6033855 0.7142391
vn 0.2742905 0.5561262 0.7845308
vn 0.1996869 0.5205412 0.8301579
vn 0.1301893 0.4960915 0.8584544
vn 0.06420375 0.4818769 0.8738835
vn 0 0.4772005 0.8787945
vn -0.06418638 0.4818446 0.8739027
vn -0.1301897 0.4960655 0.8584694
vn -0.1997091 0.5205227 0.8301641
vn -0.2742905 0.5561262 0.7845308
vn -0.3546665 0.6033736 0.7142493
vn -0.4391815 0.6608929 0.6085559
vn -0.5208004 0.7223288 0.4549814
vn -0.5841928 0.7730595 0.2471797
vn -0.6087568 0.793357 0
vn -0.584176 0.7730469 -0.2472586
vn -0.5208361 0.722315 -0.4549624
vn -0.4391664 0.660882 -0.6085786
vn -0.3546715 0.6033887 -0.714234
vn -0.274274 0.5561174 -0.7845428
vn -0.1996996 0.5205465 -0.8301514
vn -0.1301875 0.496091 -0.8584549
vn -0.06418788 0.481874 -0.8738863
vn 0 0.4772005 -0.8787945
vn 0.06418521 0.4818737 -0.8738868
vn 0.1302062 0.4960989 -0.8584476
vn 0.199705 0.5205487 -0.8301487
vn 0.2742965 0.5561293 -0.7845263
vn 0.3546687 0.603375 -0.714247
vn 0.4391883 0.6608977 -0.6085457
vn 0.5208419 0.7223195 -0.4549487
vn 0.5841683 0.7730874 -0.2471504
vn 0.6087567 0.7933569 0
vn 0.7071068 0.7071068 0
vn 0.6726351 0.6830087 0.284712
vn 0.5876691 0.6253526 0.5133995
vn 0.4848807 0.5598912 0.6718725
vn 0.3846305 0.5020914 0.7745732
vn 0.2935939 0.45675 0.8397512
vn 0.2118452 0.4237087 0.8806773
vn 0.1373289 0.4015151 0.9054979
vn 0.06750628 0.3887895 0.9188502
vn 0 0.3846154 0.9230769
vn -0.06750792 0.3887611 0.918862
vn -0.1373494 0.4014939 0.9055042
vn -0.2118575 0.423713 0.8806723
vn -0.2935939 0.45675 0.8397512
vn -0.3846286 0.5020904 0.7745748
vn -0.4848807 0.5598912 0.6718725
vn -0.5876692 0.6253975 0.5133448
vn -0.6726586 0.6830251 0.2846174
vn -0.7071068 0.7071068 0
vn -0.6726258 0.6830012 -0.2847523
vn -0.5876477 0.6253833 -0.5133868
vn -0.4848715 0.5598855 -0.6718838
vn -0.3846432 0.5020983 -0.7745624
vn -0.2935837 0.456772 -0.8397428
vn -0.2118644 0.4237154 -0.8806694
vn -0.137324 0.4015165 -0.905498
vn -0.06750717 0.3887895 -0.9188501
vn 0 0.3846154 -0.9230769
vn 0.06750752 0.388761 -0.918862
vn 0.137321 0.4015132 -0.9054999
vn 0.2118644 0.4237154 -0.8806694
vn 0.2936081 0.4567564 -0.8397428
vn 0.3846183 0.5020849 -0.7745835
vn 0.4848945 0.5598995 -0.6718556
vn 0.5876437 0.6253847 -0.5133896
vn 0.6726224 0.6830512 -0.2846405
vn 0.7071068 0.7071068 0
vn 0.7933335 0.6087874 0
vn 0.748206 0.5830296 0.3166457
vn 0.641498 0.5238956 0.5603693
vn 0.519492 0.4603127 0.7198892
vn 0.4062269 0.4069647 0.8181438
vn 0.3070507 0.3665873 0.878256
vn 0.2201477 0.3378499 0.9150915
vn 0.142106 0.3188705 0.9370846
vn 0.06969771 0.3080598 0.9488105
vn 0 0.3045521 0.9524957
vn -0.06969771 0.3080598 0.9488105
vn -0.1421223 0.3188686 0.9370828
vn -0.220143 0.3378485 0.9150931
vn -0.3070805 0.3665983 0.878241
vn -0.406256 0.4069528 0.8181353
vn -0.5195088 0.4603211 0.7198716
vn -0.641498 0.5238956 0.5603693
vn -0.7482314 0.5830439 0.3165591
vn -0.7933335 0.6087873 0
vn -0.7481954 0.5830235 -0.3166818
vn -0.641523 0.5238544 -0.5603792
vn -0.5195062 0.4603198 -0.7198744
vn -0.4062552 0.4069771 -0.8181237
vn -0.3070639 0.36657 -0.8782586
vn -0.2201402 0.3378477 -0.9150941
vn -0.1421263 0.3188745 -0.9370801
vn -0.06971194 0.3080624 -0.9488087
vn 0 0.3045521 -0.9524957
vn 0.06969842 0.3080598 -0.9488105
vn 0.142112 0.3188383 -0.9370946
vn 0.2201449 0.3378491 -0.9150924
vn 0.3070832 0.3665772 -0.8782489
vn 0.4062693 0.4069587 -0.8181258
vn 0.5194962 0.4603524 -0.7198607
vn 0.6415151 0.5238585 -0.5603843
vn 0.7482062 0.5830297 -0.3166448
vn 0.7933335 0.6087874 0
vn 0.866016 0.5000162 0
vn 0.8103525 0.4751011 0.3429399
vn 0.6834958 0.4199498 0.5970558
vn 0.5451837 0.3634785 0.7554192
vn 0.4216769 0.3178197 0.8492227
vn 0.316435 0.2842202 0.9050347
vn 0.2258054 0.260749 0.9386276
vn 0.1453638 0.2454026 0.9584607
vn 0.07117784 0.2367057 0.9689706
vn 0 0.2338997 0.9722607
vn -0.07117916 0.2367058 0.9689705
vn -0.1453676 0.2453757 0.958467
vn -0.2257856 0.2607445 0.9386337
vn -0.316435 0.2842202 0.9050347
vn -0.4217005 0.3178325 0.8492063
vn -0.5452007 0.3634852 0.7554036
vn -0.6834764 0.4199888 0.5970505
vn -0.81038 0.4751133 0.3428581
vn -0.866016 0.5000162 0
vn -0.8103406 0.4750983 -0.342972
vn -0.6834783 0.4199424 -0.5970811
vn -0.5451809 0.3634774 -0.7554216
vn -0.4216864 0.3178229 -0.8492168
vn -0.3164164 0.2842148 -0.9050429
vn -0.2257983 0.2607473 -0.9386299
vn -0.1453501 0.2454005 -0.9584633
vn -0.07119051 0.2367079 -0.9689692
vn 0 0.2338997 -0.9722607
vn 0.07117916 0.2367058 -0.9689705
vn 0.1453634 0.245375 -0.9584678
vn 0.2257983 0.2607473 -0.9386299
vn 0.3164481 0.284224 -0.9050289
vn 0.4216763 0.3178486 -0.8492122
vn 0.5451809 0.3634774 -0.7554216
vn 0.6834908 0.4199477 -0.5970631
vn 0.8103547 0.4751021 -0.3429334
vn 0.866016 0.5000162 0
vn 0.9238805 0.3826814 0
vn 0.8587516 0.3611883 0.36344
vn 0.7147623 0.3150675 0.6243775
vn 0.5635485 0.2695271 0.7808766
vn 0.4324162 0.2338219 0.8708292
vn 0.3228188 0.2080283 0.9233159
vn 0.2296139 0.1902125 0.9545138
vn 0.1475229 0.1786897 0.9727831
vn 0.07217152 0.172167 0.9824204
vn 0 0.1700735 0.9854314
vn -0.07217214 0.1721671 0.9824203
vn -0.1475405 0.1786697 0.9727841
vn -0.2296097 0.1902118 0.954515
vn -0.3228188 0.2080283 0.9233159
vn -0.4324249 0.2338241 0.8708244
vn -0.5635657 0.2695321 0.7808625
vn -0.714748 0.315102 0.6243765
vn -0.8587793 0.3611974 0.3633654
vn -0.9238805 0.3826814 0
vn -0.8587627 0.3611919 -0.36341
vn -0.7147512 0.3150554 -0.6243962
vn -0.5635457 0.2695263 -0.7808789
vn -0.4324435 0.2338289 -0.8708138
vn -0.3228032 0.2080249 -0.9233221
vn -0.2296134 0.1902124 -0.9545139
vn -0.1475386 0.1786915 -0.9727804
vn -0.07218172 0.1721676 -0.9824196
vn 0 0.1700735 -0.9854314
vn 0.07217152 0.172167 -0.9824204
vn 0.1475365 0.1786692 -0.9727848
vn 0.2296176 0.1902131 -0.9545128
vn 0.3228164 0.2080278 -0.9233168
vn 0.4324168 0.2338221 -0.8708288
vn 0.5635527 0.2695283 -0.7808731
vn 0.7147591 0.3150579 -0.6243861
vn 0.8587551 0.3611894 -0.363431
vn 0.9238805 0.3826814 0
vn 0.9659162 0.2588552 0
vn 0.8932913 0.243097 0.3780668
vn 0.7363142 0.2100315 0.643217
vn 0.5758376 0.1781678 0.7979143
vn 0.439462 0.1537291 0.8850088
vn 0.3269546 0.1363291 0.9351552
vn 0.232071 0.1243695 0.9647151
vn 0.1489172 0.116706 0.9819386
vn 0.07280316 0.1123686 0.990996
vn 0 0.1109725 0.9938235
vn -0.07280316 0.1123686 0.990996
vn -0.1489311 0.116707 0.9819363
vn -0.2320669 0.1243691 0.9647163
vn -0.3269557 0.136304 0.9351584
vn -0.4394686 0.1537586 0.8850003
vn -0.5758549 0.1781711 0.7979012
vn -0.7363034 0.2100293 0.6432301
vn -0.8933218 0.2431035 0.3779906
vn -0.9659162 0.2588552 0
vn -0.8932799 0.2430945 -0.3780955
vn -0.7363357 0.2100359 -0.643191
vn -0.5758419 0.1781686 -0.7979111
vn -0.4394692 0.1537587 -0.8850001
vn -0.3269393 0.1363269 -0.9351608
vn -0.2320704 0.1243695 -0.9647153
vn -0.1489298 0.1167069 -0.9819366
vn -0.07281181 0.1123689 -0.9909953
vn 0 0.1109725 -0.9938235
vn 0.07280377 0.1123686 -0.9909959
vn 0.1489109 0.1167055 -0.9819396
vn 0.2320745 0.1243699 -0.9647142
vn 0.3269546 0.1363291 -0.9351552
vn 0.4394606 0.1537573 -0.8850046
vn 0.5758419 0.1781686 -0.7979111
vn 0.7363102 0.210022 -0.6432248
vn 0.893297 0.2430982 -0.3780525
vn 0.9659162 0.2588552 0
vn 0.9914439 0.1305334 0
vn 0.914018 0.122218 0.3868252
vn 0.7489552 0.1049601 0.6542549
vn 0.5828871 0.08863539 0.8077044
vn 0.4434473 0.07621952 0.8930538
vn 0.3292907 0.06744958 0.9418164
vn 0.2334505 0.06148506 0.9704227
vn 0.1496916 0.05763623 0.9870515
vn 0.07315207 0.05547902 0.9957765
vn 0 0.05477595 0.9984987
vn -0.07315265 0.05547903 0.9957765
vn -0.1497052 0.05763674 0.9870493
vn -0.2334465 0.06148485 0.9704238
vn -0.3292907 0.06744958 0.9418164
vn -0.4434558 0.07622024 0.8930495
vn -0.5829043 0.08863702 0.8076918
vn -0.7489498 0.1049595 0.6542612
vn -0.9140484 0.1222212 0.3867523
vn -0.9914439 0.1305335 0
vn -0.9140062 0.1222167 -0.3868537
vn -0.7489471 0.1049593 -0.6542643
vn -0.5828983 0.08863646 -0.8076962
vn -0.4434564 0.07622028 -0.8930492
vn -0.3292756 0.06744853 -0.9418218
vn -0.2334459 0.06148481 -0.970424
vn -0.1497015 0.05763661 -0.9870499
vn -0.07316113 0.05547919 -0.9957759
vn 0 0.05477595 -0.9984987
vn 0.07315324 0.05547904 -0.9957764
vn 0.149699 0.05763174 -0.9870505
vn 0.23345 0.06148504 -0.970423
vn 0.3293028 0.06745043 -0.941812
vn 0.4434478 0.07621957 -0.8930535
vn 0.5829003 0.08859957 -0.8076988
vn 0.7489498 0.1049595 -0.6542612
vn 0.914024 0.1222186 -0.3868111
vn 0.9914439 0.1305335 0
vn 1 0 0
vn 0.9209207 0 0.38975
vn 0.7531288 0 0.6578732
vn 0.5851929 0 0.8108942
vn 0.4447504 0 0.8956546
vn 0.3300346 0 0.9439689
vn 0.2338917 0 0.9722626
vn 0.1499348 0 0.9886959
vn 0.07326569 0 0.9973124
vn 0 0 1
vn -0.07326628 0 0.9973124
vn -0.1499483 0 0.9886938
vn -0.2338876 0 0.9722636
vn -0.3300346 0 0.9439689
vn -0.4447589 0 0.8956503
vn -0.5852101 0 0.8108816
vn -0.7531233 0 0.6578795
vn -0.9209514 0 0.3896774
vn -1 -0 -0
vn -0.9209098 -0 -0.3897757
vn -0.7531206 -0 -0.6578825
vn -0.5852041 -0 -0.810886
vn -0.4447595 -0 -0.89565
vn -0.3300196 -0 -0.9439741
vn -0.233887 -0 -0.9722638
vn -0.1499446 -0 -0.9886944
vn -0.07327408 -0 -0.9973118
vn 0 0 -1
vn 0.07326628 0 -0.9973124
vn 0.1499421 0 -0.9886948
vn 0.2338911 0 -0.9722628
vn 0.3300467 0 -0.9439646
vn 0.444751 0 -0.8956542
vn 0.5852041 0 -0.810886
vn 0.7531233 0 -0.6578795
vn 0.9209278 0 -0.3897332
vn 1 0 0
vn 0.991446 -0.1305171 0
vn 0.9140188 -0.1222025 0.3868286
vn 0.7489508 -0.1049463 0.6542621
vn 0.5828876 -0.08862418 0.8077053
vn 0.4434624 -0.07621109 0.893047
vn 0.3292786 -0.06744017 0.9418213
vn 0.2334507 -0.06147725 0.9704232
vn 0.1496941 -0.057629 0.9870515
vn 0.07315268 -0.05547198 0.9957768
vn 0 -0.05476898 0.9984991
vn -0.07315328 -0.05547199 0.9957768
vn -0.1497078 -0.0576295 0.9870493
vn -0.2334466 -0.06147703 0.9704243
vn -0.3292786 -0.06744017 0.9418213
vn -0.4434709 -0.0762118 0.8930427
vn -0.5829049 -0.08862581 0.8076926
vn -0.7489454 -0.1049457 0.6542684
vn -0.9140491 -0.1222057 0.3867557
vn -0.991446 -0.1305171 -0
vn -0.9140079 -0.1222014 -0.3868544
vn -0.7489427 -0.1049455 -0.6542714
vn -0.5828989 -0.08862524 -0.807697
vn -0.4434714 -0.07621185 -0.8930424
vn -0.3292637 -0.06743913 -0.9418266
vn -0.233446 -0.06147701 -0.9704245
vn -0.149704 -0.05762937 -0.9870499
vn -0.07316115 -0.05547213 -0.9957762
vn 0 -0.05476899 -0.9984991
vn 0.07315328 -0.05547199 -0.9957768
vn 0.1497016 -0.05762452 -0.9870506
vn 0.2334501 -0.06147722 -0.9704234
vn 0.3292909 -0.06744102 -0.941817
vn 0.443463 -0.07621114 -0.8930467
vn 0.5829008 -0.08858835 -0.8076996
vn 0.7489454 -0.1049457 -0.6542684
vn 0.9140257 -0.1222033 -0.3868118
vn 0.991446 -0.1305171 0
vn 0.9659331 -0.2587919 0
vn 0.8933051 -0.2430371 0.3780727
vn 0.7363227 -0.2099789 0.6432245
vn 0.5758424 -0.1781226 0.7979209
vn 0.4394647 -0.1536898 0.8850143
vn 0.3269562 -0.136294 0.9351596
vn 0.2320719 -0.1243375 0.9647191
vn 0.1489178 -0.1166758 0.9819421
vn 0.07280339 -0.1123395 0.9909992
vn 0 -0.1109438 0.9938267
vn -0.07280339 -0.1123395 0.9909992
vn -0.1489317 -0.1166768 0.9819399
vn -0.2320678 -0.124337 0.9647201
vn -0.3269573 -0.136269 0.9351628
vn -0.4394713 -0.1537193 0.8850058
vn -0.5758597 -0.1781259 0.7979078
vn -0.7363119 -0.2099767 0.6432375
vn -0.8933356 -0.2430436 0.3779964
vn -0.9659331 -0.2587919 -0
vn -0.8932936 -0.2430346 -0.3781014
vn -0.7363442 -0.2099833 -0.6431984
vn -0.5758466 -0.1781234 -0.7979177
vn -0.4394719 -0.1537194 -0.8850056
vn -0.3269409 -0.1362919 -0.9351653
vn -0.2320713 -0.1243374 -0.9647192
vn -0.1489304 -0.1166767 -0.9819401
vn -0.07281205 -0.1123398 -0.9909985
vn 0 -0.1109438 -0.9938267
vn 0.072804 -0.1123395 -0.9909992
vn 0.1489114 -0.1166753 -0.9819431
vn 0.2320755 -0.1243379 -0.9647181
vn 0.3269562 -0.136294 -0.9351596
vn 0.4394633 -0.153718 -0.8850099
vn 0.5758466 -0.1781234 -0.7979177
vn 0.7363186 -0.2099694 -0.6432322
vn 0.8933108 -0.2430383 -0.3780584
vn 0.9659331 -0.2587919 0
vn 0.9238989 -0.3826367 0
vn 0.8587669 -0.3611453 0.3634465
vn 0.714772 -0.3150287 0.6243861
vn 0.563554 -0.2694929 0.7808843
vn 0.4324194 -0.2337917 0.8708358
vn 0.3228208 -0.208001 0.9233214
vn 0.2296151 -0.1901874 0.9545186
vn 0.1475236 -0.1786661 0.9727873
vn 0.07217181 -0.1721442 0.9824244
vn 0 -0.1700509 0.9854352
vn -0.07217244 -0.1721442 0.9824244
vn -0.1475412 -0.178646 0.9727884
vn -0.2296108 -0.1901867 0.9545197
vn -0.3228208 -0.208001 0.9233214
vn -0.4324281 -0.2337939 0.8708308
vn -0.5635713 -0.2694979 0.7808703
vn -0.7147577 -0.3150631 0.6243849
vn -0.8587947 -0.3611544 0.3633718
vn -0.923899 -0.3826367 -0
vn -0.8587781 -0.361149 -0.3634165
vn -0.714761 -0.3150166 -0.6244047
vn -0.5635513 -0.2694921 -0.7808866
vn -0.4324467 -0.2337987 -0.8708203
vn -0.3228052 -0.2079977 -0.9233276
vn -0.2296145 -0.1901873 -0.9545187
vn -0.1475392 -0.1786679 -0.9727847
vn -0.07218201 -0.1721447 -0.9824235
vn 0 -0.1700509 -0.9854352
vn 0.07217181 -0.1721442 -0.9824244
vn 0.1475372 -0.1786456 -0.972789
vn 0.2296188 -0.190188 -0.9545175
vn 0.3228183 -0.2080005 -0.9233223
vn 0.43242 -0.2337918 -0.8708354
vn 0.5635583 -0.2694941 -0.7808809
vn 0.7147688 -0.315019 -0.6243946
vn 0.8587704 -0.3611464 -0.3634375
vn 0.923899 -0.3826367 0
vn 0.8660165 -0.5000153 0
vn 0.8103517 -0.4751028 0.3429395
vn 0.6834977 -0.4199607 0.597046
vn 0.5451896 -0.3634523 0.7554274
vn 0.4216914 -0.3178305 0.8492115
vn 0.3164215 -0.2842215 0.905039
vn 0.2257897 -0.260752 0.9386306
vn 0.1453497 -0.2453738 0.9584702
vn 0.07117847 -0.2367068 0.9689704
vn 0 -0.2338991 0.9722609
vn -0.07117913 -0.2367068 0.9689702
vn -0.1453646 -0.2453811 0.9584661
vn -0.2257869 -0.2607243 0.938639
vn -0.3164215 -0.2842215 0.905039
vn -0.4217002 -0.3178335 0.849206
vn -0.5452068 -0.363459 0.7554119
vn -0.6835178 -0.4199606 0.597023
vn -0.8103791 -0.4751149 0.3428577
vn -0.8660167 -0.5000153 -0
vn -0.8103408 -0.4750979 -0.342972
vn -0.6834829 -0.4199458 -0.5970734
vn -0.5451869 -0.3634513 -0.7554299
vn -0.4216855 -0.3178285 -0.8492151
vn -0.3164159 -0.2842199 -0.9050415
vn -0.2257979 -0.2607538 -0.9386281
vn -0.1453538 -0.2453744 -0.9584694
vn -0.07119051 -0.2367077 -0.9689692
vn 0 -0.2338992 -0.9722609
vn 0.07117916 -0.2367056 -0.9689706
vn 0.145366 -0.2453813 -0.9584658
vn 0.2257979 -0.2607538 -0.9386281
vn 0.3164476 -0.284229 -0.9050275
vn 0.4216915 -0.317855 -0.8492023
vn 0.545179 -0.3634858 -0.7554189
vn 0.6834927 -0.4199586 -0.5970532
vn 0.8103538 -0.4751037 -0.342933
vn 0.8660167 -0.5000153 0
vn 0.7933356 -0.6087846 0
vn 0.7482067 -0.5830284 0.316646
vn 0.6414963 -0.5238993 0.5603678
vn 0.5194888 -0.4603232 0.7198847
vn 0.4062278 -0.4069602 0.8181456
vn 0.3070545 -0.3665579 0.878267
vn 0.220147 -0.3378585 0.9150885
vn 0.1421061 -0.3188681 0.9370853
vn 0.06969772 -0.3080602 0.9488104
vn 0 -0.3045501 0.9524963
vn -0.06969774 -0.3080589 0.9488108
vn -0.1421219 -0.3188764 0.9370801
vn -0.2201423 -0.3378572 0.9150901
vn -0.307081 -0.3665941 0.8782426
vn -0.4062578 -0.406944 0.818139
vn -0.5195056 -0.4603316 0.7198672
vn -0.6414963 -0.5238993 0.5603678
vn -0.748232 -0.5830428 0.3165594
vn -0.7933356 -0.6087846 -0
vn -0.748196 -0.5830224 -0.3166821
vn -0.6415182 -0.5238647 -0.5603749
vn -0.5195029 -0.4603302 -0.71987
vn -0.4062614 -0.4069456 -0.8181363
vn -0.3070622 -0.3665829 -0.8782539
vn -0.2201395 -0.3378564 -0.9150911
vn -0.1421264 -0.3188722 -0.9370809
vn -0.06971199 -0.3080603 -0.9488092
vn 0 -0.3045501 -0.9524963
vn 0.06969841 -0.3080603 -0.9488103
vn 0.1421116 -0.3188461 -0.937092
vn 0.2201442 -0.3378577 -0.9150895
vn 0.3070816 -0.3665901 -0.8782441
vn 0.406271 -0.4069498 -0.8181294
vn 0.5195029 -0.4603302 -0.71987
vn 0.6415167 -0.5238554 -0.5603855
vn 0.7482058 -0.5830303 -0.3166446
vn 0.7933356 -0.6087845 0
vn 0.7071068 -0.7071068 0
vn 0.6726347 -0.6830094 0.2847118
vn 0.5876658 -0.6253581 0.5133967
vn 0.4848877 -0.5598733 0.6718822
vn 0.3846254 -0.502111 0.774563
vn 0.2935924 -0.4567584 0.8397471
vn 0.211844 -0.4237196 0.8806723
vn 0.1373284 -0.4015225 0.9054947
vn 0.06750621 -0.3887913 0.9188494
vn 0 -0.3846154 0.9230769
vn -0.06750787 -0.3887623 0.9188615
vn -0.1373491 -0.4014987 0.905502
vn -0.2118592 -0.4236969 0.8806796
vn -0.2935907 -0.4567688 0.8397421
vn -0.3846302 -0.5020843 0.774578
vn -0.4848877 -0.5598733 0.6718822
vn -0.5876659 -0.625403 0.5133418
vn -0.6726575 -0.6830264 0.2846169
vn -0.7071068 -0.7071068 -0
vn -0.6726241 -0.6830032 -0.2847516
vn -0.5876426 -0.6253917 -0.5133824
vn -0.4848785 -0.5598677 -0.6718936
vn -0.384641 -0.5021071 -0.7745578
vn -0.2935889 -0.4567414 -0.8397577
vn -0.2118632 -0.4237263 -0.8806646
vn -0.1373238 -0.4015187 -0.905497
vn -0.06750711 -0.3887914 -0.9188493
vn 0 -0.3846154 -0.9230769
vn 0.06750751 -0.3887616 -0.9188619
vn 0.1373205 -0.4015206 -0.9054967
vn 0.2118632 -0.4237263 -0.8806646
vn 0.2936049 -0.4567753 -0.8397336
vn 0.3846199 -0.5020787 -0.7745866
vn 0.4849015 -0.5598817 -0.6718653
vn 0.5876421 -0.6253873 -0.5133882
vn 0.6726213 -0.6830525 -0.28464
vn 0.7071068 -0.7071068 0
vn 0.6087567 -0.7933569 0
vn 0.584185 -0.7730542 0.2472145
vn 0.5208438 -0.722321 0.454944
vn 0.4391597 -0.6608771 0.6085888
vn 0.3546666 -0.6033855 0.7142391
vn 0.2742905 -0.5561262 0.7845308
vn 0.1997053 -0.5205489 0.8301485
vn 0.1301702 -0.4960887 0.8584589
vn 0.06420378 -0.4818763 0.8738839
vn 0 -0.4772005 0.8787945
vn -0.0641868 -0.4818447 0.8739027
vn -0.1301897 -0.4960655 0.8584694
vn -0.1997091 -0.5205227 0.8301641
vn -0.2742905 -0.5561262 0.7845308
vn -0.354676 -0.6033796 0.7142394
vn -0.4391815 -0.6608929 0.6085559
vn -0.5208215 -0.7223453 0.4549309
vn -0.5841928 -0.7730595 0.2471797
vn -0.6087568 -0.7933569 -0
vn -0.5841767 -0.7730464 -0.2472589
vn -0.5208176 -0.7223385 -0.4549462
vn -0.4391883 -0.6608977 -0.6085457
vn -0.3546795 -0.6033937 -0.7142258
vn -0.274285 -0.5561122 -0.7845426
vn -0.1997181 -0.5205542 -0.8301421
vn -0.1302062 -0.4960989 -0.8584476
vn -0.06420726 -0.4818775 -0.8738829
vn 0 -0.4772005 -0.8787945
vn 0.06418518 -0.4818743 -0.8738864
vn 0.1301873 -0.4960936 -0.8584535
vn 0.1997235 -0.5205564 -0.8301395
vn 0.2743075 -0.5561242 -0.7845261
vn 0.3546654 -0.6033848 -0.7142403
vn 0.4391883 -0.6608977 -0.6085457
vn 0.5208234 -0.722343 -0.4549325
vn 0.5841554 -0.7730758 -0.2472173
vn 0.6087568 -0.7933569 0
vn 0.5000015 -0.8660244 0
vn 0.483797 -0.8508921 0.2047514
vn 0.440206 -0.8113915 0.3845288
vn 0.3801378 -0.7602812 0.5267521
vn 0.3136066 -0.7090787 0.6315524
vn 0.2466187 -0.6645417 0.7053819
vn 0.1817299 -0.6295213 0.7554318
vn 0.1194115 -0.6047397 0.7874202
vn 0.05915174 -0.5900599 0.8051896
vn 0 -0.5852041 0.8108861
vn -0.0591522 -0.59006 0.8051895
vn -0.1194219 -0.6047431 0.7874161
vn -0.1817264 -0.6295233 0.7554309
vn -0.2466187 -0.6645417 0.7053819
vn -0.3136111 -0.7090819 0.6315465
vn -0.380145 -0.7602871 0.5267383
vn -0.4402044 -0.81139 0.3845339
vn -0.4838037 -0.8508984 0.2047094
vn -0.5000015 -0.8660244 -0
vn -0.4837946 -0.8508899 -0.2047664
vn -0.4402036 -0.8113893 -0.3845363
vn -0.3801445 -0.7602821 -0.526746
vn -0.3136115 -0.7090821 -0.6315461
vn -0.2466092 -0.6645359 -0.7053906
vn -0.1817266 -0.6295196 -0.7554339
vn -0.119419 -0.6047422 -0.7874172
vn -0.05915846 -0.590061 -0.8051883
vn 0 -0.5852041 -0.8108861
vn 0.0591522 -0.59006 -0.8051895
vn 0.1194172 -0.6047416 -0.787418
vn 0.1817295 -0.629521 -0.7554321
vn 0.2466264 -0.6645463 -0.7053748
vn 0.3136069 -0.7090788 -0.6315519
vn 0.3801425 -0.760285 -0.5267431
vn 0.4402044 -0.81139 -0.3845339
vn 0.4837986 -0.8508935 -0.2047417
vn 0.5000015 -0.8660244 0
vn 0.3826813 -0.9238805 0
vn 0.3729653 -0.9143164 0.1578684
vn 0.3457753 -0.8883657 0.3020694
vn 0.3058226 -0.852569 0.4237908
vn 0.2582934 -0.8140565 0.5201892
vn 0.2072162 -0.778308 0.592704
vn 0.1550554 -0.7486787 0.6445448
vn 0.1029772 -0.726873 0.6790076
vn 0.05132946 -0.7136248 0.698645
vn 0 -0.7091936 0.7050138
vn -0.05132943 -0.7136254 0.6986445
vn -0.1029887 -0.7268769 0.6790017
vn -0.1550523 -0.7486771 0.6445473
vn -0.2072296 -0.7783166 0.5926881
vn -0.2583098 -0.8140582 0.5201781
vn -0.3058317 -0.8525769 0.4237684
vn -0.3457815 -0.8883715 0.302045
vn -0.3729714 -0.9143224 0.1578191
vn -0.3826814 -0.9238805 -0
vn -0.3729628 -0.914314 -0.1578884
vn -0.3457753 -0.8883657 -0.3020692
vn -0.3058307 -0.852576 -0.4237709
vn -0.2583123 -0.8140708 -0.5201572
vn -0.2072217 -0.7783014 -0.5927109
vn -0.1550505 -0.7486762 -0.6445488
vn -0.1029712 -0.7268687 -0.679013
vn -0.05132874 -0.7136253 -0.6986447
vn 0 -0.7091936 -0.7050138
vn 0.05132855 -0.7136372 -0.6986325
vn 0.1029824 -0.7268747 -0.679005
vn 0.1550536 -0.7486778 -0.6445463
vn 0.2072241 -0.7783131 -0.5926946
vn 0.2583105 -0.8140544 -0.5201837
vn 0.3058373 -0.852569 -0.42378
vn 0.3457739 -0.8883644 -0.3020748
vn 0.3729697 -0.9143208 -0.1578323
vn 0.3826814 -0.9238805 0
vn 0.2588509 -0.9659173 0
vn 0.2537062 -0.9613029 0.1073776
vn 0.2388238 -0.9483868 0.2086279
vn 0.2157326 -0.9295659 0.2989426
vn 0.1863919 -0.9079464 0.375355
vn 0.1527058 -0.8865123 0.43678
vn 0.1162671 -0.8676988 0.4833019
vn 0.0782034 -0.8532165 0.5156605
vn 0.03927418 -0.8441448 0.5346747
vn 0 -0.8410615 0.5409395
vn -0.03928858 -0.8441391 0.5346826
vn -0.07820975 -0.8532186 0.5156563
vn -0.1162639 -0.8676974 0.4833054
vn -0.1527058 -0.8865123 0.43678
vn -0.1863939 -0.9079478 0.3753506
vn -0.2157366 -0.9295691 0.2989299
vn -0.2388233 -0.9483863 0.2086308
vn -0.2537084 -0.9613047 0.1073566
vn -0.2588509 -0.9659173 -0
vn -0.2537073 -0.9613037 -0.1073673
vn -0.2388236 -0.9483865 -0.2086293
vn -0.2157344 -0.9295674 -0.2989367
vn -0.1863941 -0.9079479 -0.3753503
vn -0.1527009 -0.8865095 -0.4367875
vn -0.1162636 -0.8676972 -0.4833056
vn -0.07820685 -0.8532176 -0.5156583
vn -0.03929134 -0.8441477 -0.5346689
vn 0 -0.8410615 -0.5409395
vn 0.03928795 -0.8441471 -0.53467
vn 0.0782057 -0.8532172 -0.515659
vn 0.1162669 -0.8676987 -0.4833022
vn 0.1527098 -0.8865147 -0.436774
vn 0.186392 -0.9079465 -0.3753547
vn 0.2157344 -0.9295674 -0.2989367
vn 0.2388233 -0.9483863 -0.2086308
vn 0.2536976 -0.9613041 -0.1073868
vn 0.2588509 -0.9659173 0
vn 0.1305335 -0.9914439 0
vn 0.1283924 -0.9902341 0.05433016
vn 0.1220837 -0.9867743 0.1066402
vn 0.1119144 -0.9815415 0.155086
vn 0.09835896 -0.9752379 0.1980819
vn 0.08197749 -0.9686608 0.2344695
vn 0.06336797 -0.9625986 0.2634167
vn 0.04312517 -0.957741 0.2843809
vn 0.02182399 -0.9546093 0.2970604
vn 0 -0.9535294 0.3012999
vn -0.02181645 -0.9546099 0.2970591
vn -0.04312856 -0.9577416 0.2843781
vn -0.06337091 -0.9625995 0.263413
vn -0.08197749 -0.9686608 0.2344695
vn -0.09835824 -0.9752376 0.1980838
vn -0.1119152 -0.9815418 0.155083
vn -0.1220835 -0.9867741 0.1066417
vn -0.1283933 -0.9902346 0.05431952
vn -0.1305334 -0.9914439 -0
vn -0.1283914 -0.9902335 -0.05434324
vn -0.1220834 -0.9867743 -0.1066408
vn -0.1119153 -0.9815418 -0.1550828
vn -0.09836 -0.9752384 -0.1980792
vn -0.08197311 -0.9686592 -0.2344776
vn -0.06337079 -0.9625994 -0.2634131
vn -0.04312763 -0.9577414 -0.2843789
vn -0.021826 -0.9546095 -0.2970597
vn 0 -0.9535294 -0.3012999
vn 0.02181675 -0.9546085 -0.2970633
vn 0.04312701 -0.9577413 -0.2843794
vn 0.06337079 -0.9625994 -0.2634131
vn 0.08197946 -0.9686615 -0.2344658
vn 0.09836072 -0.9752387 -0.1980773
vn 0.1119163 -0.9815429 -0.1550748
vn 0.1220833 -0.9867741 -0.1066416
vn 0.1283939 -0.9902335 -0.05433723
vn 0.1305335 -0.9914439 0
vn 0 1 0
vn 0 1 0
vn 0 1 0
vn 0 1 0
vn 0 1 0
vn 0 1 0
vn 0 1 0
vn 0 1 0
vn 0 1 0
vn 0 1 0
vn 0 1 0
vn 0 1 0
vn 0 1 0
vn 0 1 0
vn 0 1 0
vn 0 1 0
vn 0 1 0
vn 0 1 0
vn 0 1 0
vn 0 1 0
vn 0 1 0
vn 0 1 0
vn 0 1 0
vn 0 1 0
vn 0 1 0
vn 0 1 0
vn 0 1 0
vn 0 1 0
vn 0 1 0
vn 0 1 0
vn 0 1 0
vn 0 1 0
vn 0 1 0
vn 0 1 0
vn 0 1 0
vn 0 1 0
vn 0 1 0
f 926/926/926 927/927/927 963/963/963
f 927/927/927 964/964/964 963/963/963
f 927/927/927 928/928/928 964/964/964
f 928/928/928 965/965/965 964/964/964
f 928/928/928 929/929/929 965/965/965
f 929/929/929 966/966/966 965/965/965
f 929/929/929 930/930/930 966/966/966
f 930/930/930 967/967/967 966/966/966
f 930/930/930 931/931/931 967/967/967
f 931/931/931 968/968/968 967/967/967
f 931/931/931 932/932/932 968/968/968
f 932/932/932 969/969/969 968/968/968
f 932/932/932 933/933/933 969/969/969
f 933/933/933 970/970/970 969/969/969
f 933/933/933 934/934/934 970/970/970
f 934/934/934 971/971/971 970/970/970
f 934/934/934 935/935/935 971/971/971
f 935/935/935 972/972/972 971/971/971
f 935/935/935 936/936/936 972/972/972
f 936/936/936 973/973/973 972/972/972
f 936/936/936 937/937/937 973/973/973
f 937/937/937 974/974/974 973/973/973
f 937/937/937 938/938/938 974/974/974
f 938/938/938 975/975/975 974/974/974
f 938/938/938 939/939/939 975/975/975
f 939/939/939 976/976/976 975/975/975
f 939/939/939 940/940/940 976/976/976
f 940/940/940 977/977/977 976/976/976
f 940/940/940 941/941/941 977/977/977
f 941/941/941 978/978/978 977/977/977
f 941/941/941 942/942/942 978/978/978
f 942/942/942 979/979/979 978/978/978
f 942/942/942 943/943/943 979/979/979
f 943/943/943 980/980/980 979/979/979
f 943/943/943 944/944/944 980/980/980
f 944/944/944 981/981/981 980/980/980
f 944/944/944 945/945/945 981/981/981
f 945/945/945 982/982/982 981/981/981
f 945/945/945 946/946/946 982/982/982
f 946/946/946 983/983/983 982/982/982
f 946/946/946 947/947/947 983/983/983
f 947/947/947 984/984/984 983/983/983
f 947/947/947 948/948/948 984/984/984
f 948/948/948 985/985/985 984/984/984
f 948/948/948 949/949/949 985/985/985
f 949/949/949 986/986/986 985/985/985
f 949/949/949 950/950/950 986/986/986
f 950/950/950 987/987/987 986/986/986
f 950/950/950 951/951/951 987/987/987
f 951/951/951 988/988/988 987/987/987
f 951/951/951 952/952/952 988/988/988
f 952/952/952 989/989/989 988/988/988
f 952/952/952 953/953/953 989/989/989
f 953/953/953 990/990/990 989/989/989
f 953/953/953 954/954/954 990/990/990
f 954/954/954 991/991/991 990/990/990
f 954/954/954 955/955/955 991/991/991
f 955/955/955 992/992/992 991/991/991
f 955/955/955 956/956/956 992/992/992
f 956/956/956 993/993/993 992/992/992
f 956/956/956 957/957/957 993/993/993
f 957/957/957 994/994/994 993/993/993
f 957/957/957 958/958/958 994/994/994
f 958/958/958 995/995/995 994/994/994
f 958/958/958 959/959/959 995/995/995
f 959/959/959 996/996/996 995/995/995
f 959/959/959 960/960/960 996/996/996
f 960/960/960 997/997/997 996/996/996
f 960/960/960 961/961/961 997/997/997
f 961/961/961 998/998/998 997/997/997
f 961/961/961 962/962/962 998/998/998
f 962/962/962 999/999/999 998/998/998
f 963/963/963 964/964/964 1000/1000/1000
f 964/964/964 1001/1001/1001 1000/1000/1000
f 964/964/964 965/965/965 1001/1001/1001
f 965/965/965 1002/1002/1002 1001/1001/1001
f 965/965/965 966/966/966 1002/1002/1002
f 966/966/966 1003/1003/1003 1002/1002/1002
f 966/966/966 967/967/967 1003/1003/1003
f 967/967/967 1004/1004/1004 1003/1003/1003
f 967/967/967 968/968/968 1004/1004/1004
f 968/968/968 1005/1005/1005 1004/1004/1004
f 968/968/968 969/969/969 1005/1005/1005
f 969/969/969 1006/1006/1006 1005/1005/1005
f 969/969/969 970/970/970 1006/1006/1006
f 970/970/970 1007/1007/1007 1006/1006/1006
f 970/970/970 971/971/971 1007/1007/1007
f 971/971/971 1008/1008/1008 1007/1007/1007
f 971/971/971 972/972/972 1008/1008/1008
f 972/972/972 1009/1009/1009 1008/1008/1008
f 972/972/972 973/973/973 1009/1009/1009
f 973/973/973 1010/1010/1010 1009/1009/1009
f 973/973/973 974/974/974 1010/1010/1010
f 974/974/974 1011/1011/1011 1010/1010/1010
f 974/974/974 975/975/975 1011/1011/1011
f 975/975/975 1012/1012/1012 1011/1011/1011
f 975/975/975 976/976/976 1012/1012/1012
f 976/976/976 1013/1013/1013 1012/1012/1012
f 976/976/976 977/977/977 1013/1013/1013
f 977/977/977 1014/1014/1014 1013/1013/1013
f 977/977/977 978/978/978 1014/1014/1014
f 978/978/978 1015/1015/1015 1014/1014/1014
f 978/978/978 979/979/979 1015/1015/1015
f 979/979/979 1016/1016/1016 1015/1015/1015
f 979/979/979 980/980/980 1016/1016/1016
f 980/980/980 1017/1017/1017 1016/1016/1016
f 980/980/980 981/981/981 1017/1017/1017
f 981/981/981 1018/1018/1018 1017/1017/1017
f 981/981/981 982/982/982 1018/1018/1018
f 982/982/982 1019/1019/1019 1018/1018/1018
f 982/982/982 983/983/983 1019/1019/1019
f 983/983/983 1020/1020/1020 1019/1019/1019
f 983/983/983 984/984/984 1020/1020/1020
f 984/984/984 1021/1021/1021 1020/1020/1020
f 984/984/984 985/985/985 1021/1021/1021
f 985/985/985 1022/1022/1022 1021/1021/1021
f 985/985/985 986/986/986 1022/1022/1022
f 986/986/986 1023/1023/1023 1022/1022/1022
f 986/986/986 987/987/987 1023/1023/1023
f 987/987/987 1024/1024/1024 1023/1023/1023
f 987/987/987 988/988/988 1024/1024/1024
f 988/988/988 1025/1025/1025 1024/1024/1024
f 988/988/988 989/989/989 1025/1025/1025
f 989/989/989 1026/1026/1026 1025/1025/1025
f 989/989/989 990/990/990 1026/1026/1026
f 990/990/990 1027/1027/1027 1026/1026/1026
f 990/990/990 991/991/991 1027/1027/1027
f 991/991/991 1028/1028/1028 1027/1027/1027
f 991/991/991 992/992/992 1028/1028/1028
f 992/992/992 1029/1029/1029 1028/1028/1028
f 992/992/992 993/993/993 1029/1029/1029
f 993/993/993 1030/1030/1030 1029/1029/1029
f 993/993/993 994/994/994 1030/1030/1030
f 994/994/994 1031/1031/1031 1030/1030/1030
f 994/994/994 995/995/995 1031/1031/1031
f 995/995/995 1032/1032/1032 1031/1031/1031
f 995/995/995 996/996/996 1032/1032/1032
f 996/996/996 1033/1033/1033 1032/1032/1032
f 996/996/996 997/997/997 1033/1033/1033
f 997/997/997 1034/1034/1034 1033/1033/1033
f 997/997/997 998/998/998 1034/1034/1034
f 998/998/998 1035/1035/1035 1034/1034/1034
f 998/998/998 999/999/999 1035/1035/1035
f 999/999/999 1036/1036/1036 1035/1035/1035
f 1000/1000/1000 1001/1001/1001 1037/1037/1037
f 1001/1001/1001 1038/1038/1038 1037/1037/1037
f 1001/1001/1001 1002/1002/1002 1038/1038/1038
f 1002/1002/1002 1039/1039/1039 1038/1038/1038
f 1002/1002/1002 1003/1003/1003 1039/1039/1039
f 1003/1003/1003 1040/1040/1040 1039/1039/1039
f 1003/1003/1003 1004/1004/1004 1040/1040/1040
f 1004/1004/1004 1041/1041/1041 1040/1040/1040
f 1004/1004/1004 1005/1005/1005 1041/1041/1041
f 1005/1005/1005 1042/1042/1042 1041/1041/1041
f 1005/1005/1005 1006/1006/1006 1042/1042/1042
f 1006/1006/1006 1043/1043/1043 1042/1042/1042
f 1006/1006/1006 1007/1007/1007 1043/1043/1043
f 1007/1007/1007 1044/1044/1044 1043/1043/1043
f 1007/1007/1007 1008/1008/1008 1044/1044/1044
f 1008/1008/1008 1045/1045/1045 1044/1044/1044
f 1008/1008/1008 1009/1009/1009 1045/1045/1045
f 1009/1009/1009 1046/1046/1046 1045/1045/1045
f 1009/1009/1009 1010/1010/1010 1046/1046/1046
f 1010/1010/1010 1047/1047/1047 1046/1046/1046
f 1010/1010/1010 1011/1011/1011 1047/1047/1047
f 1011/1011/1011 1048/1048/1048 1047/1047/1047
f 1011/1011/1011 1012/1012/1012 1048/1048/1048
f 1012/1012/1012 1049/1049/1049 1048/1048/1048
f 1012/1012/1012 1013/1013/1013 1049/1049/1049
f 1013/1013/1013 1050/1050/1050 1049/1049/1049
f 1013/1013/1013 1014/1014/1014 1050/1050/1050
f 1014/1014/1014 1051/1051/1051 1050/1050/1050
f 1014/1014/1014 1015/1015/1015 1051/1051/1051
f 1015/1015/1015 1052/1052/1052 1051/1051/1051
f 1015/1015/1015 1016/1016/1016 1052/1052/1052
f 1016/1016/1016 1053/1053/1053 1052/1052/1052
f 1016/1016/1016 1017/1017/1017 1053/1053/1053
f 1017/1017/1017 1054/1054/1054 1053/1053/1053
f 1017/1017/1017 1018/1018/1018 1054/1054/1054
f 1018/1018/1018 1055/1055/1055 1054/1054/1054
f 1018/1018/1018 1019/1019/1019 1055/1055/1055
f 1019/1019/1019 1056/1056/1056 1055/1055/1055
f 1019/1019/1019 1020/1020/1020 1056/1056/1056
f 1020/1020/1020 1057/1057/1057 1056/1056/1056
f 1020/1020/1020 1021/1021/1021 1057/1057/1057
f 1021/1021/1021 1058/1058/1058 1057/1057/1057
f 1021/1021/1021 1022/1022/1022 1058/1058/1058
f 1022/1022/1022 1059/1059/1059 1058/1058/1058
f 1022/1022/1022 1023/1023/1023 1059/1059/1059
f 1023/1023/1023 1060/1060/1060 1059/1059/1059
f 1023/1023/1023 1024/1024/1024 1060/1060/1060
f 1024/1024/1024 1061/1061/1061 1060/1060/1060
f 1024/1024/1024 1025/1025/1025 1061/1061/1061
f 1025/1025/1025 1062/1062/1062 1061/1061/1061
f 1025/1025/1025 1026/1026/1026 1062/1062/1062
f 1026/1026/1026 1063/1063/1063 1062/1062/1062
f 1026/1026/1026 1027/1027/1027 1063/1063/1063
f 1027/1027/1027 1064/1064/1064 1063/1063/1063
f 1027/1027/1027 1028/1028/1028 1064/1064/1064
f 1028/1028/1028 1065/1065/1065 1064/1064/1064
f 1028/1028/1028 1029/1029/1029 1065/1065/1065
f 1029/1029/1029 1066/1066/1066 1065/1065/1065
f 1029/1029/1029 1030/1030/1030 1066/1066/1066
f 1030/1030/1030 1067/1067/1067 1066/1066/1066
f 1030/1030/1030 1031/1031/1031 1067/1067/1067
f 1031/1031/1031 1068/1068/1068 1067/1067/1067
f 1031/1031/1031 1032/1032/1032 1068/1068/1068
f 1032/1032/1032 1069/1069/1069 1068/1068/1068
f 1032/1032/1032 1033/1033/1033 1069/1069/1069
f 1033/1033/1033 1070/1070/1070 1069/1069/1069
f 1033/1033/1033 1034/1034/1034 1070/1070/1070
f 1034/1034/1034 1071/1071/1071 1070/1070/1070
f 1034/1034/1034 1035/1035/1035 1071/1071/1071
f 1035/1035/1035 1072/1072/1072 1071/1071/1071
f 1035/1035/1035 1036/1036/1036 1072/1072/1072
f 1036/1036/1036 1073/1073/1073 1072/1072/1072
f 1037/1037/1037 1038/1038/1038 1074/1074/1074
f 1038/1038/1038 1075/1075/1075 1074/1074/1074
f 1038/1038/1038 1039/1039/1039 1075/1075/1075
f 1039/1039/1039 1076/1076/1076 1075/1075/1075
f 1039/1039/1039 1040/1040/1040 1076/1076/1076
f 1040/1040/1040 1077/1077/1077 1076/1076/1076
f 1040/1040/1040 1041/1041/1041 1077/1077/1077
f 1041/1041/1041 1078/1078/1078 1077/1077/1077
f 1041/1041/1041 1042/1042/1042 1078/1078/1078
f 1042/1042/1042 1079/1079/1079 1078/1078/1078
f 1042/1042/1042 1043/1043/1043 1079/1079/1079
f 1043/1043/1043 1080/1080/1080 1079/1079/1079
f 1043/1043/1043 1044/1044/1044 1080/1080/1080
f 1044/1044/1044 1081/1081/1081 1080/1080/1080
f 1044/1044/1044 1045/1045/1045 1081/1081/1081
f 1045/1045/1045 1082/1082/1082 1081/1081/1081
f 1045/1045/1045 1046/1046/1046 1082/1082/1082
f 1046/1046/1046 1083/1083/1083 1082/1082/1082
f 1046/1046/1046 1047/1047/1047 1083/1083/1083
f 1047/1047/1047 1084/1084/1084 1083/1083/1083
f 1047/1047/1047 1048/1048/1048 1084/1084/1084
f 1048/1048/1048 1085/1085/1085 1084/1084/1084
f 1048/1048/1048 1049/1049/1049 1085/1085/1085
f 1049/1049/1049 1086/1086/1086 1085/1085/1085
f 1049/1049/1049 1050/1050/1050 1086/1086/1086
f 1050/1050/1050 1087/1087/1087 1086/1086/1086
f 1050/1050/1050 1051/1051/1051 1087/1087/1087
f 1051/1051/1051 1088/1088/1088 1087/1087/1087
f 1051/1051/1051 1052/1052/1052 1088/1088/1088
f 1052/1052/1052 1089/1089/1089 1088/1088/1088
f 1052/1052/1052 1053/1053/1053 1089/1089/1089
f 1053/1053/1053 1090/1090/1090 1089/1089/1089
f 1053/1053/1053 1054/1054/1054 1090/1090/1090
f 1054/1054/1054 1091/1091/1091 1090/1090/1090
f 1054/1054/1054 1055/1055/1055 1091/1091/1091
f 1055/1055/1055 1092/1092/1092 1091/1091/1091
f 1055/1055/1055 1056/1056/1056 1092/1092/1092
f 1056/1056/1056 1093/1093/1093 1092/1092/1092
f 1056/1056/1056 1057/1057/1057 1093/1093/1093
f 1057/1057/1057 1094/1094/1094 1093/1093/1093
f 1057/1057/1057 1058/1058/1058 1094/1094/1094
f 1058/1058/1058 1095/1095/1095 1094/1094/1094
f 1058/1058/1058 1059/1059/1059 1095/1095/1095
f 1059/1059/1059 1096/1096/1096 1095/1095/1095
f 1059/1059/1059 1060/1060/1060 1096/1096/1096
f 1060/1060/1060 1097/1097/1097 1096/1096/1096
f 1060/1060/1060 1061/1061/1061 1097/1097/1097
f 1061/1061/1061 1098/1098/1098 1097/1097/1097
f 1061/1061/1061 1062/1062/1062 1098/1098/1098
f 1062/1062/1062 1099/1099/1099 1098/1098/1098
f 1062/1062/1062 1063/1063/1063 1099/1099/1099
f 1063/1063/1063 1100/1100/1100 1099/1099/1099
f 1063/1063/1063 1064/1064/1064 1100/1100/1100
f 1064/1064/1064 1101/1101/1101 1100/1100/1100
f 1064/1064/1064 1065/1065/1065 1101/1101/1101
f 1065/1065/1065 1102/1102/1102 1101/1101/1101
f 1065/1065/1065 1066/1066/1066 1102/1102/1102
f 1066/1066/1066 1103/1103/1103 1102/1102/1102
f 1066/1066/1066 1067/1067/1067 1103/1103/1103
f 1067/1067/1067 1104/1104/1104 1103/1103/1103
f 1067/1067/1067 1068/1068/1068 1104/1104/1104
f 1068/1068/1068 1105/1105/1105 1104/1104/1104
f 1068/1068/1068 1069/1069/1069 1105/1105/1105
f 1069/1069/1069 1106/1106/1106 1105/1105/1105
f 1069/1069/1069 1070/1070/1070 1106/1106/1106
f 1070/1070/1070 1107/1107/1107 1106/1106/1106
f 1070/1070/1070 1071/1071/1071 1107/1107/1107
f 1071/1071/1071 1108/1108/1108 1107/1107/1107
f 1071/1071/1071 1072/1072/1072 1108/1108/1108
f 1072/1072/1072 1109/1109/1109 1108/1108/1108
f 1072/1072/1072 1073/1073/1073 1109/1109/1109
f 1073/1073/1073 1110/1110/1110 1109/1109/1109
f 1074/1074/1074 1075/1075/1075 1111/1111/1111
f 1075/1075/1075 1112/1112/1112 1111/1111/1111
f 1075/1075/1075 1076/1076/1076 1112/1112/1112
f 1076/1076/1076 1113/1113/1113 1112/1112/1112
f 1076/1076/1076 1077/1077/1077 1113/1113/1113
f 1077/1077/1077 1114/1114/1114 1113/1113/1113
f 1077/1077/1077 1078/1078/1078 1114/1114/1114
f 1078/1078/1078 1115/1115/1115 1114/1114/1114
f 1078/1078/1078 1079/1079/1079 1115/1115/1115
f 1079/1079/1079 1116/1116/1116 1115/1115/1115
f 1079/1079/1079 1080/1080/1080 1116/1116/1116
f 1080/1080/1080 1117/1117/1117 1116/1116/1116
f 1080/1080/1080 1081/1081/1081 1117/1117/1117
f 1081/1081/1081 1118/1118/1118 1117/1117/1117
f 1081/1081/1081 1082/1082/1082 1118/1118/1118
f 1082/1082/1082 1119/1119/1119 1118/1118/1118
f 1082/1082/1082 1083/1083/1083 1119/1119/1119
f 1083/1083/1083 1120/1120/1120 1119/1119/1119
f 1083/1083/1083 1084/1084/1084 1120/1120/1120
f 1084/1084/1084 1121/1121/1121 1120/1120/1120
f 1084/1084/1084 1085/1085/1085 1121/1121/1121
f 1085/1085/1085 1122/1122/1122 1121/1121/1121
f 1085/1085/1085 1086/1086/1086 1122/1122/1122
f 1086/1086/1086 1123/1123/1123 1122/1122/1122
f 1086/1086/1086 1087/1087/1087 1123/1123/1123
f 1087/1087/1087 1124/1124/1124 1123/1123/1123
f 1087/1087/1087 1088/1088/1088 1124/1124/1124
f 1088/1088/1088 1125/1125/1125 1124/1124/1124
f 1088/1088/1088 1089/1089/1089 1125/1125/1125
f 1089/1089/1089 1126/1126/1126 1125/1125/1125
f 1089/1089/1089 1090/1090/1090 1126/1126/1126
f 1090/1090/1090 1127/1127/1127 1126/1126/1126
f 1090/1090/1090 1091/1091/1091 1127/1127/1127
f 1091/1091/1091 1128/1128/1128 1127/1127/1127
f 1091/1091/1091 1092/1092/1092 1128/1128/1128
f 1092/1092/1092 1129/1129/1129 1128/1128/1128
f 1092/1092/1092 1093/1093/1093 1129/1129/1129
f 1093/1093/1093 1130/1130/1130 1129/1129/1129
f 1093/1093/1093 1094/1094/1094 1130/1130/1130
f 1094/1094/1094 1131/1131/1131 1130/1130/1130
f 1094/1094/1094 1095/1095/1095 1131/1131/1131
f 1095/1095/1095 1132/1132/1132 1131/1131/1131
f 1095/1095/1095 1096/1096/1096 1132/1132/1132
f 1096/1096/1096 1133/1133/1133 1132/1132/1132
f 1096/1096/1096 1097/1097/1097 1133/1133/1133
f 1097/1097/1097 1134/1134/1134 1133/1133/1133
f 1097/1097/1097 1098/1098/1098 1134/1134/1134
f 1098/1098/1098 1135/1135/1135 1134/1134/1134
f 1098/1098/1098 1099/1099/1099 1135/1135/1135
f 1099/1099/1099 1136/1136/1136 1135/1135/1135
f 1099/1099/1099 1100/1100/1100 1136/1136/1136
f 1100/1100/1100 1137/1137/1137 1136/1136/1136
f 1100/1100/1100 1101/1101/1101 1137/1137/1137
f 1101/1101/1101 1138/1138/1138 1137/1137/1137
f 1101/1101/1101 1102/1102/1102 1138/1138/1138
f 1102/1102/1102 1139/1139/1139 1138/1138/1138
f 1102/1102/1102 1103/1103/1103 1139/1139/1139
f 1103/1103/1103 1140/1140/1140 1139/1139/1139
f 1103/1103/1103 1104/1104/1104 1140/1140/1140
f 1104/1104/1104 1141/1141/1141 1140/1140/1140
f 1104/1104/1104 1105/1105/1105 1141/1141/1141
f 1105/1105/1105 1142/1142/1142 1141/1141/1141
f 1105/1105/1105 1106/1106/1106 1142/1142/1142
f 1106/1106/1106 1143/1143/1143 1142/1142/1142
f 1106/1106/1106 1107/1107/1107 1143/1143/1143
f 1107/1107/1107 1144/1144/1144 1143/1143/1143
f 1107/1107/1107 1108/1108/1108 1144/1144/1144
f 1108/1108/1108 1145/1145/1145 1144/1144/1144
f 1108/1108/1108 1109/1109/1109 1145/1145/1145
f 1109/1109/1109 1146/1146/1146 1145/1145/1145
f 1109/1109/1109 1110/1110/1110 1146/1146/1146
f 1110/1110/1110 1147/1147/1147 1146/1146/1146
f 1111/1111/1111 1112/1112/1112 1148/1148/1148
f 1112/1112/1112 1149/1149/1149 1148/1148/1148
f 1112/1112/1112 1113/1113/1113 1149/1149/1149
f 1113/1113/1113 1150/1150/1150 1149/1149/1149
f 1113/1113/1113 1114/1114/1114 1150/1150/1150
f 1114/1114/1114 1151/1151/1151 1150/1150/1150
f 1114/1114/1114 1115/1115/1115 1151/1151/1151
f 1115/1115/1115 1152/1152/1152 1151/1151/1151
f 1115/1115/1115 1116/1116/1116 1152/1152/1152
f 1116/1116/1116 1153/1153/1153 1152/1152/1152
f 1116/1116/1116 1117/1117/1117 1153/1153/1153
f 1117/1117/1117 1154/1154/1154 1153/1153/1153
f 1117/1117/1117 1118/1118/1118 1154/1154/1154
f 1118/1118/1118 1155/1155/1155 1154/1154/1154
f 1118/1118/1118 1119/1119/1119 1155/1155/1155
f 1119/1119/1119 1156/1156/1156 1155/1155/1155
f 1119/1119/1119 1120/1120/1120 1156/1156/1156
f 1120/1120/1120 1157/1157/1157 1156/1156/1156
f 1120/1120/1120 1121/1121/1121 1157/1157/1157
f 1121/1121/1121 1158/1158/1158 1157/1157/1157
f 1121/1121/1121 1122/1122/1122 1158/1158/1158
f 1122/1122/1122 1159/1159/1159 1158/1158/1158
f 1122/1122/1122 1123/1123/1123 1159/1159/1159
f 1123/1123/1123 1160/1160/1160 1159/1159/1159
f 1123/1123/1123 1124/1124/1124 1160/1160/1160
f 1124/1124/1124 1161/1161/1161 1160/1160/1160
f 1124/1124/1124 1125/1125/1125 1161/1161/1161
f 1125/1125/1125 1162/1162/1162 1161/1161/1161
f 1125/1125/1125 1126/1126/1126 1162/1162/1162
f 1126/1126/1126 1163/1163/1163 1162/1162/1162
f 1126/1126/1126 1127/1127/1127 1163/1163/1163
f 1127/1127/1127 1164/1164/1164 1163/1163/1163
f 1127/1127/1127 1128/1128/1128 1164/1164/1164
f 1128/1128/1128 1165/1165/1165 1164/1164/1164
f 1128/1128/1128 1129/1129/1129 1165/1165/1165
f 1129/1129/1129 1166/1166/1166 1165/1165/1165
f 1129/1129/1129 1130/1130/1130 1166/1166/1166
f 1130/1130/1130 1167/1167/1167 1166/1166/1166
f 1130/1130/1130 1131/1131/1131 1167/1167/1167
f 1131/1131/1131 1168/1168/1168 1167/1167/1167
f 1131/1131/1131 1132/1132/1132 1168/1168/1168
f 1132/1132/1132 1169/1169/1169 1168/1168/1168
f 1132/1132/1132 1133/1133/1133 1169/1169/1169
f 1133/1133/1133 1170/1170/1170 1169/1169/1169
f 1133/1133/1133 1134/1134/1134 1170/1170/1170
f 1134/1134/1134 1171/1171/1171 1170/1170/1170
f 1134/1134/1134 1135/1135/1135 1171/1171/1171
f 1135/1135/1135 1172/1172/1172 1171/1171/1171
f 1135/1135/1135 1136/1136/1136 1172/1172/1172
f 1136/1136/1136 1173/1173/1173 1172/1172/1172
f 1136/1136/1136 1137/1137/1137 1173/1173/1173
f 1137/1137/1137 1174/1174/1174 1173/1173/1173
f 1137/1137/1137 1138/1138/1138 1174/1174/1174
f 1138/1138/1138 1175/1175/1175 1174/1174/1174
f 1138/1138/1138 1139/1139/1139 1175/1175/1175
f 1139/1139/1139 1176/1176/1176 1175/1175/1175
f 1139/1139/1139 1140/1140/1140 1176/1176/1176
f 1140/1140/1140 1177/1177/1177 1176/1176/1176
f 1140/1140/1140 1141/1141/1141 1177/1177/1177
f 1141/1141/1141 1178/1178/1178 1177/1177/1177
f 1141/1141/1141 1142/1142/1142 1178/1178/1178
f 1142/1142/1142 1179/1179/1179 1178/1178/1178
f 1142/1142/1142 1143/1143/1143 1179/1179/1179
f 1143/1143/1143 1180/1180/1180 1179/1179/1179
f 1143/1143/1143 1144/1144/1144 1180/1180/1180
f 1144/1144/1144 1181/1181/1181 1180/1180/1180
f 1144/1144/1144 1145/1145/1145 1181/1181/1181
f 1145/1145/1145 1182/1182/1182 1181/1181/1181
f 1145/1145/1145 1146/1146/1146 1182/1182/1182
f 1146/1146/1146 1183/1183/1183 1182/1182/1182
f 1146/1146/1146 1147/1147/1147 1183/1183/1183
f 1147/1147/1147 1184/1184/1184 1183/1183/1183
f 1148/1148/1148 1149/1149/1149 1185/1185/1185
f 1149/1149/1149 1186/1186/1186 1185/1185/1185
f 1149/1149/1149 1150/1150/1150 1186/1186/1186
f 1150/1150/1150 1187/1187/1187 1186/1186/1186
f 1150/1150/1150 1151/1151/1151 1187/1187/1187
f 1151/1151/1151 1188/1188/1188 1187/1187/1187
f 1151/1151/1151 1152/1152/1152 1188/1188/1188
f 1152/1152/1152 1189/1189/1189 1188/1188/1188
f 1152/1152/1152 1153/1153/1153 1189/1189/1189
f 1153/1153/1153 1190/1190/1190 1189/1189/1189
f 1153/1153/1153 1154/1154/1154 1190/1190/1190
f 1154/1154/1154 1191/1191/1191 1190/1190/1190
f 1154/1154/1154 1155/1155/1155 1191/1191/1191
f 1155/1155/1155 1192/1192/1192 1191/1191/1191
f 1155/1155/1155 1156/1156/1156 1192/1192/1192
f 1156/1156/1156 1193/1193/1193 1192/1192/1192
f 1156/1156/1156 1157/1157/1157 1193/1193/1193
f 1157/1157/1157 1194/1194/1194 1193/1193/1193
f 1157/1157/1157 1158/1158/1158 1194/1194/1194
f 1158/1158/1158 1195/1195/1195 1194/1194/1194
f 1158/1158/1158 1159/1159/1159 1195/1195/1195
f 1159/1159/1159 1196/1196/1196 1195/1195/1195
f 1159/1159/1159 1160/1160/1160 1196/1196/1196
f 1160/1160/1160 1197/1197/1197 1196/1196/1196
f 1160/1160/1160 1161/1161/1161 1197/1197/1197
f 1161/1161/1161 1198/1198/1198 1197/1197/1197
f 1161/1161/1161 1162/1162/1162 1198/1198/1198
f 1162/1162/1162 1199/1199/1199 1198/1198/1198
f 1162/1162/1162 1163/1163/1163 1199/1199/1199
f 1163/1163/1163 1200/1200/1200 1199/1199/1199
f 1163/1163/1163 1164/1164/1164 1200/1200/1200
f 1164/1164/1164 1201/1201/1201 1200/1200/1200
f 1164/1164/1164 1165/1165/1165 1201/1201/1201
f 1165/1165/1165 1202/1202/1202 1201/1201/1201
f 1165/1165/1165 1166/1166/1166 1202/1202/1202
f 1166/1166/1166 1203/1203/1203 1202/1202/1202
f 1166/1166/1166 1167/1167/1167 1203/1203/1203
f 1167/1167/1167 1204/1204/1204 1203/1203/1203
f 1167/1167/1167 1168/1168/1168 1204/1204/1204
f 1168/1168/1168 1205/1205/1205 1204/1204/1204
f 1168/1168/1168 1169/1169/1169 1205/1205/1205
f 1169/1169/1169 1206/1206/1206 1205/1205/1205
f 1169/1169/1169 1170/1170/1170 1206/1206/1206
f 1170/1170/1170 1207/1207/1207 1206/1206/1206
f 1170/1170/1170 1171/1171/1171 1207/1207/1207
f 1171/1171/1171 1208/1208/1208 1207/1207/1207
f 1171/1171/1171 1172/1172/1172 1208/1208/1208
f 1172/1172/1172 1209/1209/1209 1208/1208/1208
f 1172/1172/1172 1173/1173/1173 1209/1209/1209
f 1173/1173/1173 1210/1210/1210 1209/1209/1209
f 1173/1173/1173 1174/1174/1174 1210/1210/1210
f 1174/1174/1174 1211/1211/1211 1210/1210/1210
f 1174/1174/1174 1175/1175/1175 1211/1211/1211
f 1175/1175/1175 1212/1212/1212 1211/1211/1211
f 1175/1175/1175 1176/1176/1176 1212/1212/1212
f 1176/1176/1176 1213/1213/1213 1212/1212/1212
f 1176/1176/1176 1177/1177/1177 1213/1213/1213
f 1177/1177/1177 1214/1214/1214 1213/1213/1213
f 1177/1177/1177 1178/1178/1178 1214/1214/1214
f 1178/1178/1178 1215/1215/1215 1214/1214/1214
f 1178/1178/1178 1179/1179/1179 1215/1215/1215
f 1179/1179/1179 1216/1216/1216 1215/1215/1215
f 1179/1179/1179 1180/1180/1180 1216/1216/1216
f 1180/1180/1180 1217/1217/1217 1216/1216/1216
f 1180/1180/1180 1181/1181/1181 1217/1217/1217
f 1181/1181/1181 1218/1218/1218 1217/1217/1217
f 1181/1181/1181 1182/1182/1182 1218/1218/1218
f 1182/1182/1182 1219/1219/1219 1218/1218/1218
f 1182/1182/1182 1183/1183/1183 1219/1219/1219
f 1183/1183/1183 1220/1220/1220 1219/1219/1219
f 1183/1183/1183 1184/1184/1184 1220/1220/1220
f 1184/1184/1184 1221/1221/1221 1220/1220/1220
f 1185/1185/1185 1186/1186/1186 1222/1222/1222
f 1186/1186/1186 1223/1223/1223 1222/1222/1222
f 1186/1186/1186 1187/1187/1187 1223/1223/1223
f 1187/1187/1187 1224/1224/1224 1223/1223/1223
f 1187/1187/1187 1188/1188/1188 1224/1224/1224
f 1188/1188/1188 1225/1225/1225 1224/1224/1224
f 1188/1188/1188 1189/1189/1189 1225/1225/1225
f 1189/1189/1189 1226/1226/1226 1225/1225/1225
f 1189/1189/1189 1190/1190/1190 1226/1226/1226
f 1190/1190/1190 1227/1227/1227 1226/1226/1226
f 1190/1190/1190 1191/1191/1191 1227/1227/1227
f 1191/1191/1191 1228/1228/1228 1227/1227/1227
f 1191/1191/1191 1192/1192/1192 1228/1228/1228
f 1192/1192/1192 1229/1229/1229 1228/1228/1228
f 1192/1192/1192 1193/1193/1193 1229/1229/1229
f 1193/1193/1193 1230/1230/1230 1229/1229/1229
f 1193/1193/1193 1194/1194/1194 1230/1230/1230
f 1194/1194/1194 1231/1231/1231 1230/1230/1230
f 1194/1194/1194 1195/1195/1195 1231/1231/1231
f 1195/1195/1195 1232/1232/1232 1231/1231/1231
f 1195/1195/1195 1196/1196/1196 1232/1232/1232
f 1196/1196/1196 1233/1233/1233 1232/1232/1232
f 1196/1196/1196 1197/1197/1197 1233/1233/1233
f 1197/1197/1197 1234/1234/1234 1233/1233/1233
f 1197/1197/1197 1198/1198/1198 1234/1234/1234
f 1198/1198/1198 1235/1235/1235 1234/1234/1234
f 1198/1198/1198 1199/1199/1199 1235/1235/1235
f 1199/1199/1199 1236/1236/1236 1235/1235/1235
f 1199/1199/1199 1200/1200/1200 1236/1236/1236
f 1200/1200/1200 1237/1237/1237 1236/1236/1236
f 1200/1200/1200 1201/1201/1201 1237/1237/1237
f 1201/1201/1201 1238/1238/1238 1237/1237/1237
f 1201/1201/1201 1202/1202/1202 1238/1238/1238
f 1202/1202/1202 1239/1239/1239 1238/1238/1238
f 1202/1202/1202 1203/1203/1203 1239/1239/1239
f 1203/1203/1203 1240/1240/1240 1239/1239/1239
f 1203/1203/1203 1204/1204/1204 1240/1240/1240
f 1204/1204/1204 1241/1241/1241 1240/1240/1240
f 1204/1204/1204 1205/1205/1205 1241/1241/1241
f 1205/1205/1205 1242/1242/1242 1241/1241/1241
f 1205/1205/1205 1206/1206/1206 1242/1242/1242
f 1206/1206/1206 1243/1243/1243 1242/1242/1242
f 1206/1206/1206 1207/1207/1207 1243/1243/1243
f 1207/1207/1207 1244/1244/1244 1243/1243/1243
f 1207/1207/1207 1208/1208/1208 1244/1244/1244
f 1208/1208/1208 1245/1245/1245 1244/1244/1244
f 1208/1208/1208 1209/1209/1209 1245/1245/1245
f 1209/1209/1209 1246/1246/1246 1245/1245/1245
f 1209/1209/1209 1210/1210/1210 1246/1246/1246
f 1210/1210/1210 1247/1247/1247 1246/1246/1246
f 1210/1210/1210 1211/1211/1211 1247/1247/1247
f 1211/1211/1211 1248/1248/1248 1247/1247/1247
f 1211/1211/1211 1212/1212/1212 1248/1248/1248
f 1212/1212/1212 1249/1249/1249 1248/1248/1248
f 1212/1212/1212 1213/1213/1213 1249/1249/1249
f 1213/1213/1213 1250/1250/1250 1249/1249/1249
f 1213/1213/1213 1214/1214/1214 1250/1250/1250
f 1214/1214/1214 1251/1251/1251 1250/1250/1250
f 1214/1214/1214 1215/1215/1215 1251/1251/1251
f 1215/1215/1215 1252/1252/1252 1251/1251/1251
f 1215/1215/1215 1216/1216/1216 1252/1252/1252
f 1216/1216/1216 1253/1253/1253 1252/1252/1252
f 1216/1216/1216 1217/1217/1217 1253/1253/1253
f 1217/1217/1217 1254/1254/1254 1253/1253/1253
f 1217/1217/1217 1218/1218/1218 1254/1254/1254
f 1218/1218/1218 1255/1255/1255 1254/1254/1254
f 1218/1218/1218 1219/1219/1219 1255/1255/1255
f 1219/1219/1219 1256/1256/1256 1255/1255/1255
f 1219/1219/1219 1220/1220/1220 1256/1256/1256
f 1220/1220/1220 1257/1257/1257 1256/1256/1256
f 1220/1220/1220 1221/1221/1221 1257/1257/1257
f 1221/1221/1221 1258/1258/1258 1257/1257/1257
f 1222/1222/1222 1223/1223/1223 1259/1259/1259
f 1223/1223/1223 1260/1260/1260 1259/1259/1259
f 1223/1223/1223 1224/1224/1224 1260/1260/1260
f 1224/1224/1224 1261/1261/1261 1260/1260/1260
f 1224/1224/1224 1225/1225/1225 1261/1261/1261
f 1225/1225/1225 1262/1262/1262 1261/1261/1261
f 1225/1225/1225 1226/1226/1226 1262/1262/1262
f 1226/1226/1226 1263/1263/1263 1262/1262/1262
f 1226/1226/1226 1227/1227/1227 1263/1263/1263
f 1227/1227/1227 1264/1264/1264 1263/1263/1263
f 1227/1227/1227 1228/1228/1228 1264/1264/1264
f 1228/1228/1228 1265/1265/1265 1264/1264/1264
f 1228/1228/1228 1229/1229/1229 1265/1265/1265
f 1229/1229/1229 1266/1266/1266 1265/1265/1265
f 1229/1229/1229 1230/1230/1230 1266/1266/1266
f 1230/1230/1230 1267/1267/1267 1266/1266/1266
f 1230/1230/1230 1231/1231/1231 1267/1267/1267
f 1231/1231/1231 1268/1268/1268 1267/1267/1267
f 1231/1231/1231 1232/1232/1232 1268/1268/1268
f 1232/1232/1232 1269/1269/1269 1268/1268/1268
f 1232/1232/1232 1233/1233/1233 1269/1269/1269
f 1233/1233/1233 1270/1270/1270 1269/1269/1269
f 1233/1233/1233 1234/1234/1234 1270/1270/1270
f 1234/1234/1234 1271/1271/1271 1270/1270/1270
f 1234/1234/1234 1235/1235/1235 1271/1271/1271
f 1235/1235/1235 1272/1272/1272 1271/1271/1271
f 1235/1235/1235 1236/1236/1236 1272/1272/1272
f 1236/1236/1236 1273/1273/1273 1272/1272/1272
f 1236/1236/1236 1237/1237/1237 1273/1273/1273
f 1237/1237/1237 1274/1274/1274 1273/1273/1273
f 1237/1237/1237 1238/1238/1238 1274/1274/1274
f 1238/1238/1238 1275/1275/1275 1274/1274/1274
f 1238/1238/1238 1239/1239/1239 1275/1275/1275
f 1239/1239/1239 1276/1276/1276 1275/1275/1275
f 1239/1239/1239 1240/1240/1240 1276/1276/1276
f 1240/1240/1240 1277/1277/1277 1276/1276/1276
f 1240/1240/1240 1241/1241/1241 1277/1277/1277
f 1241/1241/1241 1278/1278/1278 1277/1277/1277
f 1241/1241/1241 1242/1242/1242 1278/1278/1278
f 1242/1242/1242 1279/1279/1279 1278/1278/1278
f 1242/1242/1242 1243/1243/1243 1279/1279/1279
f 1243/1243/1243 1280/1280/1280 1279/1279/1279
f 1243/1243/1243 1244/1244/1244 1280/1280/1280
f 1244/1244/1244 1281/1281/1281 1280/1280/1280
f 1244/1244/1244 1245/1245/1245 1281/1281/1281
f 1245/1245/1245 1282/1282/1282 1281/1281/1281
f 1245/1245/1245 1246/1246/1246 1282/1282/1282
f 1246/1246/1246 1283/1283/1283 1282/1282/1282
f 1246/1246/1246 1247/1247/1247 1283/1283/1283
f 1247/1247/1247 1284/1284/1284 1283/1283/1283
f 1247/1247/1247 1248/1248/1248 1284/1284/1284
f 1248/1248/1248 1285/1285/1285 1284/1284/1284
f 1248/1248/1248 1249/1249/1249 1285/1285/1285
f 1249/1249/1249 1286/1286/1286 1285/1285/1285
f 1249/1249/1249 1250/1250/1250 1286/1286/1286
f 1250/1250/1250 1287/1287/1287 1286/1286/1286
f 1250/1250/1250 1251/1251/1251 1287/1287/1287
f 1251/1251/1251 1288/1288/1288 1287/1287/1287
f 1251/1251/1251 1252/1252/1252 1288/1288/1288
f 1252/1252/1252 1289/1289/1289 1288/1288/1288
f 1252/1252/1252 1253/1253/1253 1289/1289/1289
f 1253/1253/1253 1290/1290/1290 1289/1289/1289
f 1253/1253/1253 1254/1254/1254 1290/1290/1290
f 1254/1254/1254 1291/1291/1291 1290/1290/1290
f 1254/1254/1254 1255/1255/1255 1291/1291/1291
f 1255/1255/1255 1292/1292/1292 1291/1291/1291
f 1255/1255/1255 1256/1256/1256 1292/1292/1292
f 1256/1256/1256 1293/1293/1293 1292/1292/1292
f 1256/1256/1256 1257/1257/1257 1293/1293/1293
f 1257/1257/1257 1294/1294/1294 1293/1293/1293
f 1257/1257/1257 1258/1258/1258 1294/1294/1294
f 1258/1258/1258 1295/1295/1295 1294/1294/1294
f 1259/1259/1259 1260/1260/1260 1296/1296/1296
f 1260/1260/1260 1297/1297/1297 1296/1296/1296
f 1260/1260/1260 1261/1261/1261 1297/1297/1297
f 1261/1261/1261 1298/1298/1298 1297/1297/1297
f 1261/1261/1261 1262/1262/1262 1298/1298/1298
f 1262/1262/1262 1299/1299/1299 1298/1298/1298
f 1262/1262/1262 1263/1263/1263 1299/1299/1299
f 1263/1263/1263 1300/1300/1300 1299/1299/1299
f 1263/1263/1263 1264/1264/1264 1300/1300/1300
f 1264/1264/1264 1301/1301/1301 1300/1300/1300
f 1264/1264/1264 1265/1265/1265 1301/1301/1301
f 1265/1265/1265 1302/1302/1302 1301/1301/1301
f 1265/1265/1265 1266/1266/1266 1302/1302/1302
f 1266/1266/1266 1303/1303/1303 1302/1302/1302
f 1266/1266/1266 1267/1267/1267 1303/1303/1303
f 1267/1267/1267 1304/1304/1304 1303/1303/1303
f 1267/1267/1267 1268/1268/1268 1304/1304/1304
f 1268/1268/1268 1305/1305/1305 1304/1304/1304
f 1268/1268/1268 1269/1269/1269 1305/1305/1305
f 1269/1269/1269 1306/1306/1306 1305/1305/1305
f 1269/1269/1269 1270/1270/1270 1306/1306/1306
f 1270/1270/1270 1307/1307/1307 1306/1306/1306
f 1270/1270/1270 1271/1271/1271 1307/1307/1307
f 1271/1271/1271 1308/1308/1308 1307/1307/1307
f 1271/1271/1271 1272/1272/1272 1308/1308/1308
f 1272/1272/1272 1309/1309/1309 1308/1308/1308
f 1272/1272/1272 1273/1273/1273 1309/1309/1309
f 1273/1273/1273 1310/1310/1310 1309/1309/1309
f 1273/1273/1273 1274/1274/1274 1310/1310/1310
f 1274/1274/1274 1311/1311/1311 1310/1310/1310
f 1274/1274/1274 1275/1275/1275 1311/1311/1311
f 1275/1275/1275 1312/1312/1312 1311/1311/1311
f 1275/1275/1275 1276/1276/1276 1312/1312/1312
f 1276/1276/1276 1313/1313/1313 1312/1312/1312
f 1276/1276/1276 1277/1277/1277 1313/1313/1313
f 1277/1277/1277 1314/1314/1314 1313/1313/1313
f 1277/1277/1277 1278/1278/1278 1314/1314/1314
f 1278/1278/1278 1315/1315/1315 1314/1314/1314
f 1278/1278/1278 1279/1279/1279 1315/1315/1315
f 1279/1279/1279 1316/1316/1316 1315/1315/1315
f 1279/1279/1279 1280/1280/1280 1316/1316/1316
f 1280/1280/1280 1317/1317/1317 1316/1316/1316
f 1280/1280/1280 1281/1281/1281 1317/1317/1317
f 1281/1281/1281 1318/1318/1318 1317/1317/1317
f 1281/1281/1281 1282/1282/1282 1318/1318/1318
f 1282/1282/1282 1319/1319/1319 1318/1318/1318
f 1282/1282/1282 1283/1283/1283 1319/1319/1319
f 1283/1283/1283 1320/1320/1320 1319/1319/1319
f 1283/1283/1283 1284/1284/1284 1320/1320/1320
f 1284/1284/1284 1321/1321/1321 1320/1320/1320
f 1284/1284/1284 1285/1285/1285 1321/1321/1321
f 1285/1285/1285 1322/1322/1322 1321/1321/1321
f 1285/1285/1285 1286/1286/1286 1322/1322/1322
f 1286/1286/1286 1323/1323/1323 1322/1322/1322
f 1286/1286/1286 1287/1287/1287 1323/1323/1323
f 1287/1287/1287 1324/1324/1324 1323/1323/1323
f 1287/1287/1287 1288/1288/1288 1324/1324/1324
f 1288/1288/1288 1325/1325/1325 1324/1324/1324
f 1288/1288/1288 1289/1289/1289 1325/1325/1325
f 1289/1289/1289 1326/1326/1326 1325/1325/1325
f 1289/1289/1289 1290/1290/1290 1326/1326/1326
f 1290/1290/1290 1327/1327/1327 1326/1326/1326
f 1290/1290/1290 1291/1291/1291 1327/1327/1327
f 1291/1291/1291 1328/1328/1328 1327/1327/1327
f 1291/1291/1291 1292/1292/1292 1328/1328/1328
f 1292/1292/1292 1329/1329/1329 1328/1328/1328
f 1292/1292/1292 1293/1293/1293 1329/1329/1329
f 1293/1293/1293 1330/1330/1330 1329/1329/1329
f 1293/1293/1293 1294/1294/1294 1330/1330/1330
f 1294/1294/1294 1331/1331/1331 1330/1330/1330
f 1294/1294/1294 1295/1295/1295 1331/1331/1331
f 1295/1295/1295 1332/1332/1332 1331/1331/1331
f 1296/1296/1296 1297/1297/1297 1333/1333/1333
f 1297/1297/1297 1334/1334/1334 1333/1333/1333
f 1297/1297/1297 1298/1298/1298 1334/1334/1334
f 1298/1298/1298 1335/1335/1335 1334/1334/1334
f 1298/1298/1298 1299/1299/1299 1335/1335/1335
f 1299/1299/1299 1336/1336/1336 1335/1335/1335
f 1299/1299/1299 1300/1300/1300 1336/1336/1336
f 1300/1300/1300 1337/1337/1337 1336/1336/1336
f 1300/1300/1300 1301/1301/1301 1337/1337/1337
f 1301/1301/1301 1338/1338/1338 1337/1337/1337
f 1301/1301/1301 1302/1302/1302 1338/1338/1338
f 1302/1302/1302 1339/1339/1339 1338/1338/1338
f 1302/1302/1302 1303/1303/1303 1339/1339/1339
f 1303/1303/1303 1340/1340/1340 1339/1339/1339
f 1303/1303/1303 1304/1304/1304 1340/1340/1340
f 1304/1304/1304 1341/1341/1341 1340/1340/1340
f 1304/1304/1304 1305/1305/1305 1341/1341/1341
f 1305/1305/1305 1342/1342/1342 1341/1341/1341
f 1305/1305/1305 1306/1306/1306 1342/1342/1342
f 1306/1306/1306 1343/1343/1343 1342/1342/1342
f 1306/1306/1306 1307/1307/1307 1343/1343/1343
f 1307/1307/1307 1344/1344/1344 1343/1343/1343
f 1307/1307/1307 1308/1308/1308 1344/1344/1344
f 1308/1308/1308 1345/1345/1345 1344/1344/1344
f 1308/1308/1308 1309/1309/1309 1345/1345/1345
f 1309/1309/1309 1346/1346/1346 1345/1345/1345
f 1309/1309/1309 1310/1310/1310 1346/1346/1346
f 1310/1310/1310 1347/1347/1347 1346/1346/1346
f 1310/1310/1310 1311/1311/1311 1347/1347/1347
f 1311/1311/1311 1348/1348/1348 1347/1347/1347
f 1311/1311/1311 1312/1312/1312 1348/1348/1348
f 1312/1312/1312 1349/1349/1349 1348/1348/1348
f 1312/1312/1312 1313/1313/1313 1349/1349/1349
f 1313/1313/1313 1350/1350/1350 1349/1349/1349
f 1313/1313/1313 1314/1314/1314 1350/1350/1350
f 1314/1314/1314 1351/1351/1351 1350/1350/1350
f 1314/1314/1314 1315/1315/1315 1351/1351/1351
f 1315/1315/1315 1352/1352/1352 1351/1351/1351
f 1315/1315/1315 1316/1316/1316 1352/1352/1352
f 1316/1316/1316 1353/1353/1353 1352/1352/1352
f 1316/1316/1316 1317/1317/1317 1353/1353/1353
f 1317/1317/1317 1354/1354/1354 1353/1353/1353
f 1317/1317/1317 1318/1318/1318 1354/1354/1354
f 1318/1318/1318 1355/1355/1355 1354/1354/1354
f 1318/1318/1318 1319/1319/1319 1355/1355/1355
f 1319/1319/1319 1356/1356/1356 1355/1355/1355
f 1319/1319/1319 1320/1320/1320 1356/1356/1356
f 1320/1320/1320 1357/1357/1357 1356/1356/1356
f 1320/1320/1320 1321/1321/1321 1357/1357/1357
f 1321/1321/1321 1358/1358/1358 1357/1357/1357
f 1321/1321/1321 1322/1322/1322 1358/1358/1358
f 1322/1322/1322 1359/1359/1359 1358/1358/1358
f 1322/1322/1322 1323/1323/1323 1359/1359/1359
f 1323/1323/1323 1360/1360/1360 1359/1359/1359
f 1323/1323/1323 1324/1324/1324 1360/1360/1360
f 1324/1324/1324 1361/1361/1361 1360/1360/1360
f 1324/1324/1324 1325/1325/1325 1361/1361/1361
f 1325/1325/1325 1362/1362/1362 1361/1361/1361
f 1325/1325/1325 1326/1326/1326 1362/1362/1362
f 1326/1326/1326 1363/1363/1363 1362/1362/1362
f 1326/1326/1326 1327/1327/1327 1363/1363/1363
f 1327/1327/1327 1364/1364/1364 1363/1363/1363
f 1327/1327/1327 1328/1328/1328 1364/1364/1364
f 1328/1328/1328 1365/1365/1365 1364/1364/1364
f 1328/1328/1328 1329/1329/1329 1365/1365/1365
f 1329/1329/1329 1366/1366/1366 1365/1365/1365
f 1329/1329/1329 1330/1330/1330 1366/1366/1366
f 1330/1330/1330 1367/1367/1367 1366/1366/1366
f 1330/1330/1330 1331/1331/1331 1367/1367/1367
f 1331/1331/1331 1368/1368/1368 1367/1367/1367
f 1331/1331/1331 1332/1332/1332 1368/1368/1368
f 1332/1332/1332 1369/1369/1369 1368/1368/1368
f 1333/1333/1333 1334/1334/1334 1370/1370/1370
f 1334/1334/1334 1371/1371/1371 1370/1370/1370
f 1334/1334/1334 1335/1335/1335 1371/1371/1371
f 1335/1335/1335 1372/1372/1372 1371/1371/1371
f 1335/1335/1335 1336/1336/1336 1372/1372/1372
f 1336/1336/1336 1373/1373/1373 1372/1372/1372
f 1336/1336/1336 1337/1337/1337 1373/1373/1373
f 1337/1337/1337 1374/1374/1374 1373/1373/1373
f 1337/1337/1337 1338/1338/1338 1374/1374/1374
f 1338/1338/1338 1375/1375/1375 1374/1374/1374
f 1338/1338/1338 1339/1339/1339 1375/1375/1375
f 1339/1339/1339 1376/1376/1376 1375/1375/1375
f 1339/1339/1339 1340/1340/1340 1376/1376/1376
f 1340/1340/1340 1377/1377/1377 1376/1376/1376
f 1340/1340/1340 1341/1341/1341 1377/1377/1377
f 1341/1341/1341 1378/1378/1378 1377/1377/1377
f 1341/1341/1341 1342/1342/1342 1378/1378/1378
f 1342/1342/1342 1379/1379/1379 1378/1378/1378
f 1342/1342/1342 1343/1343/1343 1379/1379/1379
f 1343/1343/1343 1380/1380/1380 1379/1379/1379
f 1343/1343/1343 1344/1344/1344 1380/1380/1380
f 1344/1344/1344 1381/1381/1381 1380/1380/1380
f 1344/1344/1344 1345/1345/1345 1381/1381/1381
f 1345/1345/1345 1382/1382/1382 1381/1381/1381
f 1345/1345/1345 1346/1346/1346 1382/1382/1382
f 1346/1346/1346 1383/1383/1383 1382/1382/1382
f 1346/1346/1346 1347/1347/1347 1383/1383/1383
f 1347/1347/1347 1384/1384/1384 1383/1383/1383
f 1347/1347/1347 1348/1348/1348 1384/1384/1384
f 1348/1348/1348 1385/1385/1385 1384/1384/1384
f 1348/1348/1348 1349/1349/1349 1385/1385/1385
f 1349/1349/1349 1386/1386/1386 1385/1385/1385
f 1349/1349/1349 1350/1350/1350 1386/1386/1386
f 1350/1350/1350 1387/1387/1387 1386/1386/1386
f 1350/1350/1350 1351/1351/1351 1387/1387/1387
f 1351/1351/1351 1388/1388/1388 1387/1387/1387
f 1351/1351/1351 1352/1352/1352 1388/1388/1388
f 1352/1352/1352 1389/1389/1389 1388/1388/1388
f 1352/1352/1352 1353/1353/1353 1389/1389/1389
f 1353/1353/1353 1390/1390/1390 1389/1389/1389
f 1353/1353/1353 1354/1354/1354 1390/1390/1390
f 1354/1354/1354 1391/1391/1391 1390/1390/1390
f 1354/1354/1354 1355/1355/1355 1391/1391/1391
f 1355/1355/1355 1392/1392/1392 1391/1391/1391
f 1355/1355/1355 1356/1356/1356 1392/1392/1392
f 1356/1356/1356 1393/1393/1393 1392/1392/1392
f 1356/1356/1356 1357/1357/1357 1393/1393/1393
f 1357/1357/1357 1394/1394/1394 1393/1393/1393
f 1357/1357/1357 1358/1358/1358 1394/1394/1394
f 1358/1358/1358 1395/1395/1395 1394/1394/1394
f 1358/1358/1358 1359/1359/1359 1395/1395/1395
f 1359/1359/1359 1396/1396/1396 1395/1395/1395
f 1359/1359/1359 1360/1360/1360 1396/1396/1396
f 1360/1360/1360 1397/1397/1397 1396/1396/1396
f 1360/1360/1360 1361/1361/1361 1397/1397/1397
f 1361/1361/1361 1398/1398/1398 1397/1397/1397
f 1361/1361/1361 1362/1362/1362 1398/1398/1398
f 1362/1362/1362 1399/1399/1399 1398/1398/1398
f 1362/1362/1362 1363/1363/1363 1399/1399/1399
f 1363/1363/1363 1400/1400/1400 1399/1399/1399
f 1363/1363/1363 1364/1364/1364 1400/1400/1400
f 1364/1364/1364 1401/1401/1401 1400/1400/1400
f 1364/1364/1364 1365/1365/1365 1401/1401/1401
f 1365/1365/1365 1402/1402/1402 1401/1401/1401
f 1365/1365/1365 1366/1366/1366 1402/1402/1402
f 1366/1366/1366 1403/1403/1403 1402/1402/1402
f 1366/1366/1366 1367/1367/1367 1403/1403/1403
f 1367/1367/1367 1404/1404/1404 1403/1403/1403
f 1367/1367/1367 1368/1368/1368 1404/1404/1404
f 1368/1368/1368 1405/1405/1405 1404/1404/1404
f 1368/1368/1368 1369/1369/1369 1405/1405/1405
f 1369/1369/1369 1406/1406/1406 1405/1405/1405
f 1370/1370/1370 1371/1371/1371 1407/1407/1407
f 1371/1371/1371 1408/1408/1408 1407/1407/1407
f 1371/1371/1371 1372/1372/1372 1408/1408/1408
f 1372/1372/1372 1409/1409/1409 1408/1408/1408
f 1372/1372/1372 1373/1373/1373 1409/1409/1409
f 1373/1373/1373 1410/1410/1410 1409/1409/1409
f 1373/1373/1373 1374/1374/1374 1410/1410/1410
f 1374/1374/1374 1411/1411/1411 1410/1410/1410
f 1374/1374/1374 1375/1375/1375 1411/1411/1411
f 1375/1375/1375 1412/1412/1412 1411/1411/1411
f 1375/1375/1375 1376/1376/1376 1412/1412/1412
f 1376/1376/1376 1413/1413/1413 1412/1412/1412
f 1376/1376/1376 1377/1377/1377 1413/1413/1413
f 1377/1377/1377 1414/1414/1414 1413/1413/1413
f 1377/1377/1377 1378/1378/1378 1414/1414/1414
f 1378/1378/1378 1415/1415/1415 1414/1414/1414
f 1378/1378/1378 1379/1379/1379 1415/1415/1415
f 1379/1379/1379 1416/1416/1416 1415/1415/1415
f 1379/1379/1379 1380/1380/1380 1416/1416/1416
f 1380/1380/1380 1417/1417/1417 1416/1416/1416
f 1380/1380/1380 1381/1381/1381 1417/1417/1417
f 1381/1381/1381 1418/1418/1418 1417/1417/1417
f 1381/1381/1381 1382/1382/1382 1418/1418/1418
f 1382/1382/1382 1419/1419/1419 1418/1418/1418
f 1382/1382/1382 1383/1383/1383 1419/1419/1419
f 1383/1383/1383 1420/1420/1420 1419/1419/1419
f 1383/1383/1383 1384/1384/1384 1420/1420/1420
f 1384/1384/1384 1421/1421/1421 1420/1420/1420
f 1384/1384/1384 1385/1385/1385 1421/1421/1421
f 1385/1385/1385 1422/1422/1422 1421/1421/1421
f 1385/1385/1385 1386/1386/1386 1422/1422/1422
f 1386/1386/1386 1423/1423/1423 1422/1422/1422
f 1386/1386/1386 1387/1387/1387 1423/1423/1423
f 1387/1387/1387 1424/1424/1424 1423/1423/1423
f 1387/1387/1387 1388/1388/1388 1424/1424/1424
f 1388/1388/1388 1425/1425/1425 1424/1424/1424
f 1388/1388/1388 1389/1389/1389 1425/1425/1425
f 1389/1389/1389 1426/1426/1426 1425/1425/1425
f 1389/1389/1389 1390/1390/1390 1426/1426/1426
f 1390/1390/1390 1427/1427/1427 1426/1426/1426
f 1390/1390/1390 1391/1391/1391 1427/1427/1427
f 1391/1391/1391 1428/1428/1428 1427/1427/1427
f 1391/1391/1391 1392/1392/1392 1428/1428/1428
f 1392/1392/1392 1429/1429/1429 1428/1428/1428
f 1392/1392/1392 1393/1393/1393 1429/1429/1429
f 1393/1393/1393 1430/1430/1430 1429/1429/1429
f 1393/1393/1393 1394/1394/1394 1430/1430/1430
f 1394/1394/1394 1431/1431/1431 1430/1430/1430
f 1394/1394/1394 1395/1395/1395 1431/1431/1431
f 1395/1395/1395 1432/1432/1432 1431/1431/1431
f 1395/1395/1395 1396/1396/1396 1432/1432/1432
f 1396/1396/1396 1433/1433/1433 1432/1432/1432
f 1396/1396/1396 1397/1397/1397 1433/1433/1433
f 1397/1397/1397 1434/1434/1434 1433/1433/1433
f 1397/1397/1397 1398/1398/1398 1434/1434/1434
f 1398/1398/1398 1435/1435/1435 1434/1434/1434
f 1398/1398/1398 1399/1399/1399 1435/1435/1435
f 1399/1399/1399 1436/1436/1436 1435/1435/1435
f 1399/1399/1399 1400/1400/1400 1436/1436/1436
f 1400/1400/1400 1437/1437/1437 1436/1436/1436
f 1400/1400/1400 1401/1401/1401 1437/1437/1437
f 1401/1401/1401 1438/1438/1438 1437/1437/1437
f 1401/1401/1401 1402/1402/1402 1438/1438/1438
f 1402/1402/1402 1439/1439/1439 1438/1438/1438
f 1402/1402/1402 1403/1403/1403 1439/1439/1439
f 1403/1403/1403 1440/1440/1440 1439/1439/1439
f 1403/1403/1403 1404/1404/1404 1440/1440/1440
f 1404/1404/1404 1441/1441/1441 1440/1440/1440
f 1404/1404/1404 1405/1405/1405 1441/1441/1441
f 1405/1405/1405 1442/1442/1442 1441/1441/1441
f 1405/1405/1405 1406/1406/1406 1442/1442/1442
f 1406/1406/1406 1443/1443/1443 1442/1442/1442
f 1407/1407/1407 1408/1408/1408 1444/1444/1444
f 1408/1408/1408 1445/1445/1445 1444/1444/1444
f 1408/1408/1408 1409/1409/1409 1445/1445/1445
f 1409/1409/1409 1446/1446/1446 1445/1445/1445
f 1409/1409/1409 1410/1410/1410 1446/1446/1446
f 1410/1410/1410 1447/1447/1447 1446/1446/1446
f 1410/1410/1410 1411/1411/1411 1447/1447/1447
f 1411/1411/1411 1448/1448/1448 1447/1447/1447
f 1411/1411/1411 1412/1412/1412 1448/1448/1448
f 1412/1412/1412 1449/1449/1449 1448/1448/1448
f 1412/1412/1412 1413/1413/1413 1449/1449/1449
f 1413/1413/1413 1450/1450/1450 1449/1449/1449
f 1413/1413/1413 1414/1414/1414 1450/1450/1450
f 1414/1414/1414 1451/1451/1451 1450/1450/1450
f 1414/1414/1414 1415/1415/1415 1451/1451/1451
f 1415/1415/1415 1452/1452/1452 1451/1451/1451
f 1415/1415/1415 1416/1416/1416 1452/1452/1452
f 1416/1416/1416 1453/1453/1453 1452/1452/1452
f 1416/1416/1416 1417/1417/1417 1453/1453/1453
f 1417/1417/1417 1454/1454/1454 1453/1453/1453
f 1417/1417/1417 1418/1418/1418 1454/1454/1454
f 1418/1418/1418 1455/1455/1455 1454/1454/1454
f 1418/1418/1418 1419/1419/1419 1455/1455/1455
f 1419/1419/1419 1456/1456/1456 1455/1455/1455
f 1419/1419/1419 1420/1420/1420 1456/1456/1456
f 1420/1420/1420 1457/1457/1457 1456/1456/1456
f 1420/1420/1420 1421/1421/1421 1457/1457/1457
f 1421/1421/1421 1458/1458/1458 1457/1457/1457
f 1421/1421/1421 1422/1422/1422 1458/1458/1458
f 1422/1422/1422 1459/1459/1459 1458/1458/1458
f 1422/1422/1422 1423/1423/1423 1459/1459/1459
f 1423/1423/1423 1460/1460/1460 1459/1459/1459
f 1423/1423/1423 1424/1424/1424 1460/1460/1460
f 1424/1424/1424 1461/1461/1461 1460/1460/1460
f 1424/1424/1424 1425/1425/1425 1461/1461/1461
f 1425/1425/1425 1462/1462/1462 1461/1461/1461
f 1425/1425/1425 1426/1426/1426 1462/1462/1462
f 1426/1426/1426 1463/1463/1463 1462/1462/1462
f 1426/1426/1426 1427/1427/1427 1463/1463/1463
f 1427/1427/1427 1464/1464/1464 1463/1463/1463
f 1427/1427/1427 1428/1428/1428 1464/1464/1464
f 1428/1428/1428 1465/1465/1465 1464/1464/1464
f 1428/1428/1428 1429/1429/1429 1465/1465/1465
f 1429/1429/1429 1466/1466/1466 1465/1465/1465
f 1429/1429/1429 1430/1430/1430 1466/1466/1466
f 1430/1430/1430 1467/1467/1467 1466/1466/1466
f 1430/1430/1430 1431/1431/1431 1467/1467/1467
f 1431/1431/1431 1468/1468/1468 1467/1467/1467
f 1431/1431/1431 1432/1432/1432 1468/1468/1468
f 1432/1432/1432 1469/1469/1469 1468/1468/1468
f 1432/1432/1432 1433/1433/1433 1469/1469/1469
f 1433/1433/1433 1470/1470/1470 1469/1469/1469
f 1433/1433/1433 1434/1434/1434 1470/1470/1470
f 1434/1434/1434 1471/1471/1471 1470/1470/1470
f 1434/1434/1434 1435/1435/1435 1471/1471/1471
f 1435/1435/1435 1472/1472/1472 1471/1471/1471
f 1435/1435/1435 1436/1436/1436 1472/1472/1472
f 1436/1436/1436 1473/1473/1473 1472/1472/1472
f 1436/1436/1436 1437/1437/1437 1473/1473/1473
f 1437/1437/1437 1474/1474/1474 1473/1473/1473
f 1437/1437/1437 1438/1438/1438 1474/1474/1474
f 1438/1438/1438 1475/1475/1475 1474/1474/1474
f 1438/1438/1438 1439/1439/1439 1475/1475/1475
f 1439/1439/1439 1476/1476/1476 1475/1475/1475
f 1439/1439/1439 1440/1440/1440 1476/1476/1476
f 1440/1440/1440 1477/1477/1477 1476/1476/1476
f 1440/1440/1440 1441/1441/1441 1477/1477/1477
f 1441/1441/1441 1478/1478/1478 1477/1477/1477
f 1441/1441/1441 1442/1442/1442 1478/1478/1478
f 1442/1442/1442 1479/1479/1479 1478/1478/1478
f 1442/1442/1442 1443/1443/1443 1479/1479/1479
f 1443/1443/1443 1480/1480/1480 1479/1479/1479
f 1444/1444/1444 1445/1445/1445 1481/1481/1481
f 1445/1445/1445 1482/1482/1482 1481/1481/1481
f 1445/1445/1445 1446/1446/1446 1482/1482/1482
f 1446/1446/1446 1483/1483/1483 1482/1482/1482
f 1446/1446/1446 1447/1447/1447 1483/1483/1483
f 1447/1447/1447 1484/1484/1484 1483/1483/1483
f 1447/1447/1447 1448/1448/1448 1484/1484/1484
f 1448/1448/1448 1485/1485/1485 1484/1484/1484
f 1448/1448/1448 1449/1449/1449 1485/1485/1485
f 1449/1449/1449 1486/1486/1486 1485/1485/1485
f 1449/1449/1449 1450/1450/1450 1486/1486/1486
f 1450/1450/1450 1487/1487/1487 1486/1486/1486
f 1450/1450/1450 1451/1451/1451 1487/1487/1487
f 1451/1451/1451 1488/1488/1488 1487/1487/1487
f 1451/1451/1451 1452/1452/1452 1488/1488/1488
f 1452/1452/1452 1489/1489/1489 1488/1488/1488
f 1452/1452/1452 1453/1453/1453 1489/1489/1489
f 1453/1453/1453 1490/1490/1490 1489/1489/1489
f 1453/1453/1453 1454/1454/1454 1490/1490/1490
f 1454/1454/1454 1491/1491/1491 1490/1490/1490
f 1454/1454/1454 1455/1455/1455 1491/1491/1491
f 1455/1455/1455 1492/1492/1492 1491/1491/1491
f 1455/1455/1455 1456/1456/1456 1492/1492/1492
f 1456/1456/1456 1493/1493/1493 1492/1492/1492
f 1456/1456/1456 1457/1457/1457 1493/1493/1493
f 1457/1457/1457 1494/1494/1494 1493/1493/1493
f 1457/1457/1457 1458/1458/1458 1494/1494/1494
f 1458/1458/1458 1495/1495/1495 1494/1494/1494
f 1458/1458/1458 1459/1459/1459 1495/1495/1495
f 1459/1459/1459 1496/1496/1496 1495/1495/1495
f 1459/1459/1459 1460/1460/1460 1496/1496/1496
f 1460/1460/1460 1497/1497/1497 1496/1496/1496
f 1460/1460/1460 1461/1461/1461 1497/1497/1497
f 1461/1461/1461 1498/1498/1498 1497/1497/1497
f 1461/1461/1461 1462/1462/1462 1498/1498/1498
f 1462/1462/1462 1499/1499/1499 1498/1498/1498
f 1462/1462/1462 1463/1463/1463 1499/1499/1499
f 1463/1463/1463 1500/1500/1500 1499/1499/1499
f 1463/1463/1463 1464/1464/1464 1500/1500/1500
f 1464/1464/1464 1501/1501/1501 1500/1500/1500
f 1464/1464/1464 1465/1465/1465 1501/1501/1501
f 1465/1465/1465 1502/1502/1502 1501/1501/1501
f 1465/1465/1465 1466/1466/1466 1502/1502/1502
f 1466/1466/1466 1503/1503/1503 1502/1502/1502
f 1466/1466/1466 1467/1467/1467 1503/1503/1503
f 1467/1467/1467 1504/1504/1504 1503/1503/1503
f 1467/1467/1467 1468/1468/1468 1504/1504/1504
f 1468/1468/1468 1505/1505/1505 1504/1504/1504
f 1468/1468/1468 1469/1469/1469 1505/1505/1505
f 1469/1469/1469 1506/1506/1506 1505/1505/1505
f 1469/1469/1469 1470/1470/1470 1506/1506/1506
f 1470/1470/1470 1507/1507/1507 1506/1506/1506
f 1470/1470/1470 1471/1471/1471 1507/1507/1507
f 1471/1471/1471 1508/1508/1508 1507/1507/1507
f 1471/1471/1471 1472/1472/1472 1508/1508/1508
f 1472/1472/1472 1509/1509/1509 1508/1508/1508
f 1472/1472/1472 1473/1473/1473 1509/1509/1509
f 1473/1473/1473 1510/1510/1510 1509/1509/1509
f 1473/1473/1473 1474/1474/1474 1510/1510/1510
f 1474/1474/1474 1511/1511/1511 1510/1510/1510
f 1474/1474/1474 1475/1475/1475 1511/1511/1511
f 1475/1475/1475 1512/1512/1512 1511/1511/1511
f 1475/1475/1475 1476/1476/1476 1512/1512/1512
f 1476/1476/1476 1513/1513/1513 1512/1512/1512
f 1476/1476/1476 1477/1477/1477 1513/1513/1513
f 1477/1477/1477 1514/1514/1514 1513/1513/1513
f 1477/1477/1477 1478/1478/1478 1514/1514/1514
f 1478/1478/1478 1515/1515/1515 1514/1514/1514
f 1478/1478/1478 1479/1479/1479 1515/1515/1515
f 1479/1479/1479 1516/1516/1516 1515/1515/1515
f 1479/1479/1479 1480/1480/1480 1516/1516/1516
f 1480/1480/1480 1517/1517/1517 1516/1516/1516
f 1481/1481/1481 1482/1482/1482 1518/1518/1518
f 1482/1482/1482 1519/1519/1519 1518/1518/1518
f 1482/1482/1482 1483/1483/1483 1519/1519/1519
f 1483/1483/1483 1520/1520/1520 1519/1519/1519
f 1483/1483/1483 1484/1484/1484 1520/1520/1520
f 1484/1484/1484 1521/1521/1521 1520/1520/1520
f 1484/1484/1484 1485/1485/1485 1521/1521/1521
f 1485/1485/1485 1522/1522/1522 1521/1521/1521
f 1485/1485/1485 1486/1486/1486 1522/1522/1522
f 1486/1486/1486 1523/1523/1523 1522/1522/1522
f 1486/1486/1486 1487/1487/1487 1523/1523/1523
f 1487/1487/1487 1524/1524/1524 1523/1523/1523
f 1487/1487/1487 1488/1488/1488 1524/1524/1524
f 1488/1488/1488 1525/1525/1525 1524/1524/1524
f 1488/1488/1488 1489/1489/1489 1525/1525/1525
f 1489/1489/1489 1526/1526/1526 1525/1525/1525
f 1489/1489/1489 1490/1490/1490 1526/1526/1526
f 1490/1490/1490 1527/1527/1527 1526/1526/1526
f 1490/1490/1490 1491/1491/1491 1527/1527/1527
f 1491/1491/1491 1528/1528/1528 1527/1527/1527
f 1491/1491/1491 1492/1492/1492 1528/1528/1528
f 1492/1492/1492 1529/1529/1529 1528/1528/1528
f 1492/1492/1492 1493/1493/1493 1529/1529/1529
f 1493/1493/1493 1530/1530/1530 1529/1529/1529
f 1493/1493/1493 1494/1494/1494 1530/1530/1530
f 1494/1494/1494 1531/1531/1531 1530/1530/1530
f 1494/1494/1494 1495/1495/1495 1531/1531/1531
f 1495/1495/1495 1532/1532/1532 1531/1531/1531
f 1495/1495/1495 1496/1496/1496 1532/1532/1532
f 1496/1496/1496 1533/1533/1533 1532/1532/1532
f 1496/1496/1496 1497/1497/1497 1533/1533/1533
f 1497/1497/1497 1534/1534/1534 1533/1533/1533
f 1497/1497/1497 1498/1498/1498 1534/1534/1534
f 1498/1498/1498 1535/1535/1535 1534/1534/1534
f 1498/1498/1498 1499/1499/1499 1535/1535/1535
f 1499/1499/1499 1536/1536/1536 1535/1535/1535
f 1499/1499/1499 1500/1500/1500 1536/1536/1536
f 1500/1500/1500 1537/1537/1537 1536/1536/1536
f 1500/1500/1500 1501/1501/1501 1537/1537/1537
f 1501/1501/1501 1538/1538/1538 1537/1537/1537
f 1501/1501/1501 1502/1502/1502 1538/1538/1538
f 1502/1502/1502 1539/1539/1539 1538/1538/1538
f 1502/1502/1502 1503/1503/1503 1539/1539/1539
f 1503/1503/1503 1540/1540/1540 1539/1539/1539
f 1503/1503/1503 1504/1504/1504 1540/1540/1540
f 1504/1504/1504 1541/1541/1541 1540/1540/1540
f 1504/1504/1504 1505/1505/1505 1541/1541/1541
f 1505/1505/1505 1542/1542/1542 1541/1541/1541
f 1505/1505/1505 1506/1506/1506 1542/1542/1542
f 1506/1506/1506 1543/1543/1543 1542/1542/1542
f 1506/1506/1506 1507/1507/1507 1543/1543/1543
f 1507/1507/1507 1544/1544/1544 1543/1543/1543
f 1507/1507/1507 1508/1508/1508 1544/1544/1544
f 1508/1508/1508 1545/1545/1545 1544/1544/1544
f 1508/1508/1508 1509/1509/1509 1545/1545/1545
f 1509/1509/1509 1546/1546/1546 1545/1545/1545
f 1509/1509/1509 1510/1510/1510 1546/1546/1546
f 1510/1510/1510 1547/1547/1547 1546/1546/1546
f 1510/1510/1510 1511/1511/1511 1547/1547/1547
f 1511/1511/1511 1548/1548/1548 1547/1547/1547
f 1511/1511/1511 1512/1512/1512 1548/1548/1548
f 1512/1512/1512 1549/1549/1549 1548/1548/1548
f 1512/1512/1512 1513/1513/1513 1549/1549/1549
f 1513/1513/1513 1550/1550/1550 1549/1549/1549
f 1513/1513/1513 1514/1514/1514 1550/1550/1550
f 1514/1514/1514 1551/1551/1551 1550/1550/1550
f 1514/1514/1514 1515/1515/1515 1551/1551/1551
f 1515/1515/1515 1552/1552/1552 1551/1551/1551
f 1515/1515/1515 1516/1516/1516 1552/1552/1552
f 1516/1516/1516 1553/1553/1553 1552/1552/1552
f 1516/1516/1516 1517/1517/1517 1553/1553/1553
f 1517/1517/1517 1554/1554/1554 1553/1553/1553
f 1518/1518/1518 1519/1519/1519 1555/1555/1555
f 1519/1519/1519 1556/1556/1556 1555/1555/1555
f 1519/1519/1519 1520/1520/1520 1556/1556/1556
f 1520/1520/1520 1557/1557/1557 1556/1556/1556
f 1520/1520/1520 1521/1521/1521 1557/1557/1557
f 1521/1521/1521 1558/1558/1558 1557/1557/1557
f 1521/1521/1521 1522/1522/1522 1558/1558/1558
f 1522/1522/1522 1559/1559/1559 1558/1558/1558
f 1522/1522/1522 1523/1523/1523 1559/1559/1559
f 1523/1523/1523 1560/1560/1560 1559/1559/1559
f 1523/1523/1523 1524/1524/1524 1560/1560/1560
f 1524/1524/1524 1561/1561/1561 1560/1560/1560
f 1524/1524/1524 1525/1525/1525 1561/1561/1561
f 1525/1525/1525 1562/1562/1562 1561/1561/1561
f 1525/1525/1525 1526/1526/1526 1562/1562/1562
f 1526/1526/1526 1563/1563/1563 1562/1562/1562
f 1526/1526/1526 1527/1527/1527 1563/1563/1563
f 1527/1527/1527 1564/1564/1564 1563/1563/1563
f 1527/1527/1527 1528/1528/1528 1564/1564/1564
f 1528/1528/1528 1565/1565/1565 1564/1564/1564
f 1528/1528/1528 1529/1529/1529 1565/1565/1565
f 1529/1529/1529 1566/1566/1566 1565/1565/1565
f 1529/1529/1529 1530/1530/1530 1566/1566/1566
f 1530/1530/1530 1567/1567/1567 1566/1566/1566
f 1530/1530/1530 1531/1531/1531 1567/1567/1567
f 1531/1531/1531 1568/1568/1568 1567/1567/1567
f 1531/1531/1531 1532/1532/1532 1568/1568/1568
f 1532/1532/1532 1569/1569/1569 1568/1568/1568
f 1532/1532/1532 1533/1533/1533 1569/1569/1569
f 1533/1533/1533 1570/1570/1570 1569/1569/1569
f 1533/1533/1533 1534/1534/1534 1570/1570/1570
f 1534/1534/1534 1571/1571/1571 1570/1570/1570
f 1534/1534/1534 1535/1535/1535 1571/1571/1571
f 1535/1535/1535 1572/1572/1572 1571/1571/1571
f 1535/1535/1535 1536/1536/1536 1572/1572/1572
f 1536/1536/1536 1573/1573/1573 1572/1572/1572
f 1536/1536/1536 1537/1537/1537 1573/1573/1573
f 1537/1537/1537 1574/1574/1574 1573/1573/1573
f 1537/1537/1537 1538/1538/1538 1574/1574/1574
f 1538/1538/1538 1575/1575/1575 1574/1574/1574
f 1538/1538/1538 1539/1539/1539 1575/1575/1575
f 1539/1539/1539 1576/1576/1576 1575/1575/1575
f 1539/1539/1539 1540/1540/1540 1576/1576/1576
f 1540/1540/1540 1577/1577/1577 1576/1576/1576
f 1540/1540/1540 1541/1541/1541 1577/1577/1577
f 1541/1541/1541 1578/1578/1578 1577/1577/1577
f 1541/1541/1541 1542/1542/1542 1578/1578/1578
f 1542/1542/1542 1579/1579/1579 1578/1578/1578
f 1542/1542/1542 1543/1543/1543 1579/1579/1579
f 1543/1543/1543 1580/1580/1580 1579/1579/1579
f 1543/1543/1543 1544/1544/1544 1580/1580/1580
f 1544/1544/1544 1581/1581/1581 1580/1580/1580
f 1544/1544/1544 1545/1545/1545 1581/1581/1581
f 1545/1545/1545 1582/1582/1582 1581/1581/1581
f 1545/1545/1545 1546/1546/1546 1582/1582/1582
f 1546/1546/1546 1583/1583/1583 1582/1582/1582
f 1546/1546/1546 1547/1547/1547 1583/1583/1583
f 1547/1547/1547 1584/1584/1584 1583/1583/1583
f 1547/1547/1547 1548/1548/1548 1584/1584/1584
f 1548/1548/1548 1585/1585/1585 1584/1584/1584
f 1548/1548/1548 1549/1549/1549 1585/1585/1585
f 1549/1549/1549 1586/1586/1586 1585/1585/1585
f 1549/1549/1549 1550/1550/1550 1586/1586/1586
f 1550/1550/1550 1587/1587/1587 1586/1586/1586
f 1550/1550/1550 1551/1551/1551 1587/1587/1587
f 1551/1551/1551 1588/1588/1588 1587/1587/1587
f 1551/1551/1551 1552/1552/1552 1588/1588/1588
f 1552/1552/1552 1589/1589/1589 1588/1588/1588
f 1552/1552/1552 1553/1553/1553 1589/1589/1589
f 1553/1553/1553 1590/1590/1590 1589/1589/1589
f 1553/1553/1553 1554/1554/1554 1590/1590/1590
f 1554/1554/1554 1591/1591/1591 1590/1590/1590
f 1555/1555/1555 1556/1556/1556 1592/1592/1592
f 1556/1556/1556 1593/1593/1593 1592/1592/1592
f 1556/1556/1556 1557/1557/1557 1593/1593/1593
f 1557/1557/1557 1594/1594/1594 1593/1593/1593
f 1557/1557/1557 1558/1558/1558 1594/1594/1594
f 1558/1558/1558 1595/1595/1595 1594/1594/1594
f 1558/1558/1558 1559/1559/1559 1595/1595/1595
f 1559/1559/1559 1596/1596/1596 1595/1595/1595
f 1559/1559/1559 1560/1560/1560 1596/1596/1596
f 1560/1560/1560 1597/1597/1597 1596/1596/1596
f 1560/1560/1560 1561/1561/1561 1597/1597/1597
f 1561/1561/1561 1598/1598/1598 1597/1597/1597
f 1561/1561/1561 1562/1562/1562 1598/1598/1598
f 1562/1562/1562 1599/1599/1599 1598/1598/1598
f 1562/1562/1562 1563/1563/1563 1599/1599/1599
f 1563/1563/1563 1600/1600/1600 1599/1599/1599
f 1563/1563/1563 1564/1564/1564 1600/1600/1600
f 1564/1564/1564 1601/1601/1601 1600/1600/1600
f 1564/1564/1564 1565/1565/1565 1601/1601/1601
f 1565/1565/1565 1602/1602/1602 1601/1601/1601
f 1565/1565/1565 1566/1566/1566 1602/1602/1602
f 1566/1566/1566 1603/1603/1603 1602/1602/1602
f 1566/1566/1566 1567/1567/1567 1603/1603/1603
f 1567/1567/1567 1604/1604/1604 1603/1603/1603
f 1567/1567/1567 1568/1568/1568 1604/1604/1604
f 1568/1568/1568 1605/1605/1605 1604/1604/1604
f 1568/1568/1568 1569/1569/1569 1605/1605/1605
f 1569/1569/1569 1606/1606/1606 1605/1605/1605
f 1569/1569/1569 1570/1570/1570 1606/1606/1606
f 1570/1570/1570 1607/1607/1607 1606/1606/1606
f 1570/1570/1570 1571/1571/1571 1607/1607/1607
f 1571/1571/1571 1608/1608/1608 1607/1607/1607
f 1571/1571/1571 1572/1572/1572 1608/1608/1608
f 1572/1572/1572 1609/1609/1609 1608/1608/1608
f 1572/1572/1572 1573/1573/1573 1609/1609/1609
f 1573/1573/1573 1610/1610/1610 1609/1609/1609
f 1573/1573/1573 1574/1574/1574 1610/1610/1610
f 1574/1574/1574 1611/1611/1611 1610/1610/1610
f 1574/1574/1574 1575/1575/1575 1611/1611/1611
f 1575/1575/1575 1612/1612/1612 1611/1611/1611
f 1575/1575/1575 1576/1576/1576 1612/1612/1612
f 1576/1576/1576 1613/1613/1613 1612/1612/1612
f 1576/1576/1576 1577/1577/1577 1613/1613/1613
f 1577/1577/1577 1614/1614/1614 1613/1613/1613
f 1577/1577/1577 1578/1578/1578 1614/1614/1614
f 1578/1578/1578 1615/1615/1615 1614/1614/1614
f 1578/1578/1578 1579/1579/1579 1615/1615/1615
f 1579/1579/1579 1616/1616/1616 1615/1615/1615
f 1579/1579/1579 1580/1580/1580 1616/1616/1616
f 1580/1580/1580 1617/1617/1617 1616/1616/1616
f 1580/1580/1580 1581/1581/1581 1617/1617/1617
f 1581/1581/1581 1618/1618/1618 1617/1617/1617
f 1581/1581/1581 1582/1582/1582 1618/1618/1618
f 1582/1582/1582 1619/1619/1619 1618/1618/1618
f 1582/1582/1582 1583/1583/1583 1619/1619/1619
f 1583/1583/1583 1620/1620/1620 1619/1619/1619
f 1583/1583/1583 1584/1584/1584 1620/1620/1620
f 1584/1584/1584 1621/1621/1621 1620/1620/1620
f 1584/1584/1584 1585/1585/1585 1621/1621/1621
f 1585/1585/1585 1622/1622/1622 1621/1621/1621
f 1585/1585/1585 1586/1586/1586 1622/1622/1622
f 1586/1586/1586 1623/1623/1623 1622/1622/1622
f 1586/1586/1586 1587/1587/1587 1623/1623/1623
f 1587/1587/1587 1624/1624/1624 1623/1623/1623
f 1587/1587/1587 1588/1588/1588 1624/1624/1624
f 1588/1588/1588 1625/1625/1625 1624/1624/1624
f 1588/1588/1588 1589/1589/1589 1625/1625/1625
f 1589/1589/1589 1626/1626/1626 1625/1625/1625
f 1589/1589/1589 1590/1590/1590 1626/1626/1626
f 1590/1590/1590 1627/1627/1627 1626/1626/1626
f 1590/1590/1590 1591/1591/1591 1627/1627/1627
f 1591/1591/1591 1628/1628/1628 1627/1627/1627
f 1592/1592/1592 1593/1593/1593 1629/1629/1629
f 1593/1593/1593 1630/1630/1630 1629/1629/1629
f 1593/1593/1593 1594/1594/1594 1630/1630/1630
f 1594/1594/1594 1631/1631/1631 1630/1630/1630
f 1594/1594/1594 1595/1595/1595 1631/1631/1631
f 1595/1595/1595 1632/1632/1632 1631/1631/1631
f 1595/1595/1595 1596/1596/1596 1632/1632/1632
f 1596/1596/1596 1633/1633/1633 1632/1632/1632
f 1596/1596/1596 1597/1597/1597 1633/1633/1633
f 1597/1597/1597 1634/1634/1634 1633/1633/1633
f 1597/1597/1597 1598/1598/1598 1634/1634/1634
f 1598/1598/1598 1635/1635/1635 1634/1634/1634
f 1598/1598/1598 1599/1599/1599 1635/1635/1635
f 1599/1599/1599 1636/1636/1636 1635/1635/1635
f 1599/1599/1599 1600/1600/1600 1636/1636/1636
f 1600/1600/1600 1637/1637/1637 1636/1636/1636
f 1600/1600/1600 1601/1601/1601 1637/1637/1637
f 1601/1601/1601 1638/1638/1638 1637/1637/1637
f 1601/1601/1601 1602/1602/1602 1638/1638/1638
f 1602/1602/1602 1639/1639/1639 1638/1638/1638
f 1602/1602/1602 1603/1603/1603 1639/1639/1639
f 1603/1603/1603 1640/1640/1640 1639/1639/1639
f 1603/1603/1603 1604/1604/1604 1640/1640/1640
f 1604/1604/1604 1641/1641/1641 1640/1640/1640
f 1604/1604/1604 1605/1605/1605 1641/1641/1641
f 1605/1605/1605 1642/1642/1642 1641/1641/1641
f 1605/1605/1605 1606/1606/1606 1642/1642/1642
f 1606/1606/1606 1643/1643/1643 1642/1642/1642
f 1606/1606/1606 1607/1607/1607 1643/1643/1643
f 1607/1607/1607 1644/1644/1644 1643/1643/1643
f 1607/1607/1607 1608/1608/1608 1644/1644/1644
f 1608/1608/1608 1645/1645/1645 1644/1644/1644
f 1608/1608/1608 1609/1609/1609 1645/1645/1645
f 1609/1609/1609 1646/1646/1646 1645/1645/1645
f 1609/1609/1609 1610/1610/1610 1646/1646/1646
f 1610/1610/1610 1647/1647/1647 1646/1646/1646
f 1610/1610/1610 1611/1611/1611 1647/1647/1647
f 1611/1611/1611 1648/1648/1648 1647/1647/1647
f 1611/1611/1611 1612/1612/1612 1648/1648/1648
f 1612/1612/1612 1649/1649/1649 1648/1648/1648
f 1612/1612/1612 1613/1613/1613 1649/1649/1649
f 1613/1613/1613 1650/1650/1650 1649/1649/1649
f 1613/1613/1613 1614/1614/1614 1650/1650/1650
f 1614/1614/1614 1651/1651/1651 1650/1650/1650
f 1614/1614/1614 1615/1615/1615 1651/1651/1651
f 1615/1615/1615 1652/1652/1652 1651/1651/1651
f 1615/1615/1615 1616/1616/1616 1652/1652/1652
f 1616/1616/1616 1653/1653/1653 1652/1652/1652
f 1616/1616/1616 1617/1617/1617 1653/1653/1653
f 1617/1617/1617 1654/1654/1654 1653/1653/1653
f 1617/1617/1617 1618/1618/1618 1654/1654/1654
f 1618/1618/1618 1655/1655/1655 1654/1654/1654
f 1618/1618/1618 1619/1619/1619 1655/1655/1655
f 1619/1619/1619 1656/1656/1656 1655/1655/1655
f 1619/1619/1619 1620/1620/1620 1656/1656/1656
f 1620/1620/1620 1657/1657/1657 1656/1656/1656
f 1620/1620/1620 1621/1621/1621 1657/1657/1657
f 1621/1621/1621 1658/1658/1658 1657/1657/1657
f 1621/1621/1621 1622/1622/1622 1658/1658/1658
f 1622/1622/1622 1659/1659/1659 1658/1658/1658
f 1622/1622/1622 1623/1623/1623 1659/1659/1659
f 1623/1623/1623 1660/1660/1660 1659/1659/1659
f 1623/1623/1623 1624/1624/1624 1660/1660/1660
f 1624/1624/1624 1661/1661/1661 1660/1660/1660
f 1624/1624/1624 1625/1625/1625 1661/1661/1661
f 1625/1625/1625 1662/1662/1662 1661/1661/1661
f 1625/1625/1625 1626/1626/1626 1662/1662/1662
f 1626/1626/1626 1663/1663/1663 1662/1662/1662
f 1626/1626/1626 1627/1627/1627 1663/1663/1663
f 1627/1627/1627 1664/1664/1664 1663/1663/1663
f 1627/1627/1627 1628/1628/1628 1664/1664/1664
f 1628/1628/1628 1665/1665/1665 1664/1664/1664
f 1629/1629/1629 1630/1630/1630 1666/1666/1666
f 1630/1630/1630 1667/1667/1667 1666/1666/1666
f 1630/1630/1630 1631/1631/1631 1667/1667/1667
f 1631/1631/1631 1668/1668/1668 1667/1667/1667
f 1631/1631/1631 1632/1632/1632 1668/1668/1668
f 1632/1632/1632 1669/1669/1669 1668/1668/1668
f 1632/1632/1632 1633/1633/1633 1669/1669/1669
f 1633/1633/1633 1670/1670/1670 1669/1669/1669
f 1633/1633/1633 1634/1634/1634 1670/1670/1670
f 1634/1634/1634 1671/1671/1671 1670/1670/1670
f 1634/1634/1634 1635/1635/1635 1671/1671/1671
f 1635/1635/1635 1672/1672/1672 1671/1671/1671
f 1635/1635/1635 1636/1636/1636 1672/1672/1672
f 1636/1636/1636 1673/1673/1673 1672/1672/1672
f 1636/1636/1636 1637/1637/1637 1673/1673/1673
f 1637/1637/1637 1674/1674/1674 1673/1673/1673
f 1637/1637/1637 1638/1638/1638 1674/1674/1674
f 1638/1638/1638 1675/1675/1675 1674/1674/1674
f 1638/1638/1638 1639/1639/1639 1675/1675/1675
f 1639/1639/1639 1676/1676/1676 1675/1675/1675
f 1639/1639/1639 1640/1640/1640 1676/1676/1676
f 1640/1640/1640 1677/1677/1677 1676/1676/1676
f 1640/1640/1640 1641/1641/1641 1677/1677/1677
f 1641/1641/1641 1678/1678/1678 1677/1677/1677
f 1641/1641/1641 1642/1642/1642 1678/1678/1678
f 1642/1642/1642 1679/1679/1679 1678/1678/1678
f 1642/1642/1642 1643/1643/1643 1679/1679/1679
f 1643/1643/1643 1680/1680/1680 1679/1679/1679
f 1643/1643/1643 1644/1644/1644 1680/1680/1680
f 1644/1644/1644 1681/1681/1681 1680/1680/1680
f 1644/1644/1644 1645/1645/1645 1681/1681/1681
f 1645/1645/1645 1682/1682/1682 1681/1681/1681
f 1645/1645/1645 1646/1646/1646 1682/1682/1682
f 1646/1646/1646 1683/1683/1683 1682/1682/1682
f 1646/1646/1646 1647/1647/1647 1683/1683/1683
f 1647/1647/1647 1684/1684/1684 1683/1683/1683
f 1647/1647/1647 1648/1648/1648 1684/1684/1684
f 1648/1648/1648 1685/1685/1685 1684/1684/1684
f 1648/1648/1648 1649/1649/1649 1685/1685/1685
f 1649/1649/1649 1686/1686/1686 1685/1685/1685
f 1649/1649/1649 1650/1650/1650 1686/1686/1686
f 1650/1650/1650 1687/1687/1687 1686/1686/1686
f 1650/1650/1650 1651/1651/1651 1687/1687/1687
f 1651/1651/1651 1688/1688/1688 1687/1687/1687
f 1651/1651/1651 1652/1652/1652 1688/1688/1688
f 1652/1652/1652 1689/1689/1689 1688/1688/1688
f 1652/1652/1652 1653/1653/1653 1689/1689/1689
f 1653/1653/1653 1690/1690/1690 1689/1689/1689
f 1653/1653/1653 1654/1654/1654 1690/1690/1690
f 1654/1654/1654 1691/1691/1691 1690/1690/1690
f 1654/1654/1654 1655/1655/1655 1691/1691/1691
f 1655/1655/1655 1692/1692/1692 1691/1691/1691
f 1655/1655/1655 1656/1656/1656 1692/1692/1692
f 1656/1656/1656 1693/1693/1693 1692/1692/1692
f 1656/1656/1656 1657/1657/1657 1693/1693/1693
f 1657/1657/1657 1694/1694/1694 1693/1693/1693
f 1657/1657/1657 1658/1658/1658 1694/1694/1694
f 1658/1658/1658 1695/1695/1695 1694/1694/1694
f 1658/1658/1658 1659/1659/1659 1695/1695/1695
f 1659/1659/1659 1696/1696/1696 1695/1695/1695
f 1659/1659/1659 1660/1660/1660 1696/1696/1696
f 1660/1660/1660 1697/1697/1697 1696/1696/1696
f 1660/1660/1660 1661/1661/1661 1697/1697/1697
f 1661/1661/1661 1698/1698/1698 1697/1697/1697
f 1661/1661/1661 1662/1662/1662 1698/1698/1698
f 1662/1662/1662 1699/1699/1699 1698/1698/1698
f 1662/1662/1662 1663/1663/1663 1699/1699/1699
f 1663/1663/1663 1700/1700/1700 1699/1699/1699
f 1663/1663/1663 1664/1664/1664 1700/1700/1700
f 1664/1664/1664 1701/1701/1701 1700/1700/1700
f 1664/1664/1664 1665/1665/1665 1701/1701/1701
f 1665/1665/1665 1702/1702/1702 1701/1701/1701
f 1666/1666/1666 1667/1667/1667 1703/1703/1703
f 1667/1667/1667 1704/1704/1704 1703/1703/1703
f 1667/1667/1667 1668/1668/1668 1704/1704/1704
f 1668/1668/1668 1705/1705/1705 1704/1704/1704
f 1668/1668/1668 1669/1669/1669 1705/1705/1705
f 1669/1669/1669 1706/1706/1706 1705/1705/1705
f 1669/1669/1669 1670/1670/1670 1706/1706/1706
f 1670/1670/1670 1707/1707/1707 1706/1706/1706
f 1670/1670/1670 1671/1671/1671 1707/1707/1707
f 1671/1671/1671 1708/1708/1708 1707/1707/1707
f 1671/1671/1671 1672/1672/1672 1708/1708/1708
f 1672/1672/1672 1709/1709/1709 1708/1708/1708
f 1672/1672/1672 1673/1673/1673 1709/1709/1709
f 1673/1673/1673 1710/1710/1710 1709/1709/1709
f 1673/1673/1673 1674/1674/1674 1710/1710/1710
f 1674/1674/1674 1711/1711/1711 1710/1710/1710
f 1674/1674/1674 1675/1675/1675 1711/1711/1711
f 1675/1675/1675 1712/1712/1712 1711/1711/1711
f 1675/1675/1675 1676/1676/1676 1712/1712/1712
f 1676/1676/1676 1713/1713/1713 1712/1712/1712
f 1676/1676/1676 1677/1677/1677 1713/1713/1713
f 1677/1677/1677 1714/1714/1714 1713/1713/1713
f 1677/1677/1677 1678/1678/1678 1714/1714/1714
f 1678/1678/1678 1715/1715/1715 1714/1714/1714
f 1678/1678/1678 1679/1679/1679 1715/1715/1715
f 1679/1679/1679 1716/1716/1716 1715/1715/1715
f 1679/1679/1679 1680/1680/1680 1716/1716/1716
f 1680/1680/1680 1717/1717/1717 1716/1716/1716
f 1680/1680/1680 1681/1681/1681 1717/1717/1717
f 1681/1681/1681 1718/1718/1718 1717/1717/1717
f 1681/1681/1681 1682/1682/1682 1718/1718/1718
f 1682/1682/1682 1719/1719/1719 1718/1718/1718
f 1682/1682/1682 1683/1683/1683 1719/1719/1719
f 1683/1683/1683 1720/1720/1720 1719/1719/1719
f 1683/1683/1683 1684/1684/1684 1720/1720/1720
f 1684/1684/1684 1721/1721/1721 1720/1720/1720
f 1684/1684/1684 1685/1685/1685 1721/1721/1721
f 1685/1685/1685 1722/1722/1722 1721/1721/1721
f 1685/1685/1685 1686/1686/1686 1722/1722/1722
f 1686/1686/1686 1723/1723/1723 1722/1722/1722
f 1686/1686/1686 1687/1687/1687 1723/1723/1723
f 1687/1687/1687 1724/1724/1724 1723/1723/1723
f 1687/1687/1687 1688/1688/1688 1724/1724/1724
f 1688/1688/1688 1725/1725/1725 1724/1724/1724
f 1688/1688/1688 1689/1689/1689 1725/1725/1725
f 1689/1689/1689 1726/1726/1726 1725/1725/1725
f 1689/1689/1689 1690/1690/1690 1726/1726/1726
f 1690/1690/1690 1727/1727/1727 1726/1726/1726
f 1690/1690/1690 1691/1691/1691 1727/1727/1727
f 1691/1691/1691 1728/1728/1728 1727/1727/1727
f 1691/1691/1691 1692/1692/1692 1728/1728/1728
f 1692/1692/1692 1729/1729/1729 1728/1728/1728
f 1692/1692/1692 1693/1693/1693 1729/1729/1729
f 1693/1693/1693 1730/1730/1730 1729/1729/1729
f 1693/1693/1693 1694/1694/1694 1730/1730/1730
f 1694/1694/1694 1731/1731/1731 1730/1730/1730
f 1694/1694/1694 1695/1695/1695 1731/1731/1731
f 1695/1695/1695 1732/1732/1732 1731/1731/1731
f 1695/1695/1695 1696/1696/1696 1732/1732/1732
f 1696/1696/1696 1733/1733/1733 1732/1732/1732
f 1696/1696/1696 1697/1697/1697 1733/1733/1733
f 1697/1697/1697 1734/1734/1734 1733/1733/1733
f 1697/1697/1697 1698/1698/1698 1734/1734/1734
f 1698/1698/1698 1735/1735/1735 1734/1734/1734
f 1698/1698/1698 1699/1699/1699 1735/1735/1735
f 1699/1699/1699 1736/1736/1736 1735/1735/1735
f 1699/1699/1699 1700/1700/1700 1736/1736/1736
f 1700/1700/1700 1737/1737/1737 1736/1736/1736
f 1700/1700/1700 1701/1701/1701 1737/1737/1737
f 1701/1701/1701 1738/1738/1738 1737/1737/1737
f 1701/1701/1701 1702/1702/1702 1738/1738/1738
f 1702/1702/1702 1739/1739/1739 1738/1738/1738
f 1703/1703/1703 1704/1704/1704 1740/1740/1740
f 1704/1704/1704 1741/1741/1741 1740/1740/1740
f 1704/1704/1704 1705/1705/1705 1741/1741/1741
f 1705/1705/1705 1742/1742/1742 1741/1741/1741
f 1705/1705/1705 1706/1706/1706 1742/1742/1742
f 1706/1706/1706 1743/1743/1743 1742/1742/1742
f 1706/1706/1706 1707/1707/1707 1743/1743/1743
f 1707/1707/1707 1744/1744/1744 1743/1743/1743
f 1707/1707/1707 1708/1708/1708 1744/1744/1744
f 1708/1708/1708 1745/1745/1745 1744/1744/1744
f 1708/1708/1708 1709/1709/1709 1745/1745/1745
f 1709/1709/1709 1746/1746/1746 1745/1745/1745
f 1709/1709/1709 1710/1710/1710 1746/1746/1746
f 1710/1710/1710 1747/1747/1747 1746/1746/1746
f 1710/1710/1710 1711/1711/1711 1747/1747/1747
f 1711/1711/1711 1748/1748/1748 1747/1747/1747
f 1711/1711/1711 1712/1712/1712 1748/1748/1748
f 1712/1712/1712 1749/1749/1749 1748/1748/1748
f 1712/1712/1712 1713/1713/1713 1749/1749/1749
f 1713/1713/1713 1750/1750/1750 1749/1749/1749
f 1713/1713/1713 1714/1714/1714 1750/1750/1750
f 1714/1714/1714 1751/1751/1751 1750/1750/1750
f 1714/1714/1714 1715/1715/1715 1751/1751/1751
f 1715/1715/1715 1752/1752/1752 1751/1751/1751
f 1715/1715/1715 1716/1716/1716 1752/1752/1752
f 1716/1716/1716 1753/1753/1753 1752/1752/1752
f 1716/1716/1716 1717/1717/1717 1753/1753/1753
f 1717/1717/1717 1754/1754/1754 1753/1753/1753
f 1717/1717/1717 1718/1718/1718 1754/1754/1754
f 1718/1718/1718 1755/1755/1755 1754/1754/1754
f 1718/1718/1718 1719/1719/1719 1755/1755/1755
f 1719/1719/1719 1756/1756/1756 1755/1755/1755
f 1719/1719/1719 1720/1720/1720 1756/1756/1756
f 1720/1720/1720 1757/1757/1757 1756/1756/1756
f 1720/1720/1720 1721/1721/1721 1757/1757/1757
f 1721/1721/1721 1758/1758/1758 1757/1757/1757
f 1721/1721/1721 1722/1722/1722 1758/1758/1758
f 1722/1722/1722 1759/1759/1759 1758/1758/1758
f 1722/1722/1722 1723/1723/1723 1759/1759/1759
f 1723/1723/1723 1760/1760/1760 1759/1759/1759
f 1723/1723/1723 1724/1724/1724 1760/1760/1760
f 1724/1724/1724 1761/1761/1761 1760/1760/1760
f 1724/1724/1724 1725/1725/1725 1761/1761/1761
f 1725/1725/1725 1762/1762/1762 1761/1761/1761
f 1725/1725/1725 1726/1726/1726 1762/1762/1762
f 1726/1726/1726 1763/1763/1763 1762/1762/1762
f 1726/1726/1726 1727/1727/1727 1763/1763/1763
f 1727/1727/1727 1764/1764/1764 1763/1763/1763
f 1727/1727/1727 1728/1728/1728 1764/1764/1764
f 1728/1728/1728 1765/1765/1765 1764/1764/1764
f 1728/1728/1728 1729/1729/1729 1765/1765/1765
f 1729/1729/1729 1766/1766/1766 1765/1765/1765
f 1729/1729/1729 1730/1730/1730 1766/1766/1766
f 1730/1730/1730 1767/1767/1767 1766/1766/1766
f 1730/1730/1730 1731/1731/1731 1767/1767/1767
f 1731/1731/1731 1768/1768/1768 1767/1767/1767
f 1731/1731/1731 1732/1732/1732 1768/1768/1768
f 1732/1732/1732 1769/1769/1769 1768/1768/1768
f 1732/1732/1732 1733/1733/1733 1769/1769/1769
f 1733/1733/1733 1770/1770/1770 1769/1769/1769
f 1733/1733/1733 1734/1734/1734 1770/1770/1770
f 1734/1734/1734 1771/1771/1771 1770/1770/1770
f 1734/1734/1734 1735/1735/1735 1771/1771/1771
f 1735/1735/1735 1772/1772/1772 1771/1771/1771
f 1735/1735/1735 1736/1736/1736 1772/1772/1772
f 1736/1736/1736 1773/1773/1773 1772/1772/1772
f 1736/1736/1736 1737/1737/1737 1773/1773/1773
f 1737/1737/1737 1774/1774/1774 1773/1773/1773
f 1737/1737/1737 1738/1738/1738 1774/1774/1774
f 1738/1738/1738 1775/1775/1775 1774/1774/1774
f 1738/1738/1738 1739/1739/1739 1775/1775/1775
f 1739/1739/1739 1776/1776/1776 1775/1775/1775
f 1740/1740/1740 1741/1741/1741 1777/1777/1777
f 1741/1741/1741 1778/1778/1778 1777/1777/1777
f 1741/1741/1741 1742/1742/1742 1778/1778/1778
f 1742/1742/1742 1779/1779/1779 1778/1778/1778
f 1742/1742/1742 1743/1743/1743 1779/1779/1779
f 1743/1743/1743 1780/1780/1780 1779/1779/1779
f 1743/1743/1743 1744/1744/1744 1780/1780/1780
f 1744/1744/1744 1781/1781/1781 1780/1780/1780
f 1744/1744/1744 1745/1745/1745 1781/1781/1781
f 1745/1745/1745 1782/1782/1782 1781/1781/1781
f 1745/1745/1745 1746/1746/1746 1782/1782/1782
f 1746/1746/1746 1783/1783/1783 1782/1782/1782
f 1746/1746/1746 1747/1747/1747 1783/1783/1783
f 1747/1747/1747 1784/1784/1784 1783/1783/1783
f 1747/1747/1747 1748/1748/1748 1784/1784/1784
f 1748/1748/1748 1785/1785/1785 1784/1784/1784
f 1748/1748/1748 1749/1749/1749 1785/1785/1785
f 1749/1749/1749 1786/1786/1786 1785/1785/1785
f 1749/1749/1749 1750/1750/1750 1786/1786/1786
f 1750/1750/1750 1787/1787/1787 1786/1786/1786
f 1750/1750/1750 1751/1751/1751 1787/1787/1787
f 1751/1751/1751 1788/1788/1788 1787/1787/1787
f 1751/1751/1751 1752/1752/1752 1788/1788/1788
f 1752/1752/1752 1789/1789/1789 1788/1788/1788
f 1752/1752/1752 1753/1753/1753 1789/1789/1789
f 1753/1753/1753 1790/1790/1790 1789/1789/1789
f 1753/1753/1753 1754/1754/1754 1790/1790/1790
f 1754/1754/1754 1791/1791/1791 1790/1790/1790
f 1754/1754/1754 1755/1755/1755 1791/1791/1791
f 1755/1755/1755 1792/1792/1792 1791/1791/1791
f 1755/1755/1755 1756/1756/1756 1792/1792/1792
f 1756/1756/1756 1793/1793/1793 1792/1792/1792
f 1756/1756/1756 1757/1757/1757 1793/1793/1793
f 1757/1757/1757 1794/1794/1794 1793/1793/1793
f 1757/1757/1757 1758/1758/1758 1794/1794/1794
f 1758/1758/1758 1795/1795/1795 1794/1794/1794
f 1758/1758/1758 1759/1759/1759 1795/1795/1795
f 1759/1759/1759 1796/1796/1796 1795/1795/1795
f 1759/1759/1759 1760/1760/1760 1796/1796/1796
f 1760/1760/1760 1797/1797/1797 1796/1796/1796
f 1760/1760/1760 1761/1761/1761 1797/1797/1797
f 1761/1761/1761 1798/1798/1798 1797/1797/1797
f 1761/1761/1761 1762/1762/1762 1798/1798/1798
f 1762/1762/1762 1799/1799/1799 1798/1798/1798
f 1762/1762/1762 1763/1763/1763 1799/1799/1799
f 1763/1763/1763 1800/1800/1800 1799/1799/1799
f 1763/1763/1763 1764/1764/1764 1800/1800/1800
f 1764/1764/1764 1801/1801/1801 1800/1800/1800
f 1764/1764/1764 1765/1765/1765 1801/1801/1801
f 1765/1765/1765 1802/1802/1802 1801/1801/1801
f 1765/1765/1765 1766/1766/1766 1802/1802/1802
f 1766/1766/1766 1803/1803/1803 1802/1802/1802
f 1766/1766/1766 1767/1767/1767 1803/1803/1803
f 1767/1767/1767 1804/1804/1804 1803/1803/1803
f 1767/1767/1767 1768/1768/1768 1804/1804/1804
f 1768/1768/1768 1805/1805/1805 1804/1804/1804
f 1768/1768/1768 1769/1769/1769 1805/1805/1805
f 1769/1769/1769 1806/1806/1806 1805/1805/1805
f 1769/1769/1769 1770/1770/1770 1806/1806/1806
f 1770/1770/1770 1807/1807/1807 1806/1806/1806
f 1770/1770/1770 1771/1771/1771 1807/1807/1807
f 1771/1771/1771 1808/1808/1808 1807/1807/1807
f 1771/1771/1771 1772/1772/1772 1808/1808/1808
f 1772/1772/1772 1809/1809/1809 1808/1808/1808
f 1772/1772/1772 1773/1773/1773 1809/1809/1809
f 1773/1773/1773 1810/1810/1810 1809/1809/1809
f 1773/1773/1773 1774/1774/1774 1810/1810/1810
f 1774/1774/1774 1811/1811/1811 1810/1810/1810
f 1774/1774/1774 1775/1775/1775 1811/1811/1811
f 1775/1775/1775 1812/1812/1812 1811/1811/1811
f 1775/1775/1775 1776/1776/1776 1812/1812/1812
f 1776/1776/1776 1813/1813/1813 1812/1812/1812
f 1777/1777/1777 1778/1778/1778 1814/1814/1814
f 1778/1778/1778 1815/1815/1815 1814/1814/1814
f 1778/1778/1778 1779/1779/1779 1815/1815/1815
f 1779/1779/1779 1816/1816/1816 1815/1815/1815
f 1779/1779/1779 1780/1780/1780 1816/1816/1816
f 1780/1780/1780 1817/1817/1817 1816/1816/1816
f 1780/1780/1780 1781/1781/1781 1817/1817/1817
f 1781/1781/1781 1818/1818/1818 1817/1817/1817
f 1781/1781/1781 1782/1782/1782 1818/1818/1818
f 1782/1782/1782 1819/1819/1819 1818/1818/1818
f 1782/1782/1782 1783/1783/1783 1819/1819/1819
f 1783/1783/1783 1820/1820/1820 1819/1819/1819
f 1783/1783/1783 1784/1784/1784 1820/1820/1820
f 1784/1784/1784 1821/1821/1821 1820/1820/1820
f 1784/1784/1784 1785/1785/1785 1821/1821/1821
f 1785/1785/1785 1822/1822/1822 1821/1821/1821
f 1785/1785/1785 1786/1786/1786 1822/1822/1822
f 1786/1786/1786 1823/1823/1823 1822/1822/1822
f 1786/1786/1786 1787/1787/1787 1823/1823/1823
f 1787/1787/1787 1824/1824/1824 1823/1823/1823
f 1787/1787/1787 1788/1788/1788 1824/1824/1824
f 1788/1788/1788 1825/1825/1825 1824/1824/1824
f 1788/1788/1788 1789/1789/1789 1825/1825/1825
f 1789/1789/1789 1826/1826/1826 1825/1825/1825
f 1789/1789/1789 1790/1790/1790 1826/1826/1826
f 1790/1790/1790 1827/1827/1827 1826/1826/1826
f 1790/1790/1790 1791/1791/1791 1827/1827/1827
f 1791/1791/1791 1828/1828/1828 1827/1827/1827
f 1791/1791/1791 1792/1792/1792 1828/1828/1828
f 1792/1792/1792 1829/1829/1829 1828/1828/1828
f 1792/1792/1792 1793/1793/1793 1829/1829/1829
f 1793/1793/1793 1830/1830/1830 1829/1829/1829
f 1793/1793/1793 1794/1794/1794 1830/1830/1830
f 1794/1794/1794 1831/1831/1831 1830/1830/1830
f 1794/1794/1794 1795/1795/1795 1831/1831/1831
f 1795/1795/1795 1832/1832/1832 1831/1831/1831
f 1795/1795/1795 1796/1796/1796 1832/1832/1832
f 1796/1796/1796 1833/1833/1833 1832/1832/1832
f 1796/1796/1796 1797/1797/1797 1833/1833/1833
f 1797/1797/1797 1834/1834/1834 1833/1833/1833
f 1797/1797/1797 1798/1798/1798 1834/1834/1834
f 1798/1798/1798 1835/1835/1835 1834/1834/1834
f 1798/1798/1798 1799/1799/1799 1835/1835/1835
f 1799/1799/1799 1836/1836/1836 1835/1835/1835
f 1799/1799/1799 1800/1800/1800 1836/1836/1836
f 1800/1800/1800 1837/1837/1837 1836/1836/1836
f 1800/1800/1800 1801/1801/1801 1837/1837/1837
f 1801/1801/1801 1838/1838/1838 1837/1837/1837
f 1801/1801/1801 1802/1802/1802 1838/1838/1838
f 1802/1802/1802 1839/1839/1839 1838/1838/1838
f 1802/1802/1802 1803/1803/1803 1839/1839/1839
f 1803/1803/1803 1840/1840/1840 1839/1839/1839
f 1803/1803/1803 1804/1804/1804 1840/1840/1840
f 1804/1804/1804 1841/1841/1841 1840/1840/1840
f 1804/1804/1804 1805/1805/1805 1841/1841/1841
f 1805/1805/1805 1842/1842/1842 1841/1841/1841
f 1805/1805/1805 1806/1806/1806 1842/1842/1842
f 1806/1806/1806 1843/1843/1843 1842/1842/1842
f 1806/1806/1806 1807/1807/1807 1843/1843/1843
f 1807/1807/1807 1844/1844/1844 1843/1843/1843
f 1807/1807/1807 1808/1808/1808 1844/1844/1844
f 1808/1808/1808 1845/1845/1845 1844/1844/1844
f 1808/1808/1808 1809/1809/1809 1845/1845/1845
f 1809/1809/1809 1846/1846/1846 1845/1845/1845
f 1809/1809/1809 1810/1810/1810 1846/1846/1846
f 1810/1810/1810 1847/1847/1847 1846/1846/1846
f 1810/1810/1810 1811/1811/1811 1847/1847/1847
f 1811/1811/1811 1848/1848/1848 1847/1847/1847
f 1811/1811/1811 1812/1812/1812 1848/1848/1848
f 1812/1812/1812 1849/1849/1849 1848/1848/1848
f 1812/1812/1812 1813/1813/1813 1849/1849/1849
f 1813/1813/1813 1850/1850/1850 1849/1849/1849
o sphere_part_2
usemtl part_2
v 0 0.1 0.58
v 0 0.1 0.58
v 0 0.1 0.58
v 0 0.1 0.58
v 0 0.1 0.58
v 0 0.1 0.58
v 0 0.1 0.58
v 0 0.1 0.58
v 0 0.1 0.58
v 0 0.1 0.58
v 0 0.1 0.58
v 0 0.1 0.58
v 0 0.1 0.58
v 0 0.1 0.58
v 0 0.1 0.58
v 0 0.1 0.58
v 0 0.1 0.58
v 0 0.1 0.58
v 0 0.1 0.58
v 0 0.1 0.58
v 0 0.1 0.58
v 0 0.1 0.58
v 0 0.1 0.58
v 0 0.1 0.58
v 0 0.1 0.58
v 0 0.1 0.58
v 0 0.1 0.58
v 0 0.1 0.58
v 0 0.1 0.58
v 0 0.1 0.58
v 0 0.1 0.58
v 0 0.1 0.58
v 0 0.1 0.58
v 0 0.1 0.58
v 0 0.1 0.58
v 0 0.1 0.58
v 0 0.1 0.58
v 0.01305262 0.09914449 0.58
v 0.01285432 0.09914449 0.58068
v 0.01226545 0.09914449 0.5813392
v 0.0113039 0.09914449 0.5819579
v 0.009998887 0.09914449 0.582517
v 0.008390062 0.09914449 0.5829996
v 0.00652631 0.09914449 0.5833911
v 0.004464258 0.09914449 0.5836796
v 0.002266563 0.09914449 0.5838563
v -5.705482e-10 0.09914449 0.5839158
v -0.002266565 0.09914449 0.5838563
v -0.004464259 0.09914449 0.5836796
v -0.006526311 0.09914449 0.5833911
v -0.008390063 0.09914449 0.5829996
v -0.00999889 0.09914449 0.582517
v -0.0113039 0.09914449 0.5819579
v -0.01226545 0.09914449 0.5813392
v -0.01285432 0.09914449 0.58068
v -0.01305262 0.09914449 0.58
v -0.01285432 0.09914449 0.57932
v -0.01226545 0.09914449 0.5786607
v -0.0113039 0.09914449 0.5780421
v -0.009998888 0.09914449 0.5774829
v -0.008390061 0.09914449 0.5770003
v -0.006526309 0.09914449 0.5766088
v -0.004464258 0.09914449 0.5763204
v -0.002266563 0.09914449 0.5761437
v 1.556509e-10 0.09914449 0.5760842
v 0.00226657 0.09914449 0.5761437
v 0.004464264 0.09914449 0.5763204
v 0.006526309 0.09914449 0.5766088
v 0.008390061 0.09914449 0.5770003
v 0.00999889 0.09914449 0.5774829
v 0.0113039 0.09914449 0.5780421
v 0.01226545 0.09914449 0.5786607
v 0.01285432 0.09914449 0.57932
v 0.01305262 0.09914449 0.58
v 0.02588191 0.09659258 0.58
v 0.0254887 0.09659258 0.5813483
v 0.02432103 0.09659258 0.5826556
v 0.02241439 0.09659258 0.5838823
v 0.01982669 0.09659258 0.584991
v 0.01663657 0.09659258 0.585948
v 0.01294095 0.09659258 0.5867243
v 0.008852131 0.09659258 0.5872963
v 0.004494344 0.09659258 0.5876466
v -1.131334e-09 0.09659258 0.5877646
v -0.004494349 0.09659258 0.5876466
v -0.008852133 0.09659258 0.5872963
v -0.01294095 0.09659258 0.5867243
v -0.01663657 0.09659258 0.585948
v -0.01982669 0.09659258 0.584991
v -0.02241439 0.09659258 0.5838823
v -0.02432104 0.09659258 0.5826556
v -0.0254887 0.09659258 0.5813483
v -0.02588191 0.09659258 0.58
v -0.0254887 0.09659258 0.5786517
v -0.02432103 0.09659258 0.5773444
v -0.02241439 0.09659258 0.5761177
v -0.01982669 0.09659258 0.575009
v -0.01663657 0.09659258 0.574052
v -0.01294095 0.09659258 0.5732757
v -0.008852131 0.09659258 0.5727037
v -0.004494344 0.09659258 0.5723534
v 3.086386e-10 0.09659258 0.5722354
v 0.004494357 0.09659258 0.5723534
v 0.008852143 0.09659258 0.5727037
v 0.01294095 0.09659258 0.5732757
v 0.01663657 0.09659258 0.574052
v 0.01982669 0.09659258 0.575009
v 0.02241439 0.09659258 0.5761177
v 0.02432103 0.09659258 0.5773444
v 0.0254887 0.09659258 0.5786517
v 0.02588191 0.09659258 0.58
v 0.03826835 0.09238795 0.58
v 0.03768696 0.09238795 0.5819936
v 0.03596048 0.09238795 0.5839266
v 0.03314136 0.09238795 0.5857402
v 0.02931525 0.09238795 0.5873795
v 0.02459842 0.09238795 0.5887946
v 0.01913417 0.09238795 0.5899424
v 0.01308854 0.09238795 0.5907881
v 0.006645226 0.09238795 0.5913061
v -1.672763e-09 0.09238795 0.5914805
v -0.006645233 0.09238795 0.5913061
v -0.01308854 0.09238795 0.5907881
v -0.01913418 0.09238795 0.5899424
v -0.02459842 0.09238795 0.5887946
v -0.02931526 0.09238795 0.5873795
v -0.03314136 0.09238795 0.5857402
v -0.03596048 0.09238795 0.5839266
v -0.03768696 0.09238795 0.5819936
v -0.03826835 0.09238795 0.58
v -0.03768696 0.09238795 0.5780064
v -0.03596048 0.09238795 0.5760734
v -0.03314136 0.09238795 0.5742598
v -0.02931525 0.09238795 0.5726205
v -0.02459842 0.09238795 0.5712054
v -0.01913417 0.09238795 0.5700576
v -0.01308854 0.09238795 0.5692118
v -0.006645226 0.09238795 0.5686939
v 4.563455e-10 0.09238795 0.5685195
v 0.006645246 0.09238795 0.5686939
v 0.01308856 0.09238795 0.5692118
v 0.01913417 0.09238795 0.5700576
v 0.02459842 0.09238795 0.5712054
v 0.02931526 0.09238795 0.5726205
v 0.03314137 0.09238795 0.5742598
v 0.03596048 0.09238795 0.5760734
v 0.03768697 0.09238795 0.5780064
v 0.03826835 0.09238795 0.58
v 0.05 0.08660254 0.58
v 0.04924039 0.08660254 0.5826047
v 0.04698463 0.08660254 0.5851303
v 0.04330127 0.08660254 0.5875
v 0.03830222 0.08660254 0.5896418
v 0.03213938 0.08660254 0.5914906
v 0.025 0.08660254 0.5929903
v 0.017101 0.08660254 0.5940953
v 0.008682406 0.08660254 0.5947721
v -2.18557e-09 0.08660254 0.595
v -0.008682415 0.08660254 0.5947721
v -0.01710101 0.08660254 0.5940953
v -0.025 0.08660254 0.5929903
v -0.03213938 0.08660254 0.5914906
v -0.03830223 0.08660254 0.5896418
v -0.04330127 0.08660254 0.5875
v -0.04698464 0.08660254 0.5851303
v -0.04924039 0.08660254 0.5826047
v -0.05 0.08660254 0.58
v -0.04924039 0.08660254 0.5773953
v -0.04698463 0.08660254 0.5748697
v -0.04330127 0.08660254 0.5725
v -0.03830222 0.08660254 0.5703582
v -0.03213938 0.08660254 0.5685093
v -0.025 0.08660254 0.5670096
v -0.017101 0.08660254 0.5659046
v -0.008682407 0.08660254 0.5652279
v 5.962441e-10 0.08660254 0.565
v 0.008682432 0.08660254 0.5652279
v 0.01710103 0.08660254 0.5659046
v 0.025 0.08660254 0.5670096
v 0.03213938 0.08660254 0.5685093
v 0.03830223 0.08660254 0.5703582
v 0.04330128 0.08660254 0.5725
v 0.04698463 0.08660254 0.5748697
v 0.04924039 0.08660254 0.5773953
v 0.05 0.08660254 0.58
v 0.06087614 0.07933533 0.58
v 0.05995129 0.07933533 0.5831713
v 0.05720486 0.07933533 0.5862463
v 0.05272029 0.07933533 0.5891314
v 0.04663383 0.07933533 0.5917391
v 0.03913043 0.07933533 0.5939901
v 0.03043807 0.07933533 0.5958161
v 0.02082086 0.07933533 0.5971614
v 0.01057103 0.07933533 0.5979854
v -2.660981e-09 0.07933533 0.5982628
v -0.01057104 0.07933533 0.5979854
v -0.02082087 0.07933533 0.5971614
v -0.03043807 0.07933533 0.5958161
v -0.03913043 0.07933533 0.5939901
v -0.04663384 0.07933533 0.5917391
v -0.05272029 0.07933533 0.5891314
v -0.05720487 0.07933533 0.5862463
v -0.05995129 0.07933533 0.5831713
v -0.06087614 0.07933533 0.58
v -0.05995129 0.07933533 0.5768287
v -0.05720486 0.07933533 0.5737537
v -0.05272029 0.07933533 0.5708686
v -0.04663384 0.07933533 0.5682608
v -0.03913043 0.07933533 0.5660098
v -0.03043807 0.07933533 0.5641839
v -0.02082086 0.07933533 0.5628386
v -0.01057103 0.07933533 0.5620146
v 7.259408e-10 0.07933533 0.5617371
v 0.01057106 0.07933533 0.5620146
v 0.02082089 0.07933533 0.5628386
v 0.03043807 0.07933533 0.5641839
v 0.03913043 0.07933533 0.5660098
v 0.04663384 0.07933533 0.5682608
v 0.0527203 0.07933533 0.5708686
v 0.05720486 0.07933533 0.5737537
v 0.0599513 0.07933533 0.5768287
v 0.06087614 0.07933533 0.58
v 0.07071068 0.07071068 0.58
v 0.06963643 0.07071068 0.5836836
v 0.0664463 0.07071068 0.5872553
v 0.06123724 0.07071068 0.5906066
v 0.05416752 0.07071068 0.5936356
v 0.04545195 0.07071068 0.5962502
v 0.03535534 0.07071068 0.5983711
v 0.02418447 0.07071068 0.5999339
v 0.01227878 0.07071068 0.6008909
v -3.090862e-09 0.07071068 0.6012132
v -0.01227879 0.07071068 0.6008909
v -0.02418447 0.07071068 0.5999339
v -0.03535534 0.07071068 0.5983711
v -0.04545195 0.07071068 0.5962502
v -0.05416754 0.07071068 0.5936356
v -0.06123724 0.07071068 0.5906066
v -0.0664463 0.07071068 0.5872553
v -0.06963643 0.07071068 0.5836836
v -0.07071068 0.07071068 0.58
v -0.06963643 0.07071068 0.5763164
v -0.0664463 0.07071068 0.5727446
v -0.06123724 0.07071068 0.5693934
v -0.05416753 0.07071068 0.5663644
v -0.04545194 0.07071068 0.5637497
v -0.03535533 0.07071068 0.5616288
v -0.02418447 0.07071068 0.5600661
v -0.01227878 0.07071068 0.559109
v 8.432163e-10 0.07071068 0.5587868
v 0.01227881 0.07071068 0.559109
v 0.0241845 0.07071068 0.5600661
v 0.03535533 0.07071068 0.5616288
v 0.04545194 0.07071068 0.5637497
v 0.05416754 0.07071068 0.5663644
v 0.06123725 0.07071068 0.5693934
v 0.0664463 0.07071068 0.5727446
v 0.06963643 0.07071068 0.5763164
v 0.07071068 0.07071068 0.58
v 0.07933533 0.06087614 0.58
v 0.07813005 0.06087614 0.5841329
v 0.07455083 0.06087614 0.5881402
v 0.06870642 0.06087614 0.5919003
v 0.06077439 0.06087614 0.5952987
v 0.05099577 0.06087614 0.5982323
v 0.03966766 0.06087614 0.6006119
v 0.02713427 0.06087614 0.6023653
v 0.01377643 0.06087614 0.603439
v -3.467858e-09 0.06087614 0.6038006
v -0.01377645 0.06087614 0.603439
v -0.02713428 0.06087614 0.6023653
v -0.03966767 0.06087614 0.6006119
v -0.05099577 0.06087614 0.5982323
v -0.0607744 0.06087614 0.5952987
v -0.06870642 0.06087614 0.5919003
v -0.07455083 0.06087614 0.5881402
v -0.07813005 0.06087614 0.5841329
v -0.07933533 0.06087614 0.58
v -0.07813005 0.06087614 0.5758671
v -0.07455082 0.06087614 0.5718597
v -0.06870642 0.06087614 0.5680997
v -0.06077439 0.06087614 0.5647013
v -0.05099576 0.06087614 0.5617676
v -0.03966766 0.06087614 0.559388
v -0.02713428 0.06087614 0.5576347
v -0.01377643 0.06087614 0.556561
v 9.460644e-10 0.06087614 0.5561994
v 0.01377647 0.06087614 0.556561
v 0.02713431 0.06087614 0.5576347
v 0.03966766 0.06087614 0.559388
v 0.05099576 0.06087614 0.5617676
v 0.0607744 0.06087614 0.5647013
v 0.06870642 0.06087614 0.5680997
v 0.07455082 0.06087614 0.5718597
v 0.07813006 0.06087614 0.5758671
v 0.07933533 0.06087614 0.58
v 0.08660255 0.05 0.58
v 0.08528686 0.05 0.5845115
v 0.08137977 0.05 0.5888859
v 0.075 0.05 0.5929903
v 0.0663414 0.05 0.5967001
v 0.05566704 0.05 0.5999024
v 0.04330127 0.05 0.6025
v 0.0296198 0.05 0.6044139
v 0.01503837 0.05 0.6055861
v -3.785517e-09 0.05 0.6059808
v -0.01503839 0.05 0.6055861
v -0.02961981 0.05 0.6044139
v -0.04330128 0.05 0.6025
v -0.05566704 0.05 0.5999024
v -0.06634142 0.05 0.5967001
v -0.075 0.05 0.5929903
v -0.08137978 0.05 0.5888859
v -0.08528686 0.05 0.5845115
v -0.08660255 0.05 0.58
v -0.08528686 0.05 0.5754884
v -0.08137976 0.05 0.571114
v -0.075 0.05 0.5670096
v -0.0663414 0.05 0.5632999
v -0.05566704 0.05 0.5600976
v -0.04330127 0.05 0.5575
v -0.02961981 0.05 0.555586
v -0.01503837 0.05 0.5544139
v 1.032725e-09 0.05 0.5540192
v 0.01503841 0.05 0.5544139
v 0.02961985 0.05 0.555586
v 0.04330127 0.05 0.5575
v 0.05566704 0.05 0.5600976
v 0.06634142 0.05 0.5632999
v 0.07500002 0.05 0.5670096
v 0.08137976 0.05 0.5711141
v 0.08528686 0.05 0.5754884
v 0.08660255 0.05 0.58
v 0.09238795 0.03826834 0.58
v 0.09098437 0.03826834 0.5848129
v 0.08681627 0.03826834 0.5894796
v 0.08001032 0.03826834 0.5938582
v 0.07077327 0.03826834 0.5978158
v 0.05938582 0.03826834 0.601232
v 0.04619397 0.03826834 0.6040031
v 0.03159853 0.03826834 0.6060449
v 0.01604299 0.03826834 0.6072953
v -4.038406e-09 0.03826834 0.6077164
v -0.01604301 0.03826834 0.6072953
v -0.03159854 0.03826834 0.6060449
v -0.04619398 0.03826834 0.6040031
v -0.05938583 0.03826834 0.601232
v -0.0707733 0.03826834 0.5978158
v -0.08001032 0.03826834 0.5938582
v -0.08681628 0.03826834 0.5894796
v -0.09098437 0.03826834 0.5848129
v -0.09238795 0.03826834 0.58
v -0.09098437 0.03826834 0.5751871
v -0.08681627 0.03826834 0.5705204
v -0.08001032 0.03826834 0.5661418
v -0.07077328 0.03826834 0.5621842
v -0.05938582 0.03826834 0.558768
v -0.04619397 0.03826834 0.5559969
v -0.03159853 0.03826834 0.5539551
v -0.016043 0.03826834 0.5527047
v 1.101715e-09 0.03826834 0.5522836
v 0.01604304 0.03826834 0.5527047
v 0.03159858 0.03826834 0.5539551
v 0.04619397 0.03826834 0.5559969
v 0.05938582 0.03826834 0.558768
v 0.0707733 0.03826834 0.5621842
v 0.08001032 0.03826834 0.5661418
v 0.08681627 0.03826834 0.5705204
v 0.09098437 0.03826834 0.5751871
v 0.09238795 0.03826834 0.58
v 0.09659258 0.02588191 0.58
v 0.09512512 0.02588191 0.5850319
v 0.09076734 0.02588191 0.589911
v 0.08365162 0.02588191 0.5944889
v 0.07399421 0.02588191 0.5986266
v 0.06208852 0.02588191 0.6021982
v 0.04829629 0.02588191 0.6050954
v 0.0330366 0.02588191 0.6072302
v 0.01677312 0.02588191 0.6085375
v -4.222196e-09 0.02588191 0.6089777
v -0.01677314 0.02588191 0.6085375
v -0.03303661 0.02588191 0.6072302
v -0.0482963 0.02588191 0.6050954
v -0.06208852 0.02588191 0.6021982
v -0.07399423 0.02588191 0.5986266
v -0.08365162 0.02588191 0.5944889
v -0.09076735 0.02588191 0.589911
v -0.09512512 0.02588191 0.5850319
v -0.09659258 0.02588191 0.58
v -0.09512512 0.02588191 0.574968
v -0.09076733 0.02588191 0.570089
v -0.08365162 0.02588191 0.5655111
v -0.07399421 0.02588191 0.5613734
v -0.06208851 0.02588191 0.5578017
v -0.04829628 0.02588191 0.5549045
v -0.0330366 0.02588191 0.5527698
v -0.01677312 0.02588191 0.5514625
v 1.151855e-09 0.02588191 0.5510222
v 0.01677317 0.02588191 0.5514625
v 0.03303665 0.02588191 0.5527698
v 0.04829628 0.02588191 0.5549045
v 0.06208851 0.02588191 0.5578017
v 0.07399423 0.02588191 0.5613734
v 0.08365165 0.02588191 0.5655111
v 0.09076733 0.02588191 0.570089
v 0.09512513 0.02588191 0.574968
v 0.09659258 0.02588191 0.58
v 0.09914449 0.01305261 0.58
v 0.09763826 0.01305261 0.5851648
v 0.09316535 0.01305261 0.5901728
v 0.08586165 0.01305261 0.5948716
v 0.07594909 0.01305261 0.5991186
v 0.06372885 0.01305261 0.6027847
v 0.04957224 0.01305261 0.6057585
v 0.0339094 0.01305261 0.6079496
v 0.01721625 0.01305261 0.6092914
v -4.333744e-09 0.01305261 0.6097434
v -0.01721627 0.01305261 0.6092914
v -0.03390941 0.01305261 0.6079496
v -0.04957225 0.01305261 0.6057585
v -0.06372885 0.01305261 0.6027847
v -0.0759491 0.01305261 0.5991186
v -0.08586165 0.01305261 0.5948716
v -0.09316535 0.01305261 0.5901728
v -0.09763826 0.01305261 0.5851648
v -0.09914449 0.01305261 0.58
v -0.09763826 0.01305261 0.5748351
v -0.09316534 0.01305261 0.5698271
v -0.08586165 0.01305261 0.5651283
v -0.0759491 0.01305261 0.5608813
v -0.06372884 0.01305261 0.5572153
v -0.04957224 0.01305261 0.5542415
v -0.03390941 0.01305261 0.5520504
v -0.01721626 0.01305261 0.5507085
v 1.182286e-09 0.01305261 0.5502566
v 0.0172163 0.01305261 0.5507085
v 0.03390945 0.01305261 0.5520504
v 0.04957224 0.01305261 0.5542415
v 0.06372884 0.01305261 0.5572153
v 0.0759491 0.01305261 0.5608813
v 0.08586166 0.01305261 0.5651283
v 0.09316534 0.01305261 0.5698271
v 0.09763827 0.01305261 0.5748351
v 0.09914449 0.01305261 0.58
v 0.1 -4.371139e-09 0.58
v 0.09848078 -4.371139e-09 0.5852094
v 0.09396926 -4.371139e-09 0.5902606
v 0.08660254 -4.371139e-09 0.595
v 0.07660445 -4.371139e-09 0.5992836
v 0.06427876 -4.371139e-09 0.6029813
v 0.05 -4.371139e-09 0.6059808
v 0.03420201 -4.371139e-09 0.6081908
v 0.01736481 -4.371139e-09 0.6095442
v -4.371139e-09 -4.371139e-09 0.61
v -0.01736483 -4.371139e-09 0.6095442
v -0.03420201 -4.371139e-09 0.6081908
v -0.05000001 -4.371139e-09 0.6059808
v -0.06427877 -4.371139e-09 0.6029813
v -0.07660446 -4.371139e-09 0.5992836
v -0.08660254 -4.371139e-09 0.595
v -0.09396927 -4.371139e-09 0.5902606
v -0.09848078 -4.371139e-09 0.5852094
v -0.1 -4.371139e-09 0.58
v -0.09848078 -4.371139e-09 0.5747905
v -0.09396926 -4.371139e-09 0.5697393
v -0.08660254 -4.371139e-09 0.565
v -0.07660445 -4.371139e-09 0.5607163
v -0.06427875 -4.371139e-09 0.5570186
v -0.04999999 -4.371139e-09 0.5540192
v -0.03420201 -4.371139e-09 0.5518092
v -0.01736481 -4.371139e-09 0.5504557
v 1.192488e-09 -4.371139e-09 0.55
v 0.01736486 -4.371139e-09 0.5504557
v 0.03420205 -4.371139e-09 0.5518092
v 0.04999999 -4.371139e-09 0.5540192
v 0.06427875 -4.371139e-09 0.5570186
v 0.07660446 -4.371139e-09 0.5607164
v 0.08660256 -4.371139e-09 0.565
v 0.09396926 -4.371139e-09 0.5697394
v 0.09848078 -4.371139e-09 0.5747905
v 0.1 -4.371139e-09 0.58
v 0.09914448 -0.01305263 0.58
v 0.09763826 -0.01305263 0.5851648
v 0.09316534 -0.01305263 0.5901728
v 0.08586165 -0.01305263 0.5948716
v 0.07594908 -0.01305263 0.5991186
v 0.06372884 -0.01305263 0.6027847
v 0.04957224 -0.01305263 0.6057585
v 0.0339094 -0.01305263 0.6079496
v 0.01721625 -0.01305263 0.6092914
v -4.333743e-09 -0.01305263 0.6097434
v -0.01721627 -0.01305263 0.6092914
v -0.03390941 -0.01305263 0.6079496
v -0.04957225 -0.01305263 0.6057585
v -0.06372885 -0.01305263 0.6027847
v -0.0759491 -0.01305263 0.5991186
v -0.08586165 -0.01305263 0.5948716
v -0.09316535 -0.01305263 0.5901728
v -0.09763826 -0.01305263 0.5851648
v -0.09914448 -0.01305263 0.58
v -0.09763826 -0.01305263 0.5748351
v -0.09316533 -0.01305263 0.5698271
v -0.08586165 -0.01305263 0.5651283
v -0.07594909 -0.01305263 0.5608813
v -0.06372883 -0.01305263 0.5572153
v -0.04957223 -0.01305263 0.5542415
v -0.0339094 -0.01305263 0.5520504
v -0.01721626 -0.01305263 0.5507085
v 1.182286e-09 -0.01305263 0.5502566
v 0.0172163 -0.01305263 0.5507085
v 0.03390945 -0.01305263 0.5520504
v 0.04957223 -0.01305263 0.5542415
v 0.06372883 -0.01305263 0.5572153
v 0.0759491 -0.01305263 0.5608813
v 0.08586166 -0.01305263 0.5651283
v 0.09316533 -0.01305263 0.5698271
v 0.09763826 -0.01305263 0.5748351
v 0.09914448 -0.01305263 0.58
v 0.09659258 -0.02588191 0.58
v 0.09512512 -0.02588191 0.5850319
v 0.09076734 -0.02588191 0.589911
v 0.08365162 -0.02588191 0.5944889
v 0.07399421 -0.02588191 0.5986266
v 0.06208852 -0.02588191 0.6021982
v 0.04829629 -0.02588191 0.6050954
v 0.0330366 -0.02588191 0.6072302
v 0.01677312 -0.02588191 0.6085375
v -4.222196e-09 -0.02588191 0.6089777
v -0.01677314 -0.02588191 0.6085375
v -0.03303661 -0.02588191 0.6072302
v -0.0482963 -0.02588191 0.6050954
v -0.06208852 -0.02588191 0.6021982
v -0.07399423 -0.02588191 0.5986266
v -0.08365162 -0.02588191 0.5944889
v -0.09076735 -0.02588191 0.589911
v -0.09512512 -0.02588191 0.5850319
v -0.09659258 -0.02588191 0.58
v -0.09512512 -0.02588191 0.574968
v -0.09076733 -0.02588191 0.570089
v -0.08365162 -0.02588191 0.5655111
v -0.07399421 -0.02588191 0.5613734
v -0.06208851 -0.02588191 0.5578017
v -0.04829628 -0.02588191 0.5549045
v -0.0330366 -0.02588191 0.5527698
v -0.01677312 -0.02588191 0.5514625
v 1.151855e-09 -0.02588191 0.5510222
v 0.01677317 -0.02588191 0.5514625
v 0.03303665 -0.02588191 0.5527698
v 0.04829628 -0.02588191 0.5549045
v 0.06208851 -0.02588191 0.5578017
v 0.07399423 -0.02588191 0.5613734
v 0.08365165 -0.02588191 0.5655111
v 0.09076733 -0.02588191 0.570089
v 0.09512513 -0.02588191 0.574968
v 0.09659258 -0.02588191 0.58
v 0.09238795 -0.03826835 0.58
v 0.09098437 -0.03826835 0.5848129
v 0.08681627 -0.03826835 0.5894796
v 0.08001032 -0.03826835 0.5938582
v 0.07077327 -0.03826835 0.5978158
v 0.05938582 -0.03826835 0.601232
v 0.04619397 -0.03826835 0.6040031
v 0.03159853 -0.03826835 0.6060449
v 0.01604299 -0.03826835 0.6072953
v -4.038406e-09 -0.03826835 0.6077164
v -0.01604301 -0.03826835 0.6072953
v -0.03159854 -0.03826835 0.6060449
v -0.04619398 -0.03826835 0.6040031
v -0.05938583 -0.03826835 0.601232
v -0.0707733 -0.03826835 0.5978158
v -0.08001032 -0.03826835 0.5938582
v -0.08681628 -0.03826835 0.5894796
v -0.09098437 -0.03826835 0.5848129
v -0.09238795 -0.03826835 0.58
v -0.09098437 -0.03826835 0.5751871
v -0.08681627 -0.03826835 0.5705204
v -0.08001032 -0.03826835 0.5661418
v -0.07077328 -0.03826835 0.5621842
v -0.05938582 -0.03826835 0.558768
v -0.04619397 -0.03826835 0.5559969
v -0.03159853 -0.03826835 0.5539551
v -0.016043 -0.03826835 0.5527047
v 1.101715e-09 -0.03826835 0.5522836
v 0.01604304 -0.03826835 0.5527047
v 0.03159858 -0.03826835 0.5539551
v 0.04619397 -0.03826835 0.5559969
v 0.05938582 -0.03826835 0.558768
v 0.0707733 -0.03826835 0.5621842
v 0.08001032 -0.03826835 0.5661418
v 0.08681627 -0.03826835 0.5705204
v 0.09098437 -0.03826835 0.5751871
v 0.09238795 -0.03826835 0.58
v 0.08660254 -0.05000001 0.58
v 0.08528685 -0.05000001 0.5845115
v 0.08137976 -0.05000001 0.5888859
v 0.075 -0.05000001 0.5929903
v 0.06634139 -0.05000001 0.5967001
v 0.05566704 -0.05000001 0.5999024
v 0.04330127 -0.05000001 0.6025
v 0.0296198 -0.05000001 0.6044139
v 0.01503837 -0.05000001 0.6055861
v -3.785517e-09 -0.05000001 0.6059808
v -0.01503838 -0.05000001 0.6055861
v -0.02961981 -0.05000001 0.6044139
v -0.04330128 -0.05000001 0.6025
v -0.05566704 -0.05000001 0.5999024
v -0.06634141 -0.05000001 0.5967001
v -0.075 -0.05000001 0.5929903
v -0.08137977 -0.05000001 0.5888859
v -0.08528685 -0.05000001 0.5845115
v -0.08660254 -0.05000001 0.58
v -0.08528685 -0.05000001 0.5754884
v -0.08137976 -0.05000001 0.5711141
v -0.075 -0.05000001 0.5670096
v -0.0663414 -0.05000001 0.5632999
v -0.05566703 -0.05000001 0.5600976
v -0.04330126 -0.05000001 0.5575
v -0.02961981 -0.05000001 0.555586
v -0.01503837 -0.05000001 0.5544139
v 1.032725e-09 -0.05000001 0.5540192
v 0.01503841 -0.05000001 0.5544139
v 0.02961985 -0.05000001 0.555586
v 0.04330126 -0.05000001 0.5575
v 0.05566703 -0.05000001 0.5600976
v 0.06634141 -0.05000001 0.5632999
v 0.07500001 -0.05000001 0.5670096
v 0.08137976 -0.05000001 0.5711141
v 0.08528686 -0.05000001 0.5754884
v 0.08660254 -0.05000001 0.58
v 0.07933533 -0.06087614 0.58
v 0.07813005 -0.06087614 0.5841329
v 0.07455083 -0.06087614 0.5881402
v 0.06870642 -0.06087614 0.5919003
v 0.06077439 -0.06087614 0.5952987
v 0.05099577 -0.06087614 0.5982323
v 0.03966766 -0.06087614 0.6006119
v 0.02713427 -0.06087614 0.6023653
v 0.01377643 -0.06087614 0.603439
v -3.467858e-09 -0.06087614 0.6038006
v -0.01377645 -0.06087614 0.603439
v -0.02713428 -0.06087614 0.6023653
v -0.03966767 -0.06087614 0.6006119
v -0.05099577 -0.06087614 0.5982323
v -0.0607744 -0.06087614 0.5952987
v -0.06870642 -0.06087614 0.5919003
v -0.07455083 -0.06087614 0.5881402
v -0.07813005 -0.06087614 0.5841329
v -0.07933533 -0.06087614 0.58
v -0.07813005 -0.06087614 0.5758671
v -0.07455082 -0.06087614 0.5718597
v -0.06870642 -0.06087614 0.5680997
v -0.06077439 -0.06087614 0.5647013
v -0.05099576 -0.06087614 0.5617676
v -0.03966766 -0.06087614 0.559388
v -0.02713428 -0.06087614 0.5576347
v -0.01377643 -0.06087614 0.556561
v 9.460644e-10 -0.06087614 0.5561994
v 0.01377647 -0.06087614 0.556561
v 0.02713431 -0.06087614 0.5576347
v 0.03966766 -0.06087614 0.559388
v 0.05099576 -0.06087614 0.5617676
v 0.0607744 -0.06087614 0.5647013
v 0.06870642 -0.06087614 0.5680997
v 0.07455082 -0.06087614 0.5718597
v 0.07813006 -0.06087614 0.5758671
v 0.07933533 -0.06087614 0.58
v 0.07071068 -0.07071068 0.58
v 0.06963643 -0.07071068 0.5836836
v 0.0664463 -0.07071068 0.5872553
v 0.06123724 -0.07071068 0.5906066
v 0.05416752 -0.07071068 0.5936356
v 0.04545195 -0.07071068 0.5962502
v 0.03535534 -0.07071068 0.5983711
v 0.02418447 -0.07071068 0.5999339
v 0.01227878 -0.07071068 0.6008909
v -3.090862e-09 -0.07071068 0.6012132
v -0.01227879 -0.07071068 0.6008909
v -0.02418447 -0.07071068 0.5999339
v -0.03535534 -0.07071068 0.5983711
v -0.04545195 -0.07071068 0.5962502
v -0.05416754 -0.07071068 0.5936356
v -0.06123724 -0.07071068 0.5906066
v -0.0664463 -0.07071068 0.5872553
v -0.06963643 -0.07071068 0.5836836
v -0.07071068 -0.07071068 0.58
v -0.06963643 -0.07071068 0.5763164
v -0.0664463 -0.07071068 0.5727446
v -0.06123724 -0.07071068 0.5693934
v -0.05416753 -0.07071068 0.5663644
v -0.04545194 -0.07071068 0.5637497
v -0.03535533 -0.07071068 0.5616288
v -0.02418447 -0.07071068 0.5600661
v -0.01227878 -0.07071068 0.559109
v 8.432163e-10 -0.07071068 0.5587868
v 0.01227881 -0.07071068 0.559109
v 0.0241845 -0.07071068 0.5600661
v 0.03535533 -0.07071068 0.5616288
v 0.04545194 -0.07071068 0.5637497
v 0.05416754 -0.07071068 0.5663644
v 0.06123725 -0.07071068 0.5693934
v 0.0664463 -0.07071068 0.5727446
v 0.06963643 -0.07071068 0.5763164
v 0.07071068 -0.07071068 0.58
v 0.06087613 -0.07933535 0.58
v 0.05995128 -0.07933535 0.5831713
v 0.05720484 -0.07933535 0.5862463
v 0.05272027 -0.07933535 0.5891314
v 0.04663382 -0.07933535 0.5917391
v 0.03913042 -0.07933535 0.5939901
v 0.03043806 -0.07933535 0.5958161
v 0.02082085 -0.07933535 0.5971614
v 0.01057102 -0.07933535 0.5979854
v -2.66098e-09 -0.07933535 0.5982628
v -0.01057104 -0.07933535 0.5979854
v -0.02082086 -0.07933535 0.5971614
v -0.03043807 -0.07933535 0.5958161
v -0.03913042 -0.07933535 0.5939901
v -0.04663383 -0.07933535 0.5917391
v -0.05272027 -0.07933535 0.5891314
v -0.05720485 -0.07933535 0.5862463
v -0.05995128 -0.07933535 0.5831713
v -0.06087613 -0.07933535 0.58
v -0.05995128 -0.07933535 0.5768287
v -0.05720484 -0.07933535 0.5737537
v -0.05272027 -0.07933535 0.5708686
v -0.04663382 -0.07933535 0.5682608
v -0.03913042 -0.07933535 0.5660098
v -0.03043806 -0.07933535 0.5641839
v -0.02082086 -0.07933535 0.5628386
v -0.01057103 -0.07933535 0.5620146
v 7.259405e-10 -0.07933535 0.5617371
v 0.01057106 -0.07933535 0.5620146
v 0.02082089 -0.07933535 0.5628386
v 0.03043806 -0.07933535 0.5641839
v 0.03913042 -0.07933535 0.5660098
v 0.04663383 -0.07933535 0.5682608
v 0.05272028 -0.07933535 0.5708686
v 0.05720484 -0.07933535 0.5737537
v 0.05995128 -0.07933535 0.5768287
v 0.06087613 -0.07933535 0.58
v 0.05000001 -0.08660254 0.58
v 0.04924039 -0.08660254 0.5826047
v 0.04698464 -0.08660254 0.5851303
v 0.04330128 -0.08660254 0.5875
v 0.03830223 -0.08660254 0.5896418
v 0.03213938 -0.08660254 0.5914906
v 0.025 -0.08660254 0.5929903
v 0.017101 -0.08660254 0.5940953
v 0.008682407 -0.08660254 0.5947721
v -2.18557e-09 -0.08660254 0.595
v -0.008682416 -0.08660254 0.5947721
v -0.01710101 -0.08660254 0.5940953
v -0.02500001 -0.08660254 0.5929903
v -0.03213939 -0.08660254 0.5914906
v -0.03830224 -0.08660254 0.5896418
v -0.04330128 -0.08660254 0.5875
v -0.04698464 -0.08660254 0.5851303
v -0.04924039 -0.08660254 0.5826047
v -0.05000001 -0.08660254 0.58
v -0.04924039 -0.08660254 0.5773953
v -0.04698464 -0.08660254 0.5748697
v -0.04330128 -0.08660254 0.5725
v -0.03830223 -0.08660254 0.5703582
v -0.03213938 -0.08660254 0.5685093
v -0.025 -0.08660254 0.5670096
v -0.017101 -0.08660254 0.5659046
v -0.008682407 -0.08660254 0.5652279
v 5.962441e-10 -0.08660254 0.565
v 0.008682433 -0.08660254 0.5652279
v 0.01710103 -0.08660254 0.5659046
v 0.025 -0.08660254 0.5670096
v 0.03213938 -0.08660254 0.5685093
v 0.03830224 -0.08660254 0.5703582
v 0.04330128 -0.08660254 0.5725
v 0.04698464 -0.08660254 0.5748697
v 0.0492404 -0.08660254 0.5773953
v 0.05000001 -0.08660254 0.58
v 0.03826833 -0.09238797 0.58
v 0.03768694 -0.09238797 0.5819936
v 0.03596047 -0.09238797 0.5839266
v 0.03314134 -0.09238797 0.5857402
v 0.02931524 -0.09238797 0.5873795
v 0.02459841 -0.09238797 0.5887945
v 0.01913416 -0.09238797 0.5899424
v 0.01308853 -0.09238797 0.5907881
v 0.006645223 -0.09238797 0.5913061
v -1.672762e-09 -0.09238797 0.5914805
v -0.00664523 -0.09238797 0.5913061
v -0.01308854 -0.09238797 0.5907881
v -0.01913417 -0.09238797 0.5899424
v -0.02459841 -0.09238797 0.5887945
v -0.02931525 -0.09238797 0.5873795
v -0.03314134 -0.09238797 0.5857402
v -0.03596047 -0.09238797 0.5839266
v -0.03768694 -0.09238797 0.5819936
v -0.03826833 -0.09238797 0.58
v -0.03768694 -0.09238797 0.5780064
v -0.03596046 -0.09238797 0.5760734
v -0.03314134 -0.09238797 0.5742598
v -0.02931524 -0.09238797 0.5726205
v -0.0245984 -0.09238797 0.5712054
v -0.01913416 -0.09238797 0.5700576
v -0.01308854 -0.09238797 0.5692118
v -0.006645224 -0.09238797 0.5686939
v 4.563452e-10 -0.09238797 0.5685195
v 0.006645243 -0.09238797 0.5686939
v 0.01308855 -0.09238797 0.5692118
v 0.01913416 -0.09238797 0.5700576
v 0.0245984 -0.09238797 0.5712054
v 0.02931525 -0.09238797 0.5726205
v 0.03314135 -0.09238797 0.5742598
v 0.03596046 -0.09238797 0.5760734
v 0.03768695 -0.09238797 0.5780064
v 0.03826833 -0.09238797 0.58
v 0.02588189 -0.09659259 0.58
v 0.02548869 -0.09659259 0.5813483
v 0.02432102 -0.09659259 0.5826556
v 0.02241438 -0.09659259 0.5838823
v 0.01982668 -0.09659259 0.584991
v 0.01663656 -0.09659259 0.585948
v 0.01294095 -0.09659259 0.5867243
v 0.008852126 -0.09659259 0.5872963
v 0.004494342 -0.09659259 0.5876466
v -1.131333e-09 -0.09659259 0.5877646
v -0.004494347 -0.09659259 0.5876466
v -0.008852128 -0.09659259 0.5872963
v -0.01294095 -0.09659259 0.5867243
v -0.01663656 -0.09659259 0.585948
v -0.01982669 -0.09659259 0.584991
v -0.02241438 -0.09659259 0.5838823
v -0.02432103 -0.09659259 0.5826556
v -0.02548869 -0.09659259 0.5813483
v -0.02588189 -0.09659259 0.58
v -0.02548869 -0.09659259 0.5786517
v -0.02432102 -0.09659259 0.5773444
v -0.02241438 -0.09659259 0.5761177
v -0.01982668 -0.09659259 0.575009
v -0.01663656 -0.09659259 0.574052
v -0.01294094 -0.09659259 0.5732757
v -0.008852127 -0.09659259 0.5727037
v -0.004494342 -0.09659259 0.5723534
v 3.086385e-10 -0.09659259 0.5722354
v 0.004494355 -0.09659259 0.5723534
v 0.008852139 -0.09659259 0.5727037
v 0.01294094 -0.09659259 0.5732757
v 0.01663656 -0.09659259 0.574052
v 0.01982669 -0.09659259 0.575009
v 0.02241438 -0.09659259 0.5761177
v 0.02432102 -0.09659259 0.5773444
v 0.02548869 -0.09659259 0.5786517
v 0.02588189 -0.09659259 0.58
v 0.01305261 -0.09914449 0.58
v 0.01285431 -0.09914449 0.58068
v 0.01226544 -0.09914449 0.5813392
v 0.01130389 -0.09914449 0.5819579
v 0.009998878 -0.09914449 0.582517
v 0.008390054 -0.09914449 0.5829996
v 0.006526303 -0.09914449 0.5833911
v 0.004464253 -0.09914449 0.5836796
v 0.002266561 -0.09914449 0.5838563
v -5.705476e-10 -0.09914449 0.5839158
v -0.002266563 -0.09914449 0.5838563
v -0.004464255 -0.09914449 0.5836796
v -0.006526305 -0.09914449 0.5833911
v -0.008390055 -0.09914449 0.5829996
v -0.00999888 -0.09914449 0.582517
v -0.01130389 -0.09914449 0.5819579
v -0.01226544 -0.09914449 0.5813392
v -0.01285431 -0.09914449 0.58068
v -0.01305261 -0.09914449 0.58
v -0.01285431 -0.09914449 0.57932
v -0.01226544 -0.09914449 0.5786607
v -0.01130389 -0.09914449 0.5780421
v -0.009998879 -0.09914449 0.5774829
v -0.008390053 -0.09914449 0.5770003
v -0.006526303 -0.09914449 0.5766088
v -0.004464254 -0.09914449 0.5763204
v -0.002266561 -0.09914449 0.5761437
v 1.556508e-10 -0.09914449 0.5760842
v 0.002266567 -0.09914449 0.5761437
v 0.00446426 -0.09914449 0.5763204
v 0.006526303 -0.09914449 0.5766088
v 0.008390053 -0.09914449 0.5770003
v 0.00999888 -0.09914449 0.5774829
v 0.01130389 -0.09914449 0.5780421
v 0.01226544 -0.09914449 0.5786607
v 0.01285431 -0.09914449 0.57932
v 0.01305261 -0.09914449 0.58
v -8.742278e-09 -0.1 0.58
v -8.609462e-09 -0.1 0.58
v -8.215054e-09 -0.1 0.58
v -7.571034e-09 -0.1 0.58
v -6.696973e-09 -0.1 0.58
v -5.619428e-09 -0.1 0.58
v -4.371139e-09 -0.1 0.58
v -2.990034e-09 -0.1 0.58
v -1.51808e-09 -0.1 0.58
v 3.821371e-16 -0.1 0.58
v 1.518082e-09 -0.1 0.58
v 2.990035e-09 -0.1 0.58
v 4.371139e-09 -0.1 0.58
v 5.619428e-09 -0.1 0.58
v 6.696975e-09 -0.1 0.58
v 7.571034e-09 -0.1 0.58
v 8.215054e-09 -0.1 0.58
v 8.609462e-09 -0.1 0.58
v 8.742278e-09 -0.1 0.58
v 8.609462e-09 -0.1 0.58
v 8.215054e-09 -0.1 0.58
v 7.571034e-09 -0.1 0.58
v 6.696974e-09 -0.1 0.58
v 5.619427e-09 -0.1 0.58
v 4.371138e-09 -0.1 0.58
v 2.990035e-09 -0.1 0.58
v 1.51808e-09 -0.1 0.58
v -1.042506e-16 -0.1 0.58
v -1.518085e-09 -0.1 0.58
v -2.990038e-09 -0.1 0.58
v -4.371138e-09 -0.1 0.58
v -5.619427e-09 -0.1 0.58
v -6.696975e-09 -0.1 0.58
v -7.571036e-09 -0.1 0.58
v -8.215054e-09 -0.1 0.58
v -8.609463e-09 -0.1 0.58
v -8.742278e-09 -0.1 0.58
vt 0 0
vt 0.02777778 0
vt 0.05555556 0
vt 0.08333334 0
vt 0.1111111 0
vt 0.1388889 0
vt 0.1666667 0
vt 0.1944444 0
vt 0.2222222 0
vt 0.25 0
vt 0.2777778 0
vt 0.3055556 0
vt 0.3333333 0
vt 0.3611111 0
vt 0.3888889 0
vt 0.4166667 0
vt 0.4444444 0
vt 0.4722222 0
vt 0.5 0
vt 0.5277778 0
vt 0.5555556 0
vt 0.5833333 0
vt 0.6111111 0
vt 0.6388889 0
vt 0.6666667 0
vt 0.6944444 0
vt 0.7222222 0
vt 0.75 0
vt 0.7777778 0
vt 0.8055556 0
vt 0.8333333 0
vt 0.8611111 0
vt 0.8888889 0
vt 0.9166667 0
vt 0.9444444 0
vt 0.9722222 0
vt 1 0
vt 0 0.04166667
vt 0.02777778 0.04166667
vt 0.05555556 0.04166667
vt 0.08333334 0.04166667
vt 0.1111111 0.04166667
vt 0.1388889 0.04166667
vt 0.1666667 0.04166667
vt 0.1944444 0.04166667
vt 0.2222222 0.04166667
vt 0.25 0.04166667
vt 0.2777778 0.04166667
vt 0.3055556 0.04166667
vt 0.3333333 0.04166667
vt 0.3611111 0.04166667
vt 0.3888889 0.04166667
vt 0.4166667 0.04166667
vt 0.4444444 0.04166667
vt 0.4722222 0.04166667
vt 0.5 0.04166667
vt 0.5277778 0.04166667
vt 0.5555556 0.04166667
vt 0.5833333 0.04166667
vt 0.6111111 0.04166667
vt 0.6388889 0.04166667
vt 0.6666667 0.04166667
vt 0.6944444 0.04166667
vt 0.7222222 0.04166667
vt 0.75 0.04166667
vt 0.7777778 0.04166667
vt 0.8055556 0.04166667
vt 0.8333333 0.04166667
vt 0.8611111 0.04166667
vt 0.8888889 0.04166667
vt 0.9166667 0.04166667
vt 0.9444444 0.04166667
vt 0.9722222 0.04166667
vt 1 0.04166667
vt 0 0.08333334
vt 0.02777778 0.08333334
vt 0.05555556 0.08333334
vt 0.08333334 0.08333334
vt 0.1111111 0.08333334
vt 0.1388889 0.08333334
vt 0.1666667 0.08333334
vt 0.1944444 0.08333334
vt 0.2222222 0.08333334
vt 0.25 0.08333334
vt 0.2777778 0.08333334
vt 0.3055556 0.08333334
vt 0.3333333 0.08333334
vt 0.3611111 0.08333334
vt 0.3888889 0.08333334
vt 0.4166667 0.08333334
vt 0.4444444 0.08333334
vt 0.4722222 0.08333334
vt 0.5 0.08333334
vt 0.5277778 0.08333334
vt 0.5555556 0.08333334
vt 0.5833333 0.08333334
vt 0.6111111 0.08333334
vt 0.6388889 0.08333334
vt 0.6666667 0.08333334
vt 0.6944444 0.08333334
vt 0.7222222 0.08333334
vt 0.75 0.08333334
vt 0.7777778 0.08333334
vt 0.8055556 0.08333334
vt 0.8333333 0.08333334
vt 0.8611111 0.08333334
vt 0.8888889 0.08333334
vt 0.9166667 0.08333334
vt 0.9444444 0.08333334
vt 0.9722222 0.08333334
vt 1 0.08333334
vt 0 0.125
vt 0.02777778 0.125
vt 0.05555556 0.125
vt 0.08333334 0.125
vt 0.1111111 0.125
vt 0.1388889 0.125
vt 0.1666667 0.125
vt 0.1944444 0.125
vt 0.2222222 0.125
vt 0.25 0.125
vt 0.2777778 0.125
vt 0.3055556 0.125
vt 0.3333333 0.125
vt 0.3611111 0.125
vt 0.3888889 0.125
vt 0.4166667 0.125
vt 0.4444444 0.125
vt 0.4722222 0.125
vt 0.5 0.125
vt 0.5277778 0.125
vt 0.5555556 0.125
vt 0.5833333 0.125
vt 0.6111111 0.125
vt 0.6388889 0.125
vt 0.6666667 0.125
vt 0.6944444 0.125
vt 0.7222222 0.125
vt 0.75 0.125
vt 0.7777778 0.125
vt 0.8055556 0.125
vt 0.8333333 0.125
vt 0.8611111 0.125
vt 0.8888889 0.125
vt 0.9166667 0.125
vt 0.9444444 0.125
vt 0.9722222 0.125
vt 1 0.125
vt 0 0.1666667
vt 0.02777778 0.1666667
vt 0.05555556 0.1666667
vt 0.08333334 0.1666667
vt 0.1111111 0.1666667
vt 0.1388889 0.1666667
vt 0.1666667 0.1666667
vt 0.1944444 0.1666667
vt 0.2222222 0.1666667
vt 0.25 0.1666667
vt 0.2777778 0.1666667
vt 0.3055556 0.1666667
vt 0.3333333 0.1666667
vt 0.3611111 0.1666667
vt 0.3888889 0.1666667
vt 0.4166667 0.1666667
vt 0.4444444 0.1666667
vt 0.4722222 0.1666667
vt 0.5 0.1666667
vt 0.5277778 0.1666667
vt 0.5555556 0.1666667
vt 0.5833333 0.1666667
vt 0.6111111 0.1666667
vt 0.6388889 0.1666667
vt 0.6666667 0.1666667
vt 0.6944444 0.1666667
vt 0.7222222 0.1666667
vt 0.75 0.1666667
vt 0.7777778 0.1666667
vt 0.8055556 0.1666667
vt 0.8333333 0.1666667
vt 0.8611111 0.1666667
vt 0.8888889 0.1666667
vt 0.9166667 0.1666667
vt 0.9444444 0.1666667
vt 0.9722222 0.1666667
vt 1 0.1666667
vt 0 0.2083333
vt 0.02777778 0.2083333
vt 0.05555556 0.2083333
vt 0.08333334 0.2083333
vt 0.1111111 0.2083333
vt 0.1388889 0.2083333
vt 0.1666667 0.2083333
vt 0.1944444 0.2083333
vt 0.2222222 0.2083333
vt 0.25 0.2083333
vt 0.2777778 0.2083333
vt 0.3055556 0.2083333
vt 0.3333333 0.2083333
vt 0.3611111 0.2083333
vt 0.3888889 0.2083333
vt 0.4166667 0.2083333
vt 0.4444444 0.2083333
vt 0.4722222 0.2083333
vt 0.5 0.2083333
vt 0.5277778 0.2083333
vt 0.5555556 0.2083333
vt 0.5833333 0.2083333
vt 0.6111111 0.2083333
vt 0.6388889 0.2083333
vt 0.6666667 0.2083333
vt 0.6944444 0.2083333
vt 0.7222222 0.2083333
vt 0.75 0.2083333
vt 0.7777778 0.2083333
vt 0.8055556 0.2083333
vt 0.8333333 0.2083333
vt 0.8611111 0.2083333
vt 0.8888889 0.2083333
vt 0.9166667 0.2083333
vt 0.9444444 0.2083333
vt 0.9722222 0.2083333
vt 1 0.2083333
vt 0 0.25
vt 0.02777778 0.25
vt 0.05555556 0.25
vt 0.08333334 0.25
vt 0.1111111 0.25
vt 0.1388889 0.25
vt 0.1666667 0.25
vt 0.1944444 0.25
vt 0.2222222 0.25
vt 0.25 0.25
vt 0.2777778 0.25
vt 0.3055556 0.25
vt 0.3333333 0.25
vt 0.3611111 0.25
vt 0.3888889 0.25
vt 0.4166667 0.25
vt 0.4444444 0.25
vt 0.4722222 0.25
vt 0.5 0.25
vt 0.5277778 0.25
vt 0.5555556 0.25
vt 0.5833333 0.25
vt 0.6111111 0.25
vt 0.6388889 0.25
vt 0.6666667 0.25
vt 0.6944444 0.25
vt 0.7222222 0.25
vt 0.75 0.25
vt 0.7777778 0.25
vt 0.8055556 0.25
vt 0.8333333 0.25
vt 0.8611111 0.25
vt 0.8888889 0.25
vt 0.9166667 0.25
vt 0.9444444 0.25
vt 0.9722222 0.25
vt 1 0.25
vt 0 0.2916667
vt 0.02777778 0.2916667
vt 0.05555556 0.2916667
vt 0.08333334 0.2916667
vt 0.1111111 0.2916667
vt 0.1388889 0.2916667
vt 0.1666667 0.2916667
vt 0.1944444 0.2916667
vt 0.2222222 0.2916667
vt 0.25 0.2916667
vt 0.2777778 0.2916667
vt 0.3055556 0.2916667
vt 0.3333333 0.2916667
vt 0.3611111 0.2916667
vt 0.3888889 0.2916667
vt 0.4166667 0.2916667
vt 0.4444444 0.2916667
vt 0.4722222 0.2916667
vt 0.5 0.2916667
vt 0.5277778 0.2916667
vt 0.5555556 0.2916667
vt 0.5833333 0.2916667
vt 0.6111111 0.2916667
vt 0.6388889 0.2916667
vt 0.6666667 0.2916667
vt 0.6944444 0.2916667
vt 0.7222222 0.2916667
vt 0.75 0.2916667
vt 0.7777778 0.2916667
vt 0.8055556 0.2916667
vt 0.8333333 0.2916667
vt 0.8611111 0.2916667
vt 0.8888889 0.2916667
vt 0.9166667 0.2916667
vt 0.9444444 0.2916667
vt 0.9722222 0.2916667
vt 1 0.2916667
vt 0 0.3333333
vt 0.02777778 0.3333333
vt 0.05555556 0.3333333
vt 0.08333334 0.3333333
vt 0.1111111 0.3333333
vt 0.1388889 0.3333333
vt 0.1666667 0.3333333
vt 0.1944444 0.3333333
vt 0.2222222 0.3333333
vt 0.25 0.3333333
vt 0.2777778 0.3333333
vt 0.3055556 0.3333333
vt 0.3333333 0.3333333
vt 0.3611111 0.3333333
vt 0.3888889 0.3333333
vt 0.4166667 0.3333333
vt 0.4444444 0.3333333
vt 0.4722222 0.3333333
vt 0.5 0.3333333
vt 0.5277778 0.3333333
vt 0.5555556 0.3333333
vt 0.5833333 0.3333333
vt 0.6111111 0.3333333
vt 0.6388889 0.3333333
vt 0.6666667 0.3333333
vt 0.6944444 0.3333333
vt 0.7222222 0.3333333
vt 0.75 0.3333333
vt 0.7777778 0.3333333
vt 0.8055556 0.3333333
vt 0.8333333 0.3333333
vt 0.8611111 0.3333333
vt 0.8888889 0.3333333
vt 0.9166667 0.3333333
vt 0.9444444 0.3333333
vt 0.9722222 0.3333333
vt 1 0.3333333
vt 0 0.375
vt 0.02777778 0.375
vt 0.05555556 0.375
vt 0.08333334 0.375
vt 0.1111111 0.375
vt 0.1388889 0.375
vt 0.1666667 0.375
vt 0.1944444 0.375
vt 0.2222222 0.375
vt 0.25 0.375
vt 0.2777778 0.375
vt 0.3055556 0.375
vt 0.3333333 0.375
vt 0.3611111 0.375
vt 0.3888889 0.375
vt 0.4166667 0.375
vt 0.4444444 0.375
vt 0.4722222 0.375
vt 0.5 0.375
vt 0.5277778 0.375
vt 0.5555556 0.375
vt 0.5833333 0.375
vt 0.6111111 0.375
vt 0.6388889 0.375
vt 0.6666667 0.375
vt 0.6944444 0.375
vt 0.7222222 0.375
vt 0.75 0.375
vt 0.7777778 0.375
vt 0.8055556 0.375
vt 0.8333333 0.375
vt 0.8611111 0.375
vt 0.8888889 0.375
vt 0.9166667 0.375
vt 0.9444444 0.375
vt 0.9722222 0.375
vt 1 0.375
vt 0 0.4166667
vt 0.02777778 0.4166667
vt 0.05555556 0.4166667
vt 0.08333334 0.4166667
vt 0.1111111 0.4166667
vt 0.1388889 0.4166667
vt 0.1666667 0.4166667
vt 0.1944444 0.4166667
vt 0.2222222 0.4166667
vt 0.25 0.4166667
vt 0.2777778 0.4166667
vt 0.3055556 0.4166667
vt 0.3333333 0.4166667
vt 0.3611111 0.4166667
vt 0.3888889 0.4166667
vt 0.4166667 0.4166667
vt 0.4444444 0.4166667
vt 0.4722222 0.4166667
vt 0.5 0.4166667
vt 0.5277778 0.4166667
vt 0.5555556 0.4166667
vt 0.5833333 0.4166667
vt 0.6111111 0.4166667
vt 0.6388889 0.4166667
vt 0.6666667 0.4166667
vt 0.6944444 0.4166667
vt 0.7222222 0.4166667
vt 0.75 0.4166667
vt 0.7777778 0.4166667
vt 0.8055556 0.4166667
vt 0.8333333 0.4166667
vt 0.8611111 0.4166667
vt 0.8888889 0.4166667
vt 0.9166667 0.4166667
vt 0.9444444 0.4166667
vt 0.9722222 0.4166667
vt 1 0.4166667
vt 0 0.4583333
vt 0.02777778 0.4583333
vt 0.05555556 0.4583333
vt 0.08333334 0.4583333
vt 0.1111111 0.4583333
vt 0.1388889 0.4583333
vt 0.1666667 0.4583333
vt 0.1944444 0.4583333
vt 0.2222222 0.4583333
vt 0.25 0.4583333
vt 0.2777778 0.4583333
vt 0.3055556 0.4583333
vt 0.3333333 0.4583333
vt 0.3611111 0.4583333
vt 0.3888889 0.4583333
vt 0.4166667 0.4583333
vt 0.4444444 0.4583333
vt 0.4722222 0.4583333
vt 0.5 0.4583333
vt 0.5277778 0.4583333
vt 0.5555556 0.4583333
vt 0.5833333 0.4583333
vt 0.6111111 0.4583333
vt 0.6388889 0.4583333
vt 0.6666667 0.4583333
vt 0.6944444 0.4583333
vt 0.7222222 0.4583333
vt 0.75 0.4583333
vt 0.7777778 0.4583333
vt 0.8055556 0.4583333
vt 0.8333333 0.4583333
vt 0.8611111 0.4583333
vt 0.8888889 0.4583333
vt 0.9166667 0.4583333
vt 0.9444444 0.4583333
vt 0.9722222 0.4583333
vt 1 0.4583333
vt 0 0.5
vt 0.02777778 0.5
vt 0.05555556 0.5
vt 0.08333334 0.5
vt 0.1111111 0.5
vt 0.1388889 0.5
vt 0.1666667 0.5
vt 0.1944444 0.5
vt 0.2222222 0.5
vt 0.25 0.5
vt 0.2777778 0.5
vt 0.3055556 0.5
vt 0.3333333 0.5
vt 0.3611111 0.5
vt 0.3888889 0.5
vt 0.4166667 0.5
vt 0.4444444 0.5
vt 0.4722222 0.5
vt 0.5 0.5
vt 0.5277778 0.5
vt 0.5555556 0.5
vt 0.5833333 0.5
vt 0.6111111 0.5
vt 0.6388889 0.5
vt 0.6666667 0.5
vt 0.6944444 0.5
vt 0.7222222 0.5
vt 0.75 0.5
vt 0.7777778 0.5
vt 0.8055556 0.5
vt 0.8333333 0.5
vt 0.8611111 0.5
vt 0.8888889 0.5
vt 0.9166667 0.5
vt 0.9444444 0.5
vt 0.9722222 0.5
vt 1 0.5
vt 0 0.5416667
vt 0.02777778 0.5416667
vt 0.05555556 0.5416667
vt 0.08333334 0.5416667
vt 0.1111111 0.5416667
vt 0.1388889 0.5416667
vt 0.1666667 0.5416667
vt 0.1944444 0.5416667
vt 0.2222222 0.5416667
vt 0.25 0.5416667
vt 0.2777778 0.5416667
vt 0.3055556 0.5416667
vt 0.3333333 0.5416667
vt 0.3611111 0.5416667
vt 0.3888889 0.5416667
vt 0.4166667 0.5416667
vt 0.4444444 0.5416667
vt 0.4722222 0.5416667
vt 0.5 0.5416667
vt 0.5277778 0.5416667
vt 0.5555556 0.5416667
vt 0.5833333 0.5416667
vt 0.6111111 0.5416667
vt 0.6388889 0.5416667
vt 0.6666667 0.5416667
vt 0.6944444 0.5416667
vt 0.7222222 0.5416667
vt 0.75 0.5416667
vt 0.7777778 0.5416667
vt 0.8055556 0.5416667
vt 0.8333333 0.5416667
vt 0.8611111 0.5416667
vt 0.8888889 0.5416667
vt 0.9166667 0.5416667
vt 0.9444444 0.5416667
vt 0.9722222 0.5416667
vt 1 0.5416667
vt 0 0.5833333
vt 0.02777778 0.5833333
vt 0.05555556 0.5833333
vt 0.08333334 0.5833333
vt 0.1111111 0.5833333
vt 0.1388889 0.5833333
vt 0.1666667 0.5833333
vt 0.1944444 0.5833333
vt 0.2222222 0.5833333
vt 0.25 0.5833333
vt 0.2777778 0.5833333
vt 0.3055556 0.5833333
vt 0.3333333 0.5833333
vt 0.3611111 0.5833333
vt 0.3888889 0.5833333
vt 0.4166667 0.5833333
vt 0.4444444 0.5833333
vt 0.4722222 0.5833333
vt 0.5 0.5833333
vt 0.5277778 0.5833333
vt 0.5555556 0.5833333
vt 0.5833333 0.5833333
vt 0.6111111 0.5833333
vt 0.6388889 0.5833333
vt 0.6666667 0.5833333
vt 0.6944444 0.5833333
vt 0.7222222 0.5833333
vt 0.75 0.5833333
vt 0.7777778 0.5833333
vt 0.8055556 0.5833333
vt 0.8333333 0.5833333
vt 0.8611111 0.5833333
vt 0.8888889 0.5833333
vt 0.9166667 0.5833333
vt 0.9444444 0.5833333
vt 0.9722222 0.5833333
vt 1 0.5833333
vt 0 0.625
vt 0.02777778 0.625
vt 0.05555556 0.625
vt 0.08333334 0.625
vt 0.1111111 0.625
vt 0.1388889 0.625
vt 0.1666667 0.625
vt 0.1944444 0.625
vt 0.2222222 0.625
vt 0.25 0.625
vt 0.2777778 0.625
vt 0.3055556 0.625
vt 0.3333333 0.625
vt 0.3611111 0.625
vt 0.3888889 0.625
vt 0.4166667 0.625
vt 0.4444444 0.625
vt 0.4722222 0.625
vt 0.5 0.625
vt 0.5277778 0.625
vt 0.5555556 0.625
vt 0.5833333 0.625
vt 0.6111111 0.625
vt 0.6388889 0.625
vt 0.6666667 0.625
vt 0.6944444 0.625
vt 0.7222222 0.625
vt 0.75 0.625
vt 0.7777778 0.625
vt 0.8055556 0.625
vt 0.8333333 0.625
vt 0.8611111 0.625
vt 0.8888889 0.625
vt 0.9166667 0.625
vt 0.9444444 0.625
vt 0.9722222 0.625
vt 1 0.625
vt 0 0.6666667
vt 0.02777778 0.6666667
vt 0.05555556 0.6666667
vt 0.08333334 0.6666667
vt 0.1111111 0.6666667
vt 0.1388889 0.6666667
vt 0.1666667 0.6666667
vt 0.1944444 0.6666667
vt 0.2222222 0.6666667
vt 0.25 0.6666667
vt 0.2777778 0.6666667
vt 0.3055556 0.6666667
vt 0.3333333 0.6666667
vt 0.3611111 0.6666667
vt 0.3888889 0.6666667
vt 0.4166667 0.6666667
vt 0.4444444 0.6666667
vt 0.4722222 0.6666667
vt 0.5 0.6666667
vt 0.5277778 0.6666667
vt 0.5555556 0.6666667
vt 0.5833333 0.6666667
vt 0.6111111 0.6666667
vt 0.6388889 0.6666667
vt 0.6666667 0.6666667
vt 0.6944444 0.6666667
vt 0.7222222 0.6666667
vt 0.75 0.6666667
vt 0.7777778 0.6666667
vt 0.8055556 0.6666667
vt 0.8333333 0.6666667
vt 0.8611111 0.6666667
vt 0.8888889 0.6666667
vt 0.9166667 0.6666667
vt 0.9444444 0.6666667
vt 0.9722222 0.6666667
vt 1 0.6666667
vt 0 0.7083333
vt 0.02777778 0.7083333
vt 0.05555556 0.7083333
vt 0.08333334 0.7083333
vt 0.1111111 0.7083333
vt 0.1388889 0.7083333
vt 0.1666667 0.7083333
vt 0.1944444 0.7083333
vt 0.2222222 0.7083333
vt 0.25 0.7083333
vt 0.2777778 0.7083333
vt 0.3055556 0.7083333
vt 0.3333333 0.7083333
vt 0.3611111 0.7083333
vt 0.3888889 0.7083333
vt 0.4166667 0.7083333
vt 0.4444444 0.7083333
vt 0.4722222 0.7083333
vt 0.5 0.7083333
vt 0.5277778 0.7083333
vt 0.5555556 0.7083333
vt 0.5833333 0.7083333
vt 0.6111111 0.7083333
vt 0.6388889 0.7083333
vt 0.6666667 0.7083333
vt 0.6944444 0.7083333
vt 0.7222222 0.7083333
vt 0.75 0.7083333
vt 0.7777778 0.7083333
vt 0.8055556 0.7083333
vt 0.8333333 0.7083333
vt 0.8611111 0.7083333
vt 0.8888889 0.7083333
vt 0.9166667 0.7083333
vt 0.9444444 0.7083333
vt 0.9722222 0.7083333
vt 1 0.7083333
vt 0 0.75
vt 0.02777778 0.75
vt 0.05555556 0.75
vt 0.08333334 0.75
vt 0.1111111 0.75
vt 0.1388889 0.75
vt 0.1666667 0.75
vt 0.1944444 0.75
vt 0.2222222 0.75
vt 0.25 0.75
vt 0.2777778 0.75
vt 0.3055556 0.75
vt 0.3333333 0.75
vt 0.3611111 0.75
vt 0.3888889 0.75
vt 0.4166667 0.75
vt 0.4444444 0.75
vt 0.4722222 0.75
vt 0.5 0.75
vt 0.5277778 0.75
vt 0.5555556 0.75
vt 0.5833333 0.75
vt 0.6111111 0.75
vt 0.6388889 0.75
vt 0.6666667 0.75
vt 0.6944444 0.75
vt 0.7222222 0.75
vt 0.75 0.75
vt 0.7777778 0.75
vt 0.8055556 0.75
vt 0.8333333 0.75
vt 0.8611111 0.75
vt 0.8888889 0.75
vt 0.9166667 0.75
vt 0.9444444 0.75
vt 0.9722222 0.75
vt 1 0.75
vt 0 0.7916667
vt 0.02777778 0.7916667
vt 0.05555556 0.7916667
vt 0.08333334 0.7916667
vt 0.1111111 0.7916667
vt 0.1388889 0.7916667
vt 0.1666667 0.7916667
vt 0.1944444 0.7916667
vt 0.2222222 0.7916667
vt 0.25 0.7916667
vt 0.2777778 0.7916667
vt 0.3055556 0.7916667
vt 0.3333333 0.7916667
vt 0.3611111 0.7916667
vt 0.3888889 0.7916667
vt 0.4166667 0.7916667
vt 0.4444444 0.7916667
vt 0.4722222 0.7916667
vt 0.5 0.7916667
vt 0.5277778 0.7916667
vt 0.5555556 0.7916667
vt 0.5833333 0.7916667
vt 0.6111111 0.7916667
vt 0.6388889 0.7916667
vt 0.6666667 0.7916667
vt 0.6944444 0.7916667
vt 0.7222222 0.7916667
vt 0.75 0.7916667
vt 0.7777778 0.7916667
vt 0.8055556 0.7916667
vt 0.8333333 0.7916667
vt 0.8611111 0.7916667
vt 0.8888889 0.7916667
vt 0.9166667 0.7916667
vt 0.9444444 0.7916667
vt 0.9722222 0.7916667
vt 1 0.7916667
vt 0 0.8333333
vt 0.02777778 0.8333333
vt 0.05555556 0.8333333
vt 0.08333334 0.8333333
vt 0.1111111 0.8333333
vt 0.1388889 0.8333333
vt 0.1666667 0.8333333
vt 0.1944444 0.8333333
vt 0.2222222 0.8333333
vt 0.25 0.8333333
vt 0.2777778 0.8333333
vt 0.3055556 0.8333333
vt 0.3333333 0.8333333
vt 0.3611111 0.8333333
vt 0.3888889 0.8333333
vt 0.4166667 0.8333333
vt 0.4444444 0.8333333
vt 0.4722222 0.8333333
vt 0.5 0.8333333
vt 0.5277778 0.8333333
vt 0.5555556 0.8333333
vt 0.5833333 0.8333333
vt 0.6111111 0.8333333
vt 0.6388889 0.8333333
vt 0.6666667 0.8333333
vt 0.6944444 0.8333333
vt 0.7222222 0.8333333
vt 0.75 0.8333333
vt 0.7777778 0.8333333
vt 0.8055556 0.8333333
vt 0.8333333 0.8333333
vt 0.8611111 0.8333333
vt 0.8888889 0.8333333
vt 0.9166667 0.8333333
vt 0.9444444 0.8333333
vt 0.9722222 0.8333333
vt 1 0.8333333
vt 0 0.875
vt 0.02777778 0.875
vt 0.05555556 0.875
vt 0.08333334 0.875
vt 0.1111111 0.875
vt 0.1388889 0.875
vt 0.1666667 0.875
vt 0.1944444 0.875
vt 0.2222222 0.875
vt 0.25 0.875
vt 0.2777778 0.875
vt 0.3055556 0.875
vt 0.3333333 0.875
vt 0.3611111 0.875
vt 0.3888889 0.875
vt 0.4166667 0.875
vt 0.4444444 0.875
vt 0.4722222 0.875
vt 0.5 0.875
vt 0.5277778 0.875
vt 0.5555556 0.875
vt 0.5833333 0.875
vt 0.6111111 0.875
vt 0.6388889 0.875
vt 0.6666667 0.875
vt 0.6944444 0.875
vt 0.7222222 0.875
vt 0.75 0.875
vt 0.7777778 0.875
vt 0.8055556 0.875
vt 0.8333333 0.875
vt 0.8611111 0.875
vt 0.8888889 0.875
vt 0.9166667 0.875
vt 0.9444444 0.875
vt 0.9722222 0.875
vt 1 0.875
vt 0 0.9166667
vt 0.02777778 0.9166667
vt 0.05555556 0.9166667
vt 0.08333334 0.9166667
vt 0.1111111 0.9166667
vt 0.1388889 0.9166667
vt 0.1666667 0.9166667
vt 0.1944444 0.9166667
vt 0.2222222 0.9166667
vt 0.25 0.9166667
vt 0.2777778 0.9166667
vt 0.3055556 0.9166667
vt 0.3333333 0.9166667
vt 0.3611111 0.9166667
vt 0.3888889 0.9166667
vt 0.4166667 0.9166667
vt 0.4444444 0.9166667
vt 0.4722222 0.9166667
vt 0.5 0.9166667
vt 0.5277778 0.9166667
vt 0.5555556 0.9166667
vt 0.5833333 0.9166667
vt 0.6111111 0.9166667
vt 0.6388889 0.9166667
vt 0.6666667 0.9166667
vt 0.6944444 0.9166667
vt 0.7222222 0.9166667
vt 0.75 0.9166667
vt 0.7777778 0.9166667
vt 0.8055556 0.9166667
vt 0.8333333 0.9166667
vt 0.8611111 0.9166667
vt 0.8888889 0.9166667
vt 0.9166667 0.9166667
vt 0.9444444 0.9166667
vt 0.9722222 0.9166667
vt 1 0.9166667
vt 0 0.9583333
vt 0.02777778 0.9583333
vt 0.05555556 0.9583333
vt 0.08333334 0.9583333
vt 0.1111111 0.9583333
vt 0.1388889 0.9583333
vt 0.1666667 0.9583333
vt 0.1944444 0.9583333
vt 0.2222222 0.9583333
vt 0.25 0.9583333
vt 0.2777778 0.9583333
vt 0.3055556 0.9583333
vt 0.3333333 0.9583333
vt 0.3611111 0.9583333
vt 0.3888889 0.9583333
vt 0.4166667 0.9583333
vt 0.4444444 0.9583333
vt 0.4722222 0.9583333
vt 0.5 0.9583333
vt 0.5277778 0.9583333
vt 0.5555556 0.9583333
vt 0.5833333 0.9583333
vt 0.6111111 0.9583333
vt 0.6388889 0.9583333
vt 0.6666667 0.9583333
vt 0.6944444 0.9583333
vt 0.7222222 0.9583333
vt 0.75 0.9583333
vt 0.7777778 0.9583333
vt 0.8055556 0.9583333
vt 0.8333333 0.9583333
vt 0.8611111 0.9583333
vt 0.8888889 0.9583333
vt 0.9166667 0.9583333
vt 0.9444444 0.9583333
vt 0.9722222 0.9583333
vt 1 0.9583333
vt 0 1
vt 0.02777778 1
vt 0.05555556 1
vt 0.08333334 1
vt 0.1111111 1
vt 0.1388889 1
vt 0.1666667 1
vt 0.1944444 1
vt 0.2222222 1
vt 0.25 1
vt 0.2777778 1
vt 0.3055556 1
vt 0.3333333 1
vt 0.3611111 1
vt 0.3888889 1
vt 0.4166667 1
vt 0.4444444 1
vt 0.4722222 1
vt 0.5 1
vt 0.5277778 1
vt 0.5555556 1
vt 0.5833333 1
vt 0.6111111 1
vt 0.6388889 1
vt 0.6666667 1
vt 0.6944444 1
vt 0.7222222 1
vt 0.75 1
vt 0.7777778 1
vt 0.8055556 1
vt 0.8333333 1
vt 0.8611111 1
vt 0.8888889 1
vt 0.9166667 1
vt 0.9444444 1
vt 0.9722222 1
vt 1 1
vn 0 1 0
vn 0 1 0
vn 0 1 0
vn 0 1 0
vn 0 1 0
vn 0 1 0
vn 0 1 0
vn 0 1 0
vn 0 1 0
vn 0 1 0
vn 0 1 0
vn 0 1 0
vn 0 1 0
vn 0 1 0
vn 0 1 0
vn 0 1 0
vn 0 1 0
vn 0 1 0
vn 0 1 0
vn 0 1 0
vn 0 1 0
vn 0 1 0
vn 0 1 0
vn 0 1 0
vn 0 1 0
vn 0 1 0
vn 0 1 0
vn 0 1 0
vn 0 1 0
vn 0 1 0
vn 0 1 0
vn 0 1 0
vn 0 1 0
vn 0 1 0
vn 0 1 0
vn 0 1 0
vn 0 1 0
vn 0.1305335 0.9914439 0
vn 0.1282151 0.9888774 0.07538068
vn 0.1214439 0.9816026 0.1473352
vn 0.1106866 0.9707577 0.2130211
vn 0.09661388 0.9579353 0.2702327
vn 0.07996099 0.9448333 0.3176416
vn 0.06141926 0.9329966 0.3546056
vn 0.04159106 0.9236708 0.380923
vn 0.02098091 0.9177321 0.3966456
vn 0 0.9156973 0.4018688
vn -0.02098079 0.9177343 0.3966403
vn -0.04159436 0.9236721 0.3809195
vn -0.06141926 0.9329966 0.3546056
vn -0.07996099 0.9448333 0.3176416
vn -0.09661487 0.9579362 0.2702293
vn -0.1106874 0.9707584 0.2130171
vn -0.1214436 0.9816024 0.1473372
vn -0.1282176 0.9888801 0.07534117
vn -0.1305335 0.9914439 0
vn -0.1282156 0.9888779 -0.0753734
vn -0.1214434 0.9816023 -0.147338
vn -0.1106874 0.9707586 -0.2130167
vn -0.09661494 0.9579362 -0.2702291
vn -0.07995856 0.9448316 -0.3176474
vn -0.06142204 0.9329981 -0.3546011
vn -0.04159345 0.9236718 -0.3809205
vn -0.02098286 0.9177324 -0.3966446
vn 0 0.9156973 -0.4018688
vn 0.02098107 0.9177321 -0.3966455
vn 0.04159226 0.9236713 -0.3809218
vn 0.06142204 0.9329981 -0.3546011
vn 0.07996296 0.9448348 -0.3176368
vn 0.09661396 0.9579353 -0.2702325
vn 0.1106848 0.9707572 -0.2130246
vn 0.1214435 0.9816024 -0.147337
vn 0.1282182 0.9888783 -0.07536509
vn 0.1305335 0.9914439 0
vn 0.2588393 0.9659203 0
vn 0.2523406 0.9562014 0.148334
vn 0.2341308 0.929788 0.2840371
vn 0.2072923 0.8932331 0.3989541
vn 0.1752679 0.8537985 0.4902135
vn 0.1407379 0.8170713 0.5590952
vn 0.1053904 0.7865572 0.6084576
vn 0.07002138 0.7640625 0.6413311
vn 0.0349098 0.7503781 0.6600864
vn 0 0.7457961 0.6661743
vn -0.03492239 0.7503814 0.660082
vn -0.07002728 0.7640646 0.6413279
vn -0.1053873 0.7865549 0.6084611
vn -0.1407379 0.8170713 0.5590952
vn -0.1752701 0.853801 0.4902084
vn -0.2072969 0.8932391 0.3989384
vn -0.2341295 0.9297874 0.2840401
vn -0.2523431 0.9562054 0.148304
vn -0.2588393 0.9659203 0
vn -0.2523417 0.9562035 -0.1483186
vn -0.2341298 0.9297865 -0.2840427
vn -0.2072944 0.8932359 -0.3989469
vn -0.1752703 0.8538012 -0.490208
vn -0.140733 0.8170666 -0.5591033
vn -0.1053871 0.7865547 -0.6084614
vn -0.07003149 0.7640668 -0.6413249
vn -0.03492541 0.7503822 -0.6600809
vn 0 0.7457961 -0.6661742
vn 0.03492213 0.7503813 -0.6600821
vn 0.07002358 0.7640626 -0.6413306
vn 0.1053902 0.786557 -0.6084578
vn 0.1407419 0.8170751 -0.5590886
vn 0.1752681 0.8537987 -0.4902132
vn 0.2072944 0.8932359 -0.3989469
vn 0.2341301 0.929787 -0.2840408
vn 0.252339 0.9561995 -0.1483496
vn 0.2588394 0.9659203 0
vn 0.3826814 0.9238805 0
vn 0.3687212 0.903912 0.2167667
vn 0.3320002 0.8529627 0.4027784
vn 0.2831145 0.7892637 0.5448935
vn 0.2309144 0.7277123 0.645843
vn 0.1799316 0.6757978 0.714788
vn 0.1317085 0.6359488 0.7604091
vn 0.08615455 0.6081936 0.7890995
vn 0.04257608 0.5919288 0.804865
vn 0 0.5865792 0.8098918
vn -0.04257652 0.591929 0.8048648
vn -0.0861646 0.6081963 0.7890963
vn -0.1317057 0.6359468 0.7604113
vn -0.1799287 0.6757904 0.7147959
vn -0.2309089 0.7277241 0.6458318
vn -0.2831252 0.789277 0.5448688
vn -0.3319998 0.852959 0.4027868
vn -0.3687299 0.9039244 0.2167005
vn -0.3826813 0.9238804 0
vn -0.3687176 0.903907 -0.2167934
vn -0.3320002 0.8529627 -0.4027783
vn -0.2831239 0.7892755 -0.5448716
vn -0.23091 0.7277128 -0.6458442
vn -0.1799224 0.675801 -0.7147874
vn -0.131704 0.6359456 -0.7604126
vn -0.08616888 0.6082007 -0.7890924
vn -0.0425755 0.5919287 -0.8048651
vn 0 0.5865793 -0.8098918
vn 0.04257558 0.5919418 -0.8048554
vn 0.08615901 0.6081958 -0.7890972
vn 0.1317068 0.6359476 -0.7604104
vn 0.1799444 0.6758097 -0.7147737
vn 0.2309038 0.7277184 -0.64584
vn 0.2831239 0.7892755 -0.5448716
vn 0.3319998 0.852959 -0.4027868
vn 0.3687272 0.9039207 -0.2167202
vn 0.3826814 0.9238805 0
vn 0.5000026 0.866024 0
vn 0.474645 0.8347889 0.2789975
vn 0.4127722 0.7608113 0.5007846
vn 0.3389537 0.677912 0.6523387
vn 0.2678794 0.6056848 0.7492574
vn 0.2039468 0.5495551 0.810182
vn 0.1469119 0.5089098 0.8481908
vn 0.09511909 0.481706 0.8711554
vn 0.04672996 0.4661444 0.8834738
vn 0 0.4610815 0.8873578
vn -0.04673033 0.4661444 0.8834736
vn -0.09512755 0.4817096 0.8711525
vn -0.1469092 0.5089117 0.8481901
vn -0.2039468 0.5495551 0.810182
vn -0.2678839 0.605689 0.7492523
vn -0.3389619 0.6779208 0.6523252
vn -0.4127701 0.7608087 0.5007904
vn -0.4746553 0.8348016 0.2789423
vn -0.5000026 0.866024 0
vn -0.4746413 0.8347844 -0.279017
vn -0.412769 0.7608075 -0.5007932
vn -0.3389605 0.6779144 -0.6523326
vn -0.2678843 0.6056894 -0.7492518
vn -0.2039381 0.5495481 -0.8101889
vn -0.1469092 0.5089081 -0.8481924
vn -0.09512522 0.4817086 -0.8711533
vn -0.04673529 0.4661455 -0.8834728
vn 0 0.4610814 -0.8873578
vn 0.04673033 0.4661444 -0.8834736
vn 0.09512369 0.481708 -0.8711538
vn 0.1469116 0.5089096 -0.848191
vn 0.2039538 0.5495606 -0.8101765
vn 0.2678797 0.6056851 -0.749257
vn 0.3389591 0.6779177 -0.6523299
vn 0.4127701 0.7608087 -0.5007904
vn 0.4746473 0.8347918 -0.2789847
vn 0.5000025 0.8660239 0
vn 0.6087568 0.7933569 0
vn 0.5682759 0.7520003 0.334003
vn 0.4770011 0.6615142 0.5786786
vn 0.3788229 0.5700635 0.7290547
vn 0.2921344 0.4970011 0.8170969
vn 0.2187825 0.4435832 0.8691191
vn 0.1559178 0.4064446 0.9002736
vn 0.1003051 0.3822165 0.9186127
vn 0.04910557 0.3685586 0.9283067
vn 0 0.3641312 0.9313477
vn -0.04909183 0.3685305 0.9283185
vn -0.1003047 0.3821938 0.9186222
vn -0.1559347 0.4064289 0.9002776
vn -0.2187825 0.4435832 0.8691191
vn -0.292133 0.496989 0.8171048
vn -0.3788229 0.5700635 0.7290547
vn -0.4769536 0.6615151 0.5787168
vn -0.5682871 0.7520117 0.3339581
vn -0.6087568 0.793357 0
vn -0.5682611 0.7519866 -0.334059
vn -0.4769896 0.6615069 -0.5786964
vn -0.3788063 0.5700487 -0.729075
vn -0.2921391 0.4970048 -0.817093
vn -0.2187681 0.4435738 -0.8691277
vn -0.1559283 0.40645 -0.9002693
vn -0.1003037 0.3822161 -0.9186131
vn -0.04909337 0.3685559 -0.9283084
vn 0 0.3641312 -0.9313477
vn 0.04909131 0.3685555 -0.9283086
vn 0.1003184 0.3822235 -0.9186084
vn 0.1559326 0.4064523 -0.9002675
vn 0.2187877 0.4435867 -0.8691161
vn 0.2921351 0.4969906 -0.8171031
vn 0.3788304 0.5700701 -0.7290457
vn 0.4769972 0.6615142 -0.5786818
vn 0.5682669 0.7520437 -0.3339207
vn 0.6087567 0.7933569 0
vn 0.7071068 0.7071068 0
vn 0.6486545 0.6586582 0.3813355
vn 0.5267095 0.5604841 0.639089
vn 0.4069934 0.4699548 0.7832617
vn 0.3082104 0.4023336 0.8620522
vn 0.2282085 0.3550286 0.9065735
vn 0.1615053 0.3230246 0.932508
vn 0.1034649 0.3025054 0.9475154
vn 0.05053635 0.2910544 0.9553708
vn 0 0.2873479 0.9578263
vn -0.05053729 0.2910316 0.9553778
vn -0.1034801 0.3024885 0.9475191
vn -0.1615151 0.3230286 0.9325048
vn -0.2282085 0.3550286 0.9065735
vn -0.3082086 0.4023325 0.8620533
vn -0.4069934 0.4699548 0.7832617
vn -0.5267206 0.5605361 0.6390342
vn -0.6486922 0.6586893 0.3812176
vn -0.7071068 0.7071068 0
vn -0.648639 0.6586444 -0.3813856
vn -0.5266929 0.5605143 -0.6390762
vn -0.4069836 0.4699477 -0.783271
vn -0.3082221 0.4023412 -0.8620445
vn -0.2282015 0.3550472 -0.906568
vn -0.1615206 0.323031 -0.9325032
vn -0.1034612 0.3025065 -0.9475155
vn -0.05053702 0.2910545 -0.9553708
vn 0 0.2873479 -0.9578263
vn 0.050537 0.2910315 -0.9553778
vn 0.1034589 0.3025037 -0.9475167
vn 0.1615206 0.323031 -0.9325032
vn 0.2282204 0.355035 -0.906568
vn 0.3081992 0.4023265 -0.8620596
vn 0.407008 0.4699653 -0.7832478
vn 0.5266888 0.560515 -0.639079
vn 0.6486536 0.6587107 -0.3812463
vn 0.7071068 0.7071068 0
vn 0.7933335 0.6087874 0
vn 0.715619 0.5576366 0.4206315
vn 0.5644307 0.4609567 0.6847897
vn 0.4268105 0.3781893 0.8214657
vn 0.3189806 0.3195599 0.8922628
vn 0.2343571 0.2797986 0.9310153
vn 0.1651029 0.2533753 0.9531747
vn 0.105458 0.2366363 0.9658581
vn 0.05143308 0.2273311 0.9724584
vn 0 0.2243454 0.9745097
vn -0.05143308 0.2273311 0.9724584
vn -0.1054701 0.2366351 0.965857
vn -0.1650992 0.2533741 0.9531757
vn -0.2343816 0.279809 0.931006
vn -0.3190047 0.3195519 0.892257
vn -0.4268276 0.3781991 0.8214521
vn -0.5644307 0.4609567 0.6847897
vn -0.71566 0.5576633 0.4205264
vn -0.7933335 0.6087873 0
vn -0.7156019 0.5576254 -0.4206754
vn -0.5644504 0.4609185 -0.684799
vn -0.4268249 0.3781976 -0.8214542
vn -0.3190058 0.3195727 -0.8922492
vn -0.2343669 0.2797851 -0.9310169
vn -0.165097 0.2533734 -0.9531762
vn -0.1054733 0.2366398 -0.9658556
vn -0.05144362 0.2273333 -0.9724572
vn 0 0.2243454 -0.9745097
vn 0.05143359 0.2273312 -0.9724582
vn 0.1054619 0.2366113 -0.9658638
vn 0.1651007 0.2533745 -0.9531753
vn 0.2343828 0.2797918 -0.9310109
vn 0.3190165 0.3195579 -0.8922507
vn 0.4268194 0.3782267 -0.8214437
vn 0.5644425 0.4609213 -0.6848038
vn 0.7156194 0.5576369 -0.4206304
vn 0.7933335 0.6087874 0
vn 0.866016 0.5000162 0
vn 0.7694094 0.4510966 0.45224
vn 0.5924054 0.3639826 0.7187299
vn 0.4407334 0.2938407 0.8481814
vn 0.3263049 0.2459374 0.9127102
vn 0.238458 0.2141816 0.9472402
vn 0.167448 0.1933607 0.9667331
vn 0.1067745 0.1802564 0.9778072
vn 0.05201906 0.1729922 0.9835485
vn 0 0.1706712 0.985328
vn -0.05202002 0.1729923 0.9835485
vn -0.106777 0.180236 0.9778106
vn -0.1674329 0.1933569 0.9667364
vn -0.238458 0.2141816 0.9472402
vn -0.3263256 0.2459492 0.9126996
vn -0.4407504 0.2938482 0.84817
vn -0.5923899 0.3640171 0.718725
vn -0.7694535 0.4511187 0.4521428
vn -0.866016 0.5000162 0
vn -0.7693909 0.4510897 -0.4522782
vn -0.592384 0.3639723 -0.7187526
vn -0.4407307 0.2938395 -0.8481832
vn -0.3263131 0.2459406 -0.9127064
vn -0.238443 0.2141768 -0.9472451
vn -0.1674426 0.1933593 -0.9667343
vn -0.1067643 0.1802546 -0.9778086
vn -0.05202835 0.1729939 -0.9835477
vn 0 0.1706712 -0.985328
vn 0.05202002 0.1729923 -0.9835485
vn 0.1067739 0.1802355 -0.9778111
vn 0.1674426 0.1933593 -0.9667343
vn 0.2384685 0.2141851 -0.9472368
vn 0.3263061 0.245961 -0.9127035
vn 0.4407307 0.2938395 -0.8481832
vn 0.5923992 0.3639796 -0.7187364
vn 0.7694129 0.4510983 -0.4522324
vn 0.866016 0.5000162 0
vn 0.9238805 0.3826814 0
vn 0.8104633 0.3408784 0.4763938
vn 0.6124145 0.2699526 0.7430168
vn 0.4502653 0.2153474 0.8665372
vn 0.3312089 0.1790958 0.9264045
vn 0.2411518 0.1554011 0.9579647
vn 0.1689791 0.1399825 0.9756285
vn 0.107617 0.130353 0.9856098
vn 0.05240513 0.1250138 0.99077
vn 0 0.1233148 0.9923676
vn -0.05240558 0.1250138 0.99077
vn -0.1076298 0.1303383 0.9856103
vn -0.1689759 0.1399819 0.9756292
vn -0.2411518 0.1554011 0.9579647
vn -0.3312164 0.1790979 0.9264014
vn -0.4502821 0.2153528 0.8665271
vn -0.6124026 0.2699822 0.7430159
vn -0.8105077 0.3408947 0.4763067
vn -0.9238805 0.3826814 0
vn -0.8104812 0.3408849 -0.4763588
vn -0.6124002 0.2699401 -0.7430332
vn -0.4502626 0.2153465 -0.8665388
vn -0.3312323 0.1791024 -0.9263949
vn -0.2411394 0.1553981 -0.9579682
vn -0.1689786 0.1399824 -0.9756285
vn -0.1076286 0.1303545 -0.9856083
vn -0.05241256 0.1250143 -0.9907696
vn 0 0.1233148 -0.9923676
vn 0.05240513 0.1250138 -0.99077
vn 0.1076269 0.130338 -0.9856107
vn 0.1689819 0.139983 -0.975628
vn 0.2411499 0.1554006 -0.9579653
vn 0.3312095 0.1790959 -0.9264043
vn 0.4502694 0.2153487 -0.8665347
vn 0.6124095 0.2699433 -0.7430243
vn 0.8104687 0.3408804 -0.4763833
vn 0.9238805 0.3826814 0
vn 0.9659162 0.2588552 0
vn 0.839303 0.2284048 0.4933576
vn 0.6258048 0.178509 0.7592779
vn 0.4564577 0.1412309 0.8784647
vn 0.3343449 0.1169578 0.9351654
vn 0.2428601 0.1012645 0.9647614
vn 0.1699523 0.09107939 0.9812343
vn 0.1081567 0.08476209 0.9905137
vn 0.05264603 0.0812569 0.9953018
vn 0 0.08013821 0.9967837
vn -0.05264603 0.0812569 0.9953018
vn -0.108167 0.08476294 0.9905126
vn -0.1699492 0.09107903 0.9812349
vn -0.2428606 0.1012457 0.9647632
vn -0.3343512 0.1169808 0.9351603
vn -0.4564742 0.1412344 0.8784556
vn -0.6257921 0.1785061 0.7592891
vn -0.8393515 0.2284164 0.4932698
vn -0.9659162 0.2588552 0
vn -0.8392848 0.2284004 -0.4933906
vn -0.6258301 0.1785147 -0.7592557
vn -0.4564618 0.1412318 -0.8784624
vn -0.3343517 0.1169809 -0.9351601
vn -0.2428481 0.1012626 -0.9647645
vn -0.1699518 0.09107934 -0.9812344
vn -0.108166 0.08476285 -0.9905126
vn -0.0526523 0.08125716 -0.9953014
vn 0 0.08013821 -0.9967837
vn 0.05264647 0.08125693 -0.9953018
vn 0.1081521 0.0847617 -0.9905143
vn 0.1699549 0.09107972 -0.9812338
vn 0.2428601 0.1012645 -0.9647614
vn 0.3343445 0.1169795 -0.9351628
vn 0.4564618 0.1412318 -0.8784624
vn 0.6257992 0.1785003 -0.7592845
vn 0.8393121 0.228407 -0.4933411
vn 0.9659162 0.2588552 0
vn 0.9914439 0.1305334 0
vn 0.8564277 0.1145173 0.5034057
vn 0.6335117 0.0887816 0.7686227
vn 0.4599403 0.06993978 0.8851911
vn 0.3360868 0.05776644 0.9400578
vn 0.2438153 0.04994141 0.968535
vn 0.1704941 0.0449039 0.984335
vn 0.108452 0.0417576 0.9932242
vn 0.05277672 0.04002622 0.9978038
vn 0 0.03946721 0.9992208
vn -0.05277714 0.04002622 0.9978038
vn -0.1084619 0.04175801 0.9932231
vn -0.170491 0.04490371 0.9843356
vn -0.2438153 0.04994141 0.968535
vn -0.3360939 0.0577671 0.9400552
vn -0.4599566 0.06994147 0.8851824
vn -0.6335053 0.08878087 0.768628
vn -0.8564758 0.1145229 0.5033225
vn -0.9914439 0.1305335 0
vn -0.8564089 0.1145151 -0.5034383
vn -0.6335021 0.08878053 -0.7686306
vn -0.459951 0.06994089 -0.8851855
vn -0.3360944 0.05776715 -0.940055
vn -0.2438035 0.0499405 -0.968538
vn -0.1704906 0.04490369 -0.9843356
vn -0.1084592 0.0417579 -0.9932235
vn -0.05278327 0.04002636 -0.9978035
vn 0 0.03946721 -0.9992208
vn 0.05277757 0.04002624 -0.9978038
vn 0.1084574 0.04175437 -0.9932238
vn 0.1704936 0.04490387 -0.984335
vn 0.2438248 0.04994214 -0.9685326
vn 0.3360873 0.05776649 -0.9400577
vn 0.4599519 0.06991169 -0.8851873
vn 0.6335053 0.08878087 -0.768628
vn 0.856437 0.1145184 -0.5033896
vn 0.9914439 0.1305335 0
vn 1 0 0
vn 0.8620972 0 0.5067429
vn 0.636039 0 0.7716569
vn 0.4610718 0 0.8873628
vn 0.3366568 0 0.9416274
vn 0.2441139 0 0.9697465
vn 0.1706652 0 0.9853291
vn 0.1085422 0 0.9940919
vn 0.05281961 0 0.9986041
vn 0 0 1
vn -0.05282003 0 0.9986041
vn -0.1085521 0 0.9940908
vn -0.1706621 0 0.9853297
vn -0.2441139 0 0.9697465
vn -0.3366639 0 0.9416249
vn -0.4610881 0 0.8873543
vn -0.6360326 0 0.7716622
vn -0.8621458 0 0.5066602
vn -1 -0 -0
vn -0.86208 -0 -0.5067722
vn -0.6360296 -0 -0.7716647
vn -0.4610825 -0 -0.8873573
vn -0.3366644 -0 -0.9416247
vn -0.2441022 -0 -0.9697496
vn -0.1706617 -0 -0.9853297
vn -0.1085493 -0 -0.994091
vn -0.05282568 -0 -0.9986038
vn 0 0 -1
vn 0.05282003 0 -0.9986041
vn 0.1085476 0 -0.9940912
vn 0.1706647 0 -0.9853291
vn 0.2441233 0 -0.9697442
vn 0.3366573 0 -0.9416273
vn 0.4610825 0 -0.8873573
vn 0.6360326 0 -0.7716622
vn 0.8621084 0 -0.5067238
vn 1 0 0
vn 0.991446 -0.1305171 0
vn 0.8564274 -0.1145027 0.5034097
vn 0.6335059 -0.08876964 0.7686288
vn 0.4599405 -0.0699309 0.8851917
vn 0.3360993 -0.05776024 0.9400537
vn 0.2438058 -0.04993432 0.9685377
vn 0.1704941 -0.04489818 0.9843352
vn 0.1084538 -0.04175236 0.9932243
vn 0.05277716 -0.04002113 0.997804
vn 0 -0.03946218 0.999221
vn -0.05277758 -0.04002114 0.997804
vn -0.1084638 -0.04175277 0.9932231
vn -0.1704911 -0.044898 0.9843358
vn -0.2438058 -0.04993432 0.9685377
vn -0.3361064 -0.05776089 0.9400512
vn -0.4599569 -0.06993259 0.885183
vn -0.6334996 -0.08876894 0.7686341
vn -0.8564755 -0.1145083 0.5033264
vn -0.991446 -0.1305171 -0
vn -0.8564103 -0.1145006 -0.5034391
vn -0.6334965 -0.08876859 -0.7686367
vn -0.4599512 -0.069932 -0.885186
vn -0.3361069 -0.05776094 -0.940051
vn -0.2437941 -0.04993342 -0.9685407
vn -0.1704906 -0.04489797 -0.9843358
vn -0.108461 -0.04175267 -0.9932235
vn -0.05278328 -0.04002126 -0.9978037
vn 0 -0.03946218 -0.999221
vn 0.05277758 -0.04002114 -0.997804
vn 0.1084592 -0.04174913 -0.9932239
vn 0.1704937 -0.04489815 -0.9843354
vn 0.2438154 -0.04993506 -0.9685353
vn 0.3360998 -0.05776028 -0.9400535
vn 0.4599522 -0.06990281 -0.8851879
vn 0.6334996 -0.08876894 -0.7686341
vn 0.8564385 -0.114504 -0.5033904
vn 0.991446 -0.1305171 0
vn 0.9659331 -0.2587919 0
vn 0.8393145 -0.2283481 0.4933644
vn 0.62581 -0.1784637 0.7592843
vn 0.4564601 -0.1411947 0.8784693
vn 0.334346 -0.1169276 0.9351687
vn 0.2428608 -0.1012382 0.9647639
vn 0.1699526 -0.09105574 0.9812365
vn 0.108157 -0.08474006 0.9905157
vn 0.05264612 -0.08123576 0.9953036
vn 0 -0.08011735 0.9967854
vn -0.05264612 -0.08123576 0.9953036
vn -0.1081672 -0.08474089 0.9905144
vn -0.1699495 -0.09105536 0.9812371
vn -0.2428612 -0.1012195 0.9647658
vn -0.3343524 -0.1169506 0.9351637
vn -0.4564766 -0.1411981 0.8784601
vn -0.6257973 -0.1784609 0.7592954
vn -0.839363 -0.2283597 0.4932764
vn -0.9659331 -0.2587919 -0
vn -0.8392962 -0.2283438 -0.4933974
vn -0.6258353 -0.1784695 -0.759262
vn -0.4564641 -0.1411955 -0.878467
vn -0.3343529 -0.1169507 -0.9351634
vn -0.2428488 -0.1012364 -0.9647672
vn -0.1699522 -0.09105569 -0.9812366
vn -0.1081662 -0.08474082 -0.9905146
vn -0.05265239 -0.08123603 -0.9953033
vn 0 -0.08011735 -0.9967854
vn 0.05264655 -0.08123577 -0.9953035
vn 0.1081523 -0.08473967 -0.9905161
vn 0.1699553 -0.09105607 -0.9812359
vn 0.2428608 -0.1012382 -0.9647639
vn 0.3343457 -0.1169493 -0.9351662
vn 0.4564641 -0.1411955 -0.878467
vn 0.6258044 -0.178455 -0.7592908
vn 0.8393235 -0.2283503 -0.4933478
vn 0.9659331 -0.2587919 0
vn 0.9238989 -0.3826367 0
vn 0.8104762 -0.3408372 0.4764014
vn 0.6124206 -0.2699183 0.7430242
vn 0.4502682 -0.2153193 0.8665427
vn 0.3312104 -0.1790721 0.9264086
vn 0.2411526 -0.1553803 0.9579678
vn 0.1689796 -0.1399637 0.9756311
vn 0.1076173 -0.1303355 0.9856121
vn 0.05240525 -0.124997 0.9907722
vn 0 -0.1232982 0.9923697
vn -0.0524057 -0.124997 0.9907722
vn -0.1076301 -0.1303208 0.9856127
vn -0.1689763 -0.1399631 0.9756318
vn -0.2411526 -0.1553803 0.9579678
vn -0.3312178 -0.1790741 0.9264055
vn -0.4502849 -0.2153247 0.8665326
vn -0.6124087 -0.2699479 0.7430233
vn -0.8105206 -0.3408535 0.4763142
vn -0.923899 -0.3826367 -0
vn -0.8104941 -0.3408437 -0.4763664
vn -0.6124064 -0.2699058 -0.7430406
vn -0.4502655 -0.2153185 -0.8665442
vn -0.3312337 -0.1790787 -0.926399
vn -0.2411402 -0.1553774 -0.9579714
vn -0.1689791 -0.1399636 -0.9756312
vn -0.1076288 -0.130337 -0.9856107
vn -0.05241267 -0.1249974 -0.9907717
vn 0 -0.1232982 -0.9923697
vn 0.05240525 -0.124997 -0.9907722
vn 0.1076271 -0.1303204 -0.985613
vn 0.1689823 -0.1399642 -0.9756305
vn 0.2411507 -0.1553798 -0.9579684
vn 0.3312109 -0.1790722 -0.9264084
vn 0.4502723 -0.2153207 -0.8665402
vn 0.6124157 -0.2699091 -0.7430318
vn 0.8104817 -0.3408391 -0.4763908
vn 0.923899 -0.3826367 0
vn 0.8660165 -0.5000153 0
vn 0.7694087 -0.4510982 0.4522396
vn 0.5924094 -0.3639935 0.7187209
vn 0.4407366 -0.2938184 0.8481874
vn 0.3263179 -0.2459471 0.9127029
vn 0.2384473 -0.2141822 0.9472428
vn 0.1674361 -0.1933627 0.9667347
vn 0.1067637 -0.1802343 0.9778125
vn 0.05201952 -0.172993 0.9835484
vn 0 -0.1706708 0.9853281
vn -0.05202001 -0.172993 0.9835483
vn -0.1067749 -0.1802401 0.9778102
vn -0.1674334 -0.1933414 0.9667394
vn -0.2384473 -0.2141822 0.9472428
vn -0.3263255 -0.2459501 0.9126995
vn -0.4407536 -0.2938259 0.848176
vn -0.5924326 -0.3639969 0.7187001
vn -0.7694529 -0.4511204 0.4521424
vn -0.8660167 -0.5000153 -0
vn -0.7693911 -0.4510894 -0.4522783
vn -0.5923899 -0.3639764 -0.7187457
vn -0.4407339 -0.2938172 -0.8481892
vn -0.3263127 -0.2459451 -0.9127054
vn -0.2384428 -0.2141807 -0.9472442
vn -0.1674424 -0.1933643 -0.9667333
vn -0.1067667 -0.1802349 -0.9778121
vn -0.05202835 -0.1729937 -0.9835477
vn 0 -0.1706708 -0.9853281
vn 0.05202002 -0.1729921 -0.9835485
vn 0.1067758 -0.1802402 -0.97781
vn 0.1674424 -0.1933643 -0.9667333
vn 0.2384683 -0.2141891 -0.9472359
vn 0.3263194 -0.2459671 -0.912697
vn 0.4407298 -0.2938467 -0.8481812
vn 0.5924034 -0.3639906 -0.7187275
vn 0.7694122 -0.4510999 -0.4522319
vn 0.8660167 -0.5000153 0
vn 0.7933356 -0.6087846 0
vn 0.7156197 -0.5576355 0.4206319
vn 0.5644296 -0.4609602 0.6847882
vn 0.4268087 -0.3781987 0.8214621
vn 0.3189811 -0.3195561 0.892264
vn 0.2343589 -0.2797747 0.931022
vn 0.1651026 -0.2533821 0.9531729
vn 0.105458 -0.2366344 0.9658586
vn 0.05143308 -0.2273315 0.9724582
vn 0 -0.2243439 0.9745101
vn -0.05143309 -0.2273305 0.9724585
vn -0.10547 -0.2366412 0.9658556
vn -0.1650989 -0.2533809 0.9531739
vn -0.2343818 -0.2798056 0.931007
vn -0.3190055 -0.3195444 0.8922594
vn -0.4268259 -0.3782085 0.8214487
vn -0.5644296 -0.4609602 0.6847882
vn -0.7156606 -0.5576622 0.4205267
vn -0.7933356 -0.6087846 -0
vn -0.7156026 -0.5576243 -0.4206758
vn -0.5644472 -0.4609284 -0.684795
vn -0.4268231 -0.3782069 -0.8214508
vn -0.3190088 -0.319546 -0.8922577
vn -0.2343662 -0.2797955 -0.9310139
vn -0.1650967 -0.2533802 -0.9531745
vn -0.1054733 -0.2366379 -0.965856
vn -0.05144365 -0.2273317 -0.9724576
vn 0 -0.2243439 -0.9745101
vn 0.05143359 -0.2273315 -0.9724582
vn 0.1054617 -0.2366173 -0.9658623
vn 0.1651004 -0.2533814 -0.9531735
vn 0.234382 -0.2798023 -0.9310079
vn 0.3190173 -0.3195504 -0.892253
vn 0.4268231 -0.3782069 -0.8214508
vn 0.5644435 -0.4609183 -0.684805
vn 0.715619 -0.5576375 -0.4206302
vn 0.7933356 -0.6087845 0
vn 0.7071068 -0.7071068 0
vn 0.648654 -0.6586589 0.3813353
vn 0.5267071 -0.5604896 0.6390861
vn 0.4069976 -0.4699379 0.7832697
vn 0.3082077 -0.4023512 0.8620449
vn 0.2282078 -0.3550359 0.9065708
vn 0.1615048 -0.3230336 0.932505
vn 0.1034647 -0.3025115 0.9475135
vn 0.05053632 -0.2910559 0.9553704
vn 0 -0.2873479 0.9578263
vn -0.05053727 -0.2910325 0.9553775
vn -0.10348 -0.3024926 0.9475179
vn -0.1615159 -0.3230153 0.9325094
vn -0.228207 -0.3550448 0.9065676
vn -0.3082094 -0.402327 0.8620555
vn -0.4069976 -0.4699379 0.7832697
vn -0.5267183 -0.5605416 0.6390313
vn -0.6486912 -0.6586906 0.381217
vn -0.7071068 -0.7071068 -0
vn -0.6486375 -0.6586464 -0.3813847
vn -0.5266892 -0.5605227 -0.6390718
vn -0.4069878 -0.4699308 -0.783279
vn -0.308221 -0.402349 -0.8620412
vn -0.2282039 -0.3550209 -0.9065777
vn -0.16152 -0.3230399 -0.9325001
vn -0.1034612 -0.3025084 -0.947515
vn -0.050537 -0.291056 -0.9553703
vn 0 -0.2873479 -0.9578263
vn 0.05053699 -0.291032 -0.9553776
vn 0.1034587 -0.3025098 -0.9475147
vn 0.16152 -0.3230399 -0.9325001
vn 0.228219 -0.3550513 -0.906562
vn 0.3082 -0.402321 -0.8620619
vn 0.4070121 -0.4699483 -0.7832558
vn 0.5266876 -0.5605175 -0.6390776
vn 0.6486525 -0.6587121 -0.3812457
vn 0.7071068 -0.7071068 0
vn 0.6087567 -0.7933569 0
vn 0.5682753 -0.7520009 0.3340027
vn 0.4769997 -0.6615167 0.5786769
vn 0.3787988 -0.570042 0.7290841
vn 0.2921344 -0.4970011 0.8170969
vn 0.2187825 -0.4435832 0.8691191
vn 0.1559329 -0.4064524 0.9002674
vn 0.1002902 -0.3822136 0.9186156
vn 0.04910558 -0.368558 0.9283069
vn 0 -0.3641312 0.9313477
vn -0.04909216 -0.3685305 0.9283185
vn -0.1003047 -0.3821938 0.9186222
vn -0.1559347 -0.4064289 0.9002776
vn -0.2187825 -0.4435832 0.8691191
vn -0.2921421 -0.4969961 0.8170972
vn -0.3788229 -0.5700635 0.7290547
vn -0.4769815 -0.6615421 0.5786628
vn -0.5682871 -0.7520117 0.3339581
vn -0.6087568 -0.7933569 -0
vn -0.5682617 -0.751986 -0.3340593
vn -0.4769754 -0.6615323 -0.5786792
vn -0.3788304 -0.5700701 -0.7290457
vn -0.2921467 -0.4970108 -0.8170866
vn -0.2187769 -0.4435697 -0.8691275
vn -0.1559434 -0.4064578 -0.9002631
vn -0.1003184 -0.3822235 -0.9186084
vn -0.04910827 -0.3685591 -0.9283063
vn 0 -0.3641312 -0.9313477
vn 0.0490913 -0.3685561 -0.9283084
vn 0.1003036 -0.3822183 -0.9186122
vn 0.1559478 -0.40646 -0.9002614
vn 0.2187966 -0.4435827 -0.8691159
vn 0.2921333 -0.4970002 -0.8170979
vn 0.3788304 -0.5700701 -0.7290457
vn 0.476983 -0.6615396 -0.5786645
vn 0.5682461 -0.7520214 -0.3340062
vn 0.6087568 -0.7933569 0
vn 0.5000015 -0.8660244 0
vn 0.4746423 -0.834791 0.2789959
vn 0.4127678 -0.7608172 0.5007793
vn 0.3389536 -0.6779122 0.6523384
vn 0.267879 -0.6056864 0.7492562
vn 0.2039465 -0.5495567 0.810181
vn 0.1469119 -0.5089101 0.8481907
vn 0.09511868 -0.4817128 0.8711517
vn 0.04672987 -0.4661474 0.8834721
vn 0 -0.4610824 0.8873574
vn -0.04673025 -0.4661475 0.883472
vn -0.09512715 -0.4817165 0.8711488
vn -0.1469091 -0.508912 0.8481901
vn -0.2039465 -0.5495567 0.810181
vn -0.2678835 -0.6056907 0.7492511
vn -0.3389619 -0.6779211 0.652325
vn -0.4127656 -0.7608146 0.5007851
vn -0.4746526 -0.8348036 0.2789407
vn -0.5000015 -0.8660244 -0
vn -0.4746386 -0.8347865 -0.2790155
vn -0.4127646 -0.7608134 -0.5007879
vn -0.3389604 -0.6779146 -0.6523324
vn -0.2678839 -0.605691 -0.7492507
vn -0.2039378 -0.5495498 -0.8101878
vn -0.1469091 -0.5089083 -0.8481923
vn -0.09512481 -0.4817154 -0.8711495
vn -0.04673522 -0.4661485 -0.8834712
vn 0 -0.4610824 -0.8873574
vn 0.04673025 -0.4661475 -0.883472
vn 0.09512328 -0.4817148 -0.8711501
vn 0.1469116 -0.5089098 -0.8481909
vn 0.2039535 -0.5495622 -0.8101755
vn 0.2678793 -0.6056867 -0.7492558
vn 0.338959 -0.677918 -0.6523297
vn 0.4127656 -0.7608146 -0.5007851
vn 0.4746447 -0.8347939 -0.2789832
vn 0.5000015 -0.8660244 0
vn 0.3826813 -0.9238805 0
vn 0.3687212 -0.903912 0.2167667
vn 0.3319903 -0.8529493 0.402815
vn 0.2831145 -0.7892637 0.5448935
vn 0.2308965 -0.7277104 0.6458519
vn 0.1799256 -0.675804 0.7147837
vn 0.1317085 -0.6359488 0.7604091
vn 0.08616442 -0.6081985 0.7890946
vn 0.0425761 -0.5919282 0.8048653
vn 0 -0.5865792 0.8098918
vn -0.04257608 -0.5919288 0.804865
vn -0.0861743 -0.6082034 0.7890898
vn -0.1317057 -0.6359468 0.7604113
vn -0.1799385 -0.6758159 0.7147693
vn -0.2309121 -0.7277151 0.6458408
vn -0.2831252 -0.789277 0.5448688
vn -0.3319983 -0.8529603 0.402785
vn -0.3687299 -0.9039244 0.2167005
vn -0.3826814 -0.9238805 -0
vn -0.3687176 -0.903907 -0.2167934
vn -0.3319903 -0.8529494 -0.4028149
vn -0.2831239 -0.7892755 -0.5448716
vn -0.2309163 -0.7277321 -0.6458201
vn -0.1799298 -0.6757962 -0.71479
vn -0.131704 -0.6359456 -0.7604126
vn -0.08615919 -0.6081936 -0.7890989
vn -0.0425755 -0.5919287 -0.8048651
vn 0 -0.5865792 -0.8098918
vn 0.04257558 -0.5919418 -0.8048554
vn 0.08616888 -0.6082007 -0.7890924
vn 0.1317068 -0.6359476 -0.7604104
vn 0.1799332 -0.675811 -0.7147751
vn 0.2309123 -0.72771 -0.6458464
vn 0.2831292 -0.7892666 -0.5448817
vn 0.3319885 -0.8529469 -0.4028217
vn 0.3687275 -0.9039211 -0.2167181
vn 0.3826814 -0.9238805 0
vn 0.2588509 -0.9659173 0
vn 0.2523582 -0.9561954 0.1483432
vn 0.234137 -0.9297751 0.2840745
vn 0.2072989 -0.8932261 0.3989666
vn 0.1752737 -0.853788 0.4902297
vn 0.1407422 -0.817059 0.5591121
vn 0.105393 -0.7865453 0.6084724
vn 0.0700305 -0.7640484 0.6413469
vn 0.03491096 -0.7503633 0.6601031
vn 0 -0.7457803 0.666192
vn -0.03492365 -0.7503559 0.6601109
vn -0.07003629 -0.7640514 0.6413427
vn -0.1053899 -0.7865431 0.608476
vn -0.1407422 -0.817059 0.5591121
vn -0.1752759 -0.8537905 0.4902246
vn -0.2073034 -0.893232 0.398951
vn -0.2341363 -0.929774 0.2840783
vn -0.2523609 -0.9561991 0.1483145
vn -0.2588509 -0.9659173 -0
vn -0.2523596 -0.9561972 -0.1483291
vn -0.2341367 -0.9297745 -0.2840764
vn -0.207301 -0.8932288 -0.3989593
vn -0.175276 -0.8537906 -0.4902242
vn -0.1407373 -0.8170543 -0.5591202
vn -0.1053897 -0.7865429 -0.6084762
vn -0.07003365 -0.7640499 -0.6413446
vn -0.03492629 -0.7503676 -0.6600974
vn 0 -0.7457803 -0.666192
vn 0.03492327 -0.7503667 -0.6600986
vn 0.07003259 -0.7640494 -0.6413454
vn 0.1053928 -0.7865452 -0.6084726
vn 0.1407461 -0.8170627 -0.5591055
vn 0.1752739 -0.8537881 -0.4902294
vn 0.207301 -0.8932288 -0.3989593
vn 0.2341363 -0.929774 -0.2840783
vn 0.2523495 -0.9561958 -0.1483557
vn 0.2588509 -0.9659173 0
vn 0.1305335 -0.9914439 0
vn 0.1282167 -0.9888792 0.07535531
vn 0.1214439 -0.9816026 0.1473352
vn 0.1106847 -0.9707559 0.2130303
vn 0.09661388 -0.9579353 0.2702327
vn 0.07996099 -0.9448333 0.3176416
vn 0.06141926 -0.9329966 0.3546056
vn 0.04159106 -0.9236708 0.380923
vn 0.02098091 -0.9177321 0.3966456
vn 0 -0.9156973 0.4018688
vn -0.02097367 -0.917733 0.3966439
vn -0.04159436 -0.9236721 0.3809195
vn -0.06142216 -0.9329981 0.3546009
vn -0.07996099 -0.9448333 0.3176416
vn -0.09661314 -0.9579346 0.2702352
vn -0.1106855 -0.9707566 0.2130264
vn -0.1214436 -0.9816024 0.1473372
vn -0.1282177 -0.9888802 0.07534061
vn -0.1305334 -0.9914439 -0
vn -0.1282156 -0.9888779 -0.0753734
vn -0.1214436 -0.9816025 -0.147336
vn -0.1106856 -0.9707568 -0.213026
vn -0.09661494 -0.9579362 -0.2702291
vn -0.07995658 -0.9448302 -0.3176521
vn -0.06142204 -0.9329981 -0.3546011
vn -0.04159345 -0.9236718 -0.3809205
vn -0.02098286 -0.9177324 -0.3966446
vn 0 -0.9156973 -0.4018688
vn 0.02097394 -0.9177307 -0.3966491
vn 0.04159286 -0.9236716 -0.3809212
vn 0.06142204 -0.9329981 -0.3546011
vn 0.07996296 -0.9448348 -0.3176368
vn 0.09661569 -0.9579369 -0.2702266
vn 0.1106867 -0.9707589 -0.2130153
vn 0.1214435 -0.9816024 -0.147337
vn 0.1282182 -0.9888783 -0.07536509
vn 0.1305335 -0.9914439 0
vn 0 1 0
vn 0 1 0
vn 0 1 0
vn 0 1 0
vn 0 1 0
vn 0 1 0
vn 0 1 0
vn 0 1 0
vn 0 1 0
vn 0 1 0
vn 0 1 0
vn 0 1 0
vn 0 1 0
vn 0 1 0
vn 0 1 0
vn 0 1 0
vn 0 1 0
vn 0 1 0
vn 0 1 0
vn 0 1 0
vn 0 1 0
vn 0 1 0
vn 0 1 0
vn 0 1 0
vn 0 1 0
vn 0 1 0
vn 0 1 0
vn 0 1 0
vn 0 1 0
vn 0 1 0
vn 0 1 0
vn 0 1 0
vn 0 1 0
vn 0 1 0
vn 0 1 0
vn 0 1 0
vn 0 1 0
f 1851/1851/1851 1852/1852/1852 1888/1888/1888
f 1852/1852/1852 1889/1889/1889 1888/1888/1888
f 1852/1852/1852 1853/1853/1853 1889/1889/1889
f 1853/1853/1853 1890/1890/1890 1889/1889/1889
f 1853/1853/1853 1854/1854/1854 1890/1890/1890
f 1854/1854/1854 1891/1891/1891 1890/1890/1890
f 1854/1854/1854 1855/1855/1855 1891/1891/1891
f 1855/1855/1855 1892/1892/1892 1891/1891/1891
f 1855/1855/1855 1856/1856/1856 1892/1892/1892
f 1856/1856/1856 1893/1893/1893 1892/1892/1892
f 1856/1856/1856 1857/1857/1857 1893/1893/1893
f 1857/1857/1857 1894/1894/1894 1893/1893/1893
f 1857/1857/1857 1858/1858/1858 1894/1894/1894
f 1858/1858/1858 1895/1895/1895 1894/1894/1894
f 1858/1858/1858 1859/1859/1859 1895/1895/1895
f 1859/1859/1859 1896/1896/1896 1895/1895/1895
f 1859/1859/1859 1860/1860/1860 1896/1896/1896
f 1860/1860/1860 1897/1897/1897 1896/1896/1896
f 1860/1860/1860 1861/1861/1861 1897/1897/1897
f 1861/1861/1861 1898/1898/1898 1897/1897/1897
f 1861/1861/1861 1862/1862/1862 1898/1898/1898
f 1862/1862/1862 1899/1899/1899 1898/1898/1898
f 1862/1862/1862 1863/1863/1863 1899/1899/1899
f 1863/1863/1863 1900/1900/1900 1899/1899/1899
f 1863/1863/1863 1864/1864/1864 1900/1900/1900
f 1864/1864/1864 1901/1901/1901 1900/1900/1900
f 1864/1864/1864 1865/1865/1865 1901/1901/1901
f 1865/1865/1865 1902/1902/1902 1901/1901/1901
f 1865/1865/1865 1866/1866/1866 1902/1902/1902
f 1866/1866/1866 1903/1903/1903 1902/1902/1902
f 1866/1866/1866 1867/1867/1867 1903/1903/1903
f 1867/1867/1867 1904/1904/1904 1903/1903/1903
f 1867/1867/1867 1868/1868/1868 1904/1904/1904
f 1868/1868/1868 1905/1905/1905 1904/1904/1904
f 1868/1868/1868 1869/1869/1869 1905/1905/1905
f 1869/1869/1869 1906/1906/1906 1905/1905/1905
f 1869/1869/1869 1870/1870/1870 1906/1906/1906
f 1870/1870/1870 1907/1907/1907 1906/1906/1906
f 1870/1870/1870 1871/1871/1871 1907/1907/1907
f 1871/1871/1871 1908/1908/1908 1907/1907/1907
f 1871/1871/1871 1872/1872/1872 1908/1908/1908
f 1872/1872/1872 1909/1909/1909 1908/1908/1908
f 1872/1872/1872 1873/1873/1873 1909/1909/1909
f 1873/1873/1873 1910/1910/1910 1909/1909/1909
f 1873/1873/1873 1874/1874/1874 1910/1910/1910
f 1874/1874/1874 1911/1911/1911 1910/1910/1910
f 1874/1874/1874 1875/1875/1875 1911/1911/1911
f 1875/1875/1875 1912/1912/1912 1911/1911/1911
f 1875/1875/1875 1876/1876/1876 1912/1912/1912
f 1876/1876/1876 1913/1913/1913 1912/1912/1912
f 1876/1876/1876 1877/1877/1877 1913/1913/1913
f 1877/1877/1877 1914/1914/1914 1913/1913/1913
f 1877/1877/1877 1878/1878/1878 1914/1914/1914
f 1878/1878/1878 1915/1915/1915 1914/1914/1914
f 1878/1878/1878 1879/1879/1879 1915/1915/1915
f 1879/1879/1879 1916/1916/1916 1915/1915/1915
f 1879/1879/1879 1880/1880/1880 1916/1916/1916
f 1880/1880/1880 1917/1917/1917 1916/1916/1916
f 1880/1880/1880 1881/1881/1881 1917/1917/1917
f 1881/1881/1881 1918/1918/1918 1917/1917/1917
f 1881/1881/1881 1882/1882/1882 1918/1918/1918
f 1882/1882/1882 1919/1919/1919 1918/1918/1918
f 1882/1882/1882 1883/1883/1883 1919/1919/1919
f 1883/1883/1883 1920/1920/1920 1919/1919/1919
f 1883/1883/1883 1884/1884/1884 1920/1920/1920
f 1884/1884/1884 1921/1921/1921 1920/1920/1920
f 1884/1884/1884 1885/1885/1885 1921/1921/1921
f 1885/1885/1885 1922/1922/1922 1921/1921/1921
f 1885/1885/1885 1886/1886/1886 1922/1922/1922
f 1886/1886/1886 1923/1923/1923 1922/1922/1922
f 1886/1886/1886 1887/1887/1887 1923/1923/1923
f 1887/1887/1887 1924/1924/1924 1923/1923/1923
f 1888/1888/1888 1889/1889/1889 1925/1925/1925
f 1889/1889/1889 1926/1926/1926 1925/1925/1925
f 1889/1889/1889 1890/1890/1890 1926/1926/1926
f 1890/1890/1890 1927/1927/1927 1926/1926/1926
f 1890/1890/1890 1891/1891/1891 1927/1927/1927
f 1891/1891/1891 1928/1928/1928 1927/1927/1927
f 1891/1891/1891 1892/1892/1892 1928/1928/1928
f 1892/1892/1892 1929/1929/1929 1928/1928/1928
f 1892/1892/1892 1893/1893/1893 1929/1929/1929
f 1893/1893/1893 1930/1930/1930 1929/1929/1929
f 1893/1893/1893 1894/1894/1894 1930/1930/1930
f 1894/1894/1894 1931/1931/1931 1930/1930/1930
f 1894/1894/1894 1895/1895/1895 1931/1931/1931
f 1895/1895/1895 1932/1932/1932 1931/1931/1931
f 1895/1895/1895 1896/1896/1896 1932/1932/1932
f 1896/1896/1896 1933/1933/1933 1932/1932/1932
f 1896/1896/1896 1897/1897/1897 1933/1933/1933
f 1897/1897/1897 1934/1934/1934 1933/1933/1933
f 1897/1897/1897 1898/1898/1898 1934/1934/1934
f 1898/1898/1898 1935/1935/1935 1934/1934/1934
f 1898/1898/1898 1899/1899/1899 1935/1935/1935
f 1899/1899/1899 1936/1936/1936 1935/1935/1935
f 1899/1899/1899 1900/1900/1900 1936/1936/1936
f 1900/1900/1900 1937/1937/1937 1936/1936/1936
f 1900/1900/1900 1901/1901/1901 1937/1937/1937
f 1901/1901/1901 1938/1938/1938 1937/1937/1937
f 1901/1901/1901 1902/1902/1902 1938/1938/1938
f 1902/1902/1902 1939/1939/1939 1938/1938/1938
f 1902/1902/1902 1903/1903/1903 1939/1939/1939
f 1903/1903/1903 1940/1940/1940 1939/1939/1939
f 1903/1903/1903 1904/1904/1904 1940/1940/1940
f 1904/1904/1904 1941/1941/1941 1940/1940/1940
f 1904/1904/1904 1905/1905/1905 1941/1941/1941
f 1905/1905/1905 1942/1942/1942 1941/1941/1941
f 1905/1905/1905 1906/1906/1906 1942/1942/1942
f 1906/1906/1906 1943/1943/1943 1942/1942/1942
f 1906/1906/1906 1907/1907/1907 1943/1943/1943
f 1907/1907/1907 1944/1944/1944 1943/1943/1943
f 1907/1907/1907 1908/1908/1908 1944/1944/1944
f 1908/1908/1908 1945/1945/1945 1944/1944/1944
f 1908/1908/1908 1909/1909/1909 1945/1945/1945
f 1909/1909/1909 1946/1946/1946 1945/1945/1945
f 1909/1909/1909 1910/1910/1910 1946/1946/1946
f 1910/1910/1910 1947/1947/1947 1946/1946/1946
f 1910/1910/1910 1911/1911/1911 1947/1947/1947
f 1911/1911/1911 1948/1948/1948 1947/1947/1947
f 1911/1911/1911 1912/1912/1912 1948/1948/1948
f 1912/1912/1912 1949/1949/1949 1948/1948/1948
f 1912/1912/1912 1913/1913/1913 1949/1949/1949
f 1913/1913/1913 1950/1950/1950 1949/1949/1949
f 1913/1913/1913 1914/1914/1914 1950/1950/1950
f 1914/1914/1914 1951/1951/1951 1950/1950/1950
f 1914/1914/1914 1915/1915/1915 1951/1951/1951
f 1915/1915/1915 1952/1952/1952 1951/1951/1951
f 1915/1915/1915 1916/1916/1916 1952/1952/1952
f 1916/1916/1916 1953/1953/1953 1952/1952/1952
f 1916/1916/1916 1917/1917/1917 1953/1953/1953
f 1917/1917/1917 1954/1954/1954 1953/1953/1953
f 1917/1917/1917 1918/1918/1918 1954/1954/1954
f 1918/1918/1918 1955/1955/1955 1954/1954/1954
f 1918/1918/1918 1919/1919/1919 1955/1955/1955
f 1919/1919/1919 1956/1956/1956 1955/1955/1955
f 1919/1919/1919 1920/1920/1920 1956/1956/1956
f 1920/1920/1920 1957/1957/1957 1956/1956/1956
f 1920/1920/1920 1921/1921/1921 1957/1957/1957
f 1921/1921/1921 1958/1958/1958 1957/1957/1957
f 1921/1921/1921 1922/1922/1922 1958/1958/1958
f 1922/1922/1922 1959/1959/1959 1958/1958/1958
f 1922/1922/1922 1923/1923/1923 1959/1959/1959
f 1923/1923/1923 1960/1960/1960 1959/1959/1959
f 1923/1923/1923 1924/1924/1924 1960/1960/1960
f 1924/1924/1924 1961/1961/1961 1960/1960/1960
f 1925/1925/1925 1926/1926/1926 1962/1962/1962
f 1926/1926/1926 1963/1963/1963 1962/1962/1962
f 1926/1926/1926 1927/1927/1927 1963/1963/1963
f 1927/1927/1927 1964/1964/1964 1963/1963/1963
f 1927/1927/1927 1928/1928/1928 1964/1964/1964
f 1928/1928/1928 1965/1965/1965 1964/1964/1964
f 1928/1928/1928 1929/1929/1929 1965/1965/1965
f 1929/1929/1929 1966/1966/1966 1965/1965/1965
f 1929/1929/1929 1930/1930/1930 1966/1966/1966
f 1930/1930/1930 1967/1967/1967 1966/1966/1966
f 1930/1930/1930 1931/1931/1931 1967/1967/1967
f 1931/1931/1931 1968/1968/1968 1967/1967/1967
f 1931/1931/1931 1932/1932/1932 1968/1968/1968
f 1932/1932/1932 1969/1969/1969 1968/1968/1968
f 1932/1932/1932 1933/1933/1933 1969/1969/1969
f 1933/1933/1933 1970/1970/1970 1969/1969/1969
f 1933/1933/1933 1934/1934/1934 1970/1970/1970
f 1934/1934/1934 1971/1971/1971 1970/1970/1970
f 1934/1934/1934 1935/1935/1935 1971/1971/1971
f 1935/1935/1935 1972/1972/1972 1971/1971/1971
f 1935/1935/1935 1936/1936/1936 1972/1972/1972
f 1936/1936/1936 1973/1973/1973 1972/1972/1972
f 1936/1936/1936 1937/1937/1937 1973/1973/1973
f 1937/1937/1937 1974/1974/1974 1973/1973/1973
f 1937/1937/1937 1938/1938/1938 1974/1974/1974
f 1938/1938/1938 1975/1975/1975 1974/1974/1974
f 1938/1938/1938 1939/1939/1939 1975/1975/1975
f 1939/1939/1939 1976/1976/1976 1975/1975/1975
f 1939/1939/1939 1940/1940/1940 1976/1976/1976
f 1940/1940/1940 1977/1977/1977 1976/1976/1976
f 1940/1940/1940 1941/1941/1941 1977/1977/1977
f 1941/1941/1941 1978/1978/1978 1977/1977/1977
f 1941/1941/1941 1942/1942/1942 1978/1978/1978
f 1942/1942/1942 1979/1979/1979 1978/1978/1978
f 1942/1942/1942 1943/1943/1943 1979/1979/1979
f 1943/1943/1943 1980/1980/1980 1979/1979/1979
f 1943/1943/1943 1944/1944/1944 1980/1980/1980
f 1944/1944/1944 1981/1981/1981 1980/1980/1980
f 1944/1944/1944 1945/1945/1945 1981/1981/1981
f 1945/1945/1945 1982/1982/1982 1981/1981/1981
f 1945/1945/1945 1946/1946/1946 1982/1982/1982
f 1946/1946/1946 1983/1983/1983 1982/1982/1982
f 1946/1946/1946 1947/1947/1947 1983/1983/1983
f 1947/1947/1947 1984/1984/1984 1983/1983/1983
f 1947/1947/1947 1948/1948/1948 1984/1984/1984
f 1948/1948/1948 1985/1985/1985 1984/1984/1984
f 1948/1948/1948 1949/1949/1949 1985/1985/1985
f 1949/1949/1949 1986/1986/1986 1985/1985/1985
f 1949/1949/1949 1950/1950/1950 1986/1986/1986
f 1950/1950/1950 1987/1987/1987 1986/1986/1986
f 1950/1950/1950 1951/1951/1951 1987/1987/1987
f 1951/1951/1951 1988/1988/1988 1987/1987/1987
f 1951/1951/1951 1952/1952/1952 1988/1988/1988
f 1952/1952/1952 1989/1989/1989 1988/1988/1988
f 1952/1952/1952 1953/1953/1953 1989/1989/1989
f 1953/1953/1953 1990/1990/1990 1989/1989/1989
f 1953/1953/1953 1954/1954/1954 1990/1990/1990
f 1954/1954/1954 1991/1991/1991 1990/1990/1990
f 1954/1954/1954 1955/1955/1955 1991/1991/1991
f 1955/1955/1955 1992/1992/1992 1991/1991/1991
f 1955/1955/1955 1956/1956/1956 1992/1992/1992
f 1956/1956/1956 1993/1993/1993 1992/1992/1992
f 1956/1956/1956 1957/1957/1957 1993/1993/1993
f 1957/1957/1957 1994/1994/1994 1993/1993/1993
f 1957/1957/1957 1958/1958/1958 1994/1994/1994
f 1958/1958/1958 1995/1995/1995 1994/1994/1994
f 1958/1958/1958 1959/1959/1959 1995/1995/1995
f 1959/1959/1959 1996/1996/1996 1995/1995/1995
f 1959/1959/1959 1960/1960/1960 1996/1996/1996
f 1960/1960/1960 1997/1997/1997 1996/1996/1996
f 1960/1960/1960 1961/1961/1961 1997/1997/1997
f 1961/1961/1961 1998/1998/1998 1997/1997/1997
f 1962/1962/1962 1963/1963/1963 1999/1999/1999
f 1963/1963/1963 2000/2000/2000 1999/1999/1999
f 1963/1963/1963 1964/1964/1964 2000/2000/2000
f 1964/1964/1964 2001/2001/2001 2000/2000/2000
f 1964/1964/1964 1965/1965/1965 2001/2001/2001
f 1965/1965/1965 2002/2002/2002 2001/2001/2001
f 1965/1965/1965 1966/1966/1966 2002/2002/2002
f 1966/1966/1966 2003/2003/2003 2002/2002/2002
f 1966/1966/1966 1967/1967/1967 2003/2003/2003
f 1967/1967/1967 2004/2004/2004 2003/2003/2003
f 1967/1967/1967 1968/1968/1968 2004/2004/2004
f 1968/1968/1968 2005/2005/2005 2004/2004/2004
f 1968/1968/1968 1969/1969/1969 2005/2005/2005
f 1969/1969/1969 2006/2006/2006 2005/2005/2005
f 1969/1969/1969 1970/1970/1970 2006/2006/2006
f 1970/1970/1970 2007/2007/2007 2006/2006/2006
f 1970/1970/1970 1971/1971/1971 2007/2007/2007
f 1971/1971/1971 2008/2008/2008 2007/2007/2007
f 1971/1971/1971 1972/1972/1972 2008/2008/2008
f 1972/1972/1972 2009/2009/2009 2008/2008/2008
f 1972/1972/1972 1973/1973/1973 2009/2009/2009
f 1973/1973/1973 2010/2010/2010 2009/2009/2009
f 1973/1973/1973 1974/1974/1974 2010/2010/2010
f 1974/1974/1974 2011/2011/2011 2010/2010/2010
f 1974/1974/1974 1975/1975/1975 2011/2011/2011
f 1975/1975/1975 2012/2012/2012 2011/2011/2011
f 1975/1975/1975 1976/1976/1976 2012/2012/2012
f 1976/1976/1976 2013/2013/2013 2012/2012/2012
f 1976/1976/1976 1977/1977/1977 2013/2013/2013
f 1977/1977/1977 2014/2014/2014 2013/2013/2013
f 1977/1977/1977 1978/1978/1978 2014/2014/2014
f 1978/1978/1978 2015/2015/2015 2014/2014/2014
f 1978/1978/1978 1979/1979/1979 2015/2015/2015
f 1979/1979/1979 2016/2016/2016 2015/2015/2015
f 1979/1979/1979 1980/1980/1980 2016/2016/2016
f 1980/1980/1980 2017/2017/2017 2016/2016/2016
f 1980/1980/1980 1981/1981/1981 2017/2017/2017
f 1981/1981/1981 2018/2018/2018 2017/2017/2017
f 1981/1981/1981 1982/1982/1982 2018/2018/2018
f 1982/1982/1982 2019/2019/2019 2018/2018/2018
f 1982/1982/1982 1983/1983/1983 2019/2019/2019
f 1983/1983/1983 2020/2020/2020 2019/2019/2019
f 1983/1983/1983 1984/1984/1984 2020/2020/2020
f 1984/1984/1984 2021/2021/2021 2020/2020/2020
f 1984/1984/1984 1985/1985/1985 2021/2021/2021
f 1985/1985/1985 2022/2022/2022 2021/2021/2021
f 1985/1985/1985 1986/1986/1986 2022/2022/2022
f 1986/1986/1986 2023/2023/2023 2022/2022/2022
f 1986/1986/1986 1987/1987/1987 2023/2023/2023
f 1987/1987/1987 2024/2024/2024 2023/2023/2023
f 1987/1987/1987 1988/1988/1988 2024/2024/2024
f 1988/1988/1988 2025/2025/2025 2024/2024/2024
f 1988/1988/1988 1989/1989/1989 2025/2025/2025
f 1989/1989/1989 2026/2026/2026 2025/2025/2025
f 1989/1989/1989 1990/1990/1990 2026/2026/2026
f 1990/1990/1990 2027/2027/2027 2026/2026/2026
f 1990/1990/1990 1991/1991/1991 2027/2027/2027
f 1991/1991/1991 2028/2028/2028 2027/2027/2027
f 1991/1991/1991 1992/1992/1992 2028/2028/2028
f 1992/1992/1992 2029/2029/2029 2028/2028/2028
f 1992/1992/1992 1993/1993/1993 2029/2029/2029
f 1993/1993/1993 2030/2030/2030 2029/2029/2029
f 1993/1993/1993 1994/1994/1994 2030/2030/2030
f 1994/1994/1994 2031/2031/2031 2030/2030/2030
f 1994/1994/1994 1995/1995/1995 2031/2031/2031
f 1995/1995/1995 2032/2032/2032 2031/2031/2031
f 1995/1995/1995 1996/1996/1996 2032/2032/2032
f 1996/1996/1996 2033/2033/2033 2032/2032/2032
f 1996/1996/1996 1997/1997/1997 2033/2033/2033
f 1997/1997/1997 2034/2034/2034 2033/2033/2033
f 1997/1997/1997 1998/1998/1998 2034/2034/2034
f 1998/1998/1998 2035/2035/2035 2034/2034/2034
f 1999/1999/1999 2000/2000/2000 2036/2036/2036
f 2000/2000/2000 2037/2037/2037 2036/2036/2036
f 2000/2000/2000 2001/2001/2001 2037/2037/2037
f 2001/2001/2001 2038/2038/2038 2037/2037/2037
f 2001/2001/2001 2002/2002/2002 2038/2038/2038
f 2002/2002/2002 2039/2039/2039 2038/2038/2038
f 2002/2002/2002 2003/2003/2003 2039/2039/2039
f 2003/2003/2003 2040/2040/2040 2039/2039/2039
f 2003/2003/2003 2004/2004/2004 2040/2040/2040
f 2004/2004/2004 2041/2041/2041 2040/2040/2040
f 2004/2004/2004 2005/2005/2005 2041/2041/2041
f 2005/2005/2005 2042/2042/2042 2041/2041/2041
f 2005/2005/2005 2006/2006/2006 2042/2042/2042
f 2006/2006/2006 2043/2043/2043 2042/2042/2042
f 2006/2006/2006 2007/2007/2007 2043/2043/2043
f 2007/2007/2007 2044/2044/2044 2043/2043/2043
f 2007/2007/2007 2008/2008/2008 2044/2044/2044
f 2008/2008/2008 2045/2045/2045 2044/2044/2044
f 2008/2008/2008 2009/2009/2009 2045/2045/2045
f 2009/2009/2009 2046/2046/2046 2045/2045/2045
f 2009/2009/2009 2010/2010/2010 2046/2046/2046
f 2010/2010/2010 2047/2047/2047 2046/2046/2046
f 2010/2010/2010 2011/2011/2011 2047/2047/2047
f 2011/2011/2011 2048/2048/2048 2047/2047/2047
f 2011/2011/2011 2012/2012/2012 2048/2048/2048
f 2012/2012/2012 2049/2049/2049 2048/2048/2048
f 2012/2012/2012 2013/2013/2013 2049/2049/2049
f 2013/2013/2013 2050/2050/2050 2049/2049/2049
f 2013/2013/2013 2014/2014/2014 2050/2050/2050
f 2014/2014/2014 2051/2051/2051 2050/2050/2050
f 2014/2014/2014 2015/2015/2015 2051/2051/2051
f 2015/2015/2015 2052/2052/2052 2051/2051/2051
f 2015/2015/2015 2016/2016/2016 2052/2052/2052
f 2016/2016/2016 2053/2053/2053 2052/2052/2052
f 2016/2016/2016 2017/2017/2017 2053/2053/2053
f 2017/2017/2017 2054/2054/2054 2053/2053/2053
f 2017/2017/2017 2018/2018/2018 2054/2054/2054
f 2018/2018/2018 2055/2055/2055 2054/2054/2054
f 2018/2018/2018 2019/2019/2019 2055/2055/2055
f 2019/2019/2019 2056/2056/2056 2055/2055/2055
f 2019/2019/2019 2020/2020/2020 2056/2056/2056
f 2020/2020/2020 2057/2057/2057 2056/2056/2056
f 2020/2020/2020 2021/2021/2021 2057/2057/2057
f 2021/2021/2021 2058/2058/2058 2057/2057/2057
f 2021/2021/2021 2022/2022/2022 2058/2058/2058
f 2022/2022/2022 2059/2059/2059 2058/2058/2058
f 2022/2022/2022 2023/2023/2023 2059/2059/2059
f 2023/2023/2023 2060/2060/2060 2059/2059/2059
f 2023/2023/2023 2024/2024/2024 2060/2060/2060
f 2024/2024/2024 2061/2061/2061 2060/2060/2060
f 2024/2024/2024 2025/2025/2025 2061/2061/2061
f 2025/2025/2025 2062/2062/2062 2061/2061/2061
f 2025/2025/2025 2026/2026/2026 2062/2062/2062
f 2026/2026/2026 2063/2063/2063 2062/2062/2062
f 2026/2026/2026 2027/2027/2027 2063/2063/2063
f 2027/2027/2027 2064/2064/2064 2063/2063/2063
f 2027/2027/2027 2028/2028/2028 2064/2064/2064
f 2028/2028/2028 2065/2065/2065 2064/2064/2064
f 2028/2028/2028 2029/2029/2029 2065/2065/2065
f 2029/2029/2029 2066/2066/2066 2065/2065/2065
f 2029/2029/2029 2030/2030/2030 2066/2066/2066
f 2030/2030/2030 2067/2067/2067 2066/2066/2066
f 2030/2030/2030 2031/2031/2031 2067/2067/2067
f 2031/2031/2031 2068/2068/2068 2067/2067/2067
f 2031/2031/2031 2032/2032/2032 2068/2068/2068
f 2032/2032/2032 2069/2069/2069 2068/2068/2068
f 2032/2032/2032 2033/2033/2033 2069/2069/2069
f 2033/2033/2033 2070/2070/2070 2069/2069/2069
f 2033/2033/2033 2034/2034/2034 2070/2070/2070
f 2034/2034/2034 2071/2071/2071 2070/2070/2070
f 2034/2034/2034 2035/2035/2035 2071/2071/2071
f 2035/2035/2035 2072/2072/2072 2071/2071/2071
f 2036/2036/2036 2037/2037/2037 2073/2073/2073
f 2037/2037/2037 2074/2074/2074 2073/2073/2073
f 2037/2037/2037 2038/2038/2038 2074/2074/2074
f 2038/2038/2038 2075/2075/2075 2074/2074/2074
f 2038/2038/2038 2039/2039/2039 2075/2075/2075
f 2039/2039/2039 2076/2076/2076 2075/2075/2075
f 2039/2039/2039 2040/2040/2040 2076/2076/2076
f 2040/2040/2040 2077/2077/2077 2076/2076/2076
f 2040/2040/2040 2041/2041/2041 2077/2077/2077
f 2041/2041/2041 2078/2078/2078 2077/2077/2077
f 2041/2041/2041 2042/2042/2042 2078/2078/2078
f 2042/2042/2042 2079/2079/2079 2078/2078/2078
f 2042/2042/2042 2043/2043/2043 2079/2079/2079
f 2043/2043/2043 2080/2080/2080 2079/2079/2079
f 2043/2043/2043 2044/2044/2044 2080/2080/2080
f 2044/2044/2044 2081/2081/2081 2080/2080/2080
f 2044/2044/2044 2045/2045/2045 2081/2081/2081
f 2045/2045/2045 2082/2082/2082 2081/2081/2081
f 2045/2045/2045 2046/2046/2046 2082/2082/2082
f 2046/2046/2046 2083/2083/2083 2082/2082/2082
f 2046/2046/2046 2047/2047/2047 2083/2083/2083
f 2047/2047/2047 2084/2084/2084 2083/2083/2083
f 2047/2047/2047 2048/2048/2048 2084/2084/2084
f 2048/2048/2048 2085/2085/2085 2084/2084/2084
f 2048/2048/2048 2049/2049/2049 2085/2085/2085
f 2049/2049/2049 2086/2086/2086 2085/2085/2085
f 2049/2049/2049 2050/2050/2050 2086/2086/2086
f 2050/2050/2050 2087/2087/2087 2086/2086/2086
f 2050/2050/2050 2051/2051/2051 2087/2087/2087
f 2051/2051/2051 2088/2088/2088 2087/2087/2087
f 2051/2051/2051 2052/2052/2052 2088/2088/2088
f 2052/2052/2052 2089/2089/2089 2088/2088/2088
f 2052/2052/2052 2053/2053/2053 2089/2089/2089
f 2053/2053/2053 2090/2090/2090 2089/2089/2089
f 2053/2053/2053 2054/2054/2054 2090/2090/2090
f 2054/2054/2054 2091/2091/2091 2090/2090/2090
f 2054/2054/2054 2055/2055/2055 2091/2091/2091
f 2055/2055/2055 2092/2092/2092 2091/2091/2091
f 2055/2055/2055 2056/2056/2056 2092/2092/2092
f 2056/2056/2056 2093/2093/2093 2092/2092/2092
f 2056/2056/2056 2057/2057/2057 2093/2093/2093
f 2057/2057/2057 2094/2094/2094 2093/2093/2093
f 2057/2057/2057 2058/2058/2058 2094/2094/2094
f 2058/2058/2058 2095/2095/2095 2094/2094/2094
f 2058/2058/2058 2059/2059/2059 2095/2095/2095
f 2059/2059/2059 2096/2096/2096 2095/2095/2095
f 2059/2059/2059 2060/2060/2060 2096/2096/2096
f 2060/2060/2060 2097/2097/2097 2096/2096/2096
f 2060/2060/2060 2061/2061/2061 2097/2097/2097
f 2061/2061/2061 2098/2098/2098 2097/2097/2097
f 2061/2061/2061 2062/2062/2062 2098/2098/2098
f 2062/2062/2062 2099/2099/2099 2098/2098/2098
f 2062/2062/2062 2063/2063/2063 2099/2099/2099
f 2063/2063/2063 2100/2100/2100 2099/2099/2099
f 2063/2063/2063 2064/2064/2064 2100/2100/2100
f 2064/2064/2064 2101/2101/2101 2100/2100/2100
f 2064/2064/2064 2065/2065/2065 2101/2101/2101
f 2065/2065/2065 2102/2102/2102 2101/2101/2101
f 2065/2065/2065 2066/2066/2066 2102/2102/2102
f 2066/2066/2066 2103/2103/2103 2102/2102/2102
f 2066/2066/2066 2067/2067/2067 2103/2103/2103
f 2067/2067/2067 2104/2104/2104 2103/2103/2103
f 2067/2067/2067 2068/2068/2068 2104/2104/2104
f 2068/2068/2068 2105/2105/2105 2104/2104/2104
f 2068/2068/2068 2069/2069/2069 2105/2105/2105
f 2069/2069/2069 2106/2106/2106 2105/2105/2105
f 2069/2069/2069 2070/2070/2070 2106/2106/2106
f 2070/2070/2070 2107/2107/2107 2106/2106/2106
f 2070/2070/2070 2071/2071/2071 2107/2107/2107
f 2071/2071/2071 2108/2108/2108 2107/2107/2107
f 2071/2071/2071 2072/2072/2072 2108/2108/2108
f 2072/2072/2072 2109/2109/2109 2108/2108/2108
f 2073/2073/2073 2074/2074/2074 2110/2110/2110
f 2074/2074/2074 2111/2111/2111 2110/2110/2110
f 2074/2074/2074 2075/2075/2075 2111/2111/2111
f 2075/2075/2075 2112/2112/2112 2111/2111/2111
f 2075/2075/2075 2076/2076/2076 2112/2112/2112
f 2076/2076/2076 2113/2113/2113 2112/2112/2112
f 2076/2076/2076 2077/2077/2077 2113/2113/2113
f 2077/2077/2077 2114/2114/2114 2113/2113/2113
f 2077/2077/2077 2078/2078/2078 2114/2114/2114
f 2078/2078/2078 2115/2115/2115 2114/2114/2114
f 2078/2078/2078 2079/2079/2079 2115/2115/2115
f 2079/2079/2079 2116/2116/2116 2115/2115/2115
f 2079/2079/2079 2080/2080/2080 2116/2116/2116
f 2080/2080/2080 2117/2117/2117 2116/2116/2116
f 2080/2080/2080 2081/2081/2081 2117/2117/2117
f 2081/2081/2081 2118/2118/2118 2117/2117/2117
f 2081/2081/2081 2082/2082/2082 2118/2118/2118
f 2082/2082/2082 2119/2119/2119 2118/2118/2118
f 2082/2082/2082 2083/2083/2083 2119/2119/2119
f 2083/2083/2083 2120/2120/2120 2119/2119/2119
f 2083/2083/2083 2084/2084/2084 2120/2120/2120
f 2084/2084/2084 2121/2121/2121 2120/2120/2120
f 2084/2084/2084 2085/2085/2085 2121/2121/2121
f 2085/2085/2085 2122/2122/2122 2121/2121/2121
f 2085/2085/2085 2086/2086/2086 2122/2122/2122
f 2086/2086/2086 2123/2123/2123 2122/2122/2122
f 2086/2086/2086 2087/2087/2087 2123/2123/2123
f 2087/2087/2087 2124/2124/2124 2123/2123/2123
f 2087/2087/2087 2088/2088/2088 2124/2124/2124
f 2088/2088/2088 2125/2125/2125 2124/2124/2124
f 2088/2088/2088 2089/2089/2089 2125/2125/2125
f 2089/2089/2089 2126/2126/2126 2125/2125/2125
f 2089/2089/2089 2090/2090/2090 2126/2126/2126
f 2090/2090/2090 2127/2127/2127 2126/2126/2126
f 2090/2090/2090 2091/2091/2091 2127/2127/2127
f 2091/2091/2091 2128/2128/2128 2127/2127/2127
f 2091/2091/2091 2092/2092/2092 2128/2128/2128
f 2092/2092/2092 2129/2129/2129 2128/2128/2128
f 2092/2092/2092 2093/2093/2093 2129/2129/2129
f 2093/2093/2093 2130/2130/2130 2129/2129/2129
f 2093/2093/2093 2094/2094/2094 2130/2130/2130
f 2094/2094/2094 2131/2131/2131 2130/2130/2130
f 2094/2094/2094 2095/2095/2095 2131/2131/2131
f 2095/2095/2095 2132/2132/2132 2131/2131/2131
f 2095/2095/2095 2096/2096/2096 2132/2132/2132
f 2096/2096/2096 2133/2133/2133 2132/2132/2132
f 2096/2096/2096 2097/2097/2097 2133/2133/2133
f 2097/2097/2097 2134/2134/2134 2133/2133/2133
f 2097/2097/2097 2098/2098/2098 2134/2134/2134
f 2098/2098/2098 2135/2135/2135 2134/2134/2134
f 2098/2098/2098 2099/2099/2099 2135/2135/2135
f 2099/2099/2099 2136/2136/2136 2135/2135/2135
f 2099/2099/2099 2100/2100/2100 2136/2136/2136
f 2100/2100/2100 2137/2137/2137 2136/2136/2136
f 2100/2100/2100 2101/2101/2101 2137/2137/2137
f 2101/2101/2101 2138/2138/2138 2137/2137/2137
f 2101/2101/2101 2102/2102/2102 2138/2138/2138
f 2102/2102/2102 2139/2139/2139 2138/2138/2138
f 2102/2102/2102 2103/2103/2103 2139/2139/2139
f 2103/2103/2103 2140/2140/2140 2139/2139/2139
f 2103/2103/2103 2104/2104/2104 2140/2140/2140
f 2104/2104/2104 2141/2141/2141 2140/2140/2140
f 2104/2104/2104 2105/2105/2105 2141/2141/2141
f 2105/2105/2105 2142/2142/2142 2141/2141/2141
f 2105/2105/2105 2106/2106/2106 2142/2142/2142
f 2106/2106/2106 2143/2143/2143 2142/2142/2142
f 2106/2106/2106 2107/2107/2107 2143/2143/2143
f 2107/2107/2107 2144/2144/2144 2143/2143/2143
f 2107/2107/2107 2108/2108/2108 2144/2144/2144
f 2108/2108/2108 2145/2145/2145 2144/2144/2144
f 2108/2108/2108 2109/2109/2109 2145/2145/2145
f 2109/2109/2109 2146/2146/2146 2145/2145/2145
f 2110/2110/2110 2111/2111/2111 2147/2147/2147
f 2111/2111/2111 2148/2148/2148 2147/2147/2147
f 2111/2111/2111 2112/2112/2112 2148/2148/2148
f 2112/2112/2112 2149/2149/2149 2148/2148/2148
f 2112/2112/2112 2113/2113/2113 2149/2149/2149
f 2113/2113/2113 2150/2150/2150 2149/2149/2149
f 2113/2113/2113 2114/2114/2114 2150/2150/2150
f 2114/2114/2114 2151/2151/2151 2150/2150/2150
f 2114/2114/2114 2115/2115/2115 2151/2151/2151
f 2115/2115/2115 2152/2152/2152 2151/2151/2151
f 2115/2115/2115 2116/2116/2116 2152/2152/2152
f 2116/2116/2116 2153/2153/2153 2152/2152/2152
f 2116/2116/2116 2117/2117/2117 2153/2153/2153
f 2117/2117/2117 2154/2154/2154 2153/2153/2153
f 2117/2117/2117 2118/2118/2118 2154/2154/2154
f 2118/2118/2118 2155/2155/2155 2154/2154/2154
f 2118/2118/2118 2119/2119/2119 2155/2155/2155
f 2119/2119/2119 2156/2156/2156 2155/2155/2155
f 2119/2119/2119 2120/2120/2120 2156/2156/2156
f 2120/2120/2120 2157/2157/2157 2156/2156/2156
f 2120/2120/2120 2121/2121/2121 2157/2157/2157
f 2121/2121/2121 2158/2158/2158 2157/2157/2157
f 2121/2121/2121 2122/2122/2122 2158/2158/2158
f 2122/2122/2122 2159/2159/2159 2158/2158/2158
f 2122/2122/2122 2123/2123/2123 2159/2159/2159
f 2123/2123/2123 2160/2160/2160 2159/2159/2159
f 2123/2123/2123 2124/2124/2124 2160/2160/2160
f 2124/2124/2124 2161/2161/2161 2160/2160/2160
f 2124/2124/2124 2125/2125/2125 2161/2161/2161
f 2125/2125/2125 2162/2162/2162 2161/2161/2161
f 2125/2125/2125 2126/2126/2126 2162/2162/2162
f 2126/2126/2126 2163/2163/2163 2162/2162/2162
f 2126/2126/2126 2127/2127/2127 2163/2163/2163
f 2127/2127/2127 2164/2164/2164 2163/2163/2163
f 2127/2127/2127 2128/2128/2128 2164/2164/2164
f 2128/2128/2128 2165/2165/2165 2164/2164/2164
f 2128/2128/2128 2129/2129/2129 2165/2165/2165
f 2129/2129/2129 2166/2166/2166 2165/2165/2165
f 2129/2129/2129 2130/2130/2130 2166/2166/2166
f 2130/2130/2130 2167/2167/2167 2166/2166/2166
f 2130/2130/2130 2131/2131/2131 2167/2167/2167
f 2131/2131/2131 2168/2168/2168 2167/2167/2167
f 2131/2131/2131 2132/2132/2132 2168/2168/2168
f 2132/2132/2132 2169/2169/2169 2168/2168/2168
f 2132/2132/2132 2133/2133/2133 2169/2169/2169
f 2133/2133/2133 2170/2170/2170 2169/2169/2169
f 2133/2133/2133 2134/2134/2134 2170/2170/2170
f 2134/2134/2134 2171/2171/2171 2170/2170/2170
f 2134/2134/2134 2135/2135/2135 2171/2171/2171
f 2135/2135/2135 2172/2172/2172 2171/2171/2171
f 2135/2135/2135 2136/2136/2136 2172/2172/2172
f 2136/2136/2136 2173/2173/2173 2172/2172/2172
f 2136/2136/2136 2137/2137/2137 2173/2173/2173
f 2137/2137/2137 2174/2174/2174 2173/2173/2173
f 2137/2137/2137 2138/2138/2138 2174/2174/2174
f 2138/2138/2138 2175/2175/2175 2174/2174/2174
f 2138/2138/2138 2139/2139/2139 2175/2175/2175
f 2139/2139/2139 2176/2176/2176 2175/2175/2175
f 2139/2139/2139 2140/2140/2140 2176/2176/2176
f 2140/2140/2140 2177/2177/2177 2176/2176/2176
f 2140/2140/2140 2141/2141/2141 2177/2177/2177
f 2141/2141/2141 2178/2178/2178 2177/2177/2177
f 2141/2141/2141 2142/2142/2142 2178/2178/2178
f 2142/2142/2142 2179/2179/2179 2178/2178/2178
f 2142/2142/2142 2143/2143/2143 2179/2179/2179
f 2143/2143/2143 2180/2180/2180 2179/2179/2179
f 2143/2143/2143 2144/2144/2144 2180/2180/2180
f 2144/2144/2144 2181/2181/2181 2180/2180/2180
f 2144/2144/2144 2145/2145/2145 2181/2181/2181
f 2145/2145/2145 2182/2182/2182 2181/2181/2181
f 2145/2145/2145 2146/2146/2146 2182/2182/2182
f 2146/2146/2146 2183/2183/2183 2182/2182/2182
f 2147/2147/2147 2148/2148/2148 2184/2184/2184
f 2148/2148/2148 2185/2185/2185 2184/2184/2184
f 2148/2148/2148 2149/2149/2149 2185/2185/2185
f 2149/2149/2149 2186/2186/2186 2185/2185/2185
f 2149/2149/2149 2150/2150/2150 2186/2186/2186
f 2150/2150/2150 2187/2187/2187 2186/2186/2186
f 2150/2150/2150 2151/2151/2151 2187/2187/2187
f 2151/2151/2151 2188/2188/2188 2187/2187/2187
f 2151/2151/2151 2152/2152/2152 2188/2188/2188
f 2152/2152/2152 2189/2189/2189 2188/2188/2188
f 2152/2152/2152 2153/2153/2153 2189/2189/2189
f 2153/2153/2153 2190/2190/2190 2189/2189/2189
f 2153/2153/2153 2154/2154/2154 2190/2190/2190
f 2154/2154/2154 2191/2191/2191 2190/2190/2190
f 2154/2154/2154 2155/2155/2155 2191/2191/2191
f 2155/2155/2155 2192/2192/2192 2191/2191/2191
f 2155/2155/2155 2156/2156/2156 2192/2192/2192
f 2156/2156/2156 2193/2193/2193 2192/2192/2192
f 2156/2156/2156 2157/2157/2157 2193/2193/2193
f 2157/2157/2157 2194/2194/2194 2193/2193/2193
f 2157/2157/2157 2158/2158/2158 2194/2194/2194
f 2158/2158/2158 2195/2195/2195 2194/2194/2194
f 2158/2158/2158 2159/2159/2159 2195/2195/2195
f 2159/2159/2159 2196/2196/2196 2195/2195/2195
f 2159/2159/2159 2160/2160/2160 2196/2196/2196
f 2160/2160/2160 2197/2197/2197 2196/2196/2196
f 2160/2160/2160 2161/2161/2161 2197/2197/2197
f 2161/2161/2161 2198/2198/2198 2197/2197/2197
f 2161/2161/2161 2162/2162/2162 2198/2198/2198
f 2162/2162/2162 2199/2199/2199 2198/2198/2198
f 2162/2162/2162 2163/2163/2163 2199/2199/2199
f 2163/2163/2163 2200/2200/2200 2199/2199/2199
f 2163/2163/2163 2164/2164/2164 2200/2200/2200
f 2164/2164/2164 2201/2201/2201 2200/2200/2200
f 2164/2164/2164 2165/2165/2165 2201/2201/2201
f 2165/2165/2165 2202/2202/2202 2201/2201/2201
f 2165/2165/2165 2166/2166/2166 2202/2202/2202
f 2166/2166/2166 2203/2203/2203 2202/2202/2202
f 2166/2166/2166 2167/2167/2167 2203/2203/2203
f 2167/2167/2167 2204/2204/2204 2203/2203/2203
f 2167/2167/2167 2168/2168/2168 2204/2204/2204
f 2168/2168/2168 2205/2205/2205 2204/2204/2204
f 2168/2168/2168 2169/2169/2169 2205/2205/2205
f 2169/2169/2169 2206/2206/2206 2205/2205/2205
f 2169/2169/2169 2170/2170/2170 2206/2206/2206
f 2170/2170/2170 2207/2207/2207 2206/2206/2206
f 2170/2170/2170 2171/2171/2171 2207/2207/2207
f 2171/2171/2171 2208/2208/2208 2207/2207/2207
f 2171/2171/2171 2172/2172/2172 2208/2208/2208
f 2172/2172/2172 2209/2209/2209 2208/2208/2208
f 2172/2172/2172 2173/2173/2173 2209/2209/2209
f 2173/2173/2173 2210/2210/2210 2209/2209/2209
f 2173/2173/2173 2174/2174/2174 2210/2210/2210
f 2174/2174/2174 2211/2211/2211 2210/2210/2210
f 2174/2174/2174 2175/2175/2175 2211/2211/2211
f 2175/2175/2175 2212/2212/2212 2211/2211/2211
f 2175/2175/2175 2176/2176/2176 2212/2212/2212
f 2176/2176/2176 2213/2213/2213 2212/2212/2212
f 2176/2176/2176 2177/2177/2177 2213/2213/2213
f 2177/2177/2177 2214/2214/2214 2213/2213/2213
f 2177/2177/2177 2178/2178/2178 2214/2214/2214
f 2178/2178/2178 2215/2215/2215 2214/2214/2214
f 2178/2178/2178 2179/2179/2179 2215/2215/2215
f 2179/2179/2179 2216/2216/2216 2215/2215/2215
f 2179/2179/2179 2180/2180/2180 2216/2216/2216
f 2180/2180/2180 2217/2217/2217 2216/2216/2216
f 2180/2180/2180 2181/2181/2181 2217/2217/2217
f 2181/2181/2181 2218/2218/2218 2217/2217/2217
f 2181/2181/2181 2182/2182/2182 2218/2218/2218
f 2182/2182/2182 2219/2219/2219 2218/2218/2218
f 2182/2182/2182 2183/2183/2183 2219/2219/2219
f 2183/2183/2183 2220/2220/2220 2219/2219/2219
f 2184/2184/2184 2185/2185/2185 2221/2221/2221
f 2185/2185/2185 2222/2222/2222 2221/2221/2221
f 2185/2185/2185 2186/2186/2186 2222/2222/2222
f 2186/2186/2186 2223/2223/2223 2222/2222/2222
f 2186/2186/2186 2187/2187/2187 2223/2223/2223
f 2187/2187/2187 2224/2224/2224 2223/2223/2223
f 2187/2187/2187 2188/2188/2188 2224/2224/2224
f 2188/2188/2188 2225/2225/2225 2224/2224/2224
f 2188/2188/2188 2189/2189/2189 2225/2225/2225
f 2189/2189/2189 2226/2226/2226 2225/2225/2225
f 2189/2189/2189 2190/2190/2190 2226/2226/2226
f 2190/2190/2190 2227/2227/2227 2226/2226/2226
f 2190/2190/2190 2191/2191/2191 2227/2227/2227
f 2191/2191/2191 2228/2228/2228 2227/2227/2227
f 2191/2191/2191 2192/2192/2192 2228/2228/2228
f 2192/2192/2192 2229/2229/2229 2228/2228/2228
f 2192/2192/2192 2193/2193/2193 2229/2229/2229
f 2193/2193/2193 2230/2230/2230 2229/2229/2229
f 2193/2193/2193 2194/2194/2194 2230/2230/2230
f 2194/2194/2194 2231/2231/2231 2230/2230/2230
f 2194/2194/2194 2195/2195/2195 2231/2231/2231
f 2195/2195/2195 2232/2232/2232 2231/2231/2231
f 2195/2195/2195 2196/2196/2196 2232/2232/2232
f 2196/2196/2196 2233/2233/2233 2232/2232/2232
f 2196/2196/2196 2197/2197/2197 2233/2233/2233
f 2197/2197/2197 2234/2234/2234 2233/2233/2233
f 2197/2197/2197 2198/2198/2198 2234/2234/2234
f 2198/2198/2198 2235/2235/2235 2234/2234/2234
f 2198/2198/2198 2199/2199/2199 2235/2235/2235
f 2199/2199/2199 2236/2236/2236 2235/2235/2235
f 2199/2199/2199 2200/2200/2200 2236/2236/2236
f 2200/2200/2200 2237/2237/2237 2236/2236/2236
f 2200/2200/2200 2201/2201/2201 2237/2237/2237
f 2201/2201/2201 2238/2238/2238 2237/2237/2237
f 2201/2201/2201 2202/2202/2202 2238/2238/2238
f 2202/2202/2202 2239/2239/2239 2238/2238/2238
f 2202/2202/2202 2203/2203/2203 2239/2239/2239
f 2203/2203/2203 2240/2240/2240 2239/2239/2239
f 2203/2203/2203 2204/2204/2204 2240/2240/2240
f 2204/2204/2204 2241/2241/2241 2240/2240/2240
f 2204/2204/2204 2205/2205/2205 2241/2241/2241
f 2205/2205/2205 2242/2242/2242 2241/2241/2241
f 2205/2205/2205 2206/2206/2206 2242/2242/2242
f 2206/2206/2206 2243/2243/2243 2242/2242/2242
f 2206/2206/2206 2207/2207/2207 2243/2243/2243
f 2207/2207/2207 2244/2244/2244 2243/2243/2243
f 2207/2207/2207 2208/2208/2208 2244/2244/2244
f 2208/2208/2208 2245/2245/2245 2244/2244/2244
f 2208/2208/2208 2209/2209/2209 2245/2245/2245
f 2209/2209/2209 2246/2246/2246 2245/2245/2245
f 2209/2209/2209 2210/2210/2210 2246/2246/2246
f 2210/2210/2210 2247/2247/2247 2246/2246/2246
f 2210/2210/2210 2211/2211/2211 2247/2247/2247
f 2211/2211/2211 2248/2248/2248 2247/2247/2247
f 2211/2211/2211 2212/2212/2212 2248/2248/2248
f 2212/2212/2212 2249/2249/2249 2248/2248/2248
f 2212/2212/2212 2213/2213/2213 2249/2249/2249
f 2213/2213/2213 2250/2250/2250 2249/2249/2249
f 2213/2213/2213 2214/2214/2214 2250/2250/2250
f 2214/2214/2214 2251/2251/2251 2250/2250/2250
f 2214/2214/2214 2215/2215/2215 2251/2251/2251
f 2215/2215/2215 2252/2252/2252 2251/2251/2251
f 2215/2215/2215 2216/2216/2216 2252/2252/2252
f 2216/2216/2216 2253/2253/2253 2252/2252/2252
f 2216/2216/2216 2217/2217/2217 2253/2253/2253
f 2217/2217/2217 2254/2254/2254 2253/2253/2253
f 2217/2217/2217 2218/2218/2218 2254/2254/2254
f 2218/2218/2218 2255/2255/2255 2254/2254/2254
f 2218/2218/2218 2219/2219/2219 2255/2255/2255
f 2219/2219/2219 2256/2256/2256 2255/2255/2255
f 2219/2219/2219 2220/2220/2220 2256/2256/2256
f 2220/2220/2220 2257/2257/2257 2256/2256/2256
f 2221/2221/2221 2222/2222/2222 2258/2258/2258
f 2222/2222/2222 2259/2259/2259 2258/2258/2258
f 2222/2222/2222 2223/2223/2223 2259/2259/2259
f 2223/2223/2223 2260/2260/2260 2259/2259/2259
f 2223/2223/2223 2224/2224/2224 2260/2260/2260
f 2224/2224/2224 2261/2261/2261 2260/2260/2260
f 2224/2224/2224 2225/2225/2225 2261/2261/2261
f 2225/2225/2225 2262/2262/2262 2261/2261/2261
f 2225/2225/2225 2226/2226/2226 2262/2262/2262
f 2226/2226/2226 2263/2263/2263 2262/2262/2262
f 2226/2226/2226 2227/2227/2227 2263/2263/2263
f 2227/2227/2227 2264/2264/2264 2263/2263/2263
f 2227/2227/2227 2228/2228/2228 2264/2264/2264
f 2228/2228/2228 2265/2265/2265 2264/2264/2264
f 2228/2228/2228 2229/2229/2229 2265/2265/2265
f 2229/2229/2229 2266/2266/2266 2265/2265/2265
f 2229/2229/2229 2230/2230/2230 2266/2266/2266
f 2230/2230/2230 2267/2267/2267 2266/2266/2266
f 2230/2230/2230 2231/2231/2231 2267/2267/2267
f 2231/2231/2231 2268/2268/2268 2267/2267/2267
f 2231/2231/2231 2232/2232/2232 2268/2268/2268
f 2232/2232/2232 2269/2269/2269 2268/2268/2268
f 2232/2232/2232 2233/2233/2233 2269/2269/2269
f 2233/2233/2233 2270/2270/2270 2269/2269/2269
f 2233/2233/2233 2234/2234/2234 2270/2270/2270
f 2234/2234/2234 2271/2271/2271 2270/2270/2270
f 2234/2234/2234 2235/2235/2235 2271/2271/2271
f 2235/2235/2235 2272/2272/2272 2271/2271/2271
f 2235/2235/2235 2236/2236/2236 2272/2272/2272
f 2236/2236/2236 2273/2273/2273 2272/2272/2272
f 2236/2236/2236 2237/2237/2237 2273/2273/2273
f 2237/2237/2237 2274/2274/2274 2273/2273/2273
f 2237/2237/2237 2238/2238/2238 2274/2274/2274
f 2238/2238/2238 2275/2275/2275 2274/2274/2274
f 2238/2238/2238 2239/2239/2239 2275/2275/2275
f 2239/2239/2239 2276/2276/2276 2275/2275/2275
f 2239/2239/2239 2240/2240/2240 2276/2276/2276
f 2240/2240/2240 2277/2277/2277 2276/2276/2276
f 2240/2240/2240 2241/2241/2241 2277/2277/2277
f 2241/2241/2241 2278/2278/2278 2277/2277/2277
f 2241/2241/2241 2242/2242/2242 2278/2278/2278
f 2242/2242/2242 2279/2279/2279 2278/2278/2278
f 2242/2242/2242 2243/2243/2243 2279/2279/2279
f 2243/2243/2243 2280/2280/2280 2279/2279/2279
f 2243/2243/2243 2244/2244/2244 2280/2280/2280
f 2244/2244/2244 2281/2281/2281 2280/2280/2280
f 2244/2244/2244 2245/2245/2245 2281/2281/2281
f 2245/2245/2245 2282/2282/2282 2281/2281/2281
f 2245/2245/2245 2246/2246/2246 2282/2282/2282
f 2246/2246/2246 2283/2283/2283 2282/2282/2282
f 2246/2246/2246 2247/2247/2247 2283/2283/2283
f 2247/2247/2247 2284/2284/2284 2283/2283/2283
f 2247/2247/2247 2248/2248/2248 2284/2284/2284
f 2248/2248/2248 2285/2285/2285 2284/2284/2284
f 2248/2248/2248 2249/2249/2249 2285/2285/2285
f 2249/2249/2249 2286/2286/2286 2285/2285/2285
f 2249/2249/2249 2250/2250/2250 2286/2286/2286
f 2250/2250/2250 2287/2287/2287 2286/2286/2286
f 2250/2250/2250 2251/2251/2251 2287/2287/2287
f 2251/2251/2251 2288/2288/2288 2287/2287/2287
f 2251/2251/2251 2252/2252/2252 2288/2288/2288
f 2252/2252/2252 2289/2289/2289 2288/2288/2288
f 2252/2252/2252 2253/2253/2253 2289/2289/2289
f 2253/2253/2253 2290/2290/2290 2289/2289/2289
f 2253/2253/2253 2254/2254/2254 2290/2290/2290
f 2254/2254/2254 2291/2291/2291 2290/2290/2290
f 2254/2254/2254 2255/2255/2255 2291/2291/2291
f 2255/2255/2255 2292/2292/2292 2291/2291/2291
f 2255/2255/2255 2256/2256/2256 2292/2292/2292
f 2256/2256/2256 2293/2293/2293 2292/2292/2292
f 2256/2256/2256 2257/2257/2257 2293/2293/2293
f 2257/2257/2257 2294/2294/2294 2293/2293/2293
f 2258/2258/2258 2259/2259/2259 2295/2295/2295
f 2259/2259/2259 2296/2296/2296 2295/2295/2295
f 2259/2259/2259 2260/2260/2260 2296/2296/2296
f 2260/2260/2260 2297/2297/2297 2296/2296/2296
f 2260/2260/2260 2261/2261/2261 2297/2297/2297
f 2261/2261/2261 2298/2298/2298 2297/2297/2297
f 2261/2261/2261 2262/2262/2262 2298/2298/2298
f 2262/2262/2262 2299/2299/2299 2298/2298/2298
f 2262/2262/2262 2263/2263/2263 2299/2299/2299
f 2263/2263/2263 2300/2300/2300 2299/2299/2299
f 2263/2263/2263 2264/2264/2264 2300/2300/2300
f 2264/2264/2264 2301/2301/2301 2300/2300/2300
f 2264/2264/2264 2265/2265/2265 2301/2301/2301
f 2265/2265/2265 2302/2302/2302 2301/2301/2301
f 2265/2265/2265 2266/2266/2266 2302/2302/2302
f 2266/2266/2266 2303/2303/2303 2302/2302/2302
f 2266/2266/2266 2267/2267/2267 2303/2303/2303
f 2267/2267/2267 2304/2304/2304 2303/2303/2303
f 2267/2267/2267 2268/2268/2268 2304/2304/2304
f 2268/2268/2268 2305/2305/2305 2304/2304/2304
f 2268/2268/2268 2269/2269/2269 2305/2305/2305
f 2269/2269/2269 2306/2306/2306 2305/2305/2305
f 2269/2269/2269 2270/2270/2270 2306/2306/2306
f 2270/2270/2270 2307/2307/2307 2306/2306/2306
f 2270/2270/2270 2271/2271/2271 2307/2307/2307
f 2271/2271/2271 2308/2308/2308 2307/2307/2307
f 2271/2271/2271 2272/2272/2272 2308/2308/2308
f 2272/2272/2272 2309/2309/2309 2308/2308/2308
f 2272/2272/2272 2273/2273/2273 2309/2309/2309
f 2273/2273/2273 2310/2310/2310 2309/2309/2309
f 2273/2273/2273 2274/2274/2274 2310/2310/2310
f 2274/2274/2274 2311/2311/2311 2310/2310/2310
f 2274/2274/2274 2275/2275/2275 2311/2311/2311
f 2275/2275/2275 2312/2312/2312 2311/2311/2311
f 2275/2275/2275 2276/2276/2276 2312/2312/2312
f 2276/2276/2276 2313/2313/2313 2312/2312/2312
f 2276/2276/2276 2277/2277/2277 2313/2313/2313
f 2277/2277/2277 2314/2314/2314 2313/2313/2313
f 2277/2277/2277 2278/2278/2278 2314/2314/2314
f 2278/2278/2278 2315/2315/2315 2314/2314/2314
f 2278/2278/2278 2279/2279/2279 2315/2315/2315
f 2279/2279/2279 2316/2316/2316 2315/2315/2315
f 2279/2279/2279 2280/2280/2280 2316/2316/2316
f 2280/2280/2280 2317/2317/2317 2316/2316/2316
f 2280/2280/2280 2281/2281/2281 2317/2317/2317
f 2281/2281/2281 2318/2318/2318 2317/2317/2317
f 2281/2281/2281 2282/2282/2282 2318/2318/2318
f 2282/2282/2282 2319/2319/2319 2318/2318/2318
f 2282/2282/2282 2283/2283/2283 2319/2319/2319
f 2283/2283/2283 2320/2320/2320 2319/2319/2319
f 2283/2283/2283 2284/2284/2284 2320/2320/2320
f 2284/2284/2284 2321/2321/2321 2320/2320/2320
f 2284/2284/2284 2285/2285/2285 2321/2321/2321
f 2285/2285/2285 2322/2322/2322 2321/2321/2321
f 2285/2285/2285 2286/2286/2286 2322/2322/2322
f 2286/2286/2286 2323/2323/2323 2322/2322/2322
f 2286/2286/2286 2287/2287/2287 2323/2323/2323
f 2287/2287/2287 2324/2324/2324 2323/2323/2323
f 2287/2287/2287 2288/2288/2288 2324/2324/2324
f 2288/2288/2288 2325/2325/2325 2324/2324/2324
f 2288/2288/2288 2289/2289/2289 2325/2325/2325
f 2289/2289/2289 2326/2326/2326 2325/2325/2325
f 2289/2289/2289 2290/2290/2290 2326/2326/2326
f 2290/2290/2290 2327/2327/2327 2326/2326/2326
f 2290/2290/2290 2291/2291/2291 2327/2327/2327
f 2291/2291/2291 2328/2328/2328 2327/2327/2327
f 2291/2291/2291 2292/2292/2292 2328/2328/2328
f 2292/2292/2292 2329/2329/2329 2328/2328/2328
f 2292/2292/2292 2293/2293/2293 2329/2329/2329
f 2293/2293/2293 2330/2330/2330 2329/2329/2329
f 2293/2293/2293 2294/2294/2294 2330/2330/2330
f 2294/2294/2294 2331/2331/2331 2330/2330/2330
f 2295/2295/2295 2296/2296/2296 2332/2332/2332
f 2296/2296/2296 2333/2333/2333 2332/2332/2332
f 2296/2296/2296 2297/2297/2297 2333/2333/2333
f 2297/2297/2297 2334/2334/2334 2333/2333/2333
f 2297/2297/2297 2298/2298/2298 2334/2334/2334
f 2298/2298/2298 2335/2335/2335 2334/2334/2334
f 2298/2298/2298 2299/2299/2299 2335/2335/2335
f 2299/2299/2299 2336/2336/2336 2335/2335/2335
f 2299/2299/2299 2300/2300/2300 2336/2336/2336
f 2300/2300/2300 2337/2337/2337 2336/2336/2336
f 2300/2300/2300 2301/2301/2301 2337/2337/2337
f 2301/2301/2301 2338/2338/2338 2337/2337/2337
f 2301/2301/2301 2302/2302/2302 2338/2338/2338
f 2302/2302/2302 2339/2339/2339 2338/2338/2338
f 2302/2302/2302 2303/2303/2303 2339/2339/2339
f 2303/2303/2303 2340/2340/2340 2339/2339/2339
f 2303/2303/2303 2304/2304/2304 2340/2340/2340
f 2304/2304/2304 2341/2341/2341 2340/2340/2340
f 2304/2304/2304 2305/2305/2305 2341/2341/2341
f 2305/2305/2305 2342/2342/2342 2341/2341/2341
f 2305/2305/2305 2306/2306/2306 2342/2342/2342
f 2306/2306/2306 2343/2343/2343 2342/2342/2342
f 2306/2306/2306 2307/2307/2307 2343/2343/2343
f 2307/2307/2307 2344/2344/2344 2343/2343/2343
f 2307/2307/2307 2308/2308/2308 2344/2344/2344
f 2308/2308/2308 2345/2345/2345 2344/2344/2344
f 2308/2308/2308 2309/2309/2309 2345/2345/2345
f 2309/2309/2309 2346/2346/2346 2345/2345/2345
f 2309/2309/2309 2310/2310/2310 2346/2346/2346
f 2310/2310/2310 2347/2347/2347 2346/2346/2346
f 2310/2310/2310 2311/2311/2311 2347/2347/2347
f 2311/2311/2311 2348/2348/2348 2347/2347/2347
f 2311/2311/2311 2312/2312/2312 2348/2348/2348
f 2312/2312/2312 2349/2349/2349 2348/2348/2348
f 2312/2312/2312 2313/2313/2313 2349/2349/2349
f 2313/2313/2313 2350/2350/2350 2349/2349/2349
f 2313/2313/2313 2314/2314/2314 2350/2350/2350
f 2314/2314/2314 2351/2351/2351 2350/2350/2350
f 2314/2314/2314 2315/2315/2315 2351/2351/2351
f 2315/2315/2315 2352/2352/2352 2351/2351/2351
f 2315/2315/2315 2316/2316/2316 2352/2352/2352
f 2316/2316/2316 2353/2353/2353 2352/2352/2352
f 2316/2316/2316 2317/2317/2317 2353/2353/2353
f 2317/2317/2317 2354/2354/2354 2353/2353/2353
f 2317/2317/2317 2318/2318/2318 2354/2354/2354
f 2318/2318/2318 2355/2355/2355 2354/2354/2354
f 2318/2318/2318 2319/2319/2319 2355/2355/2355
f 2319/2319/2319 2356/2356/2356 2355/2355/2355
f 2319/2319/2319 2320/2320/2320 2356/2356/2356
f 2320/2320/2320 2357/2357/2357 2356/2356/2356
f 2320/2320/2320 2321/2321/2321 2357/2357/2357
f 2321/2321/2321 2358/2358/2358 2357/2357/2357
f 2321/2321/2321 2322/2322/2322 2358/2358/2358
f 2322/2322/2322 2359/2359/2359 2358/2358/2358
f 2322/2322/2322 2323/2323/2323 2359/2359/2359
f 2323/2323/2323 2360/2360/2360 2359/2359/2359
f 2323/2323/2323 2324/2324/2324 2360/2360/2360
f 2324/2324/2324 2361/2361/2361 2360/2360/2360
f 2324/2324/2324 2325/2325/2325 2361/2361/2361
f 2325/2325/2325 2362/2362/2362 2361/2361/2361
f 2325/2325/2325 2326/2326/2326 2362/2362/2362
f 2326/2326/2326 2363/2363/2363 2362/2362/2362
f 2326/2326/2326 2327/2327/2327 2363/2363/2363
f 2327/2327/2327 2364/2364/2364 2363/2363/2363
f 2327/2327/2327 2328/2328/2328 2364/2364/2364
f 2328/2328/2328 2365/2365/2365 2364/2364/2364
f 2328/2328/2328 2329/2329/2329 2365/2365/2365
f 2329/2329/2329 2366/2366/2366 2365/2365/2365
f 2329/2329/2329 2330/2330/2330 2366/2366/2366
f 2330/2330/2330 2367/2367/2367 2366/2366/2366
f 2330/2330/2330 2331/2331/2331 2367/2367/2367
f 2331/2331/2331 2368/2368/2368 2367/2367/2367
f 2332/2332/2332 2333/2333/2333 2369/2369/2369
f 2333/2333/2333 2370/2370/2370 2369/2369/2369
f 2333/2333/2333 2334/2334/2334 2370/2370/2370
f 2334/2334/2334 2371/2371/2371 2370/2370/2370
f 2334/2334/2334 2335/2335/2335 2371/2371/2371
f 2335/2335/2335 2372/2372/2372 2371/2371/2371
f 2335/2335/2335 2336/2336/2336 2372/2372/2372
f 2336/2336/2336 2373/2373/2373 2372/2372/2372
f 2336/2336/2336 2337/2337/2337 2373/2373/2373
f 2337/2337/2337 2374/2374/2374 2373/2373/2373
f 2337/2337/2337 2338/2338/2338 2374/2374/2374
f 2338/2338/2338 2375/2375/2375 2374/2374/2374
f 2338/2338/2338 2339/2339/2339 2375/2375/2375
f 2339/2339/2339 2376/2376/2376 2375/2375/2375
f 2339/2339/2339 2340/2340/2340 2376/2376/2376
f 2340/2340/2340 2377/2377/2377 2376/2376/2376
f 2340/2340/2340 2341/2341/2341 2377/2377/2377
f 2341/2341/2341 2378/2378/2378 2377/2377/2377
f 2341/2341/2341 2342/2342/2342 2378/2378/2378
f 2342/2342/2342 2379/2379/2379 2378/2378/2378
f 2342/2342/2342 2343/2343/2343 2379/2379/2379
f 2343/2343/2343 2380/2380/2380 2379/2379/2379
f 2343/2343/2343 2344/2344/2344 2380/2380/2380
f 2344/2344/2344 2381/2381/2381 2380/2380/2380
f 2344/2344/2344 2345/2345/2345 2381/2381/2381
f 2345/2345/2345 2382/2382/2382 2381/2381/2381
f 2345/2345/2345 2346/2346/2346 2382/2382/2382
f 2346/2346/2346 2383/2383/2383 2382/2382/2382
f 2346/2346/2346 2347/2347/2347 2383/2383/2383
f 2347/2347/2347 2384/2384/2384 2383/2383/2383
f 2347/2347/2347 2348/2348/2348 2384/2384/2384
f 2348/2348/2348 2385/2385/2385 2384/2384/2384
f 2348/2348/2348 2349/2349/2349 2385/2385/2385
f 2349/2349/2349 2386/2386/2386 2385/2385/2385
f 2349/2349/2349 2350/2350/2350 2386/2386/2386
f 2350/2350/2350 2387/2387/2387 2386/2386/2386
f 2350/2350/2350 2351/2351/2351 2387/2387/2387
f 2351/2351/2351 2388/2388/2388 2387/2387/2387
f 2351/2351/2351 2352/2352/2352 2388/2388/2388
f 2352/2352/2352 2389/2389/2389 2388/2388/2388
f 2352/2352/2352 2353/2353/2353 2389/2389/2389
f 2353/2353/2353 2390/2390/2390 2389/2389/2389
f 2353/2353/2353 2354/2354/2354 2390/2390/2390
f 2354/2354/2354 2391/2391/2391 2390/2390/2390
f 2354/2354/2354 2355/2355/2355 2391/2391/2391
f 2355/2355/2355 2392/2392/2392 2391/2391/2391
f 2355/2355/2355 2356/2356/2356 2392/2392/2392
f 2356/2356/2356 2393/2393/2393 2392/2392/2392
f 2356/2356/2356 2357/2357/2357 2393/2393/2393
f 2357/2357/2357 2394/2394/2394 2393/2393/2393
f 2357/2357/2357 2358/2358/2358 2394/2394/2394
f 2358/2358/2358 2395/2395/2395 2394/2394/2394
f 2358/2358/2358 2359/2359/2359 2395/2395/2395
f 2359/2359/2359 2396/2396/2396 2395/2395/2395
f 2359/2359/2359 2360/2360/2360 2396/2396/2396
f 2360/2360/2360 2397/2397/2397 2396/2396/2396
f 2360/2360/2360 2361/2361/2361 2397/2397/2397
f 2361/2361/2361 2398/2398/2398 2397/2397/2397
f 2361/2361/2361 2362/2362/2362 2398/2398/2398
f 2362/2362/2362 2399/2399/2399 2398/2398/2398
f 2362/2362/2362 2363/2363/2363 2399/2399/2399
f 2363/2363/2363 2400/2400/2400 2399/2399/2399
f 2363/2363/2363 2364/2364/2364 2400/2400/2400
f 2364/2364/2364 2401/2401/2401 2400/2400/2400
f 2364/2364/2364 2365/2365/2365 2401/2401/2401
f 2365/2365/2365 2402/2402/2402 2401/2401/2401
f 2365/2365/2365 2366/2366/2366 2402/2402/2402
f 2366/2366/2366 2403/2403/2403 2402/2402/2402
f 2366/2366/2366 2367/2367/2367 2403/2403/2403
f 2367/2367/2367 2404/2404/2404 2403/2403/2403
f 2367/2367/2367 2368/2368/2368 2404/2404/2404
f 2368/2368/2368 2405/2405/2405 2404/2404/2404
f 2369/2369/2369 2370/2370/2370 2406/2406/2406
f 2370/2370/2370 2407/2407/2407 2406/2406/2406
f 2370/2370/2370 2371/2371/2371 2407/2407/2407
f 2371/2371/2371 2408/2408/2408 2407/2407/2407
f 2371/2371/2371 2372/2372/2372 2408/2408/2408
f 2372/2372/2372 2409/2409/2409 2408/2408/2408
f 2372/2372/2372 2373/2373/2373 2409/2409/2409
f 2373/2373/2373 2410/2410/2410 2409/2409/2409
f 2373/2373/2373 2374/2374/2374 2410/2410/2410
f 2374/2374/2374 2411/2411/2411 2410/2410/2410
f 2374/2374/2374 2375/2375/2375 2411/2411/2411
f 2375/2375/2375 2412/2412/2412 2411/2411/2411
f 2375/2375/2375 2376/2376/2376 2412/2412/2412
f 2376/2376/2376 2413/2413/2413 2412/2412/2412
f 2376/2376/2376 2377/2377/2377 2413/2413/2413
f 2377/2377/2377 2414/2414/2414 2413/2413/2413
f 2377/2377/2377 2378/2378/2378 2414/2414/2414
f 2378/2378/2378 2415/2415/2415 2414/2414/2414
f 2378/2378/2378 2379/2379/2379 2415/2415/2415
f 2379/2379/2379 2416/2416/2416 2415/2415/2415
f 2379/2379/2379 2380/2380/2380 2416/2416/2416
f 2380/2380/2380 2417/2417/2417 2416/2416/2416
f 2380/2380/2380 2381/2381/2381 2417/2417/2417
f 2381/2381/2381 2418/2418/2418 2417/2417/2417
f 2381/2381/2381 2382/2382/2382 2418/2418/2418
f 2382/2382/2382 2419/2419/2419 2418/2418/2418
f 2382/2382/2382 2383/2383/2383 2419/2419/2419
f 2383/2383/2383 2420/2420/2420 2419/2419/2419
f 2383/2383/2383 2384/2384/2384 2420/2420/2420
f 2384/2384/2384 2421/2421/2421 2420/2420/2420
f 2384/2384/2384 2385/2385/2385 2421/2421/2421
f 2385/2385/2385 2422/2422/2422 2421/2421/2421
f 2385/2385/2385 2386/2386/2386 2422/2422/2422
f 2386/2386/2386 2423/2423/2423 2422/2422/2422
f 2386/2386/2386 2387/2387/2387 2423/2423/2423
f 2387/2387/2387 2424/2424/2424 2423/2423/2423
f 2387/2387/2387 2388/2388/2388 2424/2424/2424
f 2388/2388/2388 2425/2425/2425 2424/2424/2424
f 2388/2388/2388 2389/2389/2389 2425/2425/2425
f 2389/2389/2389 2426/2426/2426 2425/2425/2425
f 2389/2389/2389 2390/2390/2390 2426/2426/2426
f 2390/2390/2390 2427/2427/2427 2426/2426/2426
f 2390/2390/2390 2391/2391/2391 2427/2427/2427
f 2391/2391/2391 2428/2428/2428 2427/2427/2427
f 2391/2391/2391 2392/2392/2392 2428/2428/2428
f 2392/2392/2392 2429/2429/2429 2428/2428/2428
f 2392/2392/2392 2393/2393/2393 2429/2429/2429
f 2393/2393/2393 2430/2430/2430 2429/2429/2429
f 2393/2393/2393 2394/2394/2394 2430/2430/2430
f 2394/2394/2394 2431/2431/2431 2430/2430/2430
f 2394/2394/2394 2395/2395/2395 2431/2431/2431
f 2395/2395/2395 2432/2432/2432 2431/2431/2431
f 2395/2395/2395 2396/2396/2396 2432/2432/2432
f 2396/2396/2396 2433/2433/2433 2432/2432/2432
f 2396/2396/2396 2397/2397/2397 2433/2433/2433
f 2397/2397/2397 2434/2434/2434 2433/2433/2433
f 2397/2397/2397 2398/2398/2398 2434/2434/2434
f 2398/2398/2398 2435/2435/2435 2434/2434/2434
f 2398/2398/2398 2399/2399/2399 2435/2435/2435
f 2399/2399/2399 2436/2436/2436 2435/2435/2435
f 2399/2399/2399 2400/2400/2400 2436/2436/2436
f 2400/2400/2400 2437/2437/2437 2436/2436/2436
f 2400/2400/2400 2401/2401/2401 2437/2437/2437
f 2401/2401/2401 2438/2438/2438 2437/2437/2437
f 2401/2401/2401 2402/2402/2402 2438/2438/2438
f 2402/2402/2402 2439/2439/2439 2438/2438/2438
f 2402/2402/2402 2403/2403/2403 2439/2439/2439
f 2403/2403/2403 2440/2440/2440 2439/2439/2439
f 2403/2403/2403 2404/2404/2404 2440/2440/2440
f 2404/2404/2404 2441/2441/2441 2440/2440/2440
f 2404/2404/2404 2405/2405/2405 2441/2441/2441
f 2405/2405/2405 2442/2442/2442 2441/2441/2441
f 2406/2406/2406 2407/2407/2407 2443/2443/2443
f 2407/2407/2407 2444/2444/2444 2443/2443/2443
f 2407/2407/2407 2408/2408/2408 2444/2444/2444
f 2408/2408/2408 2445/2445/2445 2444/2444/2444
f 2408/2408/2408 2409/2409/2409 2445/2445/2445
f 2409/2409/2409 2446/2446/2446 2445/2445/2445
f 2409/2409/2409 2410/2410/2410 2446/2446/2446
f 2410/2410/2410 2447/2447/2447 2446/2446/2446
f 2410/2410/2410 2411/2411/2411 2447/2447/2447
f 2411/2411/2411 2448/2448/2448 2447/2447/2447
f 2411/2411/2411 2412/2412/2412 2448/2448/2448
f 2412/2412/2412 2449/2449/2449 2448/2448/2448
f 2412/2412/2412 2413/2413/2413 2449/2449/2449
f 2413/2413/2413 2450/2450/2450 2449/2449/2449
f 2413/2413/2413 2414/2414/2414 2450/2450/2450
f 2414/2414/2414 2451/2451/2451 2450/2450/2450
f 2414/2414/2414 2415/2415/2415 2451/2451/2451
f 2415/2415/2415 2452/2452/2452 2451/2451/2451
f 2415/2415/2415 2416/2416/2416 2452/2452/2452
f 2416/2416/2416 2453/2453/2453 2452/2452/2452
f 2416/2416/2416 2417/2417/2417 2453/2453/2453
f 2417/2417/2417 2454/2454/2454 2453/2453/2453
f 2417/2417/2417 2418/2418/2418 2454/2454/2454
f 2418/2418/2418 2455/2455/2455 2454/2454/2454
f 2418/2418/2418 2419/2419/2419 2455/2455/2455
f 2419/2419/2419 2456/2456/2456 2455/2455/2455
f 2419/2419/2419 2420/2420/2420 2456/2456/2456
f 2420/2420/2420 2457/2457/2457 2456/2456/2456
f 2420/2420/2420 2421/2421/2421 2457/2457/2457
f 2421/2421/2421 2458/2458/2458 2457/2457/2457
f 2421/2421/2421 2422/2422/2422 2458/2458/2458
f 2422/2422/2422 2459/2459/2459 2458/2458/2458
f 2422/2422/2422 2423/2423/2423 2459/2459/2459
f 2423/2423/2423 2460/2460/2460 2459/2459/2459
f 2423/2423/2423 2424/2424/2424 2460/2460/2460
f 2424/2424/2424 2461/2461/2461 2460/2460/2460
f 2424/2424/2424 2425/2425/2425 2461/2461/2461
f 2425/2425/2425 2462/2462/2462 2461/2461/2461
f 2425/2425/2425 2426/2426/2426 2462/2462/2462
f 2426/2426/2426 2463/2463/2463 2462/2462/2462
f 2426/2426/2426 2427/2427/2427 2463/2463/2463
f 2427/2427/2427 2464/2464/2464 2463/2463/2463
f 2427/2427/2427 2428/2428/2428 2464/2464/2464
f 2428/2428/2428 2465/2465/2465 2464/2464/2464
f 2428/2428/2428 2429/2429/2429 2465/2465/2465
f 2429/2429/2429 2466/2466/2466 2465/2465/2465
f 2429/2429/2429 2430/2430/2430 2466/2466/2466
f 2430/2430/2430 2467/2467/2467 2466/2466/2466
f 2430/2430/2430 2431/2431/2431 2467/2467/2467
f 2431/2431/2431 2468/2468/2468 2467/2467/2467
f 2431/2431/2431 2432/2432/2432 2468/2468/2468
f 2432/2432/2432 2469/2469/2469 2468/2468/2468
f 2432/2432/2432 2433/2433/2433 2469/2469/2469
f 2433/2433/2433 2470/2470/2470 2469/2469/2469
f 2433/2433/2433 2434/2434/2434 2470/2470/2470
f 2434/2434/2434 2471/2471/2471 2470/2470/2470
f 2434/2434/2434 2435/2435/2435 2471/2471/2471
f 2435/2435/2435 2472/2472/2472 2471/2471/2471
f 2435/2435/2435 2436/2436/2436 2472/2472/2472
f 2436/2436/2436 2473/2473/2473 2472/2472/2472
f 2436/2436/2436 2437/2437/2437 2473/2473/2473
f 2437/2437/2437 2474/2474/2474 2473/2473/2473
f 2437/2437/2437 2438/2438/2438 2474/2474/2474
f 2438/2438/2438 2475/2475/2475 2474/2474/2474
f 2438/2438/2438 2439/2439/2439 2475/2475/2475
f 2439/2439/2439 2476/2476/2476 2475/2475/2475
f 2439/2439/2439 2440/2440/2440 2476/2476/2476
f 2440/2440/2440 2477/2477/2477 2476/2476/2476
f 2440/2440/2440 2441/2441/2441 2477/2477/2477
f 2441/2441/2441 2478/2478/2478 2477/2477/2477
f 2441/2441/2441 2442/2442/2442 2478/2478/2478
f 2442/2442/2442 2479/2479/2479 2478/2478/2478
f 2443/2443/2443 2444/2444/2444 2480/2480/2480
f 2444/2444/2444 2481/2481/2481 2480/2480/2480
f 2444/2444/2444 2445/2445/2445 2481/2481/2481
f 2445/2445/2445 2482/2482/2482 2481/2481/2481
f 2445/2445/2445 2446/2446/2446 2482/2482/2482
f 2446/2446/2446 2483/2483/2483 2482/2482/2482
f 2446/2446/2446 2447/2447/2447 2483/2483/2483
f 2447/2447/2447 2484/2484/2484 2483/2483/2483
f 2447/2447/2447 2448/2448/2448 2484/2484/2484
f 2448/2448/2448 2485/2485/2485 2484/2484/2484
f 2448/2448/2448 2449/2449/2449 2485/2485/2485
f 2449/2449/2449 2486/2486/2486 2485/2485/2485
f 2449/2449/2449 2450/2450/2450 2486/2486/2486
f 2450/2450/2450 2487/2487/2487 2486/2486/2486
f 2450/2450/2450 2451/2451/2451 2487/2487/2487
f 2451/2451/2451 2488/2488/2488 2487/2487/2487
f 2451/2451/2451 2452/2452/2452 2488/2488/2488
f 2452/2452/2452 2489/2489/2489 2488/2488/2488
f 2452/2452/2452 2453/2453/2453 2489/2489/2489
f 2453/2453/2453 2490/2490/2490 2489/2489/2489
f 2453/2453/2453 2454/2454/2454 2490/2490/2490
f 2454/2454/2454 2491/2491/2491 2490/2490/2490
f 2454/2454/2454 2455/2455/2455 2491/2491/2491
f 2455/2455/2455 2492/2492/2492 2491/2491/2491
f 2455/2455/2455 2456/2456/2456 2492/2492/2492
f 2456/2456/2456 2493/2493/2493 2492/2492/2492
f 2456/2456/2456 2457/2457/2457 2493/2493/2493
f 2457/2457/2457 2494/2494/2494 2493/2493/2493
f 2457/2457/2457 2458/2458/2458 2494/2494/2494
f 2458/2458/2458 2495/2495/2495 2494/2494/2494
f 2458/2458/2458 2459/2459/2459 2495/2495/2495
f 2459/2459/2459 2496/2496/2496 2495/2495/2495
f 2459/2459/2459 2460/2460/2460 2496/2496/2496
f 2460/2460/2460 2497/2497/2497 2496/2496/2496
f 2460/2460/2460 2461/2461/2461 2497/2497/2497
f 2461/2461/2461 2498/2498/2498 2497/2497/2497
f 2461/2461/2461 2462/2462/2462 2498/2498/2498
f 2462/2462/2462 2499/2499/2499 2498/2498/2498
f 2462/2462/2462 2463/2463/2463 2499/2499/2499
f 2463/2463/2463 2500/2500/2500 2499/2499/2499
f 2463/2463/2463 2464/2464/2464 2500/2500/2500
f 2464/2464/2464 2501/2501/2501 2500/2500/2500
f 2464/2464/2464 2465/2465/2465 2501/2501/2501
f 2465/2465/2465 2502/2502/2502 2501/2501/2501
f 2465/2465/2465 2466/2466/2466 2502/2502/2502
f 2466/2466/2466 2503/2503/2503 2502/2502/2502
f 2466/2466/2466 2467/2467/2467 2503/2503/2503
f 2467/2467/2467 2504/2504/2504 2503/2503/2503
f 2467/2467/2467 2468/2468/2468 2504/2504/2504
f 2468/2468/2468 2505/2505/2505 2504/2504/2504
f 2468/2468/2468 2469/2469/2469 2505/2505/2505
f 2469/2469/2469 2506/2506/2506 2505/2505/2505
f 2469/2469/2469 2470/2470/2470 2506/2506/2506
f 2470/2470/2470 2507/2507/2507 2506/2506/2506
f 2470/2470/2470 2471/2471/2471 2507/2507/2507
f 2471/2471/2471 2508/2508/2508 2507/2507/2507
f 2471/2471/2471 2472/2472/2472 2508/2508/2508
f 2472/2472/2472 2509/2509/2509 2508/2508/2508
f 2472/2472/2472 2473/2473/2473 2509/2509/2509
f 2473/2473/2473 2510/2510/2510 2509/2509/2509
f 2473/2473/2473 2474/2474/2474 2510/2510/2510
f 2474/2474/2474 2511/2511/2511 2510/2510/2510
f 2474/2474/2474 2475/2475/2475 2511/2511/2511
f 2475/2475/2475 2512/2512/2512 2511/2511/2511
f 2475/2475/2475 2476/2476/2476 2512/2512/2512
f 2476/2476/2476 2513/2513/2513 2512/2512/2512
f 2476/2476/2476 2477/2477/2477 2513/2513/2513
f 2477/2477/2477 2514/2514/2514 2513/2513/2513
f 2477/2477/2477 2478/2478/2478 2514/2514/2514
f 2478/2478/2478 2515/2515/2515 2514/2514/2514
f 2478/2478/2478 2479/2479/2479 2515/2515/2515
f 2479/2479/2479 2516/2516/2516 2515/2515/2515
f 2480/2480/2480 2481/2481/2481 2517/2517/2517
f 2481/2481/2481 2518/2518/2518 2517/2517/2517
f 2481/2481/2481 2482/2482/2482 2518/2518/2518
f 2482/2482/2482 2519/2519/2519 2518/2518/2518
f 2482/2482/2482 2483/2483/2483 2519/2519/2519
f 2483/2483/2483 2520/2520/2520 2519/2519/2519
f 2483/2483/2483 2484/2484/2484 2520/2520/2520
f 2484/2484/2484 2521/2521/2521 2520/2520/2520
f 2484/2484/2484 2485/2485/2485 2521/2521/2521
f 2485/2485/2485 2522/2522/2522 2521/2521/2521
f 2485/2485/2485 2486/2486/2486 2522/2522/2522
f 2486/2486/2486 2523/2523/2523 2522/2522/2522
f 2486/2486/2486 2487/2487/2487 2523/2523/2523
f 2487/2487/2487 2524/2524/2524 2523/2523/2523
f 2487/2487/2487 2488/2488/2488 2524/2524/2524
f 2488/2488/2488 2525/2525/2525 2524/2524/2524
f 2488/2488/2488 2489/2489/2489 2525/2525/2525
f 2489/2489/2489 2526/2526/2526 2525/2525/2525
f 2489/2489/2489 2490/2490/2490 2526/2526/2526
f 2490/2490/2490 2527/2527/2527 2526/2526/2526
f 2490/2490/2490 2491/2491/2491 2527/2527/2527
f 2491/2491/2491 2528/2528/2528 2527/2527/2527
f 2491/2491/2491 2492/2492/2492 2528/2528/2528
f 2492/2492/2492 2529/2529/2529 2528/2528/2528
f 2492/2492/2492 2493/2493/2493 2529/2529/2529
f 2493/2493/2493 2530/2530/2530 2529/2529/2529
f 2493/2493/2493 2494/2494/2494 2530/2530/2530
f 2494/2494/2494 2531/2531/2531 2530/2530/2530
f 2494/2494/2494 2495/2495/2495 2531/2531/2531
f 2495/2495/2495 2532/2532/2532 2531/2531/2531
f 2495/2495/2495 2496/2496/2496 2532/2532/2532
f 2496/2496/2496 2533/2533/2533 2532/2532/2532
f 2496/2496/2496 2497/2497/2497 2533/2533/2533
f 2497/2497/2497 2534/2534/2534 2533/2533/2533
f 2497/2497/2497 2498/2498/2498 2534/2534/2534
f 2498/2498/2498 2535/2535/2535 2534/2534/2534
f 2498/2498/2498 2499/2499/2499 2535/2535/2535
f 2499/2499/2499 2536/2536/2536 2535/2535/2535
f 2499/2499/2499 2500/2500/2500 2536/2536/2536
f 2500/2500/2500 2537/2537/2537 2536/2536/2536
f 2500/2500/2500 2501/2501/2501 2537/2537/2537
f 2501/2501/2501 2538/2538/2538 2537/2537/2537
f 2501/2501/2501 2502/2502/2502 2538/2538/2538
f 2502/2502/2502 2539/2539/2539 2538/2538/2538
f 2502/2502/2502 2503/2503/2503 2539/2539/2539
f 2503/2503/2503 2540/2540/2540 2539/2539/2539
f 2503/2503/2503 2504/2504/2504 2540/2540/2540
f 2504/2504/2504 2541/2541/2541 2540/2540/2540
f 2504/2504/2504 2505/2505/2505 2541/2541/2541
f 2505/2505/2505 2542/2542/2542 2541/2541/2541
f 2505/2505/2505 2506/2506/2506 2542/2542/2542
f 2506/2506/2506 2543/2543/2543 2542/2542/2542
f 2506/2506/2506 2507/2507/2507 2543/2543/2543
f 2507/2507/2507 2544/2544/2544 2543/2543/2543
f 2507/2507/2507 2508/2508/2508 2544/2544/2544
f 2508/2508/2508 2545/2545/2545 2544/2544/2544
f 2508/2508/2508 2509/2509/2509 2545/2545/2545
f 2509/2509/2509 2546/2546/2546 2545/2545/2545
f 2509/2509/2509 2510/2510/2510 2546/2546/2546
f 2510/2510/2510 2547/2547/2547 2546/2546/2546
f 2510/2510/2510 2511/2511/2511 2547/2547/2547
f 2511/2511/2511 2548/2548/2548 2547/2547/2547
f 2511/2511/2511 2512/2512/2512 2548/2548/2548
f 2512/2512/2512 2549/2549/2549 2548/2548/2548
f 2512/2512/2512 2513/2513/2513 2549/2549/2549
f 2513/2513/2513 2550/2550/2550 2549/2549/2549
f 2513/2513/2513 2514/2514/2514 2550/2550/2550
f 2514/2514/2514 2551/2551/2551 2550/2550/2550
f 2514/2514/2514 2515/2515/2515 2551/2551/2551
f 2515/2515/2515 2552/2552/2552 2551/2551/2551
f 2515/2515/2515 2516/2516/2516 2552/2552/2552
f 2516/2516/2516 2553/2553/2553 2552/2552/2552
f 2517/2517/2517 2518/2518/2518 2554/2554/2554
f 2518/2518/2518 2555/2555/2555 2554/2554/2554
f 2518/2518/2518 2519/2519/2519 2555/2555/2555
f 2519/2519/2519 2556/2556/2556 2555/2555/2555
f 2519/2519/2519 2520/2520/2520 2556/2556/2556
f 2520/2520/2520 2557/2557/2557 2556/2556/2556
f 2520/2520/2520 2521/2521/2521 2557/2557/2557
f 2521/2521/2521 2558/2558/2558 2557/2557/2557
f 2521/2521/2521 2522/2522/2522 2558/2558/2558
f 2522/2522/2522 2559/2559/2559 2558/2558/2558
f 2522/2522/2522 2523/2523/2523 2559/2559/2559
f 2523/2523/2523 2560/2560/2560 2559/2559/2559
f 2523/2523/2523 2524/2524/2524 2560/2560/2560
f 2524/2524/2524 2561/2561/2561 2560/2560/2560
f 2524/2524/2524 2525/2525/2525 2561/2561/2561
f 2525/2525/2525 2562/2562/2562 2561/2561/2561
f 2525/2525/2525 2526/2526/2526 2562/2562/2562
f 2526/2526/2526 2563/2563/2563 2562/2562/2562
f 2526/2526/2526 2527/2527/2527 2563/2563/2563
f 2527/2527/2527 2564/2564/2564 2563/2563/2563
f 2527/2527/2527 2528/2528/2528 2564/2564/2564
f 2528/2528/2528 2565/2565/2565 2564/2564/2564
f 2528/2528/2528 2529/2529/2529 2565/2565/2565
f 2529/2529/2529 2566/2566/2566 2565/2565/2565
f 2529/2529/2529 2530/2530/2530 2566/2566/2566
f 2530/2530/2530 2567/2567/2567 2566/2566/2566
f 2530/2530/2530 2531/2531/2531 2567/2567/2567
f 2531/2531/2531 2568/2568/2568 2567/2567/2567
f 2531/2531/2531 2532/2532/2532 2568/2568/2568
f 2532/2532/2532 2569/2569/2569 2568/2568/2568
f 2532/2532/2532 2533/2533/2533 2569/2569/2569
f 2533/2533/2533 2570/2570/2570 2569/2569/2569
f 2533/2533/2533 2534/2534/2534 2570/2570/2570
f 2534/2534/2534 2571/2571/2571 2570/2570/2570
f 2534/2534/2534 2535/2535/2535 2571/2571/2571
f 2535/2535/2535 2572/2572/2572 2571/2571/2571
f 2535/2535/2535 2536/2536/2536 2572/2572/2572
f 2536/2536/2536 2573/2573/2573 2572/2572/2572
f 2536/2536/2536 2537/2537/2537 2573/2573/2573
f 2537/2537/2537 2574/2574/2574 2573/2573/2573
f 2537/2537/2537 2538/2538/2538 2574/2574/2574
f 2538/2538/2538 2575/2575/2575 2574/2574/2574
f 2538/2538/2538 2539/2539/2539 2575/2575/2575
f 2539/2539/2539 2576/2576/2576 2575/2575/2575
f 2539/2539/2539 2540/2540/2540 2576/2576/2576
f 2540/2540/2540 2577/2577/2577 2576/2576/2576
f 2540/2540/2540 2541/2541/2541 2577/2577/2577
f 2541/2541/2541 2578/2578/2578 2577/2577/2577
f 2541/2541/2541 2542/2542/2542 2578/2578/2578
f 2542/2542/2542 2579/2579/2579 2578/2578/2578
f 2542/2542/2542 2543/2543/2543 2579/2579/2579
f 2543/2543/2543 2580/2580/2580 2579/2579/2579
f 2543/2543/2543 2544/2544/2544 2580/2580/2580
f 2544/2544/2544 2581/2581/2581 2580/2580/2580
f 2544/2544/2544 2545/2545/2545 2581/2581/2581
f 2545/2545/2545 2582/2582/2582 2581/2581/2581
f 2545/2545/2545 2546/2546/2546 2582/2582/2582
f 2546/2546/2546 2583/2583/2583 2582/2582/2582
f 2546/2546/2546 2547/2547/2547 2583/2583/2583
f 2547/2547/2547 2584/2584/2584 2583/2583/2583
f 2547/2547/2547 2548/2548/2548 2584/2584/2584
f 2548/2548/2548 2585/2585/2585 2584/2584/2584
f 2548/2548/2548 2549/2549/2549 2585/2585/2585
f 2549/2549/2549 2586/2586/2586 2585/2585/2585
f 2549/2549/2549 2550/2550/2550 2586/2586/2586
f 2550/2550/2550 2587/2587/2587 2586/2586/2586
f 2550/2550/2550 2551/2551/2551 2587/2587/2587
f 2551/2551/2551 2588/2588/2588 2587/2587/2587
f 2551/2551/2551 2552/2552/2552 2588/2588/2588
f 2552/2552/2552 2589/2589/2589 2588/2588/2588
f 2552/2552/2552 2553/2553/2553 2589/2589/2589
f 2553/2553/2553 2590/2590/2590 2589/2589/2589
f 2554/2554/2554 2555/2555/2555 2591/2591/2591
f 2555/2555/2555 2592/2592/2592 2591/2591/2591
f 2555/2555/2555 2556/2556/2556 2592/2592/2592
f 2556/2556/2556 2593/2593/2593 2592/2592/2592
f 2556/2556/2556 2557/2557/2557 2593/2593/2593
f 2557/2557/2557 2594/2594/2594 2593/2593/2593
f 2557/2557/2557 2558/2558/2558 2594/2594/2594
f 2558/2558/2558 2595/2595/2595 2594/2594/2594
f 2558/2558/2558 2559/2559/2559 2595/2595/2595
f 2559/2559/2559 2596/2596/2596 2595/2595/2595
f 2559/2559/2559 2560/2560/2560 2596/2596/2596
f 2560/2560/2560 2597/2597/2597 2596/2596/2596
f 2560/2560/2560 2561/2561/2561 2597/2597/2597
f 2561/2561/2561 2598/2598/2598 2597/2597/2597
f 2561/2561/2561 2562/2562/2562 2598/2598/2598
f 2562/2562/2562 2599/2599/2599 2598/2598/2598
f 2562/2562/2562 2563/2563/2563 2599/2599/2599
f 2563/2563/2563 2600/2600/2600 2599/2599/2599
f 2563/2563/2563 2564/2564/2564 2600/2600/2600
f 2564/2564/2564 2601/2601/2601 2600/2600/2600
f 2564/2564/2564 2565/2565/2565 2601/2601/2601
f 2565/2565/2565 2602/2602/2602 2601/2601/2601
f 2565/2565/2565 2566/2566/2566 2602/2602/2602
f 2566/2566/2566 2603/2603/2603 2602/2602/2602
f 2566/2566/2566 2567/2567/2567 2603/2603/2603
f 2567/2567/2567 2604/2604/2604 2603/2603/2603
f 2567/2567/2567 2568/2568/2568 2604/2604/2604
f 2568/2568/2568 2605/2605/2605 2604/2604/2604
f 2568/2568/2568 2569/2569/2569 2605/2605/2605
f 2569/2569/2569 2606/2606/2606 2605/2605/2605
f 2569/2569/2569 2570/2570/2570 2606/2606/2606
f 2570/2570/2570 2607/2607/2607 2606/2606/2606
f 2570/2570/2570 2571/2571/2571 2607/2607/2607
f 2571/2571/2571 2608/2608/2608 2607/2607/2607
f 2571/2571/2571 2572/2572/2572 2608/2608/2608
f 2572/2572/2572 2609/2609/2609 2608/2608/2608
f 2572/2572/2572 2573/2573/2573 2609/2609/2609
f 2573/2573/2573 2610/2610/2610 2609/2609/2609
f 2573/2573/2573 2574/2574/2574 2610/2610/2610
f 2574/2574/2574 2611/2611/2611 2610/2610/2610
f 2574/2574/2574 2575/2575/2575 2611/2611/2611
f 2575/2575/2575 2612/2612/2612 2611/2611/2611
f 2575/2575/2575 2576/2576/2576 2612/2612/2612
f 2576/2576/2576 2613/2613/2613 2612/2612/2612
f 2576/2576/2576 2577/2577/2577 2613/2613/2613
f 2577/2577/2577 2614/2614/2614 2613/2613/2613
f 2577/2577/2577 2578/2578/2578 2614/2614/2614
f 2578/2578/2578 2615/2615/2615 2614/2614/2614
f 2578/2578/2578 2579/2579/2579 2615/2615/2615
f 2579/2579/2579 2616/2616/2616 2615/2615/2615
f 2579/2579/2579 2580/2580/2580 2616/2616/2616
f 2580/2580/2580 2617/2617/2617 2616/2616/2616
f 2580/2580/2580 2581/2581/2581 2617/2617/2617
f 2581/2581/2581 2618/2618/2618 2617/2617/2617
f 2581/2581/2581 2582/2582/2582 2618/2618/2618
f 2582/2582/2582 2619/2619/2619 2618/2618/2618
f 2582/2582/2582 2583/2583/2583 2619/2619/2619
f 2583/2583/2583 2620/2620/2620 2619/2619/2619
f 2583/2583/2583 2584/2584/2584 2620/2620/2620
f 2584/2584/2584 2621/2621/2621 2620/2620/2620
f 2584/2584/2584 2585/2585/2585 2621/2621/2621
f 2585/2585/2585 2622/2622/2622 2621/2621/2621
f 2585/2585/2585 2586/2586/2586 2622/2622/2622
f 2586/2586/2586 2623/2623/2623 2622/2622/2622
f 2586/2586/2586 2587/2587/2587 2623/2623/2623
f 2587/2587/2587 2624/2624/2624 2623/2623/2623
f 2587/2587/2587 2588/2588/2588 2624/2624/2624
f 2588/2588/2588 2625/2625/2625 2624/2624/2624
f 2588/2588/2588 2589/2589/2589 2625/2625/2625
f 2589/2589/2589 2626/2626/2626 2625/2625/2625
f 2589/2589/2589 2590/2590/2590 2626/2626/2626
f 2590/2590/2590 2627/2627/2627 2626/2626/2626
f 2591/2591/2591 2592/2592/2592 2628/2628/2628
f 2592/2592/2592 2629/2629/2629 2628/2628/2628
f 2592/2592/2592 2593/2593/2593 2629/2629/2629
f 2593/2593/2593 2630/2630/2630 2629/2629/2629
f 2593/2593/2593 2594/2594/2594 2630/2630/2630
f 2594/2594/2594 2631/2631/2631 2630/2630/2630
f 2594/2594/2594 2595/2595/2595 2631/2631/2631
f 2595/2595/2595 2632/2632/2632 2631/2631/2631
f 2595/2595/2595 2596/2596/2596 2632/2632/2632
f 2596/2596/2596 2633/2633/2633 2632/2632/2632
f 2596/2596/2596 2597/2597/2597 2633/2633/2633
f 2597/2597/2597 2634/2634/2634 2633/2633/2633
f 2597/2597/2597 2598/2598/2598 2634/2634/2634
f 2598/2598/2598 2635/2635/2635 2634/2634/2634
f 2598/2598/2598 2599/2599/2599 2635/2635/2635
f 2599/2599/2599 2636/2636/2636 2635/2635/2635
f 2599/2599/2599 2600/2600/2600 2636/2636/2636
f 2600/2600/2600 2637/2637/2637 2636/2636/2636
f 2600/2600/2600 2601/2601/2601 2637/2637/2637
f 2601/2601/2601 2638/2638/2638 2637/2637/2637
f 2601/2601/2601 2602/2602/2602 2638/2638/2638
f 2602/2602/2602 2639/2639/2639 2638/2638/2638
f 2602/2602/2602 2603/2603/2603 2639/2639/2639
f 2603/2603/2603 2640/2640/2640 2639/2639/2639
f 2603/2603/2603 2604/2604/2604 2640/2640/2640
f 2604/2604/2604 2641/2641/2641 2640/2640/2640
f 2604/2604/2604 2605/2605/2605 2641/2641/2641
f 2605/2605/2605 2642/2642/2642 2641/2641/2641
f 2605/2605/2605 2606/2606/2606 2642/2642/2642
f 2606/2606/2606 2643/2643/2643 2642/2642/2642
f 2606/2606/2606 2607/2607/2607 2643/2643/2643
f 2607/2607/2607 2644/2644/2644 2643/2643/2643
f 2607/2607/2607 2608/2608/2608 2644/2644/2644
f 2608/2608/2608 2645/2645/2645 2644/2644/2644
f 2608/2608/2608 2609/2609/2609 2645/2645/2645
f 2609/2609/2609 2646/2646/2646 2645/2645/2645
f 2609/2609/2609 2610/2610/2610 2646/2646/2646
f 2610/2610/2610 2647/2647/2647 2646/2646/2646
f 2610/2610/2610 2611/2611/2611 2647/2647/2647
f 2611/2611/2611 2648/2648/2648 2647/2647/2647
f 2611/2611/2611 2612/2612/2612 2648/2648/2648
f 2612/2612/2612 2649/2649/2649 2648/2648/2648
f 2612/2612/2612 2613/2613/2613 2649/2649/2649
f 2613/2613/2613 2650/2650/2650 2649/2649/2649
f 2613/2613/2613 2614/2614/2614 2650/2650/2650
f 2614/2614/2614 2651/2651/2651 2650/2650/2650
f 2614/2614/2614 2615/2615/2615 2651/2651/2651
f 2615/2615/2615 2652/2652/2652 2651/2651/2651
f 2615/2615/2615 2616/2616/2616 2652/2652/2652
f 2616/2616/2616 2653/2653/2653 2652/2652/2652
f 2616/2616/2616 2617/2617/2617 2653/2653/2653
f 2617/2617/2617 2654/2654/2654 2653/2653/2653
f 2617/2617/2617 2618/2618/2618 2654/2654/2654
f 2618/2618/2618 2655/2655/2655 2654/2654/2654
f 2618/2618/2618 2619/2619/2619 2655/2655/2655
f 2619/2619/2619 2656/2656/2656 2655/2655/2655
f 2619/2619/2619 2620/2620/2620 2656/2656/2656
f 2620/2620/2620 2657/2657/2657 2656/2656/2656
f 2620/2620/2620 2621/2621/2621 2657/2657/2657
f 2621/2621/2621 2658/2658/2658 2657/2657/2657
f 2621/2621/2621 2622/2622/2622 2658/2658/2658
f 2622/2622/2622 2659/2659/2659 2658/2658/2658
f 2622/2622/2622 2623/2623/2623 2659/2659/2659
f 2623/2623/2623 2660/2660/2660 2659/2659/2659
f 2623/2623/2623 2624/2624/2624 2660/2660/2660
f 2624/2624/2624 2661/2661/2661 2660/2660/2660
f 2624/2624/2624 2625/2625/2625 2661/2661/2661
f 2625/2625/2625 2662/2662/2662 2661/2661/2661
f 2625/2625/2625 2626/2626/2626 2662/2662/2662
f 2626/2626/2626 2663/2663/2663 2662/2662/2662
f 2626/2626/2626 2627/2627/2627 2663/2663/2663
f 2627/2627/2627 2664/2664/2664 2663/2663/2663
f 2628/2628/2628 2629/2629/2629 2665/2665/2665
f 2629/2629/2629 2666/2666/2666 2665/2665/2665
f 2629/2629/2629 2630/2630/2630 2666/2666/2666
f 2630/2630/2630 2667/2667/2667 2666/2666/2666
f 2630/2630/2630 2631/2631/2631 2667/2667/2667
f 2631/2631/2631 2668/2668/2668 2667/2667/2667
f 2631/2631/2631 2632/2632/2632 2668/2668/2668
f 2632/2632/2632 2669/2669/2669 2668/2668/2668
f 2632/2632/2632 2633/2633/2633 2669/2669/2669
f 2633/2633/2633 2670/2670/2670 2669/2669/2669
f 2633/2633/2633 2634/2634/2634 2670/2670/2670
f 2634/2634/2634 2671/2671/2671 2670/2670/2670
f 2634/2634/2634 2635/2635/2635 2671/2671/2671
f 2635/2635/2635 2672/2672/2672 2671/2671/2671
f 2635/2635/2635 2636/2636/2636 2672/2672/2672
f 2636/2636/2636 2673/2673/2673 2672/2672/2672
f 2636/2636/2636 2637/2637/2637 2673/2673/2673
f 2637/2637/2637 2674/2674/2674 2673/2673/2673
f 2637/2637/2637 2638/2638/2638 2674/2674/2674
f 2638/2638/2638 2675/2675/2675 2674/2674/2674
f 2638/2638/2638 2639/2639/2639 2675/2675/2675
f 2639/2639/2639 2676/2676/2676 2675/2675/2675
f 2639/2639/2639 2640/2640/2640 2676/2676/2676
f 2640/2640/2640 2677/2677/2677 2676/2676/2676
f 2640/2640/2640 2641/2641/2641 2677/2677/2677
f 2641/2641/2641 2678/2678/2678 2677/2677/2677
f 2641/2641/2641 2642/2642/2642 2678/2678/2678
f 2642/2642/2642 2679/2679/2679 2678/2678/2678
f 2642/2642/2642 2643/2643/2643 2679/2679/2679
f 2643/2643/2643 2680/2680/2680 2679/2679/2679
f 2643/2643/2643 2644/2644/2644 2680/2680/2680
f 2644/2644/2644 2681/2681/2681 2680/2680/2680
f 2644/2644/2644 2645/2645/2645 2681/2681/2681
f 2645/2645/2645 2682/2682/2682 2681/2681/2681
f 2645/2645/2645 2646/2646/2646 2682/2682/2682
f 2646/2646/2646 2683/2683/2683 2682/2682/2682
f 2646/2646/2646 2647/2647/2647 2683/2683/2683
f 2647/2647/2647 2684/2684/2684 2683/2683/2683
f 2647/2647/2647 2648/2648/2648 2684/2684/2684
f 2648/2648/2648 2685/2685/2685 2684/2684/2684
f 2648/2648/2648 2649/2649/2649 2685/2685/2685
f 2649/2649/2649 2686/2686/2686 2685/2685/2685
f 2649/2649/2649 2650/2650/2650 2686/2686/2686
f 2650/2650/2650 2687/2687/2687 2686/2686/2686
f 2650/2650/2650 2651/2651/2651 2687/2687/2687
f 2651/2651/2651 2688/2688/2688 2687/2687/2687
f 2651/2651/2651 2652/2652/2652 2688/2688/2688
f 2652/2652/2652 2689/2689/2689 2688/2688/2688
f 2652/2652/2652 2653/2653/2653 2689/2689/2689
f 2653/2653/2653 2690/2690/2690 2689/2689/2689
f 2653/2653/2653 2654/2654/2654 2690/2690/2690
f 2654/2654/2654 2691/2691/2691 2690/2690/2690
f 2654/2654/2654 2655/2655/2655 2691/2691/2691
f 2655/2655/2655 2692/2692/2692 2691/2691/2691
f 2655/2655/2655 2656/2656/2656 2692/2692/2692
f 2656/2656/2656 2693/2693/2693 2692/2692/2692
f 2656/2656/2656 2657/2657/2657 2693/2693/2693
f 2657/2657/2657 2694/2694/2694 2693/2693/2693
f 2657/2657/2657 2658/2658/2658 2694/2694/2694
f 2658/2658/2658 2695/2695/2695 2694/2694/2694
f 2658/2658/2658 2659/2659/2659 2695/2695/2695
f 2659/2659/2659 2696/2696/2696 2695/2695/2695
f 2659/2659/2659 2660/2660/2660 2696/2696/2696
f 2660/2660/2660 2697/2697/2697 2696/2696/2696
f 2660/2660/2660 2661/2661/2661 2697/2697/2697
f 2661/2661/2661 2698/2698/2698 2697/2697/2697
f 2661/2661/2661 2662/2662/2662 2698/2698/2698
f 2662/2662/2662 2699/2699/2699 2698/2698/2698
f 2662/2662/2662 2663/2663/2663 2699/2699/2699
f 2663/2663/2663 2700/2700/2700 2699/2699/2699
f 2663/2663/2663 2664/2664/2664 2700/2700/2700
f 2664/2664/2664 2701/2701/2701 2700/2700/2700
f 2665/2665/2665 2666/2666/2666 2702/2702/2702
f 2666/2666/2666 2703/2703/2703 2702/2702/2702
f 2666/2666/2666 2667/2667/2667 2703/2703/2703
f 2667/2667/2667 2704/2704/2704 2703/2703/2703
f 2667/2667/2667 2668/2668/2668 2704/2704/2704
f 2668/2668/2668 2705/2705/2705 2704/2704/2704
f 2668/2668/2668 2669/2669/2669 2705/2705/2705
f 2669/2669/2669 2706/2706/2706 2705/2705/2705
f 2669/2669/2669 2670/2670/2670 2706/2706/2706
f 2670/2670/2670 2707/2707/2707 2706/2706/2706
f 2670/2670/2670 2671/2671/2671 2707/2707/2707
f 2671/2671/2671 2708/2708/2708 2707/2707/2707
f 2671/2671/2671 2672/2672/2672 2708/2708/2708
f 2672/2672/2672 2709/2709/2709 2708/2708/2708
f 2672/2672/2672 2673/2673/2673 2709/2709/2709
f 2673/2673/2673 2710/2710/2710 2709/2709/2709
f 2673/2673/2673 2674/2674/2674 2710/2710/2710
f 2674/2674/2674 2711/2711/2711 2710/2710/2710
f 2674/2674/2674 2675/2675/2675 2711/2711/2711
f 2675/2675/2675 2712/2712/2712 2711/2711/2711
f 2675/2675/2675 2676/2676/2676 2712/2712/2712
f 2676/2676/2676 2713/2713/2713 2712/2712/2712
f 2676/2676/2676 2677/2677/2677 2713/2713/2713
f 2677/2677/2677 2714/2714/2714 2713/2713/2713
f 2677/2677/2677 2678/2678/2678 2714/2714/2714
f 2678/2678/2678 2715/2715/2715 2714/2714/2714
f 2678/2678/2678 2679/2679/2679 2715/2715/2715
f 2679/2679/2679 2716/2716/2716 2715/2715/2715
f 2679/2679/2679 2680/2680/2680 2716/2716/2716
f 2680/2680/2680 2717/2717/2717 2716/2716/2716
f 2680/2680/2680 2681/2681/2681 2717/2717/2717
f 2681/2681/2681 2718/2718/2718 2717/2717/2717
f 2681/2681/2681 2682/2682/2682 2718/2718/2718
f 2682/2682/2682 2719/2719/2719 2718/2718/2718
f 2682/2682/2682 2683/2683/2683 2719/2719/2719
f 2683/2683/2683 2720/2720/2720 2719/2719/2719
f 2683/2683/2683 2684/2684/2684 2720/2720/2720
f 2684/2684/2684 2721/2721/2721 2720/2720/2720
f 2684/2684/2684 2685/2685/2685 2721/2721/2721
f 2685/2685/2685 2722/2722/2722 2721/2721/2721
f 2685/2685/2685 2686/2686/2686 2722/2722/2722
f 2686/2686/2686 2723/2723/2723 2722/2722/2722
f 2686/2686/2686 2687/2687/2687 2723/2723/2723
f 2687/2687/2687 2724/2724/2724 2723/2723/2723
f 2687/2687/2687 2688/2688/2688 2724/2724/2724
f 2688/2688/2688 2725/2725/2725 2724/2724/2724
f 2688/2688/2688 2689/2689/2689 2725/2725/2725
f 2689/2689/2689 2726/2726/2726 2725/2725/2725
f 2689/2689/2689 2690/2690/2690 2726/2726/2726
f 2690/2690/2690 2727/2727/2727 2726/2726/2726
f 2690/2690/2690 2691/2691/2691 2727/2727/2727
f 2691/2691/2691 2728/2728/2728 2727/2727/2727
f 2691/2691/2691 2692/2692/2692 2728/2728/2728
f 2692/2692/2692 2729/2729/2729 2728/2728/2728
f 2692/2692/2692 2693/2693/2693 2729/2729/2729
f 2693/2693/2693 2730/2730/2730 2729/2729/2729
f 2693/2693/2693 2694/2694/2694 2730/2730/2730
f 2694/2694/2694 2731/2731/2731 2730/2730/2730
f 2694/2694/2694 2695/2695/2695 2731/2731/2731
f 2695/2695/2695 2732/2732/2732 2731/2731/2731
f 2695/2695/2695 2696/2696/2696 2732/2732/2732
f 2696/2696/2696 2733/2733/2733 2732/2732/2732
f 2696/2696/2696 2697/2697/2697 2733/2733/2733
f 2697/2697/2697 2734/2734/2734 2733/2733/2733
f 2697/2697/2697 2698/2698/2698 2734/2734/2734
f 2698/2698/2698 2735/2735/2735 2734/2734/2734
f 2698/2698/2698 2699/2699/2699 2735/2735/2735
f 2699/2699/2699 2736/2736/2736 2735/2735/2735
f 2699/2699/2699 2700/2700/2700 2736/2736/2736
f 2700/2700/2700 2737/2737/2737 2736/2736/2736
f 2700/2700/2700 2701/2701/2701 2737/2737/2737
f 2701/2701/2701 2738/2738/2738 2737/2737/2737
f 2702/2702/2702 2703/2703/2703 2739/2739/2739
f 2703/2703/2703 2740/2740/2740 2739/2739/2739
f 2703/2703/2703 2704/2704/2704 2740/2740/2740
f 2704/2704/2704 2741/2741/2741 2740/2740/2740
f 2704/2704/2704 2705/2705/2705 2741/2741/2741
f 2705/2705/2705 2742/2742/2742 2741/2741/2741
f 2705/2705/2705 2706/2706/2706 2742/2742/2742
f 2706/2706/2706 2743/2743/2743 2742/2742/2742
f 2706/2706/2706 2707/2707/2707 2743/2743/2743
f 2707/2707/2707 2744/2744/2744 2743/2743/2743
f 2707/2707/2707 2708/2708/2708 2744/2744/2744
f 2708/2708/2708 2745/2745/2745 2744/2744/2744
f 2708/2708/2708 2709/2709/2709 2745/2745/2745
f 2709/2709/2709 2746/2746/2746 2745/2745/2745
f 2709/2709/2709 2710/2710/2710 2746/2746/2746
f 2710/2710/2710 2747/2747/2747 2746/2746/2746
f 2710/2710/2710 2711/2711/2711 2747/2747/2747
f 2711/2711/2711 2748/2748/2748 2747/2747/2747
f 2711/2711/2711 2712/2712/2712 2748/2748/2748
f 2712/2712/2712 2749/2749/2749 2748/2748/2748
f 2712/2712/2712 2713/2713/2713 2749/2749/2749
f 2713/2713/2713 2750/2750/2750 2749/2749/2749
f 2713/2713/2713 2714/2714/2714 2750/2750/2750
f 2714/2714/2714 2751/2751/2751 2750/2750/2750
f 2714/2714/2714 2715/2715/2715 2751/2751/2751
f 2715/2715/2715 2752/2752/2752 2751/2751/2751
f 2715/2715/2715 2716/2716/2716 2752/2752/2752
f 2716/2716/2716 2753/2753/2753 2752/2752/2752
f 2716/2716/2716 2717/2717/2717 2753/2753/2753
f 2717/2717/2717 2754/2754/2754 2753/2753/2753
f 2717/2717/2717 2718/2718/2718 2754/2754/2754
f 2718/2718/2718 2755/2755/2755 2754/2754/2754
f 2718/2718/2718 2719/2719/2719 2755/2755/2755
f 2719/2719/2719 2756/2756/2756 2755/2755/2755
f 2719/2719/2719 2720/2720/2720 2756/2756/2756
f 2720/2720/2720 2757/2757/2757 2756/2756/2756
f 2720/2720/2720 2721/2721/2721 2757/2757/2757
f 2721/2721/2721 2758/2758/2758 2757/2757/2757
f 2721/2721/2721 2722/2722/2722 2758/2758/2758
f 2722/2722/2722 2759/2759/2759 2758/2758/2758
f 2722/2722/2722 2723/2723/2723 2759/2759/2759
f 2723/2723/2723 2760/2760/2760 2759/2759/2759
f 2723/2723/2723 2724/2724/2724 2760/2760/2760
f 2724/2724/2724 2761/2761/2761 2760/2760/2760
f 2724/2724/2724 2725/2725/2725 2761/2761/2761
f 2725/2725/2725 2762/2762/2762 2761/2761/2761
f 2725/2725/2725 2726/2726/2726 2762/2762/2762
f 2726/2726/2726 2763/2763/2763 2762/2762/2762
f 2726/2726/2726 2727/2727/2727 2763/2763/2763
f 2727/2727/2727 2764/2764/2764 2763/2763/2763
f 2727/2727/2727 2728/2728/2728 2764/2764/2764
f 2728/2728/2728 2765/2765/2765 2764/2764/2764
f 2728/2728/2728 2729/2729/2729 2765/2765/2765
f 2729/2729/2729 2766/2766/2766 2765/2765/2765
f 2729/2729/2729 2730/2730/2730 2766/2766/2766
f 2730/2730/2730 2767/2767/2767 2766/2766/2766
f 2730/2730/2730 2731/2731/2731 2767/2767/2767
f 2731/2731/2731 2768/2768/2768 2767/2767/2767
f 2731/2731/2731 2732/2732/2732 2768/2768/2768
f 2732/2732/2732 2769/2769/2769 2768/2768/2768
f 2732/2732/2732 2733/2733/2733 2769/2769/2769
f 2733/2733/2733 2770/2770/2770 2769/2769/2769
f 2733/2733/2733 2734/2734/2734 2770/2770/2770
f 2734/2734/2734 2771/2771/2771 2770/2770/2770
f 2734/2734/2734 2735/2735/2735 2771/2771/2771
f 2735/2735/2735 2772/2772/2772 2771/2771/2771
f 2735/2735/2735 2736/2736/2736 2772/2772/2772
f 2736/2736/2736 2773/2773/2773 2772/2772/2772
f 2736/2736/2736 2737/2737/2737 2773/2773/2773
f 2737/2737/2737 2774/2774/2774 2773/2773/2773
f 2737/2737/2737 2738/2738/2738 2774/2774/2774
f 2738/2738/2738 2775/2775/2775 2774/2774/2774
o machined-collar_part_3
usemtl part_3
v 0.211 -2.404126e-08 0.55
v 0.209984 -0.02068164 0.55
v 0.2069457 -0.04116408 0.55
v 0.2019144 -0.06125009 0.55
v 0.1949386 -0.08074623 0.55
v 0.1860854 -0.09946473 0.55
v 0.1754401 -0.1172253 0.55
v 0.1631052 -0.133857 0.55
v 0.1491995 -0.1491996 0.55
v 0.133857 -0.1631052 0.55
v 0.1172253 -0.1754401 0.55
v 0.09946469 -0.1860854 0.55
v 0.0807462 -0.1949386 0.55
v 0.06125006 -0.2019144 0.55
v 0.04116404 -0.2069457 0.55
v 0.02068161 -0.209984 0.55
v -9.223103e-09 -0.211 0.55
v -0.02068163 -0.209984 0.55
v -0.04116406 -0.2069457 0.55
v -0.06125007 -0.2019144 0.55
v -0.08074622 -0.1949386 0.55
v -0.09946473 -0.1860854 0.55
v -0.1172253 -0.1754401 0.55
v -0.133857 -0.1631052 0.55
v -0.1491995 -0.1491996 0.55
v -0.1631052 -0.133857 0.55
v -0.1754401 -0.1172253 0.55
v -0.1860854 -0.09946471 0.55
v -0.1949386 -0.08074619 0.55
v -0.2019144 -0.06125009 0.55
v -0.2069457 -0.04116407 0.55
v -0.209984 -0.02068163 0.55
v -0.211 -5.595057e-09 0.55
v -0.209984 0.02068162 0.55
v -0.2069457 0.04116407 0.55
v -0.2019144 0.06125008 0.55
v -0.1949386 0.08074617 0.55
v -0.1860854 0.09946469 0.55
v -0.1754401 0.1172253 0.55
v -0.1631052 0.133857 0.55
v -0.1491995 0.1491995 0.55
v -0.133857 0.1631052 0.55
v -0.1172253 0.1754401 0.55
v -0.0994647 0.1860854 0.55
v -0.08074614 0.1949386 0.55
v -0.06125004 0.2019144 0.55
v -0.04116407 0.2069457 0.55
v -0.02068157 0.2099839 0.55
v 2.51615e-09 0.211 0.55
v 0.02068168 0.2099839 0.55
v 0.04116408 0.2069457 0.55
v 0.06125014 0.2019144 0.55
v 0.08074624 0.1949385 0.55
v 0.09946471 0.1860854 0.55
v 0.1172253 0.17544 0.55
v 0.133857 0.1631052 0.55
v 0.1491996 0.1491994 0.55
v 0.1631052 0.1338569 0.55
v 0.1754401 0.1172253 0.55
v 0.1860854 0.09946465 0.55
v 0.1949386 0.08074617 0.55
v 0.2019144 0.06124999 0.55
v 0.2069457 0.04116401 0.55
v 0.209984 0.02068151 0.55
v 0.211 -6.093367e-08 0.55
v 0.2095263 -2.446198e-08 0.559625
v 0.2085174 -0.02053719 0.559625
v 0.2055003 -0.04087657 0.559625
v 0.2005042 -0.0608223 0.559625
v 0.193577 -0.08018227 0.559625
v 0.1847857 -0.09877003 0.559625
v 0.1742147 -0.1164066 0.559625
v 0.161966 -0.1329221 0.559625
v 0.1481575 -0.1481575 0.559625
v 0.1329221 -0.161966 0.559625
v 0.1164066 -0.1742148 0.559625
v 0.09876999 -0.1847857 0.559625
v 0.08018223 -0.1935771 0.559625
v 0.06082226 -0.2005042 0.559625
v 0.04087653 -0.2055003 0.559625
v 0.02053717 -0.2085174 0.559625
v -9.158684e-09 -0.2095263 0.559625
v -0.02053718 -0.2085174 0.559625
v -0.04087655 -0.2055003 0.559625
v -0.06082228 -0.2005042 0.559625
v -0.08018225 -0.1935771 0.559625
v -0.09877002 -0.1847857 0.559625
v -0.1164066 -0.1742148 0.559625
v -0.1329221 -0.161966 0.559625
v -0.1481575 -0.1481575 0.559625
v -0.161966 -0.1329221 0.559625
v -0.1742148 -0.1164066 0.559625
v -0.1847857 -0.09877001 0.559625
v -0.1935771 -0.08018222 0.559625
v -0.2005042 -0.0608223 0.559625
v -0.2055003 -0.04087657 0.559625
v -0.2085174 -0.02053718 0.559625
v -0.2095263 -6.144615e-09 0.559625
v -0.2085174 0.02053717 0.559625
v -0.2055003 0.04087656 0.559625
v -0.2005041 0.06082229 0.559625
v -0.193577 0.08018221 0.559625
v -0.1847857 0.09876999 0.559625
v -0.1742147 0.1164066 0.559625
v -0.161966 0.1329221 0.559625
v -0.1481574 0.1481574 0.559625
v -0.1329221 0.161966 0.559625
v -0.1164065 0.1742147 0.559625
v -0.09876999 0.1847857 0.559625
v -0.08018217 0.1935771 0.559625
v -0.06082224 0.2005041 0.559625
v -0.04087656 0.2055003 0.559625
v -0.02053712 0.2085173 0.559625
v 2.498576e-09 0.2095263 0.559625
v 0.02053723 0.2085173 0.559625
v 0.04087657 0.2055003 0.559625
v 0.06082234 0.2005041 0.559625
v 0.08018228 0.193577 0.559625
v 0.09877 0.1847857 0.559625
v 0.1164066 0.1742147 0.559625
v 0.1329221 0.161966 0.559625
v 0.1481575 0.1481574 0.559625
v 0.161966 0.132922 0.559625
v 0.1742147 0.1164066 0.559625
v 0.1847857 0.09876994 0.559625
v 0.193577 0.08018221 0.559625
v 0.2005042 0.06082219 0.559625
v 0.2055003 0.04087651 0.559625
v 0.2085174 0.02053707 0.559625
v 0.2095263 -6.109673e-08 0.559625
v 0.2055 -2.476997e-08 0.566671
v 0.2045105 -0.02014255 0.566671
v 0.2015514 -0.04009109 0.566671
v 0.1966513 -0.05965353 0.566671
v 0.1898572 -0.07864147 0.566671
v 0.1812348 -0.09687205 0.566671
v 0.170867 -0.1141697 0.566671
v 0.1588537 -0.1303679 0.566671
v 0.1453104 -0.1453105 0.566671
v 0.1303678 -0.1588537 0.566671
v 0.1141697 -0.170867 0.566671
v 0.09687202 -0.1812349 0.566671
v 0.07864144 -0.1898573 0.566671
v 0.0596535 -0.1966513 0.566671
v 0.04009105 -0.2015514 0.566671
v 0.02014252 -0.2045105 0.566671
v -8.982691e-09 -0.2055 0.566671
v -0.02014254 -0.2045105 0.566671
v -0.04009106 -0.2015514 0.566671
v -0.05965352 -0.1966513 0.566671
v -0.07864147 -0.1898573 0.566671
v -0.09687205 -0.1812349 0.566671
v -0.1141697 -0.170867 0.566671
v -0.1303678 -0.1588537 0.566671
v -0.1453104 -0.1453105 0.566671
v -0.1588537 -0.1303679 0.566671
v -0.170867 -0.1141697 0.566671
v -0.1812349 -0.09687203 0.566671
v -0.1898573 -0.07864144 0.566671
v -0.1966513 -0.05965354 0.566671
v -0.2015514 -0.04009108 0.566671
v -0.2045105 -0.02014254 0.566671
v -0.2055 -6.804592e-09 0.566671
v -0.2045105 0.02014253 0.566671
v -0.2015514 0.04009108 0.566671
v -0.1966512 0.05965352 0.566671
v -0.1898572 0.07864142 0.566671
v -0.1812348 0.09687202 0.566671
v -0.170867 0.1141697 0.566671
v -0.1588536 0.1303678 0.566671
v -0.1453104 0.1453104 0.566671
v -0.1303678 0.1588536 0.566671
v -0.1141696 0.170867 0.566671
v -0.09687202 0.1812348 0.566671
v -0.07864138 0.1898573 0.566671
v -0.05965347 0.1966512 0.566671
v -0.04009108 0.2015513 0.566671
v -0.02014248 0.2045105 0.566671
v 2.450563e-09 0.2055 0.566671
v 0.02014258 0.2045105 0.566671
v 0.04009108 0.2015513 0.566671
v 0.05965358 0.1966512 0.566671
v 0.07864149 0.1898572 0.566671
v 0.09687202 0.1812348 0.566671
v 0.1141697 0.170867 0.566671
v 0.1303678 0.1588536 0.566671
v 0.1453105 0.1453104 0.566671
v 0.1588537 0.1303678 0.566671
v 0.170867 0.1141697 0.566671
v 0.1812349 0.09687197 0.566671
v 0.1898573 0.07864142 0.566671
v 0.1966513 0.05965342 0.566671
v 0.2015514 0.04009102 0.566671
v 0.2045105 0.02014242 0.566671
v 0.2055 -6.070074e-08 0.566671
v 0.2 -2.488271e-08 0.56925
v 0.1990369 -0.01960345 0.56925
v 0.1961571 -0.03901809 0.56925
v 0.1913881 -0.05805696 0.56925
v 0.1847759 -0.07653672 0.56925
v 0.1763843 -0.09427937 0.56925
v 0.1662939 -0.1111141 0.56925
v 0.1546021 -0.1268787 0.56925
v 0.1414214 -0.1414214 0.56925
v 0.1268787 -0.1546021 0.56925
v 0.111114 -0.166294 0.56925
v 0.09427933 -0.1763843 0.56925
v 0.07653669 -0.1847759 0.56925
v 0.05805693 -0.1913881 0.56925
v 0.03901805 -0.1961571 0.56925
v 0.01960343 -0.199037 0.56925
v -8.742278e-09 -0.2 0.56925
v -0.01960344 -0.199037 0.56925
v -0.03901806 -0.1961571 0.56925
v -0.05805695 -0.1913881 0.56925
v -0.07653671 -0.1847759 0.56925
v -0.09427937 -0.1763843 0.56925
v -0.1111141 -0.1662939 0.56925
v -0.1268787 -0.1546021 0.56925
v -0.1414214 -0.1414214 0.56925
v -0.1546021 -0.1268787 0.56925
v -0.1662939 -0.1111141 0.56925
v -0.1763843 -0.09427935 0.56925
v -0.1847759 -0.07653668 0.56925
v -0.1913881 -0.05805697 0.56925
v -0.1961571 -0.03901808 0.56925
v -0.1990369 -0.01960344 0.56925
v -0.2 -7.398151e-09 0.56925
v -0.1990369 0.01960343 0.56925
v -0.1961571 0.03901808 0.56925
v -0.1913881 0.05805695 0.56925
v -0.1847759 0.07653666 0.56925
v -0.1763843 0.09427933 0.56925
v -0.1662939 0.111114 0.56925
v -0.1546021 0.1268786 0.56925
v -0.1414213 0.1414213 0.56925
v -0.1268787 0.1546021 0.56925
v -0.111114 0.1662939 0.56925
v -0.09427934 0.1763842 0.56925
v -0.07653663 0.1847759 0.56925
v -0.05805691 0.191388 0.56925
v -0.03901808 0.196157 0.56925
v -0.01960339 0.1990369 0.56925
v 2.384976e-09 0.2 0.56925
v 0.01960349 0.1990369 0.56925
v 0.03901808 0.196157 0.56925
v 0.05805701 0.191388 0.56925
v 0.07653672 0.1847759 0.56925
v 0.09427934 0.1763842 0.56925
v 0.1111141 0.1662939 0.56925
v 0.1268787 0.1546021 0.56925
v 0.1414214 0.1414213 0.56925
v 0.1546021 0.1268786 0.56925
v 0.1662939 0.111114 0.56925
v 0.1763843 0.09427929 0.56925
v 0.1847759 0.07653666 0.56925
v 0.1913881 0.05805686 0.56925
v 0.1961571 0.03901802 0.56925
v 0.199037 0.01960333 0.56925
v 0.2 -5.985181e-08 0.56925
v 0.1945 -2.476997e-08 0.566671
v 0.1935634 -0.01906436 0.566671
v 0.1907627 -0.03794509 0.566671
v 0.1861249 -0.05646039 0.566671
v 0.1796946 -0.07443196 0.566671
v 0.1715337 -0.09168669 0.566671
v 0.1617208 -0.1080584 0.566671
v 0.1503505 -0.1233895 0.566671
v 0.1375323 -0.1375323 0.566671
v 0.1233895 -0.1503506 0.566671
v 0.1080584 -0.1617209 0.566671
v 0.09168665 -0.1715337 0.566671
v 0.07443193 -0.1796946 0.566671
v 0.05646036 -0.1861249 0.566671
v 0.03794505 -0.1907628 0.566671
v 0.01906433 -0.1935635 0.566671
v -8.501865e-09 -0.1945 0.566671
v -0.01906435 -0.1935635 0.566671
v -0.03794507 -0.1907628 0.566671
v -0.05646038 -0.1861249 0.566671
v -0.07443195 -0.1796946 0.566671
v -0.09168669 -0.1715337 0.566671
v -0.1080584 -0.1617209 0.566671
v -0.1233895 -0.1503506 0.566671
v -0.1375323 -0.1375323 0.566671
v -0.1503505 -0.1233895 0.566671
v -0.1617209 -0.1080584 0.566671
v -0.1715337 -0.09168667 0.566671
v -0.1796946 -0.07443192 0.566671
v -0.1861249 -0.0564604 0.566671
v -0.1907627 -0.03794509 0.566671
v -0.1935634 -0.01906435 0.566671
v -0.1945 -7.766245e-09 0.566671
v -0.1935634 0.01906433 0.566671
v -0.1907627 0.03794508 0.566671
v -0.1861249 0.05646038 0.566671
v -0.1796946 0.0744319 0.566671
v -0.1715337 0.09168665 0.566671
v -0.1617208 0.1080584 0.566671
v -0.1503505 0.1233895 0.566671
v -0.1375322 0.1375322 0.566671
v -0.1233895 0.1503505 0.566671
v -0.1080584 0.1617208 0.566671
v -0.09168666 0.1715337 0.566671
v -0.07443187 0.1796946 0.566671
v -0.05646035 0.1861249 0.566671
v -0.03794508 0.1907627 0.566671
v -0.01906429 0.1935634 0.566671
v 2.319389e-09 0.1945 0.566671
v 0.01906439 0.1935634 0.566671
v 0.03794508 0.1907627 0.566671
v 0.05646044 0.1861248 0.566671
v 0.07443196 0.1796945 0.566671
v 0.09168666 0.1715337 0.566671
v 0.1080584 0.1617208 0.566671
v 0.1233895 0.1503505 0.566671
v 0.1375323 0.1375322 0.566671
v 0.1503506 0.1233894 0.566671
v 0.1617208 0.1080584 0.566671
v 0.1715337 0.09168661 0.566671
v 0.1796946 0.0744319 0.566671
v 0.1861249 0.05646029 0.566671
v 0.1907627 0.03794503 0.566671
v 0.1935634 0.01906424 0.566671
v 0.1945 -5.877743e-08 0.566671
v 0.1904737 -2.446199e-08 0.559625
v 0.1895565 -0.01866972 0.559625
v 0.1868138 -0.0371596 0.559625
v 0.182272 -0.05529163 0.559625
v 0.1759748 -0.07289116 0.559625
v 0.1679828 -0.08978872 0.559625
v 0.1583731 -0.1058216 0.559625
v 0.1472382 -0.1208353 0.559625
v 0.1346853 -0.1346853 0.559625
v 0.1208352 -0.1472382 0.559625
v 0.1058215 -0.1583731 0.559625
v 0.08978868 -0.1679829 0.559625
v 0.07289114 -0.1759748 0.559625
v 0.05529159 -0.182272 0.559625
v 0.03715956 -0.1868139 0.559625
v 0.01866969 -0.1895566 0.559625
v -8.325872e-09 -0.1904738 0.559625
v -0.01866971 -0.1895566 0.559625
v -0.03715958 -0.1868138 0.559625
v -0.05529161 -0.182272 0.559625
v -0.07289115 -0.1759748 0.559625
v -0.08978871 -0.1679828 0.559625
v -0.1058215 -0.1583731 0.559625
v -0.1208352 -0.1472382 0.559625
v -0.1346853 -0.1346853 0.559625
v -0.1472382 -0.1208353 0.559625
v -0.1583731 -0.1058215 0.559625
v -0.1679828 -0.08978869 0.559625
v -0.1759748 -0.07289113 0.559625
v -0.182272 -0.05529163 0.559625
v -0.1868138 -0.0371596 0.559625
v -0.1895565 -0.01866971 0.559625
v -0.1904737 -7.810243e-09 0.559625
v -0.1895565 0.01866969 0.559625
v -0.1868138 0.03715959 0.559625
v -0.182272 0.05529162 0.559625
v -0.1759748 0.07289112 0.559625
v -0.1679828 0.08978868 0.559625
v -0.1583731 0.1058215 0.559625
v -0.1472382 0.1208352 0.559625
v -0.1346852 0.1346852 0.559625
v -0.1208353 0.1472382 0.559625
v -0.1058215 0.1583731 0.559625
v -0.08978868 0.1679828 0.559625
v -0.07289108 0.1759748 0.559625
v -0.05529157 0.182272 0.559625
v -0.03715959 0.1868138 0.559625
v -0.01866965 0.1895565 0.559625
v 2.271376e-09 0.1904737 0.559625
v 0.01866974 0.1895565 0.559625
v 0.0371596 0.1868138 0.559625
v 0.05529167 0.1822719 0.559625
v 0.07289117 0.1759747 0.559625
v 0.08978869 0.1679828 0.559625
v 0.1058216 0.1583731 0.559625
v 0.1208353 0.1472382 0.559625
v 0.1346853 0.1346852 0.559625
v 0.1472382 0.1208352 0.559625
v 0.1583731 0.1058215 0.559625
v 0.1679828 0.08978863 0.559625
v 0.1759748 0.07289112 0.559625
v 0.182272 0.05529153 0.559625
v 0.1868138 0.03715954 0.559625
v 0.1895566 0.01866959 0.559625
v 0.1904737 -5.776547e-08 0.559625
v 0.189 -2.404126e-08 0.55
v 0.1880899 -0.01852527 0.55
v 0.1853684 -0.03687209 0.55
v 0.1808617 -0.05486383 0.55
v 0.1746132 -0.0723272 0.55
v 0.1666831 -0.08909401 0.55
v 0.1571478 -0.1050028 0.55
v 0.146099 -0.1199004 0.55
v 0.1336432 -0.1336432 0.55
v 0.1199003 -0.146099 0.55
v 0.1050028 -0.1571478 0.55
v 0.08909397 -0.1666832 0.55
v 0.07232717 -0.1746133 0.55
v 0.05486379 -0.1808618 0.55
v 0.03687206 -0.1853684 0.55
v 0.01852524 -0.1880899 0.55
v -8.261453e-09 -0.189 0.55
v -0.01852526 -0.1880899 0.55
v -0.03687207 -0.1853684 0.55
v -0.05486381 -0.1808617 0.55
v -0.07232719 -0.1746133 0.55
v -0.08909401 -0.1666832 0.55
v -0.1050028 -0.1571478 0.55
v -0.1199003 -0.146099 0.55
v -0.1336432 -0.1336432 0.55
v -0.146099 -0.1199004 0.55
v -0.1571478 -0.1050028 0.55
v -0.1666831 -0.08909398 0.55
v -0.1746133 -0.07232716 0.55
v -0.1808617 -0.05486383 0.55
v -0.1853684 -0.03687209 0.55
v -0.1880899 -0.01852526 0.55
v -0.189 -7.518357e-09 0.55
v -0.1880899 0.01852524 0.55
v -0.1853684 0.03687208 0.55
v -0.1808617 0.05486382 0.55
v -0.1746132 0.07232714 0.55
v -0.1666831 0.08909397 0.55
v -0.1571478 0.1050028 0.55
v -0.146099 0.1199003 0.55
v -0.1336432 0.1336432 0.55
v -0.1199003 0.1460989 0.55
v -0.1050027 0.1571478 0.55
v -0.08909398 0.1666831 0.55
v -0.07232711 0.1746132 0.55
v -0.05486378 0.1808617 0.55
v -0.03687209 0.1853684 0.55
v -0.0185252 0.1880899 0.55
v 2.253802e-09 0.189 0.55
v 0.01852529 0.1880899 0.55
v 0.03687209 0.1853684 0.55
v 0.05486387 0.1808617 0.55
v 0.0723272 0.1746132 0.55
v 0.08909398 0.1666831 0.55
v 0.1050028 0.1571477 0.55
v 0.1199003 0.1460989 0.55
v 0.1336432 0.1336431 0.55
v 0.146099 0.1199003 0.55
v 0.1571478 0.1050028 0.55
v 0.1666831 0.08909392 0.55
v 0.1746132 0.07232714 0.55
v 0.1808617 0.05486373 0.55
v 0.1853684 0.03687203 0.55
v 0.1880899 0.01852515 0.55
v 0.189 -5.708707e-08 0.55
v 0.1904737 -2.362054e-08 0.540375
v 0.1895565 -0.01866972 0.540375
v 0.1868138 -0.0371596 0.540375
v 0.182272 -0.05529163 0.540375
v 0.1759748 -0.07289116 0.540375
v 0.1679828 -0.08978872 0.540375
v 0.1583731 -0.1058216 0.540375
v 0.1472382 -0.1208353 0.540375
v 0.1346853 -0.1346853 0.540375
v 0.1208352 -0.1472382 0.540375
v 0.1058215 -0.1583731 0.540375
v 0.08978868 -0.1679829 0.540375
v 0.07289114 -0.1759748 0.540375
v 0.05529159 -0.182272 0.540375
v 0.03715956 -0.1868139 0.540375
v 0.01866969 -0.1895566 0.540375
v -8.325872e-09 -0.1904738 0.540375
v -0.01866971 -0.1895566 0.540375
v -0.03715958 -0.1868138 0.540375
v -0.05529161 -0.182272 0.540375
v -0.07289115 -0.1759748 0.540375
v -0.08978871 -0.1679828 0.540375
v -0.1058215 -0.1583731 0.540375
v -0.1208352 -0.1472382 0.540375
v -0.1346853 -0.1346853 0.540375
v -0.1472382 -0.1208353 0.540375
v -0.1583731 -0.1058215 0.540375
v -0.1679828 -0.08978869 0.540375
v -0.1759748 -0.07289113 0.540375
v -0.182272 -0.05529163 0.540375
v -0.1868138 -0.0371596 0.540375
v -0.1895565 -0.01866971 0.540375
v -0.1904737 -6.968799e-09 0.540375
v -0.1895565 0.01866969 0.540375
v -0.1868138 0.03715959 0.540375
v -0.182272 0.05529162 0.540375
v -0.1759748 0.07289112 0.540375
v -0.1679828 0.08978868 0.540375
v -0.1583731 0.1058215 0.540375
v -0.1472382 0.1208352 0.540375
v -0.1346852 0.1346852 0.540375
v -0.1208353 0.1472382 0.540375
v -0.1058215 0.1583731 0.540375
v -0.08978868 0.1679828 0.540375
v -0.07289108 0.1759748 0.540375
v -0.05529157 0.182272 0.540375
v -0.03715959 0.1868138 0.540375
v -0.01866965 0.1895565 0.540375
v 2.271376e-09 0.1904737 0.540375
v 0.01866974 0.1895565 0.540375
v 0.0371596 0.1868138 0.540375
v 0.05529167 0.1822719 0.540375
v 0.07289117 0.1759747 0.540375
v 0.08978869 0.1679828 0.540375
v 0.1058216 0.1583731 0.540375
v 0.1208353 0.1472382 0.540375
v 0.1346853 0.1346852 0.540375
v 0.1472382 0.1208352 0.540375
v 0.1583731 0.1058215 0.540375
v 0.1679828 0.08978863 0.540375
v 0.1759748 0.07289112 0.540375
v 0.182272 0.05529153 0.540375
v 0.1868138 0.03715954 0.540375
v 0.1895566 0.01866959 0.540375
v 0.1904737 -5.692403e-08 0.540375
v 0.1945 -2.331255e-08 0.533329
v 0.1935634 -0.01906436 0.533329
v 0.1907627 -0.03794509 0.533329
v 0.1861249 -0.0564604 0.533329
v 0.1796946 -0.07443196 0.533329
v 0.1715337 -0.0916867 0.533329
v 0.1617208 -0.1080584 0.533329
v 0.1503505 -0.1233895 0.533329
v 0.1375323 -0.1375323 0.533329
v 0.1233895 -0.1503506 0.533329
v 0.1080584 -0.1617209 0.533329
v 0.09168666 -0.1715337 0.533329
v 0.07443193 -0.1796946 0.533329
v 0.05646036 -0.1861249 0.533329
v 0.03794505 -0.1907628 0.533329
v 0.01906433 -0.1935635 0.533329
v -8.501866e-09 -0.1945 0.533329
v -0.01906435 -0.1935635 0.533329
v -0.03794507 -0.1907628 0.533329
v -0.05646038 -0.1861249 0.533329
v -0.07443195 -0.1796946 0.533329
v -0.09168669 -0.1715337 0.533329
v -0.1080584 -0.1617209 0.533329
v -0.1233895 -0.1503506 0.533329
v -0.1375323 -0.1375323 0.533329
v -0.1503506 -0.1233895 0.533329
v -0.1617209 -0.1080584 0.533329
v -0.1715337 -0.09168667 0.533329
v -0.1796946 -0.07443193 0.533329
v -0.1861249 -0.0564604 0.533329
v -0.1907627 -0.03794509 0.533329
v -0.1935634 -0.01906435 0.533329
v -0.1945 -6.30882e-09 0.533329
v -0.1935634 0.01906434 0.533329
v -0.1907627 0.03794508 0.533329
v -0.1861249 0.05646039 0.533329
v -0.1796946 0.0744319 0.533329
v -0.1715337 0.09168666 0.533329
v -0.1617208 0.1080584 0.533329
v -0.1503505 0.1233895 0.533329
v -0.1375322 0.1375323 0.533329
v -0.1233895 0.1503505 0.533329
v -0.1080584 0.1617208 0.533329
v -0.09168666 0.1715337 0.533329
v -0.07443187 0.1796946 0.533329
v -0.05646035 0.1861249 0.533329
v -0.03794508 0.1907627 0.533329
v -0.01906429 0.1935634 0.533329
v 2.319389e-09 0.1945 0.533329
v 0.01906439 0.1935634 0.533329
v 0.03794509 0.1907627 0.533329
v 0.05646044 0.1861249 0.533329
v 0.07443196 0.1796945 0.533329
v 0.09168667 0.1715337 0.533329
v 0.1080585 0.1617208 0.533329
v 0.1233895 0.1503505 0.533329
v 0.1375323 0.1375322 0.533329
v 0.1503506 0.1233895 0.533329
v 0.1617208 0.1080584 0.533329
v 0.1715337 0.09168661 0.533329
v 0.1796946 0.0744319 0.533329
v 0.1861249 0.05646029 0.533329
v 0.1907627 0.03794503 0.533329
v 0.1935634 0.01906424 0.533329
v 0.1945 -5.732002e-08 0.533329
v 0.2 -2.319982e-08 0.53075
v 0.1990369 -0.01960345 0.53075
v 0.1961571 -0.03901809 0.53075
v 0.1913881 -0.05805696 0.53075
v 0.1847759 -0.07653672 0.53075
v 0.1763843 -0.09427937 0.53075
v 0.1662939 -0.1111141 0.53075
v 0.1546021 -0.1268787 0.53075
v 0.1414214 -0.1414214 0.53075
v 0.1268787 -0.1546021 0.53075
v 0.111114 -0.166294 0.53075
v 0.09427933 -0.1763843 0.53075
v 0.07653669 -0.1847759 0.53075
v 0.05805693 -0.1913881 0.53075
v 0.03901805 -0.1961571 0.53075
v 0.01960343 -0.199037 0.53075
v -8.742278e-09 -0.2 0.53075
v -0.01960344 -0.199037 0.53075
v -0.03901806 -0.1961571 0.53075
v -0.05805695 -0.1913881 0.53075
v -0.07653671 -0.1847759 0.53075
v -0.09427937 -0.1763843 0.53075
v -0.1111141 -0.1662939 0.53075
v -0.1268787 -0.1546021 0.53075
v -0.1414214 -0.1414214 0.53075
v -0.1546021 -0.1268787 0.53075
v -0.1662939 -0.1111141 0.53075
v -0.1763843 -0.09427935 0.53075
v -0.1847759 -0.07653668 0.53075
v -0.1913881 -0.05805697 0.53075
v -0.1961571 -0.03901808 0.53075
v -0.1990369 -0.01960344 0.53075
v -0.2 -5.715263e-09 0.53075
v -0.1990369 0.01960343 0.53075
v -0.1961571 0.03901808 0.53075
v -0.1913881 0.05805695 0.53075
v -0.1847759 0.07653666 0.53075
v -0.1763843 0.09427933 0.53075
v -0.1662939 0.111114 0.53075
v -0.1546021 0.1268786 0.53075
v -0.1414213 0.1414213 0.53075
v -0.1268787 0.1546021 0.53075
v -0.111114 0.1662939 0.53075
v -0.09427934 0.1763842 0.53075
v -0.07653663 0.1847759 0.53075
v -0.05805691 0.191388 0.53075
v -0.03901808 0.196157 0.53075
v -0.01960339 0.1990369 0.53075
v 2.384976e-09 0.2 0.53075
v 0.01960349 0.1990369 0.53075
v 0.03901808 0.196157 0.53075
v 0.05805701 0.191388 0.53075
v 0.07653672 0.1847759 0.53075
v 0.09427934 0.1763842 0.53075
v 0.1111141 0.1662939 0.53075
v 0.1268787 0.1546021 0.53075
v 0.1414214 0.1414213 0.53075
v 0.1546021 0.1268786 0.53075
v 0.1662939 0.111114 0.53075
v 0.1763843 0.09427929 0.53075
v 0.1847759 0.07653666 0.53075
v 0.1913881 0.05805686 0.53075
v 0.1961571 0.03901802 0.53075
v 0.199037 0.01960333 0.53075
v 0.2 -5.816893e-08 0.53075
v 0.2055 -2.331255e-08 0.533329
v 0.2045105 -0.02014255 0.533329
v 0.2015514 -0.04009109 0.533329
v 0.1966513 -0.05965353 0.533329
v 0.1898572 -0.07864147 0.533329
v 0.1812348 -0.09687205 0.533329
v 0.170867 -0.1141697 0.533329
v 0.1588537 -0.1303679 0.533329
v 0.1453104 -0.1453105 0.533329
v 0.1303678 -0.1588537 0.533329
v 0.1141697 -0.170867 0.533329
v 0.09687202 -0.1812349 0.533329
v 0.07864144 -0.1898573 0.533329
v 0.0596535 -0.1966513 0.533329
v 0.04009105 -0.2015514 0.533329
v 0.02014252 -0.2045105 0.533329
v -8.982691e-09 -0.2055 0.533329
v -0.02014254 -0.2045105 0.533329
v -0.04009106 -0.2015514 0.533329
v -0.05965352 -0.1966513 0.533329
v -0.07864147 -0.1898573 0.533329
v -0.09687205 -0.1812349 0.533329
v -0.1141697 -0.170867 0.533329
v -0.1303678 -0.1588537 0.533329
v -0.1453104 -0.1453105 0.533329
v -0.1588537 -0.1303679 0.533329
v -0.170867 -0.1141697 0.533329
v -0.1812349 -0.09687203 0.533329
v -0.1898573 -0.07864144 0.533329
v -0.1966513 -0.05965354 0.533329
v -0.2015514 -0.04009108 0.533329
v -0.2045105 -0.02014254 0.533329
v -0.2055 -5.34717e-09 0.533329
v -0.2045105 0.02014253 0.533329
v -0.2015514 0.04009108 0.533329
v -0.1966512 0.05965352 0.533329
v -0.1898572 0.07864142 0.533329
v -0.1812348 0.09687202 0.533329
v -0.170867 0.1141697 0.533329
v -0.1588536 0.1303678 0.533329
v -0.1453104 0.1453104 0.533329
v -0.1303678 0.1588536 0.533329
v -0.1141696 0.170867 0.533329
v -0.09687202 0.1812348 0.533329
v -0.07864138 0.1898573 0.533329
v -0.05965347 0.1966512 0.533329
v -0.04009108 0.2015513 0.533329
v -0.02014248 0.2045105 0.533329
v 2.450563e-09 0.2055 0.533329
v 0.02014258 0.2045105 0.533329
v 0.04009108 0.2015513 0.533329
v 0.05965358 0.1966512 0.533329
v 0.07864149 0.1898572 0.533329
v 0.09687202 0.1812348 0.533329
v 0.1141697 0.170867 0.533329
v 0.1303678 0.1588536 0.533329
v 0.1453105 0.1453104 0.533329
v 0.1588537 0.1303678 0.533329
v 0.170867 0.1141697 0.533329
v 0.1812349 0.09687197 0.533329
v 0.1898573 0.07864142 0.533329
v 0.1966513 0.05965342 0.533329
v 0.2015514 0.04009102 0.533329
v 0.2045105 0.02014242 0.533329
v 0.2055 -5.924332e-08 0.533329
v 0.2095263 -2.362054e-08 0.540375
v 0.2085174 -0.02053719 0.540375
v 0.2055003 -0.04087657 0.540375
v 0.2005042 -0.0608223 0.540375
v 0.193577 -0.08018227 0.540375
v 0.1847857 -0.09877003 0.540375
v 0.1742147 -0.1164066 0.540375
v 0.161966 -0.1329221 0.540375
v 0.1481575 -0.1481575 0.540375
v 0.1329221 -0.161966 0.540375
v 0.1164066 -0.1742148 0.540375
v 0.09876999 -0.1847857 0.540375
v 0.08018223 -0.1935771 0.540375
v 0.06082226 -0.2005042 0.540375
v 0.04087653 -0.2055003 0.540375
v 0.02053717 -0.2085174 0.540375
v -9.158684e-09 -0.2095263 0.540375
v -0.02053718 -0.2085174 0.540375
v -0.04087655 -0.2055003 0.540375
v -0.06082228 -0.2005042 0.540375
v -0.08018225 -0.1935771 0.540375
v -0.09877002 -0.1847857 0.540375
v -0.1164066 -0.1742148 0.540375
v -0.1329221 -0.161966 0.540375
v -0.1481575 -0.1481575 0.540375
v -0.161966 -0.1329221 0.540375
v -0.1742148 -0.1164066 0.540375
v -0.1847857 -0.09877001 0.540375
v -0.1935771 -0.08018222 0.540375
v -0.2005042 -0.0608223 0.540375
v -0.2055003 -0.04087657 0.540375
v -0.2085174 -0.02053718 0.540375
v -0.2095263 -5.303173e-09 0.540375
v -0.2085174 0.02053717 0.540375
v -0.2055003 0.04087656 0.540375
v -0.2005041 0.06082229 0.540375
v -0.193577 0.08018221 0.540375
v -0.1847857 0.09876999 0.540375
v -0.1742147 0.1164066 0.540375
v -0.161966 0.1329221 0.540375
v -0.1481574 0.1481574 0.540375
v -0.1329221 0.161966 0.540375
v -0.1164065 0.1742147 0.540375
v -0.09876999 0.1847857 0.5403751
v -0.08018217 0.1935771 0.5403751
v -0.06082224 0.2005041 0.5403751
v -0.04087656 0.2055003 0.5403751
v -0.02053712 0.2085173 0.5403751
v 2.498576e-09 0.2095263 0.5403751
v 0.02053723 0.2085173 0.5403751
v 0.04087657 0.2055003 0.5403751
v 0.06082234 0.2005041 0.5403751
v 0.08018228 0.193577 0.5403751
v 0.09877 0.1847857 0.5403751
v 0.1164066 0.1742147 0.540375
v 0.1329221 0.161966 0.540375
v 0.1481575 0.1481574 0.540375
v 0.161966 0.132922 0.540375
v 0.1742147 0.1164066 0.540375
v 0.1847857 0.09876994 0.540375
v 0.193577 0.08018221 0.540375
v 0.2005042 0.06082219 0.540375
v 0.2055003 0.04087651 0.540375
v 0.2085174 0.02053707 0.540375
v 0.2095263 -6.025527e-08 0.540375
v 0.211 -2.404126e-08 0.55
v 0.209984 -0.02068164 0.55
v 0.2069457 -0.04116408 0.55
v 0.2019144 -0.06125009 0.55
v 0.1949386 -0.08074623 0.55
v 0.1860854 -0.09946473 0.55
v 0.1754401 -0.1172253 0.55
v 0.1631052 -0.133857 0.55
v 0.1491995 -0.1491996 0.55
v 0.133857 -0.1631052 0.55
v 0.1172253 -0.1754401 0.55
v 0.09946469 -0.1860854 0.55
v 0.0807462 -0.1949386 0.55
v 0.06125006 -0.2019144 0.55
v 0.04116404 -0.2069457 0.55
v 0.02068161 -0.209984 0.55
v -9.223103e-09 -0.211 0.55
v -0.02068163 -0.209984 0.55
v -0.04116406 -0.2069457 0.55
v -0.06125007 -0.2019144 0.55
v -0.08074622 -0.1949386 0.55
v -0.09946473 -0.1860854 0.55
v -0.1172253 -0.1754401 0.55
v -0.133857 -0.1631052 0.55
v -0.1491995 -0.1491996 0.55
v -0.1631052 -0.133857 0.55
v -0.1754401 -0.1172253 0.55
v -0.1860854 -0.09946471 0.55
v -0.1949386 -0.08074619 0.55
v -0.2019144 -0.06125009 0.55
v -0.2069457 -0.04116407 0.55
v -0.209984 -0.02068163 0.55
v -0.211 -5.595057e-09 0.55
v -0.209984 0.02068162 0.55
v -0.2069457 0.04116407 0.55
v -0.2019144 0.06125008 0.55
v -0.1949386 0.08074617 0.55
v -0.1860854 0.09946469 0.55
v -0.1754401 0.1172253 0.55
v -0.1631052 0.133857 0.55
v -0.1491995 0.1491995 0.55
v -0.133857 0.1631052 0.55
v -0.1172253 0.1754401 0.55
v -0.0994647 0.1860854 0.55
v -0.08074614 0.1949386 0.55
v -0.06125004 0.2019144 0.55
v -0.04116407 0.2069457 0.55
v -0.02068157 0.2099839 0.55
v 2.51615e-09 0.211 0.55
v 0.02068168 0.2099839 0.55
v 0.04116408 0.2069457 0.55
v 0.06125014 0.2019144 0.55
v 0.08074624 0.1949385 0.55
v 0.09946471 0.1860854 0.55
v 0.1172253 0.17544 0.55
v 0.133857 0.1631052 0.55
v 0.1491996 0.1491994 0.55
v 0.1631052 0.1338569 0.55
v 0.1754401 0.1172253 0.55
v 0.1860854 0.09946465 0.55
v 0.1949386 0.08074617 0.55
v 0.2019144 0.06124999 0.55
v 0.2069457 0.04116401 0.55
v 0.209984 0.02068151 0.55
v 0.211 -6.093367e-08 0.55
vt 0 0
vt 0.015625 0
vt 0.03125 0
vt 0.046875 0
vt 0.0625 0
vt 0.078125 0
vt 0.09375 0
vt 0.109375 0
vt 0.125 0
vt 0.140625 0
vt 0.15625 0
vt 0.171875 0
vt 0.1875 0
vt 0.203125 0
vt 0.21875 0
vt 0.234375 0
vt 0.25 0
vt 0.265625 0
vt 0.28125 0
vt 0.296875 0
vt 0.3125 0
vt 0.328125 0
vt 0.34375 0
vt 0.359375 0
vt 0.375 0
vt 0.390625 0
vt 0.40625 0
vt 0.421875 0
vt 0.4375 0
vt 0.453125 0
vt 0.46875 0
vt 0.484375 0
vt 0.5 0
vt 0.515625 0
vt 0.53125 0
vt 0.546875 0
vt 0.5625 0
vt 0.578125 0
vt 0.59375 0
vt 0.609375 0
vt 0.625 0
vt 0.640625 0
vt 0.65625 0
vt 0.671875 0
vt 0.6875 0
vt 0.703125 0
vt 0.71875 0
vt 0.734375 0
vt 0.75 0
vt 0.765625 0
vt 0.78125 0
vt 0.796875 0
vt 0.8125 0
vt 0.828125 0
vt 0.84375 0
vt 0.859375 0
vt 0.875 0
vt 0.890625 0
vt 0.90625 0
vt 0.921875 0
vt 0.9375 0
vt 0.953125 0
vt 0.96875 0
vt 0.984375 0
vt 1 0
vt 0 0.08333334
vt 0.015625 0.08333334
vt 0.03125 0.08333334
vt 0.046875 0.08333334
vt 0.0625 0.08333334
vt 0.078125 0.08333334
vt 0.09375 0.08333334
vt 0.109375 0.08333334
vt 0.125 0.08333334
vt 0.140625 0.08333334
vt 0.15625 0.08333334
vt 0.171875 0.08333334
vt 0.1875 0.08333334
vt 0.203125 0.08333334
vt 0.21875 0.08333334
vt 0.234375 0.08333334
vt 0.25 0.08333334
vt 0.265625 0.08333334
vt 0.28125 0.08333334
vt 0.296875 0.08333334
vt 0.3125 0.08333334
vt 0.328125 0.08333334
vt 0.34375 0.08333334
vt 0.359375 0.08333334
vt 0.375 0.08333334
vt 0.390625 0.08333334
vt 0.40625 0.08333334
vt 0.421875 0.08333334
vt 0.4375 0.08333334
vt 0.453125 0.08333334
vt 0.46875 0.08333334
vt 0.484375 0.08333334
vt 0.5 0.08333334
vt 0.515625 0.08333334
vt 0.53125 0.08333334
vt 0.546875 0.08333334
vt 0.5625 0.08333334
vt 0.578125 0.08333334
vt 0.59375 0.08333334
vt 0.609375 0.08333334
vt 0.625 0.08333334
vt 0.640625 0.08333334
vt 0.65625 0.08333334
vt 0.671875 0.08333334
vt 0.6875 0.08333334
vt 0.703125 0.08333334
vt 0.71875 0.08333334
vt 0.734375 0.08333334
vt 0.75 0.08333334
vt 0.765625 0.08333334
vt 0.78125 0.08333334
vt 0.796875 0.08333334
vt 0.8125 0.08333334
vt 0.828125 0.08333334
vt 0.84375 0.08333334
vt 0.859375 0.08333334
vt 0.875 0.08333334
vt 0.890625 0.08333334
vt 0.90625 0.08333334
vt 0.921875 0.08333334
vt 0.9375 0.08333334
vt 0.953125 0.08333334
vt 0.96875 0.08333334
vt 0.984375 0.08333334
vt 1 0.08333334
vt 0 0.1666667
vt 0.015625 0.1666667
vt 0.03125 0.1666667
vt 0.046875 0.1666667
vt 0.0625 0.1666667
vt 0.078125 0.1666667
vt 0.09375 0.1666667
vt 0.109375 0.1666667
vt 0.125 0.1666667
vt 0.140625 0.1666667
vt 0.15625 0.1666667
vt 0.171875 0.1666667
vt 0.1875 0.1666667
vt 0.203125 0.1666667
vt 0.21875 0.1666667
vt 0.234375 0.1666667
vt 0.25 0.1666667
vt 0.265625 0.1666667
vt 0.28125 0.1666667
vt 0.296875 0.1666667
vt 0.3125 0.1666667
vt 0.328125 0.1666667
vt 0.34375 0.1666667
vt 0.359375 0.1666667
vt 0.375 0.1666667
vt 0.390625 0.1666667
vt 0.40625 0.1666667
vt 0.421875 0.1666667
vt 0.4375 0.1666667
vt 0.453125 0.1666667
vt 0.46875 0.1666667
vt 0.484375 0.1666667
vt 0.5 0.1666667
vt 0.515625 0.1666667
vt 0.53125 0.1666667
vt 0.546875 0.1666667
vt 0.5625 0.1666667
vt 0.578125 0.1666667
vt 0.59375 0.1666667
vt 0.609375 0.1666667
vt 0.625 0.1666667
vt 0.640625 0.1666667
vt 0.65625 0.1666667
vt 0.671875 0.1666667
vt 0.6875 0.1666667
vt 0.703125 0.1666667
vt 0.71875 0.1666667
vt 0.734375 0.1666667
vt 0.75 0.1666667
vt 0.765625 0.1666667
vt 0.78125 0.1666667
vt 0.796875 0.1666667
vt 0.8125 0.1666667
vt 0.828125 0.1666667
vt 0.84375 0.1666667
vt 0.859375 0.1666667
vt 0.875 0.1666667
vt 0.890625 0.1666667
vt 0.90625 0.1666667
vt 0.921875 0.1666667
vt 0.9375 0.1666667
vt 0.953125 0.1666667
vt 0.96875 0.1666667
vt 0.984375 0.1666667
vt 1 0.1666667
vt 0 0.25
vt 0.015625 0.25
vt 0.03125 0.25
vt 0.046875 0.25
vt 0.0625 0.25
vt 0.078125 0.25
vt 0.09375 0.25
vt 0.109375 0.25
vt 0.125 0.25
vt 0.140625 0.25
vt 0.15625 0.25
vt 0.171875 0.25
vt 0.1875 0.25
vt 0.203125 0.25
vt 0.21875 0.25
vt 0.234375 0.25
vt 0.25 0.25
vt 0.265625 0.25
vt 0.28125 0.25
vt 0.296875 0.25
vt 0.3125 0.25
vt 0.328125 0.25
vt 0.34375 0.25
vt 0.359375 0.25
vt 0.375 0.25
vt 0.390625 0.25
vt 0.40625 0.25
vt 0.421875 0.25
vt 0.4375 0.25
vt 0.453125 0.25
vt 0.46875 0.25
vt 0.484375 0.25
vt 0.5 0.25
vt 0.515625 0.25
vt 0.53125 0.25
vt 0.546875 0.25
vt 0.5625 0.25
vt 0.578125 0.25
vt 0.59375 0.25
vt 0.609375 0.25
vt 0.625 0.25
vt 0.640625 0.25
vt 0.65625 0.25
vt 0.671875 0.25
vt 0.6875 0.25
vt 0.703125 0.25
vt 0.71875 0.25
vt 0.734375 0.25
vt 0.75 0.25
vt 0.765625 0.25
vt 0.78125 0.25
vt 0.796875 0.25
vt 0.8125 0.25
vt 0.828125 0.25
vt 0.84375 0.25
vt 0.859375 0.25
vt 0.875 0.25
vt 0.890625 0.25
vt 0.90625 0.25
vt 0.921875 0.25
vt 0.9375 0.25
vt 0.953125 0.25
vt 0.96875 0.25
vt 0.984375 0.25
vt 1 0.25
vt 0 0.3333333
vt 0.015625 0.3333333
vt 0.03125 0.3333333
vt 0.046875 0.3333333
vt 0.0625 0.3333333
vt 0.078125 0.3333333
vt 0.09375 0.3333333
vt 0.109375 0.3333333
vt 0.125 0.3333333
vt 0.140625 0.3333333
vt 0.15625 0.3333333
vt 0.171875 0.3333333
vt 0.1875 0.3333333
vt 0.203125 0.3333333
vt 0.21875 0.3333333
vt 0.234375 0.3333333
vt 0.25 0.3333333
vt 0.265625 0.3333333
vt 0.28125 0.3333333
vt 0.296875 0.3333333
vt 0.3125 0.3333333
vt 0.328125 0.3333333
vt 0.34375 0.3333333
vt 0.359375 0.3333333
vt 0.375 0.3333333
vt 0.390625 0.3333333
vt 0.40625 0.3333333
vt 0.421875 0.3333333
vt 0.4375 0.3333333
vt 0.453125 0.3333333
vt 0.46875 0.3333333
vt 0.484375 0.3333333
vt 0.5 0.3333333
vt 0.515625 0.3333333
vt 0.53125 0.3333333
vt 0.546875 0.3333333
vt 0.5625 0.3333333
vt 0.578125 0.3333333
vt 0.59375 0.3333333
vt 0.609375 0.3333333
vt 0.625 0.3333333
vt 0.640625 0.3333333
vt 0.65625 0.3333333
vt 0.671875 0.3333333
vt 0.6875 0.3333333
vt 0.703125 0.3333333
vt 0.71875 0.3333333
vt 0.734375 0.3333333
vt 0.75 0.3333333
vt 0.765625 0.3333333
vt 0.78125 0.3333333
vt 0.796875 0.3333333
vt 0.8125 0.3333333
vt 0.828125 0.3333333
vt 0.84375 0.3333333
vt 0.859375 0.3333333
vt 0.875 0.3333333
vt 0.890625 0.3333333
vt 0.90625 0.3333333
vt 0.921875 0.3333333
vt 0.9375 0.3333333
vt 0.953125 0.3333333
vt 0.96875 0.3333333
vt 0.984375 0.3333333
vt 1 0.3333333
vt 0 0.4166667
vt 0.015625 0.4166667
vt 0.03125 0.4166667
vt 0.046875 0.4166667
vt 0.0625 0.4166667
vt 0.078125 0.4166667
vt 0.09375 0.4166667
vt 0.109375 0.4166667
vt 0.125 0.4166667
vt 0.140625 0.4166667
vt 0.15625 0.4166667
vt 0.171875 0.4166667
vt 0.1875 0.4166667
vt 0.203125 0.4166667
vt 0.21875 0.4166667
vt 0.234375 0.4166667
vt 0.25 0.4166667
vt 0.265625 0.4166667
vt 0.28125 0.4166667
vt 0.296875 0.4166667
vt 0.3125 0.4166667
vt 0.328125 0.4166667
vt 0.34375 0.4166667
vt 0.359375 0.4166667
vt 0.375 0.4166667
vt 0.390625 0.4166667
vt 0.40625 0.4166667
vt 0.421875 0.4166667
vt 0.4375 0.4166667
vt 0.453125 0.4166667
vt 0.46875 0.4166667
vt 0.484375 0.4166667
vt 0.5 0.4166667
vt 0.515625 0.4166667
vt 0.53125 0.4166667
vt 0.546875 0.4166667
vt 0.5625 0.4166667
vt 0.578125 0.4166667
vt 0.59375 0.4166667
vt 0.609375 0.4166667
vt 0.625 0.4166667
vt 0.640625 0.4166667
vt 0.65625 0.4166667
vt 0.671875 0.4166667
vt 0.6875 0.4166667
vt 0.703125 0.4166667
vt 0.71875 0.4166667
vt 0.734375 0.4166667
vt 0.75 0.4166667
vt 0.765625 0.4166667
vt 0.78125 0.4166667
vt 0.796875 0.4166667
vt 0.8125 0.4166667
vt 0.828125 0.4166667
vt 0.84375 0.4166667
vt 0.859375 0.4166667
vt 0.875 0.4166667
vt 0.890625 0.4166667
vt 0.90625 0.4166667
vt 0.921875 0.4166667
vt 0.9375 0.4166667
vt 0.953125 0.4166667
vt 0.96875 0.4166667
vt 0.984375 0.4166667
vt 1 0.4166667
vt 0 0.5
vt 0.015625 0.5
vt 0.03125 0.5
vt 0.046875 0.5
vt 0.0625 0.5
vt 0.078125 0.5
vt 0.09375 0.5
vt 0.109375 0.5
vt 0.125 0.5
vt 0.140625 0.5
vt 0.15625 0.5
vt 0.171875 0.5
vt 0.1875 0.5
vt 0.203125 0.5
vt 0.21875 0.5
vt 0.234375 0.5
vt 0.25 0.5
vt 0.265625 0.5
vt 0.28125 0.5
vt 0.296875 0.5
vt 0.3125 0.5
vt 0.328125 0.5
vt 0.34375 0.5
vt 0.359375 0.5
vt 0.375 0.5
vt 0.390625 0.5
vt 0.40625 0.5
vt 0.421875 0.5
vt 0.4375 0.5
vt 0.453125 0.5
vt 0.46875 0.5
vt 0.484375 0.5
vt 0.5 0.5
vt 0.515625 0.5
vt 0.53125 0.5
vt 0.546875 0.5
vt 0.5625 0.5
vt 0.578125 0.5
vt 0.59375 0.5
vt 0.609375 0.5
vt 0.625 0.5
vt 0.640625 0.5
vt 0.65625 0.5
vt 0.671875 0.5
vt 0.6875 0.5
vt 0.703125 0.5
vt 0.71875 0.5
vt 0.734375 0.5
vt 0.75 0.5
vt 0.765625 0.5
vt 0.78125 0.5
vt 0.796875 0.5
vt 0.8125 0.5
vt 0.828125 0.5
vt 0.84375 0.5
vt 0.859375 0.5
vt 0.875 0.5
vt 0.890625 0.5
vt 0.90625 0.5
vt 0.921875 0.5
vt 0.9375 0.5
vt 0.953125 0.5
vt 0.96875 0.5
vt 0.984375 0.5
vt 1 0.5
vt 0 0.5833333
vt 0.015625 0.5833333
vt 0.03125 0.5833333
vt 0.046875 0.5833333
vt 0.0625 0.5833333
vt 0.078125 0.5833333
vt 0.09375 0.5833333
vt 0.109375 0.5833333
vt 0.125 0.5833333
vt 0.140625 0.5833333
vt 0.15625 0.5833333
vt 0.171875 0.5833333
vt 0.1875 0.5833333
vt 0.203125 0.5833333
vt 0.21875 0.5833333
vt 0.234375 0.5833333
vt 0.25 0.5833333
vt 0.265625 0.5833333
vt 0.28125 0.5833333
vt 0.296875 0.5833333
vt 0.3125 0.5833333
vt 0.328125 0.5833333
vt 0.34375 0.5833333
vt 0.359375 0.5833333
vt 0.375 0.5833333
vt 0.390625 0.5833333
vt 0.40625 0.5833333
vt 0.421875 0.5833333
vt 0.4375 0.5833333
vt 0.453125 0.5833333
vt 0.46875 0.5833333
vt 0.484375 0.5833333
vt 0.5 0.5833333
vt 0.515625 0.5833333
vt 0.53125 0.5833333
vt 0.546875 0.5833333
vt 0.5625 0.5833333
vt 0.578125 0.5833333
vt 0.59375 0.5833333
vt 0.609375 0.5833333
vt 0.625 0.5833333
vt 0.640625 0.5833333
vt 0.65625 0.5833333
vt 0.671875 0.5833333
vt 0.6875 0.5833333
vt 0.703125 0.5833333
vt 0.71875 0.5833333
vt 0.734375 0.5833333
vt 0.75 0.5833333
vt 0.765625 0.5833333
vt 0.78125 0.5833333
vt 0.796875 0.5833333
vt 0.8125 0.5833333
vt 0.828125 0.5833333
vt 0.84375 0.5833333
vt 0.859375 0.5833333
vt 0.875 0.5833333
vt 0.890625 0.5833333
vt 0.90625 0.5833333
vt 0.921875 0.5833333
vt 0.9375 0.5833333
vt 0.953125 0.5833333
vt 0.96875 0.5833333
vt 0.984375 0.5833333
vt 1 0.5833333
vt 0 0.6666667
vt 0.015625 0.6666667
vt 0.03125 0.6666667
vt 0.046875 0.6666667
vt 0.0625 0.6666667
vt 0.078125 0.6666667
vt 0.09375 0.6666667
vt 0.109375 0.6666667
vt 0.125 0.6666667
vt 0.140625 0.6666667
vt 0.15625 0.6666667
vt 0.171875 0.6666667
vt 0.1875 0.6666667
vt 0.203125 0.6666667
vt 0.21875 0.6666667
vt 0.234375 0.6666667
vt 0.25 0.6666667
vt 0.265625 0.6666667
vt 0.28125 0.6666667
vt 0.296875 0.6666667
vt 0.3125 0.6666667
vt 0.328125 0.6666667
vt 0.34375 0.6666667
vt 0.359375 0.6666667
vt 0.375 0.6666667
vt 0.390625 0.6666667
vt 0.40625 0.6666667
vt 0.421875 0.6666667
vt 0.4375 0.6666667
vt 0.453125 0.6666667
vt 0.46875 0.6666667
vt 0.484375 0.6666667
vt 0.5 0.6666667
vt 0.515625 0.6666667
vt 0.53125 0.6666667
vt 0.546875 0.6666667
vt 0.5625 0.6666667
vt 0.578125 0.6666667
vt 0.59375 0.6666667
vt 0.609375 0.6666667
vt 0.625 0.6666667
vt 0.640625 0.6666667
vt 0.65625 0.6666667
vt 0.671875 0.6666667
vt 0.6875 0.6666667
vt 0.703125 0.6666667
vt 0.71875 0.6666667
vt 0.734375 0.6666667
vt 0.75 0.6666667
vt 0.765625 0.6666667
vt 0.78125 0.6666667
vt 0.796875 0.6666667
vt 0.8125 0.6666667
vt 0.828125 0.6666667
vt 0.84375 0.6666667
vt 0.859375 0.6666667
vt 0.875 0.6666667
vt 0.890625 0.6666667
vt 0.90625 0.6666667
vt 0.921875 0.6666667
vt 0.9375 0.6666667
vt 0.953125 0.6666667
vt 0.96875 0.6666667
vt 0.984375 0.6666667
vt 1 0.6666667
vt 0 0.75
vt 0.015625 0.75
vt 0.03125 0.75
vt 0.046875 0.75
vt 0.0625 0.75
vt 0.078125 0.75
vt 0.09375 0.75
vt 0.109375 0.75
vt 0.125 0.75
vt 0.140625 0.75
vt 0.15625 0.75
vt 0.171875 0.75
vt 0.1875 0.75
vt 0.203125 0.75
vt 0.21875 0.75
vt 0.234375 0.75
vt 0.25 0.75
vt 0.265625 0.75
vt 0.28125 0.75
vt 0.296875 0.75
vt 0.3125 0.75
vt 0.328125 0.75
vt 0.34375 0.75
vt 0.359375 0.75
vt 0.375 0.75
vt 0.390625 0.75
vt 0.40625 0.75
vt 0.421875 0.75
vt 0.4375 0.75
vt 0.453125 0.75
vt 0.46875 0.75
vt 0.484375 0.75
vt 0.5 0.75
vt 0.515625 0.75
vt 0.53125 0.75
vt 0.546875 0.75
vt 0.5625 0.75
vt 0.578125 0.75
vt 0.59375 0.75
vt 0.609375 0.75
vt 0.625 0.75
vt 0.640625 0.75
vt 0.65625 0.75
vt 0.671875 0.75
vt 0.6875 0.75
vt 0.703125 0.75
vt 0.71875 0.75
vt 0.734375 0.75
vt 0.75 0.75
vt 0.765625 0.75
vt 0.78125 0.75
vt 0.796875 0.75
vt 0.8125 0.75
vt 0.828125 0.75
vt 0.84375 0.75
vt 0.859375 0.75
vt 0.875 0.75
vt 0.890625 0.75
vt 0.90625 0.75
vt 0.921875 0.75
vt 0.9375 0.75
vt 0.953125 0.75
vt 0.96875 0.75
vt 0.984375 0.75
vt 1 0.75
vt 0 0.8333333
vt 0.015625 0.8333333
vt 0.03125 0.8333333
vt 0.046875 0.8333333
vt 0.0625 0.8333333
vt 0.078125 0.8333333
vt 0.09375 0.8333333
vt 0.109375 0.8333333
vt 0.125 0.8333333
vt 0.140625 0.8333333
vt 0.15625 0.8333333
vt 0.171875 0.8333333
vt 0.1875 0.8333333
vt 0.203125 0.8333333
vt 0.21875 0.8333333
vt 0.234375 0.8333333
vt 0.25 0.8333333
vt 0.265625 0.8333333
vt 0.28125 0.8333333
vt 0.296875 0.8333333
vt 0.3125 0.8333333
vt 0.328125 0.8333333
vt 0.34375 0.8333333
vt 0.359375 0.8333333
vt 0.375 0.8333333
vt 0.390625 0.8333333
vt 0.40625 0.8333333
vt 0.421875 0.8333333
vt 0.4375 0.8333333
vt 0.453125 0.8333333
vt 0.46875 0.8333333
vt 0.484375 0.8333333
vt 0.5 0.8333333
vt 0.515625 0.8333333
vt 0.53125 0.8333333
vt 0.546875 0.8333333
vt 0.5625 0.8333333
vt 0.578125 0.8333333
vt 0.59375 0.8333333
vt 0.609375 0.8333333
vt 0.625 0.8333333
vt 0.640625 0.8333333
vt 0.65625 0.8333333
vt 0.671875 0.8333333
vt 0.6875 0.8333333
vt 0.703125 0.8333333
vt 0.71875 0.8333333
vt 0.734375 0.8333333
vt 0.75 0.8333333
vt 0.765625 0.8333333
vt 0.78125 0.8333333
vt 0.796875 0.8333333
vt 0.8125 0.8333333
vt 0.828125 0.8333333
vt 0.84375 0.8333333
vt 0.859375 0.8333333
vt 0.875 0.8333333
vt 0.890625 0.8333333
vt 0.90625 0.8333333
vt 0.921875 0.8333333
vt 0.9375 0.8333333
vt 0.953125 0.8333333
vt 0.96875 0.8333333
vt 0.984375 0.8333333
vt 1 0.8333333
vt 0 0.9166667
vt 0.015625 0.9166667
vt 0.03125 0.9166667
vt 0.046875 0.9166667
vt 0.0625 0.9166667
vt 0.078125 0.9166667
vt 0.09375 0.9166667
vt 0.109375 0.9166667
vt 0.125 0.9166667
vt 0.140625 0.9166667
vt 0.15625 0.9166667
vt 0.171875 0.9166667
vt 0.1875 0.9166667
vt 0.203125 0.9166667
vt 0.21875 0.9166667
vt 0.234375 0.9166667
vt 0.25 0.9166667
vt 0.265625 0.9166667
vt 0.28125 0.9166667
vt 0.296875 0.9166667
vt 0.3125 0.9166667
vt 0.328125 0.9166667
vt 0.34375 0.9166667
vt 0.359375 0.9166667
vt 0.375 0.9166667
vt 0.390625 0.9166667
vt 0.40625 0.9166667
vt 0.421875 0.9166667
vt 0.4375 0.9166667
vt 0.453125 0.9166667
vt 0.46875 0.9166667
vt 0.484375 0.9166667
vt 0.5 0.9166667
vt 0.515625 0.9166667
vt 0.53125 0.9166667
vt 0.546875 0.9166667
vt 0.5625 0.9166667
vt 0.578125 0.9166667
vt 0.59375 0.9166667
vt 0.609375 0.9166667
vt 0.625 0.9166667
vt 0.640625 0.9166667
vt 0.65625 0.9166667
vt 0.671875 0.9166667
vt 0.6875 0.9166667
vt 0.703125 0.9166667
vt 0.71875 0.9166667
vt 0.734375 0.9166667
vt 0.75 0.9166667
vt 0.765625 0.9166667
vt 0.78125 0.9166667
vt 0.796875 0.9166667
vt 0.8125 0.9166667
vt 0.828125 0.9166667
vt 0.84375 0.9166667
vt 0.859375 0.9166667
vt 0.875 0.9166667
vt 0.890625 0.9166667
vt 0.90625 0.9166667
vt 0.921875 0.9166667
vt 0.9375 0.9166667
vt 0.953125 0.9166667
vt 0.96875 0.9166667
vt 0.984375 0.9166667
vt 1 0.9166667
vt 0 1
vt 0.015625 1
vt 0.03125 1
vt 0.046875 1
vt 0.0625 1
vt 0.078125 1
vt 0.09375 1
vt 0.109375 1
vt 0.125 1
vt 0.140625 1
vt 0.15625 1
vt 0.171875 1
vt 0.1875 1
vt 0.203125 1
vt 0.21875 1
vt 0.234375 1
vt 0.25 1
vt 0.265625 1
vt 0.28125 1
vt 0.296875 1
vt 0.3125 1
vt 0.328125 1
vt 0.34375 1
vt 0.359375 1
vt 0.375 1
vt 0.390625 1
vt 0.40625 1
vt 0.421875 1
vt 0.4375 1
vt 0.453125 1
vt 0.46875 1
vt 0.484375 1
vt 0.5 1
vt 0.515625 1
vt 0.53125 1
vt 0.546875 1
vt 0.5625 1
vt 0.578125 1
vt 0.59375 1
vt 0.609375 1
vt 0.625 1
vt 0.640625 1
vt 0.65625 1
vt 0.671875 1
vt 0.6875 1
vt 0.703125 1
vt 0.71875 1
vt 0.734375 1
vt 0.75 1
vt 0.765625 1
vt 0.78125 1
vt 0.796875 1
vt 0.8125 1
vt 0.828125 1
vt 0.84375 1
vt 0.859375 1
vt 0.875 1
vt 0.890625 1
vt 0.90625 1
vt 0.921875 1
vt 0.9375 1
vt 0.953125 1
vt 0.96875 1
vt 0.984375 1
vt 1 1
vn 1 0 0
vn 0.9951853 -0.09801091 -4.284193e-09
vn 0.9807905 -0.1950641 -8.526522e-09
vn 0.9569469 -0.2902628 -1.268779e-08
vn 0.9238682 -0.3827109 -1.672882e-08
vn 0.8819178 -0.4714032 -2.060569e-08
vn 0.8314781 -0.5555575 -2.428419e-08
vn 0.7730097 -0.6343942 -2.773025e-08
vn 0.7071217 -0.7070918 -3.090797e-08
vn 0.6344205 -0.7729882 -3.378839e-08
vn 0.5555784 -0.8314642 -3.634445e-08
vn 0.4713939 -0.8819227 -3.855007e-08
vn 0.3826959 -0.9238743 -4.038383e-08
vn 0.2902628 -0.9569469 -4.182948e-08
vn 0.1950784 -0.9807877 -4.287159e-08
vn 0.09801201 -0.9951852 -4.350093e-08
vn 0 -1 -4.371139e-08
vn -0.09795263 -0.9951911 -4.350118e-08
vn -0.1950784 -0.9807877 -4.287159e-08
vn -0.2903135 -0.9569316 -4.182881e-08
vn -0.3826906 -0.9238766 -4.038393e-08
vn -0.4714095 -0.8819144 -3.85497e-08
vn -0.5555646 -0.8314734 -3.634485e-08
vn -0.634391 -0.7730123 -3.378944e-08
vn -0.7071068 -0.7071068 -3.090862e-08
vn -0.7730123 -0.634391 -2.773011e-08
vn -0.8314688 -0.5555714 -2.428479e-08
vn -0.8819144 -0.4714095 -2.060596e-08
vn -0.9238743 -0.3826959 -1.672817e-08
vn -0.9569548 -0.290237 -1.268666e-08
vn -0.9807902 -0.1950655 -8.526585e-09
vn -0.9951852 -0.09801164 -4.284225e-09
vn -1 0 0
vn -0.9951819 0.09804615 4.285733e-09
vn -0.9807947 0.1950426 8.525583e-09
vn -0.9569417 0.2902802 1.268855e-08
vn -0.9238707 0.3827047 1.672855e-08
vn -0.8819253 0.4713891 2.060507e-08
vn -0.8314689 0.5555712 2.428479e-08
vn -0.7730112 0.6343924 2.773017e-08
vn -0.7071068 0.7071068 3.090862e-08
vn -0.6343924 0.7730112 3.378939e-08
vn -0.5555505 0.8314828 3.634527e-08
vn -0.4713859 0.881927 3.855025e-08
vn -0.3826959 0.9238743 4.038383e-08
vn -0.2903059 0.9569339 4.18289e-08
vn -0.1951232 0.9807788 4.28712e-08
vn -0.09798715 0.9951877 4.350103e-08
vn -0 1 4.371139e-08
vn 0.09798715 0.9951877 4.350103e-08
vn 0.1950759 0.9807882 4.287161e-08
vn 0.2903177 0.9569303 4.182875e-08
vn 0.3826879 0.9238777 4.038397e-08
vn 0.4713862 0.8819269 3.855025e-08
vn 0.5555712 0.8314689 3.634466e-08
vn 0.6344103 0.7729965 3.378875e-08
vn 0.7071068 0.7071068 3.090862e-08
vn 0.7729965 0.6344103 2.773095e-08
vn 0.8314735 0.5555645 2.428449e-08
vn 0.8819237 0.4713922 2.06052e-08
vn 0.9238755 0.3826932 1.672805e-08
vn 0.9569351 0.2903018 1.268949e-08
vn 0.9807882 0.1950759 8.527037e-09
vn 0.9951852 0.09801164 4.284225e-09
vn 1 0 0
vn 0.9498337 -1.367098e-08 0.3127557
vn 0.9454504 -0.09313711 0.312168
vn 0.9317122 -0.1853461 0.3123444
vn 0.9090035 -0.2757102 0.3125646
vn 0.8775093 -0.3634859 0.3128186
vn 0.837727 -0.4477777 0.3125836
vn 0.7896987 -0.5276603 0.3129706
vn 0.7342286 -0.6025307 0.3128339
vn 0.6717305 -0.6717017 0.3124022
vn 0.6025558 -0.734208 0.3128339
vn 0.5277132 -0.7897349 0.31279
vn 0.447763 -0.8377349 0.3125836
vn 0.3634716 -0.8775152 0.3128186
vn 0.2757102 -0.9090035 0.3125645
vn 0.1853185 -0.9315091 0.3129663
vn 0.09313826 -0.9454516 0.312164
vn 0 -0.9498337 0.3127556
vn -0.09308065 -0.9454561 0.312168
vn -0.1853584 -0.9317098 0.3123444
vn -0.2756992 -0.9087927 0.3131866
vn -0.3634665 -0.8775173 0.3128186
vn -0.4477838 -0.8377238 0.3125836
vn -0.5277165 -0.7897682 0.3127004
vn -0.6025277 -0.7342311 0.3128339
vn -0.671716 -0.671716 0.3124022
vn -0.7342311 -0.6025277 0.3128339
vn -0.7897394 -0.5277065 0.31279
vn -0.8376405 -0.4477392 0.3128704
vn -0.8776276 -0.3635122 0.312456
vn -0.908995 -0.275738 0.3125645
vn -0.9315062 -0.1853065 0.3129822
vn -0.9454517 -0.09313758 0.312164
vn -0.9498336 -1.367098e-08 0.3127556
vn -0.9454484 0.09317125 0.312164
vn -0.9317218 0.1853251 0.3123286
vn -0.9088011 0.2756713 0.3131866
vn -0.8775118 0.3634799 0.3128186
vn -0.8377373 0.4477584 0.3125837
vn -0.7897729 0.5277095 0.3127004
vn -0.734216 0.602546 0.3128339
vn -0.6716625 0.6716625 0.3126321
vn -0.602546 0.734216 0.3128339
vn -0.5276866 0.7897527 0.3127901
vn -0.4477895 0.8377207 0.3125837
vn -0.3634743 0.8775362 0.3127564
vn -0.2757559 0.9090058 0.3125173
vn -0.1853447 0.9317126 0.3123445
vn -0.0931145 0.945454 0.3121641
vn 0 0.9498337 0.3127557
vn 0.0931145 0.945454 0.3121641
vn 0.185356 0.9317103 0.3123445
vn 0.2757587 0.9089888 0.3125646
vn 0.3634768 0.8775352 0.3127564
vn 0.4477674 0.8377325 0.3125837
vn 0.5277095 0.7897729 0.3127004
vn 0.6025631 0.7342019 0.3128339
vn 0.6716625 0.6716625 0.3126321
vn 0.734216 0.602546 0.3128339
vn 0.7896942 0.5276669 0.3129707
vn 0.8376375 0.4477451 0.3128704
vn 0.8776097 0.3635018 0.3125183
vn 0.9088119 0.2756355 0.3131866
vn 0.9315205 0.1852608 0.3129663
vn 0.9452398 0.09311704 0.3128113
vn 0.9498337 -1.367098e-08 0.3127557
vn 0.7108224 -3.074534e-08 0.7033715
vn 0.707112 -0.06962335 0.7036656
vn 0.6974021 -0.1387386 0.7031229
vn 0.6802606 -0.2063458 0.7033256
vn 0.6565655 -0.271978 0.7035267
vn 0.6269597 -0.3351224 0.7032884
vn 0.5911379 -0.3949744 0.7032433
vn 0.5494303 -0.4508959 0.7034339
vn 0.5028492 -0.5028273 0.70307
vn 0.450915 -0.5494146 0.7034339
vn 0.3949896 -0.5911278 0.7032433
vn 0.3350851 -0.6269172 0.7033439
vn 0.271967 -0.6565701 0.7035267
vn 0.2063457 -0.6802606 0.7033256
vn 0.1386587 -0.696951 0.7035859
vn 0.06962413 -0.7071118 0.7036656
vn 0 -0.7108223 0.7033716
vn -0.06962414 -0.7071147 0.7036628
vn -0.1387491 -0.6974 0.7031229
vn -0.2063427 -0.6802615 0.7033256
vn -0.2719631 -0.6565716 0.7035267
vn -0.3351269 -0.6269574 0.7032884
vn -0.3947996 -0.5908652 0.7035705
vn -0.4508936 -0.5494322 0.7034339
vn -0.5028382 -0.5028382 0.7030701
vn -0.5494322 -0.4508936 0.7034339
vn -0.5911312 -0.3949845 0.7032433
vn -0.6269087 -0.335101 0.703344
vn -0.6565701 -0.2719671 0.7035267
vn -0.6802663 -0.206327 0.7033256
vn -0.6969526 -0.1386503 0.7035859
vn -0.7071119 -0.0696239 0.7036656
vn -0.7108224 -3.074535e-08 0.7033716
vn -0.7071093 0.06964955 0.7036656
vn -0.6973941 0.1387206 0.7031345
vn -0.6802619 0.2063414 0.7033256
vn -0.6565674 0.2719733 0.7035267
vn -0.6269652 0.3351121 0.7032884
vn -0.5909699 0.3948765 0.7034397
vn -0.5494314 0.4508945 0.7034339
vn -0.5027214 0.5027213 0.7032371
vn -0.4508945 0.5494313 0.7034339
vn -0.3949693 0.5911414 0.7032433
vn -0.3350883 0.6269155 0.703344
vn -0.271967 0.6565701 0.7035267
vn -0.2063372 0.6802632 0.7033256
vn -0.1387386 0.6974021 0.7031229
vn -0.06960654 0.7071136 0.7036656
vn 0 0.7108223 0.7033716
vn 0.06964985 0.7071093 0.7036657
vn 0.1387472 0.6974005 0.7031229
vn 0.2063329 0.6802291 0.70336
vn 0.271965 0.6565709 0.7035266
vn 0.3351099 0.6269664 0.7032884
vn 0.3948044 0.590862 0.7035705
vn 0.4509076 0.5494206 0.7034339
vn 0.5026047 0.5026046 0.703404
vn 0.5494207 0.4509076 0.7034339
vn 0.5911345 0.3949794 0.7032433
vn 0.6269155 0.3350883 0.703344
vn 0.6565709 0.2719649 0.7035266
vn 0.6802632 0.2063372 0.7033256
vn 0.6969593 0.1386168 0.7035859
vn 0.7075744 0.06966937 0.703196
vn 0.7108223 -3.074535e-08 0.7033716
vn 0 -4.371139e-08 1
vn 0 -4.371139e-08 1
vn 0 -4.371139e-08 1
vn 0 -4.371139e-08 1
vn 0 -4.371139e-08 1
vn 0 -4.371139e-08 1
vn 0 -4.371139e-08 1
vn 0 -4.371139e-08 1
vn 0 -4.371139e-08 1
vn 0 -4.371139e-08 1
vn 0 -4.371139e-08 1
vn 0 -4.371139e-08 1
vn 0 -4.371139e-08 1
vn 0 -4.371139e-08 1
vn 0 -4.371139e-08 1
vn 0 -4.371139e-08 1
vn 0 -4.371139e-08 1
vn 0 -4.371139e-08 1
vn 0 -4.371139e-08 1
vn 0 -4.371139e-08 1
vn 0 -4.371139e-08 1
vn 0 -4.371139e-08 1
vn 0 -4.371139e-08 1
vn 0 -4.371139e-08 1
vn 0 -4.371139e-08 1
vn 0 -4.371139e-08 1
vn 0 -4.371139e-08 1
vn 0 -4.371139e-08 1
vn 0 -4.371139e-08 1
vn 0 -4.371139e-08 1
vn 0 -4.371139e-08 1
vn 0 -4.371139e-08 1
vn 0 -4.371139e-08 1
vn 0 -4.371139e-08 1
vn 0 -4.371139e-08 1
vn 0 -4.371139e-08 1
vn 0 -4.371139e-08 1
vn 0 -4.371139e-08 1
vn 0 -4.371139e-08 1
vn 0 -4.371139e-08 1
vn 0 -4.371139e-08 1
vn 0 -4.371139e-08 1
vn 0 -4.371139e-08 1
vn 0 -4.371139e-08 1
vn 0 -4.371139e-08 1
vn 0 -4.371139e-08 1
vn 0 -4.371139e-08 1
vn 0 -4.371139e-08 1
vn 0 -4.371139e-08 1
vn 0 -4.371139e-08 1
vn 0 -4.371139e-08 1
vn 0 -4.371139e-08 1
vn 0 -4.371139e-08 1
vn 0 -4.371139e-08 1
vn 0 -4.371139e-08 1
vn 0 -4.371139e-08 1
vn 0 -4.371139e-08 1
vn 0 -4.371139e-08 1
vn 0 -4.371139e-08 1
vn 0 -4.371139e-08 1
vn 0 -4.371139e-08 1
vn 0 -4.371139e-08 1
vn 0 -4.371139e-08 1
vn 0 -4.371139e-08 1
vn 0 -4.371139e-08 1
vn -0.7108224 -3.074534e-08 0.7033715
vn -0.7073399 0.06967895 0.703431
vn -0.6971758 0.1387025 0.7033544
vn -0.6802539 0.206368 0.7033256
vn -0.6565681 0.2719718 0.7035267
vn -0.6269602 0.3351215 0.7032884
vn -0.5911362 0.3949769 0.7032433
vn -0.5494234 0.4509043 0.7034339
vn -0.5028498 0.5028266 0.7030701
vn -0.4509245 0.5494068 0.7034339
vn -0.394993 0.5911255 0.7032433
vn -0.3350837 0.626918 0.703344
vn -0.2719602 0.6565729 0.7035267
vn -0.206368 0.6802539 0.7033256
vn -0.1386902 0.6971782 0.7033545
vn -0.06967983 0.7073399 0.703431
vn 0 0.7108224 0.7033715
vn 0.06965694 0.707345 0.703428
vn 0.1387113 0.697174 0.7033544
vn 0.2063647 0.6802548 0.7033256
vn 0.2719561 0.6565745 0.7035266
vn 0.3351263 0.6269576 0.7032884
vn 0.3948025 0.5908633 0.7035706
vn 0.4509019 0.5494254 0.7034339
vn 0.5028382 0.5028381 0.7030701
vn 0.5494254 0.4509018 0.7034339
vn 0.5911291 0.3949876 0.7032433
vn 0.6269091 0.3351003 0.7033439
vn 0.6565729 0.2719602 0.7035267
vn 0.6802599 0.2063481 0.7033256
vn 0.6971756 0.1387035 0.7033544
vn 0.7073399 0.06967951 0.7034309
vn 0.7108224 -3.074534e-08 0.7033715
vn 0.7073393 -0.06968499 0.7034309
vn 0.6971679 -0.1386837 0.703366
vn 0.6802552 -0.2063635 0.7033256
vn 0.6565701 -0.2719671 0.7035267
vn 0.6269659 -0.3351107 0.7032884
vn 0.5909677 -0.3948796 0.7034396
vn 0.5494245 -0.4509029 0.7034339
vn 0.5027214 -0.5027214 0.7032371
vn 0.4509029 -0.5494246 0.7034339
vn 0.3949715 -0.5911399 0.7032433
vn 0.335087 -0.6269162 0.703344
vn 0.2719602 -0.6565729 0.7035267
vn 0.2063589 -0.6802565 0.7033256
vn 0.1387025 -0.6971758 0.7033544
vn 0.0696618 -0.7073416 0.703431
vn 0 -0.7108224 0.7033715
vn -0.0696618 -0.7073416 0.703431
vn -0.1386915 -0.6971779 0.7033545
vn -0.2063549 -0.6802223 0.7033598
vn -0.2719581 -0.6565738 0.7035266
vn -0.3351083 -0.6269672 0.7032884
vn -0.3948075 -0.5908599 0.7035705
vn -0.4509167 -0.5494133 0.7034339
vn -0.5026046 -0.5026047 0.703404
vn -0.5494132 -0.4509167 0.7034339
vn -0.5911326 -0.3949824 0.7032433
vn -0.6269162 -0.3350871 0.703344
vn -0.6565737 -0.2719581 0.7035267
vn -0.6802565 -0.206359 0.7033256
vn -0.6971781 -0.1386904 0.7033544
vn -0.7073399 -0.06967957 0.7034309
vn -0.7108224 -3.074534e-08 0.7033715
vn -0.9496174 -1.369965e-08 0.3134114
vn -0.945022 0.09310545 0.3134718
vn -0.9312947 0.1852548 0.3136412
vn -0.908778 0.2756873 0.3132397
vn -0.8774073 0.3634685 0.3131247
vn -0.8375115 0.4476691 0.313316
vn -0.7896358 0.5275905 0.3132467
vn -0.7340145 0.6024203 0.3135482
vn -0.6715163 0.6714848 0.3133274
vn -0.6024478 0.733992 0.3135483
vn -0.5276124 0.7896212 0.3132468
vn -0.4476528 0.8375202 0.313316
vn -0.3634527 0.8774139 0.3131248
vn -0.2756873 0.908778 0.3132397
vn -0.1852381 0.9312981 0.3136412
vn -0.09310662 0.9450219 0.3134718
vn 0 0.9496174 0.3134115
vn 0.09307539 0.9450251 0.3134719
vn 0.1852684 0.9312921 0.3136412
vn 0.2756829 0.9087794 0.3132397
vn 0.3634393 0.8773972 0.3131869
vn 0.4476756 0.8375079 0.313316
vn 0.5275979 0.7896309 0.3132467
vn 0.6024169 0.7340173 0.3135482
vn 0.6715005 0.6715005 0.3133274
vn 0.7340173 0.6024169 0.3135482
vn 0.7896261 0.5276051 0.3132467
vn 0.8375079 0.4476756 0.313316
vn 0.8773926 0.3634504 0.3131869
vn 0.9087862 0.2756602 0.3132397
vn 0.9312945 0.1852563 0.3136411
vn 0.9450219 0.09310661 0.3134718
vn 0.9496174 -1.369965e-08 0.3134114
vn 0.9450212 -0.09311402 0.3134718
vn 0.9312989 -0.1852337 0.3136412
vn 0.9087799 -0.2756811 0.3132396
vn 0.87741 -0.3634619 0.3131247
vn 0.837516 -0.4476609 0.313316
vn 0.7896166 -0.5276194 0.3132467
vn 0.7340316 -0.6023995 0.3135482
vn 0.6715005 -0.6715005 0.3133273
vn 0.6023995 -0.7340316 0.3135482
vn 0.5275831 -0.7896407 0.3132467
vn 0.447633 -0.8375308 0.313316
vn 0.3634504 -0.8773926 0.3131869
vn 0.275675 -0.9087817 0.3132396
vn 0.1852563 -0.9312945 0.3136411
vn 0.0930828 -0.9450243 0.3134718
vn 0 -0.9496175 0.3134114
vn -0.0930828 -0.9450243 0.3134718
vn -0.1852414 -0.9312974 0.3136411
vn -0.2756829 -0.9087794 0.3132396
vn -0.363442 -0.8773961 0.3131869
vn -0.4476446 -0.8375246 0.313316
vn -0.5276194 -0.7896165 0.3132467
vn -0.6024184 -0.7340162 0.3135482
vn -0.6715005 -0.6715005 0.3133274
vn -0.7340533 -0.6024803 0.3133421
vn -0.7896309 -0.5275978 0.3132467
vn -0.8375308 -0.447633 0.313316
vn -0.8774127 -0.3634554 0.3131247
vn -0.9087805 -0.2756794 0.3132397
vn -0.9312974 -0.1852414 0.3136411
vn -0.945022 -0.09310626 0.3134719
vn -0.9496174 -1.369965e-08 0.3134114
vn -1 0 -0
vn -0.9951856 0.09800942 4.284128e-09
vn -0.9807804 0.1951154 8.528766e-09
vn -0.9569399 0.290286 1.26888e-08
vn -0.9238754 0.3826936 1.672807e-08
vn -0.8819228 0.4713939 2.060528e-08
vn -0.831463 0.5555801 2.428518e-08
vn -0.7729993 0.6344069 2.77308e-08
vn -0.7071235 0.7070901 3.090789e-08
vn -0.6344197 0.7729888 3.378841e-08
vn -0.5556034 0.8314474 3.634372e-08
vn -0.4713766 0.881932 3.855047e-08
vn -0.3826769 0.9238822 4.038418e-08
vn -0.290286 0.9569399 4.182917e-08
vn -0.195096 0.9807841 4.287143e-08
vn -0.09801064 0.9951853 4.350093e-08
vn -0 1 4.371139e-08
vn 0.09797668 0.9951887 4.350107e-08
vn 0.1951298 0.9807774 4.287114e-08
vn 0.2902814 0.9569414 4.182924e-08
vn 0.3826995 0.9238728 4.038377e-08
vn 0.4714078 0.8819154 3.854974e-08
vn 0.5555726 0.831468 3.634462e-08
vn 0.6343868 0.7730157 3.378959e-08
vn 0.7071068 0.7071068 3.090862e-08
vn 0.7730157 0.6343868 2.772993e-08
vn 0.8314527 0.5555956 2.428586e-08
vn 0.8819154 0.4714078 2.060589e-08
vn 0.9238822 0.3826769 1.672734e-08
vn 0.9569501 0.2902526 1.268734e-08
vn 0.9807804 0.1951154 8.528766e-09
vn 0.9951854 0.09800983 4.284145e-09
vn 1 0 0
vn 0.9951846 -0.09801849 -4.284524e-09
vn 0.9807851 -0.1950914 -8.527715e-09
vn 0.9569419 -0.2902795 -1.268852e-08
vn 0.9238782 -0.3826866 -1.672776e-08
vn 0.8819275 -0.4713852 -2.06049e-08
vn 0.8314682 -0.5555722 -2.428483e-08
vn 0.7730174 -0.6343848 -2.772984e-08
vn 0.7071068 -0.7071068 -3.090862e-08
vn 0.6343848 -0.7730174 -3.378966e-08
vn 0.5555722 -0.8314682 -3.634463e-08
vn 0.4713955 -0.8819219 -3.855003e-08
vn 0.382671 -0.9238846 -4.038428e-08
vn 0.2902776 -0.9569424 -4.182928e-08
vn 0.1951154 -0.9807804 -4.287127e-08
vn 0.09798536 -0.9951879 -4.350104e-08
vn 0 -1 -4.371139e-08
vn -0.09798577 -0.9951878 -4.350104e-08
vn -0.1951012 -0.9807832 -4.287139e-08
vn -0.2902814 -0.9569414 -4.182924e-08
vn -0.3826738 -0.9238835 -4.038423e-08
vn -0.4713817 -0.8819293 -3.855035e-08
vn -0.5555722 -0.8314682 -3.634463e-08
vn -0.6344047 -0.773001 -3.378895e-08
vn -0.7071068 -0.7071068 -3.090862e-08
vn -0.773001 -0.6344047 -2.773071e-08
vn -0.8314681 -0.5555725 -2.428484e-08
vn -0.8819256 -0.4713885 -2.060504e-08
vn -0.9238811 -0.3826798 -1.672746e-08
vn -0.9569424 -0.2902776 -1.268844e-08
vn -0.9807835 -0.1950996 -8.528073e-09
vn -0.9951854 -0.09801023 -4.284163e-09
vn -1 0 -0
vn -0.9496407 1.369657e-08 -0.3133411
vn -0.9450452 0.09310777 -0.3134015
vn -0.9313176 0.1852594 -0.3135708
vn -0.9088002 0.275694 -0.3131694
vn -0.8774288 0.3634773 -0.3130544
vn -0.8375319 0.4476801 -0.3132456
vn -0.789655 0.5276034 -0.3131764
vn -0.7340326 0.6024351 -0.3134778
vn -0.6715327 0.6715011 -0.313257
vn -0.6024625 0.73401 -0.3134778
vn -0.5276253 0.7896405 -0.3131764
vn -0.4476638 0.8375407 -0.3132456
vn -0.3634616 0.8774351 -0.3130544
vn -0.275694 0.9088002 -0.3131693
vn -0.1852426 0.9313209 -0.3135708
vn -0.0931089 0.9450451 -0.3134015
vn -0 0.9496407 -0.3133411
vn 0.09307767 0.9450482 -0.3134015
vn 0.1852729 0.9313149 -0.3135708
vn 0.2756897 0.9088015 -0.3131693
vn 0.3634482 0.8774186 -0.3131166
vn 0.4476866 0.8375284 -0.3132456
vn 0.5276108 0.7896501 -0.3131763
vn 0.6024317 0.7340352 -0.3134778
vn 0.671517 0.671517 -0.3132571
vn 0.7340352 0.6024317 -0.3134778
vn 0.7896454 0.5276179 -0.3131764
vn 0.8375284 0.4476866 -0.3132456
vn 0.877414 0.3634593 -0.3131166
vn 0.9088084 0.275667 -0.3131694
vn 0.9313172 0.1852609 -0.3135708
vn 0.9450451 0.09310891 -0.3134015
vn 0.9496407 1.369657e-08 -0.3133411
vn 0.9450443 -0.09311627 -0.3134015
vn 0.9313217 -0.1852382 -0.3135708
vn 0.908802 -0.2756879 -0.3131694
vn 0.8774315 -0.3634708 -0.3130544
vn 0.8375363 -0.4476718 -0.3132457
vn 0.7896358 -0.5276323 -0.3131764
vn 0.7340496 -0.6024143 -0.3134779
vn 0.671517 -0.671517 -0.3132571
vn 0.6024143 -0.7340496 -0.3134779
vn 0.5275959 -0.78966 -0.3131764
vn 0.4476439 -0.8375512 -0.3132457
vn 0.3634593 -0.877414 -0.3131166
vn 0.2756817 -0.9088039 -0.3131694
vn 0.1852608 -0.9313172 -0.3135708
vn 0.09308507 -0.9450474 -0.3134015
vn 0 -0.9496407 -0.3133411
vn -0.09308507 -0.9450474 -0.3134015
vn -0.1852459 -0.9313202 -0.3135708
vn -0.2756897 -0.9088015 -0.3131694
vn -0.3634509 -0.8774176 -0.3131166
vn -0.4476555 -0.837545 -0.3132457
vn -0.5276323 -0.7896358 -0.3131764
vn -0.602433 -0.7340341 -0.3134778
vn -0.671517 -0.671517 -0.3132571
vn -0.7340712 -0.602495 -0.3132718
vn -0.7896502 -0.5276107 -0.3131764
vn -0.8375512 -0.4476439 -0.3132457
vn -0.8774341 -0.3634642 -0.3130544
vn -0.9088026 -0.2756861 -0.3131694
vn -0.9313202 -0.1852459 -0.3135708
vn -0.9450452 -0.09310851 -0.3134015
vn -0.9496407 1.369658e-08 -0.3133411
vn -0.7108982 3.074199e-08 -0.7032949
vn -0.7074153 0.06968616 -0.7033544
vn -0.6972504 0.1387162 -0.7032779
vn -0.6803273 0.2063868 -0.703249
vn -0.6566381 0.2720008 -0.7034501
vn -0.627027 0.3351573 -0.7032117
vn -0.5911921 0.3950298 -0.7031667
vn -0.5494913 0.4509411 -0.7033573
vn -0.5029033 0.5028802 -0.7029934
vn -0.4509613 0.5494747 -0.7033573
vn -0.3950458 0.5911815 -0.7031667
vn -0.3351373 0.6269752 -0.7032674
vn -0.2719893 0.656643 -0.7034501
vn -0.2063867 0.6803273 -0.703249
vn -0.1387039 0.6972528 -0.7032779
vn -0.06968697 0.7074153 -0.7033544
vn -0 0.7108982 -0.7032949
vn 0.06966437 0.7074204 -0.7033514
vn 0.1387261 0.6972484 -0.7032779
vn 0.2063836 0.6803283 -0.703249
vn 0.2719852 0.6566446 -0.7034501
vn 0.335162 0.6270245 -0.7032117
vn 0.3948445 0.5909264 -0.703494
vn 0.4509386 0.5494934 -0.7033573
vn 0.5028917 0.5028918 -0.7029934
vn 0.5494933 0.4509386 -0.7033573
vn 0.591185 0.3950404 -0.7031667
vn 0.6269663 0.3351541 -0.7032673
vn 0.6566347 0.272009 -0.70345
vn 0.6803334 0.206367 -0.703249
vn 0.6972501 0.1387173 -0.7032779
vn 0.7074153 0.06968701 -0.7033544
vn 0.7108982 3.074199e-08 -0.7032949
vn 0.7074148 -0.06969236 -0.7033543
vn 0.697242 -0.1386995 -0.7032894
vn 0.6803287 -0.2063822 -0.703249
vn 0.6566401 -0.271996 -0.70345
vn 0.6270328 -0.3351464 -0.7032117
vn 0.5910237 -0.3949324 -0.7033629
vn 0.5494925 -0.4509396 -0.7033573
vn 0.502775 -0.502775 -0.7031605
vn 0.4509397 -0.5494924 -0.7033573
vn 0.3950243 -0.5911958 -0.7031667
vn 0.3351048 -0.6269926 -0.7032674
vn 0.2719893 -0.656643 -0.7034501
vn 0.2063598 -0.6803356 -0.703249
vn 0.138695 -0.6972545 -0.7032779
vn 0.0696695 -0.707417 -0.7033543
vn 0 -0.7108982 -0.7032949
vn -0.06966922 -0.7074171 -0.7033544
vn -0.1387063 -0.6972523 -0.7032779
vn -0.2063737 -0.6802959 -0.7032833
vn -0.2719871 -0.6566437 -0.70345
vn -0.3351441 -0.627034 -0.7032118
vn -0.3948604 -0.5909158 -0.703494
vn -0.4509535 -0.5494811 -0.7033573
vn -0.5026582 -0.5026582 -0.7033275
vn -0.5494812 -0.4509535 -0.7033573
vn -0.5911957 -0.3950243 -0.7031667
vn -0.6269926 -0.3351048 -0.7032674
vn -0.6566437 -0.2719871 -0.70345
vn -0.6803356 -0.2063597 -0.703249
vn -0.6972567 -0.1386841 -0.7032779
vn -0.7074153 -0.06968694 -0.7033544
vn -0.7108982 3.074199e-08 -0.7032949
vn -0 4.371139e-08 -1
vn 0 4.371139e-08 -1
vn 0 4.371139e-08 -1
vn 0 4.371139e-08 -1
vn 0 4.371139e-08 -1
vn 0 4.371139e-08 -1
vn 0 4.371139e-08 -1
vn 0 4.371139e-08 -1
vn 0 4.371139e-08 -1
vn 0 4.371139e-08 -1
vn 0 4.371139e-08 -1
vn 0 4.371139e-08 -1
vn 0 4.371139e-08 -1
vn 0 4.371139e-08 -1
vn 0 4.371139e-08 -1
vn 0 4.371139e-08 -1
vn -0 4.371139e-08 -1
vn -0 4.371139e-08 -1
vn -0 4.371139e-08 -1
vn -0 4.371139e-08 -1
vn -0 4.371139e-08 -1
vn -0 4.371139e-08 -1
vn -0 4.371139e-08 -1
vn -0 4.371139e-08 -1
vn -0 4.371139e-08 -1
vn -0 4.371139e-08 -1
vn -0 4.371139e-08 -1
vn -0 4.371139e-08 -1
vn -0 4.371139e-08 -1
vn -0 4.371139e-08 -1
vn -0 4.371139e-08 -1
vn -0 4.371139e-08 -1
vn -0 4.371139e-08 -1
vn -0 4.371139e-08 -1
vn -0 4.371139e-08 -1
vn -0 4.371139e-08 -1
vn -0 4.371139e-08 -1
vn -0 4.371139e-08 -1
vn -0 4.371139e-08 -1
vn -0 4.371139e-08 -1
vn -0 4.371139e-08 -1
vn -0 4.371139e-08 -1
vn -0 4.371139e-08 -1
vn -0 4.371139e-08 -1
vn -0 4.371139e-08 -1
vn -0 4.371139e-08 -1
vn -0 4.371139e-08 -1
vn -0 4.371139e-08 -1
vn 0 4.371139e-08 -1
vn 0 4.371139e-08 -1
vn 0 4.371139e-08 -1
vn 0 4.371139e-08 -1
vn 0 4.371139e-08 -1
vn 0 4.371139e-08 -1
vn 0 4.371139e-08 -1
vn 0 4.371139e-08 -1
vn 0 4.371139e-08 -1
vn 0 4.371139e-08 -1
vn 0 4.371139e-08 -1
vn 0 4.371139e-08 -1
vn 0 4.371139e-08 -1
vn 0 4.371139e-08 -1
vn 0 4.371139e-08 -1
vn 0 4.371139e-08 -1
vn -0 4.371139e-08 -1
vn 0.7108983 3.0742e-08 -0.7032949
vn 0.7071874 -0.06963073 -0.7035891
vn 0.6974764 -0.1387533 -0.7030463
vn 0.6803331 -0.2063677 -0.703249
vn 0.6566356 -0.2720069 -0.70345
vn 0.6270266 -0.3351581 -0.7032117
vn 0.5912009 -0.3950165 -0.7031667
vn 0.5494889 -0.4509439 -0.7033573
vn 0.5029027 -0.5028808 -0.7029935
vn 0.4509631 -0.5494732 -0.7033573
vn 0.3950317 -0.5911908 -0.7031667
vn 0.3351209 -0.6269841 -0.7032674
vn 0.271996 -0.6566402 -0.70345
vn 0.2063677 -0.6803331 -0.703249
vn 0.1386734 -0.6970254 -0.7035093
vn 0.06963156 -0.7071873 -0.7035891
vn 0 -0.7108982 -0.7032949
vn -0.06963157 -0.7071902 -0.7035862
vn -0.1387638 -0.6974744 -0.7030463
vn -0.2063647 -0.680334 -0.7032491
vn -0.2719922 -0.6566417 -0.70345
vn -0.3351626 -0.6270242 -0.7032117
vn -0.3948417 -0.5909282 -0.703494
vn -0.4509417 -0.5494907 -0.7033573
vn -0.5028918 -0.5028917 -0.7029935
vn -0.5494908 -0.4509417 -0.7033573
vn -0.5911942 -0.3950266 -0.7031667
vn -0.6269756 -0.3351367 -0.7032674
vn -0.6566402 -0.271996 -0.70345
vn -0.6803388 -0.2063489 -0.703249
vn -0.697027 -0.138665 -0.7035093
vn -0.7071874 -0.06963126 -0.7035891
vn -0.7108983 3.0742e-08 -0.7032949
vn -0.7071849 0.06965705 -0.703589
vn -0.6974685 0.1387355 -0.7030578
vn -0.6803344 0.2063635 -0.703249
vn -0.6566375 0.2720025 -0.70345
vn -0.627032 0.3351479 -0.7032118
vn -0.5910329 0.3949187 -0.7033629
vn -0.54949 0.4509427 -0.7033573
vn -0.502775 0.502775 -0.7031605
vn -0.4509426 0.54949 -0.7033573
vn -0.3950113 0.5912044 -0.7031667
vn -0.335124 0.6269823 -0.7032673
vn -0.271996 0.6566402 -0.70345
vn -0.2063592 0.6803357 -0.703249
vn -0.1387534 0.6974764 -0.7030463
vn -0.06961396 0.707189 -0.7035891
vn 0 0.7108982 -0.7032949
vn 0.06965727 0.7071848 -0.703589
vn 0.138762 0.6974747 -0.7030463
vn 0.2063549 0.6803016 -0.7032833
vn 0.271994 0.6566409 -0.70345
vn 0.3351456 0.6270332 -0.7032117
vn 0.3948466 0.5909251 -0.703494
vn 0.4509557 0.5494793 -0.7033573
vn 0.5026582 0.5026583 -0.7033274
vn 0.5494793 0.4509557 -0.7033573
vn 0.5911975 0.3950216 -0.7031667
vn 0.6269823 0.3351241 -0.7032674
vn 0.6566409 0.271994 -0.70345
vn 0.6803357 0.2063592 -0.703249
vn 0.6970337 0.1386316 -0.7035093
vn 0.7076498 0.06967685 -0.7031194
vn 0.7108982 3.074199e-08 -0.7032949
vn 0.9498549 1.366817e-08 -0.3126913
vn 0.9454715 -0.09313916 -0.3121038
vn 0.931733 -0.1853501 -0.3122801
vn 0.9090237 -0.2757163 -0.3125002
vn 0.8775288 -0.363494 -0.3127542
vn 0.8377456 -0.4477878 -0.3125193
vn 0.7897164 -0.5276721 -0.3129063
vn 0.734245 -0.6025441 -0.3127695
vn 0.6717454 -0.6717166 -0.3123379
vn 0.6025692 -0.7342244 -0.3127695
vn 0.527725 -0.7897525 -0.3127257
vn 0.447773 -0.8377536 -0.3125193
vn 0.3634796 -0.8775348 -0.3127542
vn 0.2757163 -0.9090237 -0.3125002
vn 0.1853226 -0.93153 -0.312902
vn 0.09314034 -0.9454726 -0.3120998
vn 0 -0.9498548 -0.3126913
vn -0.09308271 -0.9454771 -0.3121038
vn -0.1853625 -0.9317306 -0.3122802
vn -0.2757054 -0.908813 -0.3131222
vn -0.3634746 -0.8775369 -0.3127542
vn -0.4477938 -0.8377424 -0.3125193
vn -0.5277282 -0.7897858 -0.3126361
vn -0.6025411 -0.7342475 -0.3127695
vn -0.6717309 -0.6717309 -0.3123379
vn -0.7342475 -0.6025411 -0.3127695
vn -0.789757 -0.5277183 -0.3127257
vn -0.8376593 -0.4477493 -0.312806
vn -0.8776472 -0.3635203 -0.3123917
vn -0.9090152 -0.2757442 -0.3125002
vn -0.931527 -0.1853106 -0.3129177
vn -0.9454727 -0.09313963 -0.3120998
vn -0.9498548 1.366817e-08 -0.3126913
vn -0.9454694 0.09317337 -0.3120998
vn -0.9317425 0.1853293 -0.3122643
vn -0.9088215 0.2756775 -0.3131222
vn -0.8775313 0.3634881 -0.3127542
vn -0.837756 0.4477684 -0.3125193
vn -0.7897905 0.5277213 -0.312636
vn -0.7342324 0.6025596 -0.3127695
vn -0.6716775 0.6716775 -0.3125677
vn -0.6025596 0.7342324 -0.3127695
vn -0.5276983 0.7897704 -0.3127257
vn -0.4477995 0.8377395 -0.3125193
vn -0.3634824 0.8775558 -0.312692
vn -0.2757621 0.9090261 -0.312453
vn -0.1853488 0.9317333 -0.3122801
vn -0.09311656 0.945475 -0.3120997
vn 0 0.9498548 -0.3126912
vn 0.09311656 0.945475 -0.3120997
vn 0.1853601 0.931731 -0.3122801
vn 0.2757649 0.909009 -0.3125002
vn 0.3634849 0.8775548 -0.312692
vn 0.4477774 0.8377512 -0.3125193
vn 0.5277213 0.7897905 -0.312636
vn 0.6025767 0.7342184 -0.3127695
vn 0.6716775 0.6716775 -0.3125677
vn 0.7342324 0.6025596 -0.3127695
vn 0.789712 0.5276787 -0.3129062
vn 0.8376562 0.447755 -0.3128059
vn 0.8776293 0.3635098 -0.3124538
vn 0.9088324 0.2756417 -0.3131222
vn 0.9315414 0.185265 -0.3129019
vn 0.9452609 0.09311914 -0.3127469
vn 0.9498548 1.366817e-08 -0.3126913
vn 1 0 0
vn 0.9951853 -0.09801091 -4.284193e-09
vn 0.9807905 -0.1950641 -8.526522e-09
vn 0.9569469 -0.2902628 -1.268779e-08
vn 0.9238682 -0.3827109 -1.672882e-08
vn 0.8819178 -0.4714032 -2.060569e-08
vn 0.8314781 -0.5555575 -2.428419e-08
vn 0.7730097 -0.6343942 -2.773025e-08
vn 0.7071218 -0.7070918 -3.090797e-08
vn 0.6344204 -0.7729882 -3.378839e-08
vn 0.5555784 -0.8314642 -3.634445e-08
vn 0.471394 -0.8819228 -3.855007e-08
vn 0.3826959 -0.9238743 -4.038383e-08
vn 0.2902628 -0.9569469 -4.182948e-08
vn 0.1950784 -0.9807876 -4.287159e-08
vn 0.098012 -0.9951852 -4.350093e-08
vn 0 -1 -4.371139e-08
vn -0.09795263 -0.9951911 -4.350118e-08
vn -0.1950784 -0.9807876 -4.287159e-08
vn -0.2903135 -0.9569316 -4.182881e-08
vn -0.3826906 -0.9238766 -4.038392e-08
vn -0.4714094 -0.8819145 -3.854971e-08
vn -0.5555646 -0.8314734 -3.634485e-08
vn -0.634391 -0.7730123 -3.378944e-08
vn -0.7071068 -0.7071068 -3.090862e-08
vn -0.7730123 -0.634391 -2.773011e-08
vn -0.8314688 -0.5555714 -2.428479e-08
vn -0.8819145 -0.4714094 -2.060596e-08
vn -0.9238743 -0.3826959 -1.672817e-08
vn -0.9569548 -0.290237 -1.268666e-08
vn -0.9807902 -0.1950655 -8.526584e-09
vn -0.9951852 -0.09801164 -4.284225e-09
vn -1 0 0
vn -0.9951818 0.09804615 4.285733e-09
vn -0.9807947 0.1950426 8.525581e-09
vn -0.9569417 0.2902802 1.268855e-08
vn -0.9238707 0.3827047 1.672855e-08
vn -0.8819253 0.4713891 2.060507e-08
vn -0.8314689 0.5555712 2.428479e-08
vn -0.7730112 0.6343924 2.773017e-08
vn -0.7071068 0.7071068 3.090862e-08
vn -0.6343924 0.7730112 3.378939e-08
vn -0.5555505 0.8314828 3.634527e-08
vn -0.4713859 0.881927 3.855025e-08
vn -0.3826959 0.9238743 4.038383e-08
vn -0.290306 0.9569339 4.182891e-08
vn -0.1951232 0.9807788 4.28712e-08
vn -0.09798716 0.9951877 4.350103e-08
vn -0 1 4.371139e-08
vn 0.09798716 0.9951877 4.350103e-08
vn 0.1950759 0.9807882 4.287161e-08
vn 0.2903177 0.9569303 4.182875e-08
vn 0.3826879 0.9238777 4.038397e-08
vn 0.4713861 0.881927 3.855025e-08
vn 0.5555712 0.8314689 3.634466e-08
vn 0.6344103 0.7729965 3.378875e-08
vn 0.7071068 0.7071068 3.090862e-08
vn 0.7729965 0.6344103 2.773095e-08
vn 0.8314734 0.5555645 2.428449e-08
vn 0.8819237 0.4713921 2.06052e-08
vn 0.9238755 0.3826932 1.672805e-08
vn 0.9569352 0.2903018 1.268949e-08
vn 0.9807882 0.1950759 8.527037e-09
vn 0.9951852 0.09801164 4.284225e-09
vn 1 0 0
f 2776/2776/2776 2841/2841/2841 2777/2777/2777
f 2777/2777/2777 2841/2841/2841 2842/2842/2842
f 2777/2777/2777 2842/2842/2842 2778/2778/2778
f 2778/2778/2778 2842/2842/2842 2843/2843/2843
f 2778/2778/2778 2843/2843/2843 2779/2779/2779
f 2779/2779/2779 2843/2843/2843 2844/2844/2844
f 2779/2779/2779 2844/2844/2844 2780/2780/2780
f 2780/2780/2780 2844/2844/2844 2845/2845/2845
f 2780/2780/2780 2845/2845/2845 2781/2781/2781
f 2781/2781/2781 2845/2845/2845 2846/2846/2846
f 2781/2781/2781 2846/2846/2846 2782/2782/2782
f 2782/2782/2782 2846/2846/2846 2847/2847/2847
f 2782/2782/2782 2847/2847/2847 2783/2783/2783
f 2783/2783/2783 2847/2847/2847 2848/2848/2848
f 2783/2783/2783 2848/2848/2848 2784/2784/2784
f 2784/2784/2784 2848/2848/2848 2849/2849/2849
f 2784/2784/2784 2849/2849/2849 2785/2785/2785
f 2785/2785/2785 2849/2849/2849 2850/2850/2850
f 2785/2785/2785 2850/2850/2850 2786/2786/2786
f 2786/2786/2786 2850/2850/2850 2851/2851/2851
f 2786/2786/2786 2851/2851/2851 2787/2787/2787
f 2787/2787/2787 2851/2851/2851 2852/2852/2852
f 2787/2787/2787 2852/2852/2852 2788/2788/2788
f 2788/2788/2788 2852/2852/2852 2853/2853/2853
f 2788/2788/2788 2853/2853/2853 2789/2789/2789
f 2789/2789/2789 2853/2853/2853 2854/2854/2854
f 2789/2789/2789 2854/2854/2854 2790/2790/2790
f 2790/2790/2790 2854/2854/2854 2855/2855/2855
f 2790/2790/2790 2855/2855/2855 2791/2791/2791
f 2791/2791/2791 2855/2855/2855 2856/2856/2856
f 2791/2791/2791 2856/2856/2856 2792/2792/2792
f 2792/2792/2792 2856/2856/2856 2857/2857/2857
f 2792/2792/2792 2857/2857/2857 2793/2793/2793
f 2793/2793/2793 2857/2857/2857 2858/2858/2858
f 2793/2793/2793 2858/2858/2858 2794/2794/2794
f 2794/2794/2794 2858/2858/2858 2859/2859/2859
f 2794/2794/2794 2859/2859/2859 2795/2795/2795
f 2795/2795/2795 2859/2859/2859 2860/2860/2860
f 2795/2795/2795 2860/2860/2860 2796/2796/2796
f 2796/2796/2796 2860/2860/2860 2861/2861/2861
f 2796/2796/2796 2861/2861/2861 2797/2797/2797
f 2797/2797/2797 2861/2861/2861 2862/2862/2862
f 2797/2797/2797 2862/2862/2862 2798/2798/2798
f 2798/2798/2798 2862/2862/2862 2863/2863/2863
f 2798/2798/2798 2863/2863/2863 2799/2799/2799
f 2799/2799/2799 2863/2863/2863 2864/2864/2864
f 2799/2799/2799 2864/2864/2864 2800/2800/2800
f 2800/2800/2800 2864/2864/2864 2865/2865/2865
f 2800/2800/2800 2865/2865/2865 2801/2801/2801
f 2801/2801/2801 2865/2865/2865 2866/2866/2866
f 2801/2801/2801 2866/2866/2866 2802/2802/2802
f 2802/2802/2802 2866/2866/2866 2867/2867/2867
f 2802/2802/2802 2867/2867/2867 2803/2803/2803
f 2803/2803/2803 2867/2867/2867 2868/2868/2868
f 2803/2803/2803 2868/2868/2868 2804/2804/2804
f 2804/2804/2804 2868/2868/2868 2869/2869/2869
f 2804/2804/2804 2869/2869/2869 2805/2805/2805
f 2805/2805/2805 2869/2869/2869 2870/2870/2870
f 2805/2805/2805 2870/2870/2870 2806/2806/2806
f 2806/2806/2806 2870/2870/2870 2871/2871/2871
f 2806/2806/2806 2871/2871/2871 2807/2807/2807
f 2807/2807/2807 2871/2871/2871 2872/2872/2872
f 2807/2807/2807 2872/2872/2872 2808/2808/2808
f 2808/2808/2808 2872/2872/2872 2873/2873/2873
f 2808/2808/2808 2873/2873/2873 2809/2809/2809
f 2809/2809/2809 2873/2873/2873 2874/2874/2874
f 2809/2809/2809 2874/2874/2874 2810/2810/2810
f 2810/2810/2810 2874/2874/2874 2875/2875/2875
f 2810/2810/2810 2875/2875/2875 2811/2811/2811
f 2811/2811/2811 2875/2875/2875 2876/2876/2876
f 2811/2811/2811 2876/2876/2876 2812/2812/2812
f 2812/2812/2812 2876/2876/2876 2877/2877/2877
f 2812/2812/2812 2877/2877/2877 2813/2813/2813
f 2813/2813/2813 2877/2877/2877 2878/2878/2878
f 2813/2813/2813 2878/2878/2878 2814/2814/2814
f 2814/2814/2814 2878/2878/2878 2879/2879/2879
f 2814/2814/2814 2879/2879/2879 2815/2815/2815
f 2815/2815/2815 2879/2879/2879 2880/2880/2880
f 2815/2815/2815 2880/2880/2880 2816/2816/2816
f 2816/2816/2816 2880/2880/2880 2881/2881/2881
f 2816/2816/2816 2881/2881/2881 2817/2817/2817
f 2817/2817/2817 2881/2881/2881 2882/2882/2882
f 2817/2817/2817 2882/2882/2882 2818/2818/2818
f 2818/2818/2818 2882/2882/2882 2883/2883/2883
f 2818/2818/2818 2883/2883/2883 2819/2819/2819
f 2819/2819/2819 2883/2883/2883 2884/2884/2884
f 2819/2819/2819 2884/2884/2884 2820/2820/2820
f 2820/2820/2820 2884/2884/2884 2885/2885/2885
f 2820/2820/2820 2885/2885/2885 2821/2821/2821
f 2821/2821/2821 2885/2885/2885 2886/2886/2886
f 2821/2821/2821 2886/2886/2886 2822/2822/2822
f 2822/2822/2822 2886/2886/2886 2887/2887/2887
f 2822/2822/2822 2887/2887/2887 2823/2823/2823
f 2823/2823/2823 2887/2887/2887 2888/2888/2888
f 2823/2823/2823 2888/2888/2888 2824/2824/2824
f 2824/2824/2824 2888/2888/2888 2889/2889/2889
f 2824/2824/2824 2889/2889/2889 2825/2825/2825
f 2825/2825/2825 2889/2889/2889 2890/2890/2890
f 2825/2825/2825 2890/2890/2890 2826/2826/2826
f 2826/2826/2826 2890/2890/2890 2891/2891/2891
f 2826/2826/2826 2891/2891/2891 2827/2827/2827
f 2827/2827/2827 2891/2891/2891 2892/2892/2892
f 2827/2827/2827 2892/2892/2892 2828/2828/2828
f 2828/2828/2828 2892/2892/2892 2893/2893/2893
f 2828/2828/2828 2893/2893/2893 2829/2829/2829
f 2829/2829/2829 2893/2893/2893 2894/2894/2894
f 2829/2829/2829 2894/2894/2894 2830/2830/2830
f 2830/2830/2830 2894/2894/2894 2895/2895/2895
f 2830/2830/2830 2895/2895/2895 2831/2831/2831
f 2831/2831/2831 2895/2895/2895 2896/2896/2896
f 2831/2831/2831 2896/2896/2896 2832/2832/2832
f 2832/2832/2832 2896/2896/2896 2897/2897/2897
f 2832/2832/2832 2897/2897/2897 2833/2833/2833
f 2833/2833/2833 2897/2897/2897 2898/2898/2898
f 2833/2833/2833 2898/2898/2898 2834/2834/2834
f 2834/2834/2834 2898/2898/2898 2899/2899/2899
f 2834/2834/2834 2899/2899/2899 2835/2835/2835
f 2835/2835/2835 2899/2899/2899 2900/2900/2900
f 2835/2835/2835 2900/2900/2900 2836/2836/2836
f 2836/2836/2836 2900/2900/2900 2901/2901/2901
f 2836/2836/2836 2901/2901/2901 2837/2837/2837
f 2837/2837/2837 2901/2901/2901 2902/2902/2902
f 2837/2837/2837 2902/2902/2902 2838/2838/2838
f 2838/2838/2838 2902/2902/2902 2903/2903/2903
f 2838/2838/2838 2903/2903/2903 2839/2839/2839
f 2839/2839/2839 2903/2903/2903 2904/2904/2904
f 2839/2839/2839 2904/2904/2904 2840/2840/2840
f 2840/2840/2840 2904/2904/2904 2905/2905/2905
f 2841/2841/2841 2906/2906/2906 2842/2842/2842
f 2842/2842/2842 2906/2906/2906 2907/2907/2907
f 2842/2842/2842 2907/2907/2907 2843/2843/2843
f 2843/2843/2843 2907/2907/2907 2908/2908/2908
f 2843/2843/2843 2908/2908/2908 2844/2844/2844
f 2844/2844/2844 2908/2908/2908 2909/2909/2909
f 2844/2844/2844 2909/2909/2909 2845/2845/2845
f 2845/2845/2845 2909/2909/2909 2910/2910/2910
f 2845/2845/2845 2910/2910/2910 2846/2846/2846
f 2846/2846/2846 2910/2910/2910 2911/2911/2911
f 2846/2846/2846 2911/2911/2911 2847/2847/2847
f 2847/2847/2847 2911/2911/2911 2912/2912/2912
f 2847/2847/2847 2912/2912/2912 2848/2848/2848
f 2848/2848/2848 2912/2912/2912 2913/2913/2913
f 2848/2848/2848 2913/2913/2913 2849/2849/2849
f 2849/2849/2849 2913/2913/2913 2914/2914/2914
f 2849/2849/2849 2914/2914/2914 2850/2850/2850
f 2850/2850/2850 2914/2914/2914 2915/2915/2915
f 2850/2850/2850 2915/2915/2915 2851/2851/2851
f 2851/2851/2851 2915/2915/2915 2916/2916/2916
f 2851/2851/2851 2916/2916/2916 2852/2852/2852
f 2852/2852/2852 2916/2916/2916 2917/2917/2917
f 2852/2852/2852 2917/2917/2917 2853/2853/2853
f 2853/2853/2853 2917/2917/2917 2918/2918/2918
f 2853/2853/2853 2918/2918/2918 2854/2854/2854
f 2854/2854/2854 2918/2918/2918 2919/2919/2919
f 2854/2854/2854 2919/2919/2919 2855/2855/2855
f 2855/2855/2855 2919/2919/2919 2920/2920/2920
f 2855/2855/2855 2920/2920/2920 2856/2856/2856
f 2856/2856/2856 2920/2920/2920 2921/2921/2921
f 2856/2856/2856 2921/2921/2921 2857/2857/2857
f 2857/2857/2857 2921/2921/2921 2922/2922/2922
f 2857/2857/2857 2922/2922/2922 2858/2858/2858
f 2858/2858/2858 2922/2922/2922 2923/2923/2923
f 2858/2858/2858 2923/2923/2923 2859/2859/2859
f 2859/2859/2859 2923/2923/2923 2924/2924/2924
f 2859/2859/2859 2924/2924/2924 2860/2860/2860
f 2860/2860/2860 2924/2924/2924 2925/2925/2925
f 2860/2860/2860 2925/2925/2925 2861/2861/2861
f 2861/2861/2861 2925/2925/2925 2926/2926/2926
f 2861/2861/2861 2926/2926/2926 2862/2862/2862
f 2862/2862/2862 2926/2926/2926 2927/2927/2927
f 2862/2862/2862 2927/2927/2927 2863/2863/2863
f 2863/2863/2863 2927/2927/2927 2928/2928/2928
f 2863/2863/2863 2928/2928/2928 2864/2864/2864
f 2864/2864/2864 2928/2928/2928 2929/2929/2929
f 2864/2864/2864 2929/2929/2929 2865/2865/2865
f 2865/2865/2865 2929/2929/2929 2930/2930/2930
f 2865/2865/2865 2930/2930/2930 2866/2866/2866
f 2866/2866/2866 2930/2930/2930 2931/2931/2931
f 2866/2866/2866 2931/2931/2931 2867/2867/2867
f 2867/2867/2867 2931/2931/2931 2932/2932/2932
f 2867/2867/2867 2932/2932/2932 2868/2868/2868
f 2868/2868/2868 2932/2932/2932 2933/2933/2933
f 2868/2868/2868 2933/2933/2933 2869/2869/2869
f 2869/2869/2869 2933/2933/2933 2934/2934/2934
f 2869/2869/2869 2934/2934/2934 2870/2870/2870
f 2870/2870/2870 2934/2934/2934 2935/2935/2935
f 2870/2870/2870 2935/2935/2935 2871/2871/2871
f 2871/2871/2871 2935/2935/2935 2936/2936/2936
f 2871/2871/2871 2936/2936/2936 2872/2872/2872
f 2872/2872/2872 2936/2936/2936 2937/2937/2937
f 2872/2872/2872 2937/2937/2937 2873/2873/2873
f 2873/2873/2873 2937/2937/2937 2938/2938/2938
f 2873/2873/2873 2938/2938/2938 2874/2874/2874
f 2874/2874/2874 2938/2938/2938 2939/2939/2939
f 2874/2874/2874 2939/2939/2939 2875/2875/2875
f 2875/2875/2875 2939/2939/2939 2940/2940/2940
f 2875/2875/2875 2940/2940/2940 2876/2876/2876
f 2876/2876/2876 2940/2940/2940 2941/2941/2941
f 2876/2876/2876 2941/2941/2941 2877/2877/2877
f 2877/2877/2877 2941/2941/2941 2942/2942/2942
f 2877/2877/2877 2942/2942/2942 2878/2878/2878
f 2878/2878/2878 2942/2942/2942 2943/2943/2943
f 2878/2878/2878 2943/2943/2943 2879/2879/2879
f 2879/2879/2879 2943/2943/2943 2944/2944/2944
f 2879/2879/2879 2944/2944/2944 2880/2880/2880
f 2880/2880/2880 2944/2944/2944 2945/2945/2945
f 2880/2880/2880 2945/2945/2945 2881/2881/2881
f 2881/2881/2881 2945/2945/2945 2946/2946/2946
f 2881/2881/2881 2946/2946/2946 2882/2882/2882
f 2882/2882/2882 2946/2946/2946 2947/2947/2947
f 2882/2882/2882 2947/2947/2947 2883/2883/2883
f 2883/2883/2883 2947/2947/2947 2948/2948/2948
f 2883/2883/2883 2948/2948/2948 2884/2884/2884
f 2884/2884/2884 2948/2948/2948 2949/2949/2949
f 2884/2884/2884 2949/2949/2949 2885/2885/2885
f 2885/2885/2885 2949/2949/2949 2950/2950/2950
f 2885/2885/2885 2950/2950/2950 2886/2886/2886
f 2886/2886/2886 2950/2950/2950 2951/2951/2951
f 2886/2886/2886 2951/2951/2951 2887/2887/2887
f 2887/2887/2887 2951/2951/2951 2952/2952/2952
f 2887/2887/2887 2952/2952/2952 2888/2888/2888
f 2888/2888/2888 2952/2952/2952 2953/2953/2953
f 2888/2888/2888 2953/2953/2953 2889/2889/2889
f 2889/2889/2889 2953/2953/2953 2954/2954/2954
f 2889/2889/2889 2954/2954/2954 2890/2890/2890
f 2890/2890/2890 2954/2954/2954 2955/2955/2955
f 2890/2890/2890 2955/2955/2955 2891/2891/2891
f 2891/2891/2891 2955/2955/2955 2956/2956/2956
f 2891/2891/2891 2956/2956/2956 2892/2892/2892
f 2892/2892/2892 2956/2956/2956 2957/2957/2957
f 2892/2892/2892 2957/2957/2957 2893/2893/2893
f 2893/2893/2893 2957/2957/2957 2958/2958/2958
f 2893/2893/2893 2958/2958/2958 2894/2894/2894
f 2894/2894/2894 2958/2958/2958 2959/2959/2959
f 2894/2894/2894 2959/2959/2959 2895/2895/2895
f 2895/2895/2895 2959/2959/2959 2960/2960/2960
f 2895/2895/2895 2960/2960/2960 2896/2896/2896
f 2896/2896/2896 2960/2960/2960 2961/2961/2961
f 2896/2896/2896 2961/2961/2961 2897/2897/2897
f 2897/2897/2897 2961/2961/2961 2962/2962/2962
f 2897/2897/2897 2962/2962/2962 2898/2898/2898
f 2898/2898/2898 2962/2962/2962 2963/2963/2963
f 2898/2898/2898 2963/2963/2963 2899/2899/2899
f 2899/2899/2899 2963/2963/2963 2964/2964/2964
f 2899/2899/2899 2964/2964/2964 2900/2900/2900
f 2900/2900/2900 2964/2964/2964 2965/2965/2965
f 2900/2900/2900 2965/2965/2965 2901/2901/2901
f 2901/2901/2901 2965/2965/2965 2966/2966/2966
f 2901/2901/2901 2966/2966/2966 2902/2902/2902
f 2902/2902/2902 2966/2966/2966 2967/2967/2967
f 2902/2902/2902 2967/2967/2967 2903/2903/2903
f 2903/2903/2903 2967/2967/2967 2968/2968/2968
f 2903/2903/2903 2968/2968/2968 2904/2904/2904
f 2904/2904/2904 2968/2968/2968 2969/2969/2969
f 2904/2904/2904 2969/2969/2969 2905/2905/2905
f 2905/2905/2905 2969/2969/2969 2970/2970/2970
f 2906/2906/2906 2971/2971/2971 2907/2907/2907
f 2907/2907/2907 2971/2971/2971 2972/2972/2972
f 2907/2907/2907 2972/2972/2972 2908/2908/2908
f 2908/2908/2908 2972/2972/2972 2973/2973/2973
f 2908/2908/2908 2973/2973/2973 2909/2909/2909
f 2909/2909/2909 2973/2973/2973 2974/2974/2974
f 2909/2909/2909 2974/2974/2974 2910/2910/2910
f 2910/2910/2910 2974/2974/2974 2975/2975/2975
f 2910/2910/2910 2975/2975/2975 2911/2911/2911
f 2911/2911/2911 2975/2975/2975 2976/2976/2976
f 2911/2911/2911 2976/2976/2976 2912/2912/2912
f 2912/2912/2912 2976/2976/2976 2977/2977/2977
f 2912/2912/2912 2977/2977/2977 2913/2913/2913
f 2913/2913/2913 2977/2977/2977 2978/2978/2978
f 2913/2913/2913 2978/2978/2978 2914/2914/2914
f 2914/2914/2914 2978/2978/2978 2979/2979/2979
f 2914/2914/2914 2979/2979/2979 2915/2915/2915
f 2915/2915/2915 2979/2979/2979 2980/2980/2980
f 2915/2915/2915 2980/2980/2980 2916/2916/2916
f 2916/2916/2916 2980/2980/2980 2981/2981/2981
f 2916/2916/2916 2981/2981/2981 2917/2917/2917
f 2917/2917/2917 2981/2981/2981 2982/2982/2982
f 2917/2917/2917 2982/2982/2982 2918/2918/2918
f 2918/2918/2918 2982/2982/2982 2983/2983/2983
f 2918/2918/2918 2983/2983/2983 2919/2919/2919
f 2919/2919/2919 2983/2983/2983 2984/2984/2984
f 2919/2919/2919 2984/2984/2984 2920/2920/2920
f 2920/2920/2920 2984/2984/2984 2985/2985/2985
f 2920/2920/2920 2985/2985/2985 2921/2921/2921
f 2921/2921/2921 2985/2985/2985 2986/2986/2986
f 2921/2921/2921 2986/2986/2986 2922/2922/2922
f 2922/2922/2922 2986/2986/2986 2987/2987/2987
f 2922/2922/2922 2987/2987/2987 2923/2923/2923
f 2923/2923/2923 2987/2987/2987 2988/2988/2988
f 2923/2923/2923 2988/2988/2988 2924/2924/2924
f 2924/2924/2924 2988/2988/2988 2989/2989/2989
f 2924/2924/2924 2989/2989/2989 2925/2925/2925
f 2925/2925/2925 2989/2989/2989 2990/2990/2990
f 2925/2925/2925 2990/2990/2990 2926/2926/2926
f 2926/2926/2926 2990/2990/2990 2991/2991/2991
f 2926/2926/2926 2991/2991/2991 2927/2927/2927
f 2927/2927/2927 2991/2991/2991 2992/2992/2992
f 2927/2927/2927 2992/2992/2992 2928/2928/2928
f 2928/2928/2928 2992/2992/2992 2993/2993/2993
f 2928/2928/2928 2993/2993/2993 2929/2929/2929
f 2929/2929/2929 2993/2993/2993 2994/2994/2994
f 2929/2929/2929 2994/2994/2994 2930/2930/2930
f 2930/2930/2930 2994/2994/2994 2995/2995/2995
f 2930/2930/2930 2995/2995/2995 2931/2931/2931
f 2931/2931/2931 2995/2995/2995 2996/2996/2996
f 2931/2931/2931 2996/2996/2996 2932/2932/2932
f 2932/2932/2932 2996/2996/2996 2997/2997/2997
f 2932/2932/2932 2997/2997/2997 2933/2933/2933
f 2933/2933/2933 2997/2997/2997 2998/2998/2998
f 2933/2933/2933 2998/2998/2998 2934/2934/2934
f 2934/2934/2934 2998/2998/2998 2999/2999/2999
f 2934/2934/2934 2999/2999/2999 2935/2935/2935
f 2935/2935/2935 2999/2999/2999 3000/3000/3000
f 2935/2935/2935 3000/3000/3000 2936/2936/2936
f 2936/2936/2936 3000/3000/3000 3001/3001/3001
f 2936/2936/2936 3001/3001/3001 2937/2937/2937
f 2937/2937/2937 3001/3001/3001 3002/3002/3002
f 2937/2937/2937 3002/3002/3002 2938/2938/2938
f 2938/2938/2938 3002/3002/3002 3003/3003/3003
f 2938/2938/2938 3003/3003/3003 2939/2939/2939
f 2939/2939/2939 3003/3003/3003 3004/3004/3004
f 2939/2939/2939 3004/3004/3004 2940/2940/2940
f 2940/2940/2940 3004/3004/3004 3005/3005/3005
f 2940/2940/2940 3005/3005/3005 2941/2941/2941
f 2941/2941/2941 3005/3005/3005 3006/3006/3006
f 2941/2941/2941 3006/3006/3006 2942/2942/2942
f 2942/2942/2942 3006/3006/3006 3007/3007/3007
f 2942/2942/2942 3007/3007/3007 2943/2943/2943
f 2943/2943/2943 3007/3007/3007 3008/3008/3008
f 2943/2943/2943 3008/3008/3008 2944/2944/2944
f 2944/2944/2944 3008/3008/3008 3009/3009/3009
f 2944/2944/2944 3009/3009/3009 2945/2945/2945
f 2945/2945/2945 3009/3009/3009 3010/3010/3010
f 2945/2945/2945 3010/3010/3010 2946/2946/2946
f 2946/2946/2946 3010/3010/3010 3011/3011/3011
f 2946/2946/2946 3011/3011/3011 2947/2947/2947
f 2947/2947/2947 3011/3011/3011 3012/3012/3012
f 2947/2947/2947 3012/3012/3012 2948/2948/2948
f 2948/2948/2948 3012/3012/3012 3013/3013/3013
f 2948/2948/2948 3013/3013/3013 2949/2949/2949
f 2949/2949/2949 3013/3013/3013 3014/3014/3014
f 2949/2949/2949 3014/3014/3014 2950/2950/2950
f 2950/2950/2950 3014/3014/3014 3015/3015/3015
f 2950/2950/2950 3015/3015/3015 2951/2951/2951
f 2951/2951/2951 3015/3015/3015 3016/3016/3016
f 2951/2951/2951 3016/3016/3016 2952/2952/2952
f 2952/2952/2952 3016/3016/3016 3017/3017/3017
f 2952/2952/2952 3017/3017/3017 2953/2953/2953
f 2953/2953/2953 3017/3017/3017 3018/3018/3018
f 2953/2953/2953 3018/3018/3018 2954/2954/2954
f 2954/2954/2954 3018/3018/3018 3019/3019/3019
f 2954/2954/2954 3019/3019/3019 2955/2955/2955
f 2955/2955/2955 3019/3019/3019 3020/3020/3020
f 2955/2955/2955 3020/3020/3020 2956/2956/2956
f 2956/2956/2956 3020/3020/3020 3021/3021/3021
f 2956/2956/2956 3021/3021/3021 2957/2957/2957
f 2957/2957/2957 3021/3021/3021 3022/3022/3022
f 2957/2957/2957 3022/3022/3022 2958/2958/2958
f 2958/2958/2958 3022/3022/3022 3023/3023/3023
f 2958/2958/2958 3023/3023/3023 2959/2959/2959
f 2959/2959/2959 3023/3023/3023 3024/3024/3024
f 2959/2959/2959 3024/3024/3024 2960/2960/2960
f 2960/2960/2960 3024/3024/3024 3025/3025/3025
f 2960/2960/2960 3025/3025/3025 2961/2961/2961
f 2961/2961/2961 3025/3025/3025 3026/3026/3026
f 2961/2961/2961 3026/3026/3026 2962/2962/2962
f 2962/2962/2962 3026/3026/3026 3027/3027/3027
f 2962/2962/2962 3027/3027/3027 2963/2963/2963
f 2963/2963/2963 3027/3027/3027 3028/3028/3028
f 2963/2963/2963 3028/3028/3028 2964/2964/2964
f 2964/2964/2964 3028/3028/3028 3029/3029/3029
f 2964/2964/2964 3029/3029/3029 2965/2965/2965
f 2965/2965/2965 3029/3029/3029 3030/3030/3030
f 2965/2965/2965 3030/3030/3030 2966/2966/2966
f 2966/2966/2966 3030/3030/3030 3031/3031/3031
f 2966/2966/2966 3031/3031/3031 2967/2967/2967
f 2967/2967/2967 3031/3031/3031 3032/3032/3032
f 2967/2967/2967 3032/3032/3032 2968/2968/2968
f 2968/2968/2968 3032/3032/3032 3033/3033/3033
f 2968/2968/2968 3033/3033/3033 2969/2969/2969
f 2969/2969/2969 3033/3033/3033 3034/3034/3034
f 2969/2969/2969 3034/3034/3034 2970/2970/2970
f 2970/2970/2970 3034/3034/3034 3035/3035/3035
f 2971/2971/2971 3036/3036/3036 2972/2972/2972
f 2972/2972/2972 3036/3036/3036 3037/3037/3037
f 2972/2972/2972 3037/3037/3037 2973/2973/2973
f 2973/2973/2973 3037/3037/3037 3038/3038/3038
f 2973/2973/2973 3038/3038/3038 2974/2974/2974
f 2974/2974/2974 3038/3038/3038 3039/3039/3039
f 2974/2974/2974 3039/3039/3039 2975/2975/2975
f 2975/2975/2975 3039/3039/3039 3040/3040/3040
f 2975/2975/2975 3040/3040/3040 2976/2976/2976
f 2976/2976/2976 3040/3040/3040 3041/3041/3041
f 2976/2976/2976 3041/3041/3041 2977/2977/2977
f 2977/2977/2977 3041/3041/3041 3042/3042/3042
f 2977/2977/2977 3042/3042/3042 2978/2978/2978
f 2978/2978/2978 3042/3042/3042 3043/3043/3043
f 2978/2978/2978 3043/3043/3043 2979/2979/2979
f 2979/2979/2979 3043/3043/3043 3044/3044/3044
f 2979/2979/2979 3044/3044/3044 2980/2980/2980
f 2980/2980/2980 3044/3044/3044 3045/3045/3045
f 2980/2980/2980 3045/3045/3045 2981/2981/2981
f 2981/2981/2981 3045/3045/3045 3046/3046/3046
f 2981/2981/2981 3046/3046/3046 2982/2982/2982
f 2982/2982/2982 3046/3046/3046 3047/3047/3047
f 2982/2982/2982 3047/3047/3047 2983/2983/2983
f 2983/2983/2983 3047/3047/3047 3048/3048/3048
f 2983/2983/2983 3048/3048/3048 2984/2984/2984
f 2984/2984/2984 3048/3048/3048 3049/3049/3049
f 2984/2984/2984 3049/3049/3049 2985/2985/2985
f 2985/2985/2985 3049/3049/3049 3050/3050/3050
f 2985/2985/2985 3050/3050/3050 2986/2986/2986
f 2986/2986/2986 3050/3050/3050 3051/3051/3051
f 2986/2986/2986 3051/3051/3051 2987/2987/2987
f 2987/2987/2987 3051/3051/3051 3052/3052/3052
f 2987/2987/2987 3052/3052/3052 2988/2988/2988
f 2988/2988/2988 3052/3052/3052 3053/3053/3053
f 2988/2988/2988 3053/3053/3053 2989/2989/2989
f 2989/2989/2989 3053/3053/3053 3054/3054/3054
f 2989/2989/2989 3054/3054/3054 2990/2990/2990
f 2990/2990/2990 3054/3054/3054 3055/3055/3055
f 2990/2990/2990 3055/3055/3055 2991/2991/2991
f 2991/2991/2991 3055/3055/3055 3056/3056/3056
f 2991/2991/2991 3056/3056/3056 2992/2992/2992
f 2992/2992/2992 3056/3056/3056 3057/3057/3057
f 2992/2992/2992 3057/3057/3057 2993/2993/2993
f 2993/2993/2993 3057/3057/3057 3058/3058/3058
f 2993/2993/2993 3058/3058/3058 2994/2994/2994
f 2994/2994/2994 3058/3058/3058 3059/3059/3059
f 2994/2994/2994 3059/3059/3059 2995/2995/2995
f 2995/2995/2995 3059/3059/3059 3060/3060/3060
f 2995/2995/2995 3060/3060/3060 2996/2996/2996
f 2996/2996/2996 3060/3060/3060 3061/3061/3061
f 2996/2996/2996 3061/3061/3061 2997/2997/2997
f 2997/2997/2997 3061/3061/3061 3062/3062/3062
f 2997/2997/2997 3062/3062/3062 2998/2998/2998
f 2998/2998/2998 3062/3062/3062 3063/3063/3063
f 2998/2998/2998 3063/3063/3063 2999/2999/2999
f 2999/2999/2999 3063/3063/3063 3064/3064/3064
f 2999/2999/2999 3064/3064/3064 3000/3000/3000
f 3000/3000/3000 3064/3064/3064 3065/3065/3065
f 3000/3000/3000 3065/3065/3065 3001/3001/3001
f 3001/3001/3001 3065/3065/3065 3066/3066/3066
f 3001/3001/3001 3066/3066/3066 3002/3002/3002
f 3002/3002/3002 3066/3066/3066 3067/3067/3067
f 3002/3002/3002 3067/3067/3067 3003/3003/3003
f 3003/3003/3003 3067/3067/3067 3068/3068/3068
f 3003/3003/3003 3068/3068/3068 3004/3004/3004
f 3004/3004/3004 3068/3068/3068 3069/3069/3069
f 3004/3004/3004 3069/3069/3069 3005/3005/3005
f 3005/3005/3005 3069/3069/3069 3070/3070/3070
f 3005/3005/3005 3070/3070/3070 3006/3006/3006
f 3006/3006/3006 3070/3070/3070 3071/3071/3071
f 3006/3006/3006 3071/3071/3071 3007/3007/3007
f 3007/3007/3007 3071/3071/3071 3072/3072/3072
f 3007/3007/3007 3072/3072/3072 3008/3008/3008
f 3008/3008/3008 3072/3072/3072 3073/3073/3073
f 3008/3008/3008 3073/3073/3073 3009/3009/3009
f 3009/3009/3009 3073/3073/3073 3074/3074/3074
f 3009/3009/3009 3074/3074/3074 3010/3010/3010
f 3010/3010/3010 3074/3074/3074 3075/3075/3075
f 3010/3010/3010 3075/3075/3075 3011/3011/3011
f 3011/3011/3011 3075/3075/3075 3076/3076/3076
f 3011/3011/3011 3076/3076/3076 3012/3012/3012
f 3012/3012/3012 3076/3076/3076 3077/3077/3077
f 3012/3012/3012 3077/3077/3077 3013/3013/3013
f 3013/3013/3013 3077/3077/3077 3078/3078/3078
f 3013/3013/3013 3078/3078/3078 3014/3014/3014
f 3014/3014/3014 3078/3078/3078 3079/3079/3079
f 3014/3014/3014 3079/3079/3079 3015/3015/3015
f 3015/3015/3015 3079/3079/3079 3080/3080/3080
f 3015/3015/3015 3080/3080/3080 3016/3016/3016
f 3016/3016/3016 3080/3080/3080 3081/3081/3081
f 3016/3016/3016 3081/3081/3081 3017/3017/3017
f 3017/3017/3017 3081/3081/3081 3082/3082/3082
f 3017/3017/3017 3082/3082/3082 3018/3018/3018
f 3018/3018/3018 3082/3082/3082 3083/3083/3083
f 3018/3018/3018 3083/3083/3083 3019/3019/3019
f 3019/3019/3019 3083/3083/3083 3084/3084/3084
f 3019/3019/3019 3084/3084/3084 3020/3020/3020
f 3020/3020/3020 3084/3084/3084 3085/3085/3085
f 3020/3020/3020 3085/3085/3085 3021/3021/3021
f 3021/3021/3021 3085/3085/3085 3086/3086/3086
f 3021/3021/3021 3086/3086/3086 3022/3022/3022
f 3022/3022/3022 3086/3086/3086 3087/3087/3087
f 3022/3022/3022 3087/3087/3087 3023/3023/3023
f 3023/3023/3023 3087/3087/3087 3088/3088/3088
f 3023/3023/3023 3088/3088/3088 3024/3024/3024
f 3024/3024/3024 3088/3088/3088 3089/3089/3089
f 3024/3024/3024 3089/3089/3089 3025/3025/3025
f 3025/3025/3025 3089/3089/3089 3090/3090/3090
f 3025/3025/3025 3090/3090/3090 3026/3026/3026
f 3026/3026/3026 3090/3090/3090 3091/3091/3091
f 3026/3026/3026 3091/3091/3091 3027/3027/3027
f 3027/3027/3027 3091/3091/3091 3092/3092/3092
f 3027/3027/3027 3092/3092/3092 3028/3028/3028
f 3028/3028/3028 3092/3092/3092 3093/3093/3093
f 3028/3028/3028 3093/3093/3093 3029/3029/3029
f 3029/3029/3029 3093/3093/3093 3094/3094/3094
f 3029/3029/3029 3094/3094/3094 3030/3030/3030
f 3030/3030/3030 3094/3094/3094 3095/3095/3095
f 3030/3030/3030 3095/3095/3095 3031/3031/3031
f 3031/3031/3031 3095/3095/3095 3096/3096/3096
f 3031/3031/3031 3096/3096/3096 3032/3032/3032
f 3032/3032/3032 3096/3096/3096 3097/3097/3097
f 3032/3032/3032 3097/3097/3097 3033/3033/3033
f 3033/3033/3033 3097/3097/3097 3098/3098/3098
f 3033/3033/3033 3098/3098/3098 3034/3034/3034
f 3034/3034/3034 3098/3098/3098 3099/3099/3099
f 3034/3034/3034 3099/3099/3099 3035/3035/3035
f 3035/3035/3035 3099/3099/3099 3100/3100/3100
f 3036/3036/3036 3101/3101/3101 3037/3037/3037
f 3037/3037/3037 3101/3101/3101 3102/3102/3102
f 3037/3037/3037 3102/3102/3102 3038/3038/3038
f 3038/3038/3038 3102/3102/3102 3103/3103/3103
f 3038/3038/3038 3103/3103/3103 3039/3039/3039
f 3039/3039/3039 3103/3103/3103 3104/3104/3104
f 3039/3039/3039 3104/3104/3104 3040/3040/3040
f 3040/3040/3040 3104/3104/3104 3105/3105/3105
f 3040/3040/3040 3105/3105/3105 3041/3041/3041
f 3041/3041/3041 3105/3105/3105 3106/3106/3106
f 3041/3041/3041 3106/3106/3106 3042/3042/3042
f 3042/3042/3042 3106/3106/3106 3107/3107/3107
f 3042/3042/3042 3107/3107/3107 3043/3043/3043
f 3043/3043/3043 3107/3107/3107 3108/3108/3108
f 3043/3043/3043 3108/3108/3108 3044/3044/3044
f 3044/3044/3044 3108/3108/3108 3109/3109/3109
f 3044/3044/3044 3109/3109/3109 3045/3045/3045
f 3045/3045/3045 3109/3109/3109 3110/3110/3110
f 3045/3045/3045 3110/3110/3110 3046/3046/3046
f 3046/3046/3046 3110/3110/3110 3111/3111/3111
f 3046/3046/3046 3111/3111/3111 3047/3047/3047
f 3047/3047/3047 3111/3111/3111 3112/3112/3112
f 3047/3047/3047 3112/3112/3112 3048/3048/3048
f 3048/3048/3048 3112/3112/3112 3113/3113/3113
f 3048/3048/3048 3113/3113/3113 3049/3049/3049
f 3049/3049/3049 3113/3113/3113 3114/3114/3114
f 3049/3049/3049 3114/3114/3114 3050/3050/3050
f 3050/3050/3050 3114/3114/3114 3115/3115/3115
f 3050/3050/3050 3115/3115/3115 3051/3051/3051
f 3051/3051/3051 3115/3115/3115 3116/3116/3116
f 3051/3051/3051 3116/3116/3116 3052/3052/3052
f 3052/3052/3052 3116/3116/3116 3117/3117/3117
f 3052/3052/3052 3117/3117/3117 3053/3053/3053
f 3053/3053/3053 3117/3117/3117 3118/3118/3118
f 3053/3053/3053 3118/3118/3118 3054/3054/3054
f 3054/3054/3054 3118/3118/3118 3119/3119/3119
f 3054/3054/3054 3119/3119/3119 3055/3055/3055
f 3055/3055/3055 3119/3119/3119 3120/3120/3120
f 3055/3055/3055 3120/3120/3120 3056/3056/3056
f 3056/3056/3056 3120/3120/3120 3121/3121/3121
f 3056/3056/3056 3121/3121/3121 3057/3057/3057
f 3057/3057/3057 3121/3121/3121 3122/3122/3122
f 3057/3057/3057 3122/3122/3122 3058/3058/3058
f 3058/3058/3058 3122/3122/3122 3123/3123/3123
f 3058/3058/3058 3123/3123/3123 3059/3059/3059
f 3059/3059/3059 3123/3123/3123 3124/3124/3124
f 3059/3059/3059 3124/3124/3124 3060/3060/3060
f 3060/3060/3060 3124/3124/3124 3125/3125/3125
f 3060/3060/3060 3125/3125/3125 3061/3061/3061
f 3061/3061/3061 3125/3125/3125 3126/3126/3126
f 3061/3061/3061 3126/3126/3126 3062/3062/3062
f 3062/3062/3062 3126/3126/3126 3127/3127/3127
f 3062/3062/3062 3127/3127/3127 3063/3063/3063
f 3063/3063/3063 3127/3127/3127 3128/3128/3128
f 3063/3063/3063 3128/3128/3128 3064/3064/3064
f 3064/3064/3064 3128/3128/3128 3129/3129/3129
f 3064/3064/3064 3129/3129/3129 3065/3065/3065
f 3065/3065/3065 3129/3129/3129 3130/3130/3130
f 3065/3065/3065 3130/3130/3130 3066/3066/3066
f 3066/3066/3066 3130/3130/3130 3131/3131/3131
f 3066/3066/3066 3131/3131/3131 3067/3067/3067
f 3067/3067/3067 3131/3131/3131 3132/3132/3132
f 3067/3067/3067 3132/3132/3132 3068/3068/3068
f 3068/3068/3068 3132/3132/3132 3133/3133/3133
f 3068/3068/3068 3133/3133/3133 3069/3069/3069
f 3069/3069/3069 3133/3133/3133 3134/3134/3134
f 3069/3069/3069 3134/3134/3134 3070/3070/3070
f 3070/3070/3070 3134/3134/3134 3135/3135/3135
f 3070/3070/3070 3135/3135/3135 3071/3071/3071
f 3071/3071/3071 3135/3135/3135 3136/3136/3136
f 3071/3071/3071 3136/3136/3136 3072/3072/3072
f 3072/3072/3072 3136/3136/3136 3137/3137/3137
f 3072/3072/3072 3137/3137/3137 3073/3073/3073
f 3073/3073/3073 3137/3137/3137 3138/3138/3138
f 3073/3073/3073 3138/3138/3138 3074/3074/3074
f 3074/3074/3074 3138/3138/3138 3139/3139/3139
f 3074/3074/3074 3139/3139/3139 3075/3075/3075
f 3075/3075/3075 3139/3139/3139 3140/3140/3140
f 3075/3075/3075 3140/3140/3140 3076/3076/3076
f 3076/3076/3076 3140/3140/3140 3141/3141/3141
f 3076/3076/3076 3141/3141/3141 3077/3077/3077
f 3077/3077/3077 3141/3141/3141 3142/3142/3142
f 3077/3077/3077 3142/3142/3142 3078/3078/3078
f 3078/3078/3078 3142/3142/3142 3143/3143/3143
f 3078/3078/3078 3143/3143/3143 3079/3079/3079
f 3079/3079/3079 3143/3143/3143 3144/3144/3144
f 3079/3079/3079 3144/3144/3144 3080/3080/3080
f 3080/3080/3080 3144/3144/3144 3145/3145/3145
f 3080/3080/3080 3145/3145/3145 3081/3081/3081
f 3081/3081/3081 3145/3145/3145 3146/3146/3146
f 3081/3081/3081 3146/3146/3146 3082/3082/3082
f 3082/3082/3082 3146/3146/3146 3147/3147/3147
f 3082/3082/3082 3147/3147/3147 3083/3083/3083
f 3083/3083/3083 3147/3147/3147 3148/3148/3148
f 3083/3083/3083 3148/3148/3148 3084/3084/3084
f 3084/3084/3084 3148/3148/3148 3149/3149/3149
f 3084/3084/3084 3149/3149/3149 3085/3085/3085
f 3085/3085/3085 3149/3149/3149 3150/3150/3150
f 3085/3085/3085 3150/3150/3150 3086/3086/3086
f 3086/3086/3086 3150/3150/3150 3151/3151/3151
f 3086/3086/3086 3151/3151/3151 3087/3087/3087
f 3087/3087/3087 3151/3151/3151 3152/3152/3152
f 3087/3087/3087 3152/3152/3152 3088/3088/3088
f 3088/3088/3088 3152/3152/3152 3153/3153/3153
f 3088/3088/3088 3153/3153/3153 3089/3089/3089
f 3089/3089/3089 3153/3153/3153 3154/3154/3154
f 3089/3089/3089 3154/3154/3154 3090/3090/3090
f 3090/3090/3090 3154/3154/3154 3155/3155/3155
f 3090/3090/3090 3155/3155/3155 3091/3091/3091
f 3091/3091/3091 3155/3155/3155 3156/3156/3156
f 3091/3091/3091 3156/3156/3156 3092/3092/3092
f 3092/3092/3092 3156/3156/3156 3157/3157/3157
f 3092/3092/3092 3157/3157/3157 3093/3093/3093
f 3093/3093/3093 3157/3157/3157 3158/3158/3158
f 3093/3093/3093 3158/3158/3158 3094/3094/3094
f 3094/3094/3094 3158/3158/3158 3159/3159/3159
f 3094/3094/3094 3159/3159/3159 3095/3095/3095
f 3095/3095/3095 3159/3159/3159 3160/3160/3160
f 3095/3095/3095 3160/3160/3160 3096/3096/3096
f 3096/3096/3096 3160/3160/3160 3161/3161/3161
f 3096/3096/3096 3161/3161/3161 3097/3097/3097
f 3097/3097/3097 3161/3161/3161 3162/3162/3162
f 3097/3097/3097 3162/3162/3162 3098/3098/3098
f 3098/3098/3098 3162/3162/3162 3163/3163/3163
f 3098/3098/3098 3163/3163/3163 3099/3099/3099
f 3099/3099/3099 3163/3163/3163 3164/3164/3164
f 3099/3099/3099 3164/3164/3164 3100/3100/3100
f 3100/3100/3100 3164/3164/3164 3165/3165/3165
f 3101/3101/3101 3166/3166/3166 3102/3102/3102
f 3102/3102/3102 3166/3166/3166 3167/3167/3167
f 3102/3102/3102 3167/3167/3167 3103/3103/3103
f 3103/3103/3103 3167/3167/3167 3168/3168/3168
f 3103/3103/3103 3168/3168/3168 3104/3104/3104
f 3104/3104/3104 3168/3168/3168 3169/3169/3169
f 3104/3104/3104 3169/3169/3169 3105/3105/3105
f 3105/3105/3105 3169/3169/3169 3170/3170/3170
f 3105/3105/3105 3170/3170/3170 3106/3106/3106
f 3106/3106/3106 3170/3170/3170 3171/3171/3171
f 3106/3106/3106 3171/3171/3171 3107/3107/3107
f 3107/3107/3107 3171/3171/3171 3172/3172/3172
f 3107/3107/3107 3172/3172/3172 3108/3108/3108
f 3108/3108/3108 3172/3172/3172 3173/3173/3173
f 3108/3108/3108 3173/3173/3173 3109/3109/3109
f 3109/3109/3109 3173/3173/3173 3174/3174/3174
f 3109/3109/3109 3174/3174/3174 3110/3110/3110
f 3110/3110/3110 3174/3174/3174 3175/3175/3175
f 3110/3110/3110 3175/3175/3175 3111/3111/3111
f 3111/3111/3111 3175/3175/3175 3176/3176/3176
f 3111/3111/3111 3176/3176/3176 3112/3112/3112
f 3112/3112/3112 3176/3176/3176 3177/3177/3177
f 3112/3112/3112 3177/3177/3177 3113/3113/3113
f 3113/3113/3113 3177/3177/3177 3178/3178/3178
f 3113/3113/3113 3178/3178/3178 3114/3114/3114
f 3114/3114/3114 3178/3178/3178 3179/3179/3179
f 3114/3114/3114 3179/3179/3179 3115/3115/3115
f 3115/3115/3115 3179/3179/3179 3180/3180/3180
f 3115/3115/3115 3180/3180/3180 3116/3116/3116
f 3116/3116/3116 3180/3180/3180 3181/3181/3181
f 3116/3116/3116 3181/3181/3181 3117/3117/3117
f 3117/3117/3117 3181/3181/3181 3182/3182/3182
f 3117/3117/3117 3182/3182/3182 3118/3118/3118
f 3118/3118/3118 3182/3182/3182 3183/3183/3183
f 3118/3118/3118 3183/3183/3183 3119/3119/3119
f 3119/3119/3119 3183/3183/3183 3184/3184/3184
f 3119/3119/3119 3184/3184/3184 3120/3120/3120
f 3120/3120/3120 3184/3184/3184 3185/3185/3185
f 3120/3120/3120 3185/3185/3185 3121/3121/3121
f 3121/3121/3121 3185/3185/3185 3186/3186/3186
f 3121/3121/3121 3186/3186/3186 3122/3122/3122
f 3122/3122/3122 3186/3186/3186 3187/3187/3187
f 3122/3122/3122 3187/3187/3187 3123/3123/3123
f 3123/3123/3123 3187/3187/3187 3188/3188/3188
f 3123/3123/3123 3188/3188/3188 3124/3124/3124
f 3124/3124/3124 3188/3188/3188 3189/3189/3189
f 3124/3124/3124 3189/3189/3189 3125/3125/3125
f 3125/3125/3125 3189/3189/3189 3190/3190/3190
f 3125/3125/3125 3190/3190/3190 3126/3126/3126
f 3126/3126/3126 3190/3190/3190 3191/3191/3191
f 3126/3126/3126 3191/3191/3191 3127/3127/3127
f 3127/3127/3127 3191/3191/3191 3192/3192/3192
f 3127/3127/3127 3192/3192/3192 3128/3128/3128
f 3128/3128/3128 3192/3192/3192 3193/3193/3193
f 3128/3128/3128 3193/3193/3193 3129/3129/3129
f 3129/3129/3129 3193/3193/3193 3194/3194/3194
f 3129/3129/3129 3194/3194/3194 3130/3130/3130
f 3130/3130/3130 3194/3194/3194 3195/3195/3195
f 3130/3130/3130 3195/3195/3195 3131/3131/3131
f 3131/3131/3131 3195/3195/3195 3196/3196/3196
f 3131/3131/3131 3196/3196/3196 3132/3132/3132
f 3132/3132/3132 3196/3196/3196 3197/3197/3197
f 3132/3132/3132 3197/3197/3197 3133/3133/3133
f 3133/3133/3133 3197/3197/3197 3198/3198/3198
f 3133/3133/3133 3198/3198/3198 3134/3134/3134
f 3134/3134/3134 3198/3198/3198 3199/3199/3199
f 3134/3134/3134 3199/3199/3199 3135/3135/3135
f 3135/3135/3135 3199/3199/3199 3200/3200/3200
f 3135/3135/3135 3200/3200/3200 3136/3136/3136
f 3136/3136/3136 3200/3200/3200 3201/3201/3201
f 3136/3136/3136 3201/3201/3201 3137/3137/3137
f 3137/3137/3137 3201/3201/3201 3202/3202/3202
f 3137/3137/3137 3202/3202/3202 3138/3138/3138
f 3138/3138/3138 3202/3202/3202 3203/3203/3203
f 3138/3138/3138 3203/3203/3203 3139/3139/3139
f 3139/3139/3139 3203/3203/3203 3204/3204/3204
f 3139/3139/3139 3204/3204/3204 3140/3140/3140
f 3140/3140/3140 3204/3204/3204 3205/3205/3205
f 3140/3140/3140 3205/3205/3205 3141/3141/3141
f 3141/3141/3141 3205/3205/3205 3206/3206/3206
f 3141/3141/3141 3206/3206/3206 3142/3142/3142
f 3142/3142/3142 3206/3206/3206 3207/3207/3207
f 3142/3142/3142 3207/3207/3207 3143/3143/3143
f 3143/3143/3143 3207/3207/3207 3208/3208/3208
f 3143/3143/3143 3208/3208/3208 3144/3144/3144
f 3144/3144/3144 3208/3208/3208 3209/3209/3209
f 3144/3144/3144 3209/3209/3209 3145/3145/3145
f 3145/3145/3145 3209/3209/3209 3210/3210/3210
f 3145/3145/3145 3210/3210/3210 3146/3146/3146
f 3146/3146/3146 3210/3210/3210 3211/3211/3211
f 3146/3146/3146 3211/3211/3211 3147/3147/3147
f 3147/3147/3147 3211/3211/3211 3212/3212/3212
f 3147/3147/3147 3212/3212/3212 3148/3148/3148
f 3148/3148/3148 3212/3212/3212 3213/3213/3213
f 3148/3148/3148 3213/3213/3213 3149/3149/3149
f 3149/3149/3149 3213/3213/3213 3214/3214/3214
f 3149/3149/3149 3214/3214/3214 3150/3150/3150
f 3150/3150/3150 3214/3214/3214 3215/3215/3215
f 3150/3150/3150 3215/3215/3215 3151/3151/3151
f 3151/3151/3151 3215/3215/3215 3216/3216/3216
f 3151/3151/3151 3216/3216/3216 3152/3152/3152
f 3152/3152/3152 3216/3216/3216 3217/3217/3217
f 3152/3152/3152 3217/3217/3217 3153/3153/3153
f 3153/3153/3153 3217/3217/3217 3218/3218/3218
f 3153/3153/3153 3218/3218/3218 3154/3154/3154
f 3154/3154/3154 3218/3218/3218 3219/3219/3219
f 3154/3154/3154 3219/3219/3219 3155/3155/3155
f 3155/3155/3155 3219/3219/3219 3220/3220/3220
f 3155/3155/3155 3220/3220/3220 3156/3156/3156
f 3156/3156/3156 3220/3220/3220 3221/3221/3221
f 3156/3156/3156 3221/3221/3221 3157/3157/3157
f 3157/3157/3157 3221/3221/3221 3222/3222/3222
f 3157/3157/3157 3222/3222/3222 3158/3158/3158
f 3158/3158/3158 3222/3222/3222 3223/3223/3223
f 3158/3158/3158 3223/3223/3223 3159/3159/3159
f 3159/3159/3159 3223/3223/3223 3224/3224/3224
f 3159/3159/3159 3224/3224/3224 3160/3160/3160
f 3160/3160/3160 3224/3224/3224 3225/3225/3225
f 3160/3160/3160 3225/3225/3225 3161/3161/3161
f 3161/3161/3161 3225/3225/3225 3226/3226/3226
f 3161/3161/3161 3226/3226/3226 3162/3162/3162
f 3162/3162/3162 3226/3226/3226 3227/3227/3227
f 3162/3162/3162 3227/3227/3227 3163/3163/3163
f 3163/3163/3163 3227/3227/3227 3228/3228/3228
f 3163/3163/3163 3228/3228/3228 3164/3164/3164
f 3164/3164/3164 3228/3228/3228 3229/3229/3229
f 3164/3164/3164 3229/3229/3229 3165/3165/3165
f 3165/3165/3165 3229/3229/3229 3230/3230/3230
f 3166/3166/3166 3231/3231/3231 3167/3167/3167
f 3167/3167/3167 3231/3231/3231 3232/3232/3232
f 3167/3167/3167 3232/3232/3232 3168/3168/3168
f 3168/3168/3168 3232/3232/3232 3233/3233/3233
f 3168/3168/3168 3233/3233/3233 3169/3169/3169
f 3169/3169/3169 3233/3233/3233 3234/3234/3234
f 3169/3169/3169 3234/3234/3234 3170/3170/3170
f 3170/3170/3170 3234/3234/3234 3235/3235/3235
f 3170/3170/3170 3235/3235/3235 3171/3171/3171
f 3171/3171/3171 3235/3235/3235 3236/3236/3236
f 3171/3171/3171 3236/3236/3236 3172/3172/3172
f 3172/3172/3172 3236/3236/3236 3237/3237/3237
f 3172/3172/3172 3237/3237/3237 3173/3173/3173
f 3173/3173/3173 3237/3237/3237 3238/3238/3238
f 3173/3173/3173 3238/3238/3238 3174/3174/3174
f 3174/3174/3174 3238/3238/3238 3239/3239/3239
f 3174/3174/3174 3239/3239/3239 3175/3175/3175
f 3175/3175/3175 3239/3239/3239 3240/3240/3240
f 3175/3175/3175 3240/3240/3240 3176/3176/3176
f 3176/3176/3176 3240/3240/3240 3241/3241/3241
f 3176/3176/3176 3241/3241/3241 3177/3177/3177
f 3177/3177/3177 3241/3241/3241 3242/3242/3242
f 3177/3177/3177 3242/3242/3242 3178/3178/3178
f 3178/3178/3178 3242/3242/3242 3243/3243/3243
f 3178/3178/3178 3243/3243/3243 3179/3179/3179
f 3179/3179/3179 3243/3243/3243 3244/3244/3244
f 3179/3179/3179 3244/3244/3244 3180/3180/3180
f 3180/3180/3180 3244/3244/3244 3245/3245/3245
f 3180/3180/3180 3245/3245/3245 3181/3181/3181
f 3181/3181/3181 3245/3245/3245 3246/3246/3246
f 3181/3181/3181 3246/3246/3246 3182/3182/3182
f 3182/3182/3182 3246/3246/3246 3247/3247/3247
f 3182/3182/3182 3247/3247/3247 3183/3183/3183
f 3183/3183/3183 3247/3247/3247 3248/3248/3248
f 3183/3183/3183 3248/3248/3248 3184/3184/3184
f 3184/3184/3184 3248/3248/3248 3249/3249/3249
f 3184/3184/3184 3249/3249/3249 3185/3185/3185
f 3185/3185/3185 3249/3249/3249 3250/3250/3250
f 3185/3185/3185 3250/3250/3250 3186/3186/3186
f 3186/3186/3186 3250/3250/3250 3251/3251/3251
f 3186/3186/3186 3251/3251/3251 3187/3187/3187
f 3187/3187/3187 3251/3251/3251 3252/3252/3252
f 3187/3187/3187 3252/3252/3252 3188/3188/3188
f 3188/3188/3188 3252/3252/3252 3253/3253/3253
f 3188/3188/3188 3253/3253/3253 3189/3189/3189
f 3189/3189/3189 3253/3253/3253 3254/3254/3254
f 3189/3189/3189 3254/3254/3254 3190/3190/3190
f 3190/3190/3190 3254/3254/3254 3255/3255/3255
f 3190/3190/3190 3255/3255/3255 3191/3191/3191
f 3191/3191/3191 3255/3255/3255 3256/3256/3256
f 3191/3191/3191 3256/3256/3256 3192/3192/3192
f 3192/3192/3192 3256/3256/3256 3257/3257/3257
f 3192/3192/3192 3257/3257/3257 3193/3193/3193
f 3193/3193/3193 3257/3257/3257 3258/3258/3258
f 3193/3193/3193 3258/3258/3258 3194/3194/3194
f 3194/3194/3194 3258/3258/3258 3259/3259/3259
f 3194/3194/3194 3259/3259/3259 3195/3195/3195
f 3195/3195/3195 3259/3259/3259 3260/3260/3260
f 3195/3195/3195 3260/3260/3260 3196/3196/3196
f 3196/3196/3196 3260/3260/3260 3261/3261/3261
f 3196/3196/3196 3261/3261/3261 3197/3197/3197
f 3197/3197/3197 3261/3261/3261 3262/3262/3262
f 3197/3197/3197 3262/3262/3262 3198/3198/3198
f 3198/3198/3198 3262/3262/3262 3263/3263/3263
f 3198/3198/3198 3263/3263/3263 3199/3199/3199
f 3199/3199/3199 3263/3263/3263 3264/3264/3264
f 3199/3199/3199 3264/3264/3264 3200/3200/3200
f 3200/3200/3200 3264/3264/3264 3265/3265/3265
f 3200/3200/3200 3265/3265/3265 3201/3201/3201
f 3201/3201/3201 3265/3265/3265 3266/3266/3266
f 3201/3201/3201 3266/3266/3266 3202/3202/3202
f 3202/3202/3202 3266/3266/3266 3267/3267/3267
f 3202/3202/3202 3267/3267/3267 3203/3203/3203
f 3203/3203/3203 3267/3267/3267 3268/3268/3268
f 3203/3203/3203 3268/3268/3268 3204/3204/3204
f 3204/3204/3204 3268/3268/3268 3269/3269/3269
f 3204/3204/3204 3269/3269/3269 3205/3205/3205
f 3205/3205/3205 3269/3269/3269 3270/3270/3270
f 3205/3205/3205 3270/3270/3270 3206/3206/3206
f 3206/3206/3206 3270/3270/3270 3271/3271/3271
f 3206/3206/3206 3271/3271/3271 3207/3207/3207
f 3207/3207/3207 3271/3271/3271 3272/3272/3272
f 3207/3207/3207 3272/3272/3272 3208/3208/3208
f 3208/3208/3208 3272/3272/3272 3273/3273/3273
f 3208/3208/3208 3273/3273/3273 3209/3209/3209
f 3209/3209/3209 3273/3273/3273 3274/3274/3274
f 3209/3209/3209 3274/3274/3274 3210/3210/3210
f 3210/3210/3210 3274/3274/3274 3275/3275/3275
f 3210/3210/3210 3275/3275/3275 3211/3211/3211
f 3211/3211/3211 3275/3275/3275 3276/3276/3276
f 3211/3211/3211 3276/3276/3276 3212/3212/3212
f 3212/3212/3212 3276/3276/3276 3277/3277/3277
f 3212/3212/3212 3277/3277/3277 3213/3213/3213
f 3213/3213/3213 3277/3277/3277 3278/3278/3278
f 3213/3213/3213 3278/3278/3278 3214/3214/3214
f 3214/3214/3214 3278/3278/3278 3279/3279/3279
f 3214/3214/3214 3279/3279/3279 3215/3215/3215
f 3215/3215/3215 3279/3279/3279 3280/3280/3280
f 3215/3215/3215 3280/3280/3280 3216/3216/3216
f 3216/3216/3216 3280/3280/3280 3281/3281/3281
f 3216/3216/3216 3281/3281/3281 3217/3217/3217
f 3217/3217/3217 3281/3281/3281 3282/3282/3282
f 3217/3217/3217 3282/3282/3282 3218/3218/3218
f 3218/3218/3218 3282/3282/3282 3283/3283/3283
f 3218/3218/3218 3283/3283/3283 3219/3219/3219
f 3219/3219/3219 3283/3283/3283 3284/3284/3284
f 3219/3219/3219 3284/3284/3284 3220/3220/3220
f 3220/3220/3220 3284/3284/3284 3285/3285/3285
f 3220/3220/3220 3285/3285/3285 3221/3221/3221
f 3221/3221/3221 3285/3285/3285 3286/3286/3286
f 3221/3221/3221 3286/3286/3286 3222/3222/3222
f 3222/3222/3222 3286/3286/3286 3287/3287/3287
f 3222/3222/3222 3287/3287/3287 3223/3223/3223
f 3223/3223/3223 3287/3287/3287 3288/3288/3288
f 3223/3223/3223 3288/3288/3288 3224/3224/3224
f 3224/3224/3224 3288/3288/3288 3289/3289/3289
f 3224/3224/3224 3289/3289/3289 3225/3225/3225
f 3225/3225/3225 3289/3289/3289 3290/3290/3290
f 3225/3225/3225 3290/3290/3290 3226/3226/3226
f 3226/3226/3226 3290/3290/3290 3291/3291/3291
f 3226/3226/3226 3291/3291/3291 3227/3227/3227
f 3227/3227/3227 3291/3291/3291 3292/3292/3292
f 3227/3227/3227 3292/3292/3292 3228/3228/3228
f 3228/3228/3228 3292/3292/3292 3293/3293/3293
f 3228/3228/3228 3293/3293/3293 3229/3229/3229
f 3229/3229/3229 3293/3293/3293 3294/3294/3294
f 3229/3229/3229 3294/3294/3294 3230/3230/3230
f 3230/3230/3230 3294/3294/3294 3295/3295/3295
f 3231/3231/3231 3296/3296/3296 3232/3232/3232
f 3232/3232/3232 3296/3296/3296 3297/3297/3297
f 3232/3232/3232 3297/3297/3297 3233/3233/3233
f 3233/3233/3233 3297/3297/3297 3298/3298/3298
f 3233/3233/3233 3298/3298/3298 3234/3234/3234
f 3234/3234/3234 3298/3298/3298 3299/3299/3299
f 3234/3234/3234 3299/3299/3299 3235/3235/3235
f 3235/3235/3235 3299/3299/3299 3300/3300/3300
f 3235/3235/3235 3300/3300/3300 3236/3236/3236
f 3236/3236/3236 3300/3300/3300 3301/3301/3301
f 3236/3236/3236 3301/3301/3301 3237/3237/3237
f 3237/3237/3237 3301/3301/3301 3302/3302/3302
f 3237/3237/3237 3302/3302/3302 3238/3238/3238
f 3238/3238/3238 3302/3302/3302 3303/3303/3303
f 3238/3238/3238 3303/3303/3303 3239/3239/3239
f 3239/3239/3239 3303/3303/3303 3304/3304/3304
f 3239/3239/3239 3304/3304/3304 3240/3240/3240
f 3240/3240/3240 3304/3304/3304 3305/3305/3305
f 3240/3240/3240 3305/3305/3305 3241/3241/3241
f 3241/3241/3241 3305/3305/3305 3306/3306/3306
f 3241/3241/3241 3306/3306/3306 3242/3242/3242
f 3242/3242/3242 3306/3306/3306 3307/3307/3307
f 3242/3242/3242 3307/3307/3307 3243/3243/3243
f 3243/3243/3243 3307/3307/3307 3308/3308/3308
f 3243/3243/3243 3308/3308/3308 3244/3244/3244
f 3244/3244/3244 3308/3308/3308 3309/3309/3309
f 3244/3244/3244 3309/3309/3309 3245/3245/3245
f 3245/3245/3245 3309/3309/3309 3310/3310/3310
f 3245/3245/3245 3310/3310/3310 3246/3246/3246
f 3246/3246/3246 3310/3310/3310 3311/3311/3311
f 3246/3246/3246 3311/3311/3311 3247/3247/3247
f 3247/3247/3247 3311/3311/3311 3312/3312/3312
f 3247/3247/3247 3312/3312/3312 3248/3248/3248
f 3248/3248/3248 3312/3312/3312 3313/3313/3313
f 3248/3248/3248 3313/3313/3313 3249/3249/3249
f 3249/3249/3249 3313/3313/3313 3314/3314/3314
f 3249/3249/3249 3314/3314/3314 3250/3250/3250
f 3250/3250/3250 3314/3314/3314 3315/3315/3315
f 3250/3250/3250 3315/3315/3315 3251/3251/3251
f 3251/3251/3251 3315/3315/3315 3316/3316/3316
f 3251/3251/3251 3316/3316/3316 3252/3252/3252
f 3252/3252/3252 3316/3316/3316 3317/3317/3317
f 3252/3252/3252 3317/3317/3317 3253/3253/3253
f 3253/3253/3253 3317/3317/3317 3318/3318/3318
f 3253/3253/3253 3318/3318/3318 3254/3254/3254
f 3254/3254/3254 3318/3318/3318 3319/3319/3319
f 3254/3254/3254 3319/3319/3319 3255/3255/3255
f 3255/3255/3255 3319/3319/3319 3320/3320/3320
f 3255/3255/3255 3320/3320/3320 3256/3256/3256
f 3256/3256/3256 3320/3320/3320 3321/3321/3321
f 3256/3256/3256 3321/3321/3321 3257/3257/3257
f 3257/3257/3257 3321/3321/3321 3322/3322/3322
f 3257/3257/3257 3322/3322/3322 3258/3258/3258
f 3258/3258/3258 3322/3322/3322 3323/3323/3323
f 3258/3258/3258 3323/3323/3323 3259/3259/3259
f 3259/3259/3259 3323/3323/3323 3324/3324/3324
f 3259/3259/3259 3324/3324/3324 3260/3260/3260
f 3260/3260/3260 3324/3324/3324 3325/3325/3325
f 3260/3260/3260 3325/3325/3325 3261/3261/3261
f 3261/3261/3261 3325/3325/3325 3326/3326/3326
f 3261/3261/3261 3326/3326/3326 3262/3262/3262
f 3262/3262/3262 3326/3326/3326 3327/3327/3327
f 3262/3262/3262 3327/3327/3327 3263/3263/3263
f 3263/3263/3263 3327/3327/3327 3328/3328/3328
f 3263/3263/3263 3328/3328/3328 3264/3264/3264
f 3264/3264/3264 3328/3328/3328 3329/3329/3329
f 3264/3264/3264 3329/3329/3329 3265/3265/3265
f 3265/3265/3265 3329/3329/3329 3330/3330/3330
f 3265/3265/3265 3330/3330/3330 3266/3266/3266
f 3266/3266/3266 3330/3330/3330 3331/3331/3331
f 3266/3266/3266 3331/3331/3331 3267/3267/3267
f 3267/3267/3267 3331/3331/3331 3332/3332/3332
f 3267/3267/3267 3332/3332/3332 3268/3268/3268
f 3268/3268/3268 3332/3332/3332 3333/3333/3333
f 3268/3268/3268 3333/3333/3333 3269/3269/3269
f 3269/3269/3269 3333/3333/3333 3334/3334/3334
f 3269/3269/3269 3334/3334/3334 3270/3270/3270
f 3270/3270/3270 3334/3334/3334 3335/3335/3335
f 3270/3270/3270 3335/3335/3335 3271/3271/3271
f 3271/3271/3271 3335/3335/3335 3336/3336/3336
f 3271/3271/3271 3336/3336/3336 3272/3272/3272
f 3272/3272/3272 3336/3336/3336 3337/3337/3337
f 3272/3272/3272 3337/3337/3337 3273/3273/3273
f 3273/3273/3273 3337/3337/3337 3338/3338/3338
f 3273/3273/3273 3338/3338/3338 3274/3274/3274
f 3274/3274/3274 3338/3338/3338 3339/3339/3339
f 3274/3274/3274 3339/3339/3339 3275/3275/3275
f 3275/3275/3275 3339/3339/3339 3340/3340/3340
f 3275/3275/3275 3340/3340/3340 3276/3276/3276
f 3276/3276/3276 3340/3340/3340 3341/3341/3341
f 3276/3276/3276 3341/3341/3341 3277/3277/3277
f 3277/3277/3277 3341/3341/3341 3342/3342/3342
f 3277/3277/3277 3342/3342/3342 3278/3278/3278
f 3278/3278/3278 3342/3342/3342 3343/3343/3343
f 3278/3278/3278 3343/3343/3343 3279/3279/3279
f 3279/3279/3279 3343/3343/3343 3344/3344/3344
f 3279/3279/3279 3344/3344/3344 3280/3280/3280
f 3280/3280/3280 3344/3344/3344 3345/3345/3345
f 3280/3280/3280 3345/3345/3345 3281/3281/3281
f 3281/3281/3281 3345/3345/3345 3346/3346/3346
f 3281/3281/3281 3346/3346/3346 3282/3282/3282
f 3282/3282/3282 3346/3346/3346 3347/3347/3347
f 3282/3282/3282 3347/3347/3347 3283/3283/3283
f 3283/3283/3283 3347/3347/3347 3348/3348/3348
f 3283/3283/3283 3348/3348/3348 3284/3284/3284
f 3284/3284/3284 3348/3348/3348 3349/3349/3349
f 3284/3284/3284 3349/3349/3349 3285/3285/3285
f 3285/3285/3285 3349/3349/3349 3350/3350/3350
f 3285/3285/3285 3350/3350/3350 3286/3286/3286
f 3286/3286/3286 3350/3350/3350 3351/3351/3351
f 3286/3286/3286 3351/3351/3351 3287/3287/3287
f 3287/3287/3287 3351/3351/3351 3352/3352/3352
f 3287/3287/3287 3352/3352/3352 3288/3288/3288
f 3288/3288/3288 3352/3352/3352 3353/3353/3353
f 3288/3288/3288 3353/3353/3353 3289/3289/3289
f 3289/3289/3289 3353/3353/3353 3354/3354/3354
f 3289/3289/3289 3354/3354/3354 3290/3290/3290
f 3290/3290/3290 3354/3354/3354 3355/3355/3355
f 3290/3290/3290 3355/3355/3355 3291/3291/3291
f 3291/3291/3291 3355/3355/3355 3356/3356/3356
f 3291/3291/3291 3356/3356/3356 3292/3292/3292
f 3292/3292/3292 3356/3356/3356 3357/3357/3357
f 3292/3292/3292 3357/3357/3357 3293/3293/3293
f 3293/3293/3293 3357/3357/3357 3358/3358/3358
f 3293/3293/3293 3358/3358/3358 3294/3294/3294
f 3294/3294/3294 3358/3358/3358 3359/3359/3359
f 3294/3294/3294 3359/3359/3359 3295/3295/3295
f 3295/3295/3295 3359/3359/3359 3360/3360/3360
f 3296/3296/3296 3361/3361/3361 3297/3297/3297
f 3297/3297/3297 3361/3361/3361 3362/3362/3362
f 3297/3297/3297 3362/3362/3362 3298/3298/3298
f 3298/3298/3298 3362/3362/3362 3363/3363/3363
f 3298/3298/3298 3363/3363/3363 3299/3299/3299
f 3299/3299/3299 3363/3363/3363 3364/3364/3364
f 3299/3299/3299 3364/3364/3364 3300/3300/3300
f 3300/3300/3300 3364/3364/3364 3365/3365/3365
f 3300/3300/3300 3365/3365/3365 3301/3301/3301
f 3301/3301/3301 3365/3365/3365 3366/3366/3366
f 3301/3301/3301 3366/3366/3366 3302/3302/3302
f 3302/3302/3302 3366/3366/3366 3367/3367/3367
f 3302/3302/3302 3367/3367/3367 3303/3303/3303
f 3303/3303/3303 3367/3367/3367 3368/3368/3368
f 3303/3303/3303 3368/3368/3368 3304/3304/3304
f 3304/3304/3304 3368/3368/3368 3369/3369/3369
f 3304/3304/3304 3369/3369/3369 3305/3305/3305
f 3305/3305/3305 3369/3369/3369 3370/3370/3370
f 3305/3305/3305 3370/3370/3370 3306/3306/3306
f 3306/3306/3306 3370/3370/3370 3371/3371/3371
f 3306/3306/3306 3371/3371/3371 3307/3307/3307
f 3307/3307/3307 3371/3371/3371 3372/3372/3372
f 3307/3307/3307 3372/3372/3372 3308/3308/3308
f 3308/3308/3308 3372/3372/3372 3373/3373/3373
f 3308/3308/3308 3373/3373/3373 3309/3309/3309
f 3309/3309/3309 3373/3373/3373 3374/3374/3374
f 3309/3309/3309 3374/3374/3374 3310/3310/3310
f 3310/3310/3310 3374/3374/3374 3375/3375/3375
f 3310/3310/3310 3375/3375/3375 3311/3311/3311
f 3311/3311/3311 3375/3375/3375 3376/3376/3376
f 3311/3311/3311 3376/3376/3376 3312/3312/3312
f 3312/3312/3312 3376/3376/3376 3377/3377/3377
f 3312/3312/3312 3377/3377/3377 3313/3313/3313
f 3313/3313/3313 3377/3377/3377 3378/3378/3378
f 3313/3313/3313 3378/3378/3378 3314/3314/3314
f 3314/3314/3314 3378/3378/3378 3379/3379/3379
f 3314/3314/3314 3379/3379/3379 3315/3315/3315
f 3315/3315/3315 3379/3379/3379 3380/3380/3380
f 3315/3315/3315 3380/3380/3380 3316/3316/3316
f 3316/3316/3316 3380/3380/3380 3381/3381/3381
f 3316/3316/3316 3381/3381/3381 3317/3317/3317
f 3317/3317/3317 3381/3381/3381 3382/3382/3382
f 3317/3317/3317 3382/3382/3382 3318/3318/3318
f 3318/3318/3318 3382/3382/3382 3383/3383/3383
f 3318/3318/3318 3383/3383/3383 3319/3319/3319
f 3319/3319/3319 3383/3383/3383 3384/3384/3384
f 3319/3319/3319 3384/3384/3384 3320/3320/3320
f 3320/3320/3320 3384/3384/3384 3385/3385/3385
f 3320/3320/3320 3385/3385/3385 3321/3321/3321
f 3321/3321/3321 3385/3385/3385 3386/3386/3386
f 3321/3321/3321 3386/3386/3386 3322/3322/3322
f 3322/3322/3322 3386/3386/3386 3387/3387/3387
f 3322/3322/3322 3387/3387/3387 3323/3323/3323
f 3323/3323/3323 3387/3387/3387 3388/3388/3388
f 3323/3323/3323 3388/3388/3388 3324/3324/3324
f 3324/3324/3324 3388/3388/3388 3389/3389/3389
f 3324/3324/3324 3389/3389/3389 3325/3325/3325
f 3325/3325/3325 3389/3389/3389 3390/3390/3390
f 3325/3325/3325 3390/3390/3390 3326/3326/3326
f 3326/3326/3326 3390/3390/3390 3391/3391/3391
f 3326/3326/3326 3391/3391/3391 3327/3327/3327
f 3327/3327/3327 3391/3391/3391 3392/3392/3392
f 3327/3327/3327 3392/3392/3392 3328/3328/3328
f 3328/3328/3328 3392/3392/3392 3393/3393/3393
f 3328/3328/3328 3393/3393/3393 3329/3329/3329
f 3329/3329/3329 3393/3393/3393 3394/3394/3394
f 3329/3329/3329 3394/3394/3394 3330/3330/3330
f 3330/3330/3330 3394/3394/3394 3395/3395/3395
f 3330/3330/3330 3395/3395/3395 3331/3331/3331
f 3331/3331/3331 3395/3395/3395 3396/3396/3396
f 3331/3331/3331 3396/3396/3396 3332/3332/3332
f 3332/3332/3332 3396/3396/3396 3397/3397/3397
f 3332/3332/3332 3397/3397/3397 3333/3333/3333
f 3333/3333/3333 3397/3397/3397 3398/3398/3398
f 3333/3333/3333 3398/3398/3398 3334/3334/3334
f 3334/3334/3334 3398/3398/3398 3399/3399/3399
f 3334/3334/3334 3399/3399/3399 3335/3335/3335
f 3335/3335/3335 3399/3399/3399 3400/3400/3400
f 3335/3335/3335 3400/3400/3400 3336/3336/3336
f 3336/3336/3336 3400/3400/3400 3401/3401/3401
f 3336/3336/3336 3401/3401/3401 3337/3337/3337
f 3337/3337/3337 3401/3401/3401 3402/3402/3402
f 3337/3337/3337 3402/3402/3402 3338/3338/3338
f 3338/3338/3338 3402/3402/3402 3403/3403/3403
f 3338/3338/3338 3403/3403/3403 3339/3339/3339
f 3339/3339/3339 3403/3403/3403 3404/3404/3404
f 3339/3339/3339 3404/3404/3404 3340/3340/3340
f 3340/3340/3340 3404/3404/3404 3405/3405/3405
f 3340/3340/3340 3405/3405/3405 3341/3341/3341
f 3341/3341/3341 3405/3405/3405 3406/3406/3406
f 3341/3341/3341 3406/3406/3406 3342/3342/3342
f 3342/3342/3342 3406/3406/3406 3407/3407/3407
f 3342/3342/3342 3407/3407/3407 3343/3343/3343
f 3343/3343/3343 3407/3407/3407 3408/3408/3408
f 3343/3343/3343 3408/3408/3408 3344/3344/3344
f 3344/3344/3344 3408/3408/3408 3409/3409/3409
f 3344/3344/3344 3409/3409/3409 3345/3345/3345
f 3345/3345/3345 3409/3409/3409 3410/3410/3410
f 3345/3345/3345 3410/3410/3410 3346/3346/3346
f 3346/3346/3346 3410/3410/3410 3411/3411/3411
f 3346/3346/3346 3411/3411/3411 3347/3347/3347
f 3347/3347/3347 3411/3411/3411 3412/3412/3412
f 3347/3347/3347 3412/3412/3412 3348/3348/3348
f 3348/3348/3348 3412/3412/3412 3413/3413/3413
f 3348/3348/3348 3413/3413/3413 3349/3349/3349
f 3349/3349/3349 3413/3413/3413 3414/3414/3414
f 3349/3349/3349 3414/3414/3414 3350/3350/3350
f 3350/3350/3350 3414/3414/3414 3415/3415/3415
f 3350/3350/3350 3415/3415/3415 3351/3351/3351
f 3351/3351/3351 3415/3415/3415 3416/3416/3416
f 3351/3351/3351 3416/3416/3416 3352/3352/3352
f 3352/3352/3352 3416/3416/3416 3417/3417/3417
f 3352/3352/3352 3417/3417/3417 3353/3353/3353
f 3353/3353/3353 3417/3417/3417 3418/3418/3418
f 3353/3353/3353 3418/3418/3418 3354/3354/3354
f 3354/3354/3354 3418/3418/3418 3419/3419/3419
f 3354/3354/3354 3419/3419/3419 3355/3355/3355
f 3355/3355/3355 3419/3419/3419 3420/3420/3420
f 3355/3355/3355 3420/3420/3420 3356/3356/3356
f 3356/3356/3356 3420/3420/3420 3421/3421/3421
f 3356/3356/3356 3421/3421/3421 3357/3357/3357
f 3357/3357/3357 3421/3421/3421 3422/3422/3422
f 3357/3357/3357 3422/3422/3422 3358/3358/3358
f 3358/3358/3358 3422/3422/3422 3423/3423/3423
f 3358/3358/3358 3423/3423/3423 3359/3359/3359
f 3359/3359/3359 3423/3423/3423 3424/3424/3424
f 3359/3359/3359 3424/3424/3424 3360/3360/3360
f 3360/3360/3360 3424/3424/3424 3425/3425/3425
f 3361/3361/3361 3426/3426/3426 3362/3362/3362
f 3362/3362/3362 3426/3426/3426 3427/3427/3427
f 3362/3362/3362 3427/3427/3427 3363/3363/3363
f 3363/3363/3363 3427/3427/3427 3428/3428/3428
f 3363/3363/3363 3428/3428/3428 3364/3364/3364
f 3364/3364/3364 3428/3428/3428 3429/3429/3429
f 3364/3364/3364 3429/3429/3429 3365/3365/3365
f 3365/3365/3365 3429/3429/3429 3430/3430/3430
f 3365/3365/3365 3430/3430/3430 3366/3366/3366
f 3366/3366/3366 3430/3430/3430 3431/3431/3431
f 3366/3366/3366 3431/3431/3431 3367/3367/3367
f 3367/3367/3367 3431/3431/3431 3432/3432/3432
f 3367/3367/3367 3432/3432/3432 3368/3368/3368
f 3368/3368/3368 3432/3432/3432 3433/3433/3433
f 3368/3368/3368 3433/3433/3433 3369/3369/3369
f 3369/3369/3369 3433/3433/3433 3434/3434/3434
f 3369/3369/3369 3434/3434/3434 3370/3370/3370
f 3370/3370/3370 3434/3434/3434 3435/3435/3435
f 3370/3370/3370 3435/3435/3435 3371/3371/3371
f 3371/3371/3371 3435/3435/3435 3436/3436/3436
f 3371/3371/3371 3436/3436/3436 3372/3372/3372
f 3372/3372/3372 3436/3436/3436 3437/3437/3437
f 3372/3372/3372 3437/3437/3437 3373/3373/3373
f 3373/3373/3373 3437/3437/3437 3438/3438/3438
f 3373/3373/3373 3438/3438/3438 3374/3374/3374
f 3374/3374/3374 3438/3438/3438 3439/3439/3439
f 3374/3374/3374 3439/3439/3439 3375/3375/3375
f 3375/3375/3375 3439/3439/3439 3440/3440/3440
f 3375/3375/3375 3440/3440/3440 3376/3376/3376
f 3376/3376/3376 3440/3440/3440 3441/3441/3441
f 3376/3376/3376 3441/3441/3441 3377/3377/3377
f 3377/3377/3377 3441/3441/3441 3442/3442/3442
f 3377/3377/3377 3442/3442/3442 3378/3378/3378
f 3378/3378/3378 3442/3442/3442 3443/3443/3443
f 3378/3378/3378 3443/3443/3443 3379/3379/3379
f 3379/3379/3379 3443/3443/3443 3444/3444/3444
f 3379/3379/3379 3444/3444/3444 3380/3380/3380
f 3380/3380/3380 3444/3444/3444 3445/3445/3445
f 3380/3380/3380 3445/3445/3445 3381/3381/3381
f 3381/3381/3381 3445/3445/3445 3446/3446/3446
f 3381/3381/3381 3446/3446/3446 3382/3382/3382
f 3382/3382/3382 3446/3446/3446 3447/3447/3447
f 3382/3382/3382 3447/3447/3447 3383/3383/3383
f 3383/3383/3383 3447/3447/3447 3448/3448/3448
f 3383/3383/3383 3448/3448/3448 3384/3384/3384
f 3384/3384/3384 3448/3448/3448 3449/3449/3449
f 3384/3384/3384 3449/3449/3449 3385/3385/3385
f 3385/3385/3385 3449/3449/3449 3450/3450/3450
f 3385/3385/3385 3450/3450/3450 3386/3386/3386
f 3386/3386/3386 3450/3450/3450 3451/3451/3451
f 3386/3386/3386 3451/3451/3451 3387/3387/3387
f 3387/3387/3387 3451/3451/3451 3452/3452/3452
f 3387/3387/3387 3452/3452/3452 3388/3388/3388
f 3388/3388/3388 3452/3452/3452 3453/3453/3453
f 3388/3388/3388 3453/3453/3453 3389/3389/3389
f 3389/3389/3389 3453/3453/3453 3454/3454/3454
f 3389/3389/3389 3454/3454/3454 3390/3390/3390
f 3390/3390/3390 3454/3454/3454 3455/3455/3455
f 3390/3390/3390 3455/3455/3455 3391/3391/3391
f 3391/3391/3391 3455/3455/3455 3456/3456/3456
f 3391/3391/3391 3456/3456/3456 3392/3392/3392
f 3392/3392/3392 3456/3456/3456 3457/3457/3457
f 3392/3392/3392 3457/3457/3457 3393/3393/3393
f 3393/3393/3393 3457/3457/3457 3458/3458/3458
f 3393/3393/3393 3458/3458/3458 3394/3394/3394
f 3394/3394/3394 3458/3458/3458 3459/3459/3459
f 3394/3394/3394 3459/3459/3459 3395/3395/3395
f 3395/3395/3395 3459/3459/3459 3460/3460/3460
f 3395/3395/3395 3460/3460/3460 3396/3396/3396
f 3396/3396/3396 3460/3460/3460 3461/3461/3461
f 3396/3396/3396 3461/3461/3461 3397/3397/3397
f 3397/3397/3397 3461/3461/3461 3462/3462/3462
f 3397/3397/3397 3462/3462/3462 3398/3398/3398
f 3398/3398/3398 3462/3462/3462 3463/3463/3463
f 3398/3398/3398 3463/3463/3463 3399/3399/3399
f 3399/3399/3399 3463/3463/3463 3464/3464/3464
f 3399/3399/3399 3464/3464/3464 3400/3400/3400
f 3400/3400/3400 3464/3464/3464 3465/3465/3465
f 3400/3400/3400 3465/3465/3465 3401/3401/3401
f 3401/3401/3401 3465/3465/3465 3466/3466/3466
f 3401/3401/3401 3466/3466/3466 3402/3402/3402
f 3402/3402/3402 3466/3466/3466 3467/3467/3467
f 3402/3402/3402 3467/3467/3467 3403/3403/3403
f 3403/3403/3403 3467/3467/3467 3468/3468/3468
f 3403/3403/3403 3468/3468/3468 3404/3404/3404
f 3404/3404/3404 3468/3468/3468 3469/3469/3469
f 3404/3404/3404 3469/3469/3469 3405/3405/3405
f 3405/3405/3405 3469/3469/3469 3470/3470/3470
f 3405/3405/3405 3470/3470/3470 3406/3406/3406
f 3406/3406/3406 3470/3470/3470 3471/3471/3471
f 3406/3406/3406 3471/3471/3471 3407/3407/3407
f 3407/3407/3407 3471/3471/3471 3472/3472/3472
f 3407/3407/3407 3472/3472/3472 3408/3408/3408
f 3408/3408/3408 3472/3472/3472 3473/3473/3473
f 3408/3408/3408 3473/3473/3473 3409/3409/3409
f 3409/3409/3409 3473/3473/3473 3474/3474/3474
f 3409/3409/3409 3474/3474/3474 3410/3410/3410
f 3410/3410/3410 3474/3474/3474 3475/3475/3475
f 3410/3410/3410 3475/3475/3475 3411/3411/3411
f 3411/3411/3411 3475/3475/3475 3476/3476/3476
f 3411/3411/3411 3476/3476/3476 3412/3412/3412
f 3412/3412/3412 3476/3476/3476 3477/3477/3477
f 3412/3412/3412 3477/3477/3477 3413/3413/3413
f 3413/3413/3413 3477/3477/3477 3478/3478/3478
f 3413/3413/3413 3478/3478/3478 3414/3414/3414
f 3414/3414/3414 3478/3478/3478 3479/3479/3479
f 3414/3414/3414 3479/3479/3479 3415/3415/3415
f 3415/3415/3415 3479/3479/3479 3480/3480/3480
f 3415/3415/3415 3480/3480/3480 3416/3416/3416
f 3416/3416/3416 3480/3480/3480 3481/3481/3481
f 3416/3416/3416 3481/3481/3481 3417/3417/3417
f 3417/3417/3417 3481/3481/3481 3482/3482/3482
f 3417/3417/3417 3482/3482/3482 3418/3418/3418
f 3418/3418/3418 3482/3482/3482 3483/3483/3483
f 3418/3418/3418 3483/3483/3483 3419/3419/3419
f 3419/3419/3419 3483/3483/3483 3484/3484/3484
f 3419/3419/3419 3484/3484/3484 3420/3420/3420
f 3420/3420/3420 3484/3484/3484 3485/3485/3485
f 3420/3420/3420 3485/3485/3485 3421/3421/3421
f 3421/3421/3421 3485/3485/3485 3486/3486/3486
f 3421/3421/3421 3486/3486/3486 3422/3422/3422
f 3422/3422/3422 3486/3486/3486 3487/3487/3487
f 3422/3422/3422 3487/3487/3487 3423/3423/3423
f 3423/3423/3423 3487/3487/3487 3488/3488/3488
f 3423/3423/3423 3488/3488/3488 3424/3424/3424
f 3424/3424/3424 3488/3488/3488 3489/3489/3489
f 3424/3424/3424 3489/3489/3489 3425/3425/3425
f 3425/3425/3425 3489/3489/3489 3490/3490/3490
f 3426/3426/3426 3491/3491/3491 3427/3427/3427
f 3427/3427/3427 3491/3491/3491 3492/3492/3492
f 3427/3427/3427 3492/3492/3492 3428/3428/3428
f 3428/3428/3428 3492/3492/3492 3493/3493/3493
f 3428/3428/3428 3493/3493/3493 3429/3429/3429
f 3429/3429/3429 3493/3493/3493 3494/3494/3494
f 3429/3429/3429 3494/3494/3494 3430/3430/3430
f 3430/3430/3430 3494/3494/3494 3495/3495/3495
f 3430/3430/3430 3495/3495/3495 3431/3431/3431
f 3431/3431/3431 3495/3495/3495 3496/3496/3496
f 3431/3431/3431 3496/3496/3496 3432/3432/3432
f 3432/3432/3432 3496/3496/3496 3497/3497/3497
f 3432/3432/3432 3497/3497/3497 3433/3433/3433
f 3433/3433/3433 3497/3497/3497 3498/3498/3498
f 3433/3433/3433 3498/3498/3498 3434/3434/3434
f 3434/3434/3434 3498/3498/3498 3499/3499/3499
f 3434/3434/3434 3499/3499/3499 3435/3435/3435
f 3435/3435/3435 3499/3499/3499 3500/3500/3500
f 3435/3435/3435 3500/3500/3500 3436/3436/3436
f 3436/3436/3436 3500/3500/3500 3501/3501/3501
f 3436/3436/3436 3501/3501/3501 3437/3437/3437
f 3437/3437/3437 3501/3501/3501 3502/3502/3502
f 3437/3437/3437 3502/3502/3502 3438/3438/3438
f 3438/3438/3438 3502/3502/3502 3503/3503/3503
f 3438/3438/3438 3503/3503/3503 3439/3439/3439
f 3439/3439/3439 3503/3503/3503 3504/3504/3504
f 3439/3439/3439 3504/3504/3504 3440/3440/3440
f 3440/3440/3440 3504/3504/3504 3505/3505/3505
f 3440/3440/3440 3505/3505/3505 3441/3441/3441
f 3441/3441/3441 3505/3505/3505 3506/3506/3506
f 3441/3441/3441 3506/3506/3506 3442/3442/3442
f 3442/3442/3442 3506/3506/3506 3507/3507/3507
f 3442/3442/3442 3507/3507/3507 3443/3443/3443
f 3443/3443/3443 3507/3507/3507 3508/3508/3508
f 3443/3443/3443 3508/3508/3508 3444/3444/3444
f 3444/3444/3444 3508/3508/3508 3509/3509/3509
f 3444/3444/3444 3509/3509/3509 3445/3445/3445
f 3445/3445/3445 3509/3509/3509 3510/3510/3510
f 3445/3445/3445 3510/3510/3510 3446/3446/3446
f 3446/3446/3446 3510/3510/3510 3511/3511/3511
f 3446/3446/3446 3511/3511/3511 3447/3447/3447
f 3447/3447/3447 3511/3511/3511 3512/3512/3512
f 3447/3447/3447 3512/3512/3512 3448/3448/3448
f 3448/3448/3448 3512/3512/3512 3513/3513/3513
f 3448/3448/3448 3513/3513/3513 3449/3449/3449
f 3449/3449/3449 3513/3513/3513 3514/3514/3514
f 3449/3449/3449 3514/3514/3514 3450/3450/3450
f 3450/3450/3450 3514/3514/3514 3515/3515/3515
f 3450/3450/3450 3515/3515/3515 3451/3451/3451
f 3451/3451/3451 3515/3515/3515 3516/3516/3516
f 3451/3451/3451 3516/3516/3516 3452/3452/3452
f 3452/3452/3452 3516/3516/3516 3517/3517/3517
f 3452/3452/3452 3517/3517/3517 3453/3453/3453
f 3453/3453/3453 3517/3517/3517 3518/3518/3518
f 3453/3453/3453 3518/3518/3518 3454/3454/3454
f 3454/3454/3454 3518/3518/3518 3519/3519/3519
f 3454/3454/3454 3519/3519/3519 3455/3455/3455
f 3455/3455/3455 3519/3519/3519 3520/3520/3520
f 3455/3455/3455 3520/3520/3520 3456/3456/3456
f 3456/3456/3456 3520/3520/3520 3521/3521/3521
f 3456/3456/3456 3521/3521/3521 3457/3457/3457
f 3457/3457/3457 3521/3521/3521 3522/3522/3522
f 3457/3457/3457 3522/3522/3522 3458/3458/3458
f 3458/3458/3458 3522/3522/3522 3523/3523/3523
f 3458/3458/3458 3523/3523/3523 3459/3459/3459
f 3459/3459/3459 3523/3523/3523 3524/3524/3524
f 3459/3459/3459 3524/3524/3524 3460/3460/3460
f 3460/3460/3460 3524/3524/3524 3525/3525/3525
f 3460/3460/3460 3525/3525/3525 3461/3461/3461
f 3461/3461/3461 3525/3525/3525 3526/3526/3526
f 3461/3461/3461 3526/3526/3526 3462/3462/3462
f 3462/3462/3462 3526/3526/3526 3527/3527/3527
f 3462/3462/3462 3527/3527/3527 3463/3463/3463
f 3463/3463/3463 3527/3527/3527 3528/3528/3528
f 3463/3463/3463 3528/3528/3528 3464/3464/3464
f 3464/3464/3464 3528/3528/3528 3529/3529/3529
f 3464/3464/3464 3529/3529/3529 3465/3465/3465
f 3465/3465/3465 3529/3529/3529 3530/3530/3530
f 3465/3465/3465 3530/3530/3530 3466/3466/3466
f 3466/3466/3466 3530/3530/3530 3531/3531/3531
f 3466/3466/3466 3531/3531/3531 3467/3467/3467
f 3467/3467/3467 3531/3531/3531 3532/3532/3532
f 3467/3467/3467 3532/3532/3532 3468/3468/3468
f 3468/3468/3468 3532/3532/3532 3533/3533/3533
f 3468/3468/3468 3533/3533/3533 3469/3469/3469
f 3469/3469/3469 3533/3533/3533 3534/3534/3534
f 3469/3469/3469 3534/3534/3534 3470/3470/3470
f 3470/3470/3470 3534/3534/3534 3535/3535/3535
f 3470/3470/3470 3535/3535/3535 3471/3471/3471
f 3471/3471/3471 3535/3535/3535 3536/3536/3536
f 3471/3471/3471 3536/3536/3536 3472/3472/3472
f 3472/3472/3472 3536/3536/3536 3537/3537/3537
f 3472/3472/3472 3537/3537/3537 3473/3473/3473
f 3473/3473/3473 3537/3537/3537 3538/3538/3538
f 3473/3473/3473 3538/3538/3538 3474/3474/3474
f 3474/3474/3474 3538/3538/3538 3539/3539/3539
f 3474/3474/3474 3539/3539/3539 3475/3475/3475
f 3475/3475/3475 3539/3539/3539 3540/3540/3540
f 3475/3475/3475 3540/3540/3540 3476/3476/3476
f 3476/3476/3476 3540/3540/3540 3541/3541/3541
f 3476/3476/3476 3541/3541/3541 3477/3477/3477
f 3477/3477/3477 3541/3541/3541 3542/3542/3542
f 3477/3477/3477 3542/3542/3542 3478/3478/3478
f 3478/3478/3478 3542/3542/3542 3543/3543/3543
f 3478/3478/3478 3543/3543/3543 3479/3479/3479
f 3479/3479/3479 3543/3543/3543 3544/3544/3544
f 3479/3479/3479 3544/3544/3544 3480/3480/3480
f 3480/3480/3480 3544/3544/3544 3545/3545/3545
f 3480/3480/3480 3545/3545/3545 3481/3481/3481
f 3481/3481/3481 3545/3545/3545 3546/3546/3546
f 3481/3481/3481 3546/3546/3546 3482/3482/3482
f 3482/3482/3482 3546/3546/3546 3547/3547/3547
f 3482/3482/3482 3547/3547/3547 3483/3483/3483
f 3483/3483/3483 3547/3547/3547 3548/3548/3548
f 3483/3483/3483 3548/3548/3548 3484/3484/3484
f 3484/3484/3484 3548/3548/3548 3549/3549/3549
f 3484/3484/3484 3549/3549/3549 3485/3485/3485
f 3485/3485/3485 3549/3549/3549 3550/3550/3550
f 3485/3485/3485 3550/3550/3550 3486/3486/3486
f 3486/3486/3486 3550/3550/3550 3551/3551/3551
f 3486/3486/3486 3551/3551/3551 3487/3487/3487
f 3487/3487/3487 3551/3551/3551 3552/3552/3552
f 3487/3487/3487 3552/3552/3552 3488/3488/3488
f 3488/3488/3488 3552/3552/3552 3553/3553/3553
f 3488/3488/3488 3553/3553/3553 3489/3489/3489
f 3489/3489/3489 3553/3553/3553 3554/3554/3554
f 3489/3489/3489 3554/3554/3554 3490/3490/3490
f 3490/3490/3490 3554/3554/3554 3555/3555/3555
f 3491/3491/3491 3556/3556/3556 3492/3492/3492
f 3492/3492/3492 3556/3556/3556 3557/3557/3557
f 3492/3492/3492 3557/3557/3557 3493/3493/3493
f 3493/3493/3493 3557/3557/3557 3558/3558/3558
f 3493/3493/3493 3558/3558/3558 3494/3494/3494
f 3494/3494/3494 3558/3558/3558 3559/3559/3559
f 3494/3494/3494 3559/3559/3559 3495/3495/3495
f 3495/3495/3495 3559/3559/3559 3560/3560/3560
f 3495/3495/3495 3560/3560/3560 3496/3496/3496
f 3496/3496/3496 3560/3560/3560 3561/3561/3561
f 3496/3496/3496 3561/3561/3561 3497/3497/3497
f 3497/3497/3497 3561/3561/3561 3562/3562/3562
f 3497/3497/3497 3562/3562/3562 3498/3498/3498
f 3498/3498/3498 3562/3562/3562 3563/3563/3563
f 3498/3498/3498 3563/3563/3563 3499/3499/3499
f 3499/3499/3499 3563/3563/3563 3564/3564/3564
f 3499/3499/3499 3564/3564/3564 3500/3500/3500
f 3500/3500/3500 3564/3564/3564 3565/3565/3565
f 3500/3500/3500 3565/3565/3565 3501/3501/3501
f 3501/3501/3501 3565/3565/3565 3566/3566/3566
f 3501/3501/3501 3566/3566/3566 3502/3502/3502
f 3502/3502/3502 3566/3566/3566 3567/3567/3567
f 3502/3502/3502 3567/3567/3567 3503/3503/3503
f 3503/3503/3503 3567/3567/3567 3568/3568/3568
f 3503/3503/3503 3568/3568/3568 3504/3504/3504
f 3504/3504/3504 3568/3568/3568 3569/3569/3569
f 3504/3504/3504 3569/3569/3569 3505/3505/3505
f 3505/3505/3505 3569/3569/3569 3570/3570/3570
f 3505/3505/3505 3570/3570/3570 3506/3506/3506
f 3506/3506/3506 3570/3570/3570 3571/3571/3571
f 3506/3506/3506 3571/3571/3571 3507/3507/3507
f 3507/3507/3507 3571/3571/3571 3572/3572/3572
f 3507/3507/3507 3572/3572/3572 3508/3508/3508
f 3508/3508/3508 3572/3572/3572 3573/3573/3573
f 3508/3508/3508 3573/3573/3573 3509/3509/3509
f 3509/3509/3509 3573/3573/3573 3574/3574/3574
f 3509/3509/3509 3574/3574/3574 3510/3510/3510
f 3510/3510/3510 3574/3574/3574 3575/3575/3575
f 3510/3510/3510 3575/3575/3575 3511/3511/3511
f 3511/3511/3511 3575/3575/3575 3576/3576/3576
f 3511/3511/3511 3576/3576/3576 3512/3512/3512
f 3512/3512/3512 3576/3576/3576 3577/3577/3577
f 3512/3512/3512 3577/3577/3577 3513/3513/3513
f 3513/3513/3513 3577/3577/3577 3578/3578/3578
f 3513/3513/3513 3578/3578/3578 3514/3514/3514
f 3514/3514/3514 3578/3578/3578 3579/3579/3579
f 3514/3514/3514 3579/3579/3579 3515/3515/3515
f 3515/3515/3515 3579/3579/3579 3580/3580/3580
f 3515/3515/3515 3580/3580/3580 3516/3516/3516
f 3516/3516/3516 3580/3580/3580 3581/3581/3581
f 3516/3516/3516 3581/3581/3581 3517/3517/3517
f 3517/3517/3517 3581/3581/3581 3582/3582/3582
f 3517/3517/3517 3582/3582/3582 3518/3518/3518
f 3518/3518/3518 3582/3582/3582 3583/3583/3583
f 3518/3518/3518 3583/3583/3583 3519/3519/3519
f 3519/3519/3519 3583/3583/3583 3584/3584/3584
f 3519/3519/3519 3584/3584/3584 3520/3520/3520
f 3520/3520/3520 3584/3584/3584 3585/3585/3585
f 3520/3520/3520 3585/3585/3585 3521/3521/3521
f 3521/3521/3521 3585/3585/3585 3586/3586/3586
f 3521/3521/3521 3586/3586/3586 3522/3522/3522
f 3522/3522/3522 3586/3586/3586 3587/3587/3587
f 3522/3522/3522 3587/3587/3587 3523/3523/3523
f 3523/3523/3523 3587/3587/3587 3588/3588/3588
f 3523/3523/3523 3588/3588/3588 3524/3524/3524
f 3524/3524/3524 3588/3588/3588 3589/3589/3589
f 3524/3524/3524 3589/3589/3589 3525/3525/3525
f 3525/3525/3525 3589/3589/3589 3590/3590/3590
f 3525/3525/3525 3590/3590/3590 3526/3526/3526
f 3526/3526/3526 3590/3590/3590 3591/3591/3591
f 3526/3526/3526 3591/3591/3591 3527/3527/3527
f 3527/3527/3527 3591/3591/3591 3592/3592/3592
f 3527/3527/3527 3592/3592/3592 3528/3528/3528
f 3528/3528/3528 3592/3592/3592 3593/3593/3593
f 3528/3528/3528 3593/3593/3593 3529/3529/3529
f 3529/3529/3529 3593/3593/3593 3594/3594/3594
f 3529/3529/3529 3594/3594/3594 3530/3530/3530
f 3530/3530/3530 3594/3594/3594 3595/3595/3595
f 3530/3530/3530 3595/3595/3595 3531/3531/3531
f 3531/3531/3531 3595/3595/3595 3596/3596/3596
f 3531/3531/3531 3596/3596/3596 3532/3532/3532
f 3532/3532/3532 3596/3596/3596 3597/3597/3597
f 3532/3532/3532 3597/3597/3597 3533/3533/3533
f 3533/3533/3533 3597/3597/3597 3598/3598/3598
f 3533/3533/3533 3598/3598/3598 3534/3534/3534
f 3534/3534/3534 3598/3598/3598 3599/3599/3599
f 3534/3534/3534 3599/3599/3599 3535/3535/3535
f 3535/3535/3535 3599/3599/3599 3600/3600/3600
f 3535/3535/3535 3600/3600/3600 3536/3536/3536
f 3536/3536/3536 3600/3600/3600 3601/3601/3601
f 3536/3536/3536 3601/3601/3601 3537/3537/3537
f 3537/3537/3537 3601/3601/3601 3602/3602/3602
f 3537/3537/3537 3602/3602/3602 3538/3538/3538
f 3538/3538/3538 3602/3602/3602 3603/3603/3603
f 3538/3538/3538 3603/3603/3603 3539/3539/3539
f 3539/3539/3539 3603/3603/3603 3604/3604/3604
f 3539/3539/3539 3604/3604/3604 3540/3540/3540
f 3540/3540/3540 3604/3604/3604 3605/3605/3605
f 3540/3540/3540 3605/3605/3605 3541/3541/3541
f 3541/3541/3541 3605/3605/3605 3606/3606/3606
f 3541/3541/3541 3606/3606/3606 3542/3542/3542
f 3542/3542/3542 3606/3606/3606 3607/3607/3607
f 3542/3542/3542 3607/3607/3607 3543/3543/3543
f 3543/3543/3543 3607/3607/3607 3608/3608/3608
f 3543/3543/3543 3608/3608/3608 3544/3544/3544
f 3544/3544/3544 3608/3608/3608 3609/3609/3609
f 3544/3544/3544 3609/3609/3609 3545/3545/3545
f 3545/3545/3545 3609/3609/3609 3610/3610/3610
f 3545/3545/3545 3610/3610/3610 3546/3546/3546
f 3546/3546/3546 3610/3610/3610 3611/3611/3611
f 3546/3546/3546 3611/3611/3611 3547/3547/3547
f 3547/3547/3547 3611/3611/3611 3612/3612/3612
f 3547/3547/3547 3612/3612/3612 3548/3548/3548
f 3548/3548/3548 3612/3612/3612 3613/3613/3613
f 3548/3548/3548 3613/3613/3613 3549/3549/3549
f 3549/3549/3549 3613/3613/3613 3614/3614/3614
f 3549/3549/3549 3614/3614/3614 3550/3550/3550
f 3550/3550/3550 3614/3614/3614 3615/3615/3615
f 3550/3550/3550 3615/3615/3615 3551/3551/3551
f 3551/3551/3551 3615/3615/3615 3616/3616/3616
f 3551/3551/3551 3616/3616/3616 3552/3552/3552
f 3552/3552/3552 3616/3616/3616 3617/3617/3617
f 3552/3552/3552 3617/3617/3617 3553/3553/3553
f 3553/3553/3553 3617/3617/3617 3618/3618/3618
f 3553/3553/3553 3618/3618/3618 3554/3554/3554
f 3554/3554/3554 3618/3618/3618 3619/3619/3619
f 3554/3554/3554 3619/3619/3619 3555/3555/3555
f 3555/3555/3555 3619/3619/3619 3620/3620/3620
o cylinder_part_4
usemtl part_4
v 0.036 0.26 0.35
v 0.03545308 0.2620275 0.3559134
v 0.03382893 0.2639933 0.3616472
v 0.03117691 0.2658378 0.367027
v 0.0275776 0.267505 0.3718895
v 0.02314035 0.2689441 0.3760869
v 0.018 0.2701114 0.3794917
v 0.01231272 0.2709716 0.3820003
v 0.006251331 0.2714983 0.3835367
v -1.57361e-09 0.2716757 0.384054
v -0.006251338 0.2714983 0.3835367
v -0.01231272 0.2709716 0.3820003
v -0.018 0.2701114 0.3794917
v -0.02314035 0.2689441 0.3760869
v -0.02757761 0.267505 0.3718895
v -0.03117691 0.2658378 0.367027
v -0.03382894 0.2639933 0.3616472
v -0.03545308 0.2620275 0.3559134
v -0.036 0.26 0.35
v -0.03545308 0.2579726 0.3440866
v -0.03382893 0.2560067 0.3383528
v -0.03117691 0.2541622 0.3329729
v -0.0275776 0.2524951 0.3281105
v -0.02314035 0.2510559 0.3239131
v -0.018 0.2498886 0.3205083
v -0.01231272 0.2490285 0.3179997
v -0.006251332 0.2485017 0.3164633
v 4.292957e-10 0.2483243 0.3159459
v 0.00625135 0.2485017 0.3164633
v 0.01231274 0.2490285 0.3179997
v 0.018 0.2498886 0.3205083
v 0.02314035 0.2510559 0.3239131
v 0.02757761 0.2524951 0.3281105
v 0.03117692 0.2541622 0.332973
v 0.03382893 0.2560067 0.3383528
v 0.03545308 0.2579726 0.3440866
v 0.036 0.26 0.35
v 0.036 0.96 0.11
v 0.03545308 0.9620274 0.1159134
v 0.03382893 0.9639933 0.1216472
v 0.03117691 0.9658378 0.127027
v 0.0275776 0.967505 0.1318895
v 0.02314035 0.9689441 0.1360869
v 0.018 0.9701114 0.1394917
v 0.01231272 0.9709716 0.1420003
v 0.006251331 0.9714983 0.1435367
v -1.57361e-09 0.9716757 0.144054
v -0.006251338 0.9714983 0.1435367
v -0.01231272 0.9709716 0.1420003
v -0.018 0.9701114 0.1394917
v -0.02314035 0.9689441 0.1360869
v -0.02757761 0.967505 0.1318895
v -0.03117691 0.9658378 0.127027
v -0.03382894 0.9639933 0.1216472
v -0.03545308 0.9620274 0.1159134
v -0.036 0.96 0.11
v -0.03545308 0.9579725 0.1040866
v -0.03382893 0.9560066 0.0983528
v -0.03117691 0.9541622 0.09297296
v -0.0275776 0.952495 0.08811048
v -0.02314035 0.9510559 0.08391307
v -0.018 0.9498886 0.08050832
v -0.01231272 0.9490285 0.07799965
v -0.006251332 0.9485017 0.0764633
v 4.292957e-10 0.9483243 0.07594594
v 0.00625135 0.9485017 0.0764633
v 0.01231274 0.9490285 0.07799965
v 0.018 0.9498886 0.08050832
v 0.02314035 0.9510559 0.08391307
v 0.02757761 0.952495 0.08811048
v 0.03117692 0.9541622 0.09297298
v 0.03382893 0.9560066 0.09835282
v 0.03545308 0.9579725 0.1040866
v 0.036 0.96 0.11
v 0 0.26 0.35
v 0 0.26 0.35
v 0 0.26 0.35
v 0 0.26 0.35
v 0 0.26 0.35
v 0 0.26 0.35
v 0 0.26 0.35
v 0 0.26 0.35
v 0 0.26 0.35
v 0 0.26 0.35
v 0 0.26 0.35
v 0 0.26 0.35
v 0 0.26 0.35
v 0 0.26 0.35
v 0 0.26 0.35
v 0 0.26 0.35
v 0 0.26 0.35
v 0 0.26 0.35
v 0 0.26 0.35
v 0 0.26 0.35
v 0 0.26 0.35
v 0 0.26 0.35
v 0 0.26 0.35
v 0 0.26 0.35
v 0 0.26 0.35
v 0 0.26 0.35
v 0 0.26 0.35
v 0 0.26 0.35
v 0 0.26 0.35
v 0 0.26 0.35
v 0 0.26 0.35
v 0 0.26 0.35
v 0 0.26 0.35
v 0 0.26 0.35
v 0 0.26 0.35
v 0 0.26 0.35
v 0 0.26 0.35
v 0.036 0.26 0.35
v 0.03545308 0.2620275 0.3559134
v 0.03382893 0.2639933 0.3616472
v 0.03117691 0.2658378 0.367027
v 0.0275776 0.267505 0.3718895
v 0.02314035 0.2689441 0.3760869
v 0.018 0.2701114 0.3794917
v 0.01231272 0.2709716 0.3820003
v 0.006251331 0.2714983 0.3835367
v -1.57361e-09 0.2716757 0.384054
v -0.006251338 0.2714983 0.3835367
v -0.01231272 0.2709716 0.3820003
v -0.018 0.2701114 0.3794917
v -0.02314035 0.2689441 0.3760869
v -0.02757761 0.267505 0.3718895
v -0.03117691 0.2658378 0.367027
v -0.03382894 0.2639933 0.3616472
v -0.03545308 0.2620275 0.3559134
v -0.036 0.26 0.35
v -0.03545308 0.2579726 0.3440866
v -0.03382893 0.2560067 0.3383528
v -0.03117691 0.2541622 0.3329729
v -0.0275776 0.2524951 0.3281105
v -0.02314035 0.2510559 0.3239131
v -0.018 0.2498886 0.3205083
v -0.01231272 0.2490285 0.3179997
v -0.006251332 0.2485017 0.3164633
v 4.292957e-10 0.2483243 0.3159459
v 0.00625135 0.2485017 0.3164633
v 0.01231274 0.2490285 0.3179997
v 0.018 0.2498886 0.3205083
v 0.02314035 0.2510559 0.3239131
v 0.02757761 0.2524951 0.3281105
v 0.03117692 0.2541622 0.332973
v 0.03382893 0.2560067 0.3383528
v 0.03545308 0.2579726 0.3440866
v 0.036 0.26 0.35
v 0 0.96 0.11
v 0 0.96 0.11
v 0 0.96 0.11
v 0 0.96 0.11
v 0 0.96 0.11
v 0 0.96 0.11
v 0 0.96 0.11
v 0 0.96 0.11
v 0 0.96 0.11
v 0 0.96 0.11
v 0 0.96 0.11
v 0 0.96 0.11
v 0 0.96 0.11
v 0 0.96 0.11
v 0 0.96 0.11
v 0 0.96 0.11
v 0 0.96 0.11
v 0 0.96 0.11
v 0 0.96 0.11
v 0 0.96 0.11
v 0 0.96 0.11
v 0 0.96 0.11
v 0 0.96 0.11
v 0 0.96 0.11
v 0 0.96 0.11
v 0 0.96 0.11
v 0 0.96 0.11
v 0 0.96 0.11
v 0 0.96 0.11
v 0 0.96 0.11
v 0 0.96 0.11
v 0 0.96 0.11
v 0 0.96 0.11
v 0 0.96 0.11
v 0 0.96 0.11
v 0 0.96 0.11
v 0 0.96 0.11
v 0.036 0.96 0.11
v 0.03545308 0.9620274 0.1159134
v 0.03382893 0.9639933 0.1216472
v 0.03117691 0.9658378 0.127027
v 0.0275776 0.967505 0.1318895
v 0.02314035 0.9689441 0.1360869
v 0.018 0.9701114 0.1394917
v 0.01231272 0.9709716 0.1420003
v 0.006251331 0.9714983 0.1435367
v -1.57361e-09 0.9716757 0.144054
v -0.006251338 0.9714983 0.1435367
v -0.01231272 0.9709716 0.1420003
v -0.018 0.9701114 0.1394917
v -0.02314035 0.9689441 0.1360869
v -0.02757761 0.967505 0.1318895
v -0.03117691 0.9658378 0.127027
v -0.03382894 0.9639933 0.1216472
v -0.03545308 0.9620274 0.1159134
v -0.036 0.96 0.11
v -0.03545308 0.9579725 0.1040866
v -0.03382893 0.9560066 0.0983528
v -0.03117691 0.9541622 0.09297296
v -0.0275776 0.952495 0.08811048
v -0.02314035 0.9510559 0.08391307
v -0.018 0.9498886 0.08050832
v -0.01231272 0.9490285 0.07799965
v -0.006251332 0.9485017 0.0764633
v 4.292957e-10 0.9483243 0.07594594
v 0.00625135 0.9485017 0.0764633
v 0.01231274 0.9490285 0.07799965
v 0.018 0.9498886 0.08050832
v 0.02314035 0.9510559 0.08391307
v 0.02757761 0.952495 0.08811048
v 0.03117692 0.9541622 0.09297298
v 0.03382893 0.9560066 0.09835282
v 0.03545308 0.9579725 0.1040866
v 0.036 0.96 0.11
vt 0 0
vt 0.02777778 0
vt 0.05555556 0
vt 0.08333334 0
vt 0.1111111 0
vt 0.1388889 0
vt 0.1666667 0
vt 0.1944444 0
vt 0.2222222 0
vt 0.25 0
vt 0.2777778 0
vt 0.3055556 0
vt 0.3333333 0
vt 0.3611111 0
vt 0.3888889 0
vt 0.4166667 0
vt 0.4444444 0
vt 0.4722222 0
vt 0.5 0
vt 0.5277778 0
vt 0.5555556 0
vt 0.5833333 0
vt 0.6111111 0
vt 0.6388889 0
vt 0.6666667 0
vt 0.6944444 0
vt 0.7222222 0
vt 0.75 0
vt 0.7777778 0
vt 0.8055556 0
vt 0.8333333 0
vt 0.8611111 0
vt 0.8888889 0
vt 0.9166667 0
vt 0.9444444 0
vt 0.9722222 0
vt 1 0
vt 0 1
vt 0.02777778 1
vt 0.05555556 1
vt 0.08333334 1
vt 0.1111111 1
vt 0.1388889 1
vt 0.1666667 1
vt 0.1944444 1
vt 0.2222222 1
vt 0.25 1
vt 0.2777778 1
vt 0.3055556 1
vt 0.3333333 1
vt 0.3611111 1
vt 0.3888889 1
vt 0.4166667 1
vt 0.4444444 1
vt 0.4722222 1
vt 0.5 1
vt 0.5277778 1
vt 0.5555556 1
vt 0.5833333 1
vt 0.6111111 1
vt 0.6388889 1
vt 0.6666667 1
vt 0.6944444 1
vt 0.7222222 1
vt 0.75 1
vt 0.7777778 1
vt 0.8055556 1
vt 0.8333333 1
vt 0.8611111 1
vt 0.8888889 1
vt 0.9166667 1
vt 0.9444444 1
vt 0.9722222 1
vt 1 1
vt 0 0
vt 0.02777778 0
vt 0.05555556 0
vt 0.08333334 0
vt 0.1111111 0
vt 0.1388889 0
vt 0.1666667 0
vt 0.1944444 0
vt 0.2222222 0
vt 0.25 0
vt 0.2777778 0
vt 0.3055556 0
vt 0.3333333 0
vt 0.3611111 0
vt 0.3888889 0
vt 0.4166667 0
vt 0.4444444 0
vt 0.4722222 0
vt 0.5 0
vt 0.5277778 0
vt 0.5555556 0
vt 0.5833333 0
vt 0.6111111 0
vt 0.6388889 0
vt 0.6666667 0
vt 0.6944444 0
vt 0.7222222 0
vt 0.75 0
vt 0.7777778 0
vt 0.8055556 0
vt 0.8333333 0
vt 0.8611111 0
vt 0.8888889 0
vt 0.9166667 0
vt 0.9444444 0
vt 0.9722222 0
vt 1 0
vt 0 1
vt 0.02777778 1
vt 0.05555556 1
vt 0.08333334 1
vt 0.1111111 1
vt 0.1388889 1
vt 0.1666667 1
vt 0.1944444 1
vt 0.2222222 1
vt 0.25 1
vt 0.2777778 1
vt 0.3055556 1
vt 0.3333333 1
vt 0.3611111 1
vt 0.3888889 1
vt 0.4166667 1
vt 0.4444444 1
vt 0.4722222 1
vt 0.5 1
vt 0.5277778 1
vt 0.5555556 1
vt 0.5833333 1
vt 0.6111111 1
vt 0.6388889 1
vt 0.6666667 1
vt 0.6944444 1
vt 0.7222222 1
vt 0.75 1
vt 0.7777778 1
vt 0.8055556 1
vt 0.8333333 1
vt 0.8611111 1
vt 0.8888889 1
vt 0.9166667 1
vt 0.9444444 1
vt 0.9722222 1
vt 1 1
vt 0 0
vt 0.02777778 0
vt 0.05555556 0
vt 0.08333334 0
vt 0.1111111 0
vt 0.1388889 0
vt 0.1666667 0
vt 0.1944444 0
vt 0.2222222 0
vt 0.25 0
vt 0.2777778 0
vt 0.3055556 0
vt 0.3333333 0
vt 0.3611111 0
vt 0.3888889 0
vt 0.4166667 0
vt 0.4444444 0
vt 0.4722222 0
vt 0.5 0
vt 0.5277778 0
vt 0.5555556 0
vt 0.5833333 0
vt 0.6111111 0
vt 0.6388889 0
vt 0.6666667 0
vt 0.6944444 0
vt 0.7222222 0
vt 0.75 0
vt 0.7777778 0
vt 0.8055556 0
vt 0.8333333 0
vt 0.8611111 0
vt 0.8888889 0
vt 0.9166667 0
vt 0.9444444 0
vt 0.9722222 0
vt 1 0
vt 0 1
vt 0.02777778 1
vt 0.05555556 1
vt 0.08333334 1
vt 0.1111111 1
vt 0.1388889 1
vt 0.1666667 1
vt 0.1944444 1
vt 0.2222222 1
vt 0.25 1
vt 0.2777778 1
vt 0.3055556 1
vt 0.3333333 1
vt 0.3611111 1
vt 0.3888889 1
vt 0.4166667 1
vt 0.4444444 1
vt 0.4722222 1
vt 0.5 1
vt 0.5277778 1
vt 0.5555556 1
vt 0.5833333 1
vt 0.6111111 1
vt 0.6388889 1
vt 0.6666667 1
vt 0.6944444 1
vt 0.7222222 1
vt 0.75 1
vt 0.7777778 1
vt 0.8055556 1
vt 0.8333333 1
vt 0.8611111 1
vt 0.8888889 1
vt 0.9166667 1
vt 0.9444444 1
vt 0.9722222 1
vt 1 1
vn 1 -0 0
vn 0.9848055 0.05632259 0.1642742
vn 0.9396936 0.1109245 0.3235298
vn 0.8660181 0.1621662 0.4729849
vn 0.7660449 0.2084715 0.6080419
vn 0.6427871 0.248447 0.724637
vn 0.5000026 0.2808726 0.8192118
vn 0.3420097 0.3047664 0.888902
vn 0.1736333 0.319398 0.9315774
vn -0 0.3243243 0.945946
vn -0.1736347 0.3193979 0.9315771
vn -0.3420376 0.3047631 0.8888924
vn -0.4999957 0.2808739 0.8192155
vn -0.6427871 0.248447 0.724637
vn -0.7660524 0.2084686 0.6080334
vn -0.8660279 0.1621608 0.4729689
vn -0.9396918 0.1109262 0.3235347
vn -0.984812 0.05631059 0.1642392
vn -1 0 -0
vn -0.9848031 -0.05632684 -0.1642866
vn -0.9396909 -0.110927 -0.323537
vn -0.8660244 -0.1621627 -0.4729745
vn -0.766053 -0.2084684 -0.6080328
vn -0.6427678 -0.2484522 -0.7246523
vn -0.4999948 -0.2808741 -0.8192161
vn -0.3420299 -0.304764 -0.888895
vn -0.1736528 -0.3193969 -0.9315742
vn 0 -0.3243243 -0.945946
vn 0.1736347 -0.3193979 -0.9315771
vn 0.3420248 -0.3047646 -0.8888968
vn 0.5000015 -0.2808728 -0.8192123
vn 0.6428027 -0.2484428 -0.7246247
vn 0.7660454 -0.2084713 -0.6080412
vn 0.8660244 -0.1621627 -0.4729745
vn 0.9396918 -0.1109262 -0.3235347
vn 0.984807 -0.05631982 -0.1642661
vn 1 -0 0
vn 1 -0 0
vn 0.9848055 0.05632259 0.1642742
vn 0.9396936 0.1109245 0.3235298
vn 0.8660181 0.1621663 0.4729849
vn 0.7660449 0.2084715 0.6080418
vn 0.6427871 0.248447 0.724637
vn 0.5000025 0.2808726 0.8192118
vn 0.3420096 0.3047664 0.888902
vn 0.1736333 0.319398 0.9315774
vn -0 0.3243243 0.945946
vn -0.1736347 0.3193979 0.9315771
vn -0.3420376 0.3047631 0.8888924
vn -0.4999957 0.2808739 0.8192155
vn -0.6427871 0.248447 0.724637
vn -0.7660524 0.2084686 0.6080334
vn -0.8660279 0.1621608 0.472969
vn -0.9396919 0.1109262 0.3235346
vn -0.984812 0.05631059 0.1642392
vn -1 0 -0
vn -0.9848031 -0.05632684 -0.1642866
vn -0.9396909 -0.110927 -0.323537
vn -0.8660244 -0.1621627 -0.4729745
vn -0.766053 -0.2084684 -0.6080328
vn -0.642768 -0.2484522 -0.7246522
vn -0.4999948 -0.2808741 -0.8192161
vn -0.3420299 -0.304764 -0.8888951
vn -0.1736528 -0.3193969 -0.9315742
vn 0 -0.3243243 -0.945946
vn 0.1736347 -0.3193979 -0.9315771
vn 0.3420248 -0.3047646 -0.8888968
vn 0.5000015 -0.2808728 -0.8192123
vn 0.6428027 -0.2484428 -0.7246247
vn 0.7660454 -0.2084713 -0.6080413
vn 0.8660244 -0.1621627 -0.4729745
vn 0.9396919 -0.1109262 -0.3235346
vn 0.984807 -0.05631982 -0.1642661
vn 1 -0 0
vn 0 -0.9459459 0.3243243
vn 0 -0.9459459 0.3243243
vn 0 -0.9459459 0.3243243
vn 0 -0.9459459 0.3243243
vn 0 -0.9459459 0.3243243
vn 0 -0.9459459 0.3243243
vn 0 -0.9459459 0.3243243
vn 0 -0.9459459 0.3243243
vn 0 -0.9459459 0.3243243
vn 0 -0.9459459 0.3243243
vn 0 -0.9459459 0.3243243
vn 0 -0.9459459 0.3243243
vn 0 -0.9459459 0.3243243
vn 0 -0.9459459 0.3243243
vn 0 -0.9459459 0.3243243
vn 0 -0.9459459 0.3243243
vn 0 -0.9459459 0.3243243
vn 0 -0.9459459 0.3243243
vn 0 -0.9459459 0.3243243
vn 0 -0.9459459 0.3243243
vn 0 -0.9459459 0.3243243
vn 0 -0.9459459 0.3243243
vn 0 -0.9459459 0.3243243
vn 0 -0.9459459 0.3243243
vn 0 -0.9459459 0.3243243
vn 0 -0.9459459 0.3243243
vn 0 -0.9459459 0.3243243
vn 0 -0.9459459 0.3243243
vn 0 -0.9459459 0.3243243
vn 0 -0.9459459 0.3243243
vn 0 -0.9459459 0.3243243
vn 0 -0.9459459 0.3243243
vn 0 -0.9459459 0.3243243
vn 0 -0.9459459 0.3243243
vn 0 -0.9459459 0.3243243
vn 0 -0.9459459 0.3243243
vn 0 -0.9459459 0.3243243
vn 0 -0.9459459 0.3243243
vn -0 -0.9459459 0.3243243
vn -0 -0.9459459 0.3243243
vn -0 -0.9459459 0.3243243
vn -0 -0.9459459 0.3243243
vn -0 -0.9459459 0.3243243
vn -0 -0.9459459 0.3243243
vn -0 -0.9459459 0.3243243
vn -0 -0.9459459 0.3243243
vn 0 -0.9459459 0.3243243
vn 0 -0.9459459 0.3243243
vn 0 -0.9459459 0.3243243
vn 0 -0.9459459 0.3243243
vn 0 -0.9459459 0.3243243
vn 0 -0.9459459 0.3243243
vn 0 -0.9459459 0.3243243
vn 0 -0.9459459 0.3243243
vn 0 -0.9459459 0.3243243
vn 0 -0.9459459 0.3243243
vn 0 -0.9459459 0.3243243
vn 0 -0.9459459 0.3243243
vn 0 -0.9459459 0.3243243
vn 0 -0.9459459 0.3243243
vn 0 -0.9459459 0.3243243
vn 0 -0.9459459 0.3243243
vn 0 -0.9459459 0.3243243
vn 0 -0.9459459 0.3243243
vn 0 -0.9459459 0.3243243
vn 0 -0.9459459 0.3243243
vn 0 -0.9459459 0.3243243
vn 0 -0.9459459 0.3243243
vn 0 -0.9459459 0.3243243
vn 0 -0.9459459 0.3243243
vn 0 -0.9459459 0.3243243
vn 0 -0.9459459 0.3243243
vn 0 -0.9459459 0.3243243
vn 0 -0.9459459 0.3243243
vn 0 0.9459459 -0.3243243
vn 0 0.9459459 -0.3243243
vn 0 0.9459459 -0.3243243
vn 0 0.9459459 -0.3243243
vn 0 0.9459459 -0.3243243
vn 0 0.9459459 -0.3243243
vn 0 0.9459459 -0.3243243
vn 0 0.9459459 -0.3243243
vn 0 0.9459459 -0.3243243
vn 0 0.9459459 -0.3243243
vn 0 0.9459459 -0.3243243
vn 0 0.9459459 -0.3243243
vn 0 0.9459459 -0.3243243
vn 0 0.9459459 -0.3243243
vn 0 0.9459459 -0.3243243
vn 0 0.9459459 -0.3243243
vn 0 0.9459459 -0.3243243
vn 0 0.9459459 -0.3243243
vn 0 0.9459459 -0.3243243
vn 0 0.9459459 -0.3243243
vn 0 0.9459459 -0.3243243
vn 0 0.9459459 -0.3243243
vn 0 0.9459459 -0.3243243
vn 0 0.9459459 -0.3243243
vn 0 0.9459459 -0.3243243
vn 0 0.9459459 -0.3243243
vn 0 0.9459459 -0.3243243
vn 0 0.9459459 -0.3243243
vn 0 0.9459459 -0.3243243
vn 0 0.9459459 -0.3243243
vn 0 0.9459459 -0.3243243
vn 0 0.9459459 -0.3243243
vn 0 0.9459459 -0.3243243
vn 0 0.9459459 -0.3243243
vn 0 0.9459459 -0.3243243
vn 0 0.9459459 -0.3243243
vn 0 0.9459459 -0.3243243
vn 0 0.9459459 -0.3243243
vn 0 0.9459459 -0.3243243
vn 0 0.9459459 -0.3243243
vn 0 0.9459459 -0.3243243
vn 0 0.9459459 -0.3243243
vn 0 0.9459459 -0.3243243
vn 0 0.9459459 -0.3243243
vn 0 0.9459459 -0.3243243
vn 0 0.9459459 -0.3243243
vn 0 0.9459459 -0.3243243
vn 0 0.9459459 -0.3243243
vn 0 0.9459459 -0.3243243
vn 0 0.9459459 -0.3243243
vn 0 0.9459459 -0.3243243
vn 0 0.9459459 -0.3243243
vn 0 0.9459459 -0.3243243
vn 0 0.9459459 -0.3243243
vn 0 0.9459459 -0.3243243
vn 0 0.9459459 -0.3243243
vn 0 0.9459459 -0.3243243
vn 0 0.9459459 -0.3243243
vn 0 0.9459459 -0.3243243
vn 0 0.9459459 -0.3243243
vn 0 0.9459459 -0.3243243
vn 0 0.9459459 -0.3243243
vn 0 0.9459459 -0.3243243
vn 0 0.9459459 -0.3243243
vn 0 0.9459459 -0.3243243
vn 0 0.9459459 -0.3243243
vn 0 0.9459459 -0.3243243
vn 0 0.9459459 -0.3243243
vn 0 0.9459459 -0.3243243
vn 0 0.9459459 -0.3243243
vn 0 0.9459459 -0.3243243
vn 0 0.9459459 -0.3243243
vn 0 0.9459459 -0.3243243
vn 0 0.9459459 -0.3243243
f 3621/3621/3621 3658/3658/3658 3622/3622/3622
f 3622/3622/3622 3658/3658/3658 3659/3659/3659
f 3622/3622/3622 3659/3659/3659 3623/3623/3623
f 3623/3623/3623 3659/3659/3659 3660/3660/3660
f 3623/3623/3623 3660/3660/3660 3624/3624/3624
f 3624/3624/3624 3660/3660/3660 3661/3661/3661
f 3624/3624/3624 3661/3661/3661 3625/3625/3625
f 3625/3625/3625 3661/3661/3661 3662/3662/3662
f 3625/3625/3625 3662/3662/3662 3626/3626/3626
f 3626/3626/3626 3662/3662/3662 3663/3663/3663
f 3626/3626/3626 3663/3663/3663 3627/3627/3627
f 3627/3627/3627 3663/3663/3663 3664/3664/3664
f 3627/3627/3627 3664/3664/3664 3628/3628/3628
f 3628/3628/3628 3664/3664/3664 3665/3665/3665
f 3628/3628/3628 3665/3665/3665 3629/3629/3629
f 3629/3629/3629 3665/3665/3665 3666/3666/3666
f 3629/3629/3629 3666/3666/3666 3630/3630/3630
f 3630/3630/3630 3666/3666/3666 3667/3667/3667
f 3630/3630/3630 3667/3667/3667 3631/3631/3631
f 3631/3631/3631 3667/3667/3667 3668/3668/3668
f 3631/3631/3631 3668/3668/3668 3632/3632/3632
f 3632/3632/3632 3668/3668/3668 3669/3669/3669
f 3632/3632/3632 3669/3669/3669 3633/3633/3633
f 3633/3633/3633 3669/3669/3669 3670/3670/3670
f 3633/3633/3633 3670/3670/3670 3634/3634/3634
f 3634/3634/3634 3670/3670/3670 3671/3671/3671
f 3634/3634/3634 3671/3671/3671 3635/3635/3635
f 3635/3635/3635 3671/3671/3671 3672/3672/3672
f 3635/3635/3635 3672/3672/3672 3636/3636/3636
f 3636/3636/3636 3672/3672/3672 3673/3673/3673
f 3636/3636/3636 3673/3673/3673 3637/3637/3637
f 3637/3637/3637 3673/3673/3673 3674/3674/3674
f 3637/3637/3637 3674/3674/3674 3638/3638/3638
f 3638/3638/3638 3674/3674/3674 3675/3675/3675
f 3638/3638/3638 3675/3675/3675 3639/3639/3639
f 3639/3639/3639 3675/3675/3675 3676/3676/3676
f 3639/3639/3639 3676/3676/3676 3640/3640/3640
f 3640/3640/3640 3676/3676/3676 3677/3677/3677
f 3640/3640/3640 3677/3677/3677 3641/3641/3641
f 3641/3641/3641 3677/3677/3677 3678/3678/3678
f 3641/3641/3641 3678/3678/3678 3642/3642/3642
f 3642/3642/3642 3678/3678/3678 3679/3679/3679
f 3642/3642/3642 3679/3679/3679 3643/3643/3643
f 3643/3643/3643 3679/3679/3679 3680/3680/3680
f 3643/3643/3643 3680/3680/3680 3644/3644/3644
f 3644/3644/3644 3680/3680/3680 3681/3681/3681
f 3644/3644/3644 3681/3681/3681 3645/3645/3645
f 3645/3645/3645 3681/3681/3681 3682/3682/3682
f 3645/3645/3645 3682/3682/3682 3646/3646/3646
f 3646/3646/3646 3682/3682/3682 3683/3683/3683
f 3646/3646/3646 3683/3683/3683 3647/3647/3647
f 3647/3647/3647 3683/3683/3683 3684/3684/3684
f 3647/3647/3647 3684/3684/3684 3648/3648/3648
f 3648/3648/3648 3684/3684/3684 3685/3685/3685
f 3648/3648/3648 3685/3685/3685 3649/3649/3649
f 3649/3649/3649 3685/3685/3685 3686/3686/3686
f 3649/3649/3649 3686/3686/3686 3650/3650/3650
f 3650/3650/3650 3686/3686/3686 3687/3687/3687
f 3650/3650/3650 3687/3687/3687 3651/3651/3651
f 3651/3651/3651 3687/3687/3687 3688/3688/3688
f 3651/3651/3651 3688/3688/3688 3652/3652/3652
f 3652/3652/3652 3688/3688/3688 3689/3689/3689
f 3652/3652/3652 3689/3689/3689 3653/3653/3653
f 3653/3653/3653 3689/3689/3689 3690/3690/3690
f 3653/3653/3653 3690/3690/3690 3654/3654/3654
f 3654/3654/3654 3690/3690/3690 3691/3691/3691
f 3654/3654/3654 3691/3691/3691 3655/3655/3655
f 3655/3655/3655 3691/3691/3691 3692/3692/3692
f 3655/3655/3655 3692/3692/3692 3656/3656/3656
f 3656/3656/3656 3692/3692/3692 3693/3693/3693
f 3656/3656/3656 3693/3693/3693 3657/3657/3657
f 3657/3657/3657 3693/3693/3693 3694/3694/3694
f 3695/3695/3695 3732/3732/3732 3696/3696/3696
f 3696/3696/3696 3732/3732/3732 3733/3733/3733
f 3696/3696/3696 3733/3733/3733 3697/3697/3697
f 3697/3697/3697 3733/3733/3733 3734/3734/3734
f 3697/3697/3697 3734/3734/3734 3698/3698/3698
f 3698/3698/3698 3734/3734/3734 3735/3735/3735
f 3698/3698/3698 3735/3735/3735 3699/3699/3699
f 3699/3699/3699 3735/3735/3735 3736/3736/3736
f 3699/3699/3699 3736/3736/3736 3700/3700/3700
f 3700/3700/3700 3736/3736/3736 3737/3737/3737
f 3700/3700/3700 3737/3737/3737 3701/3701/3701
f 3701/3701/3701 3737/3737/3737 3738/3738/3738
f 3701/3701/3701 3738/3738/3738 3702/3702/3702
f 3702/3702/3702 3738/3738/3738 3739/3739/3739
f 3702/3702/3702 3739/3739/3739 3703/3703/3703
f 3703/3703/3703 3739/3739/3739 3740/3740/3740
f 3703/3703/3703 3740/3740/3740 3704/3704/3704
f 3704/3704/3704 3740/3740/3740 3741/3741/3741
f 3704/3704/3704 3741/3741/3741 3705/3705/3705
f 3705/3705/3705 3741/3741/3741 3742/3742/3742
f 3705/3705/3705 3742/3742/3742 3706/3706/3706
f 3706/3706/3706 3742/3742/3742 3743/3743/3743
f 3706/3706/3706 3743/3743/3743 3707/3707/3707
f 3707/3707/3707 3743/3743/3743 3744/3744/3744
f 3707/3707/3707 3744/3744/3744 3708/3708/3708
f 3708/3708/3708 3744/3744/3744 3745/3745/3745
f 3708/3708/3708 3745/3745/3745 3709/3709/3709
f 3709/3709/3709 3745/3745/3745 3746/3746/3746
f 3709/3709/3709 3746/3746/3746 3710/3710/3710
f 3710/3710/3710 3746/3746/3746 3747/3747/3747
f 3710/3710/3710 3747/3747/3747 3711/3711/3711
f 3711/3711/3711 3747/3747/3747 3748/3748/3748
f 3711/3711/3711 3748/3748/3748 3712/3712/3712
f 3712/3712/3712 3748/3748/3748 3749/3749/3749
f 3712/3712/3712 3749/3749/3749 3713/3713/3713
f 3713/3713/3713 3749/3749/3749 3750/3750/3750
f 3713/3713/3713 3750/3750/3750 3714/3714/3714
f 3714/3714/3714 3750/3750/3750 3751/3751/3751
f 3714/3714/3714 3751/3751/3751 3715/3715/3715
f 3715/3715/3715 3751/3751/3751 3752/3752/3752
f 3715/3715/3715 3752/3752/3752 3716/3716/3716
f 3716/3716/3716 3752/3752/3752 3753/3753/3753
f 3716/3716/3716 3753/3753/3753 3717/3717/3717
f 3717/3717/3717 3753/3753/3753 3754/3754/3754
f 3717/3717/3717 3754/3754/3754 3718/3718/3718
f 3718/3718/3718 3754/3754/3754 3755/3755/3755
f 3718/3718/3718 3755/3755/3755 3719/3719/3719
f 3719/3719/3719 3755/3755/3755 3756/3756/3756
f 3719/3719/3719 3756/3756/3756 3720/3720/3720
f 3720/3720/3720 3756/3756/3756 3757/3757/3757
f 3720/3720/3720 3757/3757/3757 3721/3721/3721
f 3721/3721/3721 3757/3757/3757 3758/3758/3758
f 3721/3721/3721 3758/3758/3758 3722/3722/3722
f 3722/3722/3722 3758/3758/3758 3759/3759/3759
f 3722/3722/3722 3759/3759/3759 3723/3723/3723
f 3723/3723/3723 3759/3759/3759 3760/3760/3760
f 3723/3723/3723 3760/3760/3760 3724/3724/3724
f 3724/3724/3724 3760/3760/3760 3761/3761/3761
f 3724/3724/3724 3761/3761/3761 3725/3725/3725
f 3725/3725/3725 3761/3761/3761 3762/3762/3762
f 3725/3725/3725 3762/3762/3762 3726/3726/3726
f 3726/3726/3726 3762/3762/3762 3763/3763/3763
f 3726/3726/3726 3763/3763/3763 3727/3727/3727
f 3727/3727/3727 3763/3763/3763 3764/3764/3764
f 3727/3727/3727 3764/3764/3764 3728/3728/3728
f 3728/3728/3728 3764/3764/3764 3765/3765/3765
f 3728/3728/3728 3765/3765/3765 3729/3729/3729
f 3729/3729/3729 3765/3765/3765 3766/3766/3766
f 3729/3729/3729 3766/3766/3766 3730/3730/3730
f 3730/3730/3730 3766/3766/3766 3767/3767/3767
f 3730/3730/3730 3767/3767/3767 3731/3731/3731
f 3731/3731/3731 3767/3767/3767 3768/3768/3768
f 3769/3769/3769 3770/3770/3770 3806/3806/3806
f 3770/3770/3770 3807/3807/3807 3806/3806/3806
f 3770/3770/3770 3771/3771/3771 3807/3807/3807
f 3771/3771/3771 3808/3808/3808 3807/3807/3807
f 3771/3771/3771 3772/3772/3772 3808/3808/3808
f 3772/3772/3772 3809/3809/3809 3808/3808/3808
f 3772/3772/3772 3773/3773/3773 3809/3809/3809
f 3773/3773/3773 3810/3810/3810 3809/3809/3809
f 3773/3773/3773 3774/3774/3774 3810/3810/3810
f 3774/3774/3774 3811/3811/3811 3810/3810/3810
f 3774/3774/3774 3775/3775/3775 3811/3811/3811
f 3775/3775/3775 3812/3812/3812 3811/3811/3811
f 3775/3775/3775 3776/3776/3776 3812/3812/3812
f 3776/3776/3776 3813/3813/3813 3812/3812/3812
f 3776/3776/3776 3777/3777/3777 3813/3813/3813
f 3777/3777/3777 3814/3814/3814 3813/3813/3813
f 3777/3777/3777 3778/3778/3778 3814/3814/3814
f 3778/3778/3778 3815/3815/3815 3814/3814/3814
f 3778/3778/3778 3779/3779/3779 3815/3815/3815
f 3779/3779/3779 3816/3816/3816 3815/3815/3815
f 3779/3779/3779 3780/3780/3780 3816/3816/3816
f 3780/3780/3780 3817/3817/3817 3816/3816/3816
f 3780/3780/3780 3781/3781/3781 3817/3817/3817
f 3781/3781/3781 3818/3818/3818 3817/3817/3817
f 3781/3781/3781 3782/3782/3782 3818/3818/3818
f 3782/3782/3782 3819/3819/3819 3818/3818/3818
f 3782/3782/3782 3783/3783/3783 3819/3819/3819
f 3783/3783/3783 3820/3820/3820 3819/3819/3819
f 3783/3783/3783 3784/3784/3784 3820/3820/3820
f 3784/3784/3784 3821/3821/3821 3820/3820/3820
f 3784/3784/3784 3785/3785/3785 3821/3821/3821
f 3785/3785/3785 3822/3822/3822 3821/3821/3821
f 3785/3785/3785 3786/3786/3786 3822/3822/3822
f 3786/3786/3786 3823/3823/3823 3822/3822/3822
f 3786/3786/3786 3787/3787/3787 3823/3823/3823
f 3787/3787/3787 3824/3824/3824 3823/3823/3823
f 3787/3787/3787 3788/3788/3788 3824/3824/3824
f 3788/3788/3788 3825/3825/3825 3824/3824/3824
f 3788/3788/3788 3789/3789/3789 3825/3825/3825
f 3789/3789/3789 3826/3826/3826 3825/3825/3825
f 3789/3789/3789 3790/3790/3790 3826/3826/3826
f 3790/3790/3790 3827/3827/3827 3826/3826/3826
f 3790/3790/3790 3791/3791/3791 3827/3827/3827
f 3791/3791/3791 3828/3828/3828 3827/3827/3827
f 3791/3791/3791 3792/3792/3792 3828/3828/3828
f 3792/3792/3792 3829/3829/3829 3828/3828/3828
f 3792/3792/3792 3793/3793/3793 3829/3829/3829
f 3793/3793/3793 3830/3830/3830 3829/3829/3829
f 3793/3793/3793 3794/3794/3794 3830/3830/3830
f 3794/3794/3794 3831/3831/3831 3830/3830/3830
f 3794/3794/3794 3795/3795/3795 3831/3831/3831
f 3795/3795/3795 3832/3832/3832 3831/3831/3831
f 3795/3795/3795 3796/3796/3796 3832/3832/3832
f 3796/3796/3796 3833/3833/3833 3832/3832/3832
f 3796/3796/3796 3797/3797/3797 3833/3833/3833
f 3797/3797/3797 3834/3834/3834 3833/3833/3833
f 3797/3797/3797 3798/3798/3798 3834/3834/3834
f 3798/3798/3798 3835/3835/3835 3834/3834/3834
f 3798/3798/3798 3799/3799/3799 3835/3835/3835
f 3799/3799/3799 3836/3836/3836 3835/3835/3835
f 3799/3799/3799 3800/3800/3800 3836/3836/3836
f 3800/3800/3800 3837/3837/3837 3836/3836/3836
f 3800/3800/3800 3801/3801/3801 3837/3837/3837
f 3801/3801/3801 3838/3838/3838 3837/3837/3837
f 3801/3801/3801 3802/3802/3802 3838/3838/3838
f 3802/3802/3802 3839/3839/3839 3838/3838/3838
f 3802/3802/3802 3803/3803/3803 3839/3839/3839
f 3803/3803/3803 3840/3840/3840 3839/3839/3839
f 3803/3803/3803 3804/3804/3804 3840/3840/3840
f 3804/3804/3804 3841/3841/3841 3840/3840/3840
f 3804/3804/3804 3805/3805/3805 3841/3841/3841
f 3805/3805/3805 3842/3842/3842 3841/3841/3841
o cylinder_part_5
usemtl part_5
v -0.2431666 -0.09882312 0.35
v -0.244649 -0.1003105 0.3559134
v -0.2455394 -0.1027 0.3616472
v -0.2458108 -0.1059189 0.367027
v -0.2454549 -0.1098696 0.3718895
v -0.2444826 -0.1144319 0.3760869
v -0.2429234 -0.1194673 0.3794917
v -0.2408246 -0.1248227 0.3820003
v -0.2382501 -0.1303354 0.3835367
v -0.235278 -0.1358379 0.384054
v -0.2319988 -0.141163 0.3835367
v -0.2285119 -0.1461489 0.3820003
v -0.2249234 -0.1506442 0.3794917
v -0.2213422 -0.1545122 0.3760869
v -0.2178773 -0.1576354 0.3718895
v -0.2146339 -0.1599189 0.367027
v -0.2117105 -0.1612934 0.3616472
v -0.2091959 -0.161717 0.3559134
v -0.2071666 -0.1611769 0.35
v -0.2056842 -0.1596896 0.3440866
v -0.2047938 -0.1573001 0.3383528
v -0.2045224 -0.1540811 0.3329729
v -0.2048783 -0.1501304 0.3281105
v -0.2058506 -0.1455681 0.3239131
v -0.2074099 -0.1405328 0.3205083
v -0.2095086 -0.1351774 0.3179997
v -0.2120831 -0.1296647 0.3164633
v -0.2150552 -0.1241622 0.3159459
v -0.2183345 -0.118837 0.3164633
v -0.2218214 -0.1138511 0.3179997
v -0.2254099 -0.1093559 0.3205083
v -0.228991 -0.1054879 0.3239131
v -0.2324559 -0.1023646 0.3281105
v -0.2356994 -0.1000811 0.332973
v -0.2386228 -0.09870665 0.3383528
v -0.2411373 -0.09828304 0.3440866
v -0.2431666 -0.09882312 0.35
v -0.8493844 -0.4488232 0.11
v -0.8508667 -0.4503105 0.1159134
v -0.8517572 -0.4527 0.1216472
v -0.8520285 -0.455919 0.127027
v -0.8516726 -0.4598696 0.1318895
v -0.8507004 -0.464432 0.1360869
v -0.8491411 -0.4694673 0.1394917
v -0.8470423 -0.4748227 0.1420003
v -0.8444679 -0.4803354 0.1435367
v -0.8414958 -0.4858379 0.144054
v -0.8382165 -0.491163 0.1435367
v -0.8347297 -0.4961489 0.1420003
v -0.8311411 -0.5006442 0.1394917
v -0.8275599 -0.5045123 0.1360869
v -0.8240951 -0.5076355 0.1318895
v -0.8208516 -0.5099189 0.127027
v -0.8179282 -0.5112934 0.1216472
v -0.8154137 -0.511717 0.1159134
v -0.8133844 -0.5111769 0.11
v -0.811902 -0.5096896 0.1040866
v -0.8110116 -0.5073001 0.0983528
v -0.8107402 -0.5040811 0.09297296
v -0.8110961 -0.5001305 0.08811048
v -0.8120683 -0.4955681 0.08391307
v -0.8136276 -0.4905328 0.08050832
v -0.8157264 -0.4851774 0.07799965
v -0.8183008 -0.4796647 0.0764633
v -0.821273 -0.4741622 0.07594594
v -0.8245522 -0.4688371 0.0764633
v -0.8280391 -0.4638511 0.07799965
v -0.8316276 -0.4593559 0.08050832
v -0.8352088 -0.4554879 0.08391307
v -0.8386737 -0.4523647 0.08811048
v -0.8419171 -0.4500811 0.09297298
v -0.8448405 -0.4487067 0.09835282
v -0.8473551 -0.4482831 0.1040866
v -0.8493844 -0.4488232 0.11
v -0.2251666 -0.13 0.35
v -0.2251666 -0.13 0.35
v -0.2251666 -0.13 0.35
v -0.2251666 -0.13 0.35
v -0.2251666 -0.13 0.35
v -0.2251666 -0.13 0.35
v -0.2251666 -0.13 0.35
v -0.2251666 -0.13 0.35
v -0.2251666 -0.13 0.35
v -0.2251666 -0.13 0.35
v -0.2251666 -0.13 0.35
v -0.2251666 -0.13 0.35
v -0.2251666 -0.13 0.35
v -0.2251666 -0.13 0.35
v -0.2251666 -0.13 0.35
v -0.2251666 -0.13 0.35
v -0.2251666 -0.13 0.35
v -0.2251666 -0.13 0.35
v -0.2251666 -0.13 0.35
v -0.2251666 -0.13 0.35
v -0.2251666 -0.13 0.35
v -0.2251666 -0.13 0.35
v -0.2251666 -0.13 0.35
v -0.2251666 -0.13 0.35
v -0.2251666 -0.13 0.35
v -0.2251666 -0.13 0.35
v -0.2251666 -0.13 0.35
v -0.2251666 -0.13 0.35
v -0.2251666 -0.13 0.35
v -0.2251666 -0.13 0.35
v -0.2251666 -0.13 0.35
v -0.2251666 -0.13 0.35
v -0.2251666 -0.13 0.35
v -0.2251666 -0.13 0.35
v -0.2251666 -0.13 0.35
v -0.2251666 -0.13 0.35
v -0.2251666 -0.13 0.35
v -0.2431666 -0.09882312 0.35
v -0.244649 -0.1003105 0.3559134
v -0.2455394 -0.1027 0.3616472
v -0.2458108 -0.1059189 0.367027
v -0.2454549 -0.1098696 0.3718895
v -0.2444826 -0.1144319 0.3760869
v -0.2429234 -0.1194673 0.3794917
v -0.2408246 -0.1248227 0.3820003
v -0.2382501 -0.1303354 0.3835367
v -0.235278 -0.1358379 0.384054
v -0.2319988 -0.141163 0.3835367
v -0.2285119 -0.1461489 0.3820003
v -0.2249234 -0.1506442 0.3794917
v -0.2213422 -0.1545122 0.3760869
v -0.2178773 -0.1576354 0.3718895
v -0.2146339 -0.1599189 0.367027
v -0.2117105 -0.1612934 0.3616472
v -0.2091959 -0.161717 0.3559134
v -0.2071666 -0.1611769 0.35
v -0.2056842 -0.1596896 0.3440866
v -0.2047938 -0.1573001 0.3383528
v -0.2045224 -0.1540811 0.3329729
v -0.2048783 -0.1501304 0.3281105
v -0.2058506 -0.1455681 0.3239131
v -0.2074099 -0.1405328 0.3205083
v -0.2095086 -0.1351774 0.3179997
v -0.2120831 -0.1296647 0.3164633
v -0.2150552 -0.1241622 0.3159459
v -0.2183345 -0.118837 0.3164633
v -0.2218214 -0.1138511 0.3179997
v -0.2254099 -0.1093559 0.3205083
v -0.228991 -0.1054879 0.3239131
v -0.2324559 -0.1023646 0.3281105
v -0.2356994 -0.1000811 0.332973
v -0.2386228 -0.09870665 0.3383528
v -0.2411373 -0.09828304 0.3440866
v -0.2431666 -0.09882312 0.35
v -0.8313844 -0.48 0.11
v -0.8313844 -0.48 0.11
v -0.8313844 -0.48 0.11
v -0.8313844 -0.48 0.11
v -0.8313844 -0.48 0.11
v -0.8313844 -0.48 0.11
v -0.8313844 -0.48 0.11
v -0.8313844 -0.48 0.11
v -0.8313844 -0.48 0.11
v -0.8313844 -0.48 0.11
v -0.8313844 -0.48 0.11
v -0.8313844 -0.48 0.11
v -0.8313844 -0.48 0.11
v -0.8313844 -0.48 0.11
v -0.8313844 -0.48 0.11
v -0.8313844 -0.48 0.11
v -0.8313844 -0.48 0.11
v -0.8313844 -0.48 0.11
v -0.8313844 -0.48 0.11
v -0.8313844 -0.48 0.11
v -0.8313844 -0.48 0.11
v -0.8313844 -0.48 0.11
v -0.8313844 -0.48 0.11
v -0.8313844 -0.48 0.11
v -0.8313844 -0.48 0.11
v -0.8313844 -0.48 0.11
v -0.8313844 -0.48 0.11
v -0.8313844 -0.48 0.11
v -0.8313844 -0.48 0.11
v -0.8313844 -0.48 0.11
v -0.8313844 -0.48 0.11
v -0.8313844 -0.48 0.11
v -0.8313844 -0.48 0.11
v -0.8313844 -0.48 0.11
v -0.8313844 -0.48 0.11
v -0.8313844 -0.48 0.11
v -0.8313844 -0.48 0.11
v -0.8493844 -0.4488232 0.11
v -0.8508667 -0.4503105 0.1159134
v -0.8517572 -0.4527 0.1216472
v -0.8520285 -0.455919 0.127027
v -0.8516726 -0.4598696 0.1318895
v -0.8507004 -0.464432 0.1360869
v -0.8491411 -0.4694673 0.1394917
v -0.8470423 -0.4748227 0.1420003
v -0.8444679 -0.4803354 0.1435367
v -0.8414958 -0.4858379 0.144054
v -0.8382165 -0.491163 0.1435367
v -0.8347297 -0.4961489 0.1420003
v -0.8311411 -0.5006442 0.1394917
v -0.8275599 -0.5045123 0.1360869
v -0.8240951 -0.5076355 0.1318895
v -0.8208516 -0.5099189 0.127027
v -0.8179282 -0.5112934 0.1216472
v -0.8154137 -0.511717 0.1159134
v -0.8133844 -0.5111769 0.11
v -0.811902 -0.5096896 0.1040866
v -0.8110116 -0.5073001 0.0983528
v -0.8107402 -0.5040811 0.09297296
v -0.8110961 -0.5001305 0.08811048
v -0.8120683 -0.4955681 0.08391307
v -0.8136276 -0.4905328 0.08050832
v -0.8157264 -0.4851774 0.07799965
v -0.8183008 -0.4796647 0.0764633
v -0.821273 -0.4741622 0.07594594
v -0.8245522 -0.4688371 0.0764633
v -0.8280391 -0.4638511 0.07799965
v -0.8316276 -0.4593559 0.08050832
v -0.8352088 -0.4554879 0.08391307
v -0.8386737 -0.4523647 0.08811048
v -0.8419171 -0.4500811 0.09297298
v -0.8448405 -0.4487067 0.09835282
v -0.8473551 -0.4482831 0.1040866
v -0.8493844 -0.4488232 0.11
vt 0 0
vt 0.02777778 0
vt 0.05555556 0
vt 0.08333334 0
vt 0.1111111 0
vt 0.1388889 0
vt 0.1666667 0
vt 0.1944444 0
vt 0.2222222 0
vt 0.25 0
vt 0.2777778 0
vt 0.3055556 0
vt 0.3333333 0
vt 0.3611111 0
vt 0.3888889 0
vt 0.4166667 0
vt 0.4444444 0
vt 0.4722222 0
vt 0.5 0
vt 0.5277778 0
vt 0.5555556 0
vt 0.5833333 0
vt 0.6111111 0
vt 0.6388889 0
vt 0.6666667 0
vt 0.6944444 0
vt 0.7222222 0
vt 0.75 0
vt 0.7777778 0
vt 0.8055556 0
vt 0.8333333 0
vt 0.8611111 0
vt 0.8888889 0
vt 0.9166667 0
vt 0.9444444 0
vt 0.9722222 0
vt 1 0
vt 0 1
vt 0.02777778 1
vt 0.05555556 1
vt 0.08333334 1
vt 0.1111111 1
vt 0.1388889 1
vt 0.1666667 1
vt 0.1944444 1
vt 0.2222222 1
vt 0.25 1
vt 0.2777778 1
vt 0.3055556 1
vt 0.3333333 1
vt 0.3611111 1
vt 0.3888889 1
vt 0.4166667 1
vt 0.4444444 1
vt 0.4722222 1
vt 0.5 1
vt 0.5277778 1
vt 0.5555556 1
vt 0.5833333 1
vt 0.6111111 1
vt 0.6388889 1
vt 0.6666667 1
vt 0.6944444 1
vt 0.7222222 1
vt 0.75 1
vt 0.7777778 1
vt 0.8055556 1
vt 0.8333333 1
vt 0.8611111 1
vt 0.8888889 1
vt 0.9166667 1
vt 0.9444444 1
vt 0.9722222 1
vt 1 1
vt 0 0
vt 0.02777778 0
vt 0.05555556 0
vt 0.08333334 0
vt 0.1111111 0
vt 0.1388889 0
vt 0.1666667 0
vt 0.1944444 0
vt 0.2222222 0
vt 0.25 0
vt 0.2777778 0
vt 0.3055556 0
vt 0.3333333 0
vt 0.3611111 0
vt 0.3888889 0
vt 0.4166667 0
vt 0.4444444 0
vt 0.4722222 0
vt 0.5 0
vt 0.5277778 0
vt 0.5555556 0
vt 0.5833333 0
vt 0.6111111 0
vt 0.6388889 0
vt 0.6666667 0
vt 0.6944444 0
vt 0.7222222 0
vt 0.75 0
vt 0.7777778 0
vt 0.8055556 0
vt 0.8333333 0
vt 0.8611111 0
vt 0.8888889 0
vt 0.9166667 0
vt 0.9444444 0
vt 0.9722222 0
vt 1 0
vt 0 1
vt 0.02777778 1
vt 0.05555556 1
vt 0.08333334 1
vt 0.1111111 1
vt 0.1388889 1
vt 0.1666667 1
vt 0.1944444 1
vt 0.2222222 1
vt 0.25 1
vt 0.2777778 1
vt 0.3055556 1
vt 0.3333333 1
vt 0.3611111 1
vt 0.3888889 1
vt 0.4166667 1
vt 0.4444444 1
vt 0.4722222 1
vt 0.5 1
vt 0.5277778 1
vt 0.5555556 1
vt 0.5833333 1
vt 0.6111111 1
vt 0.6388889 1
vt 0.6666667 1
vt 0.6944444 1
vt 0.7222222 1
vt 0.75 1
vt 0.7777778 1
vt 0.8055556 1
vt 0.8333333 1
vt 0.8611111 1
vt 0.8888889 1
vt 0.9166667 1
vt 0.9444444 1
vt 0.9722222 1
vt 1 1
vt 0 0
vt 0.02777778 0
vt 0.05555556 0
vt 0.08333334 0
vt 0.1111111 0
vt 0.1388889 0
vt 0.1666667 0
vt 0.1944444 0
vt 0.2222222 0
vt 0.25 0
vt 0.2777778 0
vt 0.3055556 0
vt 0.3333333 0
vt 0.3611111 0
vt 0.3888889 0
vt 0.4166667 0
vt 0.4444444 0
vt 0.4722222 0
vt 0.5 0
vt 0.5277778 0
vt 0.5555556 0
vt 0.5833333 0
vt 0.6111111 0
vt 0.6388889 0
vt 0.6666667 0
vt 0.6944444 0
vt 0.7222222 0
vt 0.75 0
vt 0.7777778 0
vt 0.8055556 0
vt 0.8333333 0
vt 0.8611111 0
vt 0.8888889 0
vt 0.9166667 0
vt 0.9444444 0
vt 0.9722222 0
vt 1 0
vt 0 1
vt 0.02777778 1
vt 0.05555556 1
vt 0.08333334 1
vt 0.1111111 1
vt 0.1388889 1
vt 0.1666667 1
vt 0.1944444 1
vt 0.2222222 1
vt 0.25 1
vt 0.2777778 1
vt 0.3055556 1
vt 0.3333333 1
vt 0.3611111 1
vt 0.3888889 1
vt 0.4166667 1
vt 0.4444444 1
vt 0.4722222 1
vt 0.5 1
vt 0.5277778 1
vt 0.5555556 1
vt 0.5833333 1
vt 0.6111111 1
vt 0.6388889 1
vt 0.6666667 1
vt 0.6944444 1
vt 0.7222222 1
vt 0.75 1
vt 0.7777778 1
vt 0.8055556 1
vt 0.8333333 1
vt 0.8611111 1
vt 0.8888889 1
vt 0.9166667 1
vt 0.9444444 1
vt 0.9722222 1
vt 1 1
vn -0.5000001 0.8660254 0
vn -0.5411795 0.8247052 0.1642742
vn -0.5659103 0.7583363 0.3235298
vn -0.5734492 0.6689106 0.4729849
vn -0.5635641 0.5591785 0.6080419
vn -0.536555 0.4324464 0.724637
vn -0.4932441 0.2925786 0.8192118
vn -0.4349403 0.1438059 0.888902
vn -0.3634234 -0.009328119 0.9315774
vn -0.2808731 -0.1621622 0.945946
vn -0.1897893 -0.310071 0.9315771
vn -0.0929138 -0.4485948 0.8888924
vn 0.006753924 -0.5734459 0.8192155
vn 0.1062322 -0.6808934 0.724637
vn 0.2024871 -0.7676551 0.6080334
vn 0.2925786 -0.8310825 0.472969
vn 0.3737811 -0.8692601 0.3235347
vn 0.4436396 -0.8810275 0.1642392
vn 0.5000001 -0.8660254 -0
vn 0.5411821 -0.8247011 -0.1642866
vn 0.5659111 -0.7583327 -0.323537
vn 0.5734493 -0.6689178 -0.4729745
vn 0.5635654 -0.5591871 -0.6080328
vn 0.5365499 -0.4324272 -0.7246523
vn 0.4932415 -0.2925711 -0.8192161
vn 0.4349483 -0.1438245 -0.888895
vn 0.3634322 0.009310727 -0.9315742
vn 0.2808731 0.1621622 -0.945946
vn 0.1897893 0.310071 -0.9315771
vn 0.09292151 0.4485845 -0.8888968
vn -0.006757822 0.5734505 -0.8192123
vn -0.1062436 0.6809048 -0.7246247
vn -0.2024813 0.7676504 -0.6080412
vn -0.2925752 0.8310806 -0.4729745
vn -0.3737811 0.8692601 -0.3235347
vn -0.4436291 0.8810277 -0.1642661
vn -0.5000001 0.8660254 0
vn -0.5000001 0.8660254 0
vn -0.5411795 0.8247052 0.1642742
vn -0.5659103 0.7583363 0.3235298
vn -0.5734492 0.6689106 0.4729849
vn -0.5635641 0.5591785 0.6080418
vn -0.536555 0.4324464 0.724637
vn -0.4932441 0.2925785 0.8192118
vn -0.4349403 0.1438058 0.888902
vn -0.3634234 -0.009328119 0.9315774
vn -0.2808731 -0.1621622 0.945946
vn -0.1897893 -0.310071 0.9315771
vn -0.09291381 -0.4485948 0.8888924
vn 0.006753924 -0.5734459 0.8192155
vn 0.1062322 -0.6808935 0.724637
vn 0.2024871 -0.7676551 0.6080334
vn 0.2925786 -0.8310825 0.4729689
vn 0.3737811 -0.8692601 0.3235346
vn 0.4436396 -0.8810275 0.1642392
vn 0.5000001 -0.8660254 -0
vn 0.5411821 -0.8247011 -0.1642866
vn 0.5659111 -0.7583327 -0.323537
vn 0.5734493 -0.6689178 -0.4729745
vn 0.5635654 -0.5591871 -0.6080328
vn 0.5365499 -0.4324272 -0.7246522
vn 0.4932415 -0.2925711 -0.8192161
vn 0.4349484 -0.1438245 -0.8888951
vn 0.3634322 0.009310745 -0.9315742
vn 0.2808731 0.1621622 -0.945946
vn 0.1897893 0.310071 -0.9315771
vn 0.09292151 0.4485845 -0.8888968
vn -0.006757822 0.5734505 -0.8192123
vn -0.1062436 0.6809048 -0.7246247
vn -0.2024813 0.7676504 -0.6080413
vn -0.2925752 0.8310806 -0.4729745
vn -0.3737811 0.8692601 -0.3235346
vn -0.4436291 0.8810277 -0.1642661
vn -0.5000001 0.8660254 0
vn 0.8192132 0.472973 0.3243243
vn 0.8192132 0.472973 0.3243243
vn 0.8192132 0.472973 0.3243243
vn 0.8192132 0.472973 0.3243243
vn 0.8192132 0.472973 0.3243243
vn 0.8192132 0.472973 0.3243243
vn 0.8192132 0.472973 0.3243243
vn 0.8192132 0.472973 0.3243243
vn 0.8192132 0.472973 0.3243243
vn 0.8192132 0.472973 0.3243243
vn 0.8192132 0.472973 0.3243243
vn 0.8192132 0.472973 0.3243243
vn 0.8192132 0.472973 0.3243243
vn 0.8192132 0.472973 0.3243243
vn 0.8192132 0.472973 0.3243243
vn 0.8192132 0.472973 0.3243243
vn 0.8192132 0.472973 0.3243243
vn 0.8192132 0.472973 0.3243243
vn 0.8192132 0.472973 0.3243243
vn 0.8192132 0.472973 0.3243243
vn 0.8192132 0.472973 0.3243243
vn 0.8192132 0.472973 0.3243243
vn 0.8192132 0.472973 0.3243243
vn 0.8192132 0.472973 0.3243243
vn 0.8192132 0.472973 0.3243243
vn 0.8192132 0.472973 0.3243243
vn 0.8192132 0.472973 0.3243243
vn 0.8192132 0.472973 0.3243243
vn 0.8192132 0.472973 0.3243243
vn 0.8192132 0.472973 0.3243243
vn 0.8192132 0.472973 0.3243243
vn 0.8192132 0.472973 0.3243243
vn 0.8192132 0.472973 0.3243243
vn 0.8192132 0.472973 0.3243243
vn 0.8192132 0.472973 0.3243243
vn 0.8192132 0.472973 0.3243243
vn 0.8192132 0.472973 0.3243243
vn 0.8192132 0.472973 0.3243243
vn 0.8192132 0.472973 0.3243243
vn 0.8192132 0.472973 0.3243243
vn 0.8192132 0.472973 0.3243243
vn 0.8192132 0.472973 0.3243243
vn 0.8192132 0.472973 0.3243243
vn 0.8192132 0.472973 0.3243243
vn 0.8192132 0.472973 0.3243243
vn 0.8192132 0.472973 0.3243243
vn 0.8192132 0.472973 0.3243243
vn 0.8192132 0.472973 0.3243243
vn 0.8192132 0.472973 0.3243243
vn 0.8192132 0.472973 0.3243243
vn 0.8192132 0.472973 0.3243243
vn 0.8192132 0.472973 0.3243243
vn 0.8192132 0.472973 0.3243243
vn 0.8192132 0.472973 0.3243243
vn 0.8192132 0.472973 0.3243243
vn 0.8192132 0.472973 0.3243243
vn 0.8192132 0.472973 0.3243243
vn 0.8192132 0.472973 0.3243243
vn 0.8192132 0.472973 0.3243243
vn 0.8192132 0.472973 0.3243243
vn 0.8192132 0.472973 0.3243243
vn 0.8192132 0.472973 0.3243243
vn 0.8192132 0.472973 0.3243243
vn 0.8192132 0.472973 0.3243243
vn 0.8192132 0.472973 0.3243243
vn 0.8192132 0.472973 0.3243243
vn 0.8192132 0.472973 0.3243243
vn 0.8192132 0.472973 0.3243243
vn 0.8192132 0.472973 0.3243243
vn 0.8192132 0.472973 0.3243243
vn 0.8192132 0.472973 0.3243243
vn 0.8192132 0.472973 0.3243243
vn 0.8192132 0.472973 0.3243243
vn 0.8192132 0.472973 0.3243243
vn -0.8192132 -0.472973 -0.3243243
vn -0.8192132 -0.472973 -0.3243243
vn -0.8192132 -0.472973 -0.3243243
vn -0.8192132 -0.472973 -0.3243243
vn -0.8192132 -0.472973 -0.3243243
vn -0.8192132 -0.472973 -0.3243243
vn -0.8192132 -0.472973 -0.3243243
vn -0.8192132 -0.472973 -0.3243243
vn -0.8192132 -0.472973 -0.3243243
vn -0.8192132 -0.472973 -0.3243243
vn -0.8192132 -0.472973 -0.3243243
vn -0.8192132 -0.472973 -0.3243243
vn -0.8192132 -0.472973 -0.3243243
vn -0.8192132 -0.472973 -0.3243243
vn -0.8192132 -0.472973 -0.3243243
vn -0.8192132 -0.472973 -0.3243243
vn -0.8192132 -0.472973 -0.3243243
vn -0.8192132 -0.472973 -0.3243243
vn -0.8192132 -0.472973 -0.3243243
vn -0.8192132 -0.472973 -0.3243243
vn -0.8192132 -0.472973 -0.3243243
vn -0.8192132 -0.472973 -0.3243243
vn -0.8192132 -0.472973 -0.3243243
vn -0.8192132 -0.472973 -0.3243243
vn -0.8192132 -0.472973 -0.3243243
vn -0.8192132 -0.472973 -0.3243243
vn -0.8192132 -0.472973 -0.3243243
vn -0.8192132 -0.472973 -0.3243243
vn -0.8192132 -0.472973 -0.3243243
vn -0.8192132 -0.472973 -0.3243243
vn -0.8192132 -0.472973 -0.3243243
vn -0.8192132 -0.472973 -0.3243243
vn -0.8192132 -0.472973 -0.3243243
vn -0.8192132 -0.472973 -0.3243243
vn -0.8192132 -0.472973 -0.3243243
vn -0.8192132 -0.472973 -0.3243243
vn -0.8192132 -0.472973 -0.3243243
vn -0.8192132 -0.472973 -0.3243243
vn -0.8192132 -0.472973 -0.3243243
vn -0.8192132 -0.472973 -0.3243243
vn -0.8192132 -0.472973 -0.3243243
vn -0.8192132 -0.472973 -0.3243243
vn -0.8192132 -0.472973 -0.3243243
vn -0.8192132 -0.472973 -0.3243243
vn -0.8192132 -0.472973 -0.3243243
vn -0.8192132 -0.472973 -0.3243243
vn -0.8192132 -0.472973 -0.3243243
vn -0.8192132 -0.472973 -0.3243243
vn -0.8192132 -0.472973 -0.3243243
vn -0.8192132 -0.472973 -0.3243243
vn -0.8192132 -0.472973 -0.3243243
vn -0.8192132 -0.472973 -0.3243243
vn -0.8192132 -0.472973 -0.3243243
vn -0.8192132 -0.472973 -0.3243243
vn -0.8192132 -0.472973 -0.3243243
vn -0.8192132 -0.472973 -0.3243243
vn -0.8192132 -0.472973 -0.3243243
vn -0.8192132 -0.472973 -0.3243243
vn -0.8192132 -0.472973 -0.3243243
vn -0.8192132 -0.472973 -0.3243243
vn -0.8192132 -0.472973 -0.3243243
vn -0.8192132 -0.472973 -0.3243243
vn -0.8192132 -0.472973 -0.3243243
vn -0.8192132 -0.472973 -0.3243243
vn -0.8192132 -0.472973 -0.3243243
vn -0.8192132 -0.472973 -0.3243243
vn -0.8192132 -0.472973 -0.3243243
vn -0.8192132 -0.472973 -0.3243243
vn -0.8192132 -0.472973 -0.3243243
vn -0.8192132 -0.472973 -0.3243243
vn -0.8192132 -0.472973 -0.3243243
vn -0.8192132 -0.472973 -0.3243243
vn -0.8192132 -0.472973 -0.3243243
vn -0.8192132 -0.472973 -0.3243243
f 3843/3843/3843 3880/3880/3880 3844/3844/3844
f 3844/3844/3844 3880/3880/3880 3881/3881/3881
f 3844/3844/3844 3881/3881/3881 3845/3845/3845
f 3845/3845/3845 3881/3881/3881 3882/3882/3882
f 3845/3845/3845 3882/3882/3882 3846/3846/3846
f 3846/3846/3846 3882/3882/3882 3883/3883/3883
f 3846/3846/3846 3883/3883/3883 3847/3847/3847
f 3847/3847/3847 3883/3883/3883 3884/3884/3884
f 3847/3847/3847 3884/3884/3884 3848/3848/3848
f 3848/3848/3848 3884/3884/3884 3885/3885/3885
f 3848/3848/3848 3885/3885/3885 3849/3849/3849
f 3849/3849/3849 3885/3885/3885 3886/3886/3886
f 3849/3849/3849 3886/3886/3886 3850/3850/3850
f 3850/3850/3850 3886/3886/3886 3887/3887/3887
f 3850/3850/3850 3887/3887/3887 3851/3851/3851
f 3851/3851/3851 3887/3887/3887 3888/3888/3888
f 3851/3851/3851 3888/3888/3888 3852/3852/3852
f 3852/3852/3852 3888/3888/3888 3889/3889/3889
f 3852/3852/3852 3889/3889/3889 3853/3853/3853
f 3853/3853/3853 3889/3889/3889 3890/3890/3890
f 3853/3853/3853 3890/3890/3890 3854/3854/3854
f 3854/3854/3854 3890/3890/3890 3891/3891/3891
f 3854/3854/3854 3891/3891/3891 3855/3855/3855
f 3855/3855/3855 3891/3891/3891 3892/3892/3892
f 3855/3855/3855 3892/3892/3892 3856/3856/3856
f 3856/3856/3856 3892/3892/3892 3893/3893/3893
f 3856/3856/3856 3893/3893/3893 3857/3857/3857
f 3857/3857/3857 3893/3893/3893 3894/3894/3894
f 3857/3857/3857 3894/3894/3894 3858/3858/3858
f 3858/3858/3858 3894/3894/3894 3895/3895/3895
f 3858/3858/3858 3895/3895/3895 3859/3859/3859
f 3859/3859/3859 3895/3895/3895 3896/3896/3896
f 3859/3859/3859 3896/3896/3896 3860/3860/3860
f 3860/3860/3860 3896/3896/3896 3897/3897/3897
f 3860/3860/3860 3897/3897/3897 3861/3861/3861
f 3861/3861/3861 3897/3897/3897 3898/3898/3898
f 3861/3861/3861 3898/3898/3898 3862/3862/3862
f 3862/3862/3862 3898/3898/3898 3899/3899/3899
f 3862/3862/3862 3899/3899/3899 3863/3863/3863
f 3863/3863/3863 3899/3899/3899 3900/3900/3900
f 3863/3863/3863 3900/3900/3900 3864/3864/3864
f 3864/3864/3864 3900/3900/3900 3901/3901/3901
f 3864/3864/3864 3901/3901/3901 3865/3865/3865
f 3865/3865/3865 3901/3901/3901 3902/3902/3902
f 3865/3865/3865 3902/3902/3902 3866/3866/3866
f 3866/3866/3866 3902/3902/3902 3903/3903/3903
f 3866/3866/3866 3903/3903/3903 3867/3867/3867
f 3867/3867/3867 3903/3903/3903 3904/3904/3904
f 3867/3867/3867 3904/3904/3904 3868/3868/3868
f 3868/3868/3868 3904/3904/3904 3905/3905/3905
f 3868/3868/3868 3905/3905/3905 3869/3869/3869
f 3869/3869/3869 3905/3905/3905 3906/3906/3906
f 3869/3869/3869 3906/3906/3906 3870/3870/3870
f 3870/3870/3870 3906/3906/3906 3907/3907/3907
f 3870/3870/3870 3907/3907/3907 3871/3871/3871
f 3871/3871/3871 3907/3907/3907 3908/3908/3908
f 3871/3871/3871 3908/3908/3908 3872/3872/3872
f 3872/3872/3872 3908/3908/3908 3909/3909/3909
f 3872/3872/3872 3909/3909/3909 3873/3873/3873
f 3873/3873/3873 3909/3909/3909 3910/3910/3910
f 3873/3873/3873 3910/3910/3910 3874/3874/3874
f 3874/3874/3874 3910/3910/3910 3911/3911/3911
f 3874/3874/3874 3911/3911/3911 3875/3875/3875
f 3875/3875/3875 3911/3911/3911 3912/3912/3912
f 3875/3875/3875 3912/3912/3912 3876/3876/3876
f 3876/3876/3876 3912/3912/3912 3913/3913/3913
f 3876/3876/3876 3913/3913/3913 3877/3877/3877
f 3877/3877/3877 3913/3913/3913 3914/3914/3914
f 3877/3877/3877 3914/3914/3914 3878/3878/3878
f 3878/3878/3878 3914/3914/3914 3915/3915/3915
f 3878/3878/3878 3915/3915/3915 3879/3879/3879
f 3879/3879/3879 3915/3915/3915 3916/3916/3916
f 3917/3917/3917 3954/3954/3954 3918/3918/3918
f 3918/3918/3918 3954/3954/3954 3955/3955/3955
f 3918/3918/3918 3955/3955/3955 3919/3919/3919
f 3919/3919/3919 3955/3955/3955 3956/3956/3956
f 3919/3919/3919 3956/3956/3956 3920/3920/3920
f 3920/3920/3920 3956/3956/3956 3957/3957/3957
f 3920/3920/3920 3957/3957/3957 3921/3921/3921
f 3921/3921/3921 3957/3957/3957 3958/3958/3958
f 3921/3921/3921 3958/3958/3958 3922/3922/3922
f 3922/3922/3922 3958/3958/3958 3959/3959/3959
f 3922/3922/3922 3959/3959/3959 3923/3923/3923
f 3923/3923/3923 3959/3959/3959 3960/3960/3960
f 3923/3923/3923 3960/3960/3960 3924/3924/3924
f 3924/3924/3924 3960/3960/3960 3961/3961/3961
f 3924/3924/3924 3961/3961/3961 3925/3925/3925
f 3925/3925/3925 3961/3961/3961 3962/3962/3962
f 3925/3925/3925 3962/3962/3962 3926/3926/3926
f 3926/3926/3926 3962/3962/3962 3963/3963/3963
f 3926/3926/3926 3963/3963/3963 3927/3927/3927
f 3927/3927/3927 3963/3963/3963 3964/3964/3964
f 3927/3927/3927 3964/3964/3964 3928/3928/3928
f 3928/3928/3928 3964/3964/3964 3965/3965/3965
f 3928/3928/3928 3965/3965/3965 3929/3929/3929
f 3929/3929/3929 3965/3965/3965 3966/3966/3966
f 3929/3929/3929 3966/3966/3966 3930/3930/3930
f 3930/3930/3930 3966/3966/3966 3967/3967/3967
f 3930/3930/3930 3967/3967/3967 3931/3931/3931
f 3931/3931/3931 3967/3967/3967 3968/3968/3968
f 3931/3931/3931 3968/3968/3968 3932/3932/3932
f 3932/3932/3932 3968/3968/3968 3969/3969/3969
f 3932/3932/3932 3969/3969/3969 3933/3933/3933
f 3933/3933/3933 3969/3969/3969 3970/3970/3970
f 3933/3933/3933 3970/3970/3970 3934/3934/3934
f 3934/3934/3934 3970/3970/3970 3971/3971/3971
f 3934/3934/3934 3971/3971/3971 3935/3935/3935
f 3935/3935/3935 3971/3971/3971 3972/3972/3972
f 3935/3935/3935 3972/3972/3972 3936/3936/3936
f 3936/3936/3936 3972/3972/3972 3973/3973/3973
f 3936/3936/3936 3973/3973/3973 3937/3937/3937
f 3937/3937/3937 3973/3973/3973 3974/3974/3974
f 3937/3937/3937 3974/3974/3974 3938/3938/3938
f 3938/3938/3938 3974/3974/3974 3975/3975/3975
f 3938/3938/3938 3975/3975/3975 3939/3939/3939
f 3939/3939/3939 3975/3975/3975 3976/3976/3976
f 3939/3939/3939 3976/3976/3976 3940/3940/3940
f 3940/3940/3940 3976/3976/3976 3977/3977/3977
f 3940/3940/3940 3977/3977/3977 3941/3941/3941
f 3941/3941/3941 3977/3977/3977 3978/3978/3978
f 3941/3941/3941 3978/3978/3978 3942/3942/3942
f 3942/3942/3942 3978/3978/3978 3979/3979/3979
f 3942/3942/3942 3979/3979/3979 3943/3943/3943
f 3943/3943/3943 3979/3979/3979 3980/3980/3980
f 3943/3943/3943 3980/3980/3980 3944/3944/3944
f 3944/3944/3944 3980/3980/3980 3981/3981/3981
f 3944/3944/3944 3981/3981/3981 3945/3945/3945
f 3945/3945/3945 3981/3981/3981 3982/3982/3982
f 3945/3945/3945 3982/3982/3982 3946/3946/3946
f 3946/3946/3946 3982/3982/3982 3983/3983/3983
f 3946/3946/3946 3983/3983/3983 3947/3947/3947
f 3947/3947/3947 3983/3983/3983 3984/3984/3984
f 3947/3947/3947 3984/3984/3984 3948/3948/3948
f 3948/3948/3948 3984/3984/3984 3985/3985/3985
f 3948/3948/3948 3985/3985/3985 3949/3949/3949
f 3949/3949/3949 3985/3985/3985 3986/3986/3986
f 3949/3949/3949 3986/3986/3986 3950/3950/3950
f 3950/3950/3950 3986/3986/3986 3987/3987/3987
f 3950/3950/3950 3987/3987/3987 3951/3951/3951
f 3951/3951/3951 3987/3987/3987 3988/3988/3988
f 3951/3951/3951 3988/3988/3988 3952/3952/3952
f 3952/3952/3952 3988/3988/3988 3989/3989/3989
f 3952/3952/3952 3989/3989/3989 3953/3953/3953
f 3953/3953/3953 3989/3989/3989 3990/3990/3990
f 3991/3991/3991 3992/3992/3992 4028/4028/4028
f 3992/3992/3992 4029/4029/4029 4028/4028/4028
f 3992/3992/3992 3993/3993/3993 4029/4029/4029
f 3993/3993/3993 4030/4030/4030 4029/4029/4029
f 3993/3993/3993 3994/3994/3994 4030/4030/4030
f 3994/3994/3994 4031/4031/4031 4030/4030/4030
f 3994/3994/3994 3995/3995/3995 4031/4031/4031
f 3995/3995/3995 4032/4032/4032 4031/4031/4031
f 3995/3995/3995 3996/3996/3996 4032/4032/4032
f 3996/3996/3996 4033/4033/4033 4032/4032/4032
f 3996/3996/3996 3997/3997/3997 4033/4033/4033
f 3997/3997/3997 4034/4034/4034 4033/4033/4033
f 3997/3997/3997 3998/3998/3998 4034/4034/4034
f 3998/3998/3998 4035/4035/4035 4034/4034/4034
f 3998/3998/3998 3999/3999/3999 4035/4035/4035
f 3999/3999/3999 4036/4036/4036 4035/4035/4035
f 3999/3999/3999 4000/4000/4000 4036/4036/4036
f 4000/4000/4000 4037/4037/4037 4036/4036/4036
f 4000/4000/4000 4001/4001/4001 4037/4037/4037
f 4001/4001/4001 4038/4038/4038 4037/4037/4037
f 4001/4001/4001 4002/4002/4002 4038/4038/4038
f 4002/4002/4002 4039/4039/4039 4038/4038/4038
f 4002/4002/4002 4003/4003/4003 4039/4039/4039
f 4003/4003/4003 4040/4040/4040 4039/4039/4039
f 4003/4003/4003 4004/4004/4004 4040/4040/4040
f 4004/4004/4004 4041/4041/4041 4040/4040/4040
f 4004/4004/4004 4005/4005/4005 4041/4041/4041
f 4005/4005/4005 4042/4042/4042 4041/4041/4041
f 4005/4005/4005 4006/4006/4006 4042/4042/4042
f 4006/4006/4006 4043/4043/4043 4042/4042/4042
f 4006/4006/4006 4007/4007/4007 4043/4043/4043
f 4007/4007/4007 4044/4044/4044 4043/4043/4043
f 4007/4007/4007 4008/4008/4008 4044/4044/4044
f 4008/4008/4008 4045/4045/4045 4044/4044/4044
f 4008/4008/4008 4009/4009/4009 4045/4045/4045
f 4009/4009/4009 4046/4046/4046 4045/4045/4045
f 4009/4009/4009 4010/4010/4010 4046/4046/4046
f 4010/4010/4010 4047/4047/4047 4046/4046/4046
f 4010/4010/4010 4011/4011/4011 4047/4047/4047
f 4011/4011/4011 4048/4048/4048 4047/4047/4047
f 4011/4011/4011 4012/4012/4012 4048/4048/4048
f 4012/4012/4012 4049/4049/4049 4048/4048/4048
f 4012/4012/4012 4013/4013/4013 4049/4049/4049
f 4013/4013/4013 4050/4050/4050 4049/4049/4049
f 4013/4013/4013 4014/4014/4014 4050/4050/4050
f 4014/4014/4014 4051/4051/4051 4050/4050/4050
f 4014/4014/4014 4015/4015/4015 4051/4051/4051
f 4015/4015/4015 4052/4052/4052 4051/4051/4051
f 4015/4015/4015 4016/4016/4016 4052/4052/4052
f 4016/4016/4016 4053/4053/4053 4052/4052/4052
f 4016/4016/4016 4017/4017/4017 4053/4053/4053
f 4017/4017/4017 4054/4054/4054 4053/4053/4053
f 4017/4017/4017 4018/4018/4018 4054/4054/4054
f 4018/4018/4018 4055/4055/4055 4054/4054/4054
f 4018/4018/4018 4019/4019/4019 4055/4055/4055
f 4019/4019/4019 4056/4056/4056 4055/4055/4055
f 4019/4019/4019 4020/4020/4020 4056/4056/4056
f 4020/4020/4020 4057/4057/4057 4056/4056/4056
f 4020/4020/4020 4021/4021/4021 4057/4057/4057
f 4021/4021/4021 4058/4058/4058 4057/4057/4057
f 4021/4021/4021 4022/4022/4022 4058/4058/4058
f 4022/4022/4022 4059/4059/4059 4058/4058/4058
f 4022/4022/4022 4023/4023/4023 4059/4059/4059
f 4023/4023/4023 4060/4060/4060 4059/4059/4059
f 4023/4023/4023 4024/4024/4024 4060/4060/4060
f 4024/4024/4024 4061/4061/4061 4060/4060/4060
f 4024/4024/4024 4025/4025/4025 4061/4061/4061
f 4025/4025/4025 4062/4062/4062 4061/4061/4061
f 4025/4025/4025 4026/4026/4026 4062/4062/4062
f 4026/4026/4026 4063/4063/4063 4062/4062/4062
f 4026/4026/4026 4027/4027/4027 4063/4063/4063
f 4027/4027/4027 4064/4064/4064 4063/4063/4063
o cylinder_part_6
usemtl part_6
v 0.2071666 -0.1611769 0.35
v 0.2091959 -0.161717 0.3559134
v 0.2117105 -0.1612933 0.3616472
v 0.2146339 -0.1599189 0.367027
v 0.2178774 -0.1576354 0.3718895
v 0.2213423 -0.1545122 0.3760869
v 0.2249234 -0.1506442 0.3794917
v 0.2285119 -0.1461489 0.3820003
v 0.2319988 -0.1411629 0.3835367
v 0.2352781 -0.1358378 0.384054
v 0.2382501 -0.1303353 0.3835367
v 0.2408246 -0.1248226 0.3820003
v 0.2429234 -0.1194672 0.3794917
v 0.2444826 -0.1144319 0.3760869
v 0.2454549 -0.1098696 0.3718895
v 0.2458108 -0.1059189 0.367027
v 0.2455394 -0.1026999 0.3616472
v 0.244649 -0.1003104 0.3559134
v 0.2431667 -0.09882307 0.35
v 0.2411374 -0.09828299 0.3440866
v 0.2386228 -0.0987066 0.3383528
v 0.2356994 -0.1000811 0.3329729
v 0.2324559 -0.1023646 0.3281105
v 0.228991 -0.1054878 0.3239131
v 0.2254099 -0.1093558 0.3205083
v 0.2218214 -0.1138511 0.3179997
v 0.2183345 -0.118837 0.3164633
v 0.2150552 -0.1241621 0.3159459
v 0.2120832 -0.1296647 0.3164633
v 0.2095087 -0.1351774 0.3179997
v 0.2074099 -0.1405327 0.3205083
v 0.2058507 -0.1455681 0.3239131
v 0.2048784 -0.1501304 0.3281105
v 0.2045225 -0.1540811 0.332973
v 0.2047939 -0.1573 0.3383528
v 0.2056843 -0.1596895 0.3440866
v 0.2071666 -0.1611769 0.35
v 0.8133844 -0.5111768 0.11
v 0.8154137 -0.5117169 0.1159134
v 0.8179283 -0.5112933 0.1216472
v 0.8208517 -0.5099188 0.127027
v 0.8240951 -0.5076353 0.1318895
v 0.8275601 -0.5045121 0.1360869
v 0.8311412 -0.5006441 0.1394917
v 0.8347297 -0.4961488 0.1420003
v 0.8382166 -0.4911629 0.1435367
v 0.8414959 -0.4858378 0.144054
v 0.8444679 -0.4803352 0.1435367
v 0.8470424 -0.4748226 0.1420003
v 0.8491412 -0.4694672 0.1394917
v 0.8507004 -0.4644318 0.1360869
v 0.8516728 -0.4598695 0.1318895
v 0.8520286 -0.4559188 0.127027
v 0.8517572 -0.4526998 0.1216472
v 0.8508668 -0.4503104 0.1159134
v 0.8493844 -0.448823 0.11
v 0.8473551 -0.4482829 0.1040866
v 0.8448406 -0.4487065 0.0983528
v 0.8419172 -0.450081 0.09297296
v 0.8386737 -0.4523645 0.08811048
v 0.8352088 -0.4554877 0.08391307
v 0.8316277 -0.4593558 0.08050832
v 0.8280392 -0.463851 0.07799965
v 0.8245523 -0.468837 0.0764633
v 0.821273 -0.4741621 0.07594594
v 0.818301 -0.4796646 0.0764633
v 0.8157265 -0.4851773 0.07799965
v 0.8136277 -0.4905326 0.08050832
v 0.8120685 -0.495568 0.08391307
v 0.8110962 -0.5001304 0.08811048
v 0.8107402 -0.504081 0.09297298
v 0.8110117 -0.5073 0.09835282
v 0.811902 -0.5096895 0.1040866
v 0.8133844 -0.5111768 0.11
v 0.2251666 -0.13 0.35
v 0.2251666 -0.13 0.35
v 0.2251666 -0.13 0.35
v 0.2251666 -0.13 0.35
v 0.2251666 -0.13 0.35
v 0.2251666 -0.13 0.35
v 0.2251666 -0.13 0.35
v 0.2251666 -0.13 0.35
v 0.2251666 -0.13 0.35
v 0.2251666 -0.13 0.35
v 0.2251666 -0.13 0.35
v 0.2251666 -0.13 0.35
v 0.2251666 -0.13 0.35
v 0.2251666 -0.13 0.35
v 0.2251666 -0.13 0.35
v 0.2251666 -0.13 0.35
v 0.2251666 -0.13 0.35
v 0.2251666 -0.13 0.35
v 0.2251666 -0.13 0.35
v 0.2251666 -0.13 0.35
v 0.2251666 -0.13 0.35
v 0.2251666 -0.13 0.35
v 0.2251666 -0.13 0.35
v 0.2251666 -0.13 0.35
v 0.2251666 -0.13 0.35
v 0.2251666 -0.13 0.35
v 0.2251666 -0.13 0.35
v 0.2251666 -0.13 0.35
v 0.2251666 -0.13 0.35
v 0.2251666 -0.13 0.35
v 0.2251666 -0.13 0.35
v 0.2251666 -0.13 0.35
v 0.2251666 -0.13 0.35
v 0.2251666 -0.13 0.35
v 0.2251666 -0.13 0.35
v 0.2251666 -0.13 0.35
v 0.2251666 -0.13 0.35
v 0.2071666 -0.1611769 0.35
v 0.2091959 -0.161717 0.3559134
v 0.2117105 -0.1612933 0.3616472
v 0.2146339 -0.1599189 0.367027
v 0.2178774 -0.1576354 0.3718895
v 0.2213423 -0.1545122 0.3760869
v 0.2249234 -0.1506442 0.3794917
v 0.2285119 -0.1461489 0.3820003
v 0.2319988 -0.1411629 0.3835367
v 0.2352781 -0.1358378 0.384054
v 0.2382501 -0.1303353 0.3835367
v 0.2408246 -0.1248226 0.3820003
v 0.2429234 -0.1194672 0.3794917
v 0.2444826 -0.1144319 0.3760869
v 0.2454549 -0.1098696 0.3718895
v 0.2458108 -0.1059189 0.367027
v 0.2455394 -0.1026999 0.3616472
v 0.244649 -0.1003104 0.3559134
v 0.2431667 -0.09882307 0.35
v 0.2411374 -0.09828299 0.3440866
v 0.2386228 -0.0987066 0.3383528
v 0.2356994 -0.1000811 0.3329729
v 0.2324559 -0.1023646 0.3281105
v 0.228991 -0.1054878 0.3239131
v 0.2254099 -0.1093558 0.3205083
v 0.2218214 -0.1138511 0.3179997
v 0.2183345 -0.118837 0.3164633
v 0.2150552 -0.1241621 0.3159459
v 0.2120832 -0.1296647 0.3164633
v 0.2095087 -0.1351774 0.3179997
v 0.2074099 -0.1405327 0.3205083
v 0.2058507 -0.1455681 0.3239131
v 0.2048784 -0.1501304 0.3281105
v 0.2045225 -0.1540811 0.332973
v 0.2047939 -0.1573 0.3383528
v 0.2056843 -0.1596895 0.3440866
v 0.2071666 -0.1611769 0.35
v 0.8313844 -0.4799999 0.11
v 0.8313844 -0.4799999 0.11
v 0.8313844 -0.4799999 0.11
v 0.8313844 -0.4799999 0.11
v 0.8313844 -0.4799999 0.11
v 0.8313844 -0.4799999 0.11
v 0.8313844 -0.4799999 0.11
v 0.8313844 -0.4799999 0.11
v 0.8313844 -0.4799999 0.11
v 0.8313844 -0.4799999 0.11
v 0.8313844 -0.4799999 0.11
v 0.8313844 -0.4799999 0.11
v 0.8313844 -0.4799999 0.11
v 0.8313844 -0.4799999 0.11
v 0.8313844 -0.4799999 0.11
v 0.8313844 -0.4799999 0.11
v 0.8313844 -0.4799999 0.11
v 0.8313844 -0.4799999 0.11
v 0.8313844 -0.4799999 0.11
v 0.8313844 -0.4799999 0.11
v 0.8313844 -0.4799999 0.11
v 0.8313844 -0.4799999 0.11
v 0.8313844 -0.4799999 0.11
v 0.8313844 -0.4799999 0.11
v 0.8313844 -0.4799999 0.11
v 0.8313844 -0.4799999 0.11
v 0.8313844 -0.4799999 0.11
v 0.8313844 -0.4799999 0.11
v 0.8313844 -0.4799999 0.11
v 0.8313844 -0.4799999 0.11
v 0.8313844 -0.4799999 0.11
v 0.8313844 -0.4799999 0.11
v 0.8313844 -0.4799999 0.11
v 0.8313844 -0.4799999 0.11
v 0.8313844 -0.4799999 0.11
v 0.8313844 -0.4799999 0.11
v 0.8313844 -0.4799999 0.11
v 0.8133844 -0.5111768 0.11
v 0.8154137 -0.5117169 0.1159134
v 0.8179283 -0.5112933 0.1216472
v 0.8208517 -0.5099188 0.127027
v 0.8240951 -0.5076353 0.1318895
v 0.8275601 -0.5045121 0.1360869
v 0.8311412 -0.5006441 0.1394917
v 0.8347297 -0.4961488 0.1420003
v 0.8382166 -0.4911629 0.1435367
v 0.8414959 -0.4858378 0.144054
v 0.8444679 -0.4803352 0.1435367
v 0.8470424 -0.4748226 0.1420003
v 0.8491412 -0.4694672 0.1394917
v 0.8507004 -0.4644318 0.1360869
v 0.8516728 -0.4598695 0.1318895
v 0.8520286 -0.4559188 0.127027
v 0.8517572 -0.4526998 0.1216472
v 0.8508668 -0.4503104 0.1159134
v 0.8493844 -0.448823 0.11
v 0.8473551 -0.4482829 0.1040866
v 0.8448406 -0.4487065 0.0983528
v 0.8419172 -0.450081 0.09297296
v 0.8386737 -0.4523645 0.08811048
v 0.8352088 -0.4554877 0.08391307
v 0.8316277 -0.4593558 0.08050832
v 0.8280392 -0.463851 0.07799965
v 0.8245523 -0.468837 0.0764633
v 0.821273 -0.4741621 0.07594594
v 0.818301 -0.4796646 0.0764633
v 0.8157265 -0.4851773 0.07799965
v 0.8136277 -0.4905326 0.08050832
v 0.8120685 -0.495568 0.08391307
v 0.8110962 -0.5001304 0.08811048
v 0.8107402 -0.504081 0.09297298
v 0.8110117 -0.5073 0.09835282
v 0.811902 -0.5096895 0.1040866
v 0.8133844 -0.5111768 0.11
vt 0 0
vt 0.02777778 0
vt 0.05555556 0
vt 0.08333334 0
vt 0.1111111 0
vt 0.1388889 0
vt 0.1666667 0
vt 0.1944444 0
vt 0.2222222 0
vt 0.25 0
vt 0.2777778 0
vt 0.3055556 0
vt 0.3333333 0
vt 0.3611111 0
vt 0.3888889 0
vt 0.4166667 0
vt 0.4444444 0
vt 0.4722222 0
vt 0.5 0
vt 0.5277778 0
vt 0.5555556 0
vt 0.5833333 0
vt 0.6111111 0
vt 0.6388889 0
vt 0.6666667 0
vt 0.6944444 0
vt 0.7222222 0
vt 0.75 0
vt 0.7777778 0
vt 0.8055556 0
vt 0.8333333 0
vt 0.8611111 0
vt 0.8888889 0
vt 0.9166667 0
vt 0.9444444 0
vt 0.9722222 0
vt 1 0
vt 0 1
vt 0.02777778 1
vt 0.05555556 1
vt 0.08333334 1
vt 0.1111111 1
vt 0.1388889 1
vt 0.1666667 1
vt 0.1944444 1
vt 0.2222222 1
vt 0.25 1
vt 0.2777778 1
vt 0.3055556 1
vt 0.3333333 1
vt 0.3611111 1
vt 0.3888889 1
vt 0.4166667 1
vt 0.4444444 1
vt 0.4722222 1
vt 0.5 1
vt 0.5277778 1
vt 0.5555556 1
vt 0.5833333 1
vt 0.6111111 1
vt 0.6388889 1
vt 0.6666667 1
vt 0.6944444 1
vt 0.7222222 1
vt 0.75 1
vt 0.7777778 1
vt 0.8055556 1
vt 0.8333333 1
vt 0.8611111 1
vt 0.8888889 1
vt 0.9166667 1
vt 0.9444444 1
vt 0.9722222 1
vt 1 1
vt 0 0
vt 0.02777778 0
vt 0.05555556 0
vt 0.08333334 0
vt 0.1111111 0
vt 0.1388889 0
vt 0.1666667 0
vt 0.1944444 0
vt 0.2222222 0
vt 0.25 0
vt 0.2777778 0
vt 0.3055556 0
vt 0.3333333 0
vt 0.3611111 0
vt 0.3888889 0
vt 0.4166667 0
vt 0.4444444 0
vt 0.4722222 0
vt 0.5 0
vt 0.5277778 0
vt 0.5555556 0
vt 0.5833333 0
vt 0.6111111 0
vt 0.6388889 0
vt 0.6666667 0
vt 0.6944444 0
vt 0.7222222 0
vt 0.75 0
vt 0.7777778 0
vt 0.8055556 0
vt 0.8333333 0
vt 0.8611111 0
vt 0.8888889 0
vt 0.9166667 0
vt 0.9444444 0
vt 0.9722222 0
vt 1 0
vt 0 1
vt 0.02777778 1
vt 0.05555556 1
vt 0.08333334 1
vt 0.1111111 1
vt 0.1388889 1
vt 0.1666667 1
vt 0.1944444 1
vt 0.2222222 1
vt 0.25 1
vt 0.2777778 1
vt 0.3055556 1
vt 0.3333333 1
vt 0.3611111 1
vt 0.3888889 1
vt 0.4166667 1
vt 0.4444444 1
vt 0.4722222 1
vt 0.5 1
vt 0.5277778 1
vt 0.5555556 1
vt 0.5833333 1
vt 0.6111111 1
vt 0.6388889 1
vt 0.6666667 1
vt 0.6944444 1
vt 0.7222222 1
vt 0.75 1
vt 0.7777778 1
vt 0.8055556 1
vt 0.8333333 1
vt 0.8611111 1
vt 0.8888889 1
vt 0.9166667 1
vt 0.9444444 1
vt 0.9722222 1
vt 1 1
vt 0 0
vt 0.02777778 0
vt 0.05555556 0
vt 0.08333334 0
vt 0.1111111 0
vt 0.1388889 0
vt 0.1666667 0
vt 0.1944444 0
vt 0.2222222 0
vt 0.25 0
vt 0.2777778 0
vt 0.3055556 0
vt 0.3333333 0
vt 0.3611111 0
vt 0.3888889 0
vt 0.4166667 0
vt 0.4444444 0
vt 0.4722222 0
vt 0.5 0
vt 0.5277778 0
vt 0.5555556 0
vt 0.5833333 0
vt 0.6111111 0
vt 0.6388889 0
vt 0.6666667 0
vt 0.6944444 0
vt 0.7222222 0
vt 0.75 0
vt 0.7777778 0
vt 0.8055556 0
vt 0.8333333 0
vt 0.8611111 0
vt 0.8888889 0
vt 0.9166667 0
vt 0.9444444 0
vt 0.9722222 0
vt 1 0
vt 0 1
vt 0.02777778 1
vt 0.05555556 1
vt 0.08333334 1
vt 0.1111111 1
vt 0.1388889 1
vt 0.1666667 1
vt 0.1944444 1
vt 0.2222222 1
vt 0.25 1
vt 0.2777778 1
vt 0.3055556 1
vt 0.3333333 1
vt 0.3611111 1
vt 0.3888889 1
vt 0.4166667 1
vt 0.4444444 1
vt 0.4722222 1
vt 0.5 1
vt 0.5277778 1
vt 0.5555556 1
vt 0.5833333 1
vt 0.6111111 1
vt 0.6388889 1
vt 0.6666667 1
vt 0.6944444 1
vt 0.7222222 1
vt 0.75 1
vt 0.7777778 1
vt 0.8055556 1
vt 0.8333333 1
vt 0.8611111 1
vt 0.8888889 1
vt 0.9166667 1
vt 0.9444444 1
vt 0.9722222 1
vt 1 1
vn -0.4999999 -0.8660254 0
vn -0.4436258 -0.8810279 0.1642742
vn -0.3737833 -0.8692608 0.3235298
vn -0.2925689 -0.8310768 0.4729849
vn -0.2024808 -0.76765 0.6080419
vn -0.1062321 -0.6808935 0.724637
vn -0.006758399 -0.5734512 0.8192118
vn 0.09293065 -0.4485722 0.888902
vn 0.1897901 -0.3100699 0.9315774
vn 0.2808731 -0.1621621 0.945946
vn 0.3634241 -0.009326826 0.9315771
vn 0.4349514 0.1438317 0.8888924
vn 0.4932418 0.2925721 0.8192156
vn 0.5365549 0.4324465 0.724637
vn 0.5635652 0.5591866 0.6080334
vn 0.5734493 0.6689218 0.4729689
vn 0.5659107 0.758334 0.3235346
vn 0.5411724 0.824717 0.1642392
vn 0.4999999 0.8660254 -0
vn 0.443621 0.881028 -0.1642866
vn 0.3737798 0.8692597 -0.323537
vn 0.2925751 0.8310806 -0.4729745
vn 0.2024875 0.7676555 -0.6080328
vn 0.1062179 0.6808794 -0.7246523
vn 0.00675326 0.5734453 -0.8192161
vn -0.09291849 0.4485886 -0.888895
vn -0.1897794 0.3100861 -0.9315742
vn -0.2808731 0.1621621 -0.945946
vn -0.3634241 0.009326826 -0.9315771
vn -0.4349463 -0.1438199 -0.8888968
vn -0.4932438 -0.2925777 -0.8192123
vn -0.536559 -0.4324621 -0.7246247
vn -0.5635641 -0.5591792 -0.6080412
vn -0.5734492 -0.6689179 -0.4729745
vn -0.5659107 -0.758334 -0.3235346
vn -0.5411778 -0.8247079 -0.1642661
vn -0.4999999 -0.8660254 0
vn -0.4999999 -0.8660254 0
vn -0.4436258 -0.8810279 0.1642742
vn -0.3737833 -0.8692608 0.3235298
vn -0.2925689 -0.8310768 0.4729849
vn -0.2024808 -0.7676501 0.6080418
vn -0.1062321 -0.6808935 0.724637
vn -0.006758399 -0.5734512 0.8192118
vn 0.09293069 -0.4485722 0.888902
vn 0.1897901 -0.3100699 0.9315774
vn 0.2808731 -0.1621621 0.945946
vn 0.3634241 -0.009326826 0.9315771
vn 0.4349513 0.1438317 0.8888924
vn 0.4932418 0.2925721 0.8192155
vn 0.5365549 0.4324465 0.724637
vn 0.5635652 0.5591866 0.6080334
vn 0.5734492 0.6689218 0.4729689
vn 0.5659107 0.7583339 0.3235346
vn 0.5411723 0.8247169 0.1642392
vn 0.4999999 0.8660254 -0
vn 0.443621 0.881028 -0.1642866
vn 0.3737798 0.8692597 -0.323537
vn 0.2925751 0.8310806 -0.4729745
vn 0.2024875 0.7676555 -0.6080328
vn 0.106218 0.6808795 -0.7246522
vn 0.006753243 0.5734452 -0.8192161
vn -0.09291848 0.4485886 -0.888895
vn -0.1897794 0.3100861 -0.9315742
vn -0.2808731 0.1621621 -0.945946
vn -0.3634241 0.009326826 -0.9315771
vn -0.4349463 -0.1438199 -0.8888968
vn -0.4932438 -0.2925777 -0.8192123
vn -0.536559 -0.4324621 -0.7246247
vn -0.5635641 -0.5591792 -0.6080413
vn -0.5734492 -0.6689179 -0.4729745
vn -0.5659107 -0.7583339 -0.3235346
vn -0.5411778 -0.8247079 -0.1642661
vn -0.4999999 -0.8660254 0
vn -0.8192133 0.4729729 0.3243243
vn -0.8192133 0.4729729 0.3243243
vn -0.8192133 0.4729729 0.3243243
vn -0.8192133 0.4729729 0.3243243
vn -0.8192133 0.4729729 0.3243243
vn -0.8192133 0.4729729 0.3243243
vn -0.8192133 0.4729729 0.3243243
vn -0.8192133 0.4729729 0.3243243
vn -0.8192133 0.4729729 0.3243243
vn -0.8192133 0.4729729 0.3243243
vn -0.8192133 0.4729729 0.3243243
vn -0.8192133 0.4729729 0.3243243
vn -0.8192133 0.4729729 0.3243243
vn -0.8192133 0.4729729 0.3243243
vn -0.8192133 0.4729729 0.3243243
vn -0.8192133 0.4729729 0.3243243
vn -0.8192133 0.4729729 0.3243243
vn -0.8192133 0.4729729 0.3243243
vn -0.8192133 0.4729729 0.3243243
vn -0.8192133 0.4729729 0.3243243
vn -0.8192133 0.4729729 0.3243243
vn -0.8192133 0.4729729 0.3243243
vn -0.8192133 0.4729729 0.3243243
vn -0.8192133 0.4729729 0.3243243
vn -0.8192133 0.4729729 0.3243243
vn -0.8192133 0.4729729 0.3243243
vn -0.8192133 0.4729729 0.3243243
vn -0.8192133 0.4729729 0.3243243
vn -0.8192133 0.4729729 0.3243243
vn -0.8192133 0.4729729 0.3243243
vn -0.8192133 0.4729729 0.3243243
vn -0.8192133 0.4729729 0.3243243
vn -0.8192133 0.4729729 0.3243243
vn -0.8192133 0.4729729 0.3243243
vn -0.8192133 0.4729729 0.3243243
vn -0.8192133 0.4729729 0.3243243
vn -0.8192133 0.4729729 0.3243243
vn -0.8192133 0.4729729 0.3243243
vn -0.8192133 0.4729729 0.3243243
vn -0.8192133 0.4729729 0.3243243
vn -0.8192133 0.4729729 0.3243243
vn -0.8192133 0.4729729 0.3243243
vn -0.8192133 0.4729729 0.3243243
vn -0.8192133 0.4729729 0.3243243
vn -0.8192133 0.4729729 0.3243243
vn -0.8192133 0.4729729 0.3243243
vn -0.8192133 0.4729729 0.3243243
vn -0.8192133 0.4729729 0.3243243
vn -0.8192133 0.4729729 0.3243243
vn -0.8192133 0.4729729 0.3243243
vn -0.8192133 0.4729729 0.3243243
vn -0.8192133 0.4729729 0.3243243
vn -0.8192133 0.4729729 0.3243243
vn -0.8192133 0.4729729 0.3243243
vn -0.8192133 0.4729729 0.3243243
vn -0.8192133 0.4729729 0.3243243
vn -0.8192133 0.4729729 0.3243243
vn -0.8192133 0.4729729 0.3243243
vn -0.8192133 0.4729729 0.3243243
vn -0.8192133 0.4729729 0.3243243
vn -0.8192133 0.4729729 0.3243243
vn -0.8192133 0.4729729 0.3243243
vn -0.8192133 0.4729729 0.3243243
vn -0.8192133 0.4729729 0.3243243
vn -0.8192133 0.4729729 0.3243243
vn -0.8192133 0.4729729 0.3243243
vn -0.8192133 0.4729729 0.3243243
vn -0.8192133 0.4729729 0.3243243
vn -0.8192133 0.4729729 0.3243243
vn -0.8192133 0.4729729 0.3243243
vn -0.8192133 0.4729729 0.3243243
vn -0.8192133 0.4729729 0.3243243
vn -0.8192133 0.4729729 0.3243243
vn -0.8192133 0.4729729 0.3243243
vn 0.8192133 -0.4729729 -0.3243243
vn 0.8192133 -0.4729729 -0.3243243
vn 0.8192133 -0.4729729 -0.3243243
vn 0.8192133 -0.4729729 -0.3243243
vn 0.8192133 -0.4729729 -0.3243243
vn 0.8192133 -0.4729729 -0.3243243
vn 0.8192133 -0.4729729 -0.3243243
vn 0.8192133 -0.4729729 -0.3243243
vn 0.8192133 -0.4729729 -0.3243243
vn 0.8192133 -0.4729729 -0.3243243
vn 0.8192133 -0.4729729 -0.3243243
vn 0.8192133 -0.4729729 -0.3243243
vn 0.8192133 -0.4729729 -0.3243243
vn 0.8192133 -0.4729729 -0.3243243
vn 0.8192133 -0.4729729 -0.3243243
vn 0.8192133 -0.4729729 -0.3243243
vn 0.8192133 -0.4729729 -0.3243243
vn 0.8192133 -0.4729729 -0.3243243
vn 0.8192133 -0.4729729 -0.3243243
vn 0.8192133 -0.4729729 -0.3243243
vn 0.8192133 -0.4729729 -0.3243243
vn 0.8192133 -0.4729729 -0.3243243
vn 0.8192133 -0.4729729 -0.3243243
vn 0.8192133 -0.4729729 -0.3243243
vn 0.8192133 -0.4729729 -0.3243243
vn 0.8192133 -0.4729729 -0.3243243
vn 0.8192133 -0.4729729 -0.3243243
vn 0.8192133 -0.4729729 -0.3243243
vn 0.8192133 -0.4729729 -0.3243243
vn 0.8192133 -0.4729729 -0.3243243
vn 0.8192133 -0.4729729 -0.3243243
vn 0.8192133 -0.4729729 -0.3243243
vn 0.8192133 -0.4729729 -0.3243243
vn 0.8192133 -0.4729729 -0.3243243
vn 0.8192133 -0.4729729 -0.3243243
vn 0.8192133 -0.4729729 -0.3243243
vn 0.8192133 -0.4729729 -0.3243243
vn 0.8192133 -0.4729729 -0.3243243
vn 0.8192133 -0.4729729 -0.3243243
vn 0.8192133 -0.4729729 -0.3243243
vn 0.8192133 -0.4729729 -0.3243243
vn 0.8192133 -0.4729729 -0.3243243
vn 0.8192133 -0.4729729 -0.3243243
vn 0.8192133 -0.4729729 -0.3243243
vn 0.8192133 -0.4729729 -0.3243243
vn 0.8192133 -0.4729729 -0.3243243
vn 0.8192133 -0.4729729 -0.3243243
vn 0.8192133 -0.4729729 -0.3243243
vn 0.8192133 -0.4729729 -0.3243243
vn 0.8192133 -0.4729729 -0.3243243
vn 0.8192133 -0.4729729 -0.3243243
vn 0.8192133 -0.4729729 -0.3243243
vn 0.8192133 -0.4729729 -0.3243243
vn 0.8192133 -0.4729729 -0.3243243
vn 0.8192133 -0.4729729 -0.3243243
vn 0.8192133 -0.4729729 -0.3243243
vn 0.8192133 -0.4729729 -0.3243243
vn 0.8192133 -0.4729729 -0.3243243
vn 0.8192133 -0.4729729 -0.3243243
vn 0.8192133 -0.4729729 -0.3243243
vn 0.8192133 -0.4729729 -0.3243243
vn 0.8192133 -0.4729729 -0.3243243
vn 0.8192133 -0.4729729 -0.3243243
vn 0.8192133 -0.4729729 -0.3243243
vn 0.8192133 -0.4729729 -0.3243243
vn 0.8192133 -0.4729729 -0.3243243
vn 0.8192133 -0.4729729 -0.3243243
vn 0.8192133 -0.4729729 -0.3243243
vn 0.8192133 -0.4729729 -0.3243243
vn 0.8192133 -0.4729729 -0.3243243
vn 0.8192133 -0.4729729 -0.3243243
vn 0.8192133 -0.4729729 -0.3243243
vn 0.8192133 -0.4729729 -0.3243243
vn 0.8192133 -0.4729729 -0.3243243
f 4065/4065/4065 4102/4102/4102 4066/4066/4066
f 4066/4066/4066 4102/4102/4102 4103/4103/4103
f 4066/4066/4066 4103/4103/4103 4067/4067/4067
f 4067/4067/4067 4103/4103/4103 4104/4104/4104
f 4067/4067/4067 4104/4104/4104 4068/4068/4068
f 4068/4068/4068 4104/4104/4104 4105/4105/4105
f 4068/4068/4068 4105/4105/4105 4069/4069/4069
f 4069/4069/4069 4105/4105/4105 4106/4106/4106
f 4069/4069/4069 4106/4106/4106 4070/4070/4070
f 4070/4070/4070 4106/4106/4106 4107/4107/4107
f 4070/4070/4070 4107/4107/4107 4071/4071/4071
f 4071/4071/4071 4107/4107/4107 4108/4108/4108
f 4071/4071/4071 4108/4108/4108 4072/4072/4072
f 4072/4072/4072 4108/4108/4108 4109/4109/4109
f 4072/4072/4072 4109/4109/4109 4073/4073/4073
f 4073/4073/4073 4109/4109/4109 4110/4110/4110
f 4073/4073/4073 4110/4110/4110 4074/4074/4074
f 4074/4074/4074 4110/4110/4110 4111/4111/4111
f 4074/4074/4074 4111/4111/4111 4075/4075/4075
f 4075/4075/4075 4111/4111/4111 4112/4112/4112
f 4075/4075/4075 4112/4112/4112 4076/4076/4076
f 4076/4076/4076 4112/4112/4112 4113/4113/4113
f 4076/4076/4076 4113/4113/4113 4077/4077/4077
f 4077/4077/4077 4113/4113/4113 4114/4114/4114
f 4077/4077/4077 4114/4114/4114 4078/4078/4078
f 4078/4078/4078 4114/4114/4114 4115/4115/4115
f 4078/4078/4078 4115/4115/4115 4079/4079/4079
f 4079/4079/4079 4115/4115/4115 4116/4116/4116
f 4079/4079/4079 4116/4116/4116 4080/4080/4080
f 4080/4080/4080 4116/4116/4116 4117/4117/4117
f 4080/4080/4080 4117/4117/4117 4081/4081/4081
f 4081/4081/4081 4117/4117/4117 4118/4118/4118
f 4081/4081/4081 4118/4118/4118 4082/4082/4082
f 4082/4082/4082 4118/4118/4118 4119/4119/4119
f 4082/4082/4082 4119/4119/4119 4083/4083/4083
f 4083/4083/4083 4119/4119/4119 4120/4120/4120
f 4083/4083/4083 4120/4120/4120 4084/4084/4084
f 4084/4084/4084 4120/4120/4120 4121/4121/4121
f 4084/4084/4084 4121/4121/4121 4085/4085/4085
f 4085/4085/4085 4121/4121/4121 4122/4122/4122
f 4085/4085/4085 4122/4122/4122 4086/4086/4086
f 4086/4086/4086 4122/4122/4122 4123/4123/4123
f 4086/4086/4086 4123/4123/4123 4087/4087/4087
f 4087/4087/4087 4123/4123/4123 4124/4124/4124
f 4087/4087/4087 4124/4124/4124 4088/4088/4088
f 4088/4088/4088 4124/4124/4124 4125/4125/4125
f 4088/4088/4088 4125/4125/4125 4089/4089/4089
f 4089/4089/4089 4125/4125/4125 4126/4126/4126
f 4089/4089/4089 4126/4126/4126 4090/4090/4090
f 4090/4090/4090 4126/4126/4126 4127/4127/4127
f 4090/4090/4090 4127/4127/4127 4091/4091/4091
f 4091/4091/4091 4127/4127/4127 4128/4128/4128
f 4091/4091/4091 4128/4128/4128 4092/4092/4092
f 4092/4092/4092 4128/4128/4128 4129/4129/4129
f 4092/4092/4092 4129/4129/4129 4093/4093/4093
f 4093/4093/4093 4129/4129/4129 4130/4130/4130
f 4093/4093/4093 4130/4130/4130 4094/4094/4094
f 4094/4094/4094 4130/4130/4130 4131/4131/4131
f 4094/4094/4094 4131/4131/4131 4095/4095/4095
f 4095/4095/4095 4131/4131/4131 4132/4132/4132
f 4095/4095/4095 4132/4132/4132 4096/4096/4096
f 4096/4096/4096 4132/4132/4132 4133/4133/4133
f 4096/4096/4096 4133/4133/4133 4097/4097/4097
f 4097/4097/4097 4133/4133/4133 4134/4134/4134
f 4097/4097/4097 4134/4134/4134 4098/4098/4098
f 4098/4098/4098 4134/4134/4134 4135/4135/4135
f 4098/4098/4098 4135/4135/4135 4099/4099/4099
f 4099/4099/4099 4135/4135/4135 4136/4136/4136
f 4099/4099/4099 4136/4136/4136 4100/4100/4100
f 4100/4100/4100 4136/4136/4136 4137/4137/4137
f 4100/4100/4100 4137/4137/4137 4101/4101/4101
f 4101/4101/4101 4137/4137/4137 4138/4138/4138
f 4139/4139/4139 4176/4176/4176 4140/4140/4140
f 4140/4140/4140 4176/4176/4176 4177/4177/4177
f 4140/4140/4140 4177/4177/4177 4141/4141/4141
f 4141/4141/4141 4177/4177/4177 4178/4178/4178
f 4141/4141/4141 4178/4178/4178 4142/4142/4142
f 4142/4142/4142 4178/4178/4178 4179/4179/4179
f 4142/4142/4142 4179/4179/4179 4143/4143/4143
f 4143/4143/4143 4179/4179/4179 4180/4180/4180
f 4143/4143/4143 4180/4180/4180 4144/4144/4144
f 4144/4144/4144 4180/4180/4180 4181/4181/4181
f 4144/4144/4144 4181/4181/4181 4145/4145/4145
f 4145/4145/4145 4181/4181/4181 4182/4182/4182
f 4145/4145/4145 4182/4182/4182 4146/4146/4146
f 4146/4146/4146 4182/4182/4182 4183/4183/4183
f 4146/4146/4146 4183/4183/4183 4147/4147/4147
f 4147/4147/4147 4183/4183/4183 4184/4184/4184
f 4147/4147/4147 4184/4184/4184 4148/4148/4148
f 4148/4148/4148 4184/4184/4184 4185/4185/4185
f 4148/4148/4148 4185/4185/4185 4149/4149/4149
f 4149/4149/4149 4185/4185/4185 4186/4186/4186
f 4149/4149/4149 4186/4186/4186 4150/4150/4150
f 4150/4150/4150 4186/4186/4186 4187/4187/4187
f 4150/4150/4150 4187/4187/4187 4151/4151/4151
f 4151/4151/4151 4187/4187/4187 4188/4188/4188
f 4151/4151/4151 4188/4188/4188 4152/4152/4152
f 4152/4152/4152 4188/4188/4188 4189/4189/4189
f 4152/4152/4152 4189/4189/4189 4153/4153/4153
f 4153/4153/4153 4189/4189/4189 4190/4190/4190
f 4153/4153/4153 4190/4190/4190 4154/4154/4154
f 4154/4154/4154 4190/4190/4190 4191/4191/4191
f 4154/4154/4154 4191/4191/4191 4155/4155/4155
f 4155/4155/4155 4191/4191/4191 4192/4192/4192
f 4155/4155/4155 4192/4192/4192 4156/4156/4156
f 4156/4156/4156 4192/4192/4192 4193/4193/4193
f 4156/4156/4156 4193/4193/4193 4157/4157/4157
f 4157/4157/4157 4193/4193/4193 4194/4194/4194
f 4157/4157/4157 4194/4194/4194 4158/4158/4158
f 4158/4158/4158 4194/4194/4194 4195/4195/4195
f 4158/4158/4158 4195/4195/4195 4159/4159/4159
f 4159/4159/4159 4195/4195/4195 4196/4196/4196
f 4159/4159/4159 4196/4196/4196 4160/4160/4160
f 4160/4160/4160 4196/4196/4196 4197/4197/4197
f 4160/4160/4160 4197/4197/4197 4161/4161/4161
f 4161/4161/4161 4197/4197/4197 4198/4198/4198
f 4161/4161/4161 4198/4198/4198 4162/4162/4162
f 4162/4162/4162 4198/4198/4198 4199/4199/4199
f 4162/4162/4162 4199/4199/4199 4163/4163/4163
f 4163/4163/4163 4199/4199/4199 4200/4200/4200
f 4163/4163/4163 4200/4200/4200 4164/4164/4164
f 4164/4164/4164 4200/4200/4200 4201/4201/4201
f 4164/4164/4164 4201/4201/4201 4165/4165/4165
f 4165/4165/4165 4201/4201/4201 4202/4202/4202
f 4165/4165/4165 4202/4202/4202 4166/4166/4166
f 4166/4166/4166 4202/4202/4202 4203/4203/4203
f 4166/4166/4166 4203/4203/4203 4167/4167/4167
f 4167/4167/4167 4203/4203/4203 4204/4204/4204
f 4167/4167/4167 4204/4204/4204 4168/4168/4168
f 4168/4168/4168 4204/4204/4204 4205/4205/4205
f 4168/4168/4168 4205/4205/4205 4169/4169/4169
f 4169/4169/4169 4205/4205/4205 4206/4206/4206
f 4169/4169/4169 4206/4206/4206 4170/4170/4170
f 4170/4170/4170 4206/4206/4206 4207/4207/4207
f 4170/4170/4170 4207/4207/4207 4171/4171/4171
f 4171/4171/4171 4207/4207/4207 4208/4208/4208
f 4171/4171/4171 4208/4208/4208 4172/4172/4172
f 4172/4172/4172 4208/4208/4208 4209/4209/4209
f 4172/4172/4172 4209/4209/4209 4173/4173/4173
f 4173/4173/4173 4209/4209/4209 4210/4210/4210
f 4173/4173/4173 4210/4210/4210 4174/4174/4174
f 4174/4174/4174 4210/4210/4210 4211/4211/4211
f 4174/4174/4174 4211/4211/4211 4175/4175/4175
f 4175/4175/4175 4211/4211/4211 4212/4212/4212
f 4213/4213/4213 4214/4214/4214 4250/4250/4250
f 4214/4214/4214 4251/4251/4251 4250/4250/4250
f 4214/4214/4214 4215/4215/4215 4251/4251/4251
f 4215/4215/4215 4252/4252/4252 4251/4251/4251
f 4215/4215/4215 4216/4216/4216 4252/4252/4252
f 4216/4216/4216 4253/4253/4253 4252/4252/4252
f 4216/4216/4216 4217/4217/4217 4253/4253/4253
f 4217/4217/4217 4254/4254/4254 4253/4253/4253
f 4217/4217/4217 4218/4218/4218 4254/4254/4254
f 4218/4218/4218 4255/4255/4255 4254/4254/4254
f 4218/4218/4218 4219/4219/4219 4255/4255/4255
f 4219/4219/4219 4256/4256/4256 4255/4255/4255
f 4219/4219/4219 4220/4220/4220 4256/4256/4256
f 4220/4220/4220 4257/4257/4257 4256/4256/4256
f 4220/4220/4220 4221/4221/4221 4257/4257/4257
f 4221/4221/4221 4258/4258/4258 4257/4257/4257
f 4221/4221/4221 4222/4222/4222 4258/4258/4258
f 4222/4222/4222 4259/4259/4259 4258/4258/4258
f 4222/4222/4222 4223/4223/4223 4259/4259/4259
f 4223/4223/4223 4260/4260/4260 4259/4259/4259
f 4223/4223/4223 4224/4224/4224 4260/4260/4260
f 4224/4224/4224 4261/4261/4261 4260/4260/4260
f 4224/4224/4224 4225/4225/4225 4261/4261/4261
f 4225/4225/4225 4262/4262/4262 4261/4261/4261
f 4225/4225/4225 4226/4226/4226 4262/4262/4262
f 4226/4226/4226 4263/4263/4263 4262/4262/4262
f 4226/4226/4226 4227/4227/4227 4263/4263/4263
f 4227/4227/4227 4264/4264/4264 4263/4263/4263
f 4227/4227/4227 4228/4228/4228 4264/4264/4264
f 4228/4228/4228 4265/4265/4265 4264/4264/4264
f 4228/4228/4228 4229/4229/4229 4265/4265/4265
f 4229/4229/4229 4266/4266/4266 4265/4265/4265
f 4229/4229/4229 4230/4230/4230 4266/4266/4266
f 4230/4230/4230 4267/4267/4267 4266/4266/4266
f 4230/4230/4230 4231/4231/4231 4267/4267/4267
f 4231/4231/4231 4268/4268/4268 4267/4267/4267
f 4231/4231/4231 4232/4232/4232 4268/4268/4268
f 4232/4232/4232 4269/4269/4269 4268/4268/4268
f 4232/4232/4232 4233/4233/4233 4269/4269/4269
f 4233/4233/4233 4270/4270/4270 4269/4269/4269
f 4233/4233/4233 4234/4234/4234 4270/4270/4270
f 4234/4234/4234 4271/4271/4271 4270/4270/4270
f 4234/4234/4234 4235/4235/4235 4271/4271/4271
f 4235/4235/4235 4272/4272/4272 4271/4271/4271
f 4235/4235/4235 4236/4236/4236 4272/4272/4272
f 4236/4236/4236 4273/4273/4273 4272/4272/4272
f 4236/4236/4236 4237/4237/4237 4273/4273/4273
f 4237/4237/4237 4274/4274/4274 4273/4273/4273
f 4237/4237/4237 4238/4238/4238 4274/4274/4274
f 4238/4238/4238 4275/4275/4275 4274/4274/4274
f 4238/4238/4238 4239/4239/4239 4275/4275/4275
f 4239/4239/4239 4276/4276/4276 4275/4275/4275
f 4239/4239/4239 4240/4240/4240 4276/4276/4276
f 4240/4240/4240 4277/4277/4277 4276/4276/4276
f 4240/4240/4240 4241/4241/4241 4277/4277/4277
f 4241/4241/4241 4278/4278/4278 4277/4277/4277
f 4241/4241/4241 4242/4242/4242 4278/4278/4278
f 4242/4242/4242 4279/4279/4279 4278/4278/4278
f 4242/4242/4242 4243/4243/4243 4279/4279/4279
f 4243/4243/4243 4280/4280/4280 4279/4279/4279
f 4243/4243/4243 4244/4244/4244 4280/4280/4280
f 4244/4244/4244 4281/4281/4281 4280/4280/4280
f 4244/4244/4244 4245/4245/4245 4281/4281/4281
f 4245/4245/4245 4282/4282/4282 4281/4281/4281
f 4245/4245/4245 4246/4246/4246 4282/4282/4282
f 4246/4246/4246 4283/4283/4283 4282/4282/4282
f 4246/4246/4246 4247/4247/4247 4283/4283/4283
f 4247/4247/4247 4284/4284/4284 4283/4283/4283
f 4247/4247/4247 4248/4248/4248 4284/4284/4284
f 4248/4248/4248 4285/4285/4285 4284/4284/4284
f 4248/4248/4248 4249/4249/4249 4285/4285/4285
f 4249/4249/4249 4286/4286/4286 4285/4285/4285
o alien-shard_part_7
usemtl part_7
v 0.168 -0.3 -0.12
v 0.1008 1.62 -0.12
v 0.1187939 -0.3 -0.006862909
v 0.07127636 1.62 -0.05211775
v -7.343513e-09 -0.3 0.04000001
v -4.406107e-09 1.62 -0.024
v -0.1187939 -0.3 -0.006862909
v -0.07127636 1.62 -0.05211775
v -0.168 -0.3 -0.12
v -0.1008 1.62 -0.12
v -0.1187939 -0.3 -0.2331371
v -0.07127635 1.62 -0.1878823
v 2.00338e-09 -0.3 -0.28
v 1.202028e-09 1.62 -0.216
v 0.118794 -0.3 -0.233137
v 0.07127638 1.62 -0.1878822
v 0.168 -0.3 -0.12
v 0.1008 1.62 -0.12
vt 0 0
vt 1 0
vt 0 0.125
vt 1 0.125
vt 0 0.25
vt 1 0.25
vt 0 0.375
vt 1 0.375
vt 0 0.5
vt 1 0.5
vt 0 0.625
vt 1 0.625
vt 0 0.75
vt 1 0.75
vt 0 0.875
vt 1 0.875
vt 0 1
vt 1 1
vn 1 0 0
vn 1 0 0
vn 0.6896551 0 0.7241379
vn 0.6896721 0 0.7241219
vn 0 0 1
vn 0 0 1
vn -0.6896551 0 0.7241379
vn -0.6896552 0 0.7241379
vn -1 0 0
vn -1 0 0
vn -0.6896551 0 -0.7241379
vn -0.6896552 0 -0.7241379
vn 0 0 -1
vn 0 0 -1
vn 0.6896754 0 -0.7241186
vn 0.6896552 0 -0.7241379
vn 1 0 0
vn 1 0 0
f 4287/4287/4287 4288/4288/4288 4289/4289/4289
f 4288/4288/4288 4290/4290/4290 4289/4289/4289
f 4289/4289/4289 4290/4290/4290 4291/4291/4291
f 4290/4290/4290 4292/4292/4292 4291/4291/4291
f 4291/4291/4291 4292/4292/4292 4293/4293/4293
f 4292/4292/4292 4294/4294/4294 4293/4293/4293
f 4293/4293/4293 4294/4294/4294 4295/4295/4295
f 4294/4294/4294 4296/4296/4296 4295/4295/4295
f 4295/4295/4295 4296/4296/4296 4297/4297/4297
f 4296/4296/4296 4298/4298/4298 4297/4297/4297
f 4297/4297/4297 4298/4298/4298 4299/4299/4299
f 4298/4298/4298 4300/4300/4300 4299/4299/4299
f 4299/4299/4299 4300/4300/4300 4301/4301/4301
f 4300/4300/4300 4302/4302/4302 4301/4301/4301
f 4301/4301/4301 4302/4302/4302 4303/4303/4303
f 4302/4302/4302 4304/4304/4304 4303/4303/4303
o alien-shard_part_8
usemtl part_8
v 0.1758076 0.2954923 -0.12
v -1.453361 -0.7227048 -0.12
v 0.2004106 0.2528785 -0.006862909
v -1.438599 -0.748273 -0.05211775
v 0.2598076 0.15 0.04000001
v -1.402961 -0.8100001 -0.024
v 0.3192046 0.04712144 -0.006862909
v -1.367323 -0.8717272 -0.05211775
v 0.3438076 0.00450775 -0.12
v -1.352561 -0.8972955 -0.12
v 0.3192046 0.04712147 -0.2331371
v -1.367323 -0.8717272 -0.1878823
v 0.2598076 0.15 -0.28
v -1.402961 -0.8100001 -0.216
v 0.2004106 0.2528786 -0.233137
v -1.438599 -0.7482729 -0.1878822
v 0.1758076 0.2954923 -0.12
v -1.453361 -0.7227048 -0.12
vt 0 0
vt 1 0
vt 0 0.125
vt 1 0.125
vt 0 0.25
vt 1 0.25
vt 0 0.375
vt 1 0.375
vt 0 0.5
vt 1 0.5
vt 0 0.625
vt 1 0.625
vt 0 0.75
vt 1 0.75
vt 0 0.875
vt 1 0.875
vt 0 1
vt 1 1
vn -0.5000001 0.8660254 0
vn -0.5000001 0.8660254 0
vn -0.3448276 0.5972589 0.7241379
vn -0.3448361 0.5972735 0.7241219
vn 0 0 1
vn 0 0 1
vn 0.3448276 -0.5972589 0.7241379
vn 0.3448276 -0.5972589 0.7241379
vn 0.5000001 -0.8660254 0
vn 0.5000001 -0.8660254 0
vn 0.3448276 -0.5972589 -0.7241379
vn 0.3448276 -0.5972589 -0.7241379
vn -0 0 -1
vn -0 0 -1
vn -0.3448377 0.5972764 -0.7241186
vn -0.3448276 0.5972589 -0.7241379
vn -0.5000001 0.8660254 0
vn -0.5000001 0.8660254 0
f 4305/4305/4305 4306/4306/4306 4307/4307/4307
f 4306/4306/4306 4308/4308/4308 4307/4307/4307
f 4307/4307/4307 4308/4308/4308 4309/4309/4309
f 4308/4308/4308 4310/4310/4310 4309/4309/4309
f 4309/4309/4309 4310/4310/4310 4311/4311/4311
f 4310/4310/4310 4312/4312/4312 4311/4311/4311
f 4311/4311/4311 4312/4312/4312 4313/4313/4313
f 4312/4312/4312 4314/4314/4314 4313/4313/4313
f 4313/4313/4313 4314/4314/4314 4315/4315/4315
f 4314/4314/4314 4316/4316/4316 4315/4315/4315
f 4315/4315/4315 4316/4316/4316 4317/4317/4317
f 4316/4316/4316 4318/4318/4318 4317/4317/4317
f 4317/4317/4317 4318/4318/4318 4319/4319/4319
f 4318/4318/4318 4320/4320/4320 4319/4319/4319
f 4319/4319/4319 4320/4320/4320 4321/4321/4321
f 4320/4320/4320 4322/4322/4322 4321/4321/4321
o alien-shard_part_9
usemtl part_9
v -0.3438076 0.004507691 -0.12
v 1.352561 -0.8972952 -0.12
v -0.3192046 0.04712138 -0.006862909
v 1.367323 -0.871727 -0.05211775
v -0.2598076 0.1499999 0.04000001
v 1.402961 -0.8099998 -0.024
v -0.2004106 0.2528785 -0.006862909
v 1.438599 -0.7482727 -0.05211775
v -0.1758076 0.2954922 -0.12
v 1.453361 -0.7227045 -0.12
v -0.2004107 0.2528785 -0.2331371
v 1.438599 -0.7482727 -0.1878823
v -0.2598076 0.1499999 -0.28
v 1.402961 -0.8099998 -0.216
v -0.3192046 0.04712135 -0.233137
v 1.367323 -0.871727 -0.1878822
v -0.3438076 0.004507691 -0.12
v 1.352561 -0.8972952 -0.12
vt 0 0
vt 1 0
vt 0 0.125
vt 1 0.125
vt 0 0.25
vt 1 0.25
vt 0 0.375
vt 1 0.375
vt 0 0.5
vt 1 0.5
vt 0 0.625
vt 1 0.625
vt 0 0.75
vt 1 0.75
vt 0 0.875
vt 1 0.875
vt 0 1
vt 1 1
vn -0.4999999 -0.8660255 0
vn -0.4999999 -0.8660255 0
vn -0.3448275 -0.5972589 0.7241379
vn -0.3448359 -0.5972735 0.7241219
vn 0 0 1
vn 0 0 1
vn 0.3448275 0.5972589 0.7241379
vn 0.3448275 0.5972589 0.7241379
vn 0.4999999 0.8660255 0
vn 0.4999999 0.8660255 0
vn 0.3448275 0.5972589 -0.7241379
vn 0.3448275 0.5972589 -0.7241379
vn 0 -0 -1
vn 0 -0 -1
vn -0.3448376 -0.5972764 -0.7241186
vn -0.3448275 -0.5972589 -0.7241379
vn -0.4999999 -0.8660255 0
vn -0.4999999 -0.8660255 0
f 4323/4323/4323 4324/4324/4324 4325/4325/4325
f 4324/4324/4324 4326/4326/4326 4325/4325/4325
f 4325/4325/4325 4326/4326/4326 4327/4327/4327
f 4326/4326/4326 4328/4328/4328 4327/4327/4327
f 4327/4327/4327 4328/4328/4328 4329/4329/4329
f 4328/4328/4328 4330/4330/4330 4329/4329/4329
f 4329/4329/4329 4330/4330/4330 4331/4331/4331
f 4330/4330/4330 4332/4332/4332 4331/4331/4331
f 4331/4331/4331 4332/4332/4332 4333/4333/4333
f 4332/4332/4332 4334/4334/4334 4333/4333/4333
f 4333/4333/4333 4334/4334/4334 4335/4335/4335
f 4334/4334/4334 4336/4336/4336 4335/4335/4335
f 4335/4335/4335 4336/4336/4336 4337/4337/4337
f 4336/4336/4336 4338/4338/4338 4337/4337/4337
f 4337/4337/4337 4338/4338/4338 4339/4339/4339
f 4338/4338/4338 4340/4340/4340 4339/4339/4339
