# Starward Reimagined / GPL-3.0-or-later
mtllib signal-capsule.mtl
s 1
o sphere_part_0
usemtl part_0
v 0 0.42 0
v 0 0.42 0
v 0 0.42 0
v 0 0.42 0
v 0 0.42 0
v 0 0.42 0
v 0 0.42 0
v 0 0.42 0
v 0 0.42 0
v 0 0.42 0
v 0 0.42 0
v 0 0.42 0
v 0 0.42 0
v 0 0.42 0
v 0 0.42 0
v 0 0.42 0
v 0 0.42 0
v 0 0.42 0
v 0 0.42 0
v 0 0.42 0
v 0 0.42 0
v 0 0.42 0
v 0 0.42 0
v 0 0.42 0
v 0 0.42 0
v 0 0.42 0
v 0 0.42 0
v 0 0.42 0
v 0 0.42 0
v 0 0.42 0
v 0 0.42 0
v 0 0.42 0
v 0 0.42 0
v 0 0.42 0
v 0 0.42 0
v 0 0.42 0
v 0 0.42 0
v 0.01566314 0.4164068 0
v 0.01542519 0.4164068 0.002719877
v 0.01471854 0.4164068 0.005357111
v 0.01356468 0.4164068 0.007831572
v 0.01199866 0.4164068 0.01006808
v 0.01006807 0.4164068 0.01199867
v 0.007831571 0.4164068 0.01356468
v 0.005357109 0.4164068 0.01471854
v 0.002719875 0.4164068 0.01542519
v -6.846578e-10 0.4164068 0.01566314
v -0.002719878 0.4164068 0.01542519
v -0.00535711 0.4164068 0.01471854
v -0.007831573 0.4164068 0.01356468
v -0.01006808 0.4164068 0.01199866
v -0.01199867 0.4164068 0.01006807
v -0.01356468 0.4164068 0.007831573
v -0.01471854 0.4164068 0.005357109
v -0.01542519 0.4164068 0.002719878
v -0.01566314 0.4164068 -1.369316e-09
v -0.01542519 0.4164068 -0.002719881
v -0.01471854 0.4164068 -0.005357115
v -0.01356468 0.4164068 -0.007831571
v -0.01199867 0.4164068 -0.01006807
v -0.01006807 0.4164068 -0.01199867
v -0.00783157 0.4164068 -0.01356468
v -0.005357109 0.4164068 -0.01471854
v -0.002719876 0.4164068 -0.01542519
v 1.867811e-10 0.4164068 -0.01566314
v 0.002719883 0.4164068 -0.01542518
v 0.005357117 0.4164068 -0.01471854
v 0.00783157 0.4164068 -0.01356468
v 0.01006807 0.4164068 -0.01199867
v 0.01199867 0.4164068 -0.01006807
v 0.01356468 0.4164068 -0.007831568
v 0.01471854 0.4164068 -0.005357114
v 0.01542519 0.4164068 -0.002719873
v 0.01566314 0.4164068 2.738631e-09
v 0.03105829 0.4056888 0
v 0.03058644 0.4056888 0.005393215
v 0.02918524 0.4056888 0.01062256
v 0.02689726 0.4056888 0.01552914
v 0.02379203 0.4056888 0.01996388
v 0.01996388 0.4056888 0.02379203
v 0.01552914 0.4056888 0.02689726
v 0.01062256 0.4056888 0.02918524
v 0.005393212 0.4056888 0.03058644
v -1.357601e-09 0.4056888 0.03105829
v -0.005393218 0.4056888 0.03058644
v -0.01062256 0.4056888 0.02918524
v -0.01552914 0.4056888 0.02689726
v -0.01996388 0.4056888 0.02379203
v -0.02379203 0.4056888 0.01996388
v -0.02689726 0.4056888 0.01552914
v -0.02918524 0.4056888 0.01062256
v -0.03058644 0.4056888 0.005393218
v -0.03105829 0.4056888 -2.715201e-09
v -0.03058644 0.4056888 -0.005393223
v -0.02918524 0.4056888 -0.01062257
v -0.02689726 0.4056888 -0.01552914
v -0.02379203 0.4056888 -0.01996388
v -0.01996388 0.4056888 -0.02379203
v -0.01552914 0.4056888 -0.02689726
v -0.01062256 0.4056888 -0.02918524
v -0.005393213 0.4056888 -0.03058644
v 3.703663e-10 0.4056888 -0.03105829
v 0.005393228 0.4056888 -0.03058644
v 0.01062257 0.4056888 -0.02918524
v 0.01552914 0.4056888 -0.02689726
v 0.01996388 0.4056888 -0.02379203
v 0.02379203 0.4056888 -0.01996387
v 0.02689727 0.4056888 -0.01552914
v 0.02918524 0.4056888 -0.01062257
v 0.03058644 0.4056888 -0.005393208
v 0.03105829 0.4056888 5.430403e-09
v 0.04592201 0.3880294 0
v 0.04522435 0.3880294 0.007974274
v 0.04315257 0.3880294 0.01570625
v 0.03976963 0.3880294 0.02296101
v 0.0351783 0.3880294 0.0295181
v 0.0295181 0.3880294 0.0351783
v 0.02296101 0.3880294 0.03976963
v 0.01570625 0.3880294 0.04315258
v 0.007974271 0.3880294 0.04522436
v -2.007315e-09 0.3880294 0.04592201
v -0.00797428 0.3880294 0.04522435
v -0.01570625 0.3880294 0.04315257
v -0.02296101 0.3880294 0.03976963
v -0.0295181 0.3880294 0.0351783
v -0.03517831 0.3880294 0.02951809
v -0.03976963 0.3880294 0.02296101
v -0.04315258 0.3880294 0.01570625
v -0.04522435 0.3880294 0.00797428
v -0.04592201 0.3880294 -4.01463e-09
v -0.04522435 0.3880294 -0.007974287
v -0.04315257 0.3880294 -0.01570627
v -0.03976963 0.3880294 -0.02296101
v -0.0351783 0.3880294 -0.0295181
v -0.0295181 0.3880294 -0.03517831
v -0.022961 0.3880294 -0.03976963
v -0.01570625 0.3880294 -0.04315258
v -0.007974272 0.3880294 -0.04522436
v 5.476145e-10 0.3880294 -0.04592201
v 0.007974295 0.3880294 -0.04522435
v 0.01570627 0.3880294 -0.04315257
v 0.022961 0.3880294 -0.03976963
v 0.0295181 0.3880294 -0.0351783
v 0.03517831 0.3880294 -0.02951809
v 0.03976964 0.3880294 -0.022961
v 0.04315257 0.3880294 -0.01570627
v 0.04522436 0.3880294 -0.007974264
v 0.04592201 0.3880294 8.02926e-09
v 0.06 0.3637306 0
v 0.05908846 0.3637306 0.01041889
v 0.05638156 0.3637306 0.02052121
v 0.05196152 0.3637306 0.03
v 0.04596267 0.3637306 0.03856726
v 0.03856725 0.3637306 0.04596267
v 0.03 0.3637306 0.05196153
v 0.0205212 0.3637306 0.05638156
v 0.01041889 0.3637306 0.05908846
v -2.622683e-09 0.3637306 0.06
v -0.0104189 0.3637306 0.05908846
v -0.02052121 0.3637306 0.05638156
v -0.03 0.3637306 0.05196152
v -0.03856726 0.3637306 0.04596267
v -0.04596268 0.3637306 0.03856725
v -0.05196152 0.3637306 0.03
v -0.05638156 0.3637306 0.0205212
v -0.05908846 0.3637306 0.0104189
v -0.06 0.3637306 -5.245366e-09
v -0.05908846 0.3637306 -0.01041891
v -0.05638155 0.3637306 -0.02052122
v -0.05196152 0.3637306 -0.03
v -0.04596267 0.3637306 -0.03856725
v -0.03856725 0.3637306 -0.04596267
v -0.02999999 0.3637306 -0.05196153
v -0.0205212 0.3637306 -0.05638156
v -0.01041889 0.3637306 -0.05908846
v 7.154928e-10 0.3637306 -0.06
v 0.01041892 0.3637306 -0.05908846
v 0.02052123 0.3637306 -0.05638155
v 0.02999999 0.3637306 -0.05196153
v 0.03856725 0.3637306 -0.04596267
v 0.04596268 0.3637306 -0.03856724
v 0.05196153 0.3637306 -0.02999998
v 0.05638155 0.3637306 -0.02052122
v 0.05908846 0.3637306 -0.01041888
v 0.06 0.3637306 1.049073e-08
v 0.07305137 0.3332084 0
v 0.07194155 0.3332084 0.01268524
v 0.06864583 0.3332084 0.02498504
v 0.06326434 0.3332084 0.03652569
v 0.0559606 0.3332084 0.04695652
v 0.04695651 0.3332084 0.0559606
v 0.03652568 0.3332084 0.06326435
v 0.02498503 0.3332084 0.06864583
v 0.01268523 0.3332084 0.07194155
v -3.193177e-09 0.3332084 0.07305137
v -0.01268525 0.3332084 0.07194155
v -0.02498504 0.3332084 0.06864583
v -0.03652569 0.3332084 0.06326434
v -0.04695652 0.3332084 0.0559606
v -0.05596061 0.3332084 0.04695651
v -0.06326434 0.3332084 0.03652569
v -0.06864583 0.3332084 0.02498503
v -0.07194155 0.3332084 0.01268525
v -0.07305137 0.3332084 -6.386354e-09
v -0.07194155 0.3332084 -0.01268526
v -0.06864583 0.3332084 -0.02498506
v -0.06326434 0.3332084 -0.03652568
v -0.0559606 0.3332084 -0.04695651
v -0.04695651 0.3332084 -0.0559606
v -0.03652568 0.3332084 -0.06326435
v -0.02498503 0.3332084 -0.06864583
v -0.01268523 0.3332084 -0.07194155
v 8.711288e-10 0.3332084 -0.07305137
v 0.01268527 0.3332084 -0.07194155
v 0.02498507 0.3332084 -0.06864583
v 0.03652568 0.3332084 -0.06326435
v 0.04695651 0.3332084 -0.0559606
v 0.05596061 0.3332084 -0.0469565
v 0.06326436 0.3332084 -0.03652567
v 0.06864583 0.3332084 -0.02498505
v 0.07194155 0.3332084 -0.01268522
v 0.07305137 0.3332084 1.277271e-08
v 0.08485281 0.2969848 0
v 0.08356371 0.2969848 0.01473454
v 0.07973555 0.2969848 0.02902137
v 0.07348469 0.2969848 0.0424264
v 0.06500103 0.2969848 0.05454234
v 0.05454233 0.2969848 0.06500103
v 0.0424264 0.2969848 0.0734847
v 0.02902136 0.2969848 0.07973556
v 0.01473453 0.2969848 0.08356372
v -3.709034e-09 0.2969848 0.08485281
v -0.01473455 0.2969848 0.08356371
v -0.02902137 0.2969848 0.07973555
v -0.04242641 0.2969848 0.07348469
v -0.05454234 0.2969848 0.06500103
v -0.06500104 0.2969848 0.05454232
v -0.07348469 0.2969848 0.04242641
v -0.07973556 0.2969848 0.02902136
v -0.08356371 0.2969848 0.01473455
v -0.08485281 0.2969848 -7.418068e-09
v -0.08356371 0.2969848 -0.01473456
v -0.07973555 0.2969848 -0.02902139
v -0.07348469 0.2969848 -0.0424264
v -0.06500103 0.2969848 -0.05454233
v -0.05454233 0.2969848 -0.06500103
v -0.0424264 0.2969848 -0.0734847
v -0.02902136 0.2969848 -0.07973556
v -0.01473453 0.2969848 -0.08356372
v 1.01186e-09 0.2969848 -0.08485281
v 0.01473457 0.2969848 -0.0835637
v 0.0290214 0.2969848 -0.07973555
v 0.0424264 0.2969848 -0.0734847
v 0.05454233 0.2969848 -0.06500103
v 0.06500104 0.2969848 -0.05454232
v 0.0734847 0.2969848 -0.04242638
v 0.07973555 0.2969848 -0.02902139
v 0.08356372 0.2969848 -0.01473452
v 0.08485281 0.2969848 1.483614e-08
v 0.09520239 0.2556798 0
v 0.09375606 0.2556798 0.01653172
v 0.08946099 0.2556798 0.03256114
v 0.08244769 0.2556798 0.0476012
v 0.07292927 0.2556798 0.06119493
v 0.06119492 0.2556798 0.07292927
v 0.04760119 0.2556798 0.0824477
v 0.03256113 0.2556798 0.089461
v 0.01653172 0.2556798 0.09375606
v -4.161429e-09 0.2556798 0.09520239
v -0.01653173 0.2556798 0.09375606
v -0.03256114 0.2556798 0.08946099
v -0.0476012 0.2556798 0.08244769
v -0.06119493 0.2556798 0.07292927
v -0.07292929 0.2556798 0.0611949
v -0.08244769 0.2556798 0.0476012
v -0.089461 0.2556798 0.03256112
v -0.09375606 0.2556798 0.01653173
v -0.09520239 0.2556798 -8.322858e-09
v -0.09375606 0.2556798 -0.01653175
v -0.08946098 0.2556798 -0.03256116
v -0.08244769 0.2556798 -0.04760119
v -0.07292927 0.2556798 -0.06119492
v -0.06119491 0.2556798 -0.07292928
v -0.04760119 0.2556798 -0.0824477
v -0.03256113 0.2556798 -0.089461
v -0.01653172 0.2556798 -0.09375606
v 1.135277e-09 0.2556798 -0.09520239
v 0.01653176 0.2556798 -0.09375605
v 0.03256118 0.2556798 -0.08946098
v 0.04760119 0.2556798 -0.0824477
v 0.06119491 0.2556798 -0.07292927
v 0.07292929 0.2556798 -0.0611949
v 0.08244771 0.2556798 -0.04760118
v 0.08946098 0.2556798 -0.03256116
v 0.09375606 0.2556798 -0.0165317
v 0.09520239 0.2556798 1.664572e-08
v 0.1039231 0.21 0
v 0.1023442 0.21 0.01804605
v 0.09765572 0.21 0.03554378
v 0.09 0.21 0.05196153
v 0.07960968 0.21 0.06680045
v 0.06680045 0.21 0.07960968
v 0.05196152 0.21 0.09
v 0.03554377 0.21 0.09765573
v 0.01804604 0.21 0.1023442
v -4.542621e-09 0.21 0.1039231
v -0.01804606 0.21 0.1023442
v -0.03554377 0.21 0.09765572
v -0.05196153 0.21 0.09
v -0.06680045 0.21 0.07960968
v -0.07960969 0.21 0.06680044
v -0.09 0.21 0.05196153
v -0.09765573 0.21 0.03554377
v -0.1023442 0.21 0.01804606
v -0.1039231 0.21 -9.085241e-09
v -0.1023442 0.21 -0.01804608
v -0.09765571 0.21 -0.0355438
v -0.09 0.21 -0.05196152
v -0.07960968 0.21 -0.06680045
v -0.06680045 0.21 -0.07960968
v -0.05196152 0.21 -0.09
v -0.03554377 0.21 -0.09765573
v -0.01804604 0.21 -0.1023442
v 1.23927e-09 0.21 -0.1039231
v 0.01804609 0.21 -0.1023442
v 0.03554382 0.21 -0.09765571
v 0.05196152 0.21 -0.09
v 0.06680045 0.21 -0.07960968
v 0.07960969 0.21 -0.06680043
v 0.09000002 0.21 -0.0519615
v 0.09765571 0.21 -0.0355438
v 0.1023442 0.21 -0.01804603
v 0.1039231 0.21 1.817048e-08
v 0.1108655 0.160727 0
v 0.1091812 0.160727 0.0192516
v 0.1041795 0.160727 0.03791825
v 0.09601238 0.160727 0.05543277
v 0.08492792 0.160727 0.07126299
v 0.07126299 0.160727 0.08492793
v 0.05543277 0.160727 0.09601238
v 0.03791823 0.160727 0.1041795
v 0.01925159 0.160727 0.1091812
v -4.846087e-09 0.160727 0.1108655
v -0.01925161 0.160727 0.1091812
v -0.03791824 0.160727 0.1041795
v -0.05543278 0.160727 0.09601238
v -0.07126299 0.160727 0.08492792
v -0.08492795 0.160727 0.07126298
v -0.09601238 0.160727 0.05543278
v -0.1041795 0.160727 0.03791823
v -0.1091812 0.160727 0.01925161
v -0.1108655 0.160727 -9.692173e-09
v -0.1091812 0.160727 -0.01925163
v -0.1041795 0.160727 -0.03791827
v -0.09601238 0.160727 -0.05543277
v -0.08492793 0.160727 -0.07126299
v -0.07126298 0.160727 -0.08492794
v -0.05543276 0.160727 -0.09601238
v -0.03791824 0.160727 -0.1041795
v -0.01925159 0.160727 -0.1091812
v 1.322058e-09 0.160727 -0.1108655
v 0.01925165 0.160727 -0.1091812
v 0.03791829 0.160727 -0.1041795
v 0.05543276 0.160727 -0.09601238
v 0.07126298 0.160727 -0.08492793
v 0.08492795 0.160727 -0.07126297
v 0.09601239 0.160727 -0.05543274
v 0.1041795 0.160727 -0.03791827
v 0.1091812 0.160727 -0.01925158
v 0.1108655 0.160727 1.938435e-08
v 0.1159111 0.108704 0
v 0.1141501 0.108704 0.02012775
v 0.1089208 0.108704 0.03964393
v 0.1003819 0.108704 0.05795555
v 0.08879305 0.108704 0.07450622
v 0.07450622 0.108704 0.08879305
v 0.05795554 0.108704 0.100382
v 0.03964392 0.108704 0.1089208
v 0.02012774 0.108704 0.1141502
v -5.066635e-09 0.108704 0.1159111
v -0.02012776 0.108704 0.1141501
v -0.03964393 0.108704 0.1089208
v -0.05795556 0.108704 0.1003819
v -0.07450622 0.108704 0.08879305
v -0.08879307 0.108704 0.0745062
v -0.1003819 0.108704 0.05795556
v -0.1089208 0.108704 0.03964391
v -0.1141501 0.108704 0.02012776
v -0.1159111 0.108704 -1.013327e-08
v -0.1141501 0.108704 -0.02012778
v -0.1089208 0.108704 -0.03964396
v -0.1003819 0.108704 -0.05795554
v -0.08879305 0.108704 -0.07450622
v -0.07450621 0.108704 -0.08879306
v -0.05795554 0.108704 -0.100382
v -0.03964392 0.108704 -0.1089208
v -0.02012775 0.108704 -0.1141502
v 1.382226e-09 0.108704 -0.1159111
v 0.0201278 0.108704 -0.1141501
v 0.03964397 0.108704 -0.1089208
v 0.05795554 0.108704 -0.100382
v 0.07450621 0.108704 -0.08879305
v 0.08879307 0.108704 -0.07450619
v 0.100382 0.108704 -0.05795552
v 0.1089208 0.108704 -0.03964395
v 0.1141502 0.108704 -0.02012773
v 0.1159111 0.108704 2.026654e-08
v 0.1189734 0.05482097 0
v 0.1171659 0.05482097 0.02065951
v 0.1117984 0.05482097 0.04069129
v 0.103034 0.05482097 0.05948669
v 0.0911389 0.05482097 0.07647462
v 0.07647461 0.05482097 0.09113891
v 0.05948669 0.05482097 0.103034
v 0.04069128 0.05482097 0.1117984
v 0.0206595 0.05482097 0.1171659
v -5.200492e-09 0.05482097 0.1189734
v -0.02065952 0.05482097 0.1171659
v -0.04069129 0.05482097 0.1117984
v -0.0594867 0.05482097 0.103034
v -0.07647462 0.05482097 0.0911389
v -0.09113892 0.05482097 0.0764746
v -0.103034 0.05482097 0.0594867
v -0.1117984 0.05482097 0.04069128
v -0.1171659 0.05482097 0.02065952
v -0.1189734 0.05482097 -1.040098e-08
v -0.1171659 0.05482097 -0.02065955
v -0.1117984 0.05482097 -0.04069132
v -0.103034 0.05482097 -0.05948669
v -0.09113891 0.05482097 -0.07647461
v -0.07647461 0.05482097 -0.09113891
v -0.05948668 0.05482097 -0.103034
v -0.04069128 0.05482097 -0.1117984
v -0.0206595 0.05482097 -0.1171659
v 1.418743e-09 0.05482097 -0.1189734
v 0.02065956 0.05482097 -0.1171659
v 0.04069134 0.05482097 -0.1117984
v 0.05948668 0.05482097 -0.103034
v 0.07647461 0.05482097 -0.09113891
v 0.09113892 0.05482097 -0.07647459
v 0.103034 0.05482097 -0.05948666
v 0.1117984 0.05482097 -0.04069132
v 0.1171659 0.05482097 -0.02065949
v 0.1189734 0.05482097 2.080197e-08
v 0.12 -1.835878e-08 0
v 0.1181769 -1.835878e-08 0.02083778
v 0.1127631 -1.835878e-08 0.04104242
v 0.103923 -1.835878e-08 0.06
v 0.09192533 -1.835878e-08 0.07713451
v 0.0771345 -1.835878e-08 0.09192534
v 0.05999999 -1.835878e-08 0.1039231
v 0.0410424 -1.835878e-08 0.1127631
v 0.02083777 -1.835878e-08 0.1181769
v -5.245366e-09 -1.835878e-08 0.12
v -0.02083779 -1.835878e-08 0.1181769
v -0.04104241 -1.835878e-08 0.1127631
v -0.06000001 -1.835878e-08 0.103923
v -0.07713451 -1.835878e-08 0.09192533
v -0.09192535 -1.835878e-08 0.07713449
v -0.103923 -1.835878e-08 0.06000001
v -0.1127631 -1.835878e-08 0.0410424
v -0.1181769 -1.835878e-08 0.02083779
v -0.12 -1.835878e-08 -1.049073e-08
v -0.1181769 -1.835878e-08 -0.02083782
v -0.1127631 -1.835878e-08 -0.04104245
v -0.103923 -1.835878e-08 -0.05999999
v -0.09192534 -1.835878e-08 -0.0771345
v -0.0771345 -1.835878e-08 -0.09192535
v -0.05999999 -1.835878e-08 -0.1039231
v -0.04104241 -1.835878e-08 -0.1127631
v -0.02083778 -1.835878e-08 -0.1181769
v 1.430986e-09 -1.835878e-08 -0.12
v 0.02083783 -1.835878e-08 -0.1181769
v 0.04104247 -1.835878e-08 -0.1127631
v 0.05999999 -1.835878e-08 -0.1039231
v 0.0771345 -1.835878e-08 -0.09192534
v 0.09192535 -1.835878e-08 -0.07713448
v 0.1039231 -1.835878e-08 -0.05999997
v 0.1127631 -1.835878e-08 -0.04104244
v 0.1181769 -1.835878e-08 -0.02083776
v 0.12 -1.835878e-08 2.098147e-08
v 0.1189734 -0.05482106 0
v 0.1171659 -0.05482106 0.02065951
v 0.1117984 -0.05482106 0.04069129
v 0.103034 -0.05482106 0.05948669
v 0.09113889 -0.05482106 0.07647461
v 0.07647461 -0.05482106 0.0911389
v 0.05948668 -0.05482106 0.103034
v 0.04069128 -0.05482106 0.1117984
v 0.0206595 -0.05482106 0.1171659
v -5.200492e-09 -0.05482106 0.1189734
v -0.02065952 -0.05482106 0.1171659
v -0.04069129 -0.05482106 0.1117984
v -0.05948669 -0.05482106 0.103034
v -0.07647461 -0.05482106 0.09113889
v -0.09113891 -0.05482106 0.07647459
v -0.103034 -0.05482106 0.05948669
v -0.1117984 -0.05482106 0.04069128
v -0.1171659 -0.05482106 0.02065952
v -0.1189734 -0.05482106 -1.040098e-08
v -0.1171659 -0.05482106 -0.02065955
v -0.1117984 -0.05482106 -0.04069132
v -0.103034 -0.05482106 -0.05948668
v -0.0911389 -0.05482106 -0.07647461
v -0.0764746 -0.05482106 -0.09113891
v -0.05948668 -0.05482106 -0.103034
v -0.04069128 -0.05482106 -0.1117984
v -0.0206595 -0.05482106 -0.1171659
v 1.418743e-09 -0.05482106 -0.1189734
v 0.02065956 -0.05482106 -0.1171659
v 0.04069134 -0.05482106 -0.1117984
v 0.05948668 -0.05482106 -0.103034
v 0.0764746 -0.05482106 -0.0911389
v 0.09113891 -0.05482106 -0.07647458
v 0.103034 -0.05482106 -0.05948666
v 0.1117984 -0.05482106 -0.04069132
v 0.1171659 -0.05482106 -0.02065949
v 0.1189734 -0.05482106 2.080197e-08
v 0.1159111 -0.108704 0
v 0.1141501 -0.108704 0.02012775
v 0.1089208 -0.108704 0.03964393
v 0.1003819 -0.108704 0.05795555
v 0.08879305 -0.108704 0.07450622
v 0.07450622 -0.108704 0.08879305
v 0.05795554 -0.108704 0.100382
v 0.03964392 -0.108704 0.1089208
v 0.02012774 -0.108704 0.1141502
v -5.066635e-09 -0.108704 0.1159111
v -0.02012776 -0.108704 0.1141501
v -0.03964393 -0.108704 0.1089208
v -0.05795556 -0.108704 0.1003819
v -0.07450622 -0.108704 0.08879305
v -0.08879307 -0.108704 0.0745062
v -0.1003819 -0.108704 0.05795556
v -0.1089208 -0.108704 0.03964391
v -0.1141501 -0.108704 0.02012776
v -0.1159111 -0.108704 -1.013327e-08
v -0.1141501 -0.108704 -0.02012778
v -0.1089208 -0.108704 -0.03964396
v -0.1003819 -0.108704 -0.05795554
v -0.08879305 -0.108704 -0.07450622
v -0.07450621 -0.108704 -0.08879306
v -0.05795554 -0.108704 -0.100382
v -0.03964392 -0.108704 -0.1089208
v -0.02012775 -0.108704 -0.1141502
v 1.382226e-09 -0.108704 -0.1159111
v 0.0201278 -0.108704 -0.1141501
v 0.03964397 -0.108704 -0.1089208
v 0.05795554 -0.108704 -0.100382
v 0.07450621 -0.108704 -0.08879305
v 0.08879307 -0.108704 -0.07450619
v 0.100382 -0.108704 -0.05795552
v 0.1089208 -0.108704 -0.03964395
v 0.1141502 -0.108704 -0.02012773
v 0.1159111 -0.108704 2.026654e-08
v 0.1108655 -0.1607271 0
v 0.1091812 -0.1607271 0.0192516
v 0.1041795 -0.1607271 0.03791825
v 0.09601238 -0.1607271 0.05543277
v 0.08492792 -0.1607271 0.07126299
v 0.07126299 -0.1607271 0.08492793
v 0.05543277 -0.1607271 0.09601238
v 0.03791823 -0.1607271 0.1041795
v 0.01925159 -0.1607271 0.1091812
v -4.846087e-09 -0.1607271 0.1108655
v -0.01925161 -0.1607271 0.1091812
v -0.03791824 -0.1607271 0.1041795
v -0.05543278 -0.1607271 0.09601238
v -0.07126299 -0.1607271 0.08492792
v -0.08492795 -0.1607271 0.07126298
v -0.09601238 -0.1607271 0.05543278
v -0.1041795 -0.1607271 0.03791823
v -0.1091812 -0.1607271 0.01925161
v -0.1108655 -0.1607271 -9.692173e-09
v -0.1091812 -0.1607271 -0.01925163
v -0.1041795 -0.1607271 -0.03791827
v -0.09601238 -0.1607271 -0.05543277
v -0.08492793 -0.1607271 -0.07126299
v -0.07126298 -0.1607271 -0.08492794
v -0.05543276 -0.1607271 -0.09601238
v -0.03791824 -0.1607271 -0.1041795
v -0.01925159 -0.1607271 -0.1091812
v 1.322058e-09 -0.1607271 -0.1108655
v 0.01925165 -0.1607271 -0.1091812
v 0.03791829 -0.1607271 -0.1041795
v 0.05543276 -0.1607271 -0.09601238
v 0.07126298 -0.1607271 -0.08492793
v 0.08492795 -0.1607271 -0.07126297
v 0.09601239 -0.1607271 -0.05543274
v 0.1041795 -0.1607271 -0.03791827
v 0.1091812 -0.1607271 -0.01925158
v 0.1108655 -0.1607271 1.938435e-08
v 0.103923 -0.21 0
v 0.1023442 -0.21 0.01804605
v 0.09765571 -0.21 0.03554377
v 0.09 -0.21 0.05196152
v 0.07960967 -0.21 0.06680045
v 0.06680045 -0.21 0.07960968
v 0.05196152 -0.21 0.09
v 0.03554377 -0.21 0.09765572
v 0.01804604 -0.21 0.1023442
v -4.542621e-09 -0.21 0.103923
v -0.01804606 -0.21 0.1023442
v -0.03554377 -0.21 0.09765571
v -0.05196153 -0.21 0.09
v -0.06680045 -0.21 0.07960967
v -0.07960968 -0.21 0.06680043
v -0.09 -0.21 0.05196153
v -0.09765572 -0.21 0.03554376
v -0.1023442 -0.21 0.01804606
v -0.103923 -0.21 -9.085241e-09
v -0.1023442 -0.21 -0.01804608
v -0.09765571 -0.21 -0.0355438
v -0.09 -0.21 -0.05196152
v -0.07960968 -0.21 -0.06680045
v -0.06680044 -0.21 -0.07960968
v -0.05196151 -0.21 -0.09
v -0.03554377 -0.21 -0.09765572
v -0.01804604 -0.21 -0.1023442
v 1.23927e-09 -0.21 -0.103923
v 0.01804609 -0.21 -0.1023442
v 0.03554381 -0.21 -0.0976557
v 0.05196151 -0.21 -0.09
v 0.06680044 -0.21 -0.07960968
v 0.07960968 -0.21 -0.06680042
v 0.09000001 -0.21 -0.0519615
v 0.09765571 -0.21 -0.0355438
v 0.1023442 -0.21 -0.01804603
v 0.103923 -0.21 1.817048e-08
v 0.09520239 -0.2556798 0
v 0.09375606 -0.2556798 0.01653172
v 0.08946099 -0.2556798 0.03256114
v 0.08244769 -0.2556798 0.0476012
v 0.07292927 -0.2556798 0.06119493
v 0.06119492 -0.2556798 0.07292927
v 0.04760119 -0.2556798 0.0824477
v 0.03256113 -0.2556798 0.089461
v 0.01653172 -0.2556798 0.09375606
v -4.161429e-09 -0.2556798 0.09520239
v -0.01653173 -0.2556798 0.09375606
v -0.03256114 -0.2556798 0.08946099
v -0.0476012 -0.2556798 0.08244769
v -0.06119493 -0.2556798 0.07292927
v -0.07292929 -0.2556798 0.0611949
v -0.08244769 -0.2556798 0.0476012
v -0.089461 -0.2556798 0.03256112
v -0.09375606 -0.2556798 0.01653173
v -0.09520239 -0.2556798 -8.322858e-09
v -0.09375606 -0.2556798 -0.01653175
v -0.08946098 -0.2556798 -0.03256116
v -0.08244769 -0.2556798 -0.04760119
v -0.07292927 -0.2556798 -0.06119492
v -0.06119491 -0.2556798 -0.07292928
v -0.04760119 -0.2556798 -0.0824477
v -0.03256113 -0.2556798 -0.089461
v -0.01653172 -0.2556798 -0.09375606
v 1.135277e-09 -0.2556798 -0.09520239
v 0.01653176 -0.2556798 -0.09375605
v 0.03256118 -0.2556798 -0.08946098
v 0.04760119 -0.2556798 -0.0824477
v 0.06119491 -0.2556798 -0.07292927
v 0.07292929 -0.2556798 -0.0611949
v 0.08244771 -0.2556798 -0.04760118
v 0.08946098 -0.2556798 -0.03256116
v 0.09375606 -0.2556798 -0.0165317
v 0.09520239 -0.2556798 1.664572e-08
v 0.08485281 -0.2969848 0
v 0.08356371 -0.2969848 0.01473454
v 0.07973555 -0.2969848 0.02902137
v 0.07348469 -0.2969848 0.0424264
v 0.06500103 -0.2969848 0.05454234
v 0.05454233 -0.2969848 0.06500103
v 0.0424264 -0.2969848 0.0734847
v 0.02902136 -0.2969848 0.07973556
v 0.01473453 -0.2969848 0.08356372
v -3.709034e-09 -0.2969848 0.08485281
v -0.01473455 -0.2969848 0.08356371
v -0.02902137 -0.2969848 0.07973555
v -0.04242641 -0.2969848 0.07348469
v -0.05454234 -0.2969848 0.06500103
v -0.06500104 -0.2969848 0.05454232
v -0.07348469 -0.2969848 0.04242641
v -0.07973556 -0.2969848 0.02902136
v -0.08356371 -0.2969848 0.01473455
v -0.08485281 -0.2969848 -7.418068e-09
v -0.08356371 -0.2969848 -0.01473456
v -0.07973555 -0.2969848 -0.02902139
v -0.07348469 -0.2969848 -0.0424264
v -0.06500103 -0.2969848 -0.05454233
v -0.05454233 -0.2969848 -0.06500103
v -0.0424264 -0.2969848 -0.0734847
v -0.02902136 -0.2969848 -0.07973556
v -0.01473453 -0.2969848 -0.08356372
v 1.01186e-09 -0.2969848 -0.08485281
v 0.01473457 -0.2969848 -0.0835637
v 0.0290214 -0.2969848 -0.07973555
v 0.0424264 -0.2969848 -0.0734847
v 0.05454233 -0.2969848 -0.06500103
v 0.06500104 -0.2969848 -0.05454232
v 0.0734847 -0.2969848 -0.04242638
v 0.07973555 -0.2969848 -0.02902139
v 0.08356372 -0.2969848 -0.01473452
v 0.08485281 -0.2969848 1.483614e-08
v 0.07305135 -0.3332085 0
v 0.07194153 -0.3332085 0.01268523
v 0.06864581 -0.3332085 0.02498503
v 0.06326433 -0.3332085 0.03652567
v 0.05596058 -0.3332085 0.0469565
v 0.0469565 -0.3332085 0.05596058
v 0.03652567 -0.3332085 0.06326433
v 0.02498502 -0.3332085 0.06864582
v 0.01268523 -0.3332085 0.07194154
v -3.193176e-09 -0.3332085 0.07305135
v -0.01268524 -0.3332085 0.07194153
v -0.02498503 -0.3332085 0.06864581
v -0.03652568 -0.3332085 0.06326433
v -0.0469565 -0.3332085 0.05596058
v -0.05596059 -0.3332085 0.04695649
v -0.06326433 -0.3332085 0.03652568
v -0.06864582 -0.3332085 0.02498502
v -0.07194153 -0.3332085 0.01268524
v -0.07305135 -0.3332085 -6.386351e-09
v -0.07194153 -0.3332085 -0.01268525
v -0.06864581 -0.3332085 -0.02498505
v -0.06326433 -0.3332085 -0.03652567
v -0.05596058 -0.3332085 -0.0469565
v -0.04695649 -0.3332085 -0.05596059
v -0.03652567 -0.3332085 -0.06326433
v -0.02498503 -0.3332085 -0.06864582
v -0.01268523 -0.3332085 -0.07194154
v 8.711286e-10 -0.3332085 -0.07305135
v 0.01268527 -0.3332085 -0.07194153
v 0.02498506 -0.3332085 -0.06864581
v 0.03652567 -0.3332085 -0.06326433
v 0.04695649 -0.3332085 -0.05596058
v 0.05596059 -0.3332085 -0.04695648
v 0.06326433 -0.3332085 -0.03652566
v 0.06864581 -0.3332085 -0.02498505
v 0.07194154 -0.3332085 -0.01268522
v 0.07305135 -0.3332085 1.27727e-08
v 0.06000001 -0.3637306 0
v 0.05908847 -0.3637306 0.01041889
v 0.05638156 -0.3637306 0.02052121
v 0.05196153 -0.3637306 0.03
v 0.04596267 -0.3637306 0.03856726
v 0.03856726 -0.3637306 0.04596268
v 0.03 -0.3637306 0.05196153
v 0.0205212 -0.3637306 0.05638157
v 0.01041889 -0.3637306 0.05908847
v -2.622683e-09 -0.3637306 0.06000001
v -0.0104189 -0.3637306 0.05908847
v -0.02052121 -0.3637306 0.05638156
v -0.03000001 -0.3637306 0.05196153
v -0.03856726 -0.3637306 0.04596267
v -0.04596268 -0.3637306 0.03856725
v -0.05196153 -0.3637306 0.03000001
v -0.05638157 -0.3637306 0.0205212
v -0.05908847 -0.3637306 0.0104189
v -0.06000001 -0.3637306 -5.245367e-09
v -0.05908847 -0.3637306 -0.01041891
v -0.05638156 -0.3637306 -0.02052123
v -0.05196153 -0.3637306 -0.03
v -0.04596268 -0.3637306 -0.03856726
v -0.03856725 -0.3637306 -0.04596268
v -0.03 -0.3637306 -0.05196153
v -0.0205212 -0.3637306 -0.05638157
v -0.01041889 -0.3637306 -0.05908847
v 7.154929e-10 -0.3637306 -0.06000001
v 0.01041892 -0.3637306 -0.05908846
v 0.02052123 -0.3637306 -0.05638156
v 0.03 -0.3637306 -0.05196153
v 0.03856725 -0.3637306 -0.04596268
v 0.04596268 -0.3637306 -0.03856725
v 0.05196154 -0.3637306 -0.02999999
v 0.05638156 -0.3637306 -0.02052122
v 0.05908847 -0.3637306 -0.01041888
v 0.06000001 -0.3637306 1.049073e-08
v 0.04592199 -0.3880294 0
v 0.04522433 -0.3880294 0.007974271
v 0.04315256 -0.3880294 0.01570625
v 0.03976961 -0.3880294 0.022961
v 0.03517829 -0.3880294 0.02951809
v 0.02951809 -0.3880294 0.03517829
v 0.02296099 -0.3880294 0.03976961
v 0.01570624 -0.3880294 0.04315256
v 0.007974267 -0.3880294 0.04522434
v -2.007314e-09 -0.3880294 0.04592199
v -0.007974276 -0.3880294 0.04522433
v -0.01570624 -0.3880294 0.04315256
v -0.022961 -0.3880294 0.03976961
v -0.02951809 -0.3880294 0.03517829
v -0.03517829 -0.3880294 0.02951808
v -0.03976961 -0.3880294 0.022961
v -0.04315256 -0.3880294 0.01570624
v -0.04522433 -0.3880294 0.007974276
v -0.04592199 -0.3880294 -4.014628e-09
v -0.04522433 -0.3880294 -0.007974283
v -0.04315256 -0.3880294 -0.01570626
v -0.03976961 -0.3880294 -0.02296099
v -0.03517829 -0.3880294 -0.02951809
v -0.02951808 -0.3880294 -0.03517829
v -0.02296099 -0.3880294 -0.03976961
v -0.01570624 -0.3880294 -0.04315256
v -0.007974268 -0.3880294 -0.04522434
v 5.476143e-10 -0.3880294 -0.04592199
v 0.007974291 -0.3880294 -0.04522433
v 0.01570627 -0.3880294 -0.04315255
v 0.02296099 -0.3880294 -0.03976961
v 0.02951808 -0.3880294 -0.03517829
v 0.03517829 -0.3880294 -0.02951808
v 0.03976962 -0.3880294 -0.02296099
v 0.04315256 -0.3880294 -0.01570626
v 0.04522434 -0.3880294 -0.00797426
v 0.04592199 -0.3880294 8.029255e-09
v 0.03105827 -0.4056889 0
v 0.03058642 -0.4056889 0.005393212
v 0.02918523 -0.4056889 0.01062255
v 0.02689725 -0.4056889 0.01552914
v 0.02379202 -0.4056889 0.01996387
v 0.01996387 -0.4056889 0.02379202
v 0.01552913 -0.4056889 0.02689725
v 0.01062255 -0.4056889 0.02918523
v 0.00539321 -0.4056889 0.03058643
v -1.3576e-09 -0.4056889 0.03105827
v -0.005393216 -0.4056889 0.03058642
v -0.01062255 -0.4056889 0.02918523
v -0.01552914 -0.4056889 0.02689725
v -0.01996387 -0.4056889 0.02379202
v -0.02379202 -0.4056889 0.01996387
v -0.02689725 -0.4056889 0.01552914
v -0.02918523 -0.4056889 0.01062255
v -0.03058642 -0.4056889 0.005393216
v -0.03105827 -0.4056889 -2.7152e-09
v -0.03058642 -0.4056889 -0.005393221
v -0.02918522 -0.4056889 -0.01062256
v -0.02689725 -0.4056889 -0.01552913
v -0.02379202 -0.4056889 -0.01996387
v -0.01996387 -0.4056889 -0.02379202
v -0.01552913 -0.4056889 -0.02689725
v -0.01062255 -0.4056889 -0.02918523
v -0.00539321 -0.4056889 -0.03058643
v 3.703662e-10 -0.4056889 -0.03105827
v 0.005393226 -0.4056889 -0.03058642
v 0.01062257 -0.4056889 -0.02918522
v 0.01552913 -0.4056889 -0.02689725
v 0.01996387 -0.4056889 -0.02379202
v 0.02379202 -0.4056889 -0.01996387
v 0.02689726 -0.4056889 -0.01552913
v 0.02918522 -0.4056889 -0.01062256
v 0.03058643 -0.4056889 -0.005393206
v 0.03105827 -0.4056889 5.4304e-09
v 0.01566313 -0.4164068 0
v 0.01542517 -0.4164068 0.002719874
v 0.01471853 -0.4164068 0.005357106
v 0.01356467 -0.4164068 0.007831565
v 0.01199865 -0.4164068 0.01006807
v 0.01006806 -0.4164068 0.01199865
v 0.007831564 -0.4164068 0.01356467
v 0.005357104 -0.4164068 0.01471853
v 0.002719873 -0.4164068 0.01542517
v -6.846571e-10 -0.4164068 0.01566313
v -0.002719876 -0.4164068 0.01542517
v -0.005357105 -0.4164068 0.01471853
v -0.007831565 -0.4164068 0.01356467
v -0.01006807 -0.4164068 0.01199865
v -0.01199866 -0.4164068 0.01006806
v -0.01356467 -0.4164068 0.007831565
v -0.01471853 -0.4164068 0.005357103
v -0.01542517 -0.4164068 0.002719876
v -0.01566313 -0.4164068 -1.369314e-09
v -0.01542517 -0.4164068 -0.002719878
v -0.01471853 -0.4164068 -0.00535711
v -0.01356467 -0.4164068 -0.007831564
v -0.01199865 -0.4164068 -0.01006806
v -0.01006806 -0.4164068 -0.01199866
v -0.007831563 -0.4164068 -0.01356467
v -0.005357104 -0.4164068 -0.01471853
v -0.002719873 -0.4164068 -0.01542517
v 1.86781e-10 -0.4164068 -0.01566313
v 0.002719881 -0.4164068 -0.01542517
v 0.005357112 -0.4164068 -0.01471853
v 0.007831563 -0.4164068 -0.01356467
v 0.01006806 -0.4164068 -0.01199865
v 0.01199866 -0.4164068 -0.01006806
v 0.01356467 -0.4164068 -0.007831561
v 0.01471853 -0.4164068 -0.005357109
v 0.01542517 -0.4164068 -0.002719871
v 0.01566313 -0.4164068 2.738628e-09
v -1.049073e-08 -0.42 0
v -1.033135e-08 -0.42 -1.821697e-09
v -9.858064e-09 -0.42 -3.588042e-09
v -9.085241e-09 -0.42 -5.245366e-09
v -8.036368e-09 -0.42 -6.743313e-09
v -6.743313e-09 -0.42 -8.036369e-09
v -5.245366e-09 -0.42 -9.085241e-09
v -3.588041e-09 -0.42 -9.858065e-09
v -1.821696e-09 -0.42 -1.033136e-08
v 4.585645e-16 -0.42 -1.049073e-08
v 1.821698e-09 -0.42 -1.033135e-08
v 3.588042e-09 -0.42 -9.858064e-09
v 5.245367e-09 -0.42 -9.085241e-09
v 6.743313e-09 -0.42 -8.036368e-09
v 8.03637e-09 -0.42 -6.743312e-09
v 9.085241e-09 -0.42 -5.245367e-09
v 9.858065e-09 -0.42 -3.588041e-09
v 1.033135e-08 -0.42 -1.821698e-09
v 1.049073e-08 -0.42 9.171291e-16
v 1.033135e-08 -0.42 1.8217e-09
v 9.858064e-09 -0.42 3.588045e-09
v 9.085241e-09 -0.42 5.245366e-09
v 8.036369e-09 -0.42 6.743313e-09
v 6.743312e-09 -0.42 8.036369e-09
v 5.245365e-09 -0.42 9.085241e-09
v 3.588041e-09 -0.42 9.858065e-09
v 1.821696e-09 -0.42 1.033136e-08
v -1.251007e-16 -0.42 1.049073e-08
v -1.821701e-09 -0.42 1.033135e-08
v -3.588046e-09 -0.42 9.858063e-09
v -5.245365e-09 -0.42 9.085241e-09
v -6.743312e-09 -0.42 8.036369e-09
v -8.03637e-09 -0.42 6.743311e-09
v -9.085243e-09 -0.42 5.245364e-09
v -9.858064e-09 -0.42 3.588044e-09
v -1.033136e-08 -0.42 1.821695e-09
v -1.049073e-08 -0.42 -1.834258e-15
vt 0 0
vt 0.02777778 0
vt 0.05555556 0
vt 0.08333334 0
vt 0.1111111 0
vt 0.1388889 0
vt 0.1666667 0
vt 0.1944444 0
vt 0.2222222 0
vt 0.25 0
vt 0.2777778 0
vt 0.3055556 0
vt 0.3333333 0
vt 0.3611111 0
vt 0.3888889 0
vt 0.4166667 0
vt 0.4444444 0
vt 0.4722222 0
vt 0.5 0
vt 0.5277778 0
vt 0.5555556 0
vt 0.5833333 0
vt 0.6111111 0
vt 0.6388889 0
vt 0.6666667 0
vt 0.6944444 0
vt 0.7222222 0
vt 0.75 0
vt 0.7777778 0
vt 0.8055556 0
vt 0.8333333 0
vt 0.8611111 0
vt 0.8888889 0
vt 0.9166667 0
vt 0.9444444 0
vt 0.9722222 0
vt 1 0
vt 0 0.04166667
vt 0.02777778 0.04166667
vt 0.05555556 0.04166667
vt 0.08333334 0.04166667
vt 0.1111111 0.04166667
vt 0.1388889 0.04166667
vt 0.1666667 0.04166667
vt 0.1944444 0.04166667
vt 0.2222222 0.04166667
vt 0.25 0.04166667
vt 0.2777778 0.04166667
vt 0.3055556 0.04166667
vt 0.3333333 0.04166667
vt 0.3611111 0.04166667
vt 0.3888889 0.04166667
vt 0.4166667 0.04166667
vt 0.4444444 0.04166667
vt 0.4722222 0.04166667
vt 0.5 0.04166667
vt 0.5277778 0.04166667
vt 0.5555556 0.04166667
vt 0.5833333 0.04166667
vt 0.6111111 0.04166667
vt 0.6388889 0.04166667
vt 0.6666667 0.04166667
vt 0.6944444 0.04166667
vt 0.7222222 0.04166667
vt 0.75 0.04166667
vt 0.7777778 0.04166667
vt 0.8055556 0.04166667
vt 0.8333333 0.04166667
vt 0.8611111 0.04166667
vt 0.8888889 0.04166667
vt 0.9166667 0.04166667
vt 0.9444444 0.04166667
vt 0.9722222 0.04166667
vt 1 0.04166667
vt 0 0.08333334
vt 0.02777778 0.08333334
vt 0.05555556 0.08333334
vt 0.08333334 0.08333334
vt 0.1111111 0.08333334
vt 0.1388889 0.08333334
vt 0.1666667 0.08333334
vt 0.1944444 0.08333334
vt 0.2222222 0.08333334
vt 0.25 0.08333334
vt 0.2777778 0.08333334
vt 0.3055556 0.08333334
vt 0.3333333 0.08333334
vt 0.3611111 0.08333334
vt 0.3888889 0.08333334
vt 0.4166667 0.08333334
vt 0.4444444 0.08333334
vt 0.4722222 0.08333334
vt 0.5 0.08333334
vt 0.5277778 0.08333334
vt 0.5555556 0.08333334
vt 0.5833333 0.08333334
vt 0.6111111 0.08333334
vt 0.6388889 0.08333334
vt 0.6666667 0.08333334
vt 0.6944444 0.08333334
vt 0.7222222 0.08333334
vt 0.75 0.08333334
vt 0.7777778 0.08333334
vt 0.8055556 0.08333334
vt 0.8333333 0.08333334
vt 0.8611111 0.08333334
vt 0.8888889 0.08333334
vt 0.9166667 0.08333334
vt 0.9444444 0.08333334
vt 0.9722222 0.08333334
vt 1 0.08333334
vt 0 0.125
vt 0.02777778 0.125
vt 0.05555556 0.125
vt 0.08333334 0.125
vt 0.1111111 0.125
vt 0.1388889 0.125
vt 0.1666667 0.125
vt 0.1944444 0.125
vt 0.2222222 0.125
vt 0.25 0.125
vt 0.2777778 0.125
vt 0.3055556 0.125
vt 0.3333333 0.125
vt 0.3611111 0.125
vt 0.3888889 0.125
vt 0.4166667 0.125
vt 0.4444444 0.125
vt 0.4722222 0.125
vt 0.5 0.125
vt 0.5277778 0.125
vt 0.5555556 0.125
vt 0.5833333 0.125
vt 0.6111111 0.125
vt 0.6388889 0.125
vt 0.6666667 0.125
vt 0.6944444 0.125
vt 0.7222222 0.125
vt 0.75 0.125
vt 0.7777778 0.125
vt 0.8055556 0.125
vt 0.8333333 0.125
vt 0.8611111 0.125
vt 0.8888889 0.125
vt 0.9166667 0.125
vt 0.9444444 0.125
vt 0.9722222 0.125
vt 1 0.125
vt 0 0.1666667
vt 0.02777778 0.1666667
vt 0.05555556 0.1666667
vt 0.08333334 0.1666667
vt 0.1111111 0.1666667
vt 0.1388889 0.1666667
vt 0.1666667 0.1666667
vt 0.1944444 0.1666667
vt 0.2222222 0.1666667
vt 0.25 0.1666667
vt 0.2777778 0.1666667
vt 0.3055556 0.1666667
vt 0.3333333 0.1666667
vt 0.3611111 0.1666667
vt 0.3888889 0.1666667
vt 0.4166667 0.1666667
vt 0.4444444 0.1666667
vt 0.4722222 0.1666667
vt 0.5 0.1666667
vt 0.5277778 0.1666667
vt 0.5555556 0.1666667
vt 0.5833333 0.1666667
vt 0.6111111 0.1666667
vt 0.6388889 0.1666667
vt 0.6666667 0.1666667
vt 0.6944444 0.1666667
vt 0.7222222 0.1666667
vt 0.75 0.1666667
vt 0.7777778 0.1666667
vt 0.8055556 0.1666667
vt 0.8333333 0.1666667
vt 0.8611111 0.1666667
vt 0.8888889 0.1666667
vt 0.9166667 0.1666667
vt 0.9444444 0.1666667
vt 0.9722222 0.1666667
vt 1 0.1666667
vt 0 0.2083333
vt 0.02777778 0.2083333
vt 0.05555556 0.2083333
vt 0.08333334 0.2083333
vt 0.1111111 0.2083333
vt 0.1388889 0.2083333
vt 0.1666667 0.2083333
vt 0.1944444 0.2083333
vt 0.2222222 0.2083333
vt 0.25 0.2083333
vt 0.2777778 0.2083333
vt 0.3055556 0.2083333
vt 0.3333333 0.2083333
vt 0.3611111 0.2083333
vt 0.3888889 0.2083333
vt 0.4166667 0.2083333
vt 0.4444444 0.2083333
vt 0.4722222 0.2083333
vt 0.5 0.2083333
vt 0.5277778 0.2083333
vt 0.5555556 0.2083333
vt 0.5833333 0.2083333
vt 0.6111111 0.2083333
vt 0.6388889 0.2083333
vt 0.6666667 0.2083333
vt 0.6944444 0.2083333
vt 0.7222222 0.2083333
vt 0.75 0.2083333
vt 0.7777778 0.2083333
vt 0.8055556 0.2083333
vt 0.8333333 0.2083333
vt 0.8611111 0.2083333
vt 0.8888889 0.2083333
vt 0.9166667 0.2083333
vt 0.9444444 0.2083333
vt 0.9722222 0.2083333
vt 1 0.2083333
vt 0 0.25
vt 0.02777778 0.25
vt 0.05555556 0.25
vt 0.08333334 0.25
vt 0.1111111 0.25
vt 0.1388889 0.25
vt 0.1666667 0.25
vt 0.1944444 0.25
vt 0.2222222 0.25
vt 0.25 0.25
vt 0.2777778 0.25
vt 0.3055556 0.25
vt 0.3333333 0.25
vt 0.3611111 0.25
vt 0.3888889 0.25
vt 0.4166667 0.25
vt 0.4444444 0.25
vt 0.4722222 0.25
vt 0.5 0.25
vt 0.5277778 0.25
vt 0.5555556 0.25
vt 0.5833333 0.25
vt 0.6111111 0.25
vt 0.6388889 0.25
vt 0.6666667 0.25
vt 0.6944444 0.25
vt 0.7222222 0.25
vt 0.75 0.25
vt 0.7777778 0.25
vt 0.8055556 0.25
vt 0.8333333 0.25
vt 0.8611111 0.25
vt 0.8888889 0.25
vt 0.9166667 0.25
vt 0.9444444 0.25
vt 0.9722222 0.25
vt 1 0.25
vt 0 0.2916667
vt 0.02777778 0.2916667
vt 0.05555556 0.2916667
vt 0.08333334 0.2916667
vt 0.1111111 0.2916667
vt 0.1388889 0.2916667
vt 0.1666667 0.2916667
vt 0.1944444 0.2916667
vt 0.2222222 0.2916667
vt 0.25 0.2916667
vt 0.2777778 0.2916667
vt 0.3055556 0.2916667
vt 0.3333333 0.2916667
vt 0.3611111 0.2916667
vt 0.3888889 0.2916667
vt 0.4166667 0.2916667
vt 0.4444444 0.2916667
vt 0.4722222 0.2916667
vt 0.5 0.2916667
vt 0.5277778 0.2916667
vt 0.5555556 0.2916667
vt 0.5833333 0.2916667
vt 0.6111111 0.2916667
vt 0.6388889 0.2916667
vt 0.6666667 0.2916667
vt 0.6944444 0.2916667
vt 0.7222222 0.2916667
vt 0.75 0.2916667
vt 0.7777778 0.2916667
vt 0.8055556 0.2916667
vt 0.8333333 0.2916667
vt 0.8611111 0.2916667
vt 0.8888889 0.2916667
vt 0.9166667 0.2916667
vt 0.9444444 0.2916667
vt 0.9722222 0.2916667
vt 1 0.2916667
vt 0 0.3333333
vt 0.02777778 0.3333333
vt 0.05555556 0.3333333
vt 0.08333334 0.3333333
vt 0.1111111 0.3333333
vt 0.1388889 0.3333333
vt 0.1666667 0.3333333
vt 0.1944444 0.3333333
vt 0.2222222 0.3333333
vt 0.25 0.3333333
vt 0.2777778 0.3333333
vt 0.3055556 0.3333333
vt 0.3333333 0.3333333
vt 0.3611111 0.3333333
vt 0.3888889 0.3333333
vt 0.4166667 0.3333333
vt 0.4444444 0.3333333
vt 0.4722222 0.3333333
vt 0.5 0.3333333
vt 0.5277778 0.3333333
vt 0.5555556 0.3333333
vt 0.5833333 0.3333333
vt 0.6111111 0.3333333
vt 0.6388889 0.3333333
vt 0.6666667 0.3333333
vt 0.6944444 0.3333333
vt 0.7222222 0.3333333
vt 0.75 0.3333333
vt 0.7777778 0.3333333
vt 0.8055556 0.3333333
vt 0.8333333 0.3333333
vt 0.8611111 0.3333333
vt 0.8888889 0.3333333
vt 0.9166667 0.3333333
vt 0.9444444 0.3333333
vt 0.9722222 0.3333333
vt 1 0.3333333
vt 0 0.375
vt 0.02777778 0.375
vt 0.05555556 0.375
vt 0.08333334 0.375
vt 0.1111111 0.375
vt 0.1388889 0.375
vt 0.1666667 0.375
vt 0.1944444 0.375
vt 0.2222222 0.375
vt 0.25 0.375
vt 0.2777778 0.375
vt 0.3055556 0.375
vt 0.3333333 0.375
vt 0.3611111 0.375
vt 0.3888889 0.375
vt 0.4166667 0.375
vt 0.4444444 0.375
vt 0.4722222 0.375
vt 0.5 0.375
vt 0.5277778 0.375
vt 0.5555556 0.375
vt 0.5833333 0.375
vt 0.6111111 0.375
vt 0.6388889 0.375
vt 0.6666667 0.375
vt 0.6944444 0.375
vt 0.7222222 0.375
vt 0.75 0.375
vt 0.7777778 0.375
vt 0.8055556 0.375
vt 0.8333333 0.375
vt 0.8611111 0.375
vt 0.8888889 0.375
vt 0.9166667 0.375
vt 0.9444444 0.375
vt 0.9722222 0.375
vt 1 0.375
vt 0 0.4166667
vt 0.02777778 0.4166667
vt 0.05555556 0.4166667
vt 0.08333334 0.4166667
vt 0.1111111 0.4166667
vt 0.1388889 0.4166667
vt 0.1666667 0.4166667
vt 0.1944444 0.4166667
vt 0.2222222 0.4166667
vt 0.25 0.4166667
vt 0.2777778 0.4166667
vt 0.3055556 0.4166667
vt 0.3333333 0.4166667
vt 0.3611111 0.4166667
vt 0.3888889 0.4166667
vt 0.4166667 0.4166667
vt 0.4444444 0.4166667
vt 0.4722222 0.4166667
vt 0.5 0.4166667
vt 0.5277778 0.4166667
vt 0.5555556 0.4166667
vt 0.5833333 0.4166667
vt 0.6111111 0.4166667
vt 0.6388889 0.4166667
vt 0.6666667 0.4166667
vt 0.6944444 0.4166667
vt 0.7222222 0.4166667
vt 0.75 0.4166667
vt 0.7777778 0.4166667
vt 0.8055556 0.4166667
vt 0.8333333 0.4166667
vt 0.8611111 0.4166667
vt 0.8888889 0.4166667
vt 0.9166667 0.4166667
vt 0.9444444 0.4166667
vt 0.9722222 0.4166667
vt 1 0.4166667
vt 0 0.4583333
vt 0.02777778 0.4583333
vt 0.05555556 0.4583333
vt 0.08333334 0.4583333
vt 0.1111111 0.4583333
vt 0.1388889 0.4583333
vt 0.1666667 0.4583333
vt 0.1944444 0.4583333
vt 0.2222222 0.4583333
vt 0.25 0.4583333
vt 0.2777778 0.4583333
vt 0.3055556 0.4583333
vt 0.3333333 0.4583333
vt 0.3611111 0.4583333
vt 0.3888889 0.4583333
vt 0.4166667 0.4583333
vt 0.4444444 0.4583333
vt 0.4722222 0.4583333
vt 0.5 0.4583333
vt 0.5277778 0.4583333
vt 0.5555556 0.4583333
vt 0.5833333 0.4583333
vt 0.6111111 0.4583333
vt 0.6388889 0.4583333
vt 0.6666667 0.4583333
vt 0.6944444 0.4583333
vt 0.7222222 0.4583333
vt 0.75 0.4583333
vt 0.7777778 0.4583333
vt 0.8055556 0.4583333
vt 0.8333333 0.4583333
vt 0.8611111 0.4583333
vt 0.8888889 0.4583333
vt 0.9166667 0.4583333
vt 0.9444444 0.4583333
vt 0.9722222 0.4583333
vt 1 0.4583333
vt 0 0.5
vt 0.02777778 0.5
vt 0.05555556 0.5
vt 0.08333334 0.5
vt 0.1111111 0.5
vt 0.1388889 0.5
vt 0.1666667 0.5
vt 0.1944444 0.5
vt 0.2222222 0.5
vt 0.25 0.5
vt 0.2777778 0.5
vt 0.3055556 0.5
vt 0.3333333 0.5
vt 0.3611111 0.5
vt 0.3888889 0.5
vt 0.4166667 0.5
vt 0.4444444 0.5
vt 0.4722222 0.5
vt 0.5 0.5
vt 0.5277778 0.5
vt 0.5555556 0.5
vt 0.5833333 0.5
vt 0.6111111 0.5
vt 0.6388889 0.5
vt 0.6666667 0.5
vt 0.6944444 0.5
vt 0.7222222 0.5
vt 0.75 0.5
vt 0.7777778 0.5
vt 0.8055556 0.5
vt 0.8333333 0.5
vt 0.8611111 0.5
vt 0.8888889 0.5
vt 0.9166667 0.5
vt 0.9444444 0.5
vt 0.9722222 0.5
vt 1 0.5
vt 0 0.5416667
vt 0.02777778 0.5416667
vt 0.05555556 0.5416667
vt 0.08333334 0.5416667
vt 0.1111111 0.5416667
vt 0.1388889 0.5416667
vt 0.1666667 0.5416667
vt 0.1944444 0.5416667
vt 0.2222222 0.5416667
vt 0.25 0.5416667
vt 0.2777778 0.5416667
vt 0.3055556 0.5416667
vt 0.3333333 0.5416667
vt 0.3611111 0.5416667
vt 0.3888889 0.5416667
vt 0.4166667 0.5416667
vt 0.4444444 0.5416667
vt 0.4722222 0.5416667
vt 0.5 0.5416667
vt 0.5277778 0.5416667
vt 0.5555556 0.5416667
vt 0.5833333 0.5416667
vt 0.6111111 0.5416667
vt 0.6388889 0.5416667
vt 0.6666667 0.5416667
vt 0.6944444 0.5416667
vt 0.7222222 0.5416667
vt 0.75 0.5416667
vt 0.7777778 0.5416667
vt 0.8055556 0.5416667
vt 0.8333333 0.5416667
vt 0.8611111 0.5416667
vt 0.8888889 0.5416667
vt 0.9166667 0.5416667
vt 0.9444444 0.5416667
vt 0.9722222 0.5416667
vt 1 0.5416667
vt 0 0.5833333
vt 0.02777778 0.5833333
vt 0.05555556 0.5833333
vt 0.08333334 0.5833333
vt 0.1111111 0.5833333
vt 0.1388889 0.5833333
vt 0.1666667 0.5833333
vt 0.1944444 0.5833333
vt 0.2222222 0.5833333
vt 0.25 0.5833333
vt 0.2777778 0.5833333
vt 0.3055556 0.5833333
vt 0.3333333 0.5833333
vt 0.3611111 0.5833333
vt 0.3888889 0.5833333
vt 0.4166667 0.5833333
vt 0.4444444 0.5833333
vt 0.4722222 0.5833333
vt 0.5 0.5833333
vt 0.5277778 0.5833333
vt 0.5555556 0.5833333
vt 0.5833333 0.5833333
vt 0.6111111 0.5833333
vt 0.6388889 0.5833333
vt 0.6666667 0.5833333
vt 0.6944444 0.5833333
vt 0.7222222 0.5833333
vt 0.75 0.5833333
vt 0.7777778 0.5833333
vt 0.8055556 0.5833333
vt 0.8333333 0.5833333
vt 0.8611111 0.5833333
vt 0.8888889 0.5833333
vt 0.9166667 0.5833333
vt 0.9444444 0.5833333
vt 0.9722222 0.5833333
vt 1 0.5833333
vt 0 0.625
vt 0.02777778 0.625
vt 0.05555556 0.625
vt 0.08333334 0.625
vt 0.1111111 0.625
vt 0.1388889 0.625
vt 0.1666667 0.625
vt 0.1944444 0.625
vt 0.2222222 0.625
vt 0.25 0.625
vt 0.2777778 0.625
vt 0.3055556 0.625
vt 0.3333333 0.625
vt 0.3611111 0.625
vt 0.3888889 0.625
vt 0.4166667 0.625
vt 0.4444444 0.625
vt 0.4722222 0.625
vt 0.5 0.625
vt 0.5277778 0.625
vt 0.5555556 0.625
vt 0.5833333 0.625
vt 0.6111111 0.625
vt 0.6388889 0.625
vt 0.6666667 0.625
vt 0.6944444 0.625
vt 0.7222222 0.625
vt 0.75 0.625
vt 0.7777778 0.625
vt 0.8055556 0.625
vt 0.8333333 0.625
vt 0.8611111 0.625
vt 0.8888889 0.625
vt 0.9166667 0.625
vt 0.9444444 0.625
vt 0.9722222 0.625
vt 1 0.625
vt 0 0.6666667
vt 0.02777778 0.6666667
vt 0.05555556 0.6666667
vt 0.08333334 0.6666667
vt 0.1111111 0.6666667
vt 0.1388889 0.6666667
vt 0.1666667 0.6666667
vt 0.1944444 0.6666667
vt 0.2222222 0.6666667
vt 0.25 0.6666667
vt 0.2777778 0.6666667
vt 0.3055556 0.6666667
vt 0.3333333 0.6666667
vt 0.3611111 0.6666667
vt 0.3888889 0.6666667
vt 0.4166667 0.6666667
vt 0.4444444 0.6666667
vt 0.4722222 0.6666667
vt 0.5 0.6666667
vt 0.5277778 0.6666667
vt 0.5555556 0.6666667
vt 0.5833333 0.6666667
vt 0.6111111 0.6666667
vt 0.6388889 0.6666667
vt 0.6666667 0.6666667
vt 0.6944444 0.6666667
vt 0.7222222 0.6666667
vt 0.75 0.6666667
vt 0.7777778 0.6666667
vt 0.8055556 0.6666667
vt 0.8333333 0.6666667
vt 0.8611111 0.6666667
vt 0.8888889 0.6666667
vt 0.9166667 0.6666667
vt 0.9444444 0.6666667
vt 0.9722222 0.6666667
vt 1 0.6666667
vt 0 0.7083333
vt 0.02777778 0.7083333
vt 0.05555556 0.7083333
vt 0.08333334 0.7083333
vt 0.1111111 0.7083333
vt 0.1388889 0.7083333
vt 0.1666667 0.7083333
vt 0.1944444 0.7083333
vt 0.2222222 0.7083333
vt 0.25 0.7083333
vt 0.2777778 0.7083333
vt 0.3055556 0.7083333
vt 0.3333333 0.7083333
vt 0.3611111 0.7083333
vt 0.3888889 0.7083333
vt 0.4166667 0.7083333
vt 0.4444444 0.7083333
vt 0.4722222 0.7083333
vt 0.5 0.7083333
vt 0.5277778 0.7083333
vt 0.5555556 0.7083333
vt 0.5833333 0.7083333
vt 0.6111111 0.7083333
vt 0.6388889 0.7083333
vt 0.6666667 0.7083333
vt 0.6944444 0.7083333
vt 0.7222222 0.7083333
vt 0.75 0.7083333
vt 0.7777778 0.7083333
vt 0.8055556 0.7083333
vt 0.8333333 0.7083333
vt 0.8611111 0.7083333
vt 0.8888889 0.7083333
vt 0.9166667 0.7083333
vt 0.9444444 0.7083333
vt 0.9722222 0.7083333
vt 1 0.7083333
vt 0 0.75
vt 0.02777778 0.75
vt 0.05555556 0.75
vt 0.08333334 0.75
vt 0.1111111 0.75
vt 0.1388889 0.75
vt 0.1666667 0.75
vt 0.1944444 0.75
vt 0.2222222 0.75
vt 0.25 0.75
vt 0.2777778 0.75
vt 0.3055556 0.75
vt 0.3333333 0.75
vt 0.3611111 0.75
vt 0.3888889 0.75
vt 0.4166667 0.75
vt 0.4444444 0.75
vt 0.4722222 0.75
vt 0.5 0.75
vt 0.5277778 0.75
vt 0.5555556 0.75
vt 0.5833333 0.75
vt 0.6111111 0.75
vt 0.6388889 0.75
vt 0.6666667 0.75
vt 0.6944444 0.75
vt 0.7222222 0.75
vt 0.75 0.75
vt 0.7777778 0.75
vt 0.8055556 0.75
vt 0.8333333 0.75
vt 0.8611111 0.75
vt 0.8888889 0.75
vt 0.9166667 0.75
vt 0.9444444 0.75
vt 0.9722222 0.75
vt 1 0.75
vt 0 0.7916667
vt 0.02777778 0.7916667
vt 0.05555556 0.7916667
vt 0.08333334 0.7916667
vt 0.1111111 0.7916667
vt 0.1388889 0.7916667
vt 0.1666667 0.7916667
vt 0.1944444 0.7916667
vt 0.2222222 0.7916667
vt 0.25 0.7916667
vt 0.2777778 0.7916667
vt 0.3055556 0.7916667
vt 0.3333333 0.7916667
vt 0.3611111 0.7916667
vt 0.3888889 0.7916667
vt 0.4166667 0.7916667
vt 0.4444444 0.7916667
vt 0.4722222 0.7916667
vt 0.5 0.7916667
vt 0.5277778 0.7916667
vt 0.5555556 0.7916667
vt 0.5833333 0.7916667
vt 0.6111111 0.7916667
vt 0.6388889 0.7916667
vt 0.6666667 0.7916667
vt 0.6944444 0.7916667
vt 0.7222222 0.7916667
vt 0.75 0.7916667
vt 0.7777778 0.7916667
vt 0.8055556 0.7916667
vt 0.8333333 0.7916667
vt 0.8611111 0.7916667
vt 0.8888889 0.7916667
vt 0.9166667 0.7916667
vt 0.9444444 0.7916667
vt 0.9722222 0.7916667
vt 1 0.7916667
vt 0 0.8333333
vt 0.02777778 0.8333333
vt 0.05555556 0.8333333
vt 0.08333334 0.8333333
vt 0.1111111 0.8333333
vt 0.1388889 0.8333333
vt 0.1666667 0.8333333
vt 0.1944444 0.8333333
vt 0.2222222 0.8333333
vt 0.25 0.8333333
vt 0.2777778 0.8333333
vt 0.3055556 0.8333333
vt 0.3333333 0.8333333
vt 0.3611111 0.8333333
vt 0.3888889 0.8333333
vt 0.4166667 0.8333333
vt 0.4444444 0.8333333
vt 0.4722222 0.8333333
vt 0.5 0.8333333
vt 0.5277778 0.8333333
vt 0.5555556 0.8333333
vt 0.5833333 0.8333333
vt 0.6111111 0.8333333
vt 0.6388889 0.8333333
vt 0.6666667 0.8333333
vt 0.6944444 0.8333333
vt 0.7222222 0.8333333
vt 0.75 0.8333333
vt 0.7777778 0.8333333
vt 0.8055556 0.8333333
vt 0.8333333 0.8333333
vt 0.8611111 0.8333333
vt 0.8888889 0.8333333
vt 0.9166667 0.8333333
vt 0.9444444 0.8333333
vt 0.9722222 0.8333333
vt 1 0.8333333
vt 0 0.875
vt 0.02777778 0.875
vt 0.05555556 0.875
vt 0.08333334 0.875
vt 0.1111111 0.875
vt 0.1388889 0.875
vt 0.1666667 0.875
vt 0.1944444 0.875
vt 0.2222222 0.875
vt 0.25 0.875
vt 0.2777778 0.875
vt 0.3055556 0.875
vt 0.3333333 0.875
vt 0.3611111 0.875
vt 0.3888889 0.875
vt 0.4166667 0.875
vt 0.4444444 0.875
vt 0.4722222 0.875
vt 0.5 0.875
vt 0.5277778 0.875
vt 0.5555556 0.875
vt 0.5833333 0.875
vt 0.6111111 0.875
vt 0.6388889 0.875
vt 0.6666667 0.875
vt 0.6944444 0.875
vt 0.7222222 0.875
vt 0.75 0.875
vt 0.7777778 0.875
vt 0.8055556 0.875
vt 0.8333333 0.875
vt 0.8611111 0.875
vt 0.8888889 0.875
vt 0.9166667 0.875
vt 0.9444444 0.875
vt 0.9722222 0.875
vt 1 0.875
vt 0 0.9166667
vt 0.02777778 0.9166667
vt 0.05555556 0.9166667
vt 0.08333334 0.9166667
vt 0.1111111 0.9166667
vt 0.1388889 0.9166667
vt 0.1666667 0.9166667
vt 0.1944444 0.9166667
vt 0.2222222 0.9166667
vt 0.25 0.9166667
vt 0.2777778 0.9166667
vt 0.3055556 0.9166667
vt 0.3333333 0.9166667
vt 0.3611111 0.9166667
vt 0.3888889 0.9166667
vt 0.4166667 0.9166667
vt 0.4444444 0.9166667
vt 0.4722222 0.9166667
vt 0.5 0.9166667
vt 0.5277778 0.9166667
vt 0.5555556 0.9166667
vt 0.5833333 0.9166667
vt 0.6111111 0.9166667
vt 0.6388889 0.9166667
vt 0.6666667 0.9166667
vt 0.6944444 0.9166667
vt 0.7222222 0.9166667
vt 0.75 0.9166667
vt 0.7777778 0.9166667
vt 0.8055556 0.9166667
vt 0.8333333 0.9166667
vt 0.8611111 0.9166667
vt 0.8888889 0.9166667
vt 0.9166667 0.9166667
vt 0.9444444 0.9166667
vt 0.9722222 0.9166667
vt 1 0.9166667
vt 0 0.9583333
vt 0.02777778 0.9583333
vt 0.05555556 0.9583333
vt 0.08333334 0.9583333
vt 0.1111111 0.9583333
vt 0.1388889 0.9583333
vt 0.1666667 0.9583333
vt 0.1944444 0.9583333
vt 0.2222222 0.9583333
vt 0.25 0.9583333
vt 0.2777778 0.9583333
vt 0.3055556 0.9583333
vt 0.3333333 0.9583333
vt 0.3611111 0.9583333
vt 0.3888889 0.9583333
vt 0.4166667 0.9583333
vt 0.4444444 0.9583333
vt 0.4722222 0.9583333
vt 0.5 0.9583333
vt 0.5277778 0.9583333
vt 0.5555556 0.9583333
vt 0.5833333 0.9583333
vt 0.6111111 0.9583333
vt 0.6388889 0.9583333
vt 0.6666667 0.9583333
vt 0.6944444 0.9583333
vt 0.7222222 0.9583333
vt 0.75 0.9583333
vt 0.7777778 0.9583333
vt 0.8055556 0.9583333
vt 0.8333333 0.9583333
vt 0.8611111 0.9583333
vt 0.8888889 0.9583333
vt 0.9166667 0.9583333
vt 0.9444444 0.9583333
vt 0.9722222 0.9583333
vt 1 0.9583333
vt 0 1
vt 0.02777778 1
vt 0.05555556 1
vt 0.08333334 1
vt 0.1111111 1
vt 0.1388889 1
vt 0.1666667 1
vt 0.1944444 1
vt 0.2222222 1
vt 0.25 1
vt 0.2777778 1
vt 0.3055556 1
vt 0.3333333 1
vt 0.3611111 1
vt 0.3888889 1
vt 0.4166667 1
vt 0.4444444 1
vt 0.4722222 1
vt 0.5 1
vt 0.5277778 1
vt 0.5555556 1
vt 0.5833333 1
vt 0.6111111 1
vt 0.6388889 1
vt 0.6666667 1
vt 0.6944444 1
vt 0.7222222 1
vt 0.75 1
vt 0.7777778 1
vt 0.8055556 1
vt 0.8333333 1
vt 0.8611111 1
vt 0.8888889 1
vt 0.9166667 1
vt 0.9444444 1
vt 0.9722222 1
vt 1 1
vn 0 1 0
vn 0 1 0
vn 0 1 0
vn 0 1 0
vn 0 1 0
vn 0 1 0
vn 0 1 0
vn 0 1 0
vn 0 1 0
vn 0 1 0
vn 0 1 0
vn 0 1 0
vn 0 1 0
vn 0 1 0
vn 0 1 0
vn 0 1 0
vn 0 1 0
vn 0 1 0
vn 0 1 0
vn 0 1 0
vn 0 1 0
vn 0 1 0
vn 0 1 0
vn 0 1 0
vn 0 1 0
vn 0 1 0
vn 0 1 0
vn 0 1 0
vn 0 1 0
vn 0 1 0
vn 0 1 0
vn 0 1 0
vn 0 1 0
vn 0 1 0
vn 0 1 0
vn 0 1 0
vn 0 1 0
vn 0.4185126 0.908211 0
vn 0.4121473 0.9082127 0.0726933
vn 0.3932737 0.9082114 0.1431354
vn 0.362442 0.9082103 0.2092606
vn 0.3205962 0.9082116 0.2690159
vn 0.2690159 0.9082116 0.3205962
vn 0.2092565 0.9082103 0.3624443
vn 0.1431323 0.9082115 0.3932749
vn 0.07267128 0.9082102 0.4121566
vn 0 0.9082111 0.4185126
vn -0.0726709 0.9082126 0.4121513
vn -0.1431435 0.9082114 0.3932708
vn -0.2092565 0.9082103 0.3624443
vn -0.2690159 0.9082116 0.3205962
vn -0.3205993 0.9082116 0.2690124
vn -0.3624443 0.9082103 0.2092565
vn -0.393273 0.9082115 0.1431374
vn -0.4121542 0.9082126 0.07265499
vn -0.4185126 0.9082111 0
vn -0.4121485 0.9082127 -0.07268625
vn -0.3932722 0.9082116 -0.1431382
vn -0.3624445 0.9082102 -0.2092561
vn -0.3205995 0.9082116 -0.2690121
vn -0.2690082 0.9082116 -0.3206027
vn -0.2092656 0.9082103 -0.362439
vn -0.1431404 0.9082115 -0.3932719
vn -0.07267799 0.9082102 -0.4121555
vn 0 0.9082111 -0.4185126
vn 0.07267182 0.9082102 -0.4121566
vn 0.1431364 0.9082114 -0.3932734
vn 0.2092656 0.9082103 -0.362439
vn 0.2690222 0.9082116 -0.320591
vn 0.3205965 0.9082116 -0.2690157
vn 0.362437 0.9082114 -0.2092644
vn 0.3932725 0.9082116 -0.1431372
vn 0.4121557 0.9082102 -0.07267801
vn 0.4185126 0.9082111 0
vn 0.6840968 0.7293913 0
vn 0.6737003 0.7293921 0.1188069
vn 0.6428429 0.729394 0.2339605
vn 0.5924408 0.7293879 0.3420628
vn 0.5240534 0.7293911 0.4397235
vn 0.4397235 0.7293911 0.5240534
vn 0.3420562 0.7293879 0.5924447
vn 0.2339551 0.729395 0.6428437
vn 0.1187672 0.7293924 0.6737071
vn 0 0.7293913 0.6840968
vn -0.1188095 0.7293923 0.6736996
vn -0.2339739 0.729394 0.642838
vn -0.3420472 0.729388 0.59245
vn -0.4397235 0.7293911 0.5240534
vn -0.5240583 0.7293911 0.4397176
vn -0.59245 0.729388 0.3420472
vn -0.6428406 0.7293949 0.2339635
vn -0.6737044 0.7293923 0.1187824
vn -0.6840968 0.7293913 0
vn -0.6737023 0.7293923 -0.1187943
vn -0.642841 0.729394 -0.2339655
vn -0.5924451 0.7293879 -0.3420556
vn -0.5240588 0.7293911 -0.4397171
vn -0.4397108 0.7293911 -0.5240641
vn -0.3420465 0.7293879 -0.5924503
vn -0.2339873 0.729394 -0.6428331
vn -0.1188196 0.7293923 -0.6736978
vn 0 0.7293913 -0.6840968
vn 0.1188086 0.7293923 -0.6736997
vn 0.2339621 0.729394 -0.6428423
vn 0.3420556 0.7293879 -0.5924451
vn 0.4397337 0.729391 -0.5240448
vn 0.5240538 0.7293911 -0.439723
vn 0.5924451 0.7293879 -0.3420556
vn 0.6428416 0.729394 -0.2339638
vn 0.6736978 0.7293923 -0.1188196
vn 0.6840968 0.7293913 0
vn 0.8231648 0.5678024 0
vn 0.8106548 0.5678008 0.1429722
vn 0.7735249 0.5678033 0.2815291
vn 0.7128665 0.5678063 0.4116034
vn 0.6305948 0.5677944 0.529112
vn 0.5291185 0.5677987 0.6305856
vn 0.4115852 0.5678063 0.712877
vn 0.2815155 0.5678034 0.7735298
vn 0.1429421 0.5678008 0.8106601
vn 0 0.5678025 0.8231648
vn -0.1429436 0.5678008 0.8106598
vn -0.281546 0.5678011 0.7735204
vn -0.4115778 0.5678063 0.7128813
vn -0.529112 0.5677944 0.6305949
vn -0.6305857 0.5678088 0.5291076
vn -0.7128813 0.5678063 0.4115779
vn -0.7735243 0.5678012 0.2815351
vn -0.8106628 0.5678008 0.1429266
vn -0.8231648 0.5678025 0
vn -0.8106515 0.5678008 -0.1429906
vn -0.7735249 0.5678033 -0.2815291
vn -0.7128796 0.5678063 -0.4115807
vn -0.6305873 0.5677987 -0.5291166
vn -0.5290986 0.5678088 -0.6305933
vn -0.4115733 0.5678063 -0.7128839
vn -0.2815591 0.5678033 -0.773514
vn -0.1429402 0.5678009 -0.8106605
vn 0 0.5678025 -0.8231648
vn 0.1429406 0.5678138 -0.8106512
vn 0.281529 0.5678033 -0.7735249
vn 0.4115807 0.5678063 -0.7128796
vn 0.5291469 0.5677987 -0.6305619
vn 0.6305766 0.5678088 -0.5291185
vn 0.7128796 0.5678063 -0.4115807
vn 0.7735243 0.5678012 -0.2815351
vn 0.8106604 0.5678008 -0.1429402
vn 0.8231648 0.5678024 0
vn 0.8962594 0.4435303 0
vn 0.8826409 0.4435308 0.1556455
vn 0.8422111 0.4435263 0.3065368
vn 0.776176 0.4435322 0.4481405
vn 0.6865737 0.4435336 0.576103
vn 0.576103 0.4435336 0.6865737
vn 0.4481323 0.4435289 0.7761827
vn 0.30653 0.4435263 0.8422136
vn 0.1556205 0.4435308 0.8826453
vn 0 0.4435304 0.8962594
vn -0.1556217 0.4435308 0.8826451
vn -0.3065551 0.4435264 0.8422045
vn -0.4481254 0.4435322 0.7761848
vn -0.576103 0.4435336 0.6865737
vn -0.6865804 0.4435335 0.5760949
vn -0.7761848 0.4435322 0.4481254
vn -0.8422095 0.4435263 0.3065414
vn -0.8826467 0.4435308 0.1556124
vn -0.8962594 0.4435303 0
vn -0.8826388 0.4435308 -0.1556573
vn -0.8422087 0.4435263 -0.3065436
vn -0.7761831 0.4435289 -0.4481314
vn -0.6865809 0.4435336 -0.5760943
vn -0.5760857 0.4435336 -0.6865881
vn -0.4481254 0.4435289 -0.7761867
vn -0.3065481 0.4435263 -0.842207
vn -0.1556379 0.4435308 -0.8826422
vn 0 0.4435303 -0.8962594
vn 0.1556217 0.4435308 -0.8826451
vn 0.3065436 0.4435263 -0.8422087
vn 0.4481314 0.4435289 -0.7761831
vn 0.5761169 0.4435335 -0.6865619
vn 0.6865741 0.4435335 -0.5761024
vn 0.7761818 0.4435322 -0.4481307
vn 0.8422095 0.4435263 -0.3065414
vn 0.8826422 0.4435308 -0.1556379
vn 0.8962594 0.4435304 0
vn 0.9371416 0.348949 0
vn 0.9229085 0.3489389 0.1627313
vn 0.8806354 0.3489377 0.3205054
vn 0.8115878 0.348943 0.4685766
vn 0.7178923 0.3489522 0.6023812
vn 0.6023812 0.3489522 0.7178923
vn 0.4685362 0.3489642 0.8116021
vn 0.3205221 0.3489606 0.8806202
vn 0.1627318 0.3489635 0.9228991
vn 0 0.3489491 0.9371416
vn -0.1626872 0.348939 0.9229164
vn -0.3205208 0.3489397 0.8806289
vn -0.4685766 0.3489429 0.8115878
vn -0.6023812 0.3489522 0.7178923
vn -0.7178902 0.3489443 0.6023881
vn -0.8115878 0.348943 0.4685766
vn -0.8806097 0.3489627 0.3205491
vn -0.9229128 0.3489389 0.1627069
vn -0.9371416 0.348949 0
vn -0.9229029 0.3489395 -0.1627618
vn -0.8806291 0.3489398 -0.3205208
vn -0.8115733 0.348943 -0.4686019
vn -0.7178985 0.3489521 -0.6023737
vn -0.6023544 0.3489522 -0.7179148
vn -0.4685614 0.3489642 -0.8115875
vn -0.3205181 0.3489607 -0.8806217
vn -0.1626923 0.348963 -0.9229063
vn 0 0.3489491 -0.9371416
vn 0.1626856 0.348963 -0.9229074
vn 0.3205608 0.3489627 -0.8806053
vn 0.468572 0.3489642 -0.8115814
vn 0.6023908 0.3489522 -0.7178842
vn 0.7178931 0.3489443 -0.6023847
vn 0.8115943 0.348943 -0.4685654
vn 0.8806333 0.3489398 -0.3205091
vn 0.9229059 0.3489635 -0.1626933
vn 0.9371416 0.3489491 0
vn 0.961524 0.2747211 0
vn 0.9469107 0.2747183 0.1670029
vn 0.9035302 0.2747051 0.3288926
vn 0.8327036 0.2747205 0.4807632
vn 0.7365748 0.2747185 0.6180512
vn 0.6180512 0.2747185 0.7365748
vn 0.4807402 0.2747206 0.8327169
vn 0.3288732 0.2747265 0.9035308
vn 0.1669629 0.2747402 0.9469114
vn 0 0.2747211 0.961524
vn -0.1669658 0.2747184 0.9469172
vn -0.3289166 0.2747071 0.9035208
vn -0.4807632 0.2747205 0.8327036
vn -0.6180512 0.2747185 0.7365748
vn -0.7365727 0.2747185 0.6180537
vn -0.8327036 0.2747205 0.4807632
vn -0.9035358 0.2747265 0.3288595
vn -0.9469212 0.2747184 0.1669434
vn -0.961524 0.2747211 0
vn -0.9469063 0.2747179 -0.1670281
vn -0.9035232 0.2747265 -0.3288939
vn -0.8326961 0.2747205 -0.4807761
vn -0.7365891 0.2747185 -0.6180341
vn -0.618039 0.2747359 -0.7365785
vn -0.4807761 0.2747205 -0.8326961
vn -0.3288626 0.2747284 -0.9035339
vn -0.1669651 0.2747402 -0.946911
vn 0 0.2747211 -0.961524
vn 0.1669649 0.2747183 -0.9469174
vn 0.3288559 0.2747265 -0.9035371
vn 0.4807761 0.2747205 -0.8326961
vn 0.6180723 0.2747185 -0.736557
vn 0.7365612 0.2747185 -0.6180674
vn 0.8327148 0.2747205 -0.4807439
vn 0.9035214 0.2747284 -0.3288972
vn 0.946911 0.2747407 -0.1669641
vn 0.961524 0.2747211 0
vn 0.9767978 0.214164 0
vn 0.9619554 0.2141689 0.1696275
vn 0.9178867 0.2141759 0.3340849
vn 0.8459153 0.2141574 0.4884301
vn 0.7482434 0.2141721 0.627903
vn 0.627861 0.2141721 0.7482786
vn 0.4884178 0.2141574 0.8459224
vn 0.3340693 0.2141759 0.9178924
vn 0.169593 0.2141689 0.9619614
vn 0 0.214164 0.9767978
vn -0.169593 0.2141689 0.9619614
vn -0.3341039 0.2141722 0.9178806
vn -0.4884093 0.2141574 0.8459272
vn -0.627903 0.2141721 0.7482434
vn -0.748271 0.2141584 0.6278748
vn -0.8459273 0.2141574 0.4884094
vn -0.9178867 0.2141759 0.3340849
vn -0.9619644 0.2141688 0.1695769
vn -0.9767978 0.214164 0
vn -0.9619517 0.2141689 -0.1696486
vn -0.9178938 0.2141523 -0.3340804
vn -0.8459254 0.2141574 -0.4884126
vn -0.7482724 0.2141721 -0.6278684
vn -0.6278777 0.2141584 -0.7482685
vn -0.4884042 0.2141574 -0.8459302
vn -0.3341129 0.2141759 -0.9178764
vn -0.1696269 0.2141698 -0.9619553
vn 0 0.214164 -0.9767978
vn 0.1695947 0.2141688 -0.9619612
vn 0.3340804 0.2141523 -0.9178938
vn 0.4884126 0.2141574 -0.8459254
vn 0.627905 0.2141584 -0.7482456
vn 0.7482846 0.2141584 -0.6278585
vn 0.8459219 0.2141757 -0.4884106
vn 0.9178907 0.2141559 -0.3340864
vn 0.9619555 0.2141689 -0.1696269
vn 0.9767978 0.214164 0
vn 0.986665 0.1627646 0
vn 0.9716741 0.1627664 0.1713379
vn 0.9271619 0.1627605 0.3374609
vn 0.854479 0.1627681 0.4933275
vn 0.7558174 0.1627608 0.634231
vn 0.634231 0.1627608 0.7558174
vn 0.4933431 0.1627681 0.85447
vn 0.3374772 0.1627794 0.9271527
vn 0.1713044 0.1627663 0.9716799
vn 0 0.1627646 0.986665
vn -0.1713075 0.1627663 0.9716794
vn -0.3374841 0.1627605 0.9271534
vn -0.4933084 0.1627681 0.8544902
vn -0.634231 0.1627608 0.7558174
vn -0.7558405 0.1627633 0.6342028
vn -0.8544902 0.1627681 0.4933084
vn -0.9271569 0.1627794 0.3374657
vn -0.971682 0.1627663 0.1712926
vn -0.986665 0.1627646 0
vn -0.9716707 0.1627672 -0.1713558
vn -0.9271545 0.1627605 -0.3374811
vn -0.8544773 0.1627681 -0.4933306
vn -0.7558266 0.1627608 -0.6342201
vn -0.6342057 0.1627608 -0.7558387
vn -0.4933306 0.1627681 -0.8544773
vn -0.3374482 0.1627794 -0.9271632
vn -0.1713343 0.1627672 -0.9716746
vn 0 0.1627646 -0.986665
vn 0.1713075 0.1627663 -0.9716794
vn 0.3374753 0.1627605 -0.9271566
vn 0.4933306 0.1627681 -0.8544773
vn 0.6342487 0.1627608 -0.7558026
vn 0.755819 0.1627761 -0.6342252
vn 0.8544773 0.1627681 -0.4933306
vn 0.9271597 0.1627605 -0.3374667
vn 0.9716747 0.1627663 -0.1713343
vn 0.986665 0.1627646 0
vn 0.9930698 0.1175258 0
vn 0.9779806 0.1175245 0.1724584
vn 0.9331781 0.1175272 0.3396558
vn 0.8600239 0.1175205 0.4965357
vn 0.7607307 0.1175293 0.6383381
vn 0.6383381 0.1175293 0.7607307
vn 0.4965249 0.1175205 0.8600303
vn 0.3396415 0.117542 0.9331813
vn 0.1724298 0.1175245 0.9779856
vn 0 0.1175258 0.9930698
vn -0.1724312 0.1175245 0.9779854
vn -0.3396776 0.1175272 0.9331701
vn -0.4965175 0.1175205 0.8600344
vn -0.6383381 0.1175293 0.7607307
vn -0.7607388 0.1175293 0.6383286
vn -0.8600344 0.1175205 0.4965175
vn -0.9331744 0.117542 0.3396606
vn -0.9779876 0.1175245 0.1724186
vn -0.9930698 0.1175258 0
vn -0.9779835 0.1175245 -0.1724424
vn -0.9331735 0.117524 -0.3396694
vn -0.8600222 0.1175205 -0.4965385
vn -0.7607561 0.1175293 -0.6383079
vn -0.6383175 0.1175293 -0.7607481
vn -0.4965239 0.1175205 -0.8600308
vn -0.3396742 0.117542 -0.9331695
vn -0.1724535 0.1175245 -0.9779814
vn 0 0.1175258 -0.9930698
vn 0.1724298 0.1175245 -0.9779856
vn 0.3396693 0.1175272 -0.9331731
vn 0.4965312 0.1175205 -0.8600265
vn 0.6383349 0.1175293 -0.7607334
vn 0.7607313 0.1175293 -0.6383374
vn 0.8600265 0.1175205 -0.4965312
vn 0.9331765 0.117524 -0.3396613
vn 0.9779815 0.1175245 -0.1724535
vn 0.9930698 0.1175258 0
vn 0.9970815 0.0763449 0
vn 0.9819302 0.07634825 0.1731589
vn 0.9369447 0.07636021 0.3410335
vn 0.8634958 0.0763346 0.4985461
vn 0.7638079 0.07633977 0.6409131
vn 0.6409125 0.07635398 0.7638071
vn 0.4985357 0.07633459 0.8635017
vn 0.3410257 0.07636022 0.9369475
vn 0.1731301 0.07634824 0.9819353
vn 0 0.0763449 0.9970815
vn -0.1731301 0.07634824 0.9819353
vn -0.3410546 0.07636022 0.936937
vn -0.4985286 0.07633459 0.8635058
vn -0.6409131 0.07633977 0.7638079
vn -0.7638148 0.07635397 0.6409033
vn -0.8635058 0.07633459 0.4985286
vn -0.9369408 0.07636022 0.3410441
vn -0.9819372 0.07634824 0.1731193
vn -0.9970815 0.0763449 0
vn -0.9819275 0.07634824 -0.1731738
vn -0.9369523 0.07636022 -0.3410125
vn -0.8634983 0.0763346 -0.4985417
vn -0.7638154 0.07635397 -0.6409026
vn -0.6408926 0.07635398 -0.7638237
vn -0.4985346 0.07633459 -0.8635023
vn -0.3410518 0.0763602 -0.936938
vn -0.1731501 0.07634825 -0.9819317
vn 0 0.0763449 -0.9970815
vn 0.1731315 0.07634825 -0.9819351
vn 0.3410125 0.07636022 -0.9369523
vn 0.4985417 0.0763346 -0.8634983
vn 0.6409125 0.07635398 -0.7638071
vn 0.7638076 0.07635397 -0.6409119
vn 0.8634983 0.0763346 -0.4985417
vn 0.9369429 0.07635704 -0.3410389
vn 0.9819315 0.07634825 -0.1731515
vn 0.9970815 0.0763449 0
vn 0.9992932 0.03759054 0
vn 0.9841094 0.03759722 0.173537
vn 0.9390246 0.03759909 0.341788
vn 0.8654044 0.03759879 0.4996615
vn 0.765495 0.03759227 0.6423427
vn 0.6423427 0.03759227 0.765495
vn 0.4996515 0.03759879 0.8654102
vn 0.3417803 0.03759908 0.9390274
vn 0.1735088 0.03759722 0.9841144
vn 0 0.03759054 0.9992932
vn -0.1735102 0.03759721 0.9841142
vn -0.3418085 0.03759909 0.9390172
vn -0.4996445 0.03759879 0.8654141
vn -0.6423427 0.03759227 0.765495
vn -0.7655027 0.03759228 0.6423337
vn -0.8654141 0.03759879 0.4996445
vn -0.9390228 0.03759909 0.3417931
vn -0.984116 0.03759722 0.1734997
vn -0.9992932 0.03759054 0
vn -0.9841068 0.03759721 -0.1735516
vn -0.9390219 0.03759909 -0.3417956
vn -0.8654108 0.03759879 -0.4996504
vn -0.7655032 0.03759228 -0.642333
vn -0.6423234 0.03759227 -0.7655113
vn -0.4996436 0.03759879 -0.8654147
vn -0.3418007 0.03759909 -0.93902
vn -0.1735298 0.03759722 -0.9841107
vn 0 0.03759054 -0.9992932
vn 0.1735115 0.03759722 -0.9841139
vn 0.3417957 0.03759598 -0.939022
vn 0.4996504 0.03759879 -0.8654108
vn 0.6423583 0.03759227 -0.7654819
vn 0.7654955 0.03759227 -0.6423421
vn 0.8654112 0.03758304 -0.4996507
vn 0.9390228 0.03759909 -0.3417931
vn 0.9841107 0.03759722 -0.1735298
vn 0.9992932 0.03759054 0
vn 1 0 0
vn 0.9848054 0 0.1736613
vn 0.9396937 0 0.3420173
vn 0.8660182 0 0.5000126
vn 0.7660448 0 0.6427871
vn 0.6427871 0 0.7660448
vn 0.5000026 0 0.8660239
vn 0.3420097 0 0.9396964
vn 0.1736334 0 0.9848104
vn 0 0 1
vn -0.1736347 0 0.9848101
vn -0.3420376 0 0.9396863
vn -0.4999957 0 0.8660279
vn -0.6427871 0 0.7660448
vn -0.7660524 0 0.6427782
vn -0.8660279 0 0.4999957
vn -0.9396918 0 0.3420223
vn -0.984812 0 0.1736243
vn -1 -0 -0
vn -0.9848031 -0 -0.1736744
vn -0.9396909 -0 -0.3420248
vn -0.8660245 -0 -0.5000015
vn -0.766053 -0 -0.6427775
vn -0.6427679 -0 -0.7660609
vn -0.4999947 -0 -0.8660284
vn -0.3420299 -0 -0.9396891
vn -0.1736528 -0 -0.984807
vn 0 0 -1
vn 0.1736347 0 -0.9848101
vn 0.3420248 0 -0.9396909
vn 0.5000015 0 -0.8660245
vn 0.6428027 0 -0.7660318
vn 0.7660454 0 -0.6427864
vn 0.8660245 0 -0.5000015
vn 0.9396918 0 -0.3420223
vn 0.984807 0 -0.1736528
vn 1 0 0
vn 0.9992934 -0.03758575 0
vn 0.9841093 -0.03759243 0.1735384
vn 0.939023 -0.0375943 0.3417932
vn 0.8654044 -0.037594 0.4996616
vn 0.7655084 -0.03758749 0.6423271
vn 0.6423271 -0.03758749 0.7655084
vn 0.4996515 -0.037594 0.8654103
vn 0.3417855 -0.0375943 0.9390257
vn 0.1735102 -0.03759243 0.9841143
vn 0 -0.03758575 0.9992934
vn -0.1735116 -0.03759243 0.9841141
vn -0.3418137 -0.0375943 0.9390154
vn -0.4996446 -0.037594 0.8654143
vn -0.6423271 -0.03758749 0.7655084
vn -0.7655159 -0.03758749 0.6423181
vn -0.8654143 -0.037594 0.4996446
vn -0.9390211 -0.0375943 0.3417983
vn -0.984116 -0.03759243 0.1735011
vn -0.9992934 -0.03758575 -0
vn -0.984107 -0.03759243 -0.1735516
vn -0.9390202 -0.0375943 -0.3418008
vn -0.8654109 -0.037594 -0.4996506
vn -0.7655165 -0.03758749 -0.6423175
vn -0.6423078 -0.03758749 -0.7655246
vn -0.4996437 -0.037594 -0.8654149
vn -0.3418059 -0.0375943 -0.9390182
vn -0.1735298 -0.03759243 -0.9841108
vn 0 -0.03758575 -0.9992934
vn 0.1735116 -0.03759243 -0.9841141
vn 0.3418008 -0.03759119 -0.9390203
vn 0.4996505 -0.037594 -0.8654109
vn 0.6423428 -0.03758749 -0.7654952
vn 0.7655089 -0.03758749 -0.6423265
vn 0.8654114 -0.03757825 -0.4996509
vn 0.9390211 -0.0375943 -0.3417983
vn 0.9841109 -0.03759243 -0.1735298
vn 0.9992934 -0.03758575 0
vn 0.9970829 -0.07632502 0
vn 0.9819316 -0.07632837 0.1731592
vn 0.9369461 -0.07634033 0.3410341
vn 0.8634971 -0.07631472 0.4985468
vn 0.7638091 -0.0763199 0.6409141
vn 0.6409134 -0.0763341 0.7638082
vn 0.4985365 -0.07631472 0.8635031
vn 0.3410262 -0.07634033 0.9369489
vn 0.1731303 -0.07632837 0.9819368
vn 0 -0.07632502 0.9970829
vn -0.1731303 -0.07632837 0.9819368
vn -0.341055 -0.07634033 0.9369385
vn -0.4985293 -0.07631472 0.8635072
vn -0.6409141 -0.0763199 0.7638091
vn -0.763816 -0.0763341 0.6409042
vn -0.8635072 -0.07631472 0.4985293
vn -0.9369423 -0.07634033 0.3410446
vn -0.9819387 -0.07632837 0.1731196
vn -0.9970829 -0.07632502 -0
vn -0.9819291 -0.07632837 -0.1731741
vn -0.9369537 -0.07634033 -0.341013
vn -0.8634996 -0.07631472 -0.4985425
vn -0.7638165 -0.0763341 -0.6409036
vn -0.6408936 -0.0763341 -0.7638249
vn -0.4985354 -0.07631471 -0.8635036
vn -0.3410523 -0.07634033 -0.9369394
vn -0.1731504 -0.07632837 -0.9819333
vn 0 -0.07632502 -0.9970829
vn 0.1731317 -0.07632837 -0.9819365
vn 0.341013 -0.07634033 -0.9369537
vn 0.4985425 -0.07631472 -0.8634995
vn 0.6409134 -0.0763341 -0.7638082
vn 0.7638088 -0.0763341 -0.6409128
vn 0.8634996 -0.07631472 -0.4985425
vn 0.9369444 -0.07633716 -0.3410394
vn 0.981933 -0.07632837 -0.1731518
vn 0.9970829 -0.07632502 0
vn 0.9930717 -0.11751 0
vn 0.9779825 -0.1175086 0.1724587
vn 0.9331799 -0.1175114 0.3396564
vn 0.8600256 -0.1175046 0.4965366
vn 0.7607322 -0.1175135 0.6383393
vn 0.6383393 -0.1175135 0.7607322
vn 0.4965258 -0.1175046 0.8600318
vn 0.3396422 -0.1175261 0.9331832
vn 0.1724301 -0.1175086 0.9779875
vn 0 -0.11751 0.9930717
vn -0.1724315 -0.1175086 0.9779872
vn -0.3396782 -0.1175114 0.9331719
vn -0.4965185 -0.1175047 0.8600361
vn -0.6383393 -0.1175135 0.7607322
vn -0.7607403 -0.1175134 0.6383297
vn -0.8600361 -0.1175047 0.4965185
vn -0.9331762 -0.1175261 0.3396613
vn -0.9779894 -0.1175086 0.1724189
vn -0.9930717 -0.11751 -0
vn -0.9779853 -0.1175086 -0.1724427
vn -0.9331753 -0.1175081 -0.3396701
vn -0.8600239 -0.1175047 -0.4965395
vn -0.7607576 -0.1175135 -0.6383091
vn -0.6383188 -0.1175135 -0.7607495
vn -0.4965248 -0.1175047 -0.8600324
vn -0.3396749 -0.1175261 -0.9331713
vn -0.1724539 -0.1175086 -0.9779832
vn 0 -0.1175099 -0.9930717
vn 0.1724301 -0.1175086 -0.9779875
vn 0.3396699 -0.1175114 -0.9331749
vn 0.4965321 -0.1175047 -0.8600281
vn 0.6383361 -0.1175135 -0.7607349
vn 0.7607327 -0.1175134 -0.6383386
vn 0.8600282 -0.1175047 -0.4965321
vn 0.9331782 -0.1175081 -0.339662
vn 0.9779832 -0.1175086 -0.1724539
vn 0.9930717 -0.11751 0
vn 0.9866651 -0.1627642 0
vn 0.9716739 -0.1627671 0.1713378
vn 0.9271633 -0.1627646 0.3374549
vn 0.8544809 -0.162755 0.4933286
vn 0.755832 -0.1627639 0.6342129
vn 0.6342129 -0.1627639 0.7558319
vn 0.4933158 -0.1627723 0.8544851
vn 0.3374464 -0.1627611 0.927167
vn 0.171306 -0.1627671 0.9716795
vn 0 -0.1627642 0.9866651
vn -0.1713075 -0.1627671 0.9716793
vn -0.3374781 -0.1627646 0.9271548
vn -0.4933094 -0.1627549 0.854492
vn -0.6342129 -0.1627639 0.7558319
vn -0.7558405 -0.1627639 0.6342027
vn -0.854492 -0.1627549 0.4933094
vn -0.9271712 -0.1627611 0.3374349
vn -0.9716819 -0.1627671 0.1712926
vn -0.9866651 -0.1627642 -0
vn -0.9716707 -0.1627671 -0.1713558
vn -0.9271566 -0.1627611 -0.3374753
vn -0.8544792 -0.162755 -0.4933317
vn -0.7558262 -0.1627639 -0.6342197
vn -0.6342053 -0.1627639 -0.7558382
vn -0.4933303 -0.1627723 -0.8544767
vn -0.337455 -0.1627611 -0.9271639
vn -0.1713343 -0.1627671 -0.9716746
vn 0 -0.1627642 -0.9866651
vn 0.1713075 -0.1627662 -0.9716794
vn 0.3374809 -0.1627646 -0.9271539
vn 0.4933303 -0.1627723 -0.8544767
vn 0.6342484 -0.1627639 -0.7558022
vn 0.7558338 -0.1627767 -0.6342074
vn 0.8544767 -0.1627723 -0.4933303
vn 0.9271613 -0.1627646 -0.3374607
vn 0.9716746 -0.1627671 -0.1713343
vn 0.9866651 -0.1627642 0
vn 0.976798 -0.2141625 0
vn 0.9619555 -0.2141683 0.1696275
vn 0.9178863 -0.2141778 0.3340847
vn 0.8459142 -0.2141633 0.4884294
vn 0.7482438 -0.2141693 0.6279034
vn 0.6278637 -0.2141531 0.7482817
vn 0.4884171 -0.2141633 0.8459213
vn 0.3340694 -0.2141742 0.9178928
vn 0.169593 -0.2141692 0.9619614
vn 0 -0.2141625 0.976798
vn -0.169593 -0.2141683 0.9619616
vn -0.3341035 -0.2141778 0.9178795
vn -0.4884087 -0.2141633 0.8459262
vn -0.6279034 -0.2141693 0.7482438
vn -0.7482719 -0.2141531 0.6278755
vn -0.8459261 -0.2141633 0.4884087
vn -0.9178863 -0.2141778 0.3340847
vn -0.9619645 -0.2141683 0.1695769
vn -0.976798 -0.2141625 -0
vn -0.9619519 -0.2141683 -0.1696486
vn -0.9178928 -0.2141579 -0.3340799
vn -0.8459243 -0.2141633 -0.488412
vn -0.7482756 -0.2141531 -0.627871
vn -0.6278765 -0.2141667 -0.7482671
vn -0.4884035 -0.2141632 -0.8459291
vn -0.334113 -0.2141742 -0.9178768
vn -0.169627 -0.2141683 -0.9619557
vn 0 -0.2141625 -0.976798
vn 0.1695947 -0.2141692 -0.9619611
vn 0.3340799 -0.2141579 -0.9178928
vn 0.488412 -0.2141633 -0.8459243
vn 0.6279038 -0.2141667 -0.7482442
vn 0.7482855 -0.2141531 -0.6278593
vn 0.8459243 -0.2141633 -0.488412
vn 0.9178911 -0.2141543 -0.3340865
vn 0.9619554 -0.2141692 -0.1696269
vn 0.976798 -0.2141625 0
vn 0.961524 -0.2747211 0
vn 0.9469106 -0.2747188 0.1670029
vn 0.9035292 -0.2747088 0.3288922
vn 0.8327066 -0.2747088 0.4807648
vn 0.7365719 -0.2747318 0.6180487
vn 0.6180501 -0.2747245 0.7365735
vn 0.4807391 -0.2747285 0.832715
vn 0.3288727 -0.2747321 0.9035292
vn 0.1669628 -0.2747417 0.946911
vn 0 -0.2747211 0.961524
vn -0.1669658 -0.2747193 0.946917
vn -0.3289163 -0.2747107 0.9035198
vn -0.4807648 -0.2747088 0.8327066
vn -0.6180487 -0.2747318 0.7365719
vn -0.7365736 -0.2747144 0.6180544
vn -0.8327066 -0.2747088 0.4807648
vn -0.9035348 -0.2747301 0.3288591
vn -0.9469209 -0.2747193 0.1669434
vn -0.961524 -0.2747211 -0
vn -0.946906 -0.2747193 -0.167028
vn -0.9035217 -0.2747321 -0.3288933
vn -0.8326991 -0.2747088 -0.4807778
vn -0.7365879 -0.2747245 -0.6180329
vn -0.6180429 -0.2747144 -0.7365833
vn -0.480775 -0.2747284 -0.8326942
vn -0.3288625 -0.2747301 -0.9035335
vn -0.166965 -0.2747417 -0.9469107
vn 0 -0.2747211 -0.961524
vn 0.1669649 -0.2747188 -0.9469173
vn 0.3288554 -0.2747321 -0.9035356
vn 0.480775 -0.2747284 -0.8326942
vn 0.6180699 -0.2747318 -0.7365541
vn 0.7365621 -0.2747144 -0.6180682
vn 0.8327178 -0.2747088 -0.4807456
vn 0.9035209 -0.2747301 -0.3288971
vn 0.9469107 -0.2747417 -0.1669641
vn 0.961524 -0.2747211 0
vn 0.9371416 -0.3489491 0
vn 0.9229084 -0.3489395 0.1627312
vn 0.8806347 -0.3489398 0.3205051
vn 0.8115667 -0.348943 0.4686131
vn 0.7178923 -0.3489522 0.6023812
vn 0.6023812 -0.3489522 0.7178923
vn 0.4685727 -0.3489642 0.811581
vn 0.3204788 -0.3489628 0.8806351
vn 0.1627318 -0.348963 0.9228993
vn 0 -0.348949 0.9371416
vn -0.1626882 -0.3489389 0.9229162
vn -0.3205208 -0.3489397 0.8806289
vn -0.4685766 -0.3489429 0.8115878
vn -0.6023812 -0.3489522 0.7178923
vn -0.7179022 -0.3489443 0.6023738
vn -0.8115878 -0.348943 0.4685766
vn -0.8806252 -0.3489627 0.3205062
vn -0.9229128 -0.3489389 0.1627069
vn -0.9371416 -0.348949 -0
vn -0.9229032 -0.348939 -0.1627618
vn -0.8806217 -0.3489606 -0.3205181
vn -0.8115943 -0.348943 -0.4685654
vn -0.7179085 -0.3489521 -0.6023617
vn -0.6023706 -0.3489443 -0.7179049
vn -0.4685979 -0.3489642 -0.8115665
vn -0.3205608 -0.3489627 -0.8806053
vn -0.1627405 -0.3489636 -0.9228976
vn 0 -0.3489491 -0.9371416
vn 0.1626856 -0.3489635 -0.9229072
vn 0.3205178 -0.3489628 -0.8806211
vn 0.4686085 -0.3489641 -0.8115603
vn 0.602407 -0.3489443 -0.7178743
vn 0.7178907 -0.3489522 -0.6023829
vn 0.8115943 -0.348943 -0.4685654
vn 0.880626 -0.3489606 -0.3205064
vn 0.9228979 -0.348963 -0.1627395
vn 0.9371416 -0.348949 0
vn 0.8962589 -0.4435312 0
vn 0.8826395 -0.4435337 0.1556453
vn 0.842208 -0.4435329 0.3065358
vn 0.776176 -0.4435324 0.4481405
vn 0.6865731 -0.4435351 0.5761024
vn 0.5761025 -0.4435351 0.6865731
vn 0.4481322 -0.4435292 0.7761825
vn 0.3065289 -0.4435329 0.8422105
vn 0.1556202 -0.4435337 0.8826438
vn 0 -0.4435312 0.8962589
vn -0.1556215 -0.4435337 0.8826437
vn -0.306554 -0.4435329 0.8422014
vn -0.4481253 -0.4435324 0.7761847
vn -0.5761025 -0.4435351 0.6865731
vn -0.6865798 -0.4435351 0.5760944
vn -0.7761847 -0.4435324 0.4481253
vn -0.8422064 -0.4435329 0.3065403
vn -0.8826452 -0.4435337 0.1556121
vn -0.8962589 -0.4435312 -0
vn -0.8826374 -0.4435337 -0.155657
vn -0.8422056 -0.4435329 -0.3065425
vn -0.7761831 -0.4435292 -0.4481314
vn -0.6865803 -0.4435351 -0.5760939
vn -0.5760853 -0.443535 -0.6865875
vn -0.4481253 -0.4435292 -0.7761866
vn -0.306547 -0.4435329 -0.8422039
vn -0.1556376 -0.4435337 -0.8826408
vn 0 -0.4435312 -0.8962589
vn 0.1556215 -0.4435337 -0.8826437
vn 0.3065425 -0.4435329 -0.8422056
vn 0.4481314 -0.4435292 -0.7761831
vn 0.5761164 -0.4435351 -0.6865614
vn 0.6865736 -0.4435351 -0.5761018
vn 0.7761816 -0.4435324 -0.4481306
vn 0.8422064 -0.4435329 -0.3065403
vn 0.8826408 -0.4435337 -0.1556376
vn 0.8962589 -0.4435312 0
vn 0.8231648 -0.5678025 0
vn 0.8106548 -0.5678008 0.1429722
vn 0.773514 -0.5678033 0.2815591
vn 0.7128665 -0.5678063 0.4116034
vn 0.6305635 -0.5678088 0.529134
vn 0.5291057 -0.5678087 0.6305873
vn 0.4115852 -0.5678063 0.712877
vn 0.2815455 -0.5678034 0.7735189
vn 0.1429422 -0.5678003 0.8106604
vn 0 -0.5678025 0.8231648
vn -0.1429421 -0.5678008 0.8106601
vn -0.2815755 -0.5678033 0.773508
vn -0.4115778 -0.5678063 0.7128813
vn -0.529134 -0.5678088 0.6305635
vn -0.630591 -0.5677987 0.5291122
vn -0.7128813 -0.5678063 0.4115779
vn -0.7735228 -0.5678034 0.2815346
vn -0.8106628 -0.5678008 0.1429266
vn -0.8231648 -0.5678024 -0
vn -0.8106515 -0.5678008 -0.1429906
vn -0.773514 -0.5678033 -0.2815591
vn -0.7128796 -0.5678063 -0.4115807
vn -0.6305987 -0.5678088 -0.5290922
vn -0.5291147 -0.5677987 -0.6305889
vn -0.4115733 -0.5678063 -0.7128839
vn -0.2815296 -0.5678011 -0.7735263
vn -0.1429402 -0.5678009 -0.8106605
vn 0 -0.5678025 -0.8231648
vn 0.1429406 -0.5678138 -0.8106512
vn 0.2815591 -0.5678033 -0.773514
vn 0.4115807 -0.5678063 -0.7128796
vn 0.5291225 -0.5678088 -0.6305733
vn 0.6305912 -0.5677945 -0.5291165
vn 0.7128864 -0.5677949 -0.4115846
vn 0.7735119 -0.5678033 -0.2815646
vn 0.8106607 -0.5678008 -0.1429388
vn 0.8231648 -0.5678025 0
vn 0.6841142 -0.7293749 0
vn 0.6737277 -0.7293661 0.1188108
vn 0.6428529 -0.729376 0.2339888
vn 0.5924534 -0.7293745 0.34207
vn 0.524066 -0.7293756 0.439734
vn 0.439734 -0.7293756 0.524066
vn 0.3420634 -0.7293745 0.5924572
vn 0.2339839 -0.729376 0.6428548
vn 0.1187709 -0.7293769 0.6737231
vn 0 -0.7293749 0.6841142
vn -0.1188135 -0.7293659 0.6737275
vn -0.2340023 -0.729376 0.642848
vn -0.3420543 -0.7293745 0.5924624
vn -0.439734 -0.7293756 0.524066
vn -0.524071 -0.7293757 0.4397282
vn -0.5924624 -0.7293745 0.3420543
vn -0.6428517 -0.7293759 0.2339922
vn -0.6737322 -0.7293659 0.1187873
vn -0.6841142 -0.7293749 -0
vn -0.67373 -0.7293659 -0.1187992
vn -0.6428524 -0.729376 -0.2339905
vn -0.5924575 -0.7293745 -0.3420627
vn -0.5240713 -0.7293756 -0.4397277
vn -0.4397214 -0.7293756 -0.5240766
vn -0.3420537 -0.7293745 -0.5924627
vn -0.2339939 -0.729376 -0.6428511
vn -0.1188225 -0.7293772 -0.6737137
vn 0 -0.7293749 -0.6841142
vn 0.1188123 -0.7293772 -0.6737156
vn 0.2339905 -0.729376 -0.6428524
vn 0.3420627 -0.7293745 -0.5924575
vn 0.4397443 -0.7293756 -0.5240574
vn 0.5240664 -0.7293756 -0.4397336
vn 0.5924575 -0.7293745 -0.3420627
vn 0.6428517 -0.7293759 -0.2339922
vn 0.673714 -0.7293769 -0.1188225
vn 0.6841142 -0.7293749 0
vn 0.4185126 -0.9082111 0
vn 0.4121516 -0.9082127 0.07266872
vn 0.3932737 -0.9082114 0.1431354
vn 0.3624365 -0.9082103 0.20927
vn 0.3205962 -0.9082116 0.2690159
vn 0.2690159 -0.9082116 0.3205962
vn 0.2092565 -0.9082103 0.3624443
vn 0.1431323 -0.9082115 0.3932749
vn 0.07267128 -0.9082102 0.4121566
vn 0 -0.9082111 0.4185126
vn -0.07264632 -0.9082125 0.4121556
vn -0.1431435 -0.9082114 0.3932708
vn -0.209266 -0.9082103 0.3624388
vn -0.2690159 -0.9082116 0.3205962
vn -0.320594 -0.9082116 0.2690186
vn -0.3624388 -0.9082103 0.209266
vn -0.393273 -0.9082115 0.1431374
vn -0.4121543 -0.9082126 0.07265444
vn -0.4185125 -0.9082111 -0
vn -0.4121485 -0.9082127 -0.07268625
vn -0.3932729 -0.9082116 -0.1431362
vn -0.362439 -0.9082103 -0.2092656
vn -0.3205995 -0.9082116 -0.2690121
vn -0.269002 -0.9082116 -0.3206079
vn -0.2092656 -0.9082103 -0.362439
vn -0.1431404 -0.9082115 -0.3932719
vn -0.07267799 -0.9082102 -0.4121555
vn 0 -0.9082111 -0.4185126
vn 0.07264724 -0.9082102 -0.4121609
vn 0.1431384 -0.9082115 -0.3932727
vn 0.2092656 -0.9082103 -0.362439
vn 0.2690222 -0.9082116 -0.320591
vn 0.3206017 -0.9082116 -0.2690095
vn 0.3624425 -0.9082113 -0.2092549
vn 0.3932725 -0.9082116 -0.1431372
vn 0.4121557 -0.9082102 -0.07267801
vn 0.4185126 -0.9082111 0
vn 0 1 0
vn 0 1 0
vn 0 1 0
vn 0 1 0
vn 0 1 0
vn 0 1 0
vn 0 1 0
vn 0 1 0
vn 0 1 0
vn 0 1 0
vn 0 1 0
vn 0 1 0
vn 0 1 0
vn 0 1 0
vn 0 1 0
vn 0 1 0
vn 0 1 0
vn 0 1 0
vn 0 1 0
vn 0 1 0
vn 0 1 0
vn 0 1 0
vn 0 1 0
vn 0 1 0
vn 0 1 0
vn 0 1 0
vn 0 1 0
vn 0 1 0
vn 0 1 0
vn 0 1 0
vn 0 1 0
vn 0 1 0
vn 0 1 0
vn 0 1 0
vn 0 1 0
vn 0 1 0
vn 0 1 0
f 1/1/1 2/2/2 38/38/38
f 2/2/2 39/39/39 38/38/38
f 2/2/2 3/3/3 39/39/39
f 3/3/3 40/40/40 39/39/39
f 3/3/3 4/4/4 40/40/40
f 4/4/4 41/41/41 40/40/40
f 4/4/4 5/5/5 41/41/41
f 5/5/5 42/42/42 41/41/41
f 5/5/5 6/6/6 42/42/42
f 6/6/6 43/43/43 42/42/42
f 6/6/6 7/7/7 43/43/43
f 7/7/7 44/44/44 43/43/43
f 7/7/7 8/8/8 44/44/44
f 8/8/8 45/45/45 44/44/44
f 8/8/8 9/9/9 45/45/45
f 9/9/9 46/46/46 45/45/45
f 9/9/9 10/10/10 46/46/46
f 10/10/10 47/47/47 46/46/46
f 10/10/10 11/11/11 47/47/47
f 11/11/11 48/48/48 47/47/47
f 11/11/11 12/12/12 48/48/48
f 12/12/12 49/49/49 48/48/48
f 12/12/12 13/13/13 49/49/49
f 13/13/13 50/50/50 49/49/49
f 13/13/13 14/14/14 50/50/50
f 14/14/14 51/51/51 50/50/50
f 14/14/14 15/15/15 51/51/51
f 15/15/15 52/52/52 51/51/51
f 15/15/15 16/16/16 52/52/52
f 16/16/16 53/53/53 52/52/52
f 16/16/16 17/17/17 53/53/53
f 17/17/17 54/54/54 53/53/53
f 17/17/17 18/18/18 54/54/54
f 18/18/18 55/55/55 54/54/54
f 18/18/18 19/19/19 55/55/55
f 19/19/19 56/56/56 55/55/55
f 19/19/19 20/20/20 56/56/56
f 20/20/20 57/57/57 56/56/56
f 20/20/20 21/21/21 57/57/57
f 21/21/21 58/58/58 57/57/57
f 21/21/21 22/22/22 58/58/58
f 22/22/22 59/59/59 58/58/58
f 22/22/22 23/23/23 59/59/59
f 23/23/23 60/60/60 59/59/59
f 23/23/23 24/24/24 60/60/60
f 24/24/24 61/61/61 60/60/60
f 24/24/24 25/25/25 61/61/61
f 25/25/25 62/62/62 61/61/61
f 25/25/25 26/26/26 62/62/62
f 26/26/26 63/63/63 62/62/62
f 26/26/26 27/27/27 63/63/63
f 27/27/27 64/64/64 63/63/63
f 27/27/27 28/28/28 64/64/64
f 28/28/28 65/65/65 64/64/64
f 28/28/28 29/29/29 65/65/65
f 29/29/29 66/66/66 65/65/65
f 29/29/29 30/30/30 66/66/66
f 30/30/30 67/67/67 66/66/66
f 30/30/30 31/31/31 67/67/67
f 31/31/31 68/68/68 67/67/67
f 31/31/31 32/32/32 68/68/68
f 32/32/32 69/69/69 68/68/68
f 32/32/32 33/33/33 69/69/69
f 33/33/33 70/70/70 69/69/69
f 33/33/33 34/34/34 70/70/70
f 34/34/34 71/71/71 70/70/70
f 34/34/34 35/35/35 71/71/71
f 35/35/35 72/72/72 71/71/71
f 35/35/35 36/36/36 72/72/72
f 36/36/36 73/73/73 72/72/72
f 36/36/36 37/37/37 73/73/73
f 37/37/37 74/74/74 73/73/73
f 38/38/38 39/39/39 75/75/75
f 39/39/39 76/76/76 75/75/75
f 39/39/39 40/40/40 76/76/76
f 40/40/40 77/77/77 76/76/76
f 40/40/40 41/41/41 77/77/77
f 41/41/41 78/78/78 77/77/77
f 41/41/41 42/42/42 78/78/78
f 42/42/42 79/79/79 78/78/78
f 42/42/42 43/43/43 79/79/79
f 43/43/43 80/80/80 79/79/79
f 43/43/43 44/44/44 80/80/80
f 44/44/44 81/81/81 80/80/80
f 44/44/44 45/45/45 81/81/81
f 45/45/45 82/82/82 81/81/81
f 45/45/45 46/46/46 82/82/82
f 46/46/46 83/83/83 82/82/82
f 46/46/46 47/47/47 83/83/83
f 47/47/47 84/84/84 83/83/83
f 47/47/47 48/48/48 84/84/84
f 48/48/48 85/85/85 84/84/84
f 48/48/48 49/49/49 85/85/85
f 49/49/49 86/86/86 85/85/85
f 49/49/49 50/50/50 86/86/86
f 50/50/50 87/87/87 86/86/86
f 50/50/50 51/51/51 87/87/87
f 51/51/51 88/88/88 87/87/87
f 51/51/51 52/52/52 88/88/88
f 52/52/52 89/89/89 88/88/88
f 52/52/52 53/53/53 89/89/89
f 53/53/53 90/90/90 89/89/89
f 53/53/53 54/54/54 90/90/90
f 54/54/54 91/91/91 90/90/90
f 54/54/54 55/55/55 91/91/91
f 55/55/55 92/92/92 91/91/91
f 55/55/55 56/56/56 92/92/92
f 56/56/56 93/93/93 92/92/92
f 56/56/56 57/57/57 93/93/93
f 57/57/57 94/94/94 93/93/93
f 57/57/57 58/58/58 94/94/94
f 58/58/58 95/95/95 94/94/94
f 58/58/58 59/59/59 95/95/95
f 59/59/59 96/96/96 95/95/95
f 59/59/59 60/60/60 96/96/96
f 60/60/60 97/97/97 96/96/96
f 60/60/60 61/61/61 97/97/97
f 61/61/61 98/98/98 97/97/97
f 61/61/61 62/62/62 98/98/98
f 62/62/62 99/99/99 98/98/98
f 62/62/62 63/63/63 99/99/99
f 63/63/63 100/100/100 99/99/99
f 63/63/63 64/64/64 100/100/100
f 64/64/64 101/101/101 100/100/100
f 64/64/64 65/65/65 101/101/101
f 65/65/65 102/102/102 101/101/101
f 65/65/65 66/66/66 102/102/102
f 66/66/66 103/103/103 102/102/102
f 66/66/66 67/67/67 103/103/103
f 67/67/67 104/104/104 103/103/103
f 67/67/67 68/68/68 104/104/104
f 68/68/68 105/105/105 104/104/104
f 68/68/68 69/69/69 105/105/105
f 69/69/69 106/106/106 105/105/105
f 69/69/69 70/70/70 106/106/106
f 70/70/70 107/107/107 106/106/106
f 70/70/70 71/71/71 107/107/107
f 71/71/71 108/108/108 107/107/107
f 71/71/71 72/72/72 108/108/108
f 72/72/72 109/109/109 108/108/108
f 72/72/72 73/73/73 109/109/109
f 73/73/73 110/110/110 109/109/109
f 73/73/73 74/74/74 110/110/110
f 74/74/74 111/111/111 110/110/110
f 75/75/75 76/76/76 112/112/112
f 76/76/76 113/113/113 112/112/112
f 76/76/76 77/77/77 113/113/113
f 77/77/77 114/114/114 113/113/113
f 77/77/77 78/78/78 114/114/114
f 78/78/78 115/115/115 114/114/114
f 78/78/78 79/79/79 115/115/115
f 79/79/79 116/116/116 115/115/115
f 79/79/79 80/80/80 116/116/116
f 80/80/80 117/117/117 116/116/116
f 80/80/80 81/81/81 117/117/117
f 81/81/81 118/118/118 117/117/117
f 81/81/81 82/82/82 118/118/118
f 82/82/82 119/119/119 118/118/118
f 82/82/82 83/83/83 119/119/119
f 83/83/83 120/120/120 119/119/119
f 83/83/83 84/84/84 120/120/120
f 84/84/84 121/121/121 120/120/120
f 84/84/84 85/85/85 121/121/121
f 85/85/85 122/122/122 121/121/121
f 85/85/85 86/86/86 122/122/122
f 86/86/86 123/123/123 122/122/122
f 86/86/86 87/87/87 123/123/123
f 87/87/87 124/124/124 123/123/123
f 87/87/87 88/88/88 124/124/124
f 88/88/88 125/125/125 124/124/124
f 88/88/88 89/89/89 125/125/125
f 89/89/89 126/126/126 125/125/125
f 89/89/89 90/90/90 126/126/126
f 90/90/90 127/127/127 126/126/126
f 90/90/90 91/91/91 127/127/127
f 91/91/91 128/128/128 127/127/127
f 91/91/91 92/92/92 128/128/128
f 92/92/92 129/129/129 128/128/128
f 92/92/92 93/93/93 129/129/129
f 93/93/93 130/130/130 129/129/129
f 93/93/93 94/94/94 130/130/130
f 94/94/94 131/131/131 130/130/130
f 94/94/94 95/95/95 131/131/131
f 95/95/95 132/132/132 131/131/131
f 95/95/95 96/96/96 132/132/132
f 96/96/96 133/133/133 132/132/132
f 96/96/96 97/97/97 133/133/133
f 97/97/97 134/134/134 133/133/133
f 97/97/97 98/98/98 134/134/134
f 98/98/98 135/135/135 134/134/134
f 98/98/98 99/99/99 135/135/135
f 99/99/99 136/136/136 135/135/135
f 99/99/99 100/100/100 136/136/136
f 100/100/100 137/137/137 136/136/136
f 100/100/100 101/101/101 137/137/137
f 101/101/101 138/138/138 137/137/137
f 101/101/101 102/102/102 138/138/138
f 102/102/102 139/139/139 138/138/138
f 102/102/102 103/103/103 139/139/139
f 103/103/103 140/140/140 139/139/139
f 103/103/103 104/104/104 140/140/140
f 104/104/104 141/141/141 140/140/140
f 104/104/104 105/105/105 141/141/141
f 105/105/105 142/142/142 141/141/141
f 105/105/105 106/106/106 142/142/142
f 106/106/106 143/143/143 142/142/142
f 106/106/106 107/107/107 143/143/143
f 107/107/107 144/144/144 143/143/143
f 107/107/107 108/108/108 144/144/144
f 108/108/108 145/145/145 144/144/144
f 108/108/108 109/109/109 145/145/145
f 109/109/109 146/146/146 145/145/145
f 109/109/109 110/110/110 146/146/146
f 110/110/110 147/147/147 146/146/146
f 110/110/110 111/111/111 147/147/147
f 111/111/111 148/148/148 147/147/147
f 112/112/112 113/113/113 149/149/149
f 113/113/113 150/150/150 149/149/149
f 113/113/113 114/114/114 150/150/150
f 114/114/114 151/151/151 150/150/150
f 114/114/114 115/115/115 151/151/151
f 115/115/115 152/152/152 151/151/151
f 115/115/115 116/116/116 152/152/152
f 116/116/116 153/153/153 152/152/152
f 116/116/116 117/117/117 153/153/153
f 117/117/117 154/154/154 153/153/153
f 117/117/117 118/118/118 154/154/154
f 118/118/118 155/155/155 154/154/154
f 118/118/118 119/119/119 155/155/155
f 119/119/119 156/156/156 155/155/155
f 119/119/119 120/120/120 156/156/156
f 120/120/120 157/157/157 156/156/156
f 120/120/120 121/121/121 157/157/157
f 121/121/121 158/158/158 157/157/157
f 121/121/121 122/122/122 158/158/158
f 122/122/122 159/159/159 158/158/158
f 122/122/122 123/123/123 159/159/159
f 123/123/123 160/160/160 159/159/159
f 123/123/123 124/124/124 160/160/160
f 124/124/124 161/161/161 160/160/160
f 124/124/124 125/125/125 161/161/161
f 125/125/125 162/162/162 161/161/161
f 125/125/125 126/126/126 162/162/162
f 126/126/126 163/163/163 162/162/162
f 126/126/126 127/127/127 163/163/163
f 127/127/127 164/164/164 163/163/163
f 127/127/127 128/128/128 164/164/164
f 128/128/128 165/165/165 164/164/164
f 128/128/128 129/129/129 165/165/165
f 129/129/129 166/166/166 165/165/165
f 129/129/129 130/130/130 166/166/166
f 130/130/130 167/167/167 166/166/166
f 130/130/130 131/131/131 167/167/167
f 131/131/131 168/168/168 167/167/167
f 131/131/131 132/132/132 168/168/168
f 132/132/132 169/169/169 168/168/168
f 132/132/132 133/133/133 169/169/169
f 133/133/133 170/170/170 169/169/169
f 133/133/133 134/134/134 170/170/170
f 134/134/134 171/171/171 170/170/170
f 134/134/134 135/135/135 171/171/171
f 135/135/135 172/172/172 171/171/171
f 135/135/135 136/136/136 172/172/172
f 136/136/136 173/173/173 172/172/172
f 136/136/136 137/137/137 173/173/173
f 137/137/137 174/174/174 173/173/173
f 137/137/137 138/138/138 174/174/174
f 138/138/138 175/175/175 174/174/174
f 138/138/138 139/139/139 175/175/175
f 139/139/139 176/176/176 175/175/175
f 139/139/139 140/140/140 176/176/176
f 140/140/140 177/177/177 176/176/176
f 140/140/140 141/141/141 177/177/177
f 141/141/141 178/178/178 177/177/177
f 141/141/141 142/142/142 178/178/178
f 142/142/142 179/179/179 178/178/178
f 142/142/142 143/143/143 179/179/179
f 143/143/143 180/180/180 179/179/179
f 143/143/143 144/144/144 180/180/180
f 144/144/144 181/181/181 180/180/180
f 144/144/144 145/145/145 181/181/181
f 145/145/145 182/182/182 181/181/181
f 145/145/145 146/146/146 182/182/182
f 146/146/146 183/183/183 182/182/182
f 146/146/146 147/147/147 183/183/183
f 147/147/147 184/184/184 183/183/183
f 147/147/147 148/148/148 184/184/184
f 148/148/148 185/185/185 184/184/184
f 149/149/149 150/150/150 186/186/186
f 150/150/150 187/187/187 186/186/186
f 150/150/150 151/151/151 187/187/187
f 151/151/151 188/188/188 187/187/187
f 151/151/151 152/152/152 188/188/188
f 152/152/152 189/189/189 188/188/188
f 152/152/152 153/153/153 189/189/189
f 153/153/153 190/190/190 189/189/189
f 153/153/153 154/154/154 190/190/190
f 154/154/154 191/191/191 190/190/190
f 154/154/154 155/155/155 191/191/191
f 155/155/155 192/192/192 191/191/191
f 155/155/155 156/156/156 192/192/192
f 156/156/156 193/193/193 192/192/192
f 156/156/156 157/157/157 193/193/193
f 157/157/157 194/194/194 193/193/193
f 157/157/157 158/158/158 194/194/194
f 158/158/158 195/195/195 194/194/194
f 158/158/158 159/159/159 195/195/195
f 159/159/159 196/196/196 195/195/195
f 159/159/159 160/160/160 196/196/196
f 160/160/160 197/197/197 196/196/196
f 160/160/160 161/161/161 197/197/197
f 161/161/161 198/198/198 197/197/197
f 161/161/161 162/162/162 198/198/198
f 162/162/162 199/199/199 198/198/198
f 162/162/162 163/163/163 199/199/199
f 163/163/163 200/200/200 199/199/199
f 163/163/163 164/164/164 200/200/200
f 164/164/164 201/201/201 200/200/200
f 164/164/164 165/165/165 201/201/201
f 165/165/165 202/202/202 201/201/201
f 165/165/165 166/166/166 202/202/202
f 166/166/166 203/203/203 202/202/202
f 166/166/166 167/167/167 203/203/203
f 167/167/167 204/204/204 203/203/203
f 167/167/167 168/168/168 204/204/204
f 168/168/168 205/205/205 204/204/204
f 168/168/168 169/169/169 205/205/205
f 169/169/169 206/206/206 205/205/205
f 169/169/169 170/170/170 206/206/206
f 170/170/170 207/207/207 206/206/206
f 170/170/170 171/171/171 207/207/207
f 171/171/171 208/208/208 207/207/207
f 171/171/171 172/172/172 208/208/208
f 172/172/172 209/209/209 208/208/208
f 172/172/172 173/173/173 209/209/209
f 173/173/173 210/210/210 209/209/209
f 173/173/173 174/174/174 210/210/210
f 174/174/174 211/211/211 210/210/210
f 174/174/174 175/175/175 211/211/211
f 175/175/175 212/212/212 211/211/211
f 175/175/175 176/176/176 212/212/212
f 176/176/176 213/213/213 212/212/212
f 176/176/176 177/177/177 213/213/213
f 177/177/177 214/214/214 213/213/213
f 177/177/177 178/178/178 214/214/214
f 178/178/178 215/215/215 214/214/214
f 178/178/178 179/179/179 215/215/215
f 179/179/179 216/216/216 215/215/215
f 179/179/179 180/180/180 216/216/216
f 180/180/180 217/217/217 216/216/216
f 180/180/180 181/181/181 217/217/217
f 181/181/181 218/218/218 217/217/217
f 181/181/181 182/182/182 218/218/218
f 182/182/182 219/219/219 218/218/218
f 182/182/182 183/183/183 219/219/219
f 183/183/183 220/220/220 219/219/219
f 183/183/183 184/184/184 220/220/220
f 184/184/184 221/221/221 220/220/220
f 184/184/184 185/185/185 221/221/221
f 185/185/185 222/222/222 221/221/221
f 186/186/186 187/187/187 223/223/223
f 187/187/187 224/224/224 223/223/223
f 187/187/187 188/188/188 224/224/224
f 188/188/188 225/225/225 224/224/224
f 188/188/188 189/189/189 225/225/225
f 189/189/189 226/226/226 225/225/225
f 189/189/189 190/190/190 226/226/226
f 190/190/190 227/227/227 226/226/226
f 190/190/190 191/191/191 227/227/227
f 191/191/191 228/228/228 227/227/227
f 191/191/191 192/192/192 228/228/228
f 192/192/192 229/229/229 228/228/228
f 192/192/192 193/193/193 229/229/229
f 193/193/193 230/230/230 229/229/229
f 193/193/193 194/194/194 230/230/230
f 194/194/194 231/231/231 230/230/230
f 194/194/194 195/195/195 231/231/231
f 195/195/195 232/232/232 231/231/231
f 195/195/195 196/196/196 232/232/232
f 196/196/196 233/233/233 232/232/232
f 196/196/196 197/197/197 233/233/233
f 197/197/197 234/234/234 233/233/233
f 197/197/197 198/198/198 234/234/234
f 198/198/198 235/235/235 234/234/234
f 198/198/198 199/199/199 235/235/235
f 199/199/199 236/236/236 235/235/235
f 199/199/199 200/200/200 236/236/236
f 200/200/200 237/237/237 236/236/236
f 200/200/200 201/201/201 237/237/237
f 201/201/201 238/238/238 237/237/237
f 201/201/201 202/202/202 238/238/238
f 202/202/202 239/239/239 238/238/238
f 202/202/202 203/203/203 239/239/239
f 203/203/203 240/240/240 239/239/239
f 203/203/203 204/204/204 240/240/240
f 204/204/204 241/241/241 240/240/240
f 204/204/204 205/205/205 241/241/241
f 205/205/205 242/242/242 241/241/241
f 205/205/205 206/206/206 242/242/242
f 206/206/206 243/243/243 242/242/242
f 206/206/206 207/207/207 243/243/243
f 207/207/207 244/244/244 243/243/243
f 207/207/207 208/208/208 244/244/244
f 208/208/208 245/245/245 244/244/244
f 208/208/208 209/209/209 245/245/245
f 209/209/209 246/246/246 245/245/245
f 209/209/209 210/210/210 246/246/246
f 210/210/210 247/247/247 246/246/246
f 210/210/210 211/211/211 247/247/247
f 211/211/211 248/248/248 247/247/247
f 211/211/211 212/212/212 248/248/248
f 212/212/212 249/249/249 248/248/248
f 212/212/212 213/213/213 249/249/249
f 213/213/213 250/250/250 249/249/249
f 213/213/213 214/214/214 250/250/250
f 214/214/214 251/251/251 250/250/250
f 214/214/214 215/215/215 251/251/251
f 215/215/215 252/252/252 251/251/251
f 215/215/215 216/216/216 252/252/252
f 216/216/216 253/253/253 252/252/252
f 216/216/216 217/217/217 253/253/253
f 217/217/217 254/254/254 253/253/253
f 217/217/217 218/218/218 254/254/254
f 218/218/218 255/255/255 254/254/254
f 218/218/218 219/219/219 255/255/255
f 219/219/219 256/256/256 255/255/255
f 219/219/219 220/220/220 256/256/256
f 220/220/220 257/257/257 256/256/256
f 220/220/220 221/221/221 257/257/257
f 221/221/221 258/258/258 257/257/257
f 221/221/221 222/222/222 258/258/258
f 222/222/222 259/259/259 258/258/258
f 223/223/223 224/224/224 260/260/260
f 224/224/224 261/261/261 260/260/260
f 224/224/224 225/225/225 261/261/261
f 225/225/225 262/262/262 261/261/261
f 225/225/225 226/226/226 262/262/262
f 226/226/226 263/263/263 262/262/262
f 226/226/226 227/227/227 263/263/263
f 227/227/227 264/264/264 263/263/263
f 227/227/227 228/228/228 264/264/264
f 228/228/228 265/265/265 264/264/264
f 228/228/228 229/229/229 265/265/265
f 229/229/229 266/266/266 265/265/265
f 229/229/229 230/230/230 266/266/266
f 230/230/230 267/267/267 266/266/266
f 230/230/230 231/231/231 267/267/267
f 231/231/231 268/268/268 267/267/267
f 231/231/231 232/232/232 268/268/268
f 232/232/232 269/269/269 268/268/268
f 232/232/232 233/233/233 269/269/269
f 233/233/233 270/270/270 269/269/269
f 233/233/233 234/234/234 270/270/270
f 234/234/234 271/271/271 270/270/270
f 234/234/234 235/235/235 271/271/271
f 235/235/235 272/272/272 271/271/271
f 235/235/235 236/236/236 272/272/272
f 236/236/236 273/273/273 272/272/272
f 236/236/236 237/237/237 273/273/273
f 237/237/237 274/274/274 273/273/273
f 237/237/237 238/238/238 274/274/274
f 238/238/238 275/275/275 274/274/274
f 238/238/238 239/239/239 275/275/275
f 239/239/239 276/276/276 275/275/275
f 239/239/239 240/240/240 276/276/276
f 240/240/240 277/277/277 276/276/276
f 240/240/240 241/241/241 277/277/277
f 241/241/241 278/278/278 277/277/277
f 241/241/241 242/242/242 278/278/278
f 242/242/242 279/279/279 278/278/278
f 242/242/242 243/243/243 279/279/279
f 243/243/243 280/280/280 279/279/279
f 243/243/243 244/244/244 280/280/280
f 244/244/244 281/281/281 280/280/280
f 244/244/244 245/245/245 281/281/281
f 245/245/245 282/282/282 281/281/281
f 245/245/245 246/246/246 282/282/282
f 246/246/246 283/283/283 282/282/282
f 246/246/246 247/247/247 283/283/283
f 247/247/247 284/284/284 283/283/283
f 247/247/247 248/248/248 284/284/284
f 248/248/248 285/285/285 284/284/284
f 248/248/248 249/249/249 285/285/285
f 249/249/249 286/286/286 285/285/285
f 249/249/249 250/250/250 286/286/286
f 250/250/250 287/287/287 286/286/286
f 250/250/250 251/251/251 287/287/287
f 251/251/251 288/288/288 287/287/287
f 251/251/251 252/252/252 288/288/288
f 252/252/252 289/289/289 288/288/288
f 252/252/252 253/253/253 289/289/289
f 253/253/253 290/290/290 289/289/289
f 253/253/253 254/254/254 290/290/290
f 254/254/254 291/291/291 290/290/290
f 254/254/254 255/255/255 291/291/291
f 255/255/255 292/292/292 291/291/291
f 255/255/255 256/256/256 292/292/292
f 256/256/256 293/293/293 292/292/292
f 256/256/256 257/257/257 293/293/293
f 257/257/257 294/294/294 293/293/293
f 257/257/257 258/258/258 294/294/294
f 258/258/258 295/295/295 294/294/294
f 258/258/258 259/259/259 295/295/295
f 259/259/259 296/296/296 295/295/295
f 260/260/260 261/261/261 297/297/297
f 261/261/261 298/298/298 297/297/297
f 261/261/261 262/262/262 298/298/298
f 262/262/262 299/299/299 298/298/298
f 262/262/262 263/263/263 299/299/299
f 263/263/263 300/300/300 299/299/299
f 263/263/263 264/264/264 300/300/300
f 264/264/264 301/301/301 300/300/300
f 264/264/264 265/265/265 301/301/301
f 265/265/265 302/302/302 301/301/301
f 265/265/265 266/266/266 302/302/302
f 266/266/266 303/303/303 302/302/302
f 266/266/266 267/267/267 303/303/303
f 267/267/267 304/304/304 303/303/303
f 267/267/267 268/268/268 304/304/304
f 268/268/268 305/305/305 304/304/304
f 268/268/268 269/269/269 305/305/305
f 269/269/269 306/306/306 305/305/305
f 269/269/269 270/270/270 306/306/306
f 270/270/270 307/307/307 306/306/306
f 270/270/270 271/271/271 307/307/307
f 271/271/271 308/308/308 307/307/307
f 271/271/271 272/272/272 308/308/308
f 272/272/272 309/309/309 308/308/308
f 272/272/272 273/273/273 309/309/309
f 273/273/273 310/310/310 309/309/309
f 273/273/273 274/274/274 310/310/310
f 274/274/274 311/311/311 310/310/310
f 274/274/274 275/275/275 311/311/311
f 275/275/275 312/312/312 311/311/311
f 275/275/275 276/276/276 312/312/312
f 276/276/276 313/313/313 312/312/312
f 276/276/276 277/277/277 313/313/313
f 277/277/277 314/314/314 313/313/313
f 277/277/277 278/278/278 314/314/314
f 278/278/278 315/315/315 314/314/314
f 278/278/278 279/279/279 315/315/315
f 279/279/279 316/316/316 315/315/315
f 279/279/279 280/280/280 316/316/316
f 280/280/280 317/317/317 316/316/316
f 280/280/280 281/281/281 317/317/317
f 281/281/281 318/318/318 317/317/317
f 281/281/281 282/282/282 318/318/318
f 282/282/282 319/319/319 318/318/318
f 282/282/282 283/283/283 319/319/319
f 283/283/283 320/320/320 319/319/319
f 283/283/283 284/284/284 320/320/320
f 284/284/284 321/321/321 320/320/320
f 284/284/284 285/285/285 321/321/321
f 285/285/285 322/322/322 321/321/321
f 285/285/285 286/286/286 322/322/322
f 286/286/286 323/323/323 322/322/322
f 286/286/286 287/287/287 323/323/323
f 287/287/287 324/324/324 323/323/323
f 287/287/287 288/288/288 324/324/324
f 288/288/288 325/325/325 324/324/324
f 288/288/288 289/289/289 325/325/325
f 289/289/289 326/326/326 325/325/325
f 289/289/289 290/290/290 326/326/326
f 290/290/290 327/327/327 326/326/326
f 290/290/290 291/291/291 327/327/327
f 291/291/291 328/328/328 327/327/327
f 291/291/291 292/292/292 328/328/328
f 292/292/292 329/329/329 328/328/328
f 292/292/292 293/293/293 329/329/329
f 293/293/293 330/330/330 329/329/329
f 293/293/293 294/294/294 330/330/330
f 294/294/294 331/331/331 330/330/330
f 294/294/294 295/295/295 331/331/331
f 295/295/295 332/332/332 331/331/331
f 295/295/295 296/296/296 332/332/332
f 296/296/296 333/333/333 332/332/332
f 297/297/297 298/298/298 334/334/334
f 298/298/298 335/335/335 334/334/334
f 298/298/298 299/299/299 335/335/335
f 299/299/299 336/336/336 335/335/335
f 299/299/299 300/300/300 336/336/336
f 300/300/300 337/337/337 336/336/336
f 300/300/300 301/301/301 337/337/337
f 301/301/301 338/338/338 337/337/337
f 301/301/301 302/302/302 338/338/338
f 302/302/302 339/339/339 338/338/338
f 302/302/302 303/303/303 339/339/339
f 303/303/303 340/340/340 339/339/339
f 303/303/303 304/304/304 340/340/340
f 304/304/304 341/341/341 340/340/340
f 304/304/304 305/305/305 341/341/341
f 305/305/305 342/342/342 341/341/341
f 305/305/305 306/306/306 342/342/342
f 306/306/306 343/343/343 342/342/342
f 306/306/306 307/307/307 343/343/343
f 307/307/307 344/344/344 343/343/343
f 307/307/307 308/308/308 344/344/344
f 308/308/308 345/345/345 344/344/344
f 308/308/308 309/309/309 345/345/345
f 309/309/309 346/346/346 345/345/345
f 309/309/309 310/310/310 346/346/346
f 310/310/310 347/347/347 346/346/346
f 310/310/310 311/311/311 347/347/347
f 311/311/311 348/348/348 347/347/347
f 311/311/311 312/312/312 348/348/348
f 312/312/312 349/349/349 348/348/348
f 312/312/312 313/313/313 349/349/349
f 313/313/313 350/350/350 349/349/349
f 313/313/313 314/314/314 350/350/350
f 314/314/314 351/351/351 350/350/350
f 314/314/314 315/315/315 351/351/351
f 315/315/315 352/352/352 351/351/351
f 315/315/315 316/316/316 352/352/352
f 316/316/316 353/353/353 352/352/352
f 316/316/316 317/317/317 353/353/353
f 317/317/317 354/354/354 353/353/353
f 317/317/317 318/318/318 354/354/354
f 318/318/318 355/355/355 354/354/354
f 318/318/318 319/319/319 355/355/355
f 319/319/319 356/356/356 355/355/355
f 319/319/319 320/320/320 356/356/356
f 320/320/320 357/357/357 356/356/356
f 320/320/320 321/321/321 357/357/357
f 321/321/321 358/358/358 357/357/357
f 321/321/321 322/322/322 358/358/358
f 322/322/322 359/359/359 358/358/358
f 322/322/322 323/323/323 359/359/359
f 323/323/323 360/360/360 359/359/359
f 323/323/323 324/324/324 360/360/360
f 324/324/324 361/361/361 360/360/360
f 324/324/324 325/325/325 361/361/361
f 325/325/325 362/362/362 361/361/361
f 325/325/325 326/326/326 362/362/362
f 326/326/326 363/363/363 362/362/362
f 326/326/326 327/327/327 363/363/363
f 327/327/327 364/364/364 363/363/363
f 327/327/327 328/328/328 364/364/364
f 328/328/328 365/365/365 364/364/364
f 328/328/328 329/329/329 365/365/365
f 329/329/329 366/366/366 365/365/365
f 329/329/329 330/330/330 366/366/366
f 330/330/330 367/367/367 366/366/366
f 330/330/330 331/331/331 367/367/367
f 331/331/331 368/368/368 367/367/367
f 331/331/331 332/332/332 368/368/368
f 332/332/332 369/369/369 368/368/368
f 332/332/332 333/333/333 369/369/369
f 333/333/333 370/370/370 369/369/369
f 334/334/334 335/335/335 371/371/371
f 335/335/335 372/372/372 371/371/371
f 335/335/335 336/336/336 372/372/372
f 336/336/336 373/373/373 372/372/372
f 336/336/336 337/337/337 373/373/373
f 337/337/337 374/374/374 373/373/373
f 337/337/337 338/338/338 374/374/374
f 338/338/338 375/375/375 374/374/374
f 338/338/338 339/339/339 375/375/375
f 339/339/339 376/376/376 375/375/375
f 339/339/339 340/340/340 376/376/376
f 340/340/340 377/377/377 376/376/376
f 340/340/340 341/341/341 377/377/377
f 341/341/341 378/378/378 377/377/377
f 341/341/341 342/342/342 378/378/378
f 342/342/342 379/379/379 378/378/378
f 342/342/342 343/343/343 379/379/379
f 343/343/343 380/380/380 379/379/379
f 343/343/343 344/344/344 380/380/380
f 344/344/344 381/381/381 380/380/380
f 344/344/344 345/345/345 381/381/381
f 345/345/345 382/382/382 381/381/381
f 345/345/345 346/346/346 382/382/382
f 346/346/346 383/383/383 382/382/382
f 346/346/346 347/347/347 383/383/383
f 347/347/347 384/384/384 383/383/383
f 347/347/347 348/348/348 384/384/384
f 348/348/348 385/385/385 384/384/384
f 348/348/348 349/349/349 385/385/385
f 349/349/349 386/386/386 385/385/385
f 349/349/349 350/350/350 386/386/386
f 350/350/350 387/387/387 386/386/386
f 350/350/350 351/351/351 387/387/387
f 351/351/351 388/388/388 387/387/387
f 351/351/351 352/352/352 388/388/388
f 352/352/352 389/389/389 388/388/388
f 352/352/352 353/353/353 389/389/389
f 353/353/353 390/390/390 389/389/389
f 353/353/353 354/354/354 390/390/390
f 354/354/354 391/391/391 390/390/390
f 354/354/354 355/355/355 391/391/391
f 355/355/355 392/392/392 391/391/391
f 355/355/355 356/356/356 392/392/392
f 356/356/356 393/393/393 392/392/392
f 356/356/356 357/357/357 393/393/393
f 357/357/357 394/394/394 393/393/393
f 357/357/357 358/358/358 394/394/394
f 358/358/358 395/395/395 394/394/394
f 358/358/358 359/359/359 395/395/395
f 359/359/359 396/396/396 395/395/395
f 359/359/359 360/360/360 396/396/396
f 360/360/360 397/397/397 396/396/396
f 360/360/360 361/361/361 397/397/397
f 361/361/361 398/398/398 397/397/397
f 361/361/361 362/362/362 398/398/398
f 362/362/362 399/399/399 398/398/398
f 362/362/362 363/363/363 399/399/399
f 363/363/363 400/400/400 399/399/399
f 363/363/363 364/364/364 400/400/400
f 364/364/364 401/401/401 400/400/400
f 364/364/364 365/365/365 401/401/401
f 365/365/365 402/402/402 401/401/401
f 365/365/365 366/366/366 402/402/402
f 366/366/366 403/403/403 402/402/402
f 366/366/366 367/367/367 403/403/403
f 367/367/367 404/404/404 403/403/403
f 367/367/367 368/368/368 404/404/404
f 368/368/368 405/405/405 404/404/404
f 368/368/368 369/369/369 405/405/405
f 369/369/369 406/406/406 405/405/405
f 369/369/369 370/370/370 406/406/406
f 370/370/370 407/407/407 406/406/406
f 371/371/371 372/372/372 408/408/408
f 372/372/372 409/409/409 408/408/408
f 372/372/372 373/373/373 409/409/409
f 373/373/373 410/410/410 409/409/409
f 373/373/373 374/374/374 410/410/410
f 374/374/374 411/411/411 410/410/410
f 374/374/374 375/375/375 411/411/411
f 375/375/375 412/412/412 411/411/411
f 375/375/375 376/376/376 412/412/412
f 376/376/376 413/413/413 412/412/412
f 376/376/376 377/377/377 413/413/413
f 377/377/377 414/414/414 413/413/413
f 377/377/377 378/378/378 414/414/414
f 378/378/378 415/415/415 414/414/414
f 378/378/378 379/379/379 415/415/415
f 379/379/379 416/416/416 415/415/415
f 379/379/379 380/380/380 416/416/416
f 380/380/380 417/417/417 416/416/416
f 380/380/380 381/381/381 417/417/417
f 381/381/381 418/418/418 417/417/417
f 381/381/381 382/382/382 418/418/418
f 382/382/382 419/419/419 418/418/418
f 382/382/382 383/383/383 419/419/419
f 383/383/383 420/420/420 419/419/419
f 383/383/383 384/384/384 420/420/420
f 384/384/384 421/421/421 420/420/420
f 384/384/384 385/385/385 421/421/421
f 385/385/385 422/422/422 421/421/421
f 385/385/385 386/386/386 422/422/422
f 386/386/386 423/423/423 422/422/422
f 386/386/386 387/387/387 423/423/423
f 387/387/387 424/424/424 423/423/423
f 387/387/387 388/388/388 424/424/424
f 388/388/388 425/425/425 424/424/424
f 388/388/388 389/389/389 425/425/425
f 389/389/389 426/426/426 425/425/425
f 389/389/389 390/390/390 426/426/426
f 390/390/390 427/427/427 426/426/426
f 390/390/390 391/391/391 427/427/427
f 391/391/391 428/428/428 427/427/427
f 391/391/391 392/392/392 428/428/428
f 392/392/392 429/429/429 428/428/428
f 392/392/392 393/393/393 429/429/429
f 393/393/393 430/430/430 429/429/429
f 393/393/393 394/394/394 430/430/430
f 394/394/394 431/431/431 430/430/430
f 394/394/394 395/395/395 431/431/431
f 395/395/395 432/432/432 431/431/431
f 395/395/395 396/396/396 432/432/432
f 396/396/396 433/433/433 432/432/432
f 396/396/396 397/397/397 433/433/433
f 397/397/397 434/434/434 433/433/433
f 397/397/397 398/398/398 434/434/434
f 398/398/398 435/435/435 434/434/434
f 398/398/398 399/399/399 435/435/435
f 399/399/399 436/436/436 435/435/435
f 399/399/399 400/400/400 436/436/436
f 400/400/400 437/437/437 436/436/436
f 400/400/400 401/401/401 437/437/437
f 401/401/401 438/438/438 437/437/437
f 401/401/401 402/402/402 438/438/438
f 402/402/402 439/439/439 438/438/438
f 402/402/402 403/403/403 439/439/439
f 403/403/403 440/440/440 439/439/439
f 403/403/403 404/404/404 440/440/440
f 404/404/404 441/441/441 440/440/440
f 404/404/404 405/405/405 441/441/441
f 405/405/405 442/442/442 441/441/441
f 405/405/405 406/406/406 442/442/442
f 406/406/406 443/443/443 442/442/442
f 406/406/406 407/407/407 443/443/443
f 407/407/407 444/444/444 443/443/443
f 408/408/408 409/409/409 445/445/445
f 409/409/409 446/446/446 445/445/445
f 409/409/409 410/410/410 446/446/446
f 410/410/410 447/447/447 446/446/446
f 410/410/410 411/411/411 447/447/447
f 411/411/411 448/448/448 447/447/447
f 411/411/411 412/412/412 448/448/448
f 412/412/412 449/449/449 448/448/448
f 412/412/412 413/413/413 449/449/449
f 413/413/413 450/450/450 449/449/449
f 413/413/413 414/414/414 450/450/450
f 414/414/414 451/451/451 450/450/450
f 414/414/414 415/415/415 451/451/451
f 415/415/415 452/452/452 451/451/451
f 415/415/415 416/416/416 452/452/452
f 416/416/416 453/453/453 452/452/452
f 416/416/416 417/417/417 453/453/453
f 417/417/417 454/454/454 453/453/453
f 417/417/417 418/418/418 454/454/454
f 418/418/418 455/455/455 454/454/454
f 418/418/418 419/419/419 455/455/455
f 419/419/419 456/456/456 455/455/455
f 419/419/419 420/420/420 456/456/456
f 420/420/420 457/457/457 456/456/456
f 420/420/420 421/421/421 457/457/457
f 421/421/421 458/458/458 457/457/457
f 421/421/421 422/422/422 458/458/458
f 422/422/422 459/459/459 458/458/458
f 422/422/422 423/423/423 459/459/459
f 423/423/423 460/460/460 459/459/459
f 423/423/423 424/424/424 460/460/460
f 424/424/424 461/461/461 460/460/460
f 424/424/424 425/425/425 461/461/461
f 425/425/425 462/462/462 461/461/461
f 425/425/425 426/426/426 462/462/462
f 426/426/426 463/463/463 462/462/462
f 426/426/426 427/427/427 463/463/463
f 427/427/427 464/464/464 463/463/463
f 427/427/427 428/428/428 464/464/464
f 428/428/428 465/465/465 464/464/464
f 428/428/428 429/429/429 465/465/465
f 429/429/429 466/466/466 465/465/465
f 429/429/429 430/430/430 466/466/466
f 430/430/430 467/467/467 466/466/466
f 430/430/430 431/431/431 467/467/467
f 431/431/431 468/468/468 467/467/467
f 431/431/431 432/432/432 468/468/468
f 432/432/432 469/469/469 468/468/468
f 432/432/432 433/433/433 469/469/469
f 433/433/433 470/470/470 469/469/469
f 433/433/433 434/434/434 470/470/470
f 434/434/434 471/471/471 470/470/470
f 434/434/434 435/435/435 471/471/471
f 435/435/435 472/472/472 471/471/471
f 435/435/435 436/436/436 472/472/472
f 436/436/436 473/473/473 472/472/472
f 436/436/436 437/437/437 473/473/473
f 437/437/437 474/474/474 473/473/473
f 437/437/437 438/438/438 474/474/474
f 438/438/438 475/475/475 474/474/474
f 438/438/438 439/439/439 475/475/475
f 439/439/439 476/476/476 475/475/475
f 439/439/439 440/440/440 476/476/476
f 440/440/440 477/477/477 476/476/476
f 440/440/440 441/441/441 477/477/477
f 441/441/441 478/478/478 477/477/477
f 441/441/441 442/442/442 478/478/478
f 442/442/442 479/479/479 478/478/478
f 442/442/442 443/443/443 479/479/479
f 443/443/443 480/480/480 479/479/479
f 443/443/443 444/444/444 480/480/480
f 444/444/444 481/481/481 480/480/480
f 445/445/445 446/446/446 482/482/482
f 446/446/446 483/483/483 482/482/482
f 446/446/446 447/447/447 483/483/483
f 447/447/447 484/484/484 483/483/483
f 447/447/447 448/448/448 484/484/484
f 448/448/448 485/485/485 484/484/484
f 448/448/448 449/449/449 485/485/485
f 449/449/449 486/486/486 485/485/485
f 449/449/449 450/450/450 486/486/486
f 450/450/450 487/487/487 486/486/486
f 450/450/450 451/451/451 487/487/487
f 451/451/451 488/488/488 487/487/487
f 451/451/451 452/452/452 488/488/488
f 452/452/452 489/489/489 488/488/488
f 452/452/452 453/453/453 489/489/489
f 453/453/453 490/490/490 489/489/489
f 453/453/453 454/454/454 490/490/490
f 454/454/454 491/491/491 490/490/490
f 454/454/454 455/455/455 491/491/491
f 455/455/455 492/492/492 491/491/491
f 455/455/455 456/456/456 492/492/492
f 456/456/456 493/493/493 492/492/492
f 456/456/456 457/457/457 493/493/493
f 457/457/457 494/494/494 493/493/493
f 457/457/457 458/458/458 494/494/494
f 458/458/458 495/495/495 494/494/494
f 458/458/458 459/459/459 495/495/495
f 459/459/459 496/496/496 495/495/495
f 459/459/459 460/460/460 496/496/496
f 460/460/460 497/497/497 496/496/496
f 460/460/460 461/461/461 497/497/497
f 461/461/461 498/498/498 497/497/497
f 461/461/461 462/462/462 498/498/498
f 462/462/462 499/499/499 498/498/498
f 462/462/462 463/463/463 499/499/499
f 463/463/463 500/500/500 499/499/499
f 463/463/463 464/464/464 500/500/500
f 464/464/464 501/501/501 500/500/500
f 464/464/464 465/465/465 501/501/501
f 465/465/465 502/502/502 501/501/501
f 465/465/465 466/466/466 502/502/502
f 466/466/466 503/503/503 502/502/502
f 466/466/466 467/467/467 503/503/503
f 467/467/467 504/504/504 503/503/503
f 467/467/467 468/468/468 504/504/504
f 468/468/468 505/505/505 504/504/504
f 468/468/468 469/469/469 505/505/505
f 469/469/469 506/506/506 505/505/505
f 469/469/469 470/470/470 506/506/506
f 470/470/470 507/507/507 506/506/506
f 470/470/470 471/471/471 507/507/507
f 471/471/471 508/508/508 507/507/507
f 471/471/471 472/472/472 508/508/508
f 472/472/472 509/509/509 508/508/508
f 472/472/472 473/473/473 509/509/509
f 473/473/473 510/510/510 509/509/509
f 473/473/473 474/474/474 510/510/510
f 474/474/474 511/511/511 510/510/510
f 474/474/474 475/475/475 511/511/511
f 475/475/475 512/512/512 511/511/511
f 475/475/475 476/476/476 512/512/512
f 476/476/476 513/513/513 512/512/512
f 476/476/476 477/477/477 513/513/513
f 477/477/477 514/514/514 513/513/513
f 477/477/477 478/478/478 514/514/514
f 478/478/478 515/515/515 514/514/514
f 478/478/478 479/479/479 515/515/515
f 479/479/479 516/516/516 515/515/515
f 479/479/479 480/480/480 516/516/516
f 480/480/480 517/517/517 516/516/516
f 480/480/480 481/481/481 517/517/517
f 481/481/481 518/518/518 517/517/517
f 482/482/482 483/483/483 519/519/519
f 483/483/483 520/520/520 519/519/519
f 483/483/483 484/484/484 520/520/520
f 484/484/484 521/521/521 520/520/520
f 484/484/484 485/485/485 521/521/521
f 485/485/485 522/522/522 521/521/521
f 485/485/485 486/486/486 522/522/522
f 486/486/486 523/523/523 522/522/522
f 486/486/486 487/487/487 523/523/523
f 487/487/487 524/524/524 523/523/523
f 487/487/487 488/488/488 524/524/524
f 488/488/488 525/525/525 524/524/524
f 488/488/488 489/489/489 525/525/525
f 489/489/489 526/526/526 525/525/525
f 489/489/489 490/490/490 526/526/526
f 490/490/490 527/527/527 526/526/526
f 490/490/490 491/491/491 527/527/527
f 491/491/491 528/528/528 527/527/527
f 491/491/491 492/492/492 528/528/528
f 492/492/492 529/529/529 528/528/528
f 492/492/492 493/493/493 529/529/529
f 493/493/493 530/530/530 529/529/529
f 493/493/493 494/494/494 530/530/530
f 494/494/494 531/531/531 530/530/530
f 494/494/494 495/495/495 531/531/531
f 495/495/495 532/532/532 531/531/531
f 495/495/495 496/496/496 532/532/532
f 496/496/496 533/533/533 532/532/532
f 496/496/496 497/497/497 533/533/533
f 497/497/497 534/534/534 533/533/533
f 497/497/497 498/498/498 534/534/534
f 498/498/498 535/535/535 534/534/534
f 498/498/498 499/499/499 535/535/535
f 499/499/499 536/536/536 535/535/535
f 499/499/499 500/500/500 536/536/536
f 500/500/500 537/537/537 536/536/536
f 500/500/500 501/501/501 537/537/537
f 501/501/501 538/538/538 537/537/537
f 501/501/501 502/502/502 538/538/538
f 502/502/502 539/539/539 538/538/538
f 502/502/502 503/503/503 539/539/539
f 503/503/503 540/540/540 539/539/539
f 503/503/503 504/504/504 540/540/540
f 504/504/504 541/541/541 540/540/540
f 504/504/504 505/505/505 541/541/541
f 505/505/505 542/542/542 541/541/541
f 505/505/505 506/506/506 542/542/542
f 506/506/506 543/543/543 542/542/542
f 506/506/506 507/507/507 543/543/543
f 507/507/507 544/544/544 543/543/543
f 507/507/507 508/508/508 544/544/544
f 508/508/508 545/545/545 544/544/544
f 508/508/508 509/509/509 545/545/545
f 509/509/509 546/546/546 545/545/545
f 509/509/509 510/510/510 546/546/546
f 510/510/510 547/547/547 546/546/546
f 510/510/510 511/511/511 547/547/547
f 511/511/511 548/548/548 547/547/547
f 511/511/511 512/512/512 548/548/548
f 512/512/512 549/549/549 548/548/548
f 512/512/512 513/513/513 549/549/549
f 513/513/513 550/550/550 549/549/549
f 513/513/513 514/514/514 550/550/550
f 514/514/514 551/551/551 550/550/550
f 514/514/514 515/515/515 551/551/551
f 515/515/515 552/552/552 551/551/551
f 515/515/515 516/516/516 552/552/552
f 516/516/516 553/553/553 552/552/552
f 516/516/516 517/517/517 553/553/553
f 517/517/517 554/554/554 553/553/553
f 517/517/517 518/518/518 554/554/554
f 518/518/518 555/555/555 554/554/554
f 519/519/519 520/520/520 556/556/556
f 520/520/520 557/557/557 556/556/556
f 520/520/520 521/521/521 557/557/557
f 521/521/521 558/558/558 557/557/557
f 521/521/521 522/522/522 558/558/558
f 522/522/522 559/559/559 558/558/558
f 522/522/522 523/523/523 559/559/559
f 523/523/523 560/560/560 559/559/559
f 523/523/523 524/524/524 560/560/560
f 524/524/524 561/561/561 560/560/560
f 524/524/524 525/525/525 561/561/561
f 525/525/525 562/562/562 561/561/561
f 525/525/525 526/526/526 562/562/562
f 526/526/526 563/563/563 562/562/562
f 526/526/526 527/527/527 563/563/563
f 527/527/527 564/564/564 563/563/563
f 527/527/527 528/528/528 564/564/564
f 528/528/528 565/565/565 564/564/564
f 528/528/528 529/529/529 565/565/565
f 529/529/529 566/566/566 565/565/565
f 529/529/529 530/530/530 566/566/566
f 530/530/530 567/567/567 566/566/566
f 530/530/530 531/531/531 567/567/567
f 531/531/531 568/568/568 567/567/567
f 531/531/531 532/532/532 568/568/568
f 532/532/532 569/569/569 568/568/568
f 532/532/532 533/533/533 569/569/569
f 533/533/533 570/570/570 569/569/569
f 533/533/533 534/534/534 570/570/570
f 534/534/534 571/571/571 570/570/570
f 534/534/534 535/535/535 571/571/571
f 535/535/535 572/572/572 571/571/571
f 535/535/535 536/536/536 572/572/572
f 536/536/536 573/573/573 572/572/572
f 536/536/536 537/537/537 573/573/573
f 537/537/537 574/574/574 573/573/573
f 537/537/537 538/538/538 574/574/574
f 538/538/538 575/575/575 574/574/574
f 538/538/538 539/539/539 575/575/575
f 539/539/539 576/576/576 575/575/575
f 539/539/539 540/540/540 576/576/576
f 540/540/540 577/577/577 576/576/576
f 540/540/540 541/541/541 577/577/577
f 541/541/541 578/578/578 577/577/577
f 541/541/541 542/542/542 578/578/578
f 542/542/542 579/579/579 578/578/578
f 542/542/542 543/543/543 579/579/579
f 543/543/543 580/580/580 579/579/579
f 543/543/543 544/544/544 580/580/580
f 544/544/544 581/581/581 580/580/580
f 544/544/544 545/545/545 581/581/581
f 545/545/545 582/582/582 581/581/581
f 545/545/545 546/546/546 582/582/582
f 546/546/546 583/583/583 582/582/582
f 546/546/546 547/547/547 583/583/583
f 547/547/547 584/584/584 583/583/583
f 547/547/547 548/548/548 584/584/584
f 548/548/548 585/585/585 584/584/584
f 548/548/548 549/549/549 585/585/585
f 549/549/549 586/586/586 585/585/585
f 549/549/549 550/550/550 586/586/586
f 550/550/550 587/587/587 586/586/586
f 550/550/550 551/551/551 587/587/587
f 551/551/551 588/588/588 587/587/587
f 551/551/551 552/552/552 588/588/588
f 552/552/552 589/589/589 588/588/588
f 552/552/552 553/553/553 589/589/589
f 553/553/553 590/590/590 589/589/589
f 553/553/553 554/554/554 590/590/590
f 554/554/554 591/591/591 590/590/590
f 554/554/554 555/555/555 591/591/591
f 555/555/555 592/592/592 591/591/591
f 556/556/556 557/557/557 593/593/593
f 557/557/557 594/594/594 593/593/593
f 557/557/557 558/558/558 594/594/594
f 558/558/558 595/595/595 594/594/594
f 558/558/558 559/559/559 595/595/595
f 559/559/559 596/596/596 595/595/595
f 559/559/559 560/560/560 596/596/596
f 560/560/560 597/597/597 596/596/596
f 560/560/560 561/561/561 597/597/597
f 561/561/561 598/598/598 597/597/597
f 561/561/561 562/562/562 598/598/598
f 562/562/562 599/599/599 598/598/598
f 562/562/562 563/563/563 599/599/599
f 563/563/563 600/600/600 599/599/599
f 563/563/563 564/564/564 600/600/600
f 564/564/564 601/601/601 600/600/600
f 564/564/564 565/565/565 601/601/601
f 565/565/565 602/602/602 601/601/601
f 565/565/565 566/566/566 602/602/602
f 566/566/566 603/603/603 602/602/602
f 566/566/566 567/567/567 603/603/603
f 567/567/567 604/604/604 603/603/603
f 567/567/567 568/568/568 604/604/604
f 568/568/568 605/605/605 604/604/604
f 568/568/568 569/569/569 605/605/605
f 569/569/569 606/606/606 605/605/605
f 569/569/569 570/570/570 606/606/606
f 570/570/570 607/607/607 606/606/606
f 570/570/570 571/571/571 607/607/607
f 571/571/571 608/608/608 607/607/607
f 571/571/571 572/572/572 608/608/608
f 572/572/572 609/609/609 608/608/608
f 572/572/572 573/573/573 609/609/609
f 573/573/573 610/610/610 609/609/609
f 573/573/573 574/574/574 610/610/610
f 574/574/574 611/611/611 610/610/610
f 574/574/574 575/575/575 611/611/611
f 575/575/575 612/612/612 611/611/611
f 575/575/575 576/576/576 612/612/612
f 576/576/576 613/613/613 612/612/612
f 576/576/576 577/577/577 613/613/613
f 577/577/577 614/614/614 613/613/613
f 577/577/577 578/578/578 614/614/614
f 578/578/578 615/615/615 614/614/614
f 578/578/578 579/579/579 615/615/615
f 579/579/579 616/616/616 615/615/615
f 579/579/579 580/580/580 616/616/616
f 580/580/580 617/617/617 616/616/616
f 580/580/580 581/581/581 617/617/617
f 581/581/581 618/618/618 617/617/617
f 581/581/581 582/582/582 618/618/618
f 582/582/582 619/619/619 618/618/618
f 582/582/582 583/583/583 619/619/619
f 583/583/583 620/620/620 619/619/619
f 583/583/583 584/584/584 620/620/620
f 584/584/584 621/621/621 620/620/620
f 584/584/584 585/585/585 621/621/621
f 585/585/585 622/622/622 621/621/621
f 585/585/585 586/586/586 622/622/622
f 586/586/586 623/623/623 622/622/622
f 586/586/586 587/587/587 623/623/623
f 587/587/587 624/624/624 623/623/623
f 587/587/587 588/588/588 624/624/624
f 588/588/588 625/625/625 624/624/624
f 588/588/588 589/589/589 625/625/625
f 589/589/589 626/626/626 625/625/625
f 589/589/589 590/590/590 626/626/626
f 590/590/590 627/627/627 626/626/626
f 590/590/590 591/591/591 627/627/627
f 591/591/591 628/628/628 627/627/627
f 591/591/591 592/592/592 628/628/628
f 592/592/592 629/629/629 628/628/628
f 593/593/593 594/594/594 630/630/630
f 594/594/594 631/631/631 630/630/630
f 594/594/594 595/595/595 631/631/631
f 595/595/595 632/632/632 631/631/631
f 595/595/595 596/596/596 632/632/632
f 596/596/596 633/633/633 632/632/632
f 596/596/596 597/597/597 633/633/633
f 597/597/597 634/634/634 633/633/633
f 597/597/597 598/598/598 634/634/634
f 598/598/598 635/635/635 634/634/634
f 598/598/598 599/599/599 635/635/635
f 599/599/599 636/636/636 635/635/635
f 599/599/599 600/600/600 636/636/636
f 600/600/600 637/637/637 636/636/636
f 600/600/600 601/601/601 637/637/637
f 601/601/601 638/638/638 637/637/637
f 601/601/601 602/602/602 638/638/638
f 602/602/602 639/639/639 638/638/638
f 602/602/602 603/603/603 639/639/639
f 603/603/603 640/640/640 639/639/639
f 603/603/603 604/604/604 640/640/640
f 604/604/604 641/641/641 640/640/640
f 604/604/604 605/605/605 641/641/641
f 605/605/605 642/642/642 641/641/641
f 605/605/605 606/606/606 642/642/642
f 606/606/606 643/643/643 642/642/642
f 606/606/606 607/607/607 643/643/643
f 607/607/607 644/644/644 643/643/643
f 607/607/607 608/608/608 644/644/644
f 608/608/608 645/645/645 644/644/644
f 608/608/608 609/609/609 645/645/645
f 609/609/609 646/646/646 645/645/645
f 609/609/609 610/610/610 646/646/646
f 610/610/610 647/647/647 646/646/646
f 610/610/610 611/611/611 647/647/647
f 611/611/611 648/648/648 647/647/647
f 611/611/611 612/612/612 648/648/648
f 612/612/612 649/649/649 648/648/648
f 612/612/612 613/613/613 649/649/649
f 613/613/613 650/650/650 649/649/649
f 613/613/613 614/614/614 650/650/650
f 614/614/614 651/651/651 650/650/650
f 614/614/614 615/615/615 651/651/651
f 615/615/615 652/652/652 651/651/651
f 615/615/615 616/616/616 652/652/652
f 616/616/616 653/653/653 652/652/652
f 616/616/616 617/617/617 653/653/653
f 617/617/617 654/654/654 653/653/653
f 617/617/617 618/618/618 654/654/654
f 618/618/618 655/655/655 654/654/654
f 618/618/618 619/619/619 655/655/655
f 619/619/619 656/656/656 655/655/655
f 619/619/619 620/620/620 656/656/656
f 620/620/620 657/657/657 656/656/656
f 620/620/620 621/621/621 657/657/657
f 621/621/621 658/658/658 657/657/657
f 621/621/621 622/622/622 658/658/658
f 622/622/622 659/659/659 658/658/658
f 622/622/622 623/623/623 659/659/659
f 623/623/623 660/660/660 659/659/659
f 623/623/623 624/624/624 660/660/660
f 624/624/624 661/661/661 660/660/660
f 624/624/624 625/625/625 661/661/661
f 625/625/625 662/662/662 661/661/661
f 625/625/625 626/626/626 662/662/662
f 626/626/626 663/663/663 662/662/662
f 626/626/626 627/627/627 663/663/663
f 627/627/627 664/664/664 663/663/663
f 627/627/627 628/628/628 664/664/664
f 628/628/628 665/665/665 664/664/664
f 628/628/628 629/629/629 665/665/665
f 629/629/629 666/666/666 665/665/665
f 630/630/630 631/631/631 667/667/667
f 631/631/631 668/668/668 667/667/667
f 631/631/631 632/632/632 668/668/668
f 632/632/632 669/669/669 668/668/668
f 632/632/632 633/633/633 669/669/669
f 633/633/633 670/670/670 669/669/669
f 633/633/633 634/634/634 670/670/670
f 634/634/634 671/671/671 670/670/670
f 634/634/634 635/635/635 671/671/671
f 635/635/635 672/672/672 671/671/671
f 635/635/635 636/636/636 672/672/672
f 636/636/636 673/673/673 672/672/672
f 636/636/636 637/637/637 673/673/673
f 637/637/637 674/674/674 673/673/673
f 637/637/637 638/638/638 674/674/674
f 638/638/638 675/675/675 674/674/674
f 638/638/638 639/639/639 675/675/675
f 639/639/639 676/676/676 675/675/675
f 639/639/639 640/640/640 676/676/676
f 640/640/640 677/677/677 676/676/676
f 640/640/640 641/641/641 677/677/677
f 641/641/641 678/678/678 677/677/677
f 641/641/641 642/642/642 678/678/678
f 642/642/642 679/679/679 678/678/678
f 642/642/642 643/643/643 679/679/679
f 643/643/643 680/680/680 679/679/679
f 643/643/643 644/644/644 680/680/680
f 644/644/644 681/681/681 680/680/680
f 644/644/644 645/645/645 681/681/681
f 645/645/645 682/682/682 681/681/681
f 645/645/645 646/646/646 682/682/682
f 646/646/646 683/683/683 682/682/682
f 646/646/646 647/647/647 683/683/683
f 647/647/647 684/684/684 683/683/683
f 647/647/647 648/648/648 684/684/684
f 648/648/648 685/685/685 684/684/684
f 648/648/648 649/649/649 685/685/685
f 649/649/649 686/686/686 685/685/685
f 649/649/649 650/650/650 686/686/686
f 650/650/650 687/687/687 686/686/686
f 650/650/650 651/651/651 687/687/687
f 651/651/651 688/688/688 687/687/687
f 651/651/651 652/652/652 688/688/688
f 652/652/652 689/689/689 688/688/688
f 652/652/652 653/653/653 689/689/689
f 653/653/653 690/690/690 689/689/689
f 653/653/653 654/654/654 690/690/690
f 654/654/654 691/691/691 690/690/690
f 654/654/654 655/655/655 691/691/691
f 655/655/655 692/692/692 691/691/691
f 655/655/655 656/656/656 692/692/692
f 656/656/656 693/693/693 692/692/692
f 656/656/656 657/657/657 693/693/693
f 657/657/657 694/694/694 693/693/693
f 657/657/657 658/658/658 694/694/694
f 658/658/658 695/695/695 694/694/694
f 658/658/658 659/659/659 695/695/695
f 659/659/659 696/696/696 695/695/695
f 659/659/659 660/660/660 696/696/696
f 660/660/660 697/697/697 696/696/696
f 660/660/660 661/661/661 697/697/697
f 661/661/661 698/698/698 697/697/697
f 661/661/661 662/662/662 698/698/698
f 662/662/662 699/699/699 698/698/698
f 662/662/662 663/663/663 699/699/699
f 663/663/663 700/700/700 699/699/699
f 663/663/663 664/664/664 700/700/700
f 664/664/664 701/701/701 700/700/700
f 664/664/664 665/665/665 701/701/701
f 665/665/665 702/702/702 701/701/701
f 665/665/665 666/666/666 702/702/702
f 666/666/666 703/703/703 702/702/702
f 667/667/667 668/668/668 704/704/704
f 668/668/668 705/705/705 704/704/704
f 668/668/668 669/669/669 705/705/705
f 669/669/669 706/706/706 705/705/705
f 669/669/669 670/670/670 706/706/706
f 670/670/670 707/707/707 706/706/706
f 670/670/670 671/671/671 707/707/707
f 671/671/671 708/708/708 707/707/707
f 671/671/671 672/672/672 708/708/708
f 672/672/672 709/709/709 708/708/708
f 672/672/672 673/673/673 709/709/709
f 673/673/673 710/710/710 709/709/709
f 673/673/673 674/674/674 710/710/710
f 674/674/674 711/711/711 710/710/710
f 674/674/674 675/675/675 711/711/711
f 675/675/675 712/712/712 711/711/711
f 675/675/675 676/676/676 712/712/712
f 676/676/676 713/713/713 712/712/712
f 676/676/676 677/677/677 713/713/713
f 677/677/677 714/714/714 713/713/713
f 677/677/677 678/678/678 714/714/714
f 678/678/678 715/715/715 714/714/714
f 678/678/678 679/679/679 715/715/715
f 679/679/679 716/716/716 715/715/715
f 679/679/679 680/680/680 716/716/716
f 680/680/680 717/717/717 716/716/716
f 680/680/680 681/681/681 717/717/717
f 681/681/681 718/718/718 717/717/717
f 681/681/681 682/682/682 718/718/718
f 682/682/682 719/719/719 718/718/718
f 682/682/682 683/683/683 719/719/719
f 683/683/683 720/720/720 719/719/719
f 683/683/683 684/684/684 720/720/720
f 684/684/684 721/721/721 720/720/720
f 684/684/684 685/685/685 721/721/721
f 685/685/685 722/722/722 721/721/721
f 685/685/685 686/686/686 722/722/722
f 686/686/686 723/723/723 722/722/722
f 686/686/686 687/687/687 723/723/723
f 687/687/687 724/724/724 723/723/723
f 687/687/687 688/688/688 724/724/724
f 688/688/688 725/725/725 724/724/724
f 688/688/688 689/689/689 725/725/725
f 689/689/689 726/726/726 725/725/725
f 689/689/689 690/690/690 726/726/726
f 690/690/690 727/727/727 726/726/726
f 690/690/690 691/691/691 727/727/727
f 691/691/691 728/728/728 727/727/727
f 691/691/691 692/692/692 728/728/728
f 692/692/692 729/729/729 728/728/728
f 692/692/692 693/693/693 729/729/729
f 693/693/693 730/730/730 729/729/729
f 693/693/693 694/694/694 730/730/730
f 694/694/694 731/731/731 730/730/730
f 694/694/694 695/695/695 731/731/731
f 695/695/695 732/732/732 731/731/731
f 695/695/695 696/696/696 732/732/732
f 696/696/696 733/733/733 732/732/732
f 696/696/696 697/697/697 733/733/733
f 697/697/697 734/734/734 733/733/733
f 697/697/697 698/698/698 734/734/734
f 698/698/698 735/735/735 734/734/734
f 698/698/698 699/699/699 735/735/735
f 699/699/699 736/736/736 735/735/735
f 699/699/699 700/700/700 736/736/736
f 700/700/700 737/737/737 736/736/736
f 700/700/700 701/701/701 737/737/737
f 701/701/701 738/738/738 737/737/737
f 701/701/701 702/702/702 738/738/738
f 702/702/702 739/739/739 738/738/738
f 702/702/702 703/703/703 739/739/739
f 703/703/703 740/740/740 739/739/739
f 704/704/704 705/705/705 741/741/741
f 705/705/705 742/742/742 741/741/741
f 705/705/705 706/706/706 742/742/742
f 706/706/706 743/743/743 742/742/742
f 706/706/706 707/707/707 743/743/743
f 707/707/707 744/744/744 743/743/743
f 707/707/707 708/708/708 744/744/744
f 708/708/708 745/745/745 744/744/744
f 708/708/708 709/709/709 745/745/745
f 709/709/709 746/746/746 745/745/745
f 709/709/709 710/710/710 746/746/746
f 710/710/710 747/747/747 746/746/746
f 710/710/710 711/711/711 747/747/747
f 711/711/711 748/748/748 747/747/747
f 711/711/711 712/712/712 748/748/748
f 712/712/712 749/749/749 748/748/748
f 712/712/712 713/713/713 749/749/749
f 713/713/713 750/750/750 749/749/749
f 713/713/713 714/714/714 750/750/750
f 714/714/714 751/751/751 750/750/750
f 714/714/714 715/715/715 751/751/751
f 715/715/715 752/752/752 751/751/751
f 715/715/715 716/716/716 752/752/752
f 716/716/716 753/753/753 752/752/752
f 716/716/716 717/717/717 753/753/753
f 717/717/717 754/754/754 753/753/753
f 717/717/717 718/718/718 754/754/754
f 718/718/718 755/755/755 754/754/754
f 718/718/718 719/719/719 755/755/755
f 719/719/719 756/756/756 755/755/755
f 719/719/719 720/720/720 756/756/756
f 720/720/720 757/757/757 756/756/756
f 720/720/720 721/721/721 757/757/757
f 721/721/721 758/758/758 757/757/757
f 721/721/721 722/722/722 758/758/758
f 722/722/722 759/759/759 758/758/758
f 722/722/722 723/723/723 759/759/759
f 723/723/723 760/760/760 759/759/759
f 723/723/723 724/724/724 760/760/760
f 724/724/724 761/761/761 760/760/760
f 724/724/724 725/725/725 761/761/761
f 725/725/725 762/762/762 761/761/761
f 725/725/725 726/726/726 762/762/762
f 726/726/726 763/763/763 762/762/762
f 726/726/726 727/727/727 763/763/763
f 727/727/727 764/764/764 763/763/763
f 727/727/727 728/728/728 764/764/764
f 728/728/728 765/765/765 764/764/764
f 728/728/728 729/729/729 765/765/765
f 729/729/729 766/766/766 765/765/765
f 729/729/729 730/730/730 766/766/766
f 730/730/730 767/767/767 766/766/766
f 730/730/730 731/731/731 767/767/767
f 731/731/731 768/768/768 767/767/767
f 731/731/731 732/732/732 768/768/768
f 732/732/732 769/769/769 768/768/768
f 732/732/732 733/733/733 769/769/769
f 733/733/733 770/770/770 769/769/769
f 733/733/733 734/734/734 770/770/770
f 734/734/734 771/771/771 770/770/770
f 734/734/734 735/735/735 771/771/771
f 735/735/735 772/772/772 771/771/771
f 735/735/735 736/736/736 772/772/772
f 736/736/736 773/773/773 772/772/772
f 736/736/736 737/737/737 773/773/773
f 737/737/737 774/774/774 773/773/773
f 737/737/737 738/738/738 774/774/774
f 738/738/738 775/775/775 774/774/774
f 738/738/738 739/739/739 775/775/775
f 739/739/739 776/776/776 775/775/775
f 739/739/739 740/740/740 776/776/776
f 740/740/740 777/777/777 776/776/776
f 741/741/741 742/742/742 778/778/778
f 742/742/742 779/779/779 778/778/778
f 742/742/742 743/743/743 779/779/779
f 743/743/743 780/780/780 779/779/779
f 743/743/743 744/744/744 780/780/780
f 744/744/744 781/781/781 780/780/780
f 744/744/744 745/745/745 781/781/781
f 745/745/745 782/782/782 781/781/781
f 745/745/745 746/746/746 782/782/782
f 746/746/746 783/783/783 782/782/782
f 746/746/746 747/747/747 783/783/783
f 747/747/747 784/784/784 783/783/783
f 747/747/747 748/748/748 784/784/784
f 748/748/748 785/785/785 784/784/784
f 748/748/748 749/749/749 785/785/785
f 749/749/749 786/786/786 785/785/785
f 749/749/749 750/750/750 786/786/786
f 750/750/750 787/787/787 786/786/786
f 750/750/750 751/751/751 787/787/787
f 751/751/751 788/788/788 787/787/787
f 751/751/751 752/752/752 788/788/788
f 752/752/752 789/789/789 788/788/788
f 752/752/752 753/753/753 789/789/789
f 753/753/753 790/790/790 789/789/789
f 753/753/753 754/754/754 790/790/790
f 754/754/754 791/791/791 790/790/790
f 754/754/754 755/755/755 791/791/791
f 755/755/755 792/792/792 791/791/791
f 755/755/755 756/756/756 792/792/792
f 756/756/756 793/793/793 792/792/792
f 756/756/756 757/757/757 793/793/793
f 757/757/757 794/794/794 793/793/793
f 757/757/757 758/758/758 794/794/794
f 758/758/758 795/795/795 794/794/794
f 758/758/758 759/759/759 795/795/795
f 759/759/759 796/796/796 795/795/795
f 759/759/759 760/760/760 796/796/796
f 760/760/760 797/797/797 796/796/796
f 760/760/760 761/761/761 797/797/797
f 761/761/761 798/798/798 797/797/797
f 761/761/761 762/762/762 798/798/798
f 762/762/762 799/799/799 798/798/798
f 762/762/762 763/763/763 799/799/799
f 763/763/763 800/800/800 799/799/799
f 763/763/763 764/764/764 800/800/800
f 764/764/764 801/801/801 800/800/800
f 764/764/764 765/765/765 801/801/801
f 765/765/765 802/802/802 801/801/801
f 765/765/765 766/766/766 802/802/802
f 766/766/766 803/803/803 802/802/802
f 766/766/766 767/767/767 803/803/803
f 767/767/767 804/804/804 803/803/803
f 767/767/767 768/768/768 804/804/804
f 768/768/768 805/805/805 804/804/804
f 768/768/768 769/769/769 805/805/805
f 769/769/769 806/806/806 805/805/805
f 769/769/769 770/770/770 806/806/806
f 770/770/770 807/807/807 806/806/806
f 770/770/770 771/771/771 807/807/807
f 771/771/771 808/808/808 807/807/807
f 771/771/771 772/772/772 808/808/808
f 772/772/772 809/809/809 808/808/808
f 772/772/772 773/773/773 809/809/809
f 773/773/773 810/810/810 809/809/809
f 773/773/773 774/774/774 810/810/810
f 774/774/774 811/811/811 810/810/810
f 774/774/774 775/775/775 811/811/811
f 775/775/775 812/812/812 811/811/811
f 775/775/775 776/776/776 812/812/812
f 776/776/776 813/813/813 812/812/812
f 776/776/776 777/777/777 813/813/813
f 777/777/777 814/814/814 813/813/813
f 778/778/778 779/779/779 815/815/815
f 779/779/779 816/816/816 815/815/815
f 779/779/779 780/780/780 816/816/816
f 780/780/780 817/817/817 816/816/816
f 780/780/780 781/781/781 817/817/817
f 781/781/781 818/818/818 817/817/817
f 781/781/781 782/782/782 818/818/818
f 782/782/782 819/819/819 818/818/818
f 782/782/782 783/783/783 819/819/819
f 783/783/783 820/820/820 819/819/819
f 783/783/783 784/784/784 820/820/820
f 784/784/784 821/821/821 820/820/820
f 784/784/784 785/785/785 821/821/821
f 785/785/785 822/822/822 821/821/821
f 785/785/785 786/786/786 822/822/822
f 786/786/786 823/823/823 822/822/822
f 786/786/786 787/787/787 823/823/823
f 787/787/787 824/824/824 823/823/823
f 787/787/787 788/788/788 824/824/824
f 788/788/788 825/825/825 824/824/824
f 788/788/788 789/789/789 825/825/825
f 789/789/789 826/826/826 825/825/825
f 789/789/789 790/790/790 826/826/826
f 790/790/790 827/827/827 826/826/826
f 790/790/790 791/791/791 827/827/827
f 791/791/791 828/828/828 827/827/827
f 791/791/791 792/792/792 828/828/828
f 792/792/792 829/829/829 828/828/828
f 792/792/792 793/793/793 829/829/829
f 793/793/793 830/830/830 829/829/829
f 793/793/793 794/794/794 830/830/830
f 794/794/794 831/831/831 830/830/830
f 794/794/794 795/795/795 831/831/831
f 795/795/795 832/832/832 831/831/831
f 795/795/795 796/796/796 832/832/832
f 796/796/796 833/833/833 832/832/832
f 796/796/796 797/797/797 833/833/833
f 797/797/797 834/834/834 833/833/833
f 797/797/797 798/798/798 834/834/834
f 798/798/798 835/835/835 834/834/834
f 798/798/798 799/799/799 835/835/835
f 799/799/799 836/836/836 835/835/835
f 799/799/799 800/800/800 836/836/836
f 800/800/800 837/837/837 836/836/836
f 800/800/800 801/801/801 837/837/837
f 801/801/801 838/838/838 837/837/837
f 801/801/801 802/802/802 838/838/838
f 802/802/802 839/839/839 838/838/838
f 802/802/802 803/803/803 839/839/839
f 803/803/803 840/840/840 839/839/839
f 803/803/803 804/804/804 840/840/840
f 804/804/804 841/841/841 840/840/840
f 804/804/804 805/805/805 841/841/841
f 805/805/805 842/842/842 841/841/841
f 805/805/805 806/806/806 842/842/842
f 806/806/806 843/843/843 842/842/842
f 806/806/806 807/807/807 843/843/843
f 807/807/807 844/844/844 843/843/843
f 807/807/807 808/808/808 844/844/844
f 808/808/808 845/845/845 844/844/844
f 808/808/808 809/809/809 845/845/845
f 809/809/809 846/846/846 845/845/845
f 809/809/809 810/810/810 846/846/846
f 810/810/810 847/847/847 846/846/846
f 810/810/810 811/811/811 847/847/847
f 811/811/811 848/848/848 847/847/847
f 811/811/811 812/812/812 848/848/848
f 812/812/812 849/849/849 848/848/848
f 812/812/812 813/813/813 849/849/849
f 813/813/813 850/850/850 849/849/849
f 813/813/813 814/814/814 850/850/850
f 814/814/814 851/851/851 850/850/850
f 815/815/815 816/816/816 852/852/852
f 816/816/816 853/853/853 852/852/852
f 816/816/816 817/817/817 853/853/853
f 817/817/817 854/854/854 853/853/853
f 817/817/817 818/818/818 854/854/854
f 818/818/818 855/855/855 854/854/854
f 818/818/818 819/819/819 855/855/855
f 819/819/819 856/856/856 855/855/855
f 819/819/819 820/820/820 856/856/856
f 820/820/820 857/857/857 856/856/856
f 820/820/820 821/821/821 857/857/857
f 821/821/821 858/858/858 857/857/857
f 821/821/821 822/822/822 858/858/858
f 822/822/822 859/859/859 858/858/858
f 822/822/822 823/823/823 859/859/859
f 823/823/823 860/860/860 859/859/859
f 823/823/823 824/824/824 860/860/860
f 824/824/824 861/861/861 860/860/860
f 824/824/824 825/825/825 861/861/861
f 825/825/825 862/862/862 861/861/861
f 825/825/825 826/826/826 862/862/862
f 826/826/826 863/863/863 862/862/862
f 826/826/826 827/827/827 863/863/863
f 827/827/827 864/864/864 863/863/863
f 827/827/827 828/828/828 864/864/864
f 828/828/828 865/865/865 864/864/864
f 828/828/828 829/829/829 865/865/865
f 829/829/829 866/866/866 865/865/865
f 829/829/829 830/830/830 866/866/866
f 830/830/830 867/867/867 866/866/866
f 830/830/830 831/831/831 867/867/867
f 831/831/831 868/868/868 867/867/867
f 831/831/831 832/832/832 868/868/868
f 832/832/832 869/869/869 868/868/868
f 832/832/832 833/833/833 869/869/869
f 833/833/833 870/870/870 869/869/869
f 833/833/833 834/834/834 870/870/870
f 834/834/834 871/871/871 870/870/870
f 834/834/834 835/835/835 871/871/871
f 835/835/835 872/872/872 871/871/871
f 835/835/835 836/836/836 872/872/872
f 836/836/836 873/873/873 872/872/872
f 836/836/836 837/837/837 873/873/873
f 837/837/837 874/874/874 873/873/873
f 837/837/837 838/838/838 874/874/874
f 838/838/838 875/875/875 874/874/874
f 838/838/838 839/839/839 875/875/875
f 839/839/839 876/876/876 875/875/875
f 839/839/839 840/840/840 876/876/876
f 840/840/840 877/877/877 876/876/876
f 840/840/840 841/841/841 877/877/877
f 841/841/841 878/878/878 877/877/877
f 841/841/841 842/842/842 878/878/878
f 842/842/842 879/879/879 878/878/878
f 842/842/842 843/843/843 879/879/879
f 843/843/843 880/880/880 879/879/879
f 843/843/843 844/844/844 880/880/880
f 844/844/844 881/881/881 880/880/880
f 844/844/844 845/845/845 881/881/881
f 845/845/845 882/882/882 881/881/881
f 845/845/845 846/846/846 882/882/882
f 846/846/846 883/883/883 882/882/882
f 846/846/846 847/847/847 883/883/883
f 847/847/847 884/884/884 883/883/883
f 847/847/847 848/848/848 884/884/884
f 848/848/848 885/885/885 884/884/884
f 848/848/848 849/849/849 885/885/885
f 849/849/849 886/886/886 885/885/885
f 849/849/849 850/850/850 886/886/886
f 850/850/850 887/887/887 886/886/886
f 850/850/850 851/851/851 887/887/887
f 851/851/851 888/888/888 887/887/887
f 852/852/852 853/853/853 889/889/889
f 853/853/853 890/890/890 889/889/889
f 853/853/853 854/854/854 890/890/890
f 854/854/854 891/891/891 890/890/890
f 854/854/854 855/855/855 891/891/891
f 855/855/855 892/892/892 891/891/891
f 855/855/855 856/856/856 892/892/892
f 856/856/856 893/893/893 892/892/892
f 856/856/856 857/857/857 893/893/893
f 857/857/857 894/894/894 893/893/893
f 857/857/857 858/858/858 894/894/894
f 858/858/858 895/895/895 894/894/894
f 858/858/858 859/859/859 895/895/895
f 859/859/859 896/896/896 895/895/895
f 859/859/859 860/860/860 896/896/896
f 860/860/860 897/897/897 896/896/896
f 860/860/860 861/861/861 897/897/897
f 861/861/861 898/898/898 897/897/897
f 861/861/861 862/862/862 898/898/898
f 862/862/862 899/899/899 898/898/898
f 862/862/862 863/863/863 899/899/899
f 863/863/863 900/900/900 899/899/899
f 863/863/863 864/864/864 900/900/900
f 864/864/864 901/901/901 900/900/900
f 864/864/864 865/865/865 901/901/901
f 865/865/865 902/902/902 901/901/901
f 865/865/865 866/866/866 902/902/902
f 866/866/866 903/903/903 902/902/902
f 866/866/866 867/867/867 903/903/903
f 867/867/867 904/904/904 903/903/903
f 867/867/867 868/868/868 904/904/904
f 868/868/868 905/905/905 904/904/904
f 868/868/868 869/869/869 905/905/905
f 869/869/869 906/906/906 905/905/905
f 869/869/869 870/870/870 906/906/906
f 870/870/870 907/907/907 906/906/906
f 870/870/870 871/871/871 907/907/907
f 871/871/871 908/908/908 907/907/907
f 871/871/871 872/872/872 908/908/908
f 872/872/872 909/909/909 908/908/908
f 872/872/872 873/873/873 909/909/909
f 873/873/873 910/910/910 909/909/909
f 873/873/873 874/874/874 910/910/910
f 874/874/874 911/911/911 910/910/910
f 874/874/874 875/875/875 911/911/911
f 875/875/875 912/912/912 911/911/911
f 875/875/875 876/876/876 912/912/912
f 876/876/876 913/913/913 912/912/912
f 876/876/876 877/877/877 913/913/913
f 877/877/877 914/914/914 913/913/913
f 877/877/877 878/878/878 914/914/914
f 878/878/878 915/915/915 914/914/914
f 878/878/878 879/879/879 915/915/915
f 879/879/879 916/916/916 915/915/915
f 879/879/879 880/880/880 916/916/916
f 880/880/880 917/917/917 916/916/916
f 880/880/880 881/881/881 917/917/917
f 881/881/881 918/918/918 917/917/917
f 881/881/881 882/882/882 918/918/918
f 882/882/882 919/919/919 918/918/918
f 882/882/882 883/883/883 919/919/919
f 883/883/883 920/920/920 919/919/919
f 883/883/883 884/884/884 920/920/920
f 884/884/884 921/921/921 920/920/920
f 884/884/884 885/885/885 921/921/921
f 885/885/885 922/922/922 921/921/921
f 885/885/885 886/886/886 922/922/922
f 886/886/886 923/923/923 922/922/922
f 886/886/886 887/887/887 923/923/923
f 887/887/887 924/924/924 923/923/923
f 887/887/887 888/888/888 924/924/924
f 888/888/888 925/925/925 924/924/924
o machined-collar_part_1
usemtl part_1
v 0.3795983 0.2073755 0
v 0.3777704 0.206377 0.04239731
v 0.3723044 0.2033909 0.08438631
v 0.3632529 0.198446 0.1255626
v 0.3507031 0.19159 0.1655297
v 0.3347758 0.1828889 0.2039026
v 0.3156244 0.1724264 0.2403119
v 0.2934334 0.1603034 0.2744068
v 0.2684165 0.1466366 0.305859
v 0.2408146 0.1315576 0.3343656
v 0.2108935 0.1152117 0.3596522
v 0.1789414 0.09775613 0.381475
v 0.145266 0.07935917 0.399624
v 0.1101916 0.06019793 0.4139245
v 0.07405593 0.04045694 0.4242387
v 0.03720714 0.02032635 0.4304671
v -1.659277e-08 -9.064672e-09 0.43255
v -0.03720717 -0.02032637 0.4304671
v -0.07405595 -0.04045695 0.4242387
v -0.1101916 -0.06019794 0.4139245
v -0.145266 -0.07935919 0.399624
v -0.1789414 -0.09775616 0.381475
v -0.2108936 -0.1152117 0.3596521
v -0.2408146 -0.1315576 0.3343657
v -0.2684165 -0.1466366 0.305859
v -0.2934335 -0.1603034 0.2744068
v -0.3156245 -0.1724264 0.2403119
v -0.3347758 -0.1828889 0.2039026
v -0.3507031 -0.19159 0.1655296
v -0.3632529 -0.198446 0.1255627
v -0.3723044 -0.2033909 0.0843863
v -0.3777704 -0.206377 0.04239729
v -0.3795983 -0.2073755 -3.781472e-08
v -0.3777704 -0.206377 -0.04239736
v -0.3723044 -0.2033909 -0.08438639
v -0.3632529 -0.198446 -0.1255627
v -0.3507031 -0.19159 -0.1655297
v -0.3347758 -0.1828889 -0.2039027
v -0.3156244 -0.1724264 -0.2403119
v -0.2934334 -0.1603034 -0.2744069
v -0.2684165 -0.1466366 -0.3058591
v -0.2408146 -0.1315576 -0.3343656
v -0.2108934 -0.1152116 -0.3596522
v -0.1789414 -0.09775613 -0.381475
v -0.1452659 -0.07935911 -0.3996241
v -0.1101915 -0.06019791 -0.4139245
v -0.07405598 -0.04045697 -0.4242387
v -0.03720706 -0.02032631 -0.4304671
v 4.526664e-09 2.472928e-09 -0.43255
v 0.03720725 0.02032642 -0.4304671
v 0.07405599 0.04045698 -0.4242387
v 0.1101917 0.06019801 -0.4139245
v 0.1452661 0.07935921 -0.399624
v 0.1789414 0.09775614 -0.381475
v 0.2108936 0.1152117 -0.3596521
v 0.2408146 0.1315576 -0.3343656
v 0.2684166 0.1466367 -0.3058589
v 0.2934335 0.1603035 -0.2744068
v 0.3156244 0.1724264 -0.2403119
v 0.3347758 0.1828889 -0.2039026
v 0.3507031 0.19159 -0.1655297
v 0.3632529 0.198446 -0.1255625
v 0.3723044 0.2033909 -0.08438627
v 0.3777704 0.206377 -0.04239715
v 0.3795983 0.2073755 7.562944e-08
v 0.3723325 0.2143739 0
v 0.3705175 0.2133823 0.04210119
v 0.3650896 0.210417 0.08379693
v 0.3561014 0.2055067 0.1246857
v 0.3436391 0.1986986 0.1643736
v 0.3278231 0.1900582 0.2024785
v 0.3088055 0.1796689 0.2386334
v 0.2867695 0.1676306 0.2724903
v 0.2619273 0.1540592 0.3037228
v 0.2345182 0.1390855 0.3320303
v 0.204806 0.1228537 0.3571402
v 0.1730771 0.1055201 0.3788106
v 0.1396369 0.08725163 0.3968329
v 0.1048075 0.06822421 0.4110335
v 0.06892421 0.0486211 0.4212756
v 0.03233279 0.02863112 0.4274606
v -0.004614487 0.008446722 0.4295289
v -0.04156177 -0.01173767 0.4274606
v -0.07815319 -0.03172766 0.4212756
v -0.1140364 -0.05133077 0.4110335
v -0.1488659 -0.07035819 0.3968329
v -0.1823061 -0.08862666 0.3788106
v -0.2140351 -0.1059603 0.3571402
v -0.2437471 -0.122192 0.3320303
v -0.2711563 -0.1371657 0.3037228
v -0.2959985 -0.1507371 0.2724902
v -0.3180345 -0.1627754 0.2386334
v -0.3370521 -0.1731648 0.2024785
v -0.3528682 -0.1818051 0.1643735
v -0.3653303 -0.1886132 0.1246857
v -0.3743186 -0.1935236 0.08379692
v -0.3797464 -0.1964888 0.04210117
v -0.3815615 -0.1974804 -3.755061e-08
v -0.3797464 -0.1964888 -0.04210125
v -0.3743186 -0.1935236 -0.08379699
v -0.3653303 -0.1886132 -0.1246857
v -0.3528681 -0.1818051 -0.1643736
v -0.3370521 -0.1731648 -0.2024785
v -0.3180344 -0.1627754 -0.2386335
v -0.2959985 -0.1507371 -0.2724903
v -0.2711562 -0.1371657 -0.3037228
v -0.2437472 -0.1221921 -0.3320303
v -0.2140349 -0.1059602 -0.3571403
v -0.1823061 -0.08862663 -0.3788106
v -0.1488657 -0.07035811 -0.396833
v -0.1140364 -0.05133073 -0.4110335
v -0.07815321 -0.03172767 -0.4212756
v -0.04156166 -0.01173761 -0.4274606
v -0.004614466 0.008446734 -0.4295289
v 0.03233291 0.02863118 -0.4274606
v 0.06892428 0.04862114 -0.4212756
v 0.1048076 0.06822429 -0.4110334
v 0.139637 0.08725166 -0.3968329
v 0.1730771 0.1055201 -0.3788106
v 0.2048061 0.1228538 -0.3571402
v 0.2345182 0.1390855 -0.3320303
v 0.2619274 0.1540592 -0.3037226
v 0.2867696 0.1676306 -0.2724902
v 0.3088055 0.1796689 -0.2386335
v 0.3278232 0.1900583 -0.2024784
v 0.3436392 0.1986986 -0.1643736
v 0.3561014 0.2055067 -0.1246855
v 0.3650896 0.210417 -0.08379689
v 0.3705175 0.2133823 -0.04210103
v 0.3723325 0.2143739 7.510121e-08
v 0.3617111 0.2166002 0
v 0.3599309 0.2156276 0.04129217
v 0.3546073 0.2127194 0.08218668
v 0.3457918 0.2079034 0.1222897
v 0.333569 0.2012261 0.161215
v 0.3180569 0.1927518 0.1985877
v 0.2994048 0.1825621 0.2340479
v 0.2777922 0.1707551 0.2672541
v 0.2534274 0.1574445 0.2978864
v 0.226545 0.1427586 0.32565
v 0.1974038 0.1268387 0.3502774
v 0.1662845 0.1098382 0.3715314
v 0.1334869 0.09192074 0.3892073
v 0.09932677 0.07325897 0.4031351
v 0.06413306 0.05403255 0.4131804
v 0.02824479 0.03442669 0.4192465
v -0.007992513 0.01463016 0.421275
v -0.04422982 -0.00516637 0.4192465
v -0.08011809 -0.02477222 0.4131803
v -0.1153118 -0.04399864 0.403135
v -0.149472 -0.06266043 0.3892073
v -0.1822696 -0.08057785 0.3715314
v -0.2133889 -0.09757838 0.3502773
v -0.24253 -0.1134983 0.32565
v -0.2694124 -0.1281842 0.2978864
v -0.2937773 -0.1414948 0.2672541
v -0.3153898 -0.1533018 0.2340478
v -0.334042 -0.1634915 0.1985876
v -0.3495541 -0.1719658 0.1612149
v -0.3617768 -0.1786431 0.1222897
v -0.3705924 -0.1834591 0.08218667
v -0.3759159 -0.1863673 0.04129215
v -0.3776961 -0.1873398 -3.682903e-08
v -0.3759159 -0.1863673 -0.04129222
v -0.3705923 -0.183459 -0.08218675
v -0.3617768 -0.1786431 -0.1222898
v -0.3495541 -0.1719658 -0.161215
v -0.334042 -0.1634915 -0.1985877
v -0.3153898 -0.1533017 -0.2340479
v -0.2937772 -0.1414948 -0.2672541
v -0.2694124 -0.1281842 -0.2978865
v -0.24253 -0.1134983 -0.32565
v -0.2133887 -0.09757832 -0.3502775
v -0.1822695 -0.08057782 -0.3715314
v -0.1494718 -0.06266034 -0.3892074
v -0.1153117 -0.0439986 -0.4031351
v -0.08011811 -0.02477224 -0.4131803
v -0.04422971 -0.005166313 -0.4192465
v -0.007992493 0.01463017 -0.421275
v 0.0282449 0.03442675 -0.4192465
v 0.06413313 0.05403258 -0.4131803
v 0.09932692 0.07325904 -0.403135
v 0.133487 0.09192079 -0.3892073
v 0.1662846 0.1098382 -0.3715314
v 0.1974039 0.1268387 -0.3502773
v 0.226545 0.1427586 -0.32565
v 0.2534275 0.1574446 -0.2978863
v 0.2777923 0.1707551 -0.267254
v 0.2994048 0.1825621 -0.2340479
v 0.318057 0.1927518 -0.1985876
v 0.3335691 0.2012261 -0.161215
v 0.3457918 0.2079034 -0.1222896
v 0.3546073 0.2127194 -0.08218664
v 0.3599309 0.2156276 -0.04129202
v 0.3617111 0.2166002 7.365806e-08
v 0.3505799 0.2134579 0
v 0.3488473 0.2125114 0.04018703
v 0.3436663 0.209681 0.07998703
v 0.3350866 0.2049939 0.1190167
v 0.323191 0.1984954 0.1569002
v 0.3080941 0.1902478 0.1932727
v 0.2899412 0.1803309 0.2277838
v 0.268907 0.1688399 0.2601013
v 0.2451943 0.1558855 0.2899138
v 0.2190314 0.1415927 0.3169343
v 0.1906701 0.1260988 0.3409026
v 0.1603837 0.1095533 0.3615877
v 0.1284639 0.09211543 0.3787906
v 0.09521803 0.07395311 0.3923455
v 0.06096625 0.05524127 0.402122
v 0.02603849 0.03616015 0.4080257
v -0.009228957 0.01689345 0.41
v -0.0444964 -0.002373241 0.4080257
v -0.07942416 -0.02145437 0.402122
v -0.113676 -0.0401662 0.3923455
v -0.1469219 -0.05832852 0.3787906
v -0.1788417 -0.07576641 0.3615877
v -0.2091281 -0.09231194 0.3409025
v -0.2374893 -0.1078057 0.3169343
v -0.2636522 -0.1220986 0.2899138
v -0.287365 -0.1350529 0.2601012
v -0.3083991 -0.1465439 0.2277838
v -0.326552 -0.156461 0.1932726
v -0.341649 -0.1647085 0.1569001
v -0.3535445 -0.171207 0.1190167
v -0.3621242 -0.1758941 0.07998703
v -0.3673052 -0.1787245 0.04018701
v -0.3690378 -0.179671 -3.584334e-08
v -0.3673052 -0.1787245 -0.04018708
v -0.3621241 -0.1758941 -0.0799871
v -0.3535445 -0.171207 -0.1190168
v -0.3416489 -0.1647084 -0.1569002
v -0.326552 -0.1564609 -0.1932727
v -0.308399 -0.1465439 -0.2277838
v -0.2873649 -0.1350529 -0.2601013
v -0.2636522 -0.1220986 -0.2899138
v -0.2374893 -0.1078057 -0.3169343
v -0.2091279 -0.09231187 -0.3409026
v -0.1788416 -0.07576638 -0.3615877
v -0.1469217 -0.05832845 -0.3787907
v -0.1136759 -0.04016617 -0.3923455
v -0.07942419 -0.02145438 -0.402122
v -0.0444963 -0.002373185 -0.4080257
v -0.009228936 0.01689347 -0.41
v 0.0260386 0.03616021 -0.4080257
v 0.06096631 0.05524131 -0.402122
v 0.09521817 0.07395319 -0.3923455
v 0.128464 0.09211546 -0.3787906
v 0.1603838 0.1095533 -0.3615877
v 0.1906702 0.1260989 -0.3409025
v 0.2190314 0.1415927 -0.3169343
v 0.2451944 0.1558856 -0.2899137
v 0.2689071 0.1688399 -0.2601012
v 0.2899412 0.1803309 -0.2277838
v 0.3080941 0.1902479 -0.1932726
v 0.3231911 0.1984954 -0.1569002
v 0.3350867 0.204994 -0.1190166
v 0.3436663 0.209681 -0.079987
v 0.3488473 0.2125114 -0.04018687
v 0.3505799 0.2134579 7.168668e-08
v 0.3419216 0.2057891 0
v 0.3402366 0.2048686 0.03908188
v 0.335198 0.202116 0.07778739
v 0.3268544 0.1975579 0.1157438
v 0.315286 0.191238 0.1525855
v 0.3006041 0.1832173 0.1879577
v 0.2829504 0.173573 0.2215197
v 0.2624947 0.162398 0.2529485
v 0.2394341 0.1498 0.2819411
v 0.2139906 0.1359001 0.3082186
v 0.1864093 0.1208324 0.3315277
v 0.1569558 0.1047419 0.351644
v 0.1259138 0.08778353 0.3683738
v 0.09358218 0.07012068 0.381556
v 0.06027232 0.05192341 0.3910636
v 0.02630508 0.03336702 0.396805
v -0.007992513 0.01463016 0.398725
v -0.0422901 -0.0041067 0.396805
v -0.07625735 -0.02266309 0.3910636
v -0.1095672 -0.04086035 0.381556
v -0.1418988 -0.05852322 0.3683738
v -0.1729409 -0.07548156 0.351644
v -0.2023944 -0.09157208 0.3315277
v -0.2299756 -0.1066398 0.3082186
v -0.2554191 -0.1205396 0.2819411
v -0.2784798 -0.1331377 0.2529484
v -0.2989354 -0.1443127 0.2215197
v -0.3165892 -0.153957 0.1879576
v -0.331271 -0.1619777 0.1525854
v -0.3428394 -0.1682975 0.1157438
v -0.3511831 -0.1728557 0.07778738
v -0.3562216 -0.1756083 0.03908187
v -0.3579066 -0.1765288 -3.485765e-08
v -0.3562216 -0.1756083 -0.03908193
v -0.3511831 -0.1728557 -0.07778745
v -0.3428394 -0.1682975 -0.1157438
v -0.331271 -0.1619777 -0.1525854
v -0.3165891 -0.153957 -0.1879577
v -0.2989354 -0.1443127 -0.2215198
v -0.2784797 -0.1331377 -0.2529485
v -0.2554191 -0.1205396 -0.2819412
v -0.2299756 -0.1066398 -0.3082186
v -0.2023942 -0.09157201 -0.3315278
v -0.1729408 -0.07548153 -0.351644
v -0.1418987 -0.05852314 -0.3683739
v -0.1095672 -0.04086032 -0.381556
v -0.07625737 -0.0226631 -0.3910636
v -0.04229 -0.004106645 -0.396805
v -0.007992494 0.01463017 -0.398725
v 0.02630518 0.03336708 -0.396805
v 0.06027238 0.05192345 -0.3910636
v 0.09358232 0.07012075 -0.381556
v 0.1259139 0.08778356 -0.3683738
v 0.1569559 0.1047419 -0.351644
v 0.1864094 0.1208324 -0.3315277
v 0.2139907 0.1359001 -0.3082186
v 0.2394342 0.1498 -0.281941
v 0.2624948 0.1623981 -0.2529484
v 0.2829504 0.173573 -0.2215198
v 0.3006042 0.1832173 -0.1879576
v 0.315286 0.191238 -0.1525854
v 0.3268544 0.1975579 -0.1157436
v 0.3351981 0.2021161 -0.07778735
v 0.3402367 0.2048686 -0.03908173
v 0.3419216 0.2057891 6.971529e-08
v 0.3380562 0.1956486 0
v 0.3364061 0.1947471 0.03827287
v 0.3314718 0.1920515 0.07617714
v 0.3233009 0.1875877 0.1133478
v 0.3119719 0.1813987 0.1494268
v 0.297594 0.173544 0.1840668
v 0.2803057 0.1640994 0.2169341
v 0.2602735 0.1531557 0.2477123
v 0.2376903 0.1408184 0.2761048
v 0.2127735 0.1272063 0.3018382
v 0.1857631 0.1124505 0.3246649
v 0.1569193 0.09669305 0.3443648
v 0.1265199 0.08008578 0.3607483
v 0.09485754 0.06278855 0.3736576
v 0.06223722 0.04496798 0.3829683
v 0.02897312 0.02679572 0.3885909
v -0.004614486 0.008446724 0.3904711
v -0.0382021 -0.009902272 0.3885909
v -0.0714662 -0.02807453 0.3829683
v -0.1040865 -0.0458951 0.3736576
v -0.1357489 -0.06319232 0.3607483
v -0.1661483 -0.07979963 0.3443648
v -0.1949921 -0.09555706 0.3246648
v -0.2220024 -0.1103129 0.3018383
v -0.2469192 -0.1239249 0.2761048
v -0.2695025 -0.1362623 0.2477123
v -0.2895347 -0.1472059 0.2169341
v -0.306823 -0.1566506 0.1840668
v -0.3212009 -0.1645052 0.1494268
v -0.3325298 -0.1706943 0.1133478
v -0.3407008 -0.1751581 0.07617714
v -0.3456351 -0.1778537 0.03827285
v -0.3472851 -0.1787551 -3.413607e-08
v -0.3456351 -0.1778537 -0.03827291
v -0.3407008 -0.1751581 -0.0761772
v -0.3325298 -0.1706942 -0.1133479
v -0.3212009 -0.1645052 -0.1494268
v -0.306823 -0.1566505 -0.1840668
v -0.2895347 -0.1472059 -0.2169342
v -0.2695024 -0.1362622 -0.2477123
v -0.2469192 -0.1239249 -0.2761048
v -0.2220024 -0.1103129 -0.3018382
v -0.194992 -0.095557 -0.324665
v -0.1661483 -0.0797996 -0.3443648
v -0.1357487 -0.06319226 -0.3607483
v -0.1040865 -0.04589507 -0.3736576
v -0.07146622 -0.02807455 -0.3829683
v -0.038202 -0.009902218 -0.3885909
v -0.004614467 0.008446734 -0.3904711
v 0.02897323 0.02679578 -0.3885909
v 0.06223729 0.04496802 -0.3829683
v 0.09485769 0.06278863 -0.3736575
v 0.12652 0.08008581 -0.3607483
v 0.1569193 0.09669306 -0.3443648
v 0.1857632 0.1124505 -0.3246648
v 0.2127735 0.1272063 -0.3018382
v 0.2376903 0.1408185 -0.2761047
v 0.2602735 0.1531557 -0.2477122
v 0.2803057 0.1640994 -0.2169342
v 0.2975941 0.173544 -0.1840667
v 0.3119719 0.1813987 -0.1494268
v 0.3233009 0.1875878 -0.1133477
v 0.3314719 0.1920516 -0.07617711
v 0.3364061 0.1947472 -0.03827272
v 0.3380562 0.1956486 6.827214e-08
v 0.3400193 0.1857534 0
v 0.338382 0.184859 0.03797674
v 0.333486 0.1821842 0.07558774
v 0.3253782 0.177755 0.1124708
v 0.3141369 0.1716138 0.1482707
v 0.2998703 0.1638199 0.1826427
v 0.2827157 0.1544483 0.2152557
v 0.2628385 0.1435893 0.2457957
v 0.24043 0.1313475 0.2739685
v 0.215706 0.1178407 0.2995029
v 0.1889046 0.1031991 0.3221529
v 0.160284 0.08756354 0.3417004
v 0.1301198 0.07108476 0.3579571
v 0.09870239 0.05392136 0.3707665
v 0.06633445 0.03623868 0.3800052
v 0.03332772 0.01820702 0.3855843
v -1.40559e-08 -9.596414e-09 0.38745
v -0.03332775 -0.01820704 0.3855843
v -0.06633449 -0.0362387 0.3800052
v -0.09870242 -0.05392138 0.3707665
v -0.1301198 -0.07108478 0.3579571
v -0.160284 -0.08756358 0.3417004
v -0.1889047 -0.1031991 0.3221529
v -0.215706 -0.1178407 0.2995029
v -0.24043 -0.1313475 0.2739685
v -0.2628385 -0.1435893 0.2457957
v -0.2827158 -0.1544483 0.2152557
v -0.2998703 -0.1638199 0.1826426
v -0.314137 -0.1716138 0.1482706
v -0.3253782 -0.177755 0.1124708
v -0.333486 -0.1821842 0.07558774
v -0.338382 -0.184859 0.03797672
v -0.3400193 -0.1857534 -3.387196e-08
v -0.338382 -0.184859 -0.03797679
v -0.333486 -0.1821842 -0.07558781
v -0.3253782 -0.1777549 -0.1124709
v -0.3141369 -0.1716138 -0.1482707
v -0.2998703 -0.1638199 -0.1826427
v -0.2827157 -0.1544483 -0.2152557
v -0.2628385 -0.1435893 -0.2457957
v -0.2404299 -0.1313475 -0.2739685
v -0.215706 -0.1178407 -0.2995029
v -0.1889045 -0.103199 -0.322153
v -0.160284 -0.08756355 -0.3417004
v -0.1301197 -0.07108471 -0.3579572
v -0.09870236 -0.05392135 -0.3707665
v -0.06633451 -0.03623871 -0.3800052
v -0.03332765 -0.01820698 -0.3855843
v 4.86151e-09 7.382142e-10 -0.38745
v 0.03332783 0.01820707 -0.3855843
v 0.06633452 0.03623872 -0.3800052
v 0.09870253 0.05392144 -0.3707665
v 0.1301198 0.0710848 -0.3579571
v 0.160284 0.08756356 -0.3417004
v 0.1889047 0.1031991 -0.3221529
v 0.215706 0.1178407 -0.2995029
v 0.2404301 0.1313476 -0.2739684
v 0.2628385 0.1435894 -0.2457956
v 0.2827157 0.1544483 -0.2152557
v 0.2998703 0.1638199 -0.1826426
v 0.3141369 0.1716138 -0.1482707
v 0.3253782 0.177755 -0.1124707
v 0.333486 0.1821842 -0.0755877
v 0.3383821 0.184859 -0.0379766
v 0.3400193 0.1857534 6.774391e-08
v 0.3472851 0.1787551 0
v 0.3456351 0.1778537 0.03827287
v 0.3407008 0.1751581 0.07617714
v 0.3325298 0.1706943 0.1133478
v 0.3212009 0.1645052 0.1494268
v 0.306823 0.1566505 0.1840668
v 0.2895347 0.1472059 0.2169341
v 0.2695024 0.1362622 0.2477123
v 0.2469192 0.1239249 0.2761048
v 0.2220024 0.1103129 0.3018382
v 0.1949921 0.09555703 0.3246649
v 0.1661483 0.07979959 0.3443648
v 0.1357488 0.06319232 0.3607483
v 0.1040865 0.04589508 0.3736576
v 0.07146616 0.02807452 0.3829683
v 0.03820206 0.009902257 0.3885909
v 0.004614456 -0.008446739 0.3904711
v -0.02897315 -0.02679574 0.3885909
v -0.06223726 -0.044968 0.3829683
v -0.09485758 -0.06278856 0.3736576
v -0.1265199 -0.08008578 0.3607483
v -0.1569194 -0.09669309 0.3443648
v -0.1857632 -0.1124505 0.3246648
v -0.2127735 -0.1272063 0.3018383
v -0.2376903 -0.1408184 0.2761048
v -0.2602735 -0.1531557 0.2477123
v -0.2803058 -0.1640994 0.2169341
v -0.2975941 -0.173544 0.1840668
v -0.3119719 -0.1813987 0.1494268
v -0.3233009 -0.1875877 0.1133478
v -0.3314719 -0.1920516 0.07617714
v -0.3364061 -0.1947471 0.03827285
v -0.3380562 -0.1956486 -3.413607e-08
v -0.3364061 -0.1947471 -0.03827291
v -0.3314718 -0.1920515 -0.0761772
v -0.3233009 -0.1875877 -0.1133479
v -0.3119719 -0.1813987 -0.1494268
v -0.297594 -0.173544 -0.1840668
v -0.2803057 -0.1640994 -0.2169342
v -0.2602735 -0.1531557 -0.2477123
v -0.2376902 -0.1408184 -0.2761048
v -0.2127735 -0.1272063 -0.3018382
v -0.1857631 -0.1124505 -0.324665
v -0.1569193 -0.09669306 -0.3443648
v -0.1265198 -0.08008572 -0.3607483
v -0.09485751 -0.06278853 -0.3736576
v -0.06223728 -0.04496801 -0.3829683
v -0.02897306 -0.02679568 -0.3885909
v 0.004614475 -0.008446729 -0.3904711
v 0.03820217 0.009902313 -0.3885909
v 0.07146623 0.02807456 -0.3829683
v 0.1040866 0.04589516 -0.3736575
v 0.1357489 0.06319235 -0.3607483
v 0.1661483 0.0797996 -0.3443648
v 0.1949921 0.09555707 -0.3246648
v 0.2220024 0.1103129 -0.3018382
v 0.2469193 0.123925 -0.2761047
v 0.2695025 0.1362623 -0.2477122
v 0.2895347 0.1472059 -0.2169342
v 0.306823 0.1566506 -0.1840667
v 0.3212009 0.1645052 -0.1494268
v 0.3325299 0.1706943 -0.1133477
v 0.3407008 0.1751581 -0.07617711
v 0.3456351 0.1778537 -0.03827272
v 0.3472851 0.1787551 6.827214e-08
v 0.3579066 0.1765288 0
v 0.3562217 0.1756083 0.03908188
v 0.3511831 0.1728557 0.07778739
v 0.3428394 0.1682976 0.1157438
v 0.331271 0.1619777 0.1525855
v 0.3165892 0.153957 0.1879577
v 0.2989354 0.1443127 0.2215198
v 0.2784798 0.1331377 0.2529485
v 0.2554191 0.1205396 0.2819411
v 0.2299756 0.1066398 0.3082186
v 0.2023943 0.09157205 0.3315277
v 0.1729408 0.07548153 0.3516441
v 0.1418988 0.05852319 0.3683739
v 0.1095672 0.04086034 0.3815561
v 0.07625733 0.02266308 0.3910636
v 0.04229007 0.004106684 0.396805
v 0.007992483 -0.01463018 0.398725
v -0.02630511 -0.03336704 0.396805
v -0.06027235 -0.05192343 0.3910636
v -0.09358222 -0.07012069 0.381556
v -0.1259139 -0.08778355 0.3683739
v -0.1569559 -0.1047419 0.351644
v -0.1864094 -0.1208324 0.3315277
v -0.2139907 -0.1359001 0.3082186
v -0.2394341 -0.1498 0.2819411
v -0.2624948 -0.1623981 0.2529485
v -0.2829504 -0.173573 0.2215197
v -0.3006042 -0.1832173 0.1879576
v -0.315286 -0.191238 0.1525854
v -0.3268544 -0.1975579 0.1157438
v -0.3351981 -0.2021161 0.07778738
v -0.3402367 -0.2048686 0.03908187
v -0.3419216 -0.2057891 -3.485765e-08
v -0.3402367 -0.2048686 -0.03908193
v -0.3351981 -0.2021161 -0.07778746
v -0.3268544 -0.1975579 -0.1157438
v -0.315286 -0.191238 -0.1525854
v -0.3006042 -0.1832173 -0.1879577
v -0.2829504 -0.173573 -0.2215198
v -0.2624947 -0.162398 -0.2529485
v -0.2394341 -0.1497999 -0.2819412
v -0.2139907 -0.1359001 -0.3082186
v -0.1864093 -0.1208324 -0.3315278
v -0.1569559 -0.1047419 -0.3516441
v -0.1259137 -0.08778348 -0.3683739
v -0.09358215 -0.07012066 -0.3815561
v -0.06027237 -0.05192344 -0.3910636
v -0.02630501 -0.03336699 -0.396805
v 0.007992501 -0.01463017 -0.398725
v 0.04229018 0.004106741 -0.396805
v 0.07625739 0.02266311 -0.3910636
v 0.1095673 0.04086042 -0.381556
v 0.1418989 0.05852323 -0.3683738
v 0.1729409 0.07548154 -0.3516441
v 0.2023944 0.0915721 -0.3315277
v 0.2299757 0.1066398 -0.3082186
v 0.2554192 0.1205397 -0.2819411
v 0.2784798 0.1331377 -0.2529484
v 0.2989354 0.1443127 -0.2215198
v 0.3165892 0.153957 -0.1879576
v 0.331271 0.1619777 -0.1525854
v 0.3428394 0.1682976 -0.1157436
v 0.3511831 0.1728557 -0.07778735
v 0.3562217 0.1756083 -0.03908174
v 0.3579066 0.1765288 6.97153e-08
v 0.3690378 0.179671 0
v 0.3673052 0.1787245 0.04018703
v 0.3621241 0.1758941 0.07998703
v 0.3535445 0.171207 0.1190167
v 0.3416489 0.1647084 0.1569002
v 0.326552 0.1564609 0.1932727
v 0.3083991 0.1465439 0.2277838
v 0.2873649 0.1350529 0.2601013
v 0.2636522 0.1220986 0.2899138
v 0.2374893 0.1078057 0.3169343
v 0.209128 0.0923119 0.3409026
v 0.1788416 0.07576638 0.3615877
v 0.1469218 0.05832851 0.3787906
v 0.1136759 0.04016618 0.3923455
v 0.07942413 0.02145435 0.402122
v 0.04449637 0.002373224 0.4080257
v 0.009228925 -0.01689347 0.41
v -0.02603852 -0.03616017 0.4080257
v -0.06096628 -0.05524129 0.402122
v -0.09521806 -0.07395313 0.3923455
v -0.128464 -0.09211545 0.3787906
v -0.1603838 -0.1095533 0.3615877
v -0.1906702 -0.1260989 0.3409025
v -0.2190314 -0.1415927 0.3169343
v -0.2451943 -0.1558855 0.2899138
v -0.2689071 -0.1688399 0.2601012
v -0.2899412 -0.1803309 0.2277838
v -0.3080941 -0.1902479 0.1932726
v -0.3231911 -0.1984954 0.1569001
v -0.3350866 -0.2049939 0.1190167
v -0.3436663 -0.209681 0.07998703
v -0.3488473 -0.2125114 0.04018701
v -0.3505799 -0.2134579 -3.584334e-08
v -0.3488473 -0.2125114 -0.04018708
v -0.3436663 -0.209681 -0.0799871
v -0.3350866 -0.2049939 -0.1190168
v -0.323191 -0.1984954 -0.1569002
v -0.3080941 -0.1902478 -0.1932727
v -0.2899411 -0.1803308 -0.2277838
v -0.268907 -0.1688398 -0.2601013
v -0.2451943 -0.1558855 -0.2899138
v -0.2190314 -0.1415927 -0.3169343
v -0.19067 -0.1260988 -0.3409026
v -0.1603837 -0.1095533 -0.3615877
v -0.1284638 -0.09211537 -0.3787907
v -0.095218 -0.07395309 -0.3923455
v -0.0609663 -0.0552413 -0.402122
v -0.02603842 -0.03616011 -0.4080257
v 0.009228946 -0.01689346 -0.41
v 0.04449648 0.002373282 -0.4080257
v 0.07942419 0.02145438 -0.402122
v 0.1136761 0.04016626 -0.3923455
v 0.1469219 0.05832854 -0.3787906
v 0.1788417 0.07576639 -0.3615877
v 0.2091281 0.09231195 -0.3409025
v 0.2374893 0.1078057 -0.3169343
v 0.2636523 0.1220987 -0.2899137
v 0.287365 0.1350529 -0.2601012
v 0.3083991 0.1465439 -0.2277838
v 0.326552 0.156461 -0.1932726
v 0.341649 0.1647085 -0.1569002
v 0.3535446 0.171207 -0.1190166
v 0.3621242 0.1758941 -0.079987
v 0.3673052 0.1787245 -0.04018687
v 0.3690378 0.179671 7.168668e-08
v 0.3776961 0.1873398 0
v 0.3759159 0.1863673 0.04129217
v 0.3705923 0.183459 0.08218668
v 0.3617768 0.1786431 0.1222897
v 0.3495541 0.1719658 0.161215
v 0.334042 0.1634915 0.1985877
v 0.3153898 0.1533017 0.2340479
v 0.2937772 0.1414948 0.2672541
v 0.2694124 0.1281842 0.2978864
v 0.24253 0.1134983 0.32565
v 0.2133888 0.09757835 0.3502774
v 0.1822695 0.08057781 0.3715314
v 0.1494719 0.0626604 0.3892073
v 0.1153118 0.04399863 0.4031351
v 0.08011806 0.02477221 0.4131804
v 0.04422978 0.005166352 0.4192465
v 0.007992482 -0.01463018 0.421275
v -0.02824482 -0.03442671 0.4192465
v -0.06413309 -0.05403256 0.4131803
v -0.09932681 -0.07325898 0.403135
v -0.133487 -0.09192076 0.3892073
v -0.1662846 -0.1098382 0.3715314
v -0.1974039 -0.1268387 0.3502773
v -0.226545 -0.1427586 0.32565
v -0.2534274 -0.1574445 0.2978864
v -0.2777922 -0.1707551 0.2672541
v -0.2994048 -0.1825621 0.2340478
v -0.318057 -0.1927518 0.1985876
v -0.3335691 -0.2012261 0.1612149
v -0.3457918 -0.2079034 0.1222897
v -0.3546073 -0.2127194 0.08218667
v -0.3599309 -0.2156276 0.04129215
v -0.3617111 -0.2166002 -3.682903e-08
v -0.3599309 -0.2156276 -0.04129222
v -0.3546073 -0.2127194 -0.08218675
v -0.3457918 -0.2079034 -0.1222898
v -0.333569 -0.2012261 -0.161215
v -0.3180569 -0.1927518 -0.1985877
v -0.2994047 -0.1825621 -0.2340479
v -0.2777922 -0.1707551 -0.2672541
v -0.2534274 -0.1574445 -0.2978865
v -0.226545 -0.1427586 -0.32565
v -0.1974037 -0.1268387 -0.3502775
v -0.1662845 -0.1098382 -0.3715314
v -0.1334868 -0.09192068 -0.3892074
v -0.09932674 -0.07325894 -0.4031351
v -0.06413312 -0.05403258 -0.4131803
v -0.02824472 -0.03442665 -0.4192465
v 0.007992502 -0.01463017 -0.421275
v 0.04422989 0.005166413 -0.4192465
v 0.08011813 0.02477225 -0.4131803
v 0.1153119 0.0439987 -0.403135
v 0.149472 0.06266045 -0.3892073
v 0.1822695 0.08057783 -0.3715314
v 0.2133889 0.0975784 -0.3502773
v 0.24253 0.1134983 -0.32565
v 0.2694125 0.1281842 -0.2978863
v 0.2937773 0.1414948 -0.267254
v 0.3153898 0.1533017 -0.2340479
v 0.334042 0.1634915 -0.1985876
v 0.3495541 0.1719658 -0.161215
v 0.3617768 0.1786431 -0.1222896
v 0.3705924 0.1834591 -0.08218664
v 0.3759159 0.1863673 -0.04129202
v 0.3776961 0.1873398 7.365806e-08
v 0.3815615 0.1974804 0
v 0.3797464 0.1964888 0.04210119
v 0.3743186 0.1935236 0.08379693
v 0.3653303 0.1886133 0.1246857
v 0.3528681 0.1818051 0.1643736
v 0.3370521 0.1731648 0.2024785
v 0.3180345 0.1627754 0.2386334
v 0.2959985 0.1507371 0.2724903
v 0.2711563 0.1371657 0.3037228
v 0.2437471 0.122192 0.3320303
v 0.214035 0.1059602 0.3571402
v 0.182306 0.08862662 0.3788106
v 0.1488658 0.07035816 0.3968329
v 0.1140364 0.05133075 0.4110335
v 0.07815315 0.03172765 0.4212756
v 0.04156173 0.01173766 0.4274606
v 0.004614452 -0.008446737 0.4295289
v -0.03233283 -0.02863113 0.4274606
v -0.06892425 -0.04862111 0.4212756
v -0.1048075 -0.06822423 0.4110335
v -0.1396369 -0.08725165 0.3968329
v -0.1730772 -0.1055201 0.3788106
v -0.2048061 -0.1228537 0.3571402
v -0.2345182 -0.1390855 0.3320303
v -0.2619273 -0.1540592 0.3037228
v -0.2867695 -0.1676306 0.2724902
v -0.3088056 -0.1796689 0.2386334
v -0.3278232 -0.1900582 0.2024785
v -0.3436392 -0.1986986 0.1643735
v -0.3561014 -0.2055067 0.1246857
v -0.3650896 -0.210417 0.08379692
v -0.3705175 -0.2133823 0.04210117
v -0.3723325 -0.2143738 -3.755061e-08
v -0.3705175 -0.2133823 -0.04210125
v -0.3650896 -0.210417 -0.08379699
v -0.3561013 -0.2055067 -0.1246857
v -0.3436391 -0.1986986 -0.1643736
v -0.3278231 -0.1900582 -0.2024785
v -0.3088055 -0.1796689 -0.2386335
v -0.2867695 -0.1676305 -0.2724903
v -0.2619273 -0.1540592 -0.3037228
v -0.2345182 -0.1390855 -0.3320303
v -0.204806 -0.1228537 -0.3571403
v -0.1730771 -0.1055201 -0.3788106
v -0.1396368 -0.08725157 -0.396833
v -0.1048074 -0.06822419 -0.4110335
v -0.06892426 -0.04862113 -0.4212756
v -0.03233272 -0.02863107 -0.4274606
v 0.004614473 -0.008446725 -0.4295289
v 0.04156185 0.01173772 -0.4274606
v 0.07815322 0.03172768 -0.4212756
v 0.1140365 0.05133083 -0.4110334
v 0.1488659 0.0703582 -0.3968329
v 0.1823061 0.08862664 -0.3788106
v 0.2140351 0.1059603 -0.3571402
v 0.2437472 0.1221921 -0.3320303
v 0.2711564 0.1371658 -0.3037226
v 0.2959985 0.1507371 -0.2724902
v 0.3180345 0.1627754 -0.2386335
v 0.3370521 0.1731648 -0.2024784
v 0.3528681 0.1818051 -0.1643736
v 0.3653303 0.1886133 -0.1246855
v 0.3743186 0.1935236 -0.08379689
v 0.3797464 0.1964888 -0.04210103
v 0.3815615 0.1974804 7.510121e-08
v 0.3795983 0.2073755 0
v 0.3777704 0.206377 0.04239731
v 0.3723044 0.2033909 0.08438631
v 0.3632529 0.198446 0.1255626
v 0.3507031 0.19159 0.1655297
v 0.3347758 0.1828889 0.2039026
v 0.3156244 0.1724264 0.2403119
v 0.2934334 0.1603034 0.2744068
v 0.2684165 0.1466366 0.305859
v 0.2408146 0.1315576 0.3343656
v 0.2108935 0.1152117 0.3596522
v 0.1789414 0.09775613 0.381475
v 0.145266 0.07935917 0.399624
v 0.1101916 0.06019793 0.4139245
v 0.07405593 0.04045694 0.4242387
v 0.03720714 0.02032636 0.4304671
v -1.820641e-08 -6.110925e-09 0.43255
v -0.03720717 -0.02032637 0.4304671
v -0.07405595 -0.04045695 0.4242387
v -0.1101916 -0.06019794 0.4139245
v -0.145266 -0.07935919 0.399624
v -0.1789414 -0.09775616 0.381475
v -0.2108936 -0.1152117 0.3596521
v -0.2408146 -0.1315576 0.3343657
v -0.2684165 -0.1466366 0.305859
v -0.2934335 -0.1603034 0.2744068
v -0.3156245 -0.1724264 0.2403119
v -0.3347758 -0.1828889 0.2039026
v -0.3507031 -0.19159 0.1655296
v -0.3632529 -0.198446 0.1255627
v -0.3723044 -0.2033909 0.0843863
v -0.3777704 -0.206377 0.04239729
v -0.3795983 -0.2073755 -3.781472e-08
v -0.3777704 -0.206377 -0.04239736
v -0.3723044 -0.2033909 -0.08438639
v -0.3632529 -0.198446 -0.1255627
v -0.3507031 -0.19159 -0.1655297
v -0.3347758 -0.1828889 -0.2039027
v -0.3156244 -0.1724264 -0.2403119
v -0.2934334 -0.1603034 -0.2744069
v -0.2684165 -0.1466366 -0.3058591
v -0.2408146 -0.1315576 -0.3343656
v -0.2108934 -0.1152116 -0.3596522
v -0.1789414 -0.09775613 -0.381475
v -0.1452659 -0.07935911 -0.3996241
v -0.1101915 -0.0601979 -0.4139245
v -0.07405598 -0.04045697 -0.4242387
v -0.03720706 -0.02032631 -0.4304671
v 2.913025e-09 5.426675e-09 -0.43255
v 0.03720725 0.02032642 -0.4304671
v 0.07405599 0.04045698 -0.4242387
v 0.1101917 0.06019801 -0.4139245
v 0.1452661 0.07935921 -0.399624
v 0.1789414 0.09775614 -0.381475
v 0.2108936 0.1152117 -0.3596521
v 0.2408146 0.1315576 -0.3343656
v 0.2684166 0.1466367 -0.3058589
v 0.2934335 0.1603035 -0.2744068
v 0.3156244 0.1724264 -0.2403119
v 0.3347758 0.1828889 -0.2039026
v 0.3507031 0.19159 -0.1655297
v 0.3632529 0.198446 -0.1255625
v 0.3723044 0.2033909 -0.08438627
v 0.3777704 0.206377 -0.04239715
v 0.3795983 0.2073755 7.562944e-08
vt 0 0
vt 0.015625 0
vt 0.03125 0
vt 0.046875 0
vt 0.0625 0
vt 0.078125 0
vt 0.09375 0
vt 0.109375 0
vt 0.125 0
vt 0.140625 0
vt 0.15625 0
vt 0.171875 0
vt 0.1875 0
vt 0.203125 0
vt 0.21875 0
vt 0.234375 0
vt 0.25 0
vt 0.265625 0
vt 0.28125 0
vt 0.296875 0
vt 0.3125 0
vt 0.328125 0
vt 0.34375 0
vt 0.359375 0
vt 0.375 0
vt 0.390625 0
vt 0.40625 0
vt 0.421875 0
vt 0.4375 0
vt 0.453125 0
vt 0.46875 0
vt 0.484375 0
vt 0.5 0
vt 0.515625 0
vt 0.53125 0
vt 0.546875 0
vt 0.5625 0
vt 0.578125 0
vt 0.59375 0
vt 0.609375 0
vt 0.625 0
vt 0.640625 0
vt 0.65625 0
vt 0.671875 0
vt 0.6875 0
vt 0.703125 0
vt 0.71875 0
vt 0.734375 0
vt 0.75 0
vt 0.765625 0
vt 0.78125 0
vt 0.796875 0
vt 0.8125 0
vt 0.828125 0
vt 0.84375 0
vt 0.859375 0
vt 0.875 0
vt 0.890625 0
vt 0.90625 0
vt 0.921875 0
vt 0.9375 0
vt 0.953125 0
vt 0.96875 0
vt 0.984375 0
vt 1 0
vt 0 0.08333334
vt 0.015625 0.08333334
vt 0.03125 0.08333334
vt 0.046875 0.08333334
vt 0.0625 0.08333334
vt 0.078125 0.08333334
vt 0.09375 0.08333334
vt 0.109375 0.08333334
vt 0.125 0.08333334
vt 0.140625 0.08333334
vt 0.15625 0.08333334
vt 0.171875 0.08333334
vt 0.1875 0.08333334
vt 0.203125 0.08333334
vt 0.21875 0.08333334
vt 0.234375 0.08333334
vt 0.25 0.08333334
vt 0.265625 0.08333334
vt 0.28125 0.08333334
vt 0.296875 0.08333334
vt 0.3125 0.08333334
vt 0.328125 0.08333334
vt 0.34375 0.08333334
vt 0.359375 0.08333334
vt 0.375 0.08333334
vt 0.390625 0.08333334
vt 0.40625 0.08333334
vt 0.421875 0.08333334
vt 0.4375 0.08333334
vt 0.453125 0.08333334
vt 0.46875 0.08333334
vt 0.484375 0.08333334
vt 0.5 0.08333334
vt 0.515625 0.08333334
vt 0.53125 0.08333334
vt 0.546875 0.08333334
vt 0.5625 0.08333334
vt 0.578125 0.08333334
vt 0.59375 0.08333334
vt 0.609375 0.08333334
vt 0.625 0.08333334
vt 0.640625 0.08333334
vt 0.65625 0.08333334
vt 0.671875 0.08333334
vt 0.6875 0.08333334
vt 0.703125 0.08333334
vt 0.71875 0.08333334
vt 0.734375 0.08333334
vt 0.75 0.08333334
vt 0.765625 0.08333334
vt 0.78125 0.08333334
vt 0.796875 0.08333334
vt 0.8125 0.08333334
vt 0.828125 0.08333334
vt 0.84375 0.08333334
vt 0.859375 0.08333334
vt 0.875 0.08333334
vt 0.890625 0.08333334
vt 0.90625 0.08333334
vt 0.921875 0.08333334
vt 0.9375 0.08333334
vt 0.953125 0.08333334
vt 0.96875 0.08333334
vt 0.984375 0.08333334
vt 1 0.08333334
vt 0 0.1666667
vt 0.015625 0.1666667
vt 0.03125 0.1666667
vt 0.046875 0.1666667
vt 0.0625 0.1666667
vt 0.078125 0.1666667
vt 0.09375 0.1666667
vt 0.109375 0.1666667
vt 0.125 0.1666667
vt 0.140625 0.1666667
vt 0.15625 0.1666667
vt 0.171875 0.1666667
vt 0.1875 0.1666667
vt 0.203125 0.1666667
vt 0.21875 0.1666667
vt 0.234375 0.1666667
vt 0.25 0.1666667
vt 0.265625 0.1666667
vt 0.28125 0.1666667
vt 0.296875 0.1666667
vt 0.3125 0.1666667
vt 0.328125 0.1666667
vt 0.34375 0.1666667
vt 0.359375 0.1666667
vt 0.375 0.1666667
vt 0.390625 0.1666667
vt 0.40625 0.1666667
vt 0.421875 0.1666667
vt 0.4375 0.1666667
vt 0.453125 0.1666667
vt 0.46875 0.1666667
vt 0.484375 0.1666667
vt 0.5 0.1666667
vt 0.515625 0.1666667
vt 0.53125 0.1666667
vt 0.546875 0.1666667
vt 0.5625 0.1666667
vt 0.578125 0.1666667
vt 0.59375 0.1666667
vt 0.609375 0.1666667
vt 0.625 0.1666667
vt 0.640625 0.1666667
vt 0.65625 0.1666667
vt 0.671875 0.1666667
vt 0.6875 0.1666667
vt 0.703125 0.1666667
vt 0.71875 0.1666667
vt 0.734375 0.1666667
vt 0.75 0.1666667
vt 0.765625 0.1666667
vt 0.78125 0.1666667
vt 0.796875 0.1666667
vt 0.8125 0.1666667
vt 0.828125 0.1666667
vt 0.84375 0.1666667
vt 0.859375 0.1666667
vt 0.875 0.1666667
vt 0.890625 0.1666667
vt 0.90625 0.1666667
vt 0.921875 0.1666667
vt 0.9375 0.1666667
vt 0.953125 0.1666667
vt 0.96875 0.1666667
vt 0.984375 0.1666667
vt 1 0.1666667
vt 0 0.25
vt 0.015625 0.25
vt 0.03125 0.25
vt 0.046875 0.25
vt 0.0625 0.25
vt 0.078125 0.25
vt 0.09375 0.25
vt 0.109375 0.25
vt 0.125 0.25
vt 0.140625 0.25
vt 0.15625 0.25
vt 0.171875 0.25
vt 0.1875 0.25
vt 0.203125 0.25
vt 0.21875 0.25
vt 0.234375 0.25
vt 0.25 0.25
vt 0.265625 0.25
vt 0.28125 0.25
vt 0.296875 0.25
vt 0.3125 0.25
vt 0.328125 0.25
vt 0.34375 0.25
vt 0.359375 0.25
vt 0.375 0.25
vt 0.390625 0.25
vt 0.40625 0.25
vt 0.421875 0.25
vt 0.4375 0.25
vt 0.453125 0.25
vt 0.46875 0.25
vt 0.484375 0.25
vt 0.5 0.25
vt 0.515625 0.25
vt 0.53125 0.25
vt 0.546875 0.25
vt 0.5625 0.25
vt 0.578125 0.25
vt 0.59375 0.25
vt 0.609375 0.25
vt 0.625 0.25
vt 0.640625 0.25
vt 0.65625 0.25
vt 0.671875 0.25
vt 0.6875 0.25
vt 0.703125 0.25
vt 0.71875 0.25
vt 0.734375 0.25
vt 0.75 0.25
vt 0.765625 0.25
vt 0.78125 0.25
vt 0.796875 0.25
vt 0.8125 0.25
vt 0.828125 0.25
vt 0.84375 0.25
vt 0.859375 0.25
vt 0.875 0.25
vt 0.890625 0.25
vt 0.90625 0.25
vt 0.921875 0.25
vt 0.9375 0.25
vt 0.953125 0.25
vt 0.96875 0.25
vt 0.984375 0.25
vt 1 0.25
vt 0 0.3333333
vt 0.015625 0.3333333
vt 0.03125 0.3333333
vt 0.046875 0.3333333
vt 0.0625 0.3333333
vt 0.078125 0.3333333
vt 0.09375 0.3333333
vt 0.109375 0.3333333
vt 0.125 0.3333333
vt 0.140625 0.3333333
vt 0.15625 0.3333333
vt 0.171875 0.3333333
vt 0.1875 0.3333333
vt 0.203125 0.3333333
vt 0.21875 0.3333333
vt 0.234375 0.3333333
vt 0.25 0.3333333
vt 0.265625 0.3333333
vt 0.28125 0.3333333
vt 0.296875 0.3333333
vt 0.3125 0.3333333
vt 0.328125 0.3333333
vt 0.34375 0.3333333
vt 0.359375 0.3333333
vt 0.375 0.3333333
vt 0.390625 0.3333333
vt 0.40625 0.3333333
vt 0.421875 0.3333333
vt 0.4375 0.3333333
vt 0.453125 0.3333333
vt 0.46875 0.3333333
vt 0.484375 0.3333333
vt 0.5 0.3333333
vt 0.515625 0.3333333
vt 0.53125 0.3333333
vt 0.546875 0.3333333
vt 0.5625 0.3333333
vt 0.578125 0.3333333
vt 0.59375 0.3333333
vt 0.609375 0.3333333
vt 0.625 0.3333333
vt 0.640625 0.3333333
vt 0.65625 0.3333333
vt 0.671875 0.3333333
vt 0.6875 0.3333333
vt 0.703125 0.3333333
vt 0.71875 0.3333333
vt 0.734375 0.3333333
vt 0.75 0.3333333
vt 0.765625 0.3333333
vt 0.78125 0.3333333
vt 0.796875 0.3333333
vt 0.8125 0.3333333
vt 0.828125 0.3333333
vt 0.84375 0.3333333
vt 0.859375 0.3333333
vt 0.875 0.3333333
vt 0.890625 0.3333333
vt 0.90625 0.3333333
vt 0.921875 0.3333333
vt 0.9375 0.3333333
vt 0.953125 0.3333333
vt 0.96875 0.3333333
vt 0.984375 0.3333333
vt 1 0.3333333
vt 0 0.4166667
vt 0.015625 0.4166667
vt 0.03125 0.4166667
vt 0.046875 0.4166667
vt 0.0625 0.4166667
vt 0.078125 0.4166667
vt 0.09375 0.4166667
vt 0.109375 0.4166667
vt 0.125 0.4166667
vt 0.140625 0.4166667
vt 0.15625 0.4166667
vt 0.171875 0.4166667
vt 0.1875 0.4166667
vt 0.203125 0.4166667
vt 0.21875 0.4166667
vt 0.234375 0.4166667
vt 0.25 0.4166667
vt 0.265625 0.4166667
vt 0.28125 0.4166667
vt 0.296875 0.4166667
vt 0.3125 0.4166667
vt 0.328125 0.4166667
vt 0.34375 0.4166667
vt 0.359375 0.4166667
vt 0.375 0.4166667
vt 0.390625 0.4166667
vt 0.40625 0.4166667
vt 0.421875 0.4166667
vt 0.4375 0.4166667
vt 0.453125 0.4166667
vt 0.46875 0.4166667
vt 0.484375 0.4166667
vt 0.5 0.4166667
vt 0.515625 0.4166667
vt 0.53125 0.4166667
vt 0.546875 0.4166667
vt 0.5625 0.4166667
vt 0.578125 0.4166667
vt 0.59375 0.4166667
vt 0.609375 0.4166667
vt 0.625 0.4166667
vt 0.640625 0.4166667
vt 0.65625 0.4166667
vt 0.671875 0.4166667
vt 0.6875 0.4166667
vt 0.703125 0.4166667
vt 0.71875 0.4166667
vt 0.734375 0.4166667
vt 0.75 0.4166667
vt 0.765625 0.4166667
vt 0.78125 0.4166667
vt 0.796875 0.4166667
vt 0.8125 0.4166667
vt 0.828125 0.4166667
vt 0.84375 0.4166667
vt 0.859375 0.4166667
vt 0.875 0.4166667
vt 0.890625 0.4166667
vt 0.90625 0.4166667
vt 0.921875 0.4166667
vt 0.9375 0.4166667
vt 0.953125 0.4166667
vt 0.96875 0.4166667
vt 0.984375 0.4166667
vt 1 0.4166667
vt 0 0.5
vt 0.015625 0.5
vt 0.03125 0.5
vt 0.046875 0.5
vt 0.0625 0.5
vt 0.078125 0.5
vt 0.09375 0.5
vt 0.109375 0.5
vt 0.125 0.5
vt 0.140625 0.5
vt 0.15625 0.5
vt 0.171875 0.5
vt 0.1875 0.5
vt 0.203125 0.5
vt 0.21875 0.5
vt 0.234375 0.5
vt 0.25 0.5
vt 0.265625 0.5
vt 0.28125 0.5
vt 0.296875 0.5
vt 0.3125 0.5
vt 0.328125 0.5
vt 0.34375 0.5
vt 0.359375 0.5
vt 0.375 0.5
vt 0.390625 0.5
vt 0.40625 0.5
vt 0.421875 0.5
vt 0.4375 0.5
vt 0.453125 0.5
vt 0.46875 0.5
vt 0.484375 0.5
vt 0.5 0.5
vt 0.515625 0.5
vt 0.53125 0.5
vt 0.546875 0.5
vt 0.5625 0.5
vt 0.578125 0.5
vt 0.59375 0.5
vt 0.609375 0.5
vt 0.625 0.5
vt 0.640625 0.5
vt 0.65625 0.5
vt 0.671875 0.5
vt 0.6875 0.5
vt 0.703125 0.5
vt 0.71875 0.5
vt 0.734375 0.5
vt 0.75 0.5
vt 0.765625 0.5
vt 0.78125 0.5
vt 0.796875 0.5
vt 0.8125 0.5
vt 0.828125 0.5
vt 0.84375 0.5
vt 0.859375 0.5
vt 0.875 0.5
vt 0.890625 0.5
vt 0.90625 0.5
vt 0.921875 0.5
vt 0.9375 0.5
vt 0.953125 0.5
vt 0.96875 0.5
vt 0.984375 0.5
vt 1 0.5
vt 0 0.5833333
vt 0.015625 0.5833333
vt 0.03125 0.5833333
vt 0.046875 0.5833333
vt 0.0625 0.5833333
vt 0.078125 0.5833333
vt 0.09375 0.5833333
vt 0.109375 0.5833333
vt 0.125 0.5833333
vt 0.140625 0.5833333
vt 0.15625 0.5833333
vt 0.171875 0.5833333
vt 0.1875 0.5833333
vt 0.203125 0.5833333
vt 0.21875 0.5833333
vt 0.234375 0.5833333
vt 0.25 0.5833333
vt 0.265625 0.5833333
vt 0.28125 0.5833333
vt 0.296875 0.5833333
vt 0.3125 0.5833333
vt 0.328125 0.5833333
vt 0.34375 0.5833333
vt 0.359375 0.5833333
vt 0.375 0.5833333
vt 0.390625 0.5833333
vt 0.40625 0.5833333
vt 0.421875 0.5833333
vt 0.4375 0.5833333
vt 0.453125 0.5833333
vt 0.46875 0.5833333
vt 0.484375 0.5833333
vt 0.5 0.5833333
vt 0.515625 0.5833333
vt 0.53125 0.5833333
vt 0.546875 0.5833333
vt 0.5625 0.5833333
vt 0.578125 0.5833333
vt 0.59375 0.5833333
vt 0.609375 0.5833333
vt 0.625 0.5833333
vt 0.640625 0.5833333
vt 0.65625 0.5833333
vt 0.671875 0.5833333
vt 0.6875 0.5833333
vt 0.703125 0.5833333
vt 0.71875 0.5833333
vt 0.734375 0.5833333
vt 0.75 0.5833333
vt 0.765625 0.5833333
vt 0.78125 0.5833333
vt 0.796875 0.5833333
vt 0.8125 0.5833333
vt 0.828125 0.5833333
vt 0.84375 0.5833333
vt 0.859375 0.5833333
vt 0.875 0.5833333
vt 0.890625 0.5833333
vt 0.90625 0.5833333
vt 0.921875 0.5833333
vt 0.9375 0.5833333
vt 0.953125 0.5833333
vt 0.96875 0.5833333
vt 0.984375 0.5833333
vt 1 0.5833333
vt 0 0.6666667
vt 0.015625 0.6666667
vt 0.03125 0.6666667
vt 0.046875 0.6666667
vt 0.0625 0.6666667
vt 0.078125 0.6666667
vt 0.09375 0.6666667
vt 0.109375 0.6666667
vt 0.125 0.6666667
vt 0.140625 0.6666667
vt 0.15625 0.6666667
vt 0.171875 0.6666667
vt 0.1875 0.6666667
vt 0.203125 0.6666667
vt 0.21875 0.6666667
vt 0.234375 0.6666667
vt 0.25 0.6666667
vt 0.265625 0.6666667
vt 0.28125 0.6666667
vt 0.296875 0.6666667
vt 0.3125 0.6666667
vt 0.328125 0.6666667
vt 0.34375 0.6666667
vt 0.359375 0.6666667
vt 0.375 0.6666667
vt 0.390625 0.6666667
vt 0.40625 0.6666667
vt 0.421875 0.6666667
vt 0.4375 0.6666667
vt 0.453125 0.6666667
vt 0.46875 0.6666667
vt 0.484375 0.6666667
vt 0.5 0.6666667
vt 0.515625 0.6666667
vt 0.53125 0.6666667
vt 0.546875 0.6666667
vt 0.5625 0.6666667
vt 0.578125 0.6666667
vt 0.59375 0.6666667
vt 0.609375 0.6666667
vt 0.625 0.6666667
vt 0.640625 0.6666667
vt 0.65625 0.6666667
vt 0.671875 0.6666667
vt 0.6875 0.6666667
vt 0.703125 0.6666667
vt 0.71875 0.6666667
vt 0.734375 0.6666667
vt 0.75 0.6666667
vt 0.765625 0.6666667
vt 0.78125 0.6666667
vt 0.796875 0.6666667
vt 0.8125 0.6666667
vt 0.828125 0.6666667
vt 0.84375 0.6666667
vt 0.859375 0.6666667
vt 0.875 0.6666667
vt 0.890625 0.6666667
vt 0.90625 0.6666667
vt 0.921875 0.6666667
vt 0.9375 0.6666667
vt 0.953125 0.6666667
vt 0.96875 0.6666667
vt 0.984375 0.6666667
vt 1 0.6666667
vt 0 0.75
vt 0.015625 0.75
vt 0.03125 0.75
vt 0.046875 0.75
vt 0.0625 0.75
vt 0.078125 0.75
vt 0.09375 0.75
vt 0.109375 0.75
vt 0.125 0.75
vt 0.140625 0.75
vt 0.15625 0.75
vt 0.171875 0.75
vt 0.1875 0.75
vt 0.203125 0.75
vt 0.21875 0.75
vt 0.234375 0.75
vt 0.25 0.75
vt 0.265625 0.75
vt 0.28125 0.75
vt 0.296875 0.75
vt 0.3125 0.75
vt 0.328125 0.75
vt 0.34375 0.75
vt 0.359375 0.75
vt 0.375 0.75
vt 0.390625 0.75
vt 0.40625 0.75
vt 0.421875 0.75
vt 0.4375 0.75
vt 0.453125 0.75
vt 0.46875 0.75
vt 0.484375 0.75
vt 0.5 0.75
vt 0.515625 0.75
vt 0.53125 0.75
vt 0.546875 0.75
vt 0.5625 0.75
vt 0.578125 0.75
vt 0.59375 0.75
vt 0.609375 0.75
vt 0.625 0.75
vt 0.640625 0.75
vt 0.65625 0.75
vt 0.671875 0.75
vt 0.6875 0.75
vt 0.703125 0.75
vt 0.71875 0.75
vt 0.734375 0.75
vt 0.75 0.75
vt 0.765625 0.75
vt 0.78125 0.75
vt 0.796875 0.75
vt 0.8125 0.75
vt 0.828125 0.75
vt 0.84375 0.75
vt 0.859375 0.75
vt 0.875 0.75
vt 0.890625 0.75
vt 0.90625 0.75
vt 0.921875 0.75
vt 0.9375 0.75
vt 0.953125 0.75
vt 0.96875 0.75
vt 0.984375 0.75
vt 1 0.75
vt 0 0.8333333
vt 0.015625 0.8333333
vt 0.03125 0.8333333
vt 0.046875 0.8333333
vt 0.0625 0.8333333
vt 0.078125 0.8333333
vt 0.09375 0.8333333
vt 0.109375 0.8333333
vt 0.125 0.8333333
vt 0.140625 0.8333333
vt 0.15625 0.8333333
vt 0.171875 0.8333333
vt 0.1875 0.8333333
vt 0.203125 0.8333333
vt 0.21875 0.8333333
vt 0.234375 0.8333333
vt 0.25 0.8333333
vt 0.265625 0.8333333
vt 0.28125 0.8333333
vt 0.296875 0.8333333
vt 0.3125 0.8333333
vt 0.328125 0.8333333
vt 0.34375 0.8333333
vt 0.359375 0.8333333
vt 0.375 0.8333333
vt 0.390625 0.8333333
vt 0.40625 0.8333333
vt 0.421875 0.8333333
vt 0.4375 0.8333333
vt 0.453125 0.8333333
vt 0.46875 0.8333333
vt 0.484375 0.8333333
vt 0.5 0.8333333
vt 0.515625 0.8333333
vt 0.53125 0.8333333
vt 0.546875 0.8333333
vt 0.5625 0.8333333
vt 0.578125 0.8333333
vt 0.59375 0.8333333
vt 0.609375 0.8333333
vt 0.625 0.8333333
vt 0.640625 0.8333333
vt 0.65625 0.8333333
vt 0.671875 0.8333333
vt 0.6875 0.8333333
vt 0.703125 0.8333333
vt 0.71875 0.8333333
vt 0.734375 0.8333333
vt 0.75 0.8333333
vt 0.765625 0.8333333
vt 0.78125 0.8333333
vt 0.796875 0.8333333
vt 0.8125 0.8333333
vt 0.828125 0.8333333
vt 0.84375 0.8333333
vt 0.859375 0.8333333
vt 0.875 0.8333333
vt 0.890625 0.8333333
vt 0.90625 0.8333333
vt 0.921875 0.8333333
vt 0.9375 0.8333333
vt 0.953125 0.8333333
vt 0.96875 0.8333333
vt 0.984375 0.8333333
vt 1 0.8333333
vt 0 0.9166667
vt 0.015625 0.9166667
vt 0.03125 0.9166667
vt 0.046875 0.9166667
vt 0.0625 0.9166667
vt 0.078125 0.9166667
vt 0.09375 0.9166667
vt 0.109375 0.9166667
vt 0.125 0.9166667
vt 0.140625 0.9166667
vt 0.15625 0.9166667
vt 0.171875 0.9166667
vt 0.1875 0.9166667
vt 0.203125 0.9166667
vt 0.21875 0.9166667
vt 0.234375 0.9166667
vt 0.25 0.9166667
vt 0.265625 0.9166667
vt 0.28125 0.9166667
vt 0.296875 0.9166667
vt 0.3125 0.9166667
vt 0.328125 0.9166667
vt 0.34375 0.9166667
vt 0.359375 0.9166667
vt 0.375 0.9166667
vt 0.390625 0.9166667
vt 0.40625 0.9166667
vt 0.421875 0.9166667
vt 0.4375 0.9166667
vt 0.453125 0.9166667
vt 0.46875 0.9166667
vt 0.484375 0.9166667
vt 0.5 0.9166667
vt 0.515625 0.9166667
vt 0.53125 0.9166667
vt 0.546875 0.9166667
vt 0.5625 0.9166667
vt 0.578125 0.9166667
vt 0.59375 0.9166667
vt 0.609375 0.9166667
vt 0.625 0.9166667
vt 0.640625 0.9166667
vt 0.65625 0.9166667
vt 0.671875 0.9166667
vt 0.6875 0.9166667
vt 0.703125 0.9166667
vt 0.71875 0.9166667
vt 0.734375 0.9166667
vt 0.75 0.9166667
vt 0.765625 0.9166667
vt 0.78125 0.9166667
vt 0.796875 0.9166667
vt 0.8125 0.9166667
vt 0.828125 0.9166667
vt 0.84375 0.9166667
vt 0.859375 0.9166667
vt 0.875 0.9166667
vt 0.890625 0.9166667
vt 0.90625 0.9166667
vt 0.921875 0.9166667
vt 0.9375 0.9166667
vt 0.953125 0.9166667
vt 0.96875 0.9166667
vt 0.984375 0.9166667
vt 1 0.9166667
vt 0 1
vt 0.015625 1
vt 0.03125 1
vt 0.046875 1
vt 0.0625 1
vt 0.078125 1
vt 0.09375 1
vt 0.109375 1
vt 0.125 1
vt 0.140625 1
vt 0.15625 1
vt 0.171875 1
vt 0.1875 1
vt 0.203125 1
vt 0.21875 1
vt 0.234375 1
vt 0.25 1
vt 0.265625 1
vt 0.28125 1
vt 0.296875 1
vt 0.3125 1
vt 0.328125 1
vt 0.34375 1
vt 0.359375 1
vt 0.375 1
vt 0.390625 1
vt 0.40625 1
vt 0.421875 1
vt 0.4375 1
vt 0.453125 1
vt 0.46875 1
vt 0.484375 1
vt 0.5 1
vt 0.515625 1
vt 0.53125 1
vt 0.546875 1
vt 0.5625 1
vt 0.578125 1
vt 0.59375 1
vt 0.609375 1
vt 0.625 1
vt 0.640625 1
vt 0.65625 1
vt 0.671875 1
vt 0.6875 1
vt 0.703125 1
vt 0.71875 1
vt 0.734375 1
vt 0.75 1
vt 0.765625 1
vt 0.78125 1
vt 0.796875 1
vt 0.8125 1
vt 0.828125 1
vt 0.84375 1
vt 0.859375 1
vt 0.875 1
vt 0.890625 1
vt 0.90625 1
vt 0.921875 1
vt 0.9375 1
vt 0.953125 1
vt 0.96875 1
vt 0.984375 1
vt 1 1
vn 0.8775826 0.4794255 -0
vn 0.8733573 0.4771172 0.09801091
vn 0.8607246 0.470216 0.1950641
vn 0.8397999 0.4587848 0.2902628
vn 0.8107706 0.442926 0.382711
vn 0.7739557 0.4228139 0.4714032
vn 0.7296907 0.3986318 0.5555575
vn 0.6783798 0.3706006 0.6343942
vn 0.6205577 0.3390122 0.7070918
vn 0.5567563 0.3041574 0.7729882
vn 0.4875659 0.2663585 0.8314642
vn 0.4136871 0.2259983 0.8819227
vn 0.3358473 0.1834742 0.9238744
vn 0.2547296 0.1391594 0.956947
vn 0.1711974 0.09352559 0.9807877
vn 0.08601363 0.04698946 0.9951852
vn 0 -0 1
vn -0.08596151 -0.04696099 0.9951912
vn -0.1711974 -0.09352559 0.9807877
vn -0.2547741 -0.1391837 0.9569316
vn -0.3358426 -0.1834717 0.9238766
vn -0.4137007 -0.2260057 0.8819145
vn -0.4875538 -0.2663519 0.8314734
vn -0.5567305 -0.3041433 0.7730123
vn -0.6205446 -0.3390051 0.7071068
vn -0.6783821 -0.3706018 0.634391
vn -0.7296825 -0.3986274 0.5555714
vn -0.7739527 -0.4228123 0.4714094
vn -0.810776 -0.442929 0.3826959
vn -0.8398068 -0.4587886 0.290237
vn -0.8607243 -0.4702159 0.1950655
vn -0.8733572 -0.4771172 0.09801164
vn -0.8775826 -0.4794255 0
vn -0.8733543 -0.4771157 -0.09804615
vn -0.8607284 -0.4702181 -0.1950426
vn -0.8397954 -0.4587823 -0.2902802
vn -0.8107728 -0.4429272 -0.3827047
vn -0.7739623 -0.4228175 -0.4713891
vn -0.7296827 -0.3986275 -0.5555712
vn -0.6783811 -0.3706013 -0.6343924
vn -0.6205446 -0.3390051 -0.7071068
vn -0.5567317 -0.3041439 -0.7730112
vn -0.4875414 -0.2663451 -0.8314828
vn -0.41368 -0.2259944 -0.881927
vn -0.3358473 -0.1834742 -0.9238744
vn -0.2547674 -0.1391801 -0.9569339
vn -0.1712367 -0.09354705 -0.9807788
vn -0.08599182 -0.04697755 -0.9951877
vn 0 0 -1
vn 0.08599182 0.04697755 -0.9951877
vn 0.1711952 0.09352435 -0.9807881
vn 0.2547777 0.1391857 -0.9569303
vn 0.3358402 0.1834703 -0.9238777
vn 0.4136803 0.2259946 -0.881927
vn 0.4875596 0.266355 -0.8314689
vn 0.5567474 0.3041525 -0.7729965
vn 0.6205446 0.3390051 -0.7071068
vn 0.6783683 0.3705943 -0.6344103
vn 0.7296866 0.3986296 -0.5555645
vn 0.7739609 0.4228168 -0.4713922
vn 0.8107771 0.4429295 -0.3826932
vn 0.8397896 0.4587791 -0.2903018
vn 0.8607225 0.4702149 -0.1950759
vn 0.8733572 0.4771172 -0.09801164
vn 0.8775826 0.4794255 -0
vn 0.4591503 0.8883586 0
vn 0.4565021 0.8859992 0.08130974
vn 0.4457654 0.8804078 0.1617874
vn 0.428109 0.8711039 0.2406254
vn 0.4036912 0.8581588 0.3171699
vn 0.3734959 0.8412984 0.3907912
vn 0.33628 0.8215679 0.4603716
vn 0.2939561 0.7982341 0.5257491
vn 0.2465494 0.7716653 0.5862985
vn 0.1931275 0.7431511 0.6406466
vn 0.1358589 0.7117971 0.6891206
vn 0.07482374 0.678133 0.7311203
vn 0.01006189 0.6431181 0.7657008
vn -0.05693541 0.606123 0.7933305
vn -0.126473 0.568758 0.8127232
vn -0.1964851 0.5292645 0.8253925
vn -0.2682288 0.4909896 0.8288441
vn -0.3391576 0.4513284 0.8253938
vn -0.4099514 0.4129276 0.8132839
vn -0.4795702 0.3762018 0.7927702
vn -0.5465978 0.3390135 0.7657027
vn -0.6110726 0.3034261 0.7311107
vn -0.6723331 0.2701406 0.6891968
vn -0.7296659 0.2390268 0.6406667
vn -0.7825342 0.2094744 0.586311
vn -0.8305179 0.1839311 0.5257465
vn -0.8730149 0.1606468 0.4604753
vn -0.9097098 0.140725 0.3906721
vn -0.9402706 0.1233862 0.3172806
vn -0.9643105 0.1104217 0.2406497
vn -0.9815974 0.101626 0.1616742
vn -0.9921923 0.09456758 0.08131038
vn -0.9956079 0.09362046 0
vn -0.9921898 0.09456901 -0.08133982
vn -0.9816913 0.10056 -0.1617711
vn -0.9642379 0.1114267 -0.2404773
vn -0.940233 0.1239697 -0.3171648
vn -0.9097369 0.1402651 -0.3907743
vn -0.8730234 0.160503 -0.4605094
vn -0.8305064 0.1839374 -0.5257626
vn -0.7825534 0.209821 -0.5861616
vn -0.7296801 0.2390191 -0.6406536
vn -0.6723412 0.2702754 -0.6891361
vn -0.6110771 0.3034237 -0.731108
vn -0.5465764 0.3389287 -0.7657555
vn -0.4792845 0.3753194 -0.7933611
vn -0.409941 0.4129333 -0.8132862
vn -0.3391811 0.4513093 -0.8253946
vn -0.2682289 0.4909896 -0.8288441
vn -0.1965033 0.5292545 -0.8253946
vn -0.1259708 0.568067 -0.8132842
vn -0.05689826 0.6061432 -0.7933177
vn 0.01011972 0.6430532 -0.7657546
vn 0.07482712 0.678135 -0.7311183
vn 0.1359423 0.7117035 -0.6892009
vn 0.1931332 0.7431543 -0.6406413
vn 0.2462571 0.7718627 -0.5861616
vn 0.2939465 0.7982288 -0.5257626
vn 0.3362766 0.821566 -0.4603774
vn 0.3730998 0.841527 -0.3906772
vn 0.4041183 0.8579259 -0.3172565
vn 0.4272259 0.8715869 -0.2404461
vn 0.444874 0.8808864 -0.1616364
vn 0.4555654 0.8864865 -0.08125239
vn 0.4591503 0.8883586 0
vn -0.04197802 0.9991185 0
vn -0.04417203 0.9980852 0.04329777
vn -0.04916278 0.9950537 0.08632041
vn -0.05863591 0.9899925 0.1283616
vn -0.07168179 0.9829785 0.1691597
vn -0.08771385 0.9740862 0.2084764
vn -0.1072469 0.9633899 0.2457194
vn -0.1301124 0.9510055 0.2804624
vn -0.1553664 0.9370047 0.3128636
vn -0.1838886 0.9216275 0.3417422
vn -0.2143355 0.9048871 0.3677494
vn -0.2470807 0.887055 0.3899803
vn -0.2816043 0.8682973 0.4083612
vn -0.3173545 0.8486539 0.4231699
vn -0.3543849 0.8285704 0.4334542
vn -0.392085 0.8080196 0.4397429
vn -0.4300133 0.7871339 0.4421637
vn -0.46808 0.7665016 0.4397458
vn -0.5057134 0.7456388 0.4339085
vn -0.5426486 0.7255752 0.4231704
vn -0.5784935 0.706106 0.4083621
vn -0.6129513 0.6871476 0.3900241
vn -0.6455425 0.6695016 0.3674812
vn -0.6761557 0.6527007 0.3417532
vn -0.7045114 0.6370052 0.3128704
vn -0.7299446 0.6233157 0.280461
vn -0.7527152 0.6107689 0.2457257
vn -0.7722421 0.600158 0.208453
vn -0.7884206 0.5914223 0.1691529
vn -0.801372 0.5842339 0.1283499
vn -0.8104566 0.5794172 0.08623065
vn -0.8159936 0.5764372 0.0432981
vn -0.8180484 0.5751494 0
vn -0.8159921 0.576438 -0.0433141
vn -0.8107406 0.5790083 -0.08630839
vn -0.8013695 0.5842353 -0.1283589
vn -0.7884191 0.5914231 -0.1691569
vn -0.7722763 0.600108 -0.20847
vn -0.7526184 0.6109321 -0.2456165
vn -0.7299442 0.6233159 -0.2804616
vn -0.7044473 0.6371343 -0.3127522
vn -0.6761563 0.6527005 -0.3417527
vn -0.6456192 0.6692758 -0.3677579
vn -0.6129345 0.687188 -0.3899792
vn -0.5784956 0.7061049 -0.4083612
vn -0.5426456 0.7255768 -0.4231715
vn -0.5057077 0.745642 -0.4339097
vn -0.468071 0.7665081 -0.439744
vn -0.4300133 0.7871339 -0.4421637
vn -0.392071 0.8080272 -0.4397413
vn -0.3541965 0.828413 -0.4339087
vn -0.3173731 0.848663 -0.4231376
vn -0.2816054 0.8682967 -0.4083617
vn -0.2470451 0.8870431 -0.3900298
vn -0.2145755 0.90494 -0.3674792
vn -0.1838926 0.9216253 -0.341746
vn -0.1556587 0.9370327 -0.3126341
vn -0.1301177 0.9510027 -0.2804697
vn -0.1072488 0.9633889 -0.2457226
vn -0.08776777 0.974088 -0.2084451
vn -0.07167888 0.9829801 -0.1691517
vn -0.05863446 0.9899933 -0.1283562
vn -0.04966754 0.9950382 -0.08620983
vn -0.04365057 0.9981062 -0.04334415
vn -0.04197807 0.9991185 0
vn -0.4794256 0.8775826 0
vn -0.4794256 0.8775826 0
vn -0.4794256 0.8775826 0
vn -0.4794256 0.8775826 0
vn -0.4794256 0.8775826 0
vn -0.4794256 0.8775826 0
vn -0.4794256 0.8775826 0
vn -0.4794256 0.8775826 0
vn -0.4794256 0.8775826 0
vn -0.4794256 0.8775826 0
vn -0.4794256 0.8775826 0
vn -0.4794256 0.8775826 0
vn -0.4794256 0.8775826 0
vn -0.4794256 0.8775826 0
vn -0.4794256 0.8775826 0
vn -0.4794256 0.8775826 0
vn -0.4794256 0.8775826 0
vn -0.4794256 0.8775826 0
vn -0.4794256 0.8775826 0
vn -0.4794256 0.8775826 0
vn -0.4794256 0.8775826 0
vn -0.4794256 0.8775826 0
vn -0.4794256 0.8775826 0
vn -0.4794256 0.8775826 0
vn -0.4794256 0.8775826 0
vn -0.4794256 0.8775826 0
vn -0.4794256 0.8775826 0
vn -0.4794256 0.8775826 0
vn -0.4794256 0.8775826 0
vn -0.4794256 0.8775826 0
vn -0.4794256 0.8775826 0
vn -0.4794256 0.8775826 0
vn -0.4794256 0.8775826 0
vn -0.4794256 0.8775826 0
vn -0.4794256 0.8775826 0
vn -0.4794256 0.8775826 0
vn -0.4794256 0.8775826 0
vn -0.4794256 0.8775826 0
vn -0.4794256 0.8775826 0
vn -0.4794256 0.8775826 0
vn -0.4794256 0.8775826 0
vn -0.4794256 0.8775826 0
vn -0.4794256 0.8775826 0
vn -0.4794256 0.8775826 0
vn -0.4794256 0.8775826 0
vn -0.4794256 0.8775826 0
vn -0.4794256 0.8775826 0
vn -0.4794256 0.8775826 0
vn -0.4794256 0.8775826 0
vn -0.4794256 0.8775826 0
vn -0.4794256 0.8775826 0
vn -0.4794256 0.8775826 0
vn -0.4794256 0.8775826 0
vn -0.4794256 0.8775826 0
vn -0.4794256 0.8775826 0
vn -0.4794256 0.8775826 0
vn -0.4794256 0.8775826 0
vn -0.4794256 0.8775826 0
vn -0.4794256 0.8775826 0
vn -0.4794256 0.8775826 0
vn -0.4794256 0.8775826 0
vn -0.4794256 0.8775826 0
vn -0.4794256 0.8775826 0
vn -0.4794256 0.8775826 0
vn -0.4794256 0.8775826 0
vn -0.8180485 0.5751493 0
vn -0.8161415 0.5762245 -0.04334125
vn -0.8106005 0.5792086 -0.08628052
vn -0.8013652 0.5842377 -0.1283754
vn -0.7884194 0.5914229 -0.1691559
vn -0.7722735 0.6001095 -0.2084759
vn -0.752718 0.6107674 -0.2457211
vn -0.7299398 0.6233184 -0.2804677
vn -0.7045178 0.6370018 -0.3128631
vn -0.6761726 0.6526915 -0.3417374
vn -0.6456321 0.6692687 -0.367748
vn -0.612932 0.6871894 -0.3899808
vn -0.5784919 0.7061068 -0.4083629
vn -0.5426624 0.7255676 -0.4231656
vn -0.5057207 0.7457651 -0.4336829
vn -0.4680633 0.7663805 -0.4399747
vn -0.4300133 0.7871339 -0.4421638
vn -0.392003 0.8079308 -0.439979
vn -0.3542861 0.8284943 -0.4336803
vn -0.3173442 0.8486596 -0.4231663
vn -0.2816102 0.8682941 -0.408364
vn -0.2470361 0.8870479 -0.3900243
vn -0.2145766 0.9049394 -0.36748
vn -0.1838958 0.9216236 -0.341749
vn -0.1553724 0.9370013 -0.3128704
vn -0.1301151 0.9510041 -0.2804662
vn -0.1072517 0.9633872 -0.2457276
vn -0.08777125 0.974086 -0.2084526
vn -0.0716778 0.9829807 -0.1691487
vn -0.05863629 0.9899923 -0.128363
vn -0.04941811 0.9950444 -0.0862812
vn -0.04391319 0.9980947 -0.04334159
vn -0.04197802 0.9991185 0
vn -0.04391347 0.9980946 0.04334497
vn -0.04942881 0.9950451 0.08626795
vn -0.0586388 0.9899909 0.1283726
vn -0.07167932 0.9829799 0.169153
vn -0.08771046 0.974088 0.2084692
vn -0.1074415 0.9633939 0.2456184
vn -0.1301155 0.9510038 0.2804668
vn -0.1555156 0.9370171 0.3127522
vn -0.1838952 0.9216239 0.3417484
vn -0.2143454 0.9048817 0.3677569
vn -0.2470797 0.8870555 0.3899797
vn -0.281608 0.8682953 0.4083629
vn -0.3173473 0.8486578 0.4231674
vn -0.354291 0.8284916 0.4336814
vn -0.3920012 0.8079334 0.4399758
vn -0.4300133 0.7871339 0.4421638
vn -0.4680535 0.7663858 0.4399758
vn -0.5057215 0.7457648 0.4336827
vn -0.54266 0.7255882 0.4231335
vn -0.5784907 0.7061075 0.4083634
vn -0.6129412 0.6871532 0.3900303
vn -0.6455469 0.6694993 0.3674779
vn -0.6761683 0.6526938 0.3417414
vn -0.7043831 0.6372632 0.312634
vn -0.7299343 0.6233214 0.2804754
vn -0.7527161 0.6107685 0.2457244
vn -0.7722461 0.6001557 0.2084443
vn -0.7884225 0.5914212 0.1691474
vn -0.8013666 0.5842368 0.1283697
vn -0.8106018 0.5792079 0.08627302
vn -0.8161415 0.5762245 0.0433416
vn -0.8180485 0.5751493 0
vn -0.9955065 0.09469307 0
vn -0.9919952 0.09670487 -0.08120134
vn -0.9815068 0.1026972 -0.1615479
vn -0.9642266 0.1115151 -0.2404815
vn -0.9401959 0.1244649 -0.3170806
vn -0.9096836 0.1414304 -0.3904782
vn -0.8730231 0.1613507 -0.4602137
vn -0.8305117 0.1850421 -0.5253662
vn -0.7826224 0.210862 -0.5856957
vn -0.7298193 0.2400507 -0.6401089
vn -0.6724416 0.2709289 -0.6887814
vn -0.6112589 0.3044606 -0.7305246
vn -0.5467222 0.3394206 -0.7654335
vn -0.4795871 0.3762749 -0.7927253
vn -0.4105653 0.4146039 -0.8121206
vn -0.3399579 0.4529145 -0.8241948
vn -0.2686568 0.4917729 -0.8282408
vn -0.1974583 0.5307624 -0.8241975
vn -0.1270245 0.5695029 -0.8121153
vn -0.05750571 0.606859 -0.7927265
vn 0.00971863 0.643502 -0.7653828
vn 0.07408728 0.6788669 -0.730514
vn 0.1353319 0.7122176 -0.6887899
vn 0.1923038 0.7438087 -0.6401311
vn 0.2454064 0.7724766 -0.5857094
vn 0.2930219 0.7988313 -0.5253633
vn 0.3359169 0.8217977 -0.4602264
vn 0.3724918 0.841886 -0.3904839
vn 0.4031727 0.858447 -0.3170499
vn 0.4271435 0.8716241 -0.2404579
vn 0.4438935 0.8813969 -0.1615492
vn 0.4546029 0.8869851 -0.08120234
vn 0.4581929 0.8888527 0
vn 0.4546023 0.8869848 0.08120879
vn 0.4438969 0.8813987 0.1615295
vn 0.4271386 0.8716214 0.2404761
vn 0.4032584 0.8583974 0.317075
vn 0.3724979 0.8418893 0.390471
vn 0.3359096 0.8217936 0.460239
vn 0.2930328 0.7988373 0.5253481
vn 0.2454064 0.7724767 0.5857095
vn 0.1922904 0.7438015 0.6401435
vn 0.1353205 0.7122114 0.6887985
vn 0.07405462 0.678849 0.730534
vn 0.009727146 0.6435066 0.7653787
vn -0.05751178 0.6068558 0.7927286
vn -0.1270338 0.5694978 0.8121174
vn -0.1974526 0.5307655 0.8241968
vn -0.2686568 0.4917729 0.8282409
vn -0.3399397 0.4529244 0.8241968
vn -0.4105679 0.4146024 0.81212
vn -0.4795837 0.3762767 0.7927265
vn -0.5467413 0.3395065 0.7653818
vn -0.6112526 0.304464 0.7305285
vn -0.672447 0.2709259 0.6887773
vn -0.7297968 0.240063 0.64013
vn -0.7826104 0.2108685 0.5857094
vn -0.8304954 0.1847316 0.5255013
vn -0.8730193 0.1613528 0.4602201
vn -0.9096984 0.1414223 0.3904467
vn -0.9402 0.1244626 0.3170693
vn -0.9642285 0.1115141 0.2404746
vn -0.9815089 0.1026959 0.1615362
vn -0.9919952 0.09670492 0.08120201
vn -0.9955065 0.09469305 0
vn -0.8775826 -0.4794255 0
vn -0.8733575 -0.4771174 -0.09800942
vn -0.8607156 -0.4702111 -0.1951154
vn -0.8397938 -0.4587815 -0.290286
vn -0.8107769 -0.4429295 -0.3826936
vn -0.7739601 -0.4228163 -0.4713939
vn -0.7296774 -0.3986246 -0.5555801
vn -0.6783707 -0.3705956 -0.6344069
vn -0.6205593 -0.3390131 -0.7070901
vn -0.5567556 -0.304157 -0.7729888
vn -0.4875879 -0.2663705 -0.8314474
vn -0.4136719 -0.22599 -0.881932
vn -0.3358306 -0.1834651 -0.9238822
vn -0.25475 -0.1391705 -0.9569399
vn -0.1712129 -0.09353401 -0.9807841
vn -0.08601243 -0.04698881 -0.9951853
vn 0 0 -1
vn 0.08598264 0.04697253 -0.9951887
vn 0.1712425 0.09355022 -0.9807774
vn 0.2547459 0.1391683 -0.9569414
vn 0.3358504 0.1834759 -0.9238729
vn 0.4136992 0.2260049 -0.8819154
vn 0.4875608 0.2663557 -0.831468
vn 0.5567268 0.3041413 -0.7730157
vn 0.6205446 0.3390051 -0.7071068
vn 0.6783851 0.3706035 -0.6343868
vn 0.7296683 0.3986197 -0.5555956
vn 0.7739536 0.4228128 -0.4714078
vn 0.8107829 0.4429328 -0.3826769
vn 0.8398027 0.4587863 -0.2902526
vn 0.8607156 0.4702111 -0.1951154
vn 0.8733574 0.4771173 -0.09800983
vn 0.8775826 0.4794255 0
vn 0.8733566 0.4771169 0.09801849
vn 0.8607199 0.4702134 0.1950914
vn 0.8397955 0.4587824 0.2902795
vn 0.8107794 0.4429308 0.3826866
vn 0.7739642 0.4228186 0.4713851
vn 0.729682 0.3986272 0.5555723
vn 0.6783866 0.3706043 0.6343848
vn 0.6205446 0.3390051 0.7071068
vn 0.556725 0.3041402 0.7730174
vn 0.4875605 0.2663555 0.8314682
vn 0.4136885 0.225999 0.8819219
vn 0.3358254 0.1834622 0.9238847
vn 0.2547425 0.1391665 0.9569425
vn 0.1712299 0.09354331 0.9807803
vn 0.08599024 0.04697668 0.9951879
vn 0 -0 1
vn -0.0859906 -0.04697688 0.9951878
vn -0.1712174 -0.09353648 0.9807831
vn -0.2547459 -0.1391683 0.9569414
vn -0.3358279 -0.1834636 0.9238835
vn -0.4136764 -0.2259925 0.8819293
vn -0.4875605 -0.2663555 0.8314682
vn -0.5567425 -0.3041498 0.773001
vn -0.6205446 -0.3390051 0.7071068
vn -0.6783722 -0.3705964 0.6344047
vn -0.7296819 -0.3986271 0.5555725
vn -0.7739626 -0.4228177 0.4713885
vn -0.8107819 -0.4429322 0.3826798
vn -0.8397961 -0.4587827 0.2902776
vn -0.8607184 -0.4702126 0.1950996
vn -0.8733574 -0.4771173 0.09801023
vn -0.8775826 -0.4794255 0
vn -0.4582956 -0.8887998 0
vn -0.4547053 -0.886932 -0.08120768
vn -0.4439954 -0.8813434 -0.1615605
vn -0.4272374 -0.8715663 -0.2405003
vn -0.4033548 -0.858341 -0.3171054
vn -0.3725904 -0.8418309 -0.3905087
vn -0.3360174 -0.8217435 -0.4602496
vn -0.2931096 -0.7987702 -0.5254073
vn -0.2455045 -0.7724212 -0.5857414
vn -0.1924093 -0.7437574 -0.640159
vn -0.1354204 -0.7121569 -0.6888351
vn -0.07414248 -0.678788 -0.7305818
vn -0.009850231 -0.6433685 -0.7654933
vn 0.05744001 -0.6067859 -0.7927873
vn 0.1269908 -0.5694123 -0.812184
vn 0.197383 -0.5306945 -0.8242592
vn 0.2686109 -0.4916889 -0.8283056
vn 0.3398937 -0.4528406 -0.8242619
vn 0.4105538 -0.4145011 -0.8121789
vn 0.4795544 -0.3761837 -0.7927884
vn 0.5467151 -0.3394118 -0.7654425
vn 0.6112573 -0.3043524 -0.7305711
vn 0.6724162 -0.2708337 -0.6888435
vn 0.7297859 -0.2399599 -0.6401811
vn 0.7826046 -0.2107626 -0.5857552
vn 0.8305119 -0.184933 -0.5254045
vn 0.8730169 -0.161245 -0.4602623
vn 0.9096851 -0.1413206 -0.3905144
vn 0.9401999 -0.1244501 -0.3170747
vn 0.9642414 -0.111398 -0.2404767
vn 0.9815165 -0.1025827 -0.1615618
vn 0.9920058 -0.09659009 -0.08120869
vn 0.9955174 -0.09457804 -0
vn 0.9920052 -0.09659036 0.08121514
vn 0.9815199 -0.1025809 0.1615421
vn 0.9642365 -0.1114006 0.2404949
vn 0.9402045 -0.1243511 0.3170998
vn 0.9096912 -0.1413173 0.3905015
vn 0.8730096 -0.1612491 0.4602749
vn 0.8305228 -0.184927 0.5253892
vn 0.7826046 -0.2107626 0.5857552
vn 0.7297725 -0.2399672 0.6401936
vn 0.6724048 -0.2708399 0.6888523
vn 0.6112246 -0.3043703 0.730591
vn 0.5467236 -0.3394071 0.7654384
vn 0.4795483 -0.376187 0.7927905
vn 0.4105445 -0.4145062 0.8121809
vn 0.3398994 -0.4528375 0.8242612
vn 0.2686109 -0.4916889 0.8283056
vn 0.1974012 -0.5306845 0.8242612
vn 0.1269882 -0.5694137 0.8121836
vn 0.05744338 -0.606784 0.7927884
vn -0.009788238 -0.643431 0.7654415
vn -0.07413613 -0.6787846 0.7305856
vn -0.1354257 -0.7121598 0.688831
vn -0.1923867 -0.7437451 0.6401801
vn -0.2454924 -0.7724146 0.5857552
vn -0.2933619 -0.7985887 0.5255424
vn -0.3360137 -0.8217415 0.460256
vn -0.3726053 -0.841839 0.3904772
vn -0.4033589 -0.8583432 0.3170941
vn -0.4272393 -0.8715673 0.2404934
vn -0.4439974 -0.8813446 0.1615488
vn -0.4547052 -0.886932 0.08120835
vn -0.4582956 -0.8887998 0
vn 0.04189267 -0.9991221 0
vn 0.04382809 -0.9980983 -0.04334858
vn 0.04933374 -0.9950474 -0.08629479
vn 0.05855656 -0.9899928 -0.1283956
vn 0.07160012 -0.9829801 -0.1691853
vn 0.08763616 -0.9740855 -0.2085121
vn 0.1071776 -0.9633846 -0.2457703
vn 0.130041 -0.9510015 -0.2805093
vn 0.1553003 -0.9369976 -0.3129174
vn 0.1838288 -0.9216171 -0.3418024
vn 0.2142723 -0.9048784 -0.3678073
vn 0.2470218 -0.887044 -0.3900424
vn 0.2815641 -0.8682762 -0.4084338
vn 0.3173065 -0.848637 -0.4232396
vn 0.354267 -0.8284616 -0.4337583
vn 0.3919667 -0.8079091 -0.440051
vn 0.4299952 -0.7871008 -0.4422405
vn 0.4680387 -0.7663493 -0.4400553
vn 0.5057274 -0.7457184 -0.4337555
vn 0.5426602 -0.7255257 -0.4232402
vn 0.5784974 -0.7060608 -0.4084348
vn 0.6129646 -0.6870973 -0.390092
vn 0.6455634 -0.6694472 -0.3675438
vn 0.6761786 -0.6526451 -0.341814
vn 0.7045409 -0.6369461 -0.3129246
vn 0.7299799 -0.6232534 -0.2805078
vn 0.752748 -0.6107079 -0.2457769
vn 0.7722782 -0.6000952 -0.2085
vn 0.7884616 -0.5913568 -0.1691903
vn 0.8014153 -0.5841671 -0.1283833
vn 0.8106483 -0.5791393 -0.08629547
vn 0.8161903 -0.5761548 -0.04334911
vn 0.8180976 -0.5750793 -0
vn 0.81619 -0.5761549 0.04335248
vn 0.8106428 -0.5791488 0.08628359
vn 0.8014127 -0.5841685 0.1283928
vn 0.7884646 -0.5913551 0.1691823
vn 0.7723179 -0.6000422 0.2085053
vn 0.7526512 -0.6108712 0.2456677
vn 0.7299795 -0.6232536 0.2805084
vn 0.7044768 -0.6370751 0.3128064
vn 0.6761791 -0.6526448 0.3418135
vn 0.6456454 -0.6692182 0.3678162
vn 0.6129377 -0.6871433 0.3900533
vn 0.5784996 -0.7060596 0.4084338
vn 0.5426473 -0.7255327 0.4232448
vn 0.5057104 -0.7457277 0.4337594
vn 0.4680421 -0.766349 0.4400522
vn 0.4299951 -0.7871008 0.4422404
vn 0.3919764 -0.8079038 0.4400521
vn 0.3542657 -0.8284624 0.433758
vn 0.3173251 -0.8486461 0.4232075
vn 0.2815653 -0.8682756 0.4084343
vn 0.2469961 -0.8870268 0.3900979
vn 0.2145125 -0.9049314 0.3675372
vn 0.183833 -0.9216148 0.3418064
vn 0.1555931 -0.9370255 0.3126882
vn 0.1300465 -0.9509985 0.280517
vn 0.1071757 -0.9633857 0.245767
vn 0.08768469 -0.9740903 0.2084693
vn 0.07159702 -0.9829817 0.1691767
vn 0.05855202 -0.9899952 0.1283789
vn 0.04933027 -0.9950494 0.08627483
vn 0.04382809 -0.9980982 0.04334911
vn 0.04189267 -0.9991221 0
vn 0.4794256 -0.8775826 0
vn 0.4794256 -0.8775826 0
vn 0.4794256 -0.8775826 0
vn 0.4794256 -0.8775826 0
vn 0.4794256 -0.8775826 0
vn 0.4794256 -0.8775826 0
vn 0.4794256 -0.8775826 0
vn 0.4794256 -0.8775826 0
vn 0.4794256 -0.8775826 0
vn 0.4794256 -0.8775826 0
vn 0.4794256 -0.8775826 0
vn 0.4794256 -0.8775826 0
vn 0.4794256 -0.8775826 0
vn 0.4794256 -0.8775826 0
vn 0.4794256 -0.8775826 0
vn 0.4794256 -0.8775826 0
vn 0.4794256 -0.8775826 0
vn 0.4794256 -0.8775826 0
vn 0.4794256 -0.8775826 0
vn 0.4794256 -0.8775826 0
vn 0.4794256 -0.8775826 0
vn 0.4794256 -0.8775826 0
vn 0.4794256 -0.8775826 0
vn 0.4794256 -0.8775826 0
vn 0.4794256 -0.8775826 0
vn 0.4794256 -0.8775826 0
vn 0.4794256 -0.8775826 0
vn 0.4794256 -0.8775826 0
vn 0.4794256 -0.8775826 0
vn 0.4794256 -0.8775826 0
vn 0.4794256 -0.8775826 0
vn 0.4794256 -0.8775826 0
vn 0.4794256 -0.8775826 0
vn 0.4794256 -0.8775826 0
vn 0.4794256 -0.8775826 0
vn 0.4794256 -0.8775826 0
vn 0.4794256 -0.8775826 0
vn 0.4794256 -0.8775826 0
vn 0.4794256 -0.8775826 0
vn 0.4794256 -0.8775826 0
vn 0.4794256 -0.8775826 0
vn 0.4794256 -0.8775826 0
vn 0.4794256 -0.8775826 0
vn 0.4794256 -0.8775826 0
vn 0.4794256 -0.8775826 0
vn 0.4794256 -0.8775826 0
vn 0.4794256 -0.8775826 0
vn 0.4794256 -0.8775826 0
vn 0.4794256 -0.8775826 -0
vn 0.4794256 -0.8775826 -0
vn 0.4794256 -0.8775826 -0
vn 0.4794256 -0.8775826 -0
vn 0.4794256 -0.8775826 -0
vn 0.4794256 -0.8775826 -0
vn 0.4794256 -0.8775826 -0
vn 0.4794256 -0.8775826 -0
vn 0.4794256 -0.8775826 -0
vn 0.4794256 -0.8775826 -0
vn 0.4794256 -0.8775826 -0
vn 0.4794256 -0.8775826 -0
vn 0.4794256 -0.8775826 -0
vn 0.4794256 -0.8775826 -0
vn 0.4794256 -0.8775826 -0
vn 0.4794256 -0.8775826 -0
vn 0.4794256 -0.8775826 0
vn 0.8180976 -0.5750794 -0
vn 0.8160424 -0.5763675 0.04330528
vn 0.8107939 -0.5789295 0.08633536
vn 0.8014151 -0.5841672 0.1283838
vn 0.7884622 -0.5913565 0.1691891
vn 0.7723145 -0.600044 0.2085126
vn 0.7527568 -0.6107031 0.2457621
vn 0.7299774 -0.6232547 0.2805111
vn 0.7045469 -0.6369427 0.3129178
vn 0.676192 -0.6526378 0.3418015
vn 0.6456496 -0.669216 0.3678132
vn 0.6129464 -0.6871384 0.3900479
vn 0.5785032 -0.7060576 0.408432
vn 0.5426517 -0.7255303 0.4232432
vn 0.505738 -0.7458427 0.4335293
vn 0.4680691 -0.7664662 0.4398192
vn 0.4299952 -0.7871008 0.4422405
vn 0.3920595 -0.8079888 0.4398221
vn 0.3541641 -0.8283875 0.4339837
vn 0.3173186 -0.8486304 0.4232439
vn 0.2815625 -0.8682771 0.408433
vn 0.246986 -0.8870323 0.3900918
vn 0.2145227 -0.9049258 0.367545
vn 0.1838395 -0.9216112 0.3418125
vn 0.1553066 -0.9369941 0.3129246
vn 0.1300412 -0.9510014 0.2805097
vn 0.1071766 -0.9633852 0.2457683
vn 0.08769397 -0.9740853 0.2084892
vn 0.07159899 -0.9829806 0.1691823
vn 0.05855025 -0.9899961 0.1283721
vn 0.04958709 -0.9950392 0.0862456
vn 0.04408702 -0.9980887 0.04330561
vn 0.04189262 -0.9991221 0
vn 0.0440884 -0.9980879 -0.04332161
vn 0.04908952 -0.995057 -0.08632336
vn 0.0585527 -0.9899949 -0.1283811
vn 0.07160044 -0.9829799 -0.1691862
vn 0.0876334 -0.9740871 -0.2085062
vn 0.1073662 -0.9633919 -0.2456592
vn 0.1300417 -0.9510012 -0.2805103
vn 0.1554499 -0.9370099 -0.3128064
vn 0.183839 -0.9216115 -0.341812
vn 0.2142911 -0.9048682 -0.3678216
vn 0.2470291 -0.8870401 -0.3900468
vn 0.2815604 -0.8682782 -0.408432
vn 0.3173215 -0.8486288 -0.4232448
vn 0.3541699 -0.8283844 -0.433985
vn 0.3920699 -0.8079847 -0.4398203
vn 0.4299952 -0.7871008 -0.4422405
vn 0.4680831 -0.7664585 -0.4398176
vn 0.5057074 -0.7455991 -0.433984
vn 0.5426493 -0.7255508 -0.423211
vn 0.5785021 -0.7060582 -0.4084325
vn 0.6129556 -0.6871022 -0.3900974
vn 0.6455644 -0.6694466 -0.367543
vn 0.6761879 -0.6526401 -0.3418053
vn 0.7044125 -0.6372041 -0.3126883
vn 0.7299723 -0.6232576 -0.2805184
vn 0.7527549 -0.6107041 -0.2457652
vn 0.7722869 -0.6000903 -0.2084813
vn 0.788465 -0.5913549 -0.169181
vn 0.8014166 -0.5841664 -0.1283785
vn 0.8105081 -0.579346 -0.08622479
vn 0.8163418 -0.5759398 -0.04335167
vn 0.8180976 -0.5750793 -0
vn 0.9956179 -0.09351514 -0
vn 0.9922013 -0.09446901 0.08131553
vn 0.9816946 -0.1004829 0.161799
vn 0.9643246 -0.110314 0.2406425
vn 0.940237 -0.1238676 0.3171926
vn 0.9097326 -0.1401675 0.3908191
vn 0.8730196 -0.1608245 0.4604044
vn 0.8305141 -0.1838332 0.5257868
vn 0.7825399 -0.2093714 0.5863403
vn 0.7296784 -0.23892 0.6406924
vn 0.6723484 -0.2701715 0.6891698
vn 0.6110392 -0.3033445 0.7311725
vn 0.5465796 -0.3389236 0.7657555
vn 0.4792457 -0.3753139 0.7933871
vn 0.4102279 -0.4136421 0.8127812
vn 0.3391624 -0.4512196 0.8254513
vn 0.2681868 -0.4909126 0.8289033
vn 0.196485 -0.5291708 0.8254525
vn 0.1259167 -0.5679966 0.8133418
vn 0.05739297 -0.6067384 0.792827
vn -0.01011995 -0.64305 0.7657574
vn -0.07490619 -0.6780782 0.7311628
vn -0.1360185 -0.7116452 0.689246
vn -0.1931811 -0.7430804 0.6407126
vn -0.2466172 -0.7716025 0.5863529
vn -0.2940403 -0.79818 0.5257841
vn -0.3365976 -0.8213612 0.4605082
vn -0.37319 -0.8414764 0.3907001
vn -0.4042945 -0.8578255 0.3173032
vn -0.4281942 -0.8710506 0.2406669
vn -0.4449371 -0.8808454 0.1616858
vn -0.4566015 -0.8859474 0.08131619
vn -0.4592443 -0.88831 0
vn -0.4565989 -0.885946 -0.08134562
vn -0.4458846 -0.8803483 -0.1617827
vn -0.4273095 -0.8715326 -0.2404945
vn -0.4037831 -0.8581092 -0.3171875
vn -0.3735917 -0.8412508 -0.3908022
vn -0.3367231 -0.8212907 -0.4605424
vn -0.2940287 -0.7981738 -0.5258002
vn -0.2463358 -0.7718058 -0.5862034
vn -0.1931952 -0.7430882 -0.6406993
vn -0.1359094 -0.7117248 -0.6891853
vn -0.07491055 -0.6780806 -0.7311602
vn -0.01017979 -0.6429861 -0.7658102
vn 0.05680475 -0.6060212 -0.7934176
vn 0.1259272 -0.5679908 -0.8133442
vn 0.1964562 -0.5291803 -0.8254533
vn 0.2681868 -0.4909126 -0.8289033
vn 0.3391442 -0.4512295 -0.8254533
vn 0.4099177 -0.4128461 -0.8133423
vn 0.4792829 -0.3752937 -0.7933743
vn 0.5465562 -0.3388399 -0.7658093
vn 0.6110426 -0.3033426 -0.7311704
vn 0.6723146 -0.2700507 -0.6892501
vn 0.7296841 -0.238917 -0.640687
vn 0.782548 -0.209724 -0.5862035
vn 0.8305044 -0.1838385 -0.5258002
vn 0.8730162 -0.1608264 -0.4604103
vn 0.9097111 -0.1406242 -0.3907051
vn 0.9402717 -0.1233823 -0.3172791
vn 0.9642539 -0.111318 -0.2404633
vn 0.9816157 -0.1014914 -0.161648
vn 0.9921053 -0.09552037 -0.08125818
vn 0.9956179 -0.09351517 -0
vn 0.8775826 0.4794255 -0
vn 0.8733572 0.4771173 0.09801091
vn 0.8607246 0.470216 0.1950641
vn 0.8397999 0.4587848 0.2902628
vn 0.8107706 0.442926 0.3827109
vn 0.7739557 0.4228139 0.4714032
vn 0.7296907 0.3986318 0.5555575
vn 0.6783798 0.3706006 0.6343942
vn 0.6205578 0.3390122 0.7070918
vn 0.5567563 0.3041573 0.7729882
vn 0.4875659 0.2663585 0.8314642
vn 0.4136871 0.2259983 0.8819228
vn 0.3358473 0.1834742 0.9238744
vn 0.2547296 0.1391594 0.956947
vn 0.1711974 0.09352557 0.9807877
vn 0.08601362 0.04698946 0.9951852
vn 0 -0 1
vn -0.08596151 -0.04696099 0.9951912
vn -0.1711974 -0.09352557 0.9807877
vn -0.2547741 -0.1391837 0.9569316
vn -0.3358426 -0.1834716 0.9238766
vn -0.4137007 -0.2260057 0.8819145
vn -0.4875538 -0.2663519 0.8314734
vn -0.5567305 -0.3041433 0.7730123
vn -0.6205446 -0.3390051 0.7071068
vn -0.6783821 -0.3706018 0.634391
vn -0.7296825 -0.3986274 0.5555714
vn -0.7739528 -0.4228123 0.4714094
vn -0.810776 -0.442929 0.3826959
vn -0.8398068 -0.4587886 0.290237
vn -0.8607243 -0.4702159 0.1950655
vn -0.8733572 -0.4771172 0.09801164
vn -0.8775826 -0.4794255 0
vn -0.8733543 -0.4771156 -0.09804615
vn -0.8607284 -0.4702181 -0.1950426
vn -0.8397953 -0.4587823 -0.2902802
vn -0.8107728 -0.4429272 -0.3827047
vn -0.7739623 -0.4228175 -0.4713891
vn -0.7296827 -0.3986275 -0.5555712
vn -0.6783811 -0.3706013 -0.6343924
vn -0.6205446 -0.3390051 -0.7071068
vn -0.5567318 -0.3041439 -0.7730112
vn -0.4875414 -0.2663451 -0.8314828
vn -0.41368 -0.2259944 -0.881927
vn -0.3358473 -0.1834742 -0.9238744
vn -0.2547675 -0.1391801 -0.9569339
vn -0.1712367 -0.09354704 -0.9807788
vn -0.08599183 -0.04697755 -0.9951877
vn 0 0 -1
vn 0.08599183 0.04697755 -0.9951877
vn 0.1711952 0.09352435 -0.9807881
vn 0.2547777 0.1391857 -0.9569303
vn 0.3358402 0.1834704 -0.9238777
vn 0.4136802 0.2259945 -0.881927
vn 0.4875596 0.266355 -0.8314689
vn 0.5567474 0.3041525 -0.7729965
vn 0.6205446 0.3390051 -0.7071068
vn 0.6783683 0.3705943 -0.6344103
vn 0.7296866 0.3986296 -0.5555645
vn 0.7739609 0.4228168 -0.4713922
vn 0.810777 0.4429295 -0.3826932
vn 0.8397895 0.4587791 -0.2903018
vn 0.8607225 0.4702149 -0.1950759
vn 0.8733572 0.4771172 -0.09801164
vn 0.8775826 0.4794255 -0
f 926/926/926 991/991/991 927/927/927
f 927/927/927 991/991/991 992/992/992
f 927/927/927 992/992/992 928/928/928
f 928/928/928 992/992/992 993/993/993
f 928/928/928 993/993/993 929/929/929
f 929/929/929 993/993/993 994/994/994
f 929/929/929 994/994/994 930/930/930
f 930/930/930 994/994/994 995/995/995
f 930/930/930 995/995/995 931/931/931
f 931/931/931 995/995/995 996/996/996
f 931/931/931 996/996/996 932/932/932
f 932/932/932 996/996/996 997/997/997
f 932/932/932 997/997/997 933/933/933
f 933/933/933 997/997/997 998/998/998
f 933/933/933 998/998/998 934/934/934
f 934/934/934 998/998/998 999/999/999
f 934/934/934 999/999/999 935/935/935
f 935/935/935 999/999/999 1000/1000/1000
f 935/935/935 1000/1000/1000 936/936/936
f 936/936/936 1000/1000/1000 1001/1001/1001
f 936/936/936 1001/1001/1001 937/937/937
f 937/937/937 1001/1001/1001 1002/1002/1002
f 937/937/937 1002/1002/1002 938/938/938
f 938/938/938 1002/1002/1002 1003/1003/1003
f 938/938/938 1003/1003/1003 939/939/939
f 939/939/939 1003/1003/1003 1004/1004/1004
f 939/939/939 1004/1004/1004 940/940/940
f 940/940/940 1004/1004/1004 1005/1005/1005
f 940/940/940 1005/1005/1005 941/941/941
f 941/941/941 1005/1005/1005 1006/1006/1006
f 941/941/941 1006/1006/1006 942/942/942
f 942/942/942 1006/1006/1006 1007/1007/1007
f 942/942/942 1007/1007/1007 943/943/943
f 943/943/943 1007/1007/1007 1008/1008/1008
f 943/943/943 1008/1008/1008 944/944/944
f 944/944/944 1008/1008/1008 1009/1009/1009
f 944/944/944 1009/1009/1009 945/945/945
f 945/945/945 1009/1009/1009 1010/1010/1010
f 945/945/945 1010/1010/1010 946/946/946
f 946/946/946 1010/1010/1010 1011/1011/1011
f 946/946/946 1011/1011/1011 947/947/947
f 947/947/947 1011/1011/1011 1012/1012/1012
f 947/947/947 1012/1012/1012 948/948/948
f 948/948/948 1012/1012/1012 1013/1013/1013
f 948/948/948 1013/1013/1013 949/949/949
f 949/949/949 1013/1013/1013 1014/1014/1014
f 949/949/949 1014/1014/1014 950/950/950
f 950/950/950 1014/1014/1014 1015/1015/1015
f 950/950/950 1015/1015/1015 951/951/951
f 951/951/951 1015/1015/1015 1016/1016/1016
f 951/951/951 1016/1016/1016 952/952/952
f 952/952/952 1016/1016/1016 1017/1017/1017
f 952/952/952 1017/1017/1017 953/953/953
f 953/953/953 1017/1017/1017 1018/1018/1018
f 953/953/953 1018/1018/1018 954/954/954
f 954/954/954 1018/1018/1018 1019/1019/1019
f 954/954/954 1019/1019/1019 955/955/955
f 955/955/955 1019/1019/1019 1020/1020/1020
f 955/955/955 1020/1020/1020 956/956/956
f 956/956/956 1020/1020/1020 1021/1021/1021
f 956/956/956 1021/1021/1021 957/957/957
f 957/957/957 1021/1021/1021 1022/1022/1022
f 957/957/957 1022/1022/1022 958/958/958
f 958/958/958 1022/1022/1022 1023/1023/1023
f 958/958/958 1023/1023/1023 959/959/959
f 959/959/959 1023/1023/1023 1024/1024/1024
f 959/959/959 1024/1024/1024 960/960/960
f 960/960/960 1024/1024/1024 1025/1025/1025
f 960/960/960 1025/1025/1025 961/961/961
f 961/961/961 1025/1025/1025 1026/1026/1026
f 961/961/961 1026/1026/1026 962/962/962
f 962/962/962 1026/1026/1026 1027/1027/1027
f 962/962/962 1027/1027/1027 963/963/963
f 963/963/963 1027/1027/1027 1028/1028/1028
f 963/963/963 1028/1028/1028 964/964/964
f 964/964/964 1028/1028/1028 1029/1029/1029
f 964/964/964 1029/1029/1029 965/965/965
f 965/965/965 1029/1029/1029 1030/1030/1030
f 965/965/965 1030/1030/1030 966/966/966
f 966/966/966 1030/1030/1030 1031/1031/1031
f 966/966/966 1031/1031/1031 967/967/967
f 967/967/967 1031/1031/1031 1032/1032/1032
f 967/967/967 1032/1032/1032 968/968/968
f 968/968/968 1032/1032/1032 1033/1033/1033
f 968/968/968 1033/1033/1033 969/969/969
f 969/969/969 1033/1033/1033 1034/1034/1034
f 969/969/969 1034/1034/1034 970/970/970
f 970/970/970 1034/1034/1034 1035/1035/1035
f 970/970/970 1035/1035/1035 971/971/971
f 971/971/971 1035/1035/1035 1036/1036/1036
f 971/971/971 1036/1036/1036 972/972/972
f 972/972/972 1036/1036/1036 1037/1037/1037
f 972/972/972 1037/1037/1037 973/973/973
f 973/973/973 1037/1037/1037 1038/1038/1038
f 973/973/973 1038/1038/1038 974/974/974
f 974/974/974 1038/1038/1038 1039/1039/1039
f 974/974/974 1039/1039/1039 975/975/975
f 975/975/975 1039/1039/1039 1040/1040/1040
f 975/975/975 1040/1040/1040 976/976/976
f 976/976/976 1040/1040/1040 1041/1041/1041
f 976/976/976 1041/1041/1041 977/977/977
f 977/977/977 1041/1041/1041 1042/1042/1042
f 977/977/977 1042/1042/1042 978/978/978
f 978/978/978 1042/1042/1042 1043/1043/1043
f 978/978/978 1043/1043/1043 979/979/979
f 979/979/979 1043/1043/1043 1044/1044/1044
f 979/979/979 1044/1044/1044 980/980/980
f 980/980/980 1044/1044/1044 1045/1045/1045
f 980/980/980 1045/1045/1045 981/981/981
f 981/981/981 1045/1045/1045 1046/1046/1046
f 981/981/981 1046/1046/1046 982/982/982
f 982/982/982 1046/1046/1046 1047/1047/1047
f 982/982/982 1047/1047/1047 983/983/983
f 983/983/983 1047/1047/1047 1048/1048/1048
f 983/983/983 1048/1048/1048 984/984/984
f 984/984/984 1048/1048/1048 1049/1049/1049
f 984/984/984 1049/1049/1049 985/985/985
f 985/985/985 1049/1049/1049 1050/1050/1050
f 985/985/985 1050/1050/1050 986/986/986
f 986/986/986 1050/1050/1050 1051/1051/1051
f 986/986/986 1051/1051/1051 987/987/987
f 987/987/987 1051/1051/1051 1052/1052/1052
f 987/987/987 1052/1052/1052 988/988/988
f 988/988/988 1052/1052/1052 1053/1053/1053
f 988/988/988 1053/1053/1053 989/989/989
f 989/989/989 1053/1053/1053 1054/1054/1054
f 989/989/989 1054/1054/1054 990/990/990
f 990/990/990 1054/1054/1054 1055/1055/1055
f 991/991/991 1056/1056/1056 992/992/992
f 992/992/992 1056/1056/1056 1057/1057/1057
f 992/992/992 1057/1057/1057 993/993/993
f 993/993/993 1057/1057/1057 1058/1058/1058
f 993/993/993 1058/1058/1058 994/994/994
f 994/994/994 1058/1058/1058 1059/1059/1059
f 994/994/994 1059/1059/1059 995/995/995
f 995/995/995 1059/1059/1059 1060/1060/1060
f 995/995/995 1060/1060/1060 996/996/996
f 996/996/996 1060/1060/1060 1061/1061/1061
f 996/996/996 1061/1061/1061 997/997/997
f 997/997/997 1061/1061/1061 1062/1062/1062
f 997/997/997 1062/1062/1062 998/998/998
f 998/998/998 1062/1062/1062 1063/1063/1063
f 998/998/998 1063/1063/1063 999/999/999
f 999/999/999 1063/1063/1063 1064/1064/1064
f 999/999/999 1064/1064/1064 1000/1000/1000
f 1000/1000/1000 1064/1064/1064 1065/1065/1065
f 1000/1000/1000 1065/1065/1065 1001/1001/1001
f 1001/1001/1001 1065/1065/1065 1066/1066/1066
f 1001/1001/1001 1066/1066/1066 1002/1002/1002
f 1002/1002/1002 1066/1066/1066 1067/1067/1067
f 1002/1002/1002 1067/1067/1067 1003/1003/1003
f 1003/1003/1003 1067/1067/1067 1068/1068/1068
f 1003/1003/1003 1068/1068/1068 1004/1004/1004
f 1004/1004/1004 1068/1068/1068 1069/1069/1069
f 1004/1004/1004 1069/1069/1069 1005/1005/1005
f 1005/1005/1005 1069/1069/1069 1070/1070/1070
f 1005/1005/1005 1070/1070/1070 1006/1006/1006
f 1006/1006/1006 1070/1070/1070 1071/1071/1071
f 1006/1006/1006 1071/1071/1071 1007/1007/1007
f 1007/1007/1007 1071/1071/1071 1072/1072/1072
f 1007/1007/1007 1072/1072/1072 1008/1008/1008
f 1008/1008/1008 1072/1072/1072 1073/1073/1073
f 1008/1008/1008 1073/1073/1073 1009/1009/1009
f 1009/1009/1009 1073/1073/1073 1074/1074/1074
f 1009/1009/1009 1074/1074/1074 1010/1010/1010
f 1010/1010/1010 1074/1074/1074 1075/1075/1075
f 1010/1010/1010 1075/1075/1075 1011/1011/1011
f 1011/1011/1011 1075/1075/1075 1076/1076/1076
f 1011/1011/1011 1076/1076/1076 1012/1012/1012
f 1012/1012/1012 1076/1076/1076 1077/1077/1077
f 1012/1012/1012 1077/1077/1077 1013/1013/1013
f 1013/1013/1013 1077/1077/1077 1078/1078/1078
f 1013/1013/1013 1078/1078/1078 1014/1014/1014
f 1014/1014/1014 1078/1078/1078 1079/1079/1079
f 1014/1014/1014 1079/1079/1079 1015/1015/1015
f 1015/1015/1015 1079/1079/1079 1080/1080/1080
f 1015/1015/1015 1080/1080/1080 1016/1016/1016
f 1016/1016/1016 1080/1080/1080 1081/1081/1081
f 1016/1016/1016 1081/1081/1081 1017/1017/1017
f 1017/1017/1017 1081/1081/1081 1082/1082/1082
f 1017/1017/1017 1082/1082/1082 1018/1018/1018
f 1018/1018/1018 1082/1082/1082 1083/1083/1083
f 1018/1018/1018 1083/1083/1083 1019/1019/1019
f 1019/1019/1019 1083/1083/1083 1084/1084/1084
f 1019/1019/1019 1084/1084/1084 1020/1020/1020
f 1020/1020/1020 1084/1084/1084 1085/1085/1085
f 1020/1020/1020 1085/1085/1085 1021/1021/1021
f 1021/1021/1021 1085/1085/1085 1086/1086/1086
f 1021/1021/1021 1086/1086/1086 1022/1022/1022
f 1022/1022/1022 1086/1086/1086 1087/1087/1087
f 1022/1022/1022 1087/1087/1087 1023/1023/1023
f 1023/1023/1023 1087/1087/1087 1088/1088/1088
f 1023/1023/1023 1088/1088/1088 1024/1024/1024
f 1024/1024/1024 1088/1088/1088 1089/1089/1089
f 1024/1024/1024 1089/1089/1089 1025/1025/1025
f 1025/1025/1025 1089/1089/1089 1090/1090/1090
f 1025/1025/1025 1090/1090/1090 1026/1026/1026
f 1026/1026/1026 1090/1090/1090 1091/1091/1091
f 1026/1026/1026 1091/1091/1091 1027/1027/1027
f 1027/1027/1027 1091/1091/1091 1092/1092/1092
f 1027/1027/1027 1092/1092/1092 1028/1028/1028
f 1028/1028/1028 1092/1092/1092 1093/1093/1093
f 1028/1028/1028 1093/1093/1093 1029/1029/1029
f 1029/1029/1029 1093/1093/1093 1094/1094/1094
f 1029/1029/1029 1094/1094/1094 1030/1030/1030
f 1030/1030/1030 1094/1094/1094 1095/1095/1095
f 1030/1030/1030 1095/1095/1095 1031/1031/1031
f 1031/1031/1031 1095/1095/1095 1096/1096/1096
f 1031/1031/1031 1096/1096/1096 1032/1032/1032
f 1032/1032/1032 1096/1096/1096 1097/1097/1097
f 1032/1032/1032 1097/1097/1097 1033/1033/1033
f 1033/1033/1033 1097/1097/1097 1098/1098/1098
f 1033/1033/1033 1098/1098/1098 1034/1034/1034
f 1034/1034/1034 1098/1098/1098 1099/1099/1099
f 1034/1034/1034 1099/1099/1099 1035/1035/1035
f 1035/1035/1035 1099/1099/1099 1100/1100/1100
f 1035/1035/1035 1100/1100/1100 1036/1036/1036
f 1036/1036/1036 1100/1100/1100 1101/1101/1101
f 1036/1036/1036 1101/1101/1101 1037/1037/1037
f 1037/1037/1037 1101/1101/1101 1102/1102/1102
f 1037/1037/1037 1102/1102/1102 1038/1038/1038
f 1038/1038/1038 1102/1102/1102 1103/1103/1103
f 1038/1038/1038 1103/1103/1103 1039/1039/1039
f 1039/1039/1039 1103/1103/1103 1104/1104/1104
f 1039/1039/1039 1104/1104/1104 1040/1040/1040
f 1040/1040/1040 1104/1104/1104 1105/1105/1105
f 1040/1040/1040 1105/1105/1105 1041/1041/1041
f 1041/1041/1041 1105/1105/1105 1106/1106/1106
f 1041/1041/1041 1106/1106/1106 1042/1042/1042
f 1042/1042/1042 1106/1106/1106 1107/1107/1107
f 1042/1042/1042 1107/1107/1107 1043/1043/1043
f 1043/1043/1043 1107/1107/1107 1108/1108/1108
f 1043/1043/1043 1108/1108/1108 1044/1044/1044
f 1044/1044/1044 1108/1108/1108 1109/1109/1109
f 1044/1044/1044 1109/1109/1109 1045/1045/1045
f 1045/1045/1045 1109/1109/1109 1110/1110/1110
f 1045/1045/1045 1110/1110/1110 1046/1046/1046
f 1046/1046/1046 1110/1110/1110 1111/1111/1111
f 1046/1046/1046 1111/1111/1111 1047/1047/1047
f 1047/1047/1047 1111/1111/1111 1112/1112/1112
f 1047/1047/1047 1112/1112/1112 1048/1048/1048
f 1048/1048/1048 1112/1112/1112 1113/1113/1113
f 1048/1048/1048 1113/1113/1113 1049/1049/1049
f 1049/1049/1049 1113/1113/1113 1114/1114/1114
f 1049/1049/1049 1114/1114/1114 1050/1050/1050
f 1050/1050/1050 1114/1114/1114 1115/1115/1115
f 1050/1050/1050 1115/1115/1115 1051/1051/1051
f 1051/1051/1051 1115/1115/1115 1116/1116/1116
f 1051/1051/1051 1116/1116/1116 1052/1052/1052
f 1052/1052/1052 1116/1116/1116 1117/1117/1117
f 1052/1052/1052 1117/1117/1117 1053/1053/1053
f 1053/1053/1053 1117/1117/1117 1118/1118/1118
f 1053/1053/1053 1118/1118/1118 1054/1054/1054
f 1054/1054/1054 1118/1118/1118 1119/1119/1119
f 1054/1054/1054 1119/1119/1119 1055/1055/1055
f 1055/1055/1055 1119/1119/1119 1120/1120/1120
f 1056/1056/1056 1121/1121/1121 1057/1057/1057
f 1057/1057/1057 1121/1121/1121 1122/1122/1122
f 1057/1057/1057 1122/1122/1122 1058/1058/1058
f 1058/1058/1058 1122/1122/1122 1123/1123/1123
f 1058/1058/1058 1123/1123/1123 1059/1059/1059
f 1059/1059/1059 1123/1123/1123 1124/1124/1124
f 1059/1059/1059 1124/1124/1124 1060/1060/1060
f 1060/1060/1060 1124/1124/1124 1125/1125/1125
f 1060/1060/1060 1125/1125/1125 1061/1061/1061
f 1061/1061/1061 1125/1125/1125 1126/1126/1126
f 1061/1061/1061 1126/1126/1126 1062/1062/1062
f 1062/1062/1062 1126/1126/1126 1127/1127/1127
f 1062/1062/1062 1127/1127/1127 1063/1063/1063
f 1063/1063/1063 1127/1127/1127 1128/1128/1128
f 1063/1063/1063 1128/1128/1128 1064/1064/1064
f 1064/1064/1064 1128/1128/1128 1129/1129/1129
f 1064/1064/1064 1129/1129/1129 1065/1065/1065
f 1065/1065/1065 1129/1129/1129 1130/1130/1130
f 1065/1065/1065 1130/1130/1130 1066/1066/1066
f 1066/1066/1066 1130/1130/1130 1131/1131/1131
f 1066/1066/1066 1131/1131/1131 1067/1067/1067
f 1067/1067/1067 1131/1131/1131 1132/1132/1132
f 1067/1067/1067 1132/1132/1132 1068/1068/1068
f 1068/1068/1068 1132/1132/1132 1133/1133/1133
f 1068/1068/1068 1133/1133/1133 1069/1069/1069
f 1069/1069/1069 1133/1133/1133 1134/1134/1134
f 1069/1069/1069 1134/1134/1134 1070/1070/1070
f 1070/1070/1070 1134/1134/1134 1135/1135/1135
f 1070/1070/1070 1135/1135/1135 1071/1071/1071
f 1071/1071/1071 1135/1135/1135 1136/1136/1136
f 1071/1071/1071 1136/1136/1136 1072/1072/1072
f 1072/1072/1072 1136/1136/1136 1137/1137/1137
f 1072/1072/1072 1137/1137/1137 1073/1073/1073
f 1073/1073/1073 1137/1137/1137 1138/1138/1138
f 1073/1073/1073 1138/1138/1138 1074/1074/1074
f 1074/1074/1074 1138/1138/1138 1139/1139/1139
f 1074/1074/1074 1139/1139/1139 1075/1075/1075
f 1075/1075/1075 1139/1139/1139 1140/1140/1140
f 1075/1075/1075 1140/1140/1140 1076/1076/1076
f 1076/1076/1076 1140/1140/1140 1141/1141/1141
f 1076/1076/1076 1141/1141/1141 1077/1077/1077
f 1077/1077/1077 1141/1141/1141 1142/1142/1142
f 1077/1077/1077 1142/1142/1142 1078/1078/1078
f 1078/1078/1078 1142/1142/1142 1143/1143/1143
f 1078/1078/1078 1143/1143/1143 1079/1079/1079
f 1079/1079/1079 1143/1143/1143 1144/1144/1144
f 1079/1079/1079 1144/1144/1144 1080/1080/1080
f 1080/1080/1080 1144/1144/1144 1145/1145/1145
f 1080/1080/1080 1145/1145/1145 1081/1081/1081
f 1081/1081/1081 1145/1145/1145 1146/1146/1146
f 1081/1081/1081 1146/1146/1146 1082/1082/1082
f 1082/1082/1082 1146/1146/1146 1147/1147/1147
f 1082/1082/1082 1147/1147/1147 1083/1083/1083
f 1083/1083/1083 1147/1147/1147 1148/1148/1148
f 1083/1083/1083 1148/1148/1148 1084/1084/1084
f 1084/1084/1084 1148/1148/1148 1149/1149/1149
f 1084/1084/1084 1149/1149/1149 1085/1085/1085
f 1085/1085/1085 1149/1149/1149 1150/1150/1150
f 1085/1085/1085 1150/1150/1150 1086/1086/1086
f 1086/1086/1086 1150/1150/1150 1151/1151/1151
f 1086/1086/1086 1151/1151/1151 1087/1087/1087
f 1087/1087/1087 1151/1151/1151 1152/1152/1152
f 1087/1087/1087 1152/1152/1152 1088/1088/1088
f 1088/1088/1088 1152/1152/1152 1153/1153/1153
f 1088/1088/1088 1153/1153/1153 1089/1089/1089
f 1089/1089/1089 1153/1153/1153 1154/1154/1154
f 1089/1089/1089 1154/1154/1154 1090/1090/1090
f 1090/1090/1090 1154/1154/1154 1155/1155/1155
f 1090/1090/1090 1155/1155/1155 1091/1091/1091
f 1091/1091/1091 1155/1155/1155 1156/1156/1156
f 1091/1091/1091 1156/1156/1156 1092/1092/1092
f 1092/1092/1092 1156/1156/1156 1157/1157/1157
f 1092/1092/1092 1157/1157/1157 1093/1093/1093
f 1093/1093/1093 1157/1157/1157 1158/1158/1158
f 1093/1093/1093 1158/1158/1158 1094/1094/1094
f 1094/1094/1094 1158/1158/1158 1159/1159/1159
f 1094/1094/1094 1159/1159/1159 1095/1095/1095
f 1095/1095/1095 1159/1159/1159 1160/1160/1160
f 1095/1095/1095 1160/1160/1160 1096/1096/1096
f 1096/1096/1096 1160/1160/1160 1161/1161/1161
f 1096/1096/1096 1161/1161/1161 1097/1097/1097
f 1097/1097/1097 1161/1161/1161 1162/1162/1162
f 1097/1097/1097 1162/1162/1162 1098/1098/1098
f 1098/1098/1098 1162/1162/1162 1163/1163/1163
f 1098/1098/1098 1163/1163/1163 1099/1099/1099
f 1099/1099/1099 1163/1163/1163 1164/1164/1164
f 1099/1099/1099 1164/1164/1164 1100/1100/1100
f 1100/1100/1100 1164/1164/1164 1165/1165/1165
f 1100/1100/1100 1165/1165/1165 1101/1101/1101
f 1101/1101/1101 1165/1165/1165 1166/1166/1166
f 1101/1101/1101 1166/1166/1166 1102/1102/1102
f 1102/1102/1102 1166/1166/1166 1167/1167/1167
f 1102/1102/1102 1167/1167/1167 1103/1103/1103
f 1103/1103/1103 1167/1167/1167 1168/1168/1168
f 1103/1103/1103 1168/1168/1168 1104/1104/1104
f 1104/1104/1104 1168/1168/1168 1169/1169/1169
f 1104/1104/1104 1169/1169/1169 1105/1105/1105
f 1105/1105/1105 1169/1169/1169 1170/1170/1170
f 1105/1105/1105 1170/1170/1170 1106/1106/1106
f 1106/1106/1106 1170/1170/1170 1171/1171/1171
f 1106/1106/1106 1171/1171/1171 1107/1107/1107
f 1107/1107/1107 1171/1171/1171 1172/1172/1172
f 1107/1107/1107 1172/1172/1172 1108/1108/1108
f 1108/1108/1108 1172/1172/1172 1173/1173/1173
f 1108/1108/1108 1173/1173/1173 1109/1109/1109
f 1109/1109/1109 1173/1173/1173 1174/1174/1174
f 1109/1109/1109 1174/1174/1174 1110/1110/1110
f 1110/1110/1110 1174/1174/1174 1175/1175/1175
f 1110/1110/1110 1175/1175/1175 1111/1111/1111
f 1111/1111/1111 1175/1175/1175 1176/1176/1176
f 1111/1111/1111 1176/1176/1176 1112/1112/1112
f 1112/1112/1112 1176/1176/1176 1177/1177/1177
f 1112/1112/1112 1177/1177/1177 1113/1113/1113
f 1113/1113/1113 1177/1177/1177 1178/1178/1178
f 1113/1113/1113 1178/1178/1178 1114/1114/1114
f 1114/1114/1114 1178/1178/1178 1179/1179/1179
f 1114/1114/1114 1179/1179/1179 1115/1115/1115
f 1115/1115/1115 1179/1179/1179 1180/1180/1180
f 1115/1115/1115 1180/1180/1180 1116/1116/1116
f 1116/1116/1116 1180/1180/1180 1181/1181/1181
f 1116/1116/1116 1181/1181/1181 1117/1117/1117
f 1117/1117/1117 1181/1181/1181 1182/1182/1182
f 1117/1117/1117 1182/1182/1182 1118/1118/1118
f 1118/1118/1118 1182/1182/1182 1183/1183/1183
f 1118/1118/1118 1183/1183/1183 1119/1119/1119
f 1119/1119/1119 1183/1183/1183 1184/1184/1184
f 1119/1119/1119 1184/1184/1184 1120/1120/1120
f 1120/1120/1120 1184/1184/1184 1185/1185/1185
f 1121/1121/1121 1186/1186/1186 1122/1122/1122
f 1122/1122/1122 1186/1186/1186 1187/1187/1187
f 1122/1122/1122 1187/1187/1187 1123/1123/1123
f 1123/1123/1123 1187/1187/1187 1188/1188/1188
f 1123/1123/1123 1188/1188/1188 1124/1124/1124
f 1124/1124/1124 1188/1188/1188 1189/1189/1189
f 1124/1124/1124 1189/1189/1189 1125/1125/1125
f 1125/1125/1125 1189/1189/1189 1190/1190/1190
f 1125/1125/1125 1190/1190/1190 1126/1126/1126
f 1126/1126/1126 1190/1190/1190 1191/1191/1191
f 1126/1126/1126 1191/1191/1191 1127/1127/1127
f 1127/1127/1127 1191/1191/1191 1192/1192/1192
f 1127/1127/1127 1192/1192/1192 1128/1128/1128
f 1128/1128/1128 1192/1192/1192 1193/1193/1193
f 1128/1128/1128 1193/1193/1193 1129/1129/1129
f 1129/1129/1129 1193/1193/1193 1194/1194/1194
f 1129/1129/1129 1194/1194/1194 1130/1130/1130
f 1130/1130/1130 1194/1194/1194 1195/1195/1195
f 1130/1130/1130 1195/1195/1195 1131/1131/1131
f 1131/1131/1131 1195/1195/1195 1196/1196/1196
f 1131/1131/1131 1196/1196/1196 1132/1132/1132
f 1132/1132/1132 1196/1196/1196 1197/1197/1197
f 1132/1132/1132 1197/1197/1197 1133/1133/1133
f 1133/1133/1133 1197/1197/1197 1198/1198/1198
f 1133/1133/1133 1198/1198/1198 1134/1134/1134
f 1134/1134/1134 1198/1198/1198 1199/1199/1199
f 1134/1134/1134 1199/1199/1199 1135/1135/1135
f 1135/1135/1135 1199/1199/1199 1200/1200/1200
f 1135/1135/1135 1200/1200/1200 1136/1136/1136
f 1136/1136/1136 1200/1200/1200 1201/1201/1201
f 1136/1136/1136 1201/1201/1201 1137/1137/1137
f 1137/1137/1137 1201/1201/1201 1202/1202/1202
f 1137/1137/1137 1202/1202/1202 1138/1138/1138
f 1138/1138/1138 1202/1202/1202 1203/1203/1203
f 1138/1138/1138 1203/1203/1203 1139/1139/1139
f 1139/1139/1139 1203/1203/1203 1204/1204/1204
f 1139/1139/1139 1204/1204/1204 1140/1140/1140
f 1140/1140/1140 1204/1204/1204 1205/1205/1205
f 1140/1140/1140 1205/1205/1205 1141/1141/1141
f 1141/1141/1141 1205/1205/1205 1206/1206/1206
f 1141/1141/1141 1206/1206/1206 1142/1142/1142
f 1142/1142/1142 1206/1206/1206 1207/1207/1207
f 1142/1142/1142 1207/1207/1207 1143/1143/1143
f 1143/1143/1143 1207/1207/1207 1208/1208/1208
f 1143/1143/1143 1208/1208/1208 1144/1144/1144
f 1144/1144/1144 1208/1208/1208 1209/1209/1209
f 1144/1144/1144 1209/1209/1209 1145/1145/1145
f 1145/1145/1145 1209/1209/1209 1210/1210/1210
f 1145/1145/1145 1210/1210/1210 1146/1146/1146
f 1146/1146/1146 1210/1210/1210 1211/1211/1211
f 1146/1146/1146 1211/1211/1211 1147/1147/1147
f 1147/1147/1147 1211/1211/1211 1212/1212/1212
f 1147/1147/1147 1212/1212/1212 1148/1148/1148
f 1148/1148/1148 1212/1212/1212 1213/1213/1213
f 1148/1148/1148 1213/1213/1213 1149/1149/1149
f 1149/1149/1149 1213/1213/1213 1214/1214/1214
f 1149/1149/1149 1214/1214/1214 1150/1150/1150
f 1150/1150/1150 1214/1214/1214 1215/1215/1215
f 1150/1150/1150 1215/1215/1215 1151/1151/1151
f 1151/1151/1151 1215/1215/1215 1216/1216/1216
f 1151/1151/1151 1216/1216/1216 1152/1152/1152
f 1152/1152/1152 1216/1216/1216 1217/1217/1217
f 1152/1152/1152 1217/1217/1217 1153/1153/1153
f 1153/1153/1153 1217/1217/1217 1218/1218/1218
f 1153/1153/1153 1218/1218/1218 1154/1154/1154
f 1154/1154/1154 1218/1218/1218 1219/1219/1219
f 1154/1154/1154 1219/1219/1219 1155/1155/1155
f 1155/1155/1155 1219/1219/1219 1220/1220/1220
f 1155/1155/1155 1220/1220/1220 1156/1156/1156
f 1156/1156/1156 1220/1220/1220 1221/1221/1221
f 1156/1156/1156 1221/1221/1221 1157/1157/1157
f 1157/1157/1157 1221/1221/1221 1222/1222/1222
f 1157/1157/1157 1222/1222/1222 1158/1158/1158
f 1158/1158/1158 1222/1222/1222 1223/1223/1223
f 1158/1158/1158 1223/1223/1223 1159/1159/1159
f 1159/1159/1159 1223/1223/1223 1224/1224/1224
f 1159/1159/1159 1224/1224/1224 1160/1160/1160
f 1160/1160/1160 1224/1224/1224 1225/1225/1225
f 1160/1160/1160 1225/1225/1225 1161/1161/1161
f 1161/1161/1161 1225/1225/1225 1226/1226/1226
f 1161/1161/1161 1226/1226/1226 1162/1162/1162
f 1162/1162/1162 1226/1226/1226 1227/1227/1227
f 1162/1162/1162 1227/1227/1227 1163/1163/1163
f 1163/1163/1163 1227/1227/1227 1228/1228/1228
f 1163/1163/1163 1228/1228/1228 1164/1164/1164
f 1164/1164/1164 1228/1228/1228 1229/1229/1229
f 1164/1164/1164 1229/1229/1229 1165/1165/1165
f 1165/1165/1165 1229/1229/1229 1230/1230/1230
f 1165/1165/1165 1230/1230/1230 1166/1166/1166
f 1166/1166/1166 1230/1230/1230 1231/1231/1231
f 1166/1166/1166 1231/1231/1231 1167/1167/1167
f 1167/1167/1167 1231/1231/1231 1232/1232/1232
f 1167/1167/1167 1232/1232/1232 1168/1168/1168
f 1168/1168/1168 1232/1232/1232 1233/1233/1233
f 1168/1168/1168 1233/1233/1233 1169/1169/1169
f 1169/1169/1169 1233/1233/1233 1234/1234/1234
f 1169/1169/1169 1234/1234/1234 1170/1170/1170
f 1170/1170/1170 1234/1234/1234 1235/1235/1235
f 1170/1170/1170 1235/1235/1235 1171/1171/1171
f 1171/1171/1171 1235/1235/1235 1236/1236/1236
f 1171/1171/1171 1236/1236/1236 1172/1172/1172
f 1172/1172/1172 1236/1236/1236 1237/1237/1237
f 1172/1172/1172 1237/1237/1237 1173/1173/1173
f 1173/1173/1173 1237/1237/1237 1238/1238/1238
f 1173/1173/1173 1238/1238/1238 1174/1174/1174
f 1174/1174/1174 1238/1238/1238 1239/1239/1239
f 1174/1174/1174 1239/1239/1239 1175/1175/1175
f 1175/1175/1175 1239/1239/1239 1240/1240/1240
f 1175/1175/1175 1240/1240/1240 1176/1176/1176
f 1176/1176/1176 1240/1240/1240 1241/1241/1241
f 1176/1176/1176 1241/1241/1241 1177/1177/1177
f 1177/1177/1177 1241/1241/1241 1242/1242/1242
f 1177/1177/1177 1242/1242/1242 1178/1178/1178
f 1178/1178/1178 1242/1242/1242 1243/1243/1243
f 1178/1178/1178 1243/1243/1243 1179/1179/1179
f 1179/1179/1179 1243/1243/1243 1244/1244/1244
f 1179/1179/1179 1244/1244/1244 1180/1180/1180
f 1180/1180/1180 1244/1244/1244 1245/1245/1245
f 1180/1180/1180 1245/1245/1245 1181/1181/1181
f 1181/1181/1181 1245/1245/1245 1246/1246/1246
f 1181/1181/1181 1246/1246/1246 1182/1182/1182
f 1182/1182/1182 1246/1246/1246 1247/1247/1247
f 1182/1182/1182 1247/1247/1247 1183/1183/1183
f 1183/1183/1183 1247/1247/1247 1248/1248/1248
f 1183/1183/1183 1248/1248/1248 1184/1184/1184
f 1184/1184/1184 1248/1248/1248 1249/1249/1249
f 1184/1184/1184 1249/1249/1249 1185/1185/1185
f 1185/1185/1185 1249/1249/1249 1250/1250/1250
f 1186/1186/1186 1251/1251/1251 1187/1187/1187
f 1187/1187/1187 1251/1251/1251 1252/1252/1252
f 1187/1187/1187 1252/1252/1252 1188/1188/1188
f 1188/1188/1188 1252/1252/1252 1253/1253/1253
f 1188/1188/1188 1253/1253/1253 1189/1189/1189
f 1189/1189/1189 1253/1253/1253 1254/1254/1254
f 1189/1189/1189 1254/1254/1254 1190/1190/1190
f 1190/1190/1190 1254/1254/1254 1255/1255/1255
f 1190/1190/1190 1255/1255/1255 1191/1191/1191
f 1191/1191/1191 1255/1255/1255 1256/1256/1256
f 1191/1191/1191 1256/1256/1256 1192/1192/1192
f 1192/1192/1192 1256/1256/1256 1257/1257/1257
f 1192/1192/1192 1257/1257/1257 1193/1193/1193
f 1193/1193/1193 1257/1257/1257 1258/1258/1258
f 1193/1193/1193 1258/1258/1258 1194/1194/1194
f 1194/1194/1194 1258/1258/1258 1259/1259/1259
f 1194/1194/1194 1259/1259/1259 1195/1195/1195
f 1195/1195/1195 1259/1259/1259 1260/1260/1260
f 1195/1195/1195 1260/1260/1260 1196/1196/1196
f 1196/1196/1196 1260/1260/1260 1261/1261/1261
f 1196/1196/1196 1261/1261/1261 1197/1197/1197
f 1197/1197/1197 1261/1261/1261 1262/1262/1262
f 1197/1197/1197 1262/1262/1262 1198/1198/1198
f 1198/1198/1198 1262/1262/1262 1263/1263/1263
f 1198/1198/1198 1263/1263/1263 1199/1199/1199
f 1199/1199/1199 1263/1263/1263 1264/1264/1264
f 1199/1199/1199 1264/1264/1264 1200/1200/1200
f 1200/1200/1200 1264/1264/1264 1265/1265/1265
f 1200/1200/1200 1265/1265/1265 1201/1201/1201
f 1201/1201/1201 1265/1265/1265 1266/1266/1266
f 1201/1201/1201 1266/1266/1266 1202/1202/1202
f 1202/1202/1202 1266/1266/1266 1267/1267/1267
f 1202/1202/1202 1267/1267/1267 1203/1203/1203
f 1203/1203/1203 1267/1267/1267 1268/1268/1268
f 1203/1203/1203 1268/1268/1268 1204/1204/1204
f 1204/1204/1204 1268/1268/1268 1269/1269/1269
f 1204/1204/1204 1269/1269/1269 1205/1205/1205
f 1205/1205/1205 1269/1269/1269 1270/1270/1270
f 1205/1205/1205 1270/1270/1270 1206/1206/1206
f 1206/1206/1206 1270/1270/1270 1271/1271/1271
f 1206/1206/1206 1271/1271/1271 1207/1207/1207
f 1207/1207/1207 1271/1271/1271 1272/1272/1272
f 1207/1207/1207 1272/1272/1272 1208/1208/1208
f 1208/1208/1208 1272/1272/1272 1273/1273/1273
f 1208/1208/1208 1273/1273/1273 1209/1209/1209
f 1209/1209/1209 1273/1273/1273 1274/1274/1274
f 1209/1209/1209 1274/1274/1274 1210/1210/1210
f 1210/1210/1210 1274/1274/1274 1275/1275/1275
f 1210/1210/1210 1275/1275/1275 1211/1211/1211
f 1211/1211/1211 1275/1275/1275 1276/1276/1276
f 1211/1211/1211 1276/1276/1276 1212/1212/1212
f 1212/1212/1212 1276/1276/1276 1277/1277/1277
f 1212/1212/1212 1277/1277/1277 1213/1213/1213
f 1213/1213/1213 1277/1277/1277 1278/1278/1278
f 1213/1213/1213 1278/1278/1278 1214/1214/1214
f 1214/1214/1214 1278/1278/1278 1279/1279/1279
f 1214/1214/1214 1279/1279/1279 1215/1215/1215
f 1215/1215/1215 1279/1279/1279 1280/1280/1280
f 1215/1215/1215 1280/1280/1280 1216/1216/1216
f 1216/1216/1216 1280/1280/1280 1281/1281/1281
f 1216/1216/1216 1281/1281/1281 1217/1217/1217
f 1217/1217/1217 1281/1281/1281 1282/1282/1282
f 1217/1217/1217 1282/1282/1282 1218/1218/1218
f 1218/1218/1218 1282/1282/1282 1283/1283/1283
f 1218/1218/1218 1283/1283/1283 1219/1219/1219
f 1219/1219/1219 1283/1283/1283 1284/1284/1284
f 1219/1219/1219 1284/1284/1284 1220/1220/1220
f 1220/1220/1220 1284/1284/1284 1285/1285/1285
f 1220/1220/1220 1285/1285/1285 1221/1221/1221
f 1221/1221/1221 1285/1285/1285 1286/1286/1286
f 1221/1221/1221 1286/1286/1286 1222/1222/1222
f 1222/1222/1222 1286/1286/1286 1287/1287/1287
f 1222/1222/1222 1287/1287/1287 1223/1223/1223
f 1223/1223/1223 1287/1287/1287 1288/1288/1288
f 1223/1223/1223 1288/1288/1288 1224/1224/1224
f 1224/1224/1224 1288/1288/1288 1289/1289/1289
f 1224/1224/1224 1289/1289/1289 1225/1225/1225
f 1225/1225/1225 1289/1289/1289 1290/1290/1290
f 1225/1225/1225 1290/1290/1290 1226/1226/1226
f 1226/1226/1226 1290/1290/1290 1291/1291/1291
f 1226/1226/1226 1291/1291/1291 1227/1227/1227
f 1227/1227/1227 1291/1291/1291 1292/1292/1292
f 1227/1227/1227 1292/1292/1292 1228/1228/1228
f 1228/1228/1228 1292/1292/1292 1293/1293/1293
f 1228/1228/1228 1293/1293/1293 1229/1229/1229
f 1229/1229/1229 1293/1293/1293 1294/1294/1294
f 1229/1229/1229 1294/1294/1294 1230/1230/1230
f 1230/1230/1230 1294/1294/1294 1295/1295/1295
f 1230/1230/1230 1295/1295/1295 1231/1231/1231
f 1231/1231/1231 1295/1295/1295 1296/1296/1296
f 1231/1231/1231 1296/1296/1296 1232/1232/1232
f 1232/1232/1232 1296/1296/1296 1297/1297/1297
f 1232/1232/1232 1297/1297/1297 1233/1233/1233
f 1233/1233/1233 1297/1297/1297 1298/1298/1298
f 1233/1233/1233 1298/1298/1298 1234/1234/1234
f 1234/1234/1234 1298/1298/1298 1299/1299/1299
f 1234/1234/1234 1299/1299/1299 1235/1235/1235
f 1235/1235/1235 1299/1299/1299 1300/1300/1300
f 1235/1235/1235 1300/1300/1300 1236/1236/1236
f 1236/1236/1236 1300/1300/1300 1301/1301/1301
f 1236/1236/1236 1301/1301/1301 1237/1237/1237
f 1237/1237/1237 1301/1301/1301 1302/1302/1302
f 1237/1237/1237 1302/1302/1302 1238/1238/1238
f 1238/1238/1238 1302/1302/1302 1303/1303/1303
f 1238/1238/1238 1303/1303/1303 1239/1239/1239
f 1239/1239/1239 1303/1303/1303 1304/1304/1304
f 1239/1239/1239 1304/1304/1304 1240/1240/1240
f 1240/1240/1240 1304/1304/1304 1305/1305/1305
f 1240/1240/1240 1305/1305/1305 1241/1241/1241
f 1241/1241/1241 1305/1305/1305 1306/1306/1306
f 1241/1241/1241 1306/1306/1306 1242/1242/1242
f 1242/1242/1242 1306/1306/1306 1307/1307/1307
f 1242/1242/1242 1307/1307/1307 1243/1243/1243
f 1243/1243/1243 1307/1307/1307 1308/1308/1308
f 1243/1243/1243 1308/1308/1308 1244/1244/1244
f 1244/1244/1244 1308/1308/1308 1309/1309/1309
f 1244/1244/1244 1309/1309/1309 1245/1245/1245
f 1245/1245/1245 1309/1309/1309 1310/1310/1310
f 1245/1245/1245 1310/1310/1310 1246/1246/1246
f 1246/1246/1246 1310/1310/1310 1311/1311/1311
f 1246/1246/1246 1311/1311/1311 1247/1247/1247
f 1247/1247/1247 1311/1311/1311 1312/1312/1312
f 1247/1247/1247 1312/1312/1312 1248/1248/1248
f 1248/1248/1248 1312/1312/1312 1313/1313/1313
f 1248/1248/1248 1313/1313/1313 1249/1249/1249
f 1249/1249/1249 1313/1313/1313 1314/1314/1314
f 1249/1249/1249 1314/1314/1314 1250/1250/1250
f 1250/1250/1250 1314/1314/1314 1315/1315/1315
f 1251/1251/1251 1316/1316/1316 1252/1252/1252
f 1252/1252/1252 1316/1316/1316 1317/1317/1317
f 1252/1252/1252 1317/1317/1317 1253/1253/1253
f 1253/1253/1253 1317/1317/1317 1318/1318/1318
f 1253/1253/1253 1318/1318/1318 1254/1254/1254
f 1254/1254/1254 1318/1318/1318 1319/1319/1319
f 1254/1254/1254 1319/1319/1319 1255/1255/1255
f 1255/1255/1255 1319/1319/1319 1320/1320/1320
f 1255/1255/1255 1320/1320/1320 1256/1256/1256
f 1256/1256/1256 1320/1320/1320 1321/1321/1321
f 1256/1256/1256 1321/1321/1321 1257/1257/1257
f 1257/1257/1257 1321/1321/1321 1322/1322/1322
f 1257/1257/1257 1322/1322/1322 1258/1258/1258
f 1258/1258/1258 1322/1322/1322 1323/1323/1323
f 1258/1258/1258 1323/1323/1323 1259/1259/1259
f 1259/1259/1259 1323/1323/1323 1324/1324/1324
f 1259/1259/1259 1324/1324/1324 1260/1260/1260
f 1260/1260/1260 1324/1324/1324 1325/1325/1325
f 1260/1260/1260 1325/1325/1325 1261/1261/1261
f 1261/1261/1261 1325/1325/1325 1326/1326/1326
f 1261/1261/1261 1326/1326/1326 1262/1262/1262
f 1262/1262/1262 1326/1326/1326 1327/1327/1327
f 1262/1262/1262 1327/1327/1327 1263/1263/1263
f 1263/1263/1263 1327/1327/1327 1328/1328/1328
f 1263/1263/1263 1328/1328/1328 1264/1264/1264
f 1264/1264/1264 1328/1328/1328 1329/1329/1329
f 1264/1264/1264 1329/1329/1329 1265/1265/1265
f 1265/1265/1265 1329/1329/1329 1330/1330/1330
f 1265/1265/1265 1330/1330/1330 1266/1266/1266
f 1266/1266/1266 1330/1330/1330 1331/1331/1331
f 1266/1266/1266 1331/1331/1331 1267/1267/1267
f 1267/1267/1267 1331/1331/1331 1332/1332/1332
f 1267/1267/1267 1332/1332/1332 1268/1268/1268
f 1268/1268/1268 1332/1332/1332 1333/1333/1333
f 1268/1268/1268 1333/1333/1333 1269/1269/1269
f 1269/1269/1269 1333/1333/1333 1334/1334/1334
f 1269/1269/1269 1334/1334/1334 1270/1270/1270
f 1270/1270/1270 1334/1334/1334 1335/1335/1335
f 1270/1270/1270 1335/1335/1335 1271/1271/1271
f 1271/1271/1271 1335/1335/1335 1336/1336/1336
f 1271/1271/1271 1336/1336/1336 1272/1272/1272
f 1272/1272/1272 1336/1336/1336 1337/1337/1337
f 1272/1272/1272 1337/1337/1337 1273/1273/1273
f 1273/1273/1273 1337/1337/1337 1338/1338/1338
f 1273/1273/1273 1338/1338/1338 1274/1274/1274
f 1274/1274/1274 1338/1338/1338 1339/1339/1339
f 1274/1274/1274 1339/1339/1339 1275/1275/1275
f 1275/1275/1275 1339/1339/1339 1340/1340/1340
f 1275/1275/1275 1340/1340/1340 1276/1276/1276
f 1276/1276/1276 1340/1340/1340 1341/1341/1341
f 1276/1276/1276 1341/1341/1341 1277/1277/1277
f 1277/1277/1277 1341/1341/1341 1342/1342/1342
f 1277/1277/1277 1342/1342/1342 1278/1278/1278
f 1278/1278/1278 1342/1342/1342 1343/1343/1343
f 1278/1278/1278 1343/1343/1343 1279/1279/1279
f 1279/1279/1279 1343/1343/1343 1344/1344/1344
f 1279/1279/1279 1344/1344/1344 1280/1280/1280
f 1280/1280/1280 1344/1344/1344 1345/1345/1345
f 1280/1280/1280 1345/1345/1345 1281/1281/1281
f 1281/1281/1281 1345/1345/1345 1346/1346/1346
f 1281/1281/1281 1346/1346/1346 1282/1282/1282
f 1282/1282/1282 1346/1346/1346 1347/1347/1347
f 1282/1282/1282 1347/1347/1347 1283/1283/1283
f 1283/1283/1283 1347/1347/1347 1348/1348/1348
f 1283/1283/1283 1348/1348/1348 1284/1284/1284
f 1284/1284/1284 1348/1348/1348 1349/1349/1349
f 1284/1284/1284 1349/1349/1349 1285/1285/1285
f 1285/1285/1285 1349/1349/1349 1350/1350/1350
f 1285/1285/1285 1350/1350/1350 1286/1286/1286
f 1286/1286/1286 1350/1350/1350 1351/1351/1351
f 1286/1286/1286 1351/1351/1351 1287/1287/1287
f 1287/1287/1287 1351/1351/1351 1352/1352/1352
f 1287/1287/1287 1352/1352/1352 1288/1288/1288
f 1288/1288/1288 1352/1352/1352 1353/1353/1353
f 1288/1288/1288 1353/1353/1353 1289/1289/1289
f 1289/1289/1289 1353/1353/1353 1354/1354/1354
f 1289/1289/1289 1354/1354/1354 1290/1290/1290
f 1290/1290/1290 1354/1354/1354 1355/1355/1355
f 1290/1290/1290 1355/1355/1355 1291/1291/1291
f 1291/1291/1291 1355/1355/1355 1356/1356/1356
f 1291/1291/1291 1356/1356/1356 1292/1292/1292
f 1292/1292/1292 1356/1356/1356 1357/1357/1357
f 1292/1292/1292 1357/1357/1357 1293/1293/1293
f 1293/1293/1293 1357/1357/1357 1358/1358/1358
f 1293/1293/1293 1358/1358/1358 1294/1294/1294
f 1294/1294/1294 1358/1358/1358 1359/1359/1359
f 1294/1294/1294 1359/1359/1359 1295/1295/1295
f 1295/1295/1295 1359/1359/1359 1360/1360/1360
f 1295/1295/1295 1360/1360/1360 1296/1296/1296
f 1296/1296/1296 1360/1360/1360 1361/1361/1361
f 1296/1296/1296 1361/1361/1361 1297/1297/1297
f 1297/1297/1297 1361/1361/1361 1362/1362/1362
f 1297/1297/1297 1362/1362/1362 1298/1298/1298
f 1298/1298/1298 1362/1362/1362 1363/1363/1363
f 1298/1298/1298 1363/1363/1363 1299/1299/1299
f 1299/1299/1299 1363/1363/1363 1364/1364/1364
f 1299/1299/1299 1364/1364/1364 1300/1300/1300
f 1300/1300/1300 1364/1364/1364 1365/1365/1365
f 1300/1300/1300 1365/1365/1365 1301/1301/1301
f 1301/1301/1301 1365/1365/1365 1366/1366/1366
f 1301/1301/1301 1366/1366/1366 1302/1302/1302
f 1302/1302/1302 1366/1366/1366 1367/1367/1367
f 1302/1302/1302 1367/1367/1367 1303/1303/1303
f 1303/1303/1303 1367/1367/1367 1368/1368/1368
f 1303/1303/1303 1368/1368/1368 1304/1304/1304
f 1304/1304/1304 1368/1368/1368 1369/1369/1369
f 1304/1304/1304 1369/1369/1369 1305/1305/1305
f 1305/1305/1305 1369/1369/1369 1370/1370/1370
f 1305/1305/1305 1370/1370/1370 1306/1306/1306
f 1306/1306/1306 1370/1370/1370 1371/1371/1371
f 1306/1306/1306 1371/1371/1371 1307/1307/1307
f 1307/1307/1307 1371/1371/1371 1372/1372/1372
f 1307/1307/1307 1372/1372/1372 1308/1308/1308
f 1308/1308/1308 1372/1372/1372 1373/1373/1373
f 1308/1308/1308 1373/1373/1373 1309/1309/1309
f 1309/1309/1309 1373/1373/1373 1374/1374/1374
f 1309/1309/1309 1374/1374/1374 1310/1310/1310
f 1310/1310/1310 1374/1374/1374 1375/1375/1375
f 1310/1310/1310 1375/1375/1375 1311/1311/1311
f 1311/1311/1311 1375/1375/1375 1376/1376/1376
f 1311/1311/1311 1376/1376/1376 1312/1312/1312
f 1312/1312/1312 1376/1376/1376 1377/1377/1377
f 1312/1312/1312 1377/1377/1377 1313/1313/1313
f 1313/1313/1313 1377/1377/1377 1378/1378/1378
f 1313/1313/1313 1378/1378/1378 1314/1314/1314
f 1314/1314/1314 1378/1378/1378 1379/1379/1379
f 1314/1314/1314 1379/1379/1379 1315/1315/1315
f 1315/1315/1315 1379/1379/1379 1380/1380/1380
f 1316/1316/1316 1381/1381/1381 1317/1317/1317
f 1317/1317/1317 1381/1381/1381 1382/1382/1382
f 1317/1317/1317 1382/1382/1382 1318/1318/1318
f 1318/1318/1318 1382/1382/1382 1383/1383/1383
f 1318/1318/1318 1383/1383/1383 1319/1319/1319
f 1319/1319/1319 1383/1383/1383 1384/1384/1384
f 1319/1319/1319 1384/1384/1384 1320/1320/1320
f 1320/1320/1320 1384/1384/1384 1385/1385/1385
f 1320/1320/1320 1385/1385/1385 1321/1321/1321
f 1321/1321/1321 1385/1385/1385 1386/1386/1386
f 1321/1321/1321 1386/1386/1386 1322/1322/1322
f 1322/1322/1322 1386/1386/1386 1387/1387/1387
f 1322/1322/1322 1387/1387/1387 1323/1323/1323
f 1323/1323/1323 1387/1387/1387 1388/1388/1388
f 1323/1323/1323 1388/1388/1388 1324/1324/1324
f 1324/1324/1324 1388/1388/1388 1389/1389/1389
f 1324/1324/1324 1389/1389/1389 1325/1325/1325
f 1325/1325/1325 1389/1389/1389 1390/1390/1390
f 1325/1325/1325 1390/1390/1390 1326/1326/1326
f 1326/1326/1326 1390/1390/1390 1391/1391/1391
f 1326/1326/1326 1391/1391/1391 1327/1327/1327
f 1327/1327/1327 1391/1391/1391 1392/1392/1392
f 1327/1327/1327 1392/1392/1392 1328/1328/1328
f 1328/1328/1328 1392/1392/1392 1393/1393/1393
f 1328/1328/1328 1393/1393/1393 1329/1329/1329
f 1329/1329/1329 1393/1393/1393 1394/1394/1394
f 1329/1329/1329 1394/1394/1394 1330/1330/1330
f 1330/1330/1330 1394/1394/1394 1395/1395/1395
f 1330/1330/1330 1395/1395/1395 1331/1331/1331
f 1331/1331/1331 1395/1395/1395 1396/1396/1396
f 1331/1331/1331 1396/1396/1396 1332/1332/1332
f 1332/1332/1332 1396/1396/1396 1397/1397/1397
f 1332/1332/1332 1397/1397/1397 1333/1333/1333
f 1333/1333/1333 1397/1397/1397 1398/1398/1398
f 1333/1333/1333 1398/1398/1398 1334/1334/1334
f 1334/1334/1334 1398/1398/1398 1399/1399/1399
f 1334/1334/1334 1399/1399/1399 1335/1335/1335
f 1335/1335/1335 1399/1399/1399 1400/1400/1400
f 1335/1335/1335 1400/1400/1400 1336/1336/1336
f 1336/1336/1336 1400/1400/1400 1401/1401/1401
f 1336/1336/1336 1401/1401/1401 1337/1337/1337
f 1337/1337/1337 1401/1401/1401 1402/1402/1402
f 1337/1337/1337 1402/1402/1402 1338/1338/1338
f 1338/1338/1338 1402/1402/1402 1403/1403/1403
f 1338/1338/1338 1403/1403/1403 1339/1339/1339
f 1339/1339/1339 1403/1403/1403 1404/1404/1404
f 1339/1339/1339 1404/1404/1404 1340/1340/1340
f 1340/1340/1340 1404/1404/1404 1405/1405/1405
f 1340/1340/1340 1405/1405/1405 1341/1341/1341
f 1341/1341/1341 1405/1405/1405 1406/1406/1406
f 1341/1341/1341 1406/1406/1406 1342/1342/1342
f 1342/1342/1342 1406/1406/1406 1407/1407/1407
f 1342/1342/1342 1407/1407/1407 1343/1343/1343
f 1343/1343/1343 1407/1407/1407 1408/1408/1408
f 1343/1343/1343 1408/1408/1408 1344/1344/1344
f 1344/1344/1344 1408/1408/1408 1409/1409/1409
f 1344/1344/1344 1409/1409/1409 1345/1345/1345
f 1345/1345/1345 1409/1409/1409 1410/1410/1410
f 1345/1345/1345 1410/1410/1410 1346/1346/1346
f 1346/1346/1346 1410/1410/1410 1411/1411/1411
f 1346/1346/1346 1411/1411/1411 1347/1347/1347
f 1347/1347/1347 1411/1411/1411 1412/1412/1412
f 1347/1347/1347 1412/1412/1412 1348/1348/1348
f 1348/1348/1348 1412/1412/1412 1413/1413/1413
f 1348/1348/1348 1413/1413/1413 1349/1349/1349
f 1349/1349/1349 1413/1413/1413 1414/1414/1414
f 1349/1349/1349 1414/1414/1414 1350/1350/1350
f 1350/1350/1350 1414/1414/1414 1415/1415/1415
f 1350/1350/1350 1415/1415/1415 1351/1351/1351
f 1351/1351/1351 1415/1415/1415 1416/1416/1416
f 1351/1351/1351 1416/1416/1416 1352/1352/1352
f 1352/1352/1352 1416/1416/1416 1417/1417/1417
f 1352/1352/1352 1417/1417/1417 1353/1353/1353
f 1353/1353/1353 1417/1417/1417 1418/1418/1418
f 1353/1353/1353 1418/1418/1418 1354/1354/1354
f 1354/1354/1354 1418/1418/1418 1419/1419/1419
f 1354/1354/1354 1419/1419/1419 1355/1355/1355
f 1355/1355/1355 1419/1419/1419 1420/1420/1420
f 1355/1355/1355 1420/1420/1420 1356/1356/1356
f 1356/1356/1356 1420/1420/1420 1421/1421/1421
f 1356/1356/1356 1421/1421/1421 1357/1357/1357
f 1357/1357/1357 1421/1421/1421 1422/1422/1422
f 1357/1357/1357 1422/1422/1422 1358/1358/1358
f 1358/1358/1358 1422/1422/1422 1423/1423/1423
f 1358/1358/1358 1423/1423/1423 1359/1359/1359
f 1359/1359/1359 1423/1423/1423 1424/1424/1424
f 1359/1359/1359 1424/1424/1424 1360/1360/1360
f 1360/1360/1360 1424/1424/1424 1425/1425/1425
f 1360/1360/1360 1425/1425/1425 1361/1361/1361
f 1361/1361/1361 1425/1425/1425 1426/1426/1426
f 1361/1361/1361 1426/1426/1426 1362/1362/1362
f 1362/1362/1362 1426/1426/1426 1427/1427/1427
f 1362/1362/1362 1427/1427/1427 1363/1363/1363
f 1363/1363/1363 1427/1427/1427 1428/1428/1428
f 1363/1363/1363 1428/1428/1428 1364/1364/1364
f 1364/1364/1364 1428/1428/1428 1429/1429/1429
f 1364/1364/1364 1429/1429/1429 1365/1365/1365
f 1365/1365/1365 1429/1429/1429 1430/1430/1430
f 1365/1365/1365 1430/1430/1430 1366/1366/1366
f 1366/1366/1366 1430/1430/1430 1431/1431/1431
f 1366/1366/1366 1431/1431/1431 1367/1367/1367
f 1367/1367/1367 1431/1431/1431 1432/1432/1432
f 1367/1367/1367 1432/1432/1432 1368/1368/1368
f 1368/1368/1368 1432/1432/1432 1433/1433/1433
f 1368/1368/1368 1433/1433/1433 1369/1369/1369
f 1369/1369/1369 1433/1433/1433 1434/1434/1434
f 1369/1369/1369 1434/1434/1434 1370/1370/1370
f 1370/1370/1370 1434/1434/1434 1435/1435/1435
f 1370/1370/1370 1435/1435/1435 1371/1371/1371
f 1371/1371/1371 1435/1435/1435 1436/1436/1436
f 1371/1371/1371 1436/1436/1436 1372/1372/1372
f 1372/1372/1372 1436/1436/1436 1437/1437/1437
f 1372/1372/1372 1437/1437/1437 1373/1373/1373
f 1373/1373/1373 1437/1437/1437 1438/1438/1438
f 1373/1373/1373 1438/1438/1438 1374/1374/1374
f 1374/1374/1374 1438/1438/1438 1439/1439/1439
f 1374/1374/1374 1439/1439/1439 1375/1375/1375
f 1375/1375/1375 1439/1439/1439 1440/1440/1440
f 1375/1375/1375 1440/1440/1440 1376/1376/1376
f 1376/1376/1376 1440/1440/1440 1441/1441/1441
f 1376/1376/1376 1441/1441/1441 1377/1377/1377
f 1377/1377/1377 1441/1441/1441 1442/1442/1442
f 1377/1377/1377 1442/1442/1442 1378/1378/1378
f 1378/1378/1378 1442/1442/1442 1443/1443/1443
f 1378/1378/1378 1443/1443/1443 1379/1379/1379
f 1379/1379/1379 1443/1443/1443 1444/1444/1444
f 1379/1379/1379 1444/1444/1444 1380/1380/1380
f 1380/1380/1380 1444/1444/1444 1445/1445/1445
f 1381/1381/1381 1446/1446/1446 1382/1382/1382
f 1382/1382/1382 1446/1446/1446 1447/1447/1447
f 1382/1382/1382 1447/1447/1447 1383/1383/1383
f 1383/1383/1383 1447/1447/1447 1448/1448/1448
f 1383/1383/1383 1448/1448/1448 1384/1384/1384
f 1384/1384/1384 1448/1448/1448 1449/1449/1449
f 1384/1384/1384 1449/1449/1449 1385/1385/1385
f 1385/1385/1385 1449/1449/1449 1450/1450/1450
f 1385/1385/1385 1450/1450/1450 1386/1386/1386
f 1386/1386/1386 1450/1450/1450 1451/1451/1451
f 1386/1386/1386 1451/1451/1451 1387/1387/1387
f 1387/1387/1387 1451/1451/1451 1452/1452/1452
f 1387/1387/1387 1452/1452/1452 1388/1388/1388
f 1388/1388/1388 1452/1452/1452 1453/1453/1453
f 1388/1388/1388 1453/1453/1453 1389/1389/1389
f 1389/1389/1389 1453/1453/1453 1454/1454/1454
f 1389/1389/1389 1454/1454/1454 1390/1390/1390
f 1390/1390/1390 1454/1454/1454 1455/1455/1455
f 1390/1390/1390 1455/1455/1455 1391/1391/1391
f 1391/1391/1391 1455/1455/1455 1456/1456/1456
f 1391/1391/1391 1456/1456/1456 1392/1392/1392
f 1392/1392/1392 1456/1456/1456 1457/1457/1457
f 1392/1392/1392 1457/1457/1457 1393/1393/1393
f 1393/1393/1393 1457/1457/1457 1458/1458/1458
f 1393/1393/1393 1458/1458/1458 1394/1394/1394
f 1394/1394/1394 1458/1458/1458 1459/1459/1459
f 1394/1394/1394 1459/1459/1459 1395/1395/1395
f 1395/1395/1395 1459/1459/1459 1460/1460/1460
f 1395/1395/1395 1460/1460/1460 1396/1396/1396
f 1396/1396/1396 1460/1460/1460 1461/1461/1461
f 1396/1396/1396 1461/1461/1461 1397/1397/1397
f 1397/1397/1397 1461/1461/1461 1462/1462/1462
f 1397/1397/1397 1462/1462/1462 1398/1398/1398
f 1398/1398/1398 1462/1462/1462 1463/1463/1463
f 1398/1398/1398 1463/1463/1463 1399/1399/1399
f 1399/1399/1399 1463/1463/1463 1464/1464/1464
f 1399/1399/1399 1464/1464/1464 1400/1400/1400
f 1400/1400/1400 1464/1464/1464 1465/1465/1465
f 1400/1400/1400 1465/1465/1465 1401/1401/1401
f 1401/1401/1401 1465/1465/1465 1466/1466/1466
f 1401/1401/1401 1466/1466/1466 1402/1402/1402
f 1402/1402/1402 1466/1466/1466 1467/1467/1467
f 1402/1402/1402 1467/1467/1467 1403/1403/1403
f 1403/1403/1403 1467/1467/1467 1468/1468/1468
f 1403/1403/1403 1468/1468/1468 1404/1404/1404
f 1404/1404/1404 1468/1468/1468 1469/1469/1469
f 1404/1404/1404 1469/1469/1469 1405/1405/1405
f 1405/1405/1405 1469/1469/1469 1470/1470/1470
f 1405/1405/1405 1470/1470/1470 1406/1406/1406
f 1406/1406/1406 1470/1470/1470 1471/1471/1471
f 1406/1406/1406 1471/1471/1471 1407/1407/1407
f 1407/1407/1407 1471/1471/1471 1472/1472/1472
f 1407/1407/1407 1472/1472/1472 1408/1408/1408
f 1408/1408/1408 1472/1472/1472 1473/1473/1473
f 1408/1408/1408 1473/1473/1473 1409/1409/1409
f 1409/1409/1409 1473/1473/1473 1474/1474/1474
f 1409/1409/1409 1474/1474/1474 1410/1410/1410
f 1410/1410/1410 1474/1474/1474 1475/1475/1475
f 1410/1410/1410 1475/1475/1475 1411/1411/1411
f 1411/1411/1411 1475/1475/1475 1476/1476/1476
f 1411/1411/1411 1476/1476/1476 1412/1412/1412
f 1412/1412/1412 1476/1476/1476 1477/1477/1477
f 1412/1412/1412 1477/1477/1477 1413/1413/1413
f 1413/1413/1413 1477/1477/1477 1478/1478/1478
f 1413/1413/1413 1478/1478/1478 1414/1414/1414
f 1414/1414/1414 1478/1478/1478 1479/1479/1479
f 1414/1414/1414 1479/1479/1479 1415/1415/1415
f 1415/1415/1415 1479/1479/1479 1480/1480/1480
f 1415/1415/1415 1480/1480/1480 1416/1416/1416
f 1416/1416/1416 1480/1480/1480 1481/1481/1481
f 1416/1416/1416 1481/1481/1481 1417/1417/1417
f 1417/1417/1417 1481/1481/1481 1482/1482/1482
f 1417/1417/1417 1482/1482/1482 1418/1418/1418
f 1418/1418/1418 1482/1482/1482 1483/1483/1483
f 1418/1418/1418 1483/1483/1483 1419/1419/1419
f 1419/1419/1419 1483/1483/1483 1484/1484/1484
f 1419/1419/1419 1484/1484/1484 1420/1420/1420
f 1420/1420/1420 1484/1484/1484 1485/1485/1485
f 1420/1420/1420 1485/1485/1485 1421/1421/1421
f 1421/1421/1421 1485/1485/1485 1486/1486/1486
f 1421/1421/1421 1486/1486/1486 1422/1422/1422
f 1422/1422/1422 1486/1486/1486 1487/1487/1487
f 1422/1422/1422 1487/1487/1487 1423/1423/1423
f 1423/1423/1423 1487/1487/1487 1488/1488/1488
f 1423/1423/1423 1488/1488/1488 1424/1424/1424
f 1424/1424/1424 1488/1488/1488 1489/1489/1489
f 1424/1424/1424 1489/1489/1489 1425/1425/1425
f 1425/1425/1425 1489/1489/1489 1490/1490/1490
f 1425/1425/1425 1490/1490/1490 1426/1426/1426
f 1426/1426/1426 1490/1490/1490 1491/1491/1491
f 1426/1426/1426 1491/1491/1491 1427/1427/1427
f 1427/1427/1427 1491/1491/1491 1492/1492/1492
f 1427/1427/1427 1492/1492/1492 1428/1428/1428
f 1428/1428/1428 1492/1492/1492 1493/1493/1493
f 1428/1428/1428 1493/1493/1493 1429/1429/1429
f 1429/1429/1429 1493/1493/1493 1494/1494/1494
f 1429/1429/1429 1494/1494/1494 1430/1430/1430
f 1430/1430/1430 1494/1494/1494 1495/1495/1495
f 1430/1430/1430 1495/1495/1495 1431/1431/1431
f 1431/1431/1431 1495/1495/1495 1496/1496/1496
f 1431/1431/1431 1496/1496/1496 1432/1432/1432
f 1432/1432/1432 1496/1496/1496 1497/1497/1497
f 1432/1432/1432 1497/1497/1497 1433/1433/1433
f 1433/1433/1433 1497/1497/1497 1498/1498/1498
f 1433/1433/1433 1498/1498/1498 1434/1434/1434
f 1434/1434/1434 1498/1498/1498 1499/1499/1499
f 1434/1434/1434 1499/1499/1499 1435/1435/1435
f 1435/1435/1435 1499/1499/1499 1500/1500/1500
f 1435/1435/1435 1500/1500/1500 1436/1436/1436
f 1436/1436/1436 1500/1500/1500 1501/1501/1501
f 1436/1436/1436 1501/1501/1501 1437/1437/1437
f 1437/1437/1437 1501/1501/1501 1502/1502/1502
f 1437/1437/1437 1502/1502/1502 1438/1438/1438
f 1438/1438/1438 1502/1502/1502 1503/1503/1503
f 1438/1438/1438 1503/1503/1503 1439/1439/1439
f 1439/1439/1439 1503/1503/1503 1504/1504/1504
f 1439/1439/1439 1504/1504/1504 1440/1440/1440
f 1440/1440/1440 1504/1504/1504 1505/1505/1505
f 1440/1440/1440 1505/1505/1505 1441/1441/1441
f 1441/1441/1441 1505/1505/1505 1506/1506/1506
f 1441/1441/1441 1506/1506/1506 1442/1442/1442
f 1442/1442/1442 1506/1506/1506 1507/1507/1507
f 1442/1442/1442 1507/1507/1507 1443/1443/1443
f 1443/1443/1443 1507/1507/1507 1508/1508/1508
f 1443/1443/1443 1508/1508/1508 1444/1444/1444
f 1444/1444/1444 1508/1508/1508 1509/1509/1509
f 1444/1444/1444 1509/1509/1509 1445/1445/1445
f 1445/1445/1445 1509/1509/1509 1510/1510/1510
f 1446/1446/1446 1511/1511/1511 1447/1447/1447
f 1447/1447/1447 1511/1511/1511 1512/1512/1512
f 1447/1447/1447 1512/1512/1512 1448/1448/1448
f 1448/1448/1448 1512/1512/1512 1513/1513/1513
f 1448/1448/1448 1513/1513/1513 1449/1449/1449
f 1449/1449/1449 1513/1513/1513 1514/1514/1514
f 1449/1449/1449 1514/1514/1514 1450/1450/1450
f 1450/1450/1450 1514/1514/1514 1515/1515/1515
f 1450/1450/1450 1515/1515/1515 1451/1451/1451
f 1451/1451/1451 1515/1515/1515 1516/1516/1516
f 1451/1451/1451 1516/1516/1516 1452/1452/1452
f 1452/1452/1452 1516/1516/1516 1517/1517/1517
f 1452/1452/1452 1517/1517/1517 1453/1453/1453
f 1453/1453/1453 1517/1517/1517 1518/1518/1518
f 1453/1453/1453 1518/1518/1518 1454/1454/1454
f 1454/1454/1454 1518/1518/1518 1519/1519/1519
f 1454/1454/1454 1519/1519/1519 1455/1455/1455
f 1455/1455/1455 1519/1519/1519 1520/1520/1520
f 1455/1455/1455 1520/1520/1520 1456/1456/1456
f 1456/1456/1456 1520/1520/1520 1521/1521/1521
f 1456/1456/1456 1521/1521/1521 1457/1457/1457
f 1457/1457/1457 1521/1521/1521 1522/1522/1522
f 1457/1457/1457 1522/1522/1522 1458/1458/1458
f 1458/1458/1458 1522/1522/1522 1523/1523/1523
f 1458/1458/1458 1523/1523/1523 1459/1459/1459
f 1459/1459/1459 1523/1523/1523 1524/1524/1524
f 1459/1459/1459 1524/1524/1524 1460/1460/1460
f 1460/1460/1460 1524/1524/1524 1525/1525/1525
f 1460/1460/1460 1525/1525/1525 1461/1461/1461
f 1461/1461/1461 1525/1525/1525 1526/1526/1526
f 1461/1461/1461 1526/1526/1526 1462/1462/1462
f 1462/1462/1462 1526/1526/1526 1527/1527/1527
f 1462/1462/1462 1527/1527/1527 1463/1463/1463
f 1463/1463/1463 1527/1527/1527 1528/1528/1528
f 1463/1463/1463 1528/1528/1528 1464/1464/1464
f 1464/1464/1464 1528/1528/1528 1529/1529/1529
f 1464/1464/1464 1529/1529/1529 1465/1465/1465
f 1465/1465/1465 1529/1529/1529 1530/1530/1530
f 1465/1465/1465 1530/1530/1530 1466/1466/1466
f 1466/1466/1466 1530/1530/1530 1531/1531/1531
f 1466/1466/1466 1531/1531/1531 1467/1467/1467
f 1467/1467/1467 1531/1531/1531 1532/1532/1532
f 1467/1467/1467 1532/1532/1532 1468/1468/1468
f 1468/1468/1468 1532/1532/1532 1533/1533/1533
f 1468/1468/1468 1533/1533/1533 1469/1469/1469
f 1469/1469/1469 1533/1533/1533 1534/1534/1534
f 1469/1469/1469 1534/1534/1534 1470/1470/1470
f 1470/1470/1470 1534/1534/1534 1535/1535/1535
f 1470/1470/1470 1535/1535/1535 1471/1471/1471
f 1471/1471/1471 1535/1535/1535 1536/1536/1536
f 1471/1471/1471 1536/1536/1536 1472/1472/1472
f 1472/1472/1472 1536/1536/1536 1537/1537/1537
f 1472/1472/1472 1537/1537/1537 1473/1473/1473
f 1473/1473/1473 1537/1537/1537 1538/1538/1538
f 1473/1473/1473 1538/1538/1538 1474/1474/1474
f 1474/1474/1474 1538/1538/1538 1539/1539/1539
f 1474/1474/1474 1539/1539/1539 1475/1475/1475
f 1475/1475/1475 1539/1539/1539 1540/1540/1540
f 1475/1475/1475 1540/1540/1540 1476/1476/1476
f 1476/1476/1476 1540/1540/1540 1541/1541/1541
f 1476/1476/1476 1541/1541/1541 1477/1477/1477
f 1477/1477/1477 1541/1541/1541 1542/1542/1542
f 1477/1477/1477 1542/1542/1542 1478/1478/1478
f 1478/1478/1478 1542/1542/1542 1543/1543/1543
f 1478/1478/1478 1543/1543/1543 1479/1479/1479
f 1479/1479/1479 1543/1543/1543 1544/1544/1544
f 1479/1479/1479 1544/1544/1544 1480/1480/1480
f 1480/1480/1480 1544/1544/1544 1545/1545/1545
f 1480/1480/1480 1545/1545/1545 1481/1481/1481
f 1481/1481/1481 1545/1545/1545 1546/1546/1546
f 1481/1481/1481 1546/1546/1546 1482/1482/1482
f 1482/1482/1482 1546/1546/1546 1547/1547/1547
f 1482/1482/1482 1547/1547/1547 1483/1483/1483
f 1483/1483/1483 1547/1547/1547 1548/1548/1548
f 1483/1483/1483 1548/1548/1548 1484/1484/1484
f 1484/1484/1484 1548/1548/1548 1549/1549/1549
f 1484/1484/1484 1549/1549/1549 1485/1485/1485
f 1485/1485/1485 1549/1549/1549 1550/1550/1550
f 1485/1485/1485 1550/1550/1550 1486/1486/1486
f 1486/1486/1486 1550/1550/1550 1551/1551/1551
f 1486/1486/1486 1551/1551/1551 1487/1487/1487
f 1487/1487/1487 1551/1551/1551 1552/1552/1552
f 1487/1487/1487 1552/1552/1552 1488/1488/1488
f 1488/1488/1488 1552/1552/1552 1553/1553/1553
f 1488/1488/1488 1553/1553/1553 1489/1489/1489
f 1489/1489/1489 1553/1553/1553 1554/1554/1554
f 1489/1489/1489 1554/1554/1554 1490/1490/1490
f 1490/1490/1490 1554/1554/1554 1555/1555/1555
f 1490/1490/1490 1555/1555/1555 1491/1491/1491
f 1491/1491/1491 1555/1555/1555 1556/1556/1556
f 1491/1491/1491 1556/1556/1556 1492/1492/1492
f 1492/1492/1492 1556/1556/1556 1557/1557/1557
f 1492/1492/1492 1557/1557/1557 1493/1493/1493
f 1493/1493/1493 1557/1557/1557 1558/1558/1558
f 1493/1493/1493 1558/1558/1558 1494/1494/1494
f 1494/1494/1494 1558/1558/1558 1559/1559/1559
f 1494/1494/1494 1559/1559/1559 1495/1495/1495
f 1495/1495/1495 1559/1559/1559 1560/1560/1560
f 1495/1495/1495 1560/1560/1560 1496/1496/1496
f 1496/1496/1496 1560/1560/1560 1561/1561/1561
f 1496/1496/1496 1561/1561/1561 1497/1497/1497
f 1497/1497/1497 1561/1561/1561 1562/1562/1562
f 1497/1497/1497 1562/1562/1562 1498/1498/1498
f 1498/1498/1498 1562/1562/1562 1563/1563/1563
f 1498/1498/1498 1563/1563/1563 1499/1499/1499
f 1499/1499/1499 1563/1563/1563 1564/1564/1564
f 1499/1499/1499 1564/1564/1564 1500/1500/1500
f 1500/1500/1500 1564/1564/1564 1565/1565/1565
f 1500/1500/1500 1565/1565/1565 1501/1501/1501
f 1501/1501/1501 1565/1565/1565 1566/1566/1566
f 1501/1501/1501 1566/1566/1566 1502/1502/1502
f 1502/1502/1502 1566/1566/1566 1567/1567/1567
f 1502/1502/1502 1567/1567/1567 1503/1503/1503
f 1503/1503/1503 1567/1567/1567 1568/1568/1568
f 1503/1503/1503 1568/1568/1568 1504/1504/1504
f 1504/1504/1504 1568/1568/1568 1569/1569/1569
f 1504/1504/1504 1569/1569/1569 1505/1505/1505
f 1505/1505/1505 1569/1569/1569 1570/1570/1570
f 1505/1505/1505 1570/1570/1570 1506/1506/1506
f 1506/1506/1506 1570/1570/1570 1571/1571/1571
f 1506/1506/1506 1571/1571/1571 1507/1507/1507
f 1507/1507/1507 1571/1571/1571 1572/1572/1572
f 1507/1507/1507 1572/1572/1572 1508/1508/1508
f 1508/1508/1508 1572/1572/1572 1573/1573/1573
f 1508/1508/1508 1573/1573/1573 1509/1509/1509
f 1509/1509/1509 1573/1573/1573 1574/1574/1574
f 1509/1509/1509 1574/1574/1574 1510/1510/1510
f 1510/1510/1510 1574/1574/1574 1575/1575/1575
f 1511/1511/1511 1576/1576/1576 1512/1512/1512
f 1512/1512/1512 1576/1576/1576 1577/1577/1577
f 1512/1512/1512 1577/1577/1577 1513/1513/1513
f 1513/1513/1513 1577/1577/1577 1578/1578/1578
f 1513/1513/1513 1578/1578/1578 1514/1514/1514
f 1514/1514/1514 1578/1578/1578 1579/1579/1579
f 1514/1514/1514 1579/1579/1579 1515/1515/1515
f 1515/1515/1515 1579/1579/1579 1580/1580/1580
f 1515/1515/1515 1580/1580/1580 1516/1516/1516
f 1516/1516/1516 1580/1580/1580 1581/1581/1581
f 1516/1516/1516 1581/1581/1581 1517/1517/1517
f 1517/1517/1517 1581/1581/1581 1582/1582/1582
f 1517/1517/1517 1582/1582/1582 1518/1518/1518
f 1518/1518/1518 1582/1582/1582 1583/1583/1583
f 1518/1518/1518 1583/1583/1583 1519/1519/1519
f 1519/1519/1519 1583/1583/1583 1584/1584/1584
f 1519/1519/1519 1584/1584/1584 1520/1520/1520
f 1520/1520/1520 1584/1584/1584 1585/1585/1585
f 1520/1520/1520 1585/1585/1585 1521/1521/1521
f 1521/1521/1521 1585/1585/1585 1586/1586/1586
f 1521/1521/1521 1586/1586/1586 1522/1522/1522
f 1522/1522/1522 1586/1586/1586 1587/1587/1587
f 1522/1522/1522 1587/1587/1587 1523/1523/1523
f 1523/1523/1523 1587/1587/1587 1588/1588/1588
f 1523/1523/1523 1588/1588/1588 1524/1524/1524
f 1524/1524/1524 1588/1588/1588 1589/1589/1589
f 1524/1524/1524 1589/1589/1589 1525/1525/1525
f 1525/1525/1525 1589/1589/1589 1590/1590/1590
f 1525/1525/1525 1590/1590/1590 1526/1526/1526
f 1526/1526/1526 1590/1590/1590 1591/1591/1591
f 1526/1526/1526 1591/1591/1591 1527/1527/1527
f 1527/1527/1527 1591/1591/1591 1592/1592/1592
f 1527/1527/1527 1592/1592/1592 1528/1528/1528
f 1528/1528/1528 1592/1592/1592 1593/1593/1593
f 1528/1528/1528 1593/1593/1593 1529/1529/1529
f 1529/1529/1529 1593/1593/1593 1594/1594/1594
f 1529/1529/1529 1594/1594/1594 1530/1530/1530
f 1530/1530/1530 1594/1594/1594 1595/1595/1595
f 1530/1530/1530 1595/1595/1595 1531/1531/1531
f 1531/1531/1531 1595/1595/1595 1596/1596/1596
f 1531/1531/1531 1596/1596/1596 1532/1532/1532
f 1532/1532/1532 1596/1596/1596 1597/1597/1597
f 1532/1532/1532 1597/1597/1597 1533/1533/1533
f 1533/1533/1533 1597/1597/1597 1598/1598/1598
f 1533/1533/1533 1598/1598/1598 1534/1534/1534
f 1534/1534/1534 1598/1598/1598 1599/1599/1599
f 1534/1534/1534 1599/1599/1599 1535/1535/1535
f 1535/1535/1535 1599/1599/1599 1600/1600/1600
f 1535/1535/1535 1600/1600/1600 1536/1536/1536
f 1536/1536/1536 1600/1600/1600 1601/1601/1601
f 1536/1536/1536 1601/1601/1601 1537/1537/1537
f 1537/1537/1537 1601/1601/1601 1602/1602/1602
f 1537/1537/1537 1602/1602/1602 1538/1538/1538
f 1538/1538/1538 1602/1602/1602 1603/1603/1603
f 1538/1538/1538 1603/1603/1603 1539/1539/1539
f 1539/1539/1539 1603/1603/1603 1604/1604/1604
f 1539/1539/1539 1604/1604/1604 1540/1540/1540
f 1540/1540/1540 1604/1604/1604 1605/1605/1605
f 1540/1540/1540 1605/1605/1605 1541/1541/1541
f 1541/1541/1541 1605/1605/1605 1606/1606/1606
f 1541/1541/1541 1606/1606/1606 1542/1542/1542
f 1542/1542/1542 1606/1606/1606 1607/1607/1607
f 1542/1542/1542 1607/1607/1607 1543/1543/1543
f 1543/1543/1543 1607/1607/1607 1608/1608/1608
f 1543/1543/1543 1608/1608/1608 1544/1544/1544
f 1544/1544/1544 1608/1608/1608 1609/1609/1609
f 1544/1544/1544 1609/1609/1609 1545/1545/1545
f 1545/1545/1545 1609/1609/1609 1610/1610/1610
f 1545/1545/1545 1610/1610/1610 1546/1546/1546
f 1546/1546/1546 1610/1610/1610 1611/1611/1611
f 1546/1546/1546 1611/1611/1611 1547/1547/1547
f 1547/1547/1547 1611/1611/1611 1612/1612/1612
f 1547/1547/1547 1612/1612/1612 1548/1548/1548
f 1548/1548/1548 1612/1612/1612 1613/1613/1613
f 1548/1548/1548 1613/1613/1613 1549/1549/1549
f 1549/1549/1549 1613/1613/1613 1614/1614/1614
f 1549/1549/1549 1614/1614/1614 1550/1550/1550
f 1550/1550/1550 1614/1614/1614 1615/1615/1615
f 1550/1550/1550 1615/1615/1615 1551/1551/1551
f 1551/1551/1551 1615/1615/1615 1616/1616/1616
f 1551/1551/1551 1616/1616/1616 1552/1552/1552
f 1552/1552/1552 1616/1616/1616 1617/1617/1617
f 1552/1552/1552 1617/1617/1617 1553/1553/1553
f 1553/1553/1553 1617/1617/1617 1618/1618/1618
f 1553/1553/1553 1618/1618/1618 1554/1554/1554
f 1554/1554/1554 1618/1618/1618 1619/1619/1619
f 1554/1554/1554 1619/1619/1619 1555/1555/1555
f 1555/1555/1555 1619/1619/1619 1620/1620/1620
f 1555/1555/1555 1620/1620/1620 1556/1556/1556
f 1556/1556/1556 1620/1620/1620 1621/1621/1621
f 1556/1556/1556 1621/1621/1621 1557/1557/1557
f 1557/1557/1557 1621/1621/1621 1622/1622/1622
f 1557/1557/1557 1622/1622/1622 1558/1558/1558
f 1558/1558/1558 1622/1622/1622 1623/1623/1623
f 1558/1558/1558 1623/1623/1623 1559/1559/1559
f 1559/1559/1559 1623/1623/1623 1624/1624/1624
f 1559/1559/1559 1624/1624/1624 1560/1560/1560
f 1560/1560/1560 1624/1624/1624 1625/1625/1625
f 1560/1560/1560 1625/1625/1625 1561/1561/1561
f 1561/1561/1561 1625/1625/1625 1626/1626/1626
f 1561/1561/1561 1626/1626/1626 1562/1562/1562
f 1562/1562/1562 1626/1626/1626 1627/1627/1627
f 1562/1562/1562 1627/1627/1627 1563/1563/1563
f 1563/1563/1563 1627/1627/1627 1628/1628/1628
f 1563/1563/1563 1628/1628/1628 1564/1564/1564
f 1564/1564/1564 1628/1628/1628 1629/1629/1629
f 1564/1564/1564 1629/1629/1629 1565/1565/1565
f 1565/1565/1565 1629/1629/1629 1630/1630/1630
f 1565/1565/1565 1630/1630/1630 1566/1566/1566
f 1566/1566/1566 1630/1630/1630 1631/1631/1631
f 1566/1566/1566 1631/1631/1631 1567/1567/1567
f 1567/1567/1567 1631/1631/1631 1632/1632/1632
f 1567/1567/1567 1632/1632/1632 1568/1568/1568
f 1568/1568/1568 1632/1632/1632 1633/1633/1633
f 1568/1568/1568 1633/1633/1633 1569/1569/1569
f 1569/1569/1569 1633/1633/1633 1634/1634/1634
f 1569/1569/1569 1634/1634/1634 1570/1570/1570
f 1570/1570/1570 1634/1634/1634 1635/1635/1635
f 1570/1570/1570 1635/1635/1635 1571/1571/1571
f 1571/1571/1571 1635/1635/1635 1636/1636/1636
f 1571/1571/1571 1636/1636/1636 1572/1572/1572
f 1572/1572/1572 1636/1636/1636 1637/1637/1637
f 1572/1572/1572 1637/1637/1637 1573/1573/1573
f 1573/1573/1573 1637/1637/1637 1638/1638/1638
f 1573/1573/1573 1638/1638/1638 1574/1574/1574
f 1574/1574/1574 1638/1638/1638 1639/1639/1639
f 1574/1574/1574 1639/1639/1639 1575/1575/1575
f 1575/1575/1575 1639/1639/1639 1640/1640/1640
f 1576/1576/1576 1641/1641/1641 1577/1577/1577
f 1577/1577/1577 1641/1641/1641 1642/1642/1642
f 1577/1577/1577 1642/1642/1642 1578/1578/1578
f 1578/1578/1578 1642/1642/1642 1643/1643/1643
f 1578/1578/1578 1643/1643/1643 1579/1579/1579
f 1579/1579/1579 1643/1643/1643 1644/1644/1644
f 1579/1579/1579 1644/1644/1644 1580/1580/1580
f 1580/1580/1580 1644/1644/1644 1645/1645/1645
f 1580/1580/1580 1645/1645/1645 1581/1581/1581
f 1581/1581/1581 1645/1645/1645 1646/1646/1646
f 1581/1581/1581 1646/1646/1646 1582/1582/1582
f 1582/1582/1582 1646/1646/1646 1647/1647/1647
f 1582/1582/1582 1647/1647/1647 1583/1583/1583
f 1583/1583/1583 1647/1647/1647 1648/1648/1648
f 1583/1583/1583 1648/1648/1648 1584/1584/1584
f 1584/1584/1584 1648/1648/1648 1649/1649/1649
f 1584/1584/1584 1649/1649/1649 1585/1585/1585
f 1585/1585/1585 1649/1649/1649 1650/1650/1650
f 1585/1585/1585 1650/1650/1650 1586/1586/1586
f 1586/1586/1586 1650/1650/1650 1651/1651/1651
f 1586/1586/1586 1651/1651/1651 1587/1587/1587
f 1587/1587/1587 1651/1651/1651 1652/1652/1652
f 1587/1587/1587 1652/1652/1652 1588/1588/1588
f 1588/1588/1588 1652/1652/1652 1653/1653/1653
f 1588/1588/1588 1653/1653/1653 1589/1589/1589
f 1589/1589/1589 1653/1653/1653 1654/1654/1654
f 1589/1589/1589 1654/1654/1654 1590/1590/1590
f 1590/1590/1590 1654/1654/1654 1655/1655/1655
f 1590/1590/1590 1655/1655/1655 1591/1591/1591
f 1591/1591/1591 1655/1655/1655 1656/1656/1656
f 1591/1591/1591 1656/1656/1656 1592/1592/1592
f 1592/1592/1592 1656/1656/1656 1657/1657/1657
f 1592/1592/1592 1657/1657/1657 1593/1593/1593
f 1593/1593/1593 1657/1657/1657 1658/1658/1658
f 1593/1593/1593 1658/1658/1658 1594/1594/1594
f 1594/1594/1594 1658/1658/1658 1659/1659/1659
f 1594/1594/1594 1659/1659/1659 1595/1595/1595
f 1595/1595/1595 1659/1659/1659 1660/1660/1660
f 1595/1595/1595 1660/1660/1660 1596/1596/1596
f 1596/1596/1596 1660/1660/1660 1661/1661/1661
f 1596/1596/1596 1661/1661/1661 1597/1597/1597
f 1597/1597/1597 1661/1661/1661 1662/1662/1662
f 1597/1597/1597 1662/1662/1662 1598/1598/1598
f 1598/1598/1598 1662/1662/1662 1663/1663/1663
f 1598/1598/1598 1663/1663/1663 1599/1599/1599
f 1599/1599/1599 1663/1663/1663 1664/1664/1664
f 1599/1599/1599 1664/1664/1664 1600/1600/1600
f 1600/1600/1600 1664/1664/1664 1665/1665/1665
f 1600/1600/1600 1665/1665/1665 1601/1601/1601
f 1601/1601/1601 1665/1665/1665 1666/1666/1666
f 1601/1601/1601 1666/1666/1666 1602/1602/1602
f 1602/1602/1602 1666/1666/1666 1667/1667/1667
f 1602/1602/1602 1667/1667/1667 1603/1603/1603
f 1603/1603/1603 1667/1667/1667 1668/1668/1668
f 1603/1603/1603 1668/1668/1668 1604/1604/1604
f 1604/1604/1604 1668/1668/1668 1669/1669/1669
f 1604/1604/1604 1669/1669/1669 1605/1605/1605
f 1605/1605/1605 1669/1669/1669 1670/1670/1670
f 1605/1605/1605 1670/1670/1670 1606/1606/1606
f 1606/1606/1606 1670/1670/1670 1671/1671/1671
f 1606/1606/1606 1671/1671/1671 1607/1607/1607
f 1607/1607/1607 1671/1671/1671 1672/1672/1672
f 1607/1607/1607 1672/1672/1672 1608/1608/1608
f 1608/1608/1608 1672/1672/1672 1673/1673/1673
f 1608/1608/1608 1673/1673/1673 1609/1609/1609
f 1609/1609/1609 1673/1673/1673 1674/1674/1674
f 1609/1609/1609 1674/1674/1674 1610/1610/1610
f 1610/1610/1610 1674/1674/1674 1675/1675/1675
f 1610/1610/1610 1675/1675/1675 1611/1611/1611
f 1611/1611/1611 1675/1675/1675 1676/1676/1676
f 1611/1611/1611 1676/1676/1676 1612/1612/1612
f 1612/1612/1612 1676/1676/1676 1677/1677/1677
f 1612/1612/1612 1677/1677/1677 1613/1613/1613
f 1613/1613/1613 1677/1677/1677 1678/1678/1678
f 1613/1613/1613 1678/1678/1678 1614/1614/1614
f 1614/1614/1614 1678/1678/1678 1679/1679/1679
f 1614/1614/1614 1679/1679/1679 1615/1615/1615
f 1615/1615/1615 1679/1679/1679 1680/1680/1680
f 1615/1615/1615 1680/1680/1680 1616/1616/1616
f 1616/1616/1616 1680/1680/1680 1681/1681/1681
f 1616/1616/1616 1681/1681/1681 1617/1617/1617
f 1617/1617/1617 1681/1681/1681 1682/1682/1682
f 1617/1617/1617 1682/1682/1682 1618/1618/1618
f 1618/1618/1618 1682/1682/1682 1683/1683/1683
f 1618/1618/1618 1683/1683/1683 1619/1619/1619
f 1619/1619/1619 1683/1683/1683 1684/1684/1684
f 1619/1619/1619 1684/1684/1684 1620/1620/1620
f 1620/1620/1620 1684/1684/1684 1685/1685/1685
f 1620/1620/1620 1685/1685/1685 1621/1621/1621
f 1621/1621/1621 1685/1685/1685 1686/1686/1686
f 1621/1621/1621 1686/1686/1686 1622/1622/1622
f 1622/1622/1622 1686/1686/1686 1687/1687/1687
f 1622/1622/1622 1687/1687/1687 1623/1623/1623
f 1623/1623/1623 1687/1687/1687 1688/1688/1688
f 1623/1623/1623 1688/1688/1688 1624/1624/1624
f 1624/1624/1624 1688/1688/1688 1689/1689/1689
f 1624/1624/1624 1689/1689/1689 1625/1625/1625
f 1625/1625/1625 1689/1689/1689 1690/1690/1690
f 1625/1625/1625 1690/1690/1690 1626/1626/1626
f 1626/1626/1626 1690/1690/1690 1691/1691/1691
f 1626/1626/1626 1691/1691/1691 1627/1627/1627
f 1627/1627/1627 1691/1691/1691 1692/1692/1692
f 1627/1627/1627 1692/1692/1692 1628/1628/1628
f 1628/1628/1628 1692/1692/1692 1693/1693/1693
f 1628/1628/1628 1693/1693/1693 1629/1629/1629
f 1629/1629/1629 1693/1693/1693 1694/1694/1694
f 1629/1629/1629 1694/1694/1694 1630/1630/1630
f 1630/1630/1630 1694/1694/1694 1695/1695/1695
f 1630/1630/1630 1695/1695/1695 1631/1631/1631
f 1631/1631/1631 1695/1695/1695 1696/1696/1696
f 1631/1631/1631 1696/1696/1696 1632/1632/1632
f 1632/1632/1632 1696/1696/1696 1697/1697/1697
f 1632/1632/1632 1697/1697/1697 1633/1633/1633
f 1633/1633/1633 1697/1697/1697 1698/1698/1698
f 1633/1633/1633 1698/1698/1698 1634/1634/1634
f 1634/1634/1634 1698/1698/1698 1699/1699/1699
f 1634/1634/1634 1699/1699/1699 1635/1635/1635
f 1635/1635/1635 1699/1699/1699 1700/1700/1700
f 1635/1635/1635 1700/1700/1700 1636/1636/1636
f 1636/1636/1636 1700/1700/1700 1701/1701/1701
f 1636/1636/1636 1701/1701/1701 1637/1637/1637
f 1637/1637/1637 1701/1701/1701 1702/1702/1702
f 1637/1637/1637 1702/1702/1702 1638/1638/1638
f 1638/1638/1638 1702/1702/1702 1703/1703/1703
f 1638/1638/1638 1703/1703/1703 1639/1639/1639
f 1639/1639/1639 1703/1703/1703 1704/1704/1704
f 1639/1639/1639 1704/1704/1704 1640/1640/1640
f 1640/1640/1640 1704/1704/1704 1705/1705/1705
f 1641/1641/1641 1706/1706/1706 1642/1642/1642
f 1642/1642/1642 1706/1706/1706 1707/1707/1707
f 1642/1642/1642 1707/1707/1707 1643/1643/1643
f 1643/1643/1643 1707/1707/1707 1708/1708/1708
f 1643/1643/1643 1708/1708/1708 1644/1644/1644
f 1644/1644/1644 1708/1708/1708 1709/1709/1709
f 1644/1644/1644 1709/1709/1709 1645/1645/1645
f 1645/1645/1645 1709/1709/1709 1710/1710/1710
f 1645/1645/1645 1710/1710/1710 1646/1646/1646
f 1646/1646/1646 1710/1710/1710 1711/1711/1711
f 1646/1646/1646 1711/1711/1711 1647/1647/1647
f 1647/1647/1647 1711/1711/1711 1712/1712/1712
f 1647/1647/1647 1712/1712/1712 1648/1648/1648
f 1648/1648/1648 1712/1712/1712 1713/1713/1713
f 1648/1648/1648 1713/1713/1713 1649/1649/1649
f 1649/1649/1649 1713/1713/1713 1714/1714/1714
f 1649/1649/1649 1714/1714/1714 1650/1650/1650
f 1650/1650/1650 1714/1714/1714 1715/1715/1715
f 1650/1650/1650 1715/1715/1715 1651/1651/1651
f 1651/1651/1651 1715/1715/1715 1716/1716/1716
f 1651/1651/1651 1716/1716/1716 1652/1652/1652
f 1652/1652/1652 1716/1716/1716 1717/1717/1717
f 1652/1652/1652 1717/1717/1717 1653/1653/1653
f 1653/1653/1653 1717/1717/1717 1718/1718/1718
f 1653/1653/1653 1718/1718/1718 1654/1654/1654
f 1654/1654/1654 1718/1718/1718 1719/1719/1719
f 1654/1654/1654 1719/1719/1719 1655/1655/1655
f 1655/1655/1655 1719/1719/1719 1720/1720/1720
f 1655/1655/1655 1720/1720/1720 1656/1656/1656
f 1656/1656/1656 1720/1720/1720 1721/1721/1721
f 1656/1656/1656 1721/1721/1721 1657/1657/1657
f 1657/1657/1657 1721/1721/1721 1722/1722/1722
f 1657/1657/1657 1722/1722/1722 1658/1658/1658
f 1658/1658/1658 1722/1722/1722 1723/1723/1723
f 1658/1658/1658 1723/1723/1723 1659/1659/1659
f 1659/1659/1659 1723/1723/1723 1724/1724/1724
f 1659/1659/1659 1724/1724/1724 1660/1660/1660
f 1660/1660/1660 1724/1724/1724 1725/1725/1725
f 1660/1660/1660 1725/1725/1725 1661/1661/1661
f 1661/1661/1661 1725/1725/1725 1726/1726/1726
f 1661/1661/1661 1726/1726/1726 1662/1662/1662
f 1662/1662/1662 1726/1726/1726 1727/1727/1727
f 1662/1662/1662 1727/1727/1727 1663/1663/1663
f 1663/1663/1663 1727/1727/1727 1728/1728/1728
f 1663/1663/1663 1728/1728/1728 1664/1664/1664
f 1664/1664/1664 1728/1728/1728 1729/1729/1729
f 1664/1664/1664 1729/1729/1729 1665/1665/1665
f 1665/1665/1665 1729/1729/1729 1730/1730/1730
f 1665/1665/1665 1730/1730/1730 1666/1666/1666
f 1666/1666/1666 1730/1730/1730 1731/1731/1731
f 1666/1666/1666 1731/1731/1731 1667/1667/1667
f 1667/1667/1667 1731/1731/1731 1732/1732/1732
f 1667/1667/1667 1732/1732/1732 1668/1668/1668
f 1668/1668/1668 1732/1732/1732 1733/1733/1733
f 1668/1668/1668 1733/1733/1733 1669/1669/1669
f 1669/1669/1669 1733/1733/1733 1734/1734/1734
f 1669/1669/1669 1734/1734/1734 1670/1670/1670
f 1670/1670/1670 1734/1734/1734 1735/1735/1735
f 1670/1670/1670 1735/1735/1735 1671/1671/1671
f 1671/1671/1671 1735/1735/1735 1736/1736/1736
f 1671/1671/1671 1736/1736/1736 1672/1672/1672
f 1672/1672/1672 1736/1736/1736 1737/1737/1737
f 1672/1672/1672 1737/1737/1737 1673/1673/1673
f 1673/1673/1673 1737/1737/1737 1738/1738/1738
f 1673/1673/1673 1738/1738/1738 1674/1674/1674
f 1674/1674/1674 1738/1738/1738 1739/1739/1739
f 1674/1674/1674 1739/1739/1739 1675/1675/1675
f 1675/1675/1675 1739/1739/1739 1740/1740/1740
f 1675/1675/1675 1740/1740/1740 1676/1676/1676
f 1676/1676/1676 1740/1740/1740 1741/1741/1741
f 1676/1676/1676 1741/1741/1741 1677/1677/1677
f 1677/1677/1677 1741/1741/1741 1742/1742/1742
f 1677/1677/1677 1742/1742/1742 1678/1678/1678
f 1678/1678/1678 1742/1742/1742 1743/1743/1743
f 1678/1678/1678 1743/1743/1743 1679/1679/1679
f 1679/1679/1679 1743/1743/1743 1744/1744/1744
f 1679/1679/1679 1744/1744/1744 1680/1680/1680
f 1680/1680/1680 1744/1744/1744 1745/1745/1745
f 1680/1680/1680 1745/1745/1745 1681/1681/1681
f 1681/1681/1681 1745/1745/1745 1746/1746/1746
f 1681/1681/1681 1746/1746/1746 1682/1682/1682
f 1682/1682/1682 1746/1746/1746 1747/1747/1747
f 1682/1682/1682 1747/1747/1747 1683/1683/1683
f 1683/1683/1683 1747/1747/1747 1748/1748/1748
f 1683/1683/1683 1748/1748/1748 1684/1684/1684
f 1684/1684/1684 1748/1748/1748 1749/1749/1749
f 1684/1684/1684 1749/1749/1749 1685/1685/1685
f 1685/1685/1685 1749/1749/1749 1750/1750/1750
f 1685/1685/1685 1750/1750/1750 1686/1686/1686
f 1686/1686/1686 1750/1750/1750 1751/1751/1751
f 1686/1686/1686 1751/1751/1751 1687/1687/1687
f 1687/1687/1687 1751/1751/1751 1752/1752/1752
f 1687/1687/1687 1752/1752/1752 1688/1688/1688
f 1688/1688/1688 1752/1752/1752 1753/1753/1753
f 1688/1688/1688 1753/1753/1753 1689/1689/1689
f 1689/1689/1689 1753/1753/1753 1754/1754/1754
f 1689/1689/1689 1754/1754/1754 1690/1690/1690
f 1690/1690/1690 1754/1754/1754 1755/1755/1755
f 1690/1690/1690 1755/1755/1755 1691/1691/1691
f 1691/1691/1691 1755/1755/1755 1756/1756/1756
f 1691/1691/1691 1756/1756/1756 1692/1692/1692
f 1692/1692/1692 1756/1756/1756 1757/1757/1757
f 1692/1692/1692 1757/1757/1757 1693/1693/1693
f 1693/1693/1693 1757/1757/1757 1758/1758/1758
f 1693/1693/1693 1758/1758/1758 1694/1694/1694
f 1694/1694/1694 1758/1758/1758 1759/1759/1759
f 1694/1694/1694 1759/1759/1759 1695/1695/1695
f 1695/1695/1695 1759/1759/1759 1760/1760/1760
f 1695/1695/1695 1760/1760/1760 1696/1696/1696
f 1696/1696/1696 1760/1760/1760 1761/1761/1761
f 1696/1696/1696 1761/1761/1761 1697/1697/1697
f 1697/1697/1697 1761/1761/1761 1762/1762/1762
f 1697/1697/1697 1762/1762/1762 1698/1698/1698
f 1698/1698/1698 1762/1762/1762 1763/1763/1763
f 1698/1698/1698 1763/1763/1763 1699/1699/1699
f 1699/1699/1699 1763/1763/1763 1764/1764/1764
f 1699/1699/1699 1764/1764/1764 1700/1700/1700
f 1700/1700/1700 1764/1764/1764 1765/1765/1765
f 1700/1700/1700 1765/1765/1765 1701/1701/1701
f 1701/1701/1701 1765/1765/1765 1766/1766/1766
f 1701/1701/1701 1766/1766/1766 1702/1702/1702
f 1702/1702/1702 1766/1766/1766 1767/1767/1767
f 1702/1702/1702 1767/1767/1767 1703/1703/1703
f 1703/1703/1703 1767/1767/1767 1768/1768/1768
f 1703/1703/1703 1768/1768/1768 1704/1704/1704
f 1704/1704/1704 1768/1768/1768 1769/1769/1769
f 1704/1704/1704 1769/1769/1769 1705/1705/1705
f 1705/1705/1705 1769/1769/1769 1770/1770/1770
o alien-shard_part_2
usemtl part_2
v 0.216 -0.54 0
v 0.1296 0.54 0
v 0.1527351 -0.54 0.1527351
v 0.09164104 0.54 0.09164104
v -9.441661e-09 -0.54 0.216
v -5.664996e-09 0.54 0.1296
v -0.1527351 -0.54 0.1527351
v -0.09164104 0.54 0.09164104
v -0.216 -0.54 -1.888332e-08
v -0.1296 0.54 -1.132999e-08
v -0.152735 -0.54 -0.1527351
v -0.09164102 0.54 -0.09164105
v 2.575774e-09 -0.54 -0.216
v 1.545465e-09 0.54 -0.1296
v 0.1527351 -0.54 -0.152735
v 0.09164107 0.54 -0.09164101
v 0.216 -0.54 3.776664e-08
v 0.1296 0.54 2.265998e-08
vt 0 0
vt 1 0
vt 0 0.125
vt 1 0.125
vt 0 0.25
vt 1 0.25
vt 0 0.375
vt 1 0.375
vt 0 0.5
vt 1 0.5
vt 0 0.625
vt 1 0.625
vt 0 0.75
vt 1 0.75
vt 0 0.875
vt 1 0.875
vt 0 1
vt 1 1
vn 1 0 0
vn 1 0 0
vn 0.7071068 0 0.7071068
vn 0.7071232 0 0.7070903
vn 0 0 1
vn 0 0 1
vn -0.7071068 0 0.7071068
vn -0.7071068 0 0.7071068
vn -1 0 0
vn -1 0 0
vn -0.7071068 0 -0.7071068
vn -0.7071068 0 -0.7071068
vn 0 0 -1
vn 0 0 -1
vn 0.7071266 0 -0.707087
vn 0.7071068 0 -0.7071068
vn 1 0 0
vn 1 0 0
f 1771/1771/1771 1772/1772/1772 1773/1773/1773
f 1772/1772/1772 1774/1774/1774 1773/1773/1773
f 1773/1773/1773 1774/1774/1774 1775/1775/1775
f 1774/1774/1774 1776/1776/1776 1775/1775/1775
f 1775/1775/1775 1776/1776/1776 1777/1777/1777
f 1776/1776/1776 1778/1778/1778 1777/1777/1777
f 1777/1777/1777 1778/1778/1778 1779/1779/1779
f 1778/1778/1778 1780/1780/1780 1779/1779/1779
f 1779/1779/1779 1780/1780/1780 1781/1781/1781
f 1780/1780/1780 1782/1782/1782 1781/1781/1781
f 1781/1781/1781 1782/1782/1782 1783/1783/1783
f 1782/1782/1782 1784/1784/1784 1783/1783/1783
f 1783/1783/1783 1784/1784/1784 1785/1785/1785
f 1784/1784/1784 1786/1786/1786 1785/1785/1785
f 1785/1785/1785 1786/1786/1786 1787/1787/1787
f 1786/1786/1786 1788/1788/1788 1787/1787/1787
